plot-name,time,median,low,high
mlp_V0-fosls,0.5442295074462891,0.37800454580433074,0.32981424110217605,0.5028622183866779
mlp_V0-fosls,0.7438849333647612,0.3229311072866479,0.28602824037315455,0.4221981707303801
mlp_V0-fosls,0.9435403592832334,0.2569028129209113,0.23384559914533065,0.32140840122189895
mlp_V0-fosls,1.1431957852017056,0.19275985131598627,0.17704093970353976,0.21910690051267126
mlp_V0-fosls,1.3428512111201778,0.17001571804450705,0.14941360092585912,0.19555439964578034
mlp_V0-fosls,1.54250663703865,0.14449025383183856,0.11534883593756534,0.16874600021740818
mlp_V0-fosls,1.7421620629571222,0.12286587177060715,0.09070043503304762,0.1457453729289703
mlp_V0-fosls,1.9418174888755944,0.10584525489661868,0.08068622832584144,0.1279173502683442
mlp_V0-fosls,2.1414729147940665,0.08708678517032489,0.06923847173151314,0.10716334853458007
mlp_V0-fosls,2.3411283407125385,0.07666710677538718,0.06255134743258925,0.09488016831719567
mlp_V0-fosls,2.540783766631011,0.06822916190613007,0.05490893559599843,0.0848084293516093
mlp_V0-fosls,2.7404391925494833,0.058985001162140435,0.044427734176916076,0.07368131938707183
mlp_V0-fosls,2.9400946184679553,0.054424984979111274,0.04075306874793206,0.06858365145590622
mlp_V0-fosls,3.1397500443864272,0.04944437171651236,0.03671241834383342,0.06307533327245105
mlp_V0-fosls,3.3394054703048996,0.04490458698019256,0.033062571691461325,0.05789065998471509
mlp_V0-fosls,3.539060896223372,0.04201777525743073,0.03095713760421252,0.054292739890672015
mlp_V0-fosls,3.738716322141844,0.038917150471217576,0.028697649562974287,0.050438821320550754
mlp_V0-fosls,3.938371748060316,0.03647955684830705,0.02709578481896885,0.047368199578590175
mlp_V0-fosls,4.138027173978788,0.034033312005016705,0.025997519966605397,0.04496522376780816
mlp_V0-fosls,4.337682599897261,0.031214697541578226,0.02485076525727587,0.042426364040074986
mlp_V0-fosls,4.537338025815733,0.030184184505113974,0.023434701732428943,0.04035628618482296
mlp_V0-fosls,4.736993451734205,0.029142612366645625,0.021996599651089525,0.03830734399927492
mlp_V0-fosls,4.936648877652678,0.027427323476592734,0.020533357583903872,0.03620416448410559
mlp_V0-fosls,5.1363043035711495,0.026195531979305593,0.01938615680229304,0.034584735659812335
mlp_V0-fosls,5.3359597294896215,0.024527573334211163,0.01816665564868016,0.03288565576852645
mlp_V0-fosls,5.5356151554080935,0.022554734889329138,0.017222204880739774,0.03129957530568942
mlp_V0-fosls,5.735270581326565,0.021393892407897123,0.01672224799792124,0.030015551325195636
mlp_V0-fosls,5.934926007245038,0.020166315041471285,0.0162068755549546,0.028674086356750478
mlp_V0-fosls,6.13458143316351,0.019214735072230628,0.015521549917036423,0.027118402602546186
mlp_V0-fosls,6.334236859081982,0.018432013429518966,0.014734988481910297,0.025369994373899987
mlp_V0-fosls,6.533892285000455,0.01761406948310227,0.013904001556998068,0.023491817072113643
mlp_V0-fosls,6.733547710918927,0.017259138286981744,0.012890810969558726,0.022262446484842123
mlp_V0-fosls,6.933203136837399,0.01692897885488144,0.011786412760603951,0.021076897477624923
mlp_V0-fosls,7.132858562755871,0.01632092321075231,0.010761458259958499,0.01989782207372322
mlp_V0-fosls,7.332513988674343,0.015932079339613364,0.010287709753300346,0.019138934828253563
mlp_V0-fosls,7.532169414592816,0.01543227564301787,0.009791065317700269,0.01834868740380977
mlp_V0-fosls,7.731824840511288,0.014926490891081435,0.00940925964558188,0.01755243381962885
mlp_V0-fosls,7.93148026642976,0.01434363181165001,0.00915082109744964,0.016763945659578127
mlp_V0-fosls,8.131135692348233,0.013451325745324132,0.008884868397285535,0.015936493188971217
mlp_V0-fosls,8.330791118266704,0.01282875333815022,0.008637431252608909,0.015343400040827253
mlp_V0-fosls,8.530446544185176,0.012482012906533339,0.008390410592097521,0.01486982126943987
mlp_V0-fosls,8.730101970103648,0.012127221759638405,0.008140192790756517,0.014380655213074089
mlp_V0-fosls,8.92975739602212,0.011928590347255855,0.007964480853747052,0.013940681501162693
mlp_V0-fosls,9.129412821940592,0.011711391249274453,0.007784803906889522,0.013594317624665118
mlp_V0-fosls,9.329068247859066,0.011453420912962597,0.0077575512695653,0.013925474285422632
mlp_V0-fosls,9.528723673777538,0.011241964762878384,0.008052660374015148,0.015887094296137067
mlp_V0-fosls,9.72837909969601,0.010895344159951777,0.008337330298035057,0.01763180921728496
mlp_V0-fosls,9.928034525614482,0.010801324025060077,0.008153139237556464,0.01753090407892026
mlp_V0-fosls,10.127689951532954,0.010683326474544067,0.0076231272669869815,0.015002179604517225
mlp_V0-fosls,10.327345377451426,0.010137881504857827,0.007053400543736194,0.011979895875565706
mlp_V0-fosls,10.527000803369898,0.010004338746003125,0.007159970744598502,0.013378298477126512
mlp_V0-fosls,10.72665622928837,0.009895660537722839,0.00737356717467009,0.015495330926488344
mlp_V0-fosls,10.926311655206842,0.00968179640786006,0.007499600811608167,0.01735602750918789
mlp_V0-fosls,11.125967081125316,0.00956087869286747,0.007071995575550446,0.015280825114323434
mlp_V0-fosls,11.325622507043787,0.009386346203264716,0.006616814226479108,0.012796352349015909
mlp_V0-fosls,11.52527793296226,0.009092995424401406,0.006508359886704517,0.010529936165582282
mlp_V0-fosls,11.724933358880731,0.009440510437865472,0.006933621903803911,0.010440967174299631
mlp_V0-fosls,11.924588784799203,0.0097757731977668,0.007334267311392074,0.010498187187680003
mlp_V0-fosls,12.124244210717675,0.009669549023149444,0.0074583873749189105,0.010533380015498655
mlp_V0-fosls,12.323899636636147,0.009174174728133509,0.007454748781151826,0.011035874277923562
mlp_V0-fosls,12.523555062554621,0.00864703459526675,0.0074511084105533905,0.011539444964573516
mlp_V0-fosls,12.723210488473093,0.009033037905479865,0.006883570498973292,0.011269740543519317
mlp_V0-fosls,12.922865914391565,0.008999635171581088,0.006223862225724712,0.010829373953932938
mlp_V0-fosls,13.122521340310037,0.008792366736340661,0.00564287876508124,0.0112265290946555
mlp_V0-fosls,13.322176766228509,0.00854379633448657,0.005619138723022959,0.010287500381760344
mlp_V0-fosls,13.52183219214698,0.008157811521430327,0.005595297956297539,0.01006575819249417
mlp_V0-fosls,13.721487618065453,0.007936536017584655,0.005548315088446154,0.00978712179615092
mlp_V0-fosls,13.921143043983925,0.007998978100078663,0.005475439079103715,0.010053136646421958
mlp_V0-fosls,14.120798469902397,0.008168460526974527,0.005401579944541507,0.011344297670757782
mlp_V0-fosls,14.32045389582087,0.008175012466996295,0.005329051535803837,0.01114382981809989
mlp_V0-fosls,14.520109321739342,0.008057989163348524,0.005256327671620059,0.01035732856004614
mlp_V0-fosls,14.719764747657814,0.00752540524230967,0.005183439699040688,0.01132042345907602
mlp_V0-fosls,14.919420173576286,0.007550787307537873,0.0051566440586311765,0.012041342931174249
mlp_V0-fosls,15.119075599494758,0.007395628372982244,0.005129708449925922,0.01267984825569618
mlp_V0-fosls,15.31873102541323,0.007162037523650114,0.005094990871568613,0.013174817505943124
mlp_V0-fosls,15.518386451331702,0.007248647002256011,0.00504100186969468,0.011605347160950016
mlp_V0-fosls,15.718041877250176,0.007307083337765754,0.004986428352955953,0.010834254184310574
mlp_V0-fosls,15.917697303168648,0.00707043274408722,0.005074953878518827,0.011164725307723344
mlp_V0-fosls,16.11735272908712,0.00696452759718291,0.005270914364193984,0.010068158520031468
mlp_V0-fosls,16.317008155005592,0.006856973845526487,0.005459846115069513,0.008836545748879838
mlp_V0-fosls,16.516663580924064,0.006868957170815665,0.005368379564503828,0.008621929563258905
mlp_V0-fosls,16.716319006842536,0.006715924026769403,0.005216205364058024,0.009266696784729586
mlp_V0-fosls,16.915974432761008,0.0066722389543785055,0.005067271971702114,0.010396802438961995
mlp_V0-fosls,17.11562985867948,0.006622136292279392,0.004985631703720457,0.009630939041794923
mlp_V0-fosls,17.31528528459795,0.006676787357473198,0.004902632123164785,0.010527289043298194
mlp_V0-fosls,17.514940710516424,0.0065733003943669295,0.0048016389495969605,0.01144875603847176
mlp_V0-fosls,17.714596136434896,0.0066646662833983695,0.0046695883367101725,0.010475126380410447
mlp_V0-fosls,17.914251562353368,0.006556238386432694,0.004533693181766136,0.009401198356736135
mlp_V0-fosls,18.113906988271843,0.006496270123412451,0.005062210808959391,0.008492234467228738
mlp_V0-fosls,18.313562414190315,0.006684010605694521,0.005771664891500974,0.008043964887819282
mlp_V0-fosls,18.513217840108787,0.006598134398715023,0.005307864595429063,0.008347544152119588
mlp_V0-fosls,18.71287326602726,0.0064249284681580565,0.00510086256146299,0.007797388950982803
mlp_V0-fosls,18.91252869194573,0.006515381343860371,0.005014673132091235,0.007277225569305361
mlp_V0-fosls,19.112184117864203,0.006129993683535086,0.004581518988759271,0.007210614121366936
mlp_V0-fosls,19.311839543782675,0.006065868104933583,0.004807132328984942,0.007387416165531664
mlp_V0-fosls,19.511494969701147,0.005975139844876535,0.005022621448246185,0.007589314517243388
mlp_V0-fosls,19.71115039561962,0.005921384113629934,0.00504363237140761,0.007917041346505515
mlp_V0-fosls,19.91080582153809,0.005903878854639963,0.0048320757774243895,0.00890816912801226
mlp_V0-fosls,20.110461247456563,0.005801045435916464,0.004610822609863915,0.009799561762867946
mlp_V0-fosls,20.310116673375035,0.005892934608281943,0.004910585447119453,0.009837632160028396
mlp_V0-fosls,20.509772099293507,0.005846375723091434,0.0053723863049945685,0.008652843038004917
mlp_V0-fosls,20.70942752521198,0.006034055651859872,0.0054299134607943235,0.00749011393365376
mlp_V0-fosls,20.90908295113045,0.0059257540462124255,0.0052411697557217625,0.006893940298399897
mlp_V0-fosls,21.108738377048923,0.005761941325858534,0.004609886726040697,0.006673080539696361
mlp_V0-fosls,21.308393802967394,0.0056098799069143595,0.004071056147324553,0.006613946173179189
mlp_V0-fosls,21.50804922888587,0.005978955283747474,0.004024239537917892,0.006693021030547061
mlp_V0-fosls,21.707704654804342,0.005976748189117737,0.003976871831278222,0.007572373182640742
mlp_V0-fosls,21.907360080722814,0.006174495494339197,0.003974669680415229,0.008195109547023393
mlp_V0-fosls,22.107015506641286,0.006407317686618925,0.0040118567092951,0.00736236765096355
mlp_V0-fosls,22.306670932559758,0.0057844159334702674,0.00404870219248343,0.00741798107295695
mlp_V0-fosls,22.50632635847823,0.005858521040503419,0.003997127674657074,0.007389106035140831
mlp_V0-fosls,22.705981784396702,0.00586350390726229,0.003923056937497501,0.007024729968304592
mlp_V0-fosls,22.905637210315174,0.005879048546568579,0.0038541687228676193,0.007536893619803622
mlp_V0-fosls,23.105292636233646,0.005828369181345107,0.0038651192253611843,0.0068055521891032525
mlp_V0-fosls,23.304948062152118,0.005743815906782988,0.0038760387908510752,0.006667316015962299
mlp_V0-fosls,23.50460348807059,0.005411215922629565,0.003899536382000177,0.006745898453243717
mlp_V0-fosls,23.70425891398906,0.005497214916185999,0.003946466764933526,0.006604265848681049
mlp_V0-fosls,23.903914339907534,0.00554060440148023,0.003992845584155085,0.006455948385478255
mlp_V0-fosls,24.103569765826006,0.005596964779767033,0.00398694016589636,0.0063703714311269385
mlp_V0-fosls,24.303225191744477,0.005704779286006494,0.00394844646478583,0.006483971062350985
mlp_V0-fosls,24.502880617662953,0.0056673966947593316,0.003909573772692075,0.006627571365655662
mlp_V0-fosls,24.702536043581425,0.005503408205028546,0.003846295470036292,0.006556651071316978
mlp_V0-fosls,24.902191469499897,0.005366842529077445,0.0037788404440020594,0.006369511867393282
mlp_V0-fosls,25.10184689541837,0.005105998104755851,0.0038238426802528177,0.006176705399055846
mlp_V0-fosls,25.30150232133684,0.0055545873638923925,0.004403734528566573,0.006234972349311196
mlp_V0-fosls,25.501157747255313,0.0056953892095127755,0.0043134522006036975,0.007006960696515699
mlp_V0-fosls,25.700813173173785,0.005879145729015286,0.004241813376378484,0.007225559873281073
mlp_V0-fosls,25.900468599092257,0.0056154320629511305,0.004317118040742275,0.008913044558265474
mlp_V0-fosls,26.10012402501073,0.005326199034253987,0.0038109194309240433,0.011057189946833211
mlp_V0-fosls,26.2997794509292,0.004988961273003486,0.0036164063705401883,0.011557907250547768
mlp_V0-fosls,26.499434876847673,0.005077377328259479,0.003644176244418869,0.009514344609565486
mlp_V0-fosls,26.699090302766145,0.005064995181893123,0.0036717360967109232,0.006889142667042899
mlp_V0-fosls,26.898745728684617,0.005022417229117721,0.003649768513722624,0.006461824314986008
mlp_V0-fosls,27.09840115460309,0.005066941361317561,0.003626033003159953,0.0062351685909237285
mlp_V0-fosls,27.29805658052156,0.00516177347222888,0.003609002325751184,0.006538730167831005
mlp_V0-fosls,27.497712006440032,0.005118309914420138,0.0036137765285239793,0.006544380217655508
mlp_V0-fosls,27.697367432358504,0.004817926808993947,0.003618544432357325,0.006428967997920743
mlp_V0-fosls,27.89702285827698,0.004728039015067336,0.003583783841148631,0.006311445682515008
mlp_V0-fosls,28.096678284195452,0.004947664795165681,0.003509835823295141,0.005810501566405051
mlp_V0-fosls,28.296333710113924,0.004908947712866244,0.0034342959093377093,0.006053361003398802
mlp_V0-fosls,28.495989136032396,0.004827096729236559,0.0034463230724729134,0.005854370155885338
mlp_V0-fosls,28.695644561950868,0.004917992707209166,0.003483104566755381,0.005771840517557659
mlp_V0-fosls,28.89529998786934,0.004817375400709978,0.003532859915216264,0.0057933631490643895
mlp_V0-fosls,29.09495541378781,0.004889098826704989,0.0038304129312029807,0.005731763579492414
mlp_V0-fosls,29.294610839706284,0.004867325927234874,0.004106461648002104,0.006367574925603376
mlp_V0-fosls,29.494266265624756,0.0047169389101144096,0.004185202572746175,0.006989464985861371
mlp_V0-fosls,29.693921691543228,0.004712371536584107,0.00392972735313402,0.006726144855269858
mlp_V0-fosls,29.8935771174617,0.00471163496857716,0.0036381204225681657,0.00618490097156821
mlp_V0-fosls,30.09323254338017,0.004658339242497911,0.00356269164619511,0.005625986706955555
mlp_V0-fosls,30.292887969298643,0.004557247748078695,0.00364768896105848,0.005868725859447434
mlp_V0-fosls,30.492543395217115,0.004550550840287698,0.003730750292821453,0.0061018161230779015
mlp_V0-fosls,30.692198821135587,0.004537603953117024,0.0035874688454836717,0.006094561078818561
mlp_V0-fosls,30.891854247054063,0.004522713440376,0.0033987786218142965,0.005506946800765417
mlp_V0-fosls,31.091509672972535,0.004612743253965289,0.0032270715404238578,0.005302238660195116
mlp_V0-fosls,31.291165098891007,0.004578419176258652,0.003236946720290591,0.005298216540344988
mlp_V0-fosls,31.49082052480948,0.0046722770819143345,0.003246791864746864,0.005300023421024089
mlp_V0-fosls,31.69047595072795,0.004655712118624367,0.0033019765709607317,0.005372509901649814
mlp_V0-fosls,31.890131376646423,0.004690941609868351,0.003421953827726484,0.005313952523444203
mlp_V0-fosls,32.089786802564895,0.004588366837340381,0.0035378647123668074,0.0056035608271343814
mlp_V0-fosls,32.28944222848337,0.004649390476992203,0.003543904681767887,0.005958480260076644
mlp_V0-fosls,32.48909765440184,0.004678730957146379,0.0034967039660524727,0.006415165863897542
mlp_V0-fosls,32.68875308032031,0.004505409325419771,0.00344885732655873,0.007268094201705488
mlp_V0-fosls,32.88840850623878,0.004612213518203177,0.003888245958825357,0.007361877321863098
mlp_V0-fosls,33.088063932157254,0.004685965453525164,0.0038729255997720655,0.006473241754410537
mlp_V0-fosls,33.28771935807573,0.004783555122169325,0.0038575443959101632,0.0065231900544591645
mlp_V0-fosls,33.4873747839942,0.0046599544508806896,0.0038628021138734127,0.005927951579354587
mlp_V0-fosls,33.68703020991267,0.0044982623449618415,0.0038736417250290573,0.005196856817168118
mlp_V0-fosls,33.88668563583114,0.004330551257352772,0.0031540650929526124,0.0051866078045196985
mlp_V0-fosls,34.086341061749614,0.004342559271096757,0.003201547081177736,0.005115535136311926
mlp_V0-fosls,34.285996487668086,0.004293370996333508,0.0032483350836102465,0.005118007719343521
mlp_V0-fosls,34.48565191358656,0.004459218743114885,0.0032547067949830954,0.005159200465574921
mlp_V0-fosls,34.68530733950503,0.00460055955588305,0.0032478285607827786,0.005337672499661009
mlp_V0-fosls,34.8849627654235,0.004591863260885277,0.0032450732304282683,0.005613601615596946
mlp_V0-fosls,35.084618191341974,0.004656459448447994,0.0034388607502697584,0.005512470194739427
mlp_V0-fosls,35.284273617260446,0.00454514501420334,0.0036222957152404903,0.005327856744171353
mlp_V0-fosls,35.48392904317892,0.004495960541297218,0.003677918693979129,0.005265539489085783
mlp_V0-fosls,35.6835844690974,0.0044432047011308895,0.0034269724043188192,0.005258222130146755
mlp_V0-fosls,35.88323989501587,0.004399606387312335,0.003156135897011461,0.005337733080674359
mlp_V0-fosls,36.08289532093434,0.0044193411434745675,0.003057167942993811,0.005355048228296941
mlp_V0-fosls,36.28255074685281,0.004600523550055502,0.003106649213610935,0.005084881160407867
mlp_V0-fosls,36.482206172771285,0.004349345203502379,0.003155354630020193,0.005370390137239411
mlp_V0-fosls,36.68186159868976,0.004413676465795232,0.0031366243992656017,0.005208434157227651
mlp_V0-fosls,36.88151702460823,0.004425013262668383,0.0031038765443927047,0.0054575002825710366
mlp_V0-fosls,37.0811724505267,0.004286650103978269,0.0030762236623638876,0.00608471487668878
mlp_V0-fosls,37.28082787644517,0.0042291250116116876,0.0030973404408744165,0.005661167837743835
mlp_V0-fosls,37.480483302363645,0.00428984376323762,0.0031183142228557986,0.00539731882304857
mlp_V0-fosls,37.68013872828212,0.004234517154951831,0.0031214326629380174,0.005768136891811306
mlp_V0-fosls,37.87979415420059,0.00423626236702234,0.0030942673671007967,0.005576034168638301
mlp_V0-fosls,38.07944958011906,0.004011006100220919,0.0030668614590413884,0.005211708504225728
mlp_V0-fosls,38.27910500603753,0.003955831792826969,0.0030355718533824675,0.004839989045782239
mlp_V0-fosls,38.478760431956005,0.0040726434283649415,0.0030019025334793096,0.004871019021417078
mlp_V0-fosls,38.67841585787448,0.004127846283634495,0.002967851270527404,0.0049018525733361155
mlp_V0-fosls,38.87807128379295,0.004188219660757225,0.003020012632512287,0.004905894445118765
mlp_V0-fosls,39.07772670971142,0.00415667514166566,0.0030793420618756163,0.0048382678241005676
mlp_V0-fosls,39.27738213562989,0.004203664455188227,0.003112403459636039,0.00477239231885042
mlp_V0-fosls,39.477037561548364,0.00417549907075049,0.0030315867788322454,0.004765653416864763
mlp_V0-fosls,39.676692987466836,0.004137738616918464,0.0029485558328826936,0.004803643670665205
mlp_V0-fosls,39.87634841338531,0.004109771794579942,0.0029332968300523174,0.004841335821833575
mlp_V0-fosls,40.07600383930378,0.004142752311329226,0.0030008363596504095,0.011895242949355027
mlp_V0-fosls,40.27565926522225,0.004065697618008218,0.0030668888831525782,0.016607755078167943
mlp_V0-fosls,40.475314691140724,0.0040425096343903386,0.0030323474957203475,0.018903329883613835
mlp_V0-fosls,40.674970117059196,0.004152858843569517,0.0029583029995543645,0.0149142653130888
mlp_V0-fosls,40.87462554297767,0.004213514945380945,0.002882357011118372,0.009356000158704556
mlp_V0-fosls,41.07428096889614,0.004027748337139922,0.002877997038605447,0.0047642169210368665
mlp_V0-fosls,41.27393639481461,0.004026513228012163,0.0028739690539462156,0.0049211452949345725
mlp_V0-fosls,41.473591820733084,0.004021155672957404,0.002876059106533459,0.005107094397124176
mlp_V0-fosls,41.673247246651556,0.003982387584448433,0.0028949623235616003,0.00504165621693108
mlp_V0-fosls,41.87290267257003,0.0038646595621444424,0.0029137429065393397,0.004893590286119049
mlp_V0-fosls,42.0725580984885,0.0038811420670140967,0.002907648311990342,0.004931196721558025
mlp_V0-fosls,42.27221352440698,0.003955976134818947,0.0028799613284742434,0.004807073970937972
mlp_V0-fosls,42.47186895032545,0.003964123507005165,0.0028520055751688105,0.004676520848640568
mlp_V0-fosls,42.67152437624392,0.003991708427739003,0.002834908268082045,0.004612747088151711
mlp_V0-fosls,42.871179802162395,0.004053110176947683,0.002820380093248476,0.004538200916397454
mlp_V0-fosls,43.07083522808087,0.004012731602219261,0.0028076185647561078,0.00450807304360523
mlp_V0-fosls,43.27049065399934,0.003921243037194843,0.002818347234341496,0.004730428945297246
mlp_V0-fosls,43.47014607991781,0.003821734998379421,0.002829035217433246,0.005165972868858822
mlp_V0-fosls,43.66980150583628,0.0037438734292185006,0.0028311472857081377,0.00556754823571964
mlp_V0-fosls,43.869456931754755,0.003729618480085936,0.0028166325658083263,0.005340798021332997
mlp_V0-fosls,44.06911235767323,0.0037280644728686827,0.002802042659948531,0.004902319045814232
mlp_V0-fosls,44.2687677835917,0.0037742174534002456,0.0029625553872348566,0.004436615380702106
mlp_V0-fosls,44.46842320951017,0.003808106161037979,0.003217242743055917,0.004406848791662234
mlp_V0-fosls,44.66807863542864,0.0038676507191618996,0.003453196680332247,0.004376879768609973
mlp_V0-fosls,44.867734061347115,0.00398992904229887,0.003281168465320043,0.004360828758525902
mlp_V0-fosls,45.06738948726559,0.003908072374464789,0.0030370525826818318,0.004561471660820753
mlp_V0-fosls,45.26704491318406,0.0038553746075820705,0.0028084934656284516,0.004989718730285016
mlp_V0-fosls,45.46670033910253,0.003821175273066855,0.002786699695096271,0.00464334403261592
mlp_V0-fosls,45.666355765021,0.003946720675623495,0.0027647341345636814,0.0044531475391937055
mlp_V0-fosls,45.866011190939474,0.003983977840370882,0.0027674883881438775,0.004491145571740721
mlp_V0-fosls,46.065666616857946,0.003941052693500336,0.0028052142285604374,0.004507913407060068
mlp_V0-fosls,46.26532204277642,0.0038495778935566174,0.002842439402647779,0.0045201066600469445
mlp_V0-fosls,46.46497746869489,0.003796261420429216,0.002832836784641587,0.004526783424318275
mlp_V0-fosls,46.66463289461336,0.0038442838128942393,0.0028011243158842175,0.004524248841961174
mlp_V0-fosls,46.864288320531834,0.0039016292584523765,0.002769048684594976,0.004720935015541464
mlp_V0-fosls,47.063943746450306,0.003879494797539877,0.0027527072448282927,0.004853036006838503
mlp_V0-fosls,47.26359917236878,0.003817086709563818,0.002737139901805573,0.004805503685004218
mlp_V0-fosls,47.46325459828725,0.003813003570074811,0.0027236293223756786,0.0047574964896999385
mlp_V0-fosls,47.66291002420572,0.0037601602760182077,0.0027178101797654774,0.004672344221365471
mlp_V0-fosls,47.862565450124194,0.0037254682006033117,0.002711978550941934,0.004548712040528748
mlp_V0-fosls,48.062220876042666,0.0037500378808575357,0.002727036493739401,0.004421624354507638
mlp_V0-fosls,48.26187630196114,0.0036405991162085497,0.0027638685388510897,0.004332856459108439
mlp_V0-fosls,48.46153172787962,0.0036191524018701245,0.0028002161634265365,0.004305501521131594
mlp_V0-fosls,48.66118715379809,0.0036634495586044553,0.002780476155032253,0.004339074318049817
mlp_V0-fosls,48.86084257971656,0.003751929458053602,0.0027419640344984422,0.00428138871641424
mlp_V0-fosls,49.06049800563503,0.003838367170691452,0.002705467373462123,0.004222915195042268
mlp_V0-fosls,49.260153431553505,0.003805869036812211,0.002788885006332632,0.004195511221582052
mlp_V0-fosls,49.45980885747198,0.003752307855284443,0.0028698789953978702,0.004216056169122329
mlp_V0-fosls,49.65946428339045,0.003690276789281941,0.0029014668486484646,0.004236501484948162
mlp_V0-fosls,49.85911970930892,0.0036765423539026933,0.0028144896079599657,0.004220260481321995
mlp_V0-fosls,50.05877513522739,0.0037157158908426263,0.0027247373511630857,0.004337130001198018
mlp_V0-fosls,50.258430561145865,0.0037187541194408876,0.0027004447281043986,0.004611302130055894
mlp_V0-fosls,50.45808598706434,0.003704087363842502,0.002729548454558834,0.00450383234406107
mlp_V0-fosls,50.65774141298281,0.0036346772427364726,0.002758345120180251,0.004189996186171842
mlp_V0-fosls,50.85739683890128,0.0036796454879686794,0.0027529837975466946,0.00922067898883063
mlp_V0-fosls,51.05705226481975,0.0036702447683475987,0.0027403875632665154,0.013975305588466413
mlp_V0-fosls,51.256707690738224,0.003660797113850728,0.0027371858459592584,0.017481344672735516
mlp_V0-fosls,51.456363116656696,0.003809310275369188,0.0028236983126667865,0.014530859885774858
mlp_V0-fosls,51.65601854257517,0.0037944961161330225,0.0029076378671689523,0.010051736566770088
mlp_V0-fosls,51.85567396849364,0.003665739582181308,0.002941928782364663,0.004313775301065346
mlp_V0-fosls,52.05532939441211,0.0036660198847173297,0.0028913820673480903,0.004232897630703915
mlp_V0-fosls,52.254984820330584,0.0036156069696012235,0.0028399358369967805,0.004151953185967785
mlp_V0-fosls,52.454640246249056,0.0035116335216985903,0.0028133691121516877,0.004099566005377362
mlp_V0-fosls,52.65429567216753,0.003494328249953896,0.002801738545038529,0.004096776880689136
mlp_V0-fosls,52.853951098086,0.003581409410375246,0.002790059495476763,0.004127246742264466
mlp_V0-fosls,53.05360652400447,0.003558152888501847,0.002724993175272771,0.004148656218873492
mlp_V0-fosls,53.253261949922944,0.0034769853273963307,0.00265209695339837,0.004141058702240253
mlp_V0-fosls,53.452917375841416,0.003495212194309427,0.0025988921009369934,0.004133447220952721
mlp_V0-fosls,53.65257280175989,0.003655387792649243,0.002652491512879014,0.0041274470061683135
mlp_V0-fosls,53.85222822767836,0.003710932495151286,0.0027050290755327756,0.004123086295077738
mlp_V0-fosls,54.05188365359683,0.0037218617290797904,0.0027415080279010275,0.004250765623800504
mlp_V0-fosls,54.251539079515304,0.003681182576514224,0.002758020058308751,0.004100382645462302
mlp_V0-fosls,54.451194505433776,0.0036450646340838652,0.002774433819182038,0.004077507487955367
mlp_V0-fosls,54.65084993135225,0.003553748792151373,0.0027552867387782565,0.004054606685451353
mlp_V0-fosls,54.85050535727072,0.003535002583173144,0.0027207044614294892,0.004036121766881626
mlp_V0-fosls,55.0501607831892,0.003515512446185587,0.002685676920256293,0.004017551799352997
mlp_V0-fosls,55.24981620910767,0.0034879640217592737,0.002658364099565452,0.004002408274482615
mlp_V0-fosls,55.44947163502614,0.003458161069964172,0.0026310170244666373,0.003996010801513075
mlp_V0-fosls,55.649127060944615,0.0034310388956686542,0.0026109785646691057,0.003989603069977191
mlp_V0-fosls,55.84878248686309,0.0034388029321552375,0.0026149813484756526,0.003984972740897485
mlp_V0-fosls,56.04843791278156,0.0034465034977935348,0.002618978014529626,0.003981809105826616
mlp_V0-fosls,56.24809333870003,0.0034872871051733548,0.0026167794927686163,0.003978642955178499
mlp_V0-fosls,56.4477487646185,0.0036408417414720813,0.002608506616440546,0.004077641218283925
mlp_V0-fosls,56.647404190536975,0.0036913468000080952,0.0026002074190829153,0.004197096520266846
mlp_V0-fosls,56.84705961645545,0.0036756317837741527,0.00259011550107643,0.004297530345643062
mlp_V0-fosls,57.04671504237392,0.003625565780305884,0.0025794596709746275,0.004199168853907924
mlp_V0-fosls,57.24637046829239,0.0035678102249219186,0.0025697573860308004,0.004098447395726556
mlp_V0-fosls,57.44602589421086,0.0035122982132472064,0.0025849883250181954,0.004017742343234501
mlp_V0-fosls,57.645681320129334,0.0034362351289940135,0.0026001300463440093,0.003980221781261236
mlp_V0-fosls,57.845336746047806,0.0033711091354343245,0.002617789332933183,0.003942344140157385
mlp_V0-fosls,58.04499217196628,0.0034386516548824348,0.002641161385937679,0.003925995352577543
mlp_V0-fosls,58.24464759788475,0.0035699515311865358,0.002664328422232838,0.003997244868004297
mlp_V0-fosls,58.44430302380322,0.0035855787409443756,0.0026595364343707383,0.004092487823906612
mlp_V0-fosls,58.643958449721694,0.0034715681413180002,0.002634047317895252,0.004035942270255805
mlp_V0-fosls,58.843613875640166,0.00337328623060361,0.0026083091266329837,0.003925993287063079
mlp_V0-fosls,59.04326930155864,0.0033571927718305875,0.0025844449894373007,0.003926881575138317
mlp_V0-fosls,59.24292472747711,0.0034129648436508524,0.002560755037325019,0.003919228873499833
mlp_V0-fosls,59.44258015339558,0.0034761456725830022,0.002543736552769771,0.003911561199903274
mlp_V0-fosls,59.642235579314054,0.0034252748743764123,0.0025808798713472243,0.003901217767816835
mlp_V0-fosls,59.841891005232526,0.0033405988580238457,0.0026174961644200158,0.0038865956305144406
mlp_V0-fosls,60.041546431151,0.003343644880552162,0.002639615136584168,0.0038719182737162877
mlp_V0-fosls,60.24120185706947,0.003334373684777882,0.0026387086122972615,0.0038735595417818958
mlp_V0-fosls,60.44085728298794,0.0033250544444324284,0.0026378017764682815,0.0038840145739593374
mlp_V0-fosls,60.640512708906414,0.003391641898854692,0.0026218420918064688,0.0038944415386198182
mlp_V0-fosls,60.840168134824886,0.0034349161306024174,0.002597513703598975,0.003892052027320952
mlp_V0-fosls,61.03982356074336,0.0034308610895315184,0.0025729552904006723,0.003935041229402314
mlp_V0-fosls,61.23947898666184,0.0034409050354116547,0.0025542912002053694,0.003887182839653908
mlp_V0-fosls,61.43913441258031,0.0034615945843399394,0.002536051916669669,0.003897065781760155
mlp_V0-fosls,61.63878983849878,0.0033736683114158187,0.002522192035511655,0.003906923724086761
mlp_V0-fosls,61.83844526441725,0.003340614663337161,0.002528138460840106,0.00389392552236779
mlp_V0-fosls,62.038100690335725,0.0033071490507569617,0.0025340709323851875,0.0038514216316296273
mlp_V0-fosls,62.2377561162542,0.003281913586964764,0.0025321437067344936,0.003808443408457316
mlp_V0-fosls,62.43741154217267,0.0032775054809140967,0.0025207238078357886,0.0038794178491669143
mlp_V0-fosls,62.63706696809114,0.0032730378768646836,0.0025092519361804254,0.00398283952633867
mlp_V0-fosls,62.83672239400961,0.003285726189454951,0.0025329239679262013,0.004083642802290184
mlp_V0-fosls,63.036377819928084,0.0033121339813037545,0.0025697529316751457,0.004020316036611786
mlp_V0-fosls,63.236033245846556,0.003338226426100375,0.002606061479015988,0.00392496113052494
mlp_V0-fosls,63.43568867176503,0.0033682983254320793,0.0025790862493193793,0.0038428799034999407
mlp_V0-fosls,63.6353440976835,0.003425677977640288,0.0025511179856476337,0.0038903503796490603
mlp_V0-fosls,63.83499952360197,0.0034180561527999216,0.002526673576756464,0.003937248557069704
mlp_V0-fosls,64.03465494952044,0.003414815292636069,0.002513103994926478,0.003935716117834532
mlp_V0-fosls,64.23431037543892,0.0033056140820172885,0.002499460744871089,0.003868456022550452
mlp_V0-fosls,64.43396580135739,0.003273825593621854,0.0024950881956375673,0.003898010138065222
mlp_V0-fosls,64.63362122727587,0.00327790718805409,0.0024991034751381236,0.003929054969807787
mlp_V0-fosls,64.83327665319433,0.003284911221958048,0.0025031123136777063,0.003960411659105701
mlp_V0-fosls,65.03293207911281,0.0033196609267616946,0.00249397216894837,0.003990435973051023
mlp_V0-fosls,65.23258750503128,0.003276606018701537,0.0024813760248753617,0.003954700355055447
mlp_V0-fosls,65.43224293094976,0.003265589664692361,0.0024714842213254865,0.003918638863372291
mlp_V0-fosls,65.63189835686822,0.0032525661439726516,0.0025030646531100068,0.003919596319524598
mlp_V0-fosls,65.8315537827867,0.0032386776245608463,0.0025342515776924364,0.004015628849540771
mlp_V0-fosls,66.03120920870516,0.0032277440779405553,0.0025479842725212474,0.004109417818438209
mlp_V0-fosls,66.23086463462364,0.0032329161754712185,0.0025269225413280653,0.004089923648495288
mlp_V0-fosls,66.43052006054211,0.0032380347533451136,0.00250568378027399,0.0039734364592875085
mlp_V0-fosls,66.63017548646059,0.0032409892802474343,0.002493434935434991,0.003893725655244891
mlp_V0-fosls,66.82983091237905,0.0032406988921749075,0.002487270856366311,0.0038642831785221615
mlp_V0-fosls,67.02948633829753,0.003240376186829901,0.002481091463169124,0.003798849522420528
mlp_V0-fosls,67.229141764216,0.0032377172299317535,0.0025270376267062375,0.0037818952860441714
mlp_V0-fosls,67.42879719013447,0.00323431173719897,0.0025798696792590638,0.0037671311777759853
mlp_V0-fosls,67.62845261605294,0.0032308749673411897,0.002619149403999388,0.003752308978021486
mlp_V0-fosls,67.82810804197142,0.003230847791358515,0.002578538446873569,0.0037442488691066807
mlp_V0-fosls,68.02776346788988,0.0032306339446441885,0.0025372775653325712,0.0037500166454783176
mlp_V0-fosls,68.22741889380836,0.0032413590460253962,0.0025004911166016876,0.0037557755642373325
mlp_V0-fosls,68.42707431972683,0.003286652682279118,0.002470847791322016,0.0037703139885002885
mlp_V0-fosls,68.6267297456453,0.0033313055374452455,0.0024408444832798764,0.0037907953209877893
mlp_V0-fosls,68.82638517156377,0.0033192127782994026,0.002444389359706735,0.003811166587721517
mlp_V0-fosls,69.02604059748225,0.003326355262715081,0.0024642243085903387,0.0037948026329972686
mlp_V0-fosls,69.22569602340072,0.003357125501441587,0.002483900872468053,0.0037721431207240644
mlp_V0-fosls,69.4253514493192,0.003344567386822428,0.0024751552076933718,0.003752009996721531
mlp_V0-fosls,69.62500687523766,0.0033414946359484575,0.002464614117030777,0.0037517415010940532
mlp_V0-fosls,69.82466230115614,0.0032127694448503734,0.0024560293346845034,0.0037514729862501497
mlp_V0-fosls,70.0243177270746,0.0031931780335772027,0.0024549498957846002,0.0037457328820959777
mlp_V0-fosls,70.22397315299308,0.003195734922228203,0.002453869982047711,0.0037310777344892613
mlp_V0-fosls,70.42362857891155,0.0031961730139146187,0.002454104779485983,0.00371636479608609
mlp_V0-fosls,70.62328400483003,0.0031916194937190003,0.002455771820809616,0.00376038028056835
mlp_V0-fosls,70.8229394307485,0.00318704643823212,0.0024574377312699515,0.003835682078038581
mlp_V0-fosls,71.02259485666697,0.0031785829386468834,0.0024629107033883584,0.00390953375136798
mlp_V0-fosls,71.22225028258545,0.003167145115408755,0.0024696557798890694,0.0038421807529710394
mlp_V0-fosls,71.42190570850391,0.0031706832319342666,0.0024761080046480223,0.0037583979325694137
mlp_V0-fosls,71.6215611344224,0.0031632114483163614,0.0024658806056751755,0.0038126488560453315
mlp_V0-fosls,71.82121656034086,0.003151801379562378,0.002455610610868086,0.003741678562689219
mlp_V0-fosls,72.02087198625934,0.003161265227730828,0.0024439772327246763,0.0036842585940763117
mlp_V0-fosls,72.2205274121778,0.003155498798595314,0.0024289523521472786,0.003687035095584029
mlp_V0-fosls,72.42018283809628,0.003151000280020494,0.0024138339511919665,0.003695265993690166
mlp_V0-fosls,72.61983826401475,0.0031525925099176906,0.0024232372767595237,0.0037034785988550823
mlp_V0-fosls,72.81949368993322,0.0031468408283668566,0.0024522792986831615,0.0037059196007946686
mlp_V0-fosls,73.01914911585169,0.003153441928892533,0.0024809813820387758,0.0037057748481420212
mlp_V0-fosls,73.21880454177017,0.0031589373323138046,0.0024671902390407956,0.0037056300898349157
mlp_V0-fosls,73.41845996768863,0.0031636784876843127,0.002443951921446773,0.0036900279949090174
mlp_V0-fosls,73.61811539360711,0.003168365873805768,0.0024247212081551354,0.003673589800275846
mlp_V0-fosls,73.81777081952558,0.003171072432362811,0.0024487463300901496,0.0036927413299712676
mlp_V0-fosls,74.01742624544406,0.003173562766414067,0.002472538016084416,0.0036917171689113443
mlp_V0-fosls,74.21708167136252,0.003178448991277349,0.0024803959730340347,0.0036906927236484504
mlp_V0-fosls,74.416737097281,0.003163800728821724,0.002459784718586439,0.0036744312386990116
mlp_V0-fosls,74.61639252319947,0.0031533681103524413,0.002438999290803359,0.0036394979302282445
mlp_V0-fosls,74.81604794911794,0.00314601646822703,0.002426594160595833,0.003618354794137291
mlp_V0-fosls,75.01570337503641,0.003142892353827281,0.0024192430976477594,0.0036286017862263626
mlp_V0-fosls,75.21535880095489,0.003163274974598176,0.0024118696297260466,0.003649783200658845
mlp_V0-fosls,75.41501422687335,0.003162634648840829,0.0024106750372261867,0.0036707370470017114
mlp_V0-fosls,75.61466965279183,0.0031721124200858953,0.0024102143626579496,0.0036623764225485805
mlp_V0-fosls,75.8143250787103,0.003191375275785453,0.002410100209822906,0.0036539966683959407
mlp_V0-fosls,76.01398050462878,0.003183146342728514,0.0024117691556690547,0.003650131155393336
mlp_V0-fosls,76.21363593054724,0.003174416479326032,0.002413436947401948,0.003658715655698664
mlp_V0-fosls,76.41329135646572,0.0031638375456455843,0.0024397127948256768,0.0036672800611537593
mlp_V0-fosls,76.61294678238418,0.0031462200145421088,0.0024974990739476794,0.0036593395664095843
mlp_V0-fosls,76.81260220830266,0.0031281775107988904,0.0025539782159413453,0.003636608307049662
mlp_V0-fosls,77.01225763422113,0.0031218360975229396,0.002525218093645214,0.0036137340654113646
mlp_V0-fosls,77.21191306013961,0.003127490869155108,0.0024586907875704432,0.0037117096093441655
mlp_V0-fosls,77.41156848605809,0.0031327231275231652,0.0023903126066049103,0.003837496282244923
mlp_V0-fosls,77.61122391197655,0.0031379902697920804,0.0023968967181237093,0.00394601717488968
mlp_V0-fosls,77.81087933789503,0.003200823789085979,0.0024059825654692414,0.0038196954558225244
mlp_V0-fosls,78.0105347638135,0.003274306474241496,0.002408891136340006,0.0036890507188080553
mlp_V0-fosls,78.21019018973197,0.003204094235189442,0.0023915842871407708,0.0035980928108869884
mlp_V0-fosls,78.40984561565044,0.0031269437158695916,0.0023741512795649347,0.0036010963596518233
mlp_V0-fosls,78.60950104156892,0.0030989592656035132,0.0023705891155178533,0.0036040974053483353
mlp_V0-fosls,78.80915646748738,0.003130862583327997,0.0023809355200141535,0.003609020868503923
mlp_V0-fosls,79.00881189340586,0.003161879728530669,0.0023912371581084183,0.003615324999564847
mlp_V0-fosls,79.20846731932433,0.0031533668376892343,0.002393152434537746,0.0036216181570756898
mlp_V0-fosls,79.4081227452428,0.003121889278403846,0.0023925237990110528,0.0036147458435055796
mlp_V0-fosls,79.60777817116127,0.003103610977579817,0.0023920909173987585,0.0036054087825670602
mlp_V0-fosls,79.80743359707975,0.003095680196418333,0.002397009802132553,0.0035976429928923437
mlp_V0-fosls,80.00708902299822,0.0031401105992422216,0.0024019186135124243,0.00360323590309161
mlp_V0-fosls,80.2067444489167,0.0032152182096070884,0.0024051448404141065,0.003608820145469907
mlp_V0-fosls,80.40639987483516,0.003240067364452524,0.0024045312281766413,0.003608345607949124
mlp_V0-fosls,80.60605530075364,0.003192884035426136,0.002403917459311516,0.0035975036189795236
mlp_V0-fosls,80.8057107266721,0.0031367997363757135,0.002414971577253805,0.0035866288560061264
mlp_V0-fosls,81.00536615259058,0.003111637164365105,0.002434630010441798,0.0035823882620711865
mlp_V0-fosls,81.20502157850905,0.0031057261240509722,0.0024541309778705633,0.003582021694650511
mlp_V0-fosls,81.40467700442753,0.003093908214315403,0.002443613057355103,0.0035816550897131935
mlp_V0-fosls,81.60433243034599,0.0031023978556083947,0.002427321218543762,0.0035750609393890975
mlp_V0-fosls,81.80398785626447,0.003110780960163994,0.0024112510879847745,0.0035677210151652356
mlp_V0-fosls,82.00364328218294,0.003091569994529476,0.0023977801863046665,0.0035615278077470143
mlp_V0-fosls,82.20329870810141,0.003124971259089084,0.002384233175333889,0.0035615380233843083
mlp_V0-fosls,82.40295413401988,0.003159583308693501,0.0023745211862434986,0.003561548238992301
mlp_V0-fosls,82.60260955993836,0.0031730355906724964,0.002371231318776589,0.003560672067684746
mlp_V0-fosls,82.80226498585682,0.003186340743752591,0.002367936880572346,0.003558572848954853
mlp_V0-fosls,83.0019204117753,0.0031794425906795524,0.0023664075860103024,0.0035564723911548865
mlp_V0-fosls,83.20157583769377,0.0031332903742330156,0.0023658467282671462,0.0035568181064434237
mlp_V0-fosls,83.40123126361225,0.0030852663587944895,0.0023652857375331244,0.0035583000827265885
mlp_V0-fosls,83.60088668953071,0.0030901346743768647,0.002380321166293237,0.0035597814420467323
mlp_V0-fosls,83.80054211544919,0.003128846795817451,0.002396715847687207,0.003564197403148563
mlp_V0-fosls,84.00019754136767,0.0031662670456859823,0.002406185134895045,0.0035687752557490063
mlp_V0-fosls,84.19985296728613,0.003134874274739661,0.0023850441374248456,0.003568734842580301
mlp_V0-fosls,84.39950839320461,0.0030930718676148005,0.002363714062982103,0.0035511446485348816
mlp_V0-fosls,84.59916381912308,0.003060606263259327,0.0023477200093457297,0.003533466888622167
mlp_V0-fosls,84.79881924504156,0.0030841630972695856,0.00233836830155079,0.0035348825498794827
mlp_V0-fosls,84.99847467096002,0.0031073278282612625,0.0023289790435108565,0.003557692016127328
mlp_V0-fosls,85.1981300968785,0.003109419171370872,0.0023296088128233684,0.0035803561724763924
mlp_V0-fosls,85.39778552279697,0.0030838977375754117,0.0023341478605275897,0.0035670430418736133
mlp_V0-fosls,85.59744094871544,0.003057995877891536,0.002338678098590472,0.003540538443735817
mlp_V0-fosls,85.79709637463391,0.003065473446828627,0.002335863545508538,0.0035138339289960095
mlp_V0-fosls,85.99675180055239,0.003086825198466834,0.0023329559124883625,0.003518229382084122
mlp_V0-fosls,86.19640722647085,0.003107636594804271,0.0023320205522096025,0.003522721845605754
mlp_V0-fosls,86.39606265238933,0.003086943002438167,0.0023368292558685103,0.0035247762165404152
mlp_V0-fosls,86.5957180783078,0.003064598582692801,0.002341628084525374,0.0035198992666210403
mlp_V0-fosls,86.79537350422628,0.003050703915737296,0.0023509045190124958,0.003515015550126301
mlp_V0-fosls,86.99502893014474,0.003061501131862224,0.002364190882773769,0.0035159586872254077
mlp_V0-fosls,87.19468435606322,0.003072260033556253,0.002377402995469606,0.003522216152970126
mlp_V0-fosls,87.39433978198169,0.0030752673750007896,0.002366038691202982,0.0035284625215823867
mlp_V0-fosls,87.59399520790016,0.003072168788191951,0.002348160136220167,0.003518343948926464
mlp_V0-fosls,87.79365063381863,0.0030690670218085706,0.002332819229048505,0.0035036976406596803
mlp_V0-fosls,87.99330605973711,0.0030624269596188415,0.0023582131645129485,0.003489638806795858
mlp_V0-fosls,88.19296148565557,0.003054703794679101,0.002383336548443354,0.0034884615050741574
mlp_V0-fosls,88.39261691157405,0.0030466988724978583,0.0023936012113642473,0.0034872838058972047
mlp_V0-fosls,88.59227233749252,0.0030535276085063264,0.002373390132495038,0.003493457755370737
mlp_V0-fosls,88.791927763411,0.00306019582057989,0.0023530054574958446,0.00351585371194556
mlp_V0-fosls,88.99158318932946,0.003059050248195668,0.002345099604514678,0.0035381079066420214
mlp_V0-fosls,89.19123861524794,0.00303743425508998,0.0023458254932217293,0.003542509442118453
mlp_V0-fosls,89.3908940411664,0.0030155496878633654,0.0023465511573803454,0.003533686221876596
mlp_V0-fosls,89.59054946708488,0.003013820212399379,0.00235114926474724,0.0035248409158233776
mlp_V0-fosls,89.79020489300335,0.0030350462737592917,0.0023563571323513208,0.003524290472381509
mlp_V0-fosls,89.98986031892183,0.0030560994283008822,0.0023603190849012614,0.0035253635671181533
mlp_V0-fosls,90.1895157448403,0.0030415341508836877,0.0023560351970755285,0.003525465008132547
mlp_V0-fosls,90.38917117075877,0.0030338223637966094,0.0023517435058203777,0.0035167121163852716
mlp_V0-fosls,90.58882659667725,0.0030378785588250105,0.00234683420979403,0.0035079373847739827
mlp_V0-fosls,90.78848202259572,0.0030619664412132337,0.0023409917572948216,0.003500482683188864
mlp_V0-fosls,90.9881374485142,0.0030857383333576594,0.002335134687161539,0.00349538446290146
mlp_V0-fosls,91.18779287443266,0.0031019740989109033,0.0023244565215653937,0.003490278795695373
mlp_V0-fosls,91.38744830035114,0.003121497111541474,0.0023113083023482603,0.003492862224399276
mlp_V0-fosls,91.5871037262696,0.0031396176896912264,0.002298084858389722,0.0035000543768936502
mlp_V0-fosls,91.78675915218808,0.0031169253605033945,0.0023001044668060646,0.0035072317807338235
mlp_V0-fosls,91.98641457810655,0.003065340887076883,0.0023031927605947737,0.0034896266480090757
mlp_V0-fosls,92.18607000402503,0.0030117648681058677,0.002306409353961721,0.003468777247175913
mlp_V0-fosls,92.38572542994349,0.0030135277074975655,0.0023101412744886782,0.003453651707355092
mlp_V0-fosls,92.58538085586197,0.003021812843607249,0.0023138671759956805,0.003471198458896128
mlp_V0-fosls,92.78503628178044,0.0030295288826033585,0.0023190568007991725,0.0034886569573933405
mlp_V0-fosls,92.98469170769891,0.0030282554376011373,0.0023258760280634454,0.003493853299547769
mlp_V0-fosls,93.18434713361738,0.003026980291894297,0.002332675320422344,0.0034816405174779566
mlp_V0-fosls,93.38400255953586,0.0030270001678303956,0.002328003031374268,0.0034693847447533847
mlp_V0-fosls,93.58365798545432,0.003027802724649369,0.0023192723413141612,0.003459466981390566
mlp_V0-fosls,93.7833134113728,0.0030285968804883217,0.002310511589287916,0.0034506819025107377
mlp_V0-fosls,93.98296883729127,0.003025002341928834,0.0023020754347802133,0.003441874400569943
mlp_V0-fosls,94.18262426320975,0.003021586228996151,0.0022936082513374517,0.003448569011021326
mlp_V0-fosls,94.38227968912821,0.0030193353787760675,0.002291860163734863,0.003456345983511052
mlp_V0-fosls,94.58193511504669,0.0030324613556696627,0.0023079774110240977,0.0034635216892669545
mlp_V0-fosls,94.78159054096515,0.0030457229090667176,0.00232398288493702,0.0034683084579349784
mlp_V0-fosls,94.98124596688363,0.003059281060208256,0.0023234605110840473,0.003473088629267039
mlp_V0-fosls,95.1809013928021,0.003067096778800544,0.002308980739532894,0.0034710411677721636
mlp_V0-fosls,95.38055681872058,0.003074778166506166,0.00229440958952424,0.0034609676850186227
mlp_V0-fosls,95.58021224463904,0.0030723873687117965,0.0022933134626156658,0.0034508647967020083
mlp_V0-fosls,95.77986767055752,0.003067595734995537,0.002295371975535525,0.003460409139563598
mlp_V0-fosls,95.97952309647599,0.0030626915412976957,0.002297580263127521,0.003477408659562967
mlp_V0-fosls,96.17917852239447,0.0030402875713060845,0.002301571629958632,0.003494325479693006
mlp_V0-fosls,96.37883394831294,0.003009989229017532,0.002305556086966383,0.0034896571264498924
mlp_V0-fosls,96.57848937423141,0.0029963713649602238,0.002308768833985374,0.0034846670698329254
mlp_V0-fosls,96.77814480014989,0.002982622350503856,0.002310535086816415,0.0034792798150166514
mlp_V0-fosls,96.97780022606835,0.00296880672494298,0.0023122999904937277,0.0034727041711464035
mlp_V0-fosls,97.17745565198683,0.0029677754369902363,0.002313053704240397,0.0034661160525021307
mlp_V0-fosls,97.3771110779053,0.002986096013246418,0.0023131753973834085,0.0034665999386812997
mlp_V0-fosls,97.57676650382378,0.0030042436201976634,0.0023132970841246384,0.003473822901292888
mlp_V0-fosls,97.77642192974224,0.0030028691597821155,0.0023039635091030093,0.0034810308766554604
mlp_V0-fosls,97.97607735566072,0.0029951479755736476,0.0022933451647309915,0.003469333236531663
mlp_V0-fosls,98.17573278157919,0.002987388407043213,0.0022878581815521026,0.0034520750131505754
mlp_V0-fosls,98.37538820749766,0.0030061280077497963,0.002310981127896369,0.0034354759201303134
mlp_V0-fosls,98.57504363341613,0.0030261229077276786,0.002333874994101322,0.0034375291265123374
mlp_V0-fosls,98.77469905933461,0.0030390016611021153,0.0023510754781092273,0.003439581107263808
mlp_V0-fosls,98.97435448525307,0.0030157730496945733,0.002360657934955308,0.003441920892485156
mlp_V0-fosls,99.17400991117155,0.003016396457054641,0.002370201651330196,0.0034449297602829
mlp_V0-fosls,99.37366533709002,0.0030179293245956563,0.0023499681752023856,0.003447936002370082
mlp_V0-fosls,99.5733207630085,0.003014243505390642,0.002315802724145158,0.0034493636943050193
mlp_V0-fosls,99.77297618892696,0.0030105457701729565,0.002281125619042549,0.003449574863598654
mlp_V0-fosls,99.97263161484544,0.0030015059533230947,0.0022953842377376704,0.003449786019966133
mlp_V0-fosls,100.1722870407639,0.0029905200957933004,0.002311878382173914,0.003454505000763481
mlp_V0-fosls,100.37194246668238,0.0029796810091223484,0.0023231494566394797,0.003460154708274072
mlp_V0-fosls,100.57159789260085,0.0029791233463218633,0.002316336900367289,0.0034655442541127023
mlp_V0-fosls,100.77125331851933,0.002978553992561789,0.0023095042485611426,0.0034684166908867217
mlp_V0-fosls,100.97090874443779,0.0029782262561071976,0.0023042109767727067,0.0034712867507639914
mlp_V0-fosls,101.17056417035627,0.002977553958677663,0.0023005990041753874,0.003469788858297642
mlp_V0-fosls,101.37021959627474,0.0029768576260889483,0.0022969813518062656,0.003460307809568052
mlp_V0-fosls,101.56987502219322,0.0029752794410759574,0.0022933831673152406,0.0034508007118274507
mlp_V0-fosls,101.76953044811168,0.00297348026188663,0.0022897878292711155,0.0034465522249256847
mlp_V0-fosls,101.96918587403016,0.002971677465225608,0.0022864300871631086,0.003445582009576757
mlp_V0-fosls,102.16884129994862,0.002976431954949352,0.002298298362868622,0.003444611520955275
mlp_V0-fosls,102.3684967258671,0.0029819870050442512,0.002310105665558284,0.0034408306612067354
mlp_V0-fosls,102.56815215178557,0.0029880679189892663,0.002316007390964212,0.0034366636240177467
mlp_V0-fosls,102.76780757770405,0.00299865768330291,0.0023071356748106064,0.0034327931729828303
mlp_V0-fosls,102.96746300362253,0.0030092096483081295,0.002298229711966741,0.003430721957326121
mlp_V0-fosls,103.16711842954099,0.003018091623588238,0.002300477484261793,0.0034286494904672915
mlp_V0-fosls,103.36677385545947,0.003095526578118424,0.002311737459684632,0.0034256097092187363
mlp_V0-fosls,103.56642928137794,0.003118189221242972,0.002322942855393313,0.0034211519143460723
mlp_V0-fosls,103.76608470729641,0.0031088752902112774,0.0023076121568949637,0.003416688303339055
mlp_V0-fosls,103.96574013321488,0.0030960863793513373,0.002286312601363566,0.0034258474291732365
mlp_V0-fosls,104.16539555913336,0.0030206434793986344,0.0022670831046629363,0.003428712355152663
mlp_V0-fosls,104.36505098505182,0.0029909371249475887,0.002270951280275693,0.0034315748892862832
mlp_V0-fosls,104.5647064109703,0.0029740977434927996,0.002274812878309661,0.0034287017487599947
mlp_V0-fosls,104.76436183688877,0.002956945858487351,0.0022787649397405753,0.0034219982037241065
mlp_V0-fosls,104.96401726280725,0.0029568331685234893,0.002282884759936278,0.0034152815009354897
mlp_V0-fosls,105.16367268872571,0.0029570841863181983,0.0022869971586575635,0.0034140497575221944
mlp_V0-fosls,105.36332811464419,0.0029626384616250143,0.002292803234838876,0.0034437595397651187
mlp_V0-fosls,105.56298354056266,0.0029853140812808676,0.002299611164211603,0.0034684770133887786
mlp_V0-fosls,105.76263896648113,0.003017127694522924,0.002306398998318738,0.003487462982455854
mlp_V0-fosls,105.9622943923996,0.0030454882600079143,0.002301291210825236,0.0035063461488554445
mlp_V0-fosls,106.16194981831808,0.0030721265262955337,0.002294753046546221,0.0035167421895555342
mlp_V0-fosls,106.36160524423654,0.003098557212553703,0.0022885115332202353,0.003523876281257434
mlp_V0-fosls,106.56126067015502,0.0030758280552631713,0.0022838864253982316,0.0035309959591335693
mlp_V0-fosls,106.76091609607349,0.003041673136829815,0.0022792519322257015,0.0035294392657372288
mlp_V0-fosls,106.96057152199197,0.0030056238972239607,0.002284047200033246,0.003527751068007748
mlp_V0-fosls,107.16022694791043,0.0029917327436348286,0.002301227488312378,0.0035305123661015713
mlp_V0-fosls,107.35988237382891,0.0029777648245167066,0.0023182804605891166,0.0035466978651371105
mlp_V0-fosls,107.55953779974737,0.0029760680998257667,0.0023204565477493427,0.0035628098357813253
mlp_V0-fosls,107.75919322566585,0.002986863297172587,0.0023162281132654682,0.003573464240727204
mlp_V0-fosls,107.95884865158432,0.002997619561862873,0.0023119919453514163,0.0035789534586351756
mlp_V0-fosls,108.1585040775028,0.0030020895197173485,0.002315201198892029,0.0035844342703413214
mlp_V0-fosls,108.35815950342126,0.003005634545642302,0.002318662000853366,0.0035694206894294252
mlp_V0-fosls,108.55781492933974,0.0030100781178751604,0.002323525939656248,0.0035483392078569506
mlp_V0-fosls,108.7574703552582,0.0030127446945134506,0.002332951933644048,0.0035287075177171468
mlp_V0-fosls,108.95712578117669,0.003014485853346121,0.002342339996057694,0.003549636487573882
mlp_V0-fosls,109.15678120709515,0.0030087914803053955,0.002345733404817893,0.00357044277957765
mlp_V0-fosls,109.35643663301363,0.002987599746762451,0.002343237205757163,0.0035789510796500356
mlp_V0-fosls,109.55609205893211,0.0029662552978628057,0.002340738344713208,0.003559017768914527
mlp_V0-fosls,109.75574748485057,0.0029616762487784188,0.002346083669526435,0.0035389721853061416
mlp_V0-fosls,109.95540291076905,0.002970383269204173,0.002353726668774706,0.004060297963588613
mlp_V0-fosls,110.15505833668752,0.0029790637168663186,0.002359670857393287,0.005715622745547563
mlp_V0-fosls,110.354713762606,0.002974636656656173,0.002325796886141876,0.006989325231073501
mlp_V0-fosls,110.55436918852446,0.0029676477628234653,0.002291422212501077,0.006776756844464823
mlp_V0-fosls,110.75402461444294,0.0029630506342439447,0.002270675990634825,0.005450186426517578
mlp_V0-fosls,110.9536800403614,0.0029759918916781396,0.002281326728262262,0.0036721425406148417
mlp_V0-fosls,111.15333546627988,0.0029889437375169676,0.002291927971756999,0.0035033497754171604
mlp_V0-fosls,111.35299089219835,0.002991601427714722,0.0022948038876034168,0.0035630478240618033
mlp_V0-fosls,111.55264631811683,0.002977738400246041,0.0022920553121791192,0.0035842630573815625
mlp_V0-fosls,111.7523017440353,0.002963802349591872,0.0022893034367722606,0.0035361005585038173
mlp_V0-fosls,111.95195716995377,0.0029702754253749766,0.002285526214730169,0.0034872729539271474
mlp_V0-fosls,112.15161259587224,0.0029897671244794133,0.0022815563895363013,0.0034931833066289305
mlp_V0-fosls,112.35126802179072,0.0030091131196975716,0.002278289944678416,0.003533057300492467
mlp_V0-fosls,112.55092344770918,0.0030111037450824022,0.002280500490396482,0.0035724862719701505
mlp_V0-fosls,112.75057887362766,0.003009706589905475,0.00228270889545172,0.003587811365390192
mlp_V0-fosls,112.95023429954612,0.003007925581995103,0.0022833881926051128,0.0035998378862871264
mlp_V0-fosls,113.1498897254646,0.002997017952376218,0.0022816074780694466,0.0036023111479482578
mlp_V0-fosls,113.34954515138307,0.002985997757569281,0.0022798253726626513,0.0035469923949986086
mlp_V0-fosls,113.54920057730155,0.002983366605524948,0.0022845527213249247,0.0034907971143742526
mlp_V0-fosls,113.74885600322001,0.002997623601617911,0.0022927287537862725,0.003478286677702307
mlp_V0-fosls,113.94851142913849,0.003011788337653683,0.002300875733359712,0.003530288785790274
mlp_V0-fosls,114.14816685505696,0.0030127185490779365,0.002295401889153996,0.0035815359288818745
mlp_V0-fosls,114.34782228097544,0.0030069572088130205,0.0022887393148896653,0.003563434868455479
mlp_V0-fosls,114.5474777068939,0.003001504832228355,0.0022817618099497602,0.003510238148285064
mlp_V0-fosls,114.74713313281238,0.0030018563031400927,0.0022734851832967216,0.0034562227436360595
mlp_V0-fosls,114.94678855873084,0.003002036895174291,0.002265178315275478,0.003503044296501763
mlp_V0-fosls,115.14644398464932,0.0029984850101952964,0.0022623775725191166,0.0035569453302153223
mlp_V0-fosls,115.34609941056779,0.0029802037960567768,0.0022661484472381787,0.0035915186878853777
mlp_V0-fosls,115.54575483648627,0.0029617807908201687,0.002269913057630739,0.003545694447660354
mlp_V0-fosls,115.74541026240475,0.0029558818518379184,0.0022823997330532284,0.0034992701734660363
mlp_V0-fosls,115.94506568832321,0.0029640964655225773,0.0022981076132323726,0.003479532329448017
mlp_V0-fosls,116.14472111424169,0.002972287857153001,0.002313708854318482,0.0034929445582917236
mlp_V0-fosls,116.34437654016016,0.002978059954265773,0.002305318827359753,0.0035063054834006653
mlp_V0-fosls,116.54403196607863,0.0029836318390071784,0.002296736737184687,0.003527667393686616
mlp_V0-fosls,116.7436873919971,0.002988146160932528,0.002288811514072883,0.0035521455669431878
mlp_V0-fosls,116.94334281791558,0.0029766169017863596,0.0022828055402345964,0.0035764562092983287
mlp_V0-fosls,117.14299824383404,0.002964966745015441,0.002276783723171556,0.0035447738844587412
mlp_V0-fosls,117.34265366975252,0.0029548624208455615,0.0022695048139341344,0.0035112483914318125
mlp_V0-fosls,117.54230909567099,0.002948619120016963,0.002261098627699453,0.0034886954908675653
mlp_V0-fosls,117.74196452158947,0.0029423624715499332,0.00225266107257583,0.0035026585889363204
mlp_V0-fosls,117.94161994750793,0.002936995492524897,0.0022518001399722183,0.0035165662446908436
mlp_V0-fosls,118.14127537342641,0.0029385441626631737,0.0022528516805583494,0.003515121666144753
mlp_V0-fosls,118.34093079934487,0.002950388645267721,0.0022536394044251214,0.0034981473429615034
mlp_V0-fosls,118.54058622526335,0.002947628309051849,0.002250745040834073,0.003481090251392081
mlp_V0-fosls,118.74024165118182,0.0029401300246840066,0.002247846950417383,0.0034815391855837867
mlp_V0-fosls,118.9398970771003,0.002933095421137644,0.002251222223351005,0.0034875134970461796
mlp_V0-fosls,119.13955250301876,0.00293971530331197,0.0022669550446047133,0.003493433716228401
mlp_V0-fosls,119.33920792893724,0.002946632700704395,0.002282579428981186,0.0034974572498611676
mlp_V0-fosls,119.5388633548557,0.002950021208468721,0.0022830254557195608,0.0035014761600689935
mlp_V0-fosls,119.73851878077419,0.002943909458552659,0.0022735488382903944,0.0035050367015268978
mlp_V0-fosls,119.93817420669265,0.0029461857429759035,0.002264032554695206,0.0035074563479744114
mlp_V0-fosls,120.13782963261113,0.002968541120671785,0.0022649193832389746,0.003509874326360053
mlp_V0-fosls,120.3374850585296,0.0029954245918808456,0.00226733309634085,0.003520963885878604
mlp_V0-fosls,120.53714048444807,0.0030218084829780048,0.00226953456939189,0.0035391498006449784
mlp_V0-fosls,120.73679591036654,0.0029803490177606304,0.002270438163833583,0.0035572427436357796
mlp_V0-fosls,120.93645133628502,0.002934519570212492,0.0022713413988036217,0.0035753893703935466
mlp_V0-fosls,121.13610676220348,0.0029268195841568763,0.002272473324562585,0.0035934782688723404
mlp_V0-fosls,121.33576218812196,0.002928610970420127,0.0022739401561099356,0.0036084249562598194
mlp_V0-fosls,121.53541761404043,0.0029303640637642,0.0022754060420702997,0.0035839907263165586
mlp_V0-fosls,121.7350730399589,0.0029257237523050354,0.002271400359830927,0.003559388766022544
mlp_V0-fosls,121.93472846587738,0.0029182570847389455,0.002264711087290236,0.003544377164657765
mlp_V0-fosls,122.13438389179585,0.0029107119249663772,0.0022580019980395455,0.00354870009123061
mlp_V0-fosls,122.33403931771433,0.0029166398524385533,0.0022626596674194706,0.0035530177581392505
mlp_V0-fosls,122.5336947436328,0.002925019704692727,0.0022680436790666076,0.0035615079443758425
mlp_V0-fosls,122.73335016955127,0.0029337593165148232,0.0022720150980629315,0.0035727854217807494
mlp_V0-fosls,122.93300559546974,0.002956057965734178,0.0022705920026449044,0.003584027413724099
mlp_V0-fosls,123.13266102138822,0.002979424844840088,0.002269168014741103,0.0035742858895483594
mlp_V0-fosls,123.33231644730668,0.002994971281924671,0.002268989509307474,0.0035610859912721415
mlp_V0-fosls,123.53197187322516,0.003000690098146821,0.00227019645432026,0.0035504448203155427
mlp_V0-fosls,123.73162729914363,0.0030060886754048315,0.002271402758004223,0.0035584503042520223
mlp_V0-fosls,123.9312827250621,0.0030137702199421953,0.0022739887211662346,0.003566437818546281
mlp_V0-fosls,124.13093815098057,0.003019443370238565,0.002277052814341025,0.0035681670095620097
mlp_V0-fosls,124.33059357689905,0.0030250831852665374,0.0022800879408442056,0.003559911904901464
mlp_V0-fosls,124.53024900281751,0.003006147509599295,0.0022803395177658334,0.003551637612875454
mlp_V0-fosls,124.72990442873599,0.0029741031494264518,0.0022805910669354682,0.0035548113031200245
mlp_V0-fosls,124.92955985465446,0.002941460096290576,0.002278820669696831,0.0035642132071836523
mlp_V0-fosls,125.12921528057294,0.0029399159837370436,0.002271740941677925,0.0035735903754816204
mlp_V0-fosls,125.3288707064914,0.002940391977344998,0.002264639081079786,0.0035456909799988297
mlp_V0-fosls,125.52852613240988,0.0029385622660152108,0.0022638542443436252,0.0035137864115874257
mlp_V0-fosls,125.72818155832834,0.002933101185945232,0.0022683761984940445,0.0034951502505365115
mlp_V0-fosls,125.92783698424682,0.0029276273319121743,0.0022728891561525693,0.0035415618639599894
mlp_V0-fosls,126.12749241016529,0.00292994350140098,0.0022754019055925257,0.0035873730777110494
mlp_V0-fosls,126.32714783608377,0.002936116195745242,0.002277450518148272,0.0035925289518273893
mlp_V0-fosls,126.52680326200223,0.0029422589417331885,0.0022788287143462563,0.0035447061815428696
mlp_V0-fosls,126.72645868792071,0.00293812876662626,0.0022724527971220787,0.0034962293341853938
mlp_V0-fosls,126.92611411383918,0.002933731497907608,0.0022660589403117716,0.0034880426036076016
mlp_V0-fosls,127.12576953975766,0.0029312041157927003,0.0022607775977340713,0.003497625136850974
mlp_V0-fosls,127.32542496567612,0.00293432468040681,0.002257613738364167,0.0035071814882155572
mlp_V0-fosls,127.5250803915946,0.0029374371357593684,0.0022544454388795975,0.00350664006065699
mlp_V0-fosls,127.72473581751306,0.0029364790656075824,0.0022551916353103934,0.0035056539162379593
mlp_V0-fosls,127.92439124343154,0.002929808546906558,0.0022583909321780334,0.0034941040015116324
mlp_V0-fosls,128.12404666935,0.002923122661189979,0.002261585703243184,0.0034447676950184972
mlp_V0-fosls,128.3237020952685,0.0029204663292733313,0.002261701621221299,0.0033947144462983156
mlp_V0-fosls,128.52335752118697,0.002920354659170577,0.0022614072969221765,0.0033679125804687974
mlp_V0-fosls,128.72301294710545,0.002920288933108268,0.002260601303568064,0.003366634279490732
mlp_V0-fosls,128.9226683730239,0.002923323519220391,0.002256891542075265,0.0033653554929612074
mlp_V0-fosls,129.12232379894238,0.002926504246405514,0.002253175672620336,0.003370123126059324
mlp_V0-fosls,129.32197922486085,0.0029276239091957784,0.002255276825280826,0.0033769466968983845
mlp_V0-fosls,129.52163465077933,0.002919061593655469,0.0022654686576054585,0.0033837107129851066
mlp_V0-fosls,129.72129007669778,0.0029104737733741982,0.0022756148440666725,0.0033842508635353184
mlp_V0-fosls,129.92094550261626,0.002905273227107817,0.0022712695838116317,0.00338479092788741
mlp_V0-fosls,130.12060092853474,0.002906194346814397,0.002260228660972075,0.0033850245645125785
mlp_V0-fosls,130.32025635445322,0.0029070944884823143,0.0022491335392571454,0.0033844294687366164
mlp_V0-fosls,130.51991178037167,0.002906417299588259,0.0022477424367058716,0.0033838342683045306
mlp_V0-fosls,130.71956720629015,0.0029036068350069017,0.0022468296750232865,0.0033875322563797195
mlp_V0-fosls,130.91922263220863,0.002901554085189073,0.0022481327579831046,0.00339499042084241
mlp_V0-fosls,131.1188780581271,0.0029149536906560008,0.0022572319189713944,0.0034024322369755394
mlp_V0-fosls,131.31853348404556,0.002929312857101012,0.002266294547169419,0.0034010735544434184
mlp_V0-fosls,131.51818890996404,0.002940551381242581,0.0022677793978233087,0.0033974440823494245
mlp_V0-fosls,131.71784433588252,0.0029424387192652137,0.0022613407677965778,0.003394147927144899
mlp_V0-fosls,131.917499761801,0.0029443209566058035,0.002254883752880796,0.003396366327048544
mlp_V0-fosls,132.11715518771945,0.0029398892893067797,0.0022542722354961233,0.0033985832789084954
mlp_V0-fosls,132.31681061363793,0.002930307667723335,0.0022555503608391214,0.0033980702581509056
mlp_V0-fosls,132.5164660395564,0.0029206945996869556,0.002256744085446703,0.0033917479405391627
mlp_V0-fosls,132.71612146547488,0.003060778449993626,0.0022545377555143165,0.005300142482616748
mlp_V0-fosls,132.91577689139334,0.003050986528402217,0.0022523292643129226,0.00886756536168307
mlp_V0-fosls,133.11543231731181,0.0030416455053071815,0.0022513670766047796,0.011365558523513534
mlp_V0-fosls,133.3150877432303,0.0030367104724462607,0.002253434123760124,0.010557069752346479
mlp_V0-fosls,133.51474316914877,0.0030332886060611746,0.0022554992765756237,0.007805886782231732
mlp_V0-fosls,133.71439859506722,0.0030335321131690018,0.0022561826429094737,0.0033983517345779262
mlp_V0-fosls,133.9140540209857,0.002904797136243157,0.0022557822067358593,0.003401593958733369
mlp_V0-fosls,134.11370944690418,0.002913903549523917,0.002255381699466019,0.0033937743827876492
mlp_V0-fosls,134.31336487282266,0.0029171123268938175,0.0022519712808238748,0.00338593674814519
mlp_V0-fosls,134.5130202987411,0.0029163204721454747,0.002247928204939747,0.0033800681335974464
mlp_V0-fosls,134.7126757246596,0.0029155239234649826,0.002244578706133962,0.0033775900677591496
mlp_V0-fosls,134.91233115057807,0.002912202122265008,0.0022477965797698166,0.003375110182481394
mlp_V0-fosls,135.11198657649655,0.0029097601470415005,0.002251009853381313,0.0033682796119116564
mlp_V0-fosls,135.31164200241503,0.0029105137792121783,0.0022551770067172168,0.0033588882388981213
mlp_V0-fosls,135.51129742833348,0.0029266223581782573,0.0022610074775350404,0.0033494705340988617
mlp_V0-fosls,135.71095285425196,0.002942642579029904,0.0022668229519114875,0.0033540392201019667
mlp_V0-fosls,135.91060828017044,0.0029464711734303916,0.0022647098332388865,0.0033602623097097463
mlp_V0-fosls,136.11026370608892,0.002931300910425816,0.002257955678185963,0.0033678603082814523
mlp_V0-fosls,136.30991913200737,0.002916049450788178,0.0022511812589250924,0.0033832199551945804
mlp_V0-fosls,136.50957455792584,0.0029133334380355333,0.002246276097605396,0.0033985101845302765
mlp_V0-fosls,136.70922998384432,0.0029176637107306332,0.002241573536172638,0.0033998045074084635
mlp_V0-fosls,136.9088854097628,0.0029218153120199146,0.002238415636760899,0.0033811118951205333
mlp_V0-fosls,137.10854083568125,0.002920109805008041,0.00224303794985525,0.003362315363861076
mlp_V0-fosls,137.30819626159973,0.0029180971552304966,0.0022476507571431077,0.003368516718079484
mlp_V0-fosls,137.5078516875182,0.0029188283132093686,0.002252916610115491,0.00338682295700957
mlp_V0-fosls,137.7075071134367,0.0029218796949352895,0.002259030435871952,0.003405030778755622
mlp_V0-fosls,137.90716253935514,0.0029248819406621123,0.002265127759809005,0.003388956949929571
mlp_V0-fosls,138.10681796527362,0.0029213727908901314,0.0022638471123605656,0.003370410661162451
mlp_V0-fosls,138.3064733911921,0.002915153152452492,0.0022594331066736095,0.0033567958384214964
mlp_V0-fosls,138.50612881711058,0.002908894818583318,0.0022550104609341056,0.0033636138531629297
mlp_V0-fosls,138.70578424302903,0.0029101239076852565,0.0022486149985944514,0.0033704180757786204
mlp_V0-fosls,138.9054396689475,0.002912866941946963,0.002242141118623019,0.003379708681856281
mlp_V0-fosls,139.105095094866,0.0029147120216984506,0.0022377976086788757,0.0033919088866262385
mlp_V0-fosls,139.30475052078447,0.002909312100985943,0.0022403111295870417,0.003404065366019486
mlp_V0-fosls,139.50440594670292,0.0029038902033859094,0.002242821833604765,0.0033988509497162862
mlp_V0-fosls,139.7040613726214,0.0029034439855567954,0.002246569843295841,0.0033869096635888874
mlp_V0-fosls,139.90371679853988,0.002910320611404559,0.002251517958335553,0.003374926126633927
mlp_V0-fosls,140.10337222445835,0.002917166686800788,0.0022564552228237756,0.0033632713592119325
mlp_V0-fosls,140.3030276503768,0.002917515147877553,0.0022573565653312725,0.003351582054996854
mlp_V0-fosls,140.50268307629528,0.0029122940780071053,0.0022570789562912936,0.0033476663861488204
mlp_V0-fosls,140.70233850221376,0.002907050091036697,0.002256634335857762,0.003367586575463958
mlp_V0-fosls,140.90199392813224,0.0029052280660135754,0.002252313648906806,0.0033873896223404
mlp_V0-fosls,141.10164935405072,0.0029052066827580493,0.0022479846574947034,0.003395078150211087
mlp_V0-fosls,141.30130477996917,0.0029055412026824023,0.002245401593629499,0.0033911602212424886
mlp_V0-fosls,141.50096020588765,0.0029056428681761034,0.0022467313192640155,0.003387237760511368
mlp_V0-fosls,141.70061563180613,0.0029056625624798525,0.0022480602583671446,0.003387909191323407
mlp_V0-fosls,141.9002710577246,0.0029057942948412865,0.002245699945964697,0.0033899339593214594
mlp_V0-fosls,142.09992648364306,0.00290744125918209,0.0022406280068816863,0.0033922360076321474
mlp_V0-fosls,142.29958190956154,0.002909087039245558,0.0022355445607590446,0.003402062494455133
mlp_V0-fosls,142.49923733548002,0.0029107539010640327,0.0022399786411662578,0.0034118606801685904
mlp_V0-fosls,142.6988927613985,0.0029127558439481964,0.002246153803435262,0.003414301225976299
mlp_V0-fosls,142.89854818731695,0.0029147540618576556,0.002252086268679054,0.003399524866500707
mlp_V0-fosls,143.09820361323543,0.0029143289931297988,0.00225619167647889,0.0033846839991659517
mlp_V0-fosls,143.2978590391539,0.002912447470825197,0.0022602896275593764,0.003372437193446575
mlp_V0-fosls,143.49751446507238,0.002909842704650923,0.002262221156569459,0.003362227776098711
mlp_V0-fosls,143.69716989099084,0.002909928072063247,0.002260591233500542,0.0033519872632510953
mlp_V0-fosls,143.89682531690931,0.0029100106125154626,0.0022589601343823095,0.0033503085390487867
mlp_V0-fosls,144.0964807428278,0.0029064637330034043,0.002255970243921683,0.0033504494079040987
mlp_V0-fosls,144.29613616874627,0.0028991122203844404,0.002252223610682667,0.003350488080202238
mlp_V0-fosls,144.49579159466472,0.0028917190115331937,0.002248470734426598,0.0033494758329936066
mlp_V0-fosls,144.6954470205832,0.0028942513839169594,0.0022471025315710246,0.0033484632797806148
mlp_V0-fosls,144.89510244650168,0.0028994381374827815,0.0022459643465378154,0.003353601514801039
mlp_V0-fosls,145.09475787242016,0.0029041322406570726,0.0022451516357813875,0.003370016593489957
mlp_V0-fosls,145.2944132983386,0.002901569219056192,0.002245819773369636,0.0033863521022952513
mlp_V0-fosls,145.4940687242571,0.0028991469757358836,0.002246487712244215,0.003386045233245906
mlp_V0-fosls,145.69372415017557,0.00290065301420136,0.002248078382690535,0.0033753040782997326
mlp_V0-fosls,145.89337957609405,0.002907265746481308,0.0022508006996437963,0.003364528632719046
mlp_V0-fosls,146.0930350020125,0.0029138103702713424,0.0022535197279619085,0.003369877269434362
mlp_V0-fosls,146.29269042793098,0.0030567116032611807,0.0026956220737985133,0.006777722507462357
mlp_V0-fosls,146.49234585384946,0.003054778517196719,0.00269148435329979,0.010147498121820434
mlp_V0-fosls,146.69200127976794,0.003052633790180464,0.00268734026192542,0.012649344405009165
mlp_V0-fosls,146.8916567056864,0.0030432747866418336,0.0026870259907281163,0.01022863312681174
mlp_V0-fosls,147.09131213160487,0.0030348937244293267,0.002694294752075689,0.006893776892000464
mlp_V0-fosls,147.29096755752335,0.0028921375127981454,0.002221959446093209,0.003382905052617878
mlp_V0-fosls,147.49062298344182,0.0029005842414469712,0.0022243500248529968,0.0033799808042200667
mlp_V0-fosls,147.6902784093603,0.0029085890696146743,0.0022267380371395764,0.003377039049753884
mlp_V0-fosls,147.88993383527875,0.0029109413240937195,0.002231025032024961,0.003374087010059037
mlp_V0-fosls,148.08958926119723,0.002903480244687032,0.002237036230806523,0.0033711323853173798
mlp_V0-fosls,148.2892446871157,0.0030241638052871758,0.0022430313199686123,0.005143599378377693
mlp_V0-fosls,148.4889001130342,0.003026619282237012,0.002240391378286121,0.006957841510665126
mlp_V0-fosls,148.68855553895264,0.00302858881303398,0.002235455873076456,0.008081074480691964
mlp_V0-fosls,148.88821096487112,0.0030305418228709193,0.002230768392387149,0.0065749589785123715
mlp_V0-fosls,149.0878663907896,0.0030379208445124725,0.0022302239001144417,0.004599609372082591
mlp_V0-fosls,149.28752181670808,0.002918509803482356,0.0022296792748756032,0.003364170535137218
mlp_V0-fosls,149.48717724262653,0.0029222443378058138,0.002230927346134314,0.0033498888685258594
mlp_V0-fosls,149.686832668545,0.0029125496447595556,0.002235856936993967,0.003335546053266462
mlp_V0-fosls,149.8864880944635,0.0029028034631744036,0.0022407756830343803,0.0033331594907626137
mlp_V0-fosls,150.08614352038197,0.0028985234237525193,0.002246166166661371,0.0033356330797752634
mlp_V0-fosls,150.28579894630042,0.0029010155368698358,0.002251870639401468,0.0033381048358194394
mlp_V0-fosls,150.4854543722189,0.0029035002681964584,0.0022575606979531072,0.003351729687613533
mlp_V0-fosls,150.68510979813738,0.002905877211425931,0.0022575895194958382,0.0033655928940084495
mlp_V0-fosls,150.88476522405585,0.00290972875248831,0.0022567270352346364,0.0033751050027095277
mlp_V0-fosls,151.0844206499743,0.0029135812440402257,0.0022557998812257796,0.003370786787237541
mlp_V0-fosls,151.28407607589278,0.0029147529857826045,0.0022544477236592043,0.003366463032726705
mlp_V0-fosls,151.48373150181126,0.002913866892890191,0.002253094754617767,0.0033641366772748722
mlp_V0-fosls,151.68338692772974,0.0029093029050836503,0.0022522131884460048,0.0033638149742706244
mlp_V0-fosls,151.8830423536482,0.002899558088476737,0.0022520399628727238,0.0033634932404969305
mlp_V0-fosls,152.08269777956667,0.0028897396272432544,0.00225186672397401,0.0033653000850710304
mlp_V0-fosls,152.28235320548515,0.0028867425388994323,0.0022501237989496128,0.003367767202921004
mlp_V0-fosls,152.48200863140363,0.002889531751568211,0.0022475991659043383,0.003369923813249032
mlp_V0-fosls,152.68166405732208,0.0028923171070148316,0.002245071693854857,0.003360523937577004
mlp_V0-fosls,152.88131948324056,0.002892111083100636,0.0022449898193395894,0.0033510976952266253
mlp_V0-fosls,153.08097490915904,0.0028903566132352622,0.002245072693563698,0.0033451065506352007
mlp_V0-fosls,153.28063033507752,0.0028885365052400335,0.0022448255936166708,0.0033476271784612962
mlp_V0-fosls,153.48028576099597,0.002888982147562313,0.002243302776726612,0.003350145909784071
mlp_V0-fosls,153.67994118691445,0.0028900281848518597,0.0022417789254032647,0.0033585801993471303
mlp_V0-fosls,153.87959661283293,0.002890896126261551,0.0022422575944861735,0.003371772213316631
mlp_V0-fosls,154.0792520387514,0.0028915017591306987,0.002244959241786307,0.0033849128144668155
mlp_V0-fosls,154.27890746466989,0.0028921056416323703,0.0022476576417534274,0.0033734222545956263
mlp_V0-fosls,154.47856289058834,0.0028901963985709586,0.002249517981820606,0.003356281119534753
mlp_V0-fosls,154.67821831650681,0.0028854187691860766,0.0022510869110535132,0.003340503068644625
mlp_V0-fosls,154.8778737424253,0.002880632822144692,0.0022525680007321456,0.003341802609797344
mlp_V0-fosls,155.07752916834377,0.002886312712858989,0.002246343421469493,0.0033431016457883124
mlp_V0-fosls,155.27718459426222,0.0028945368213033652,0.002240101546009941,0.0033434907551010526
mlp_V0-fosls,155.4768400201807,0.002901284453643909,0.0022356679557856453,0.0033421279125728587
mlp_V0-fosls,155.67649544609918,0.0028937716355993347,0.002235923189698222,0.003340764514082221
mlp_V0-fosls,155.87615087201766,0.002885579002404176,0.0022361783944787983,0.003344236061972376
mlp_V0-fosls,156.0758062979361,0.002880192955171848,0.00223834005914006,0.003350862661413482
mlp_V0-fosls,156.2754617238546,0.002882468126718104,0.0022420654045695486,0.0033574761820619947
mlp_V0-fosls,156.47511714977307,0.0028847407406415154,0.002245784570341531,0.0033708122965317015
mlp_V0-fosls,156.67477257569155,0.0028901535042300613,0.002240599209067264,0.003385121037876985
mlp_V0-fosls,156.87442800161,0.0028970694656924685,0.0022333958552108253,0.003395377864975629
mlp_V0-fosls,157.07408342752848,0.0029039666938939024,0.0022273921930319987,0.0033789513916457473
mlp_V0-fosls,157.27373885344696,0.0029051188507430254,0.0022345443125421764,0.0033624446714024905
mlp_V0-fosls,157.47339427936544,0.0029060268752557966,0.0022416736131402543,0.003349380241962419
mlp_V0-fosls,157.6730497052839,0.0029058320827149856,0.002243228421040197,0.003341719431105858
mlp_V0-fosls,157.87270513120237,0.0028973465145497495,0.002234595966755071,0.00333404101762601
mlp_V0-fosls,158.07236055712085,0.0028886878778283816,0.002225930034909805,0.003334477839987523
mlp_V0-fosls,158.27201598303932,0.0028870056593403286,0.002225564080468027,0.003339197421719383
mlp_V0-fosls,158.47167140895777,0.00289085202664127,0.002230243637195629,0.0033439103422590274
mlp_V0-fosls,158.67132683487625,0.0028946172688982114,0.002234913395689794,0.00335054073245856
mlp_V0-fosls,158.87098226079473,0.002894795734648841,0.0022347440336782194,0.0033573338599362863
mlp_V0-fosls,159.0706376867132,0.002895909172171836,0.0022339855632026446,0.0033635721544206174
mlp_V0-fosls,159.27029311263166,0.00289697553964086,0.0022334175746066393,0.003367293188240992
mlp_V0-fosls,159.46994853855014,0.0028996607694515945,0.0022338556610684932,0.003371010114662165
mlp_V0-fosls,159.66960396446862,0.002903265246504518,0.002234293661633069,0.003370623817001241
mlp_V0-fosls,159.8692593903871,0.0029040173631395593,0.002234540511826907,0.0033650285360230427
mlp_V0-fosls,160.06891481630555,0.0028920587423708357,0.002234531905173665,0.0033594239358501264
mlp_V0-fosls,160.26857024222403,0.0028800341694428743,0.0022345232984872726,0.0033524459994961116
mlp_V0-fosls,160.4682256681425,0.002881336736652668,0.0022319618405806135,0.0033448775409582483
mlp_V0-fosls,160.667881094061,0.0028952486318790036,0.0022282847582783248,0.0033372919183787793
mlp_V0-fosls,160.86753651997947,0.002909073769591857,0.00222460159807166,0.0033563920876480027
mlp_V0-fosls,161.06719194589792,0.0029062861899074297,0.002228301821897804,0.0033763082566174375
mlp_V0-fosls,161.2668473718164,0.002897931543529783,0.002232254027825754,0.0033876208997668175
mlp_V0-fosls,161.46650279773488,0.002889750389055047,0.002236522500217489,0.003370263260577686
mlp_V0-fosls,161.66615822365335,0.0028886265043585996,0.0022418329390055947,0.003352815761514869
mlp_V0-fosls,161.8658136495718,0.002888543784400995,0.0022471308281543905,0.0033471465387540375
mlp_V0-fosls,162.06546907549028,0.0028907679348826425,0.002248441208600418,0.0033536939565518295
mlp_V0-fosls,162.26512450140876,0.002899482448416914,0.0022458236504090037,0.0033602286167062198
mlp_V0-fosls,162.46477992732724,0.0029081681842885367,0.002243203037832362,0.0033623200949520486
mlp_V0-fosls,162.6644353532457,0.00290848864740988,0.002237792113655653,0.0033629751481781094
mlp_V0-fosls,162.86409077916417,0.0028990384878546105,0.002231541401830511,0.0033637535463900184
mlp_V0-fosls,163.06374620508265,0.0028895527388939106,0.0022255778105404896,0.00337107869233848
mlp_V0-fosls,163.26340163100113,0.002886064199523734,0.0022268432735924257,0.0033783879556714036
mlp_V0-fosls,163.46305705691958,0.0028849338903287874,0.0022281080179195663,0.0033753120832244864
mlp_V0-fosls,163.66271248283806,0.002883562737915391,0.002233763514757513,0.0033455458105649347
mlp_V0-fosls,163.86236790875654,0.002887601366773895,0.0022491462921739643,0.003315512310641592
mlp_V0-fosls,164.06202333467502,0.0028922999391988572,0.002264424573117406,0.0033181451955586424
mlp_V0-fosls,164.26167876059347,0.0028963547204357287,0.002260493986171378,0.0033480369346252847
mlp_V0-fosls,164.46133418651195,0.0028922350449531,0.0022424762259736844,0.003377664147368899
mlp_V0-fosls,164.66098961243043,0.0028880931068377205,0.0022243125199929506,0.0033667830937524025
mlp_V0-fosls,164.8606450383489,0.0028914264976309346,0.0022246035403606246,0.003346213460266098
mlp_V0-fosls,165.06030046426736,0.0029017151475951674,0.002228313656306919,0.003327558196896544
mlp_V0-fosls,165.25995589018584,0.0029119673949672257,0.0022315870010845475,0.0033369154242940207
mlp_V0-fosls,165.45961131610431,0.0029080352543517946,0.0022314021987768578,0.0033462464858478834
mlp_V0-fosls,165.6592667420228,0.0029010404374559835,0.002231217381162774,0.003352697710638739
mlp_V0-fosls,165.85892216794124,0.002893632177912776,0.0022309165907457,0.0033533510080245702
mlp_V0-fosls,166.05857759385972,0.0028911295706136883,0.0022304242253008426,0.003354004178160273
mlp_V0-fosls,166.2582330197782,0.0028887959826794283,0.0022299317511424678,0.0033560668879471984
mlp_V0-fosls,166.45788844569668,0.002889899880258903,0.002229820760831911,0.0033590923442836785
mlp_V0-fosls,166.65754387161513,0.0028937119153001627,0.0022299191278432047,0.0033621150781130093
mlp_V0-fosls,166.8571992975336,0.0028975154710600866,0.0022300174905154884,0.003364537951904147
mlp_V0-fosls,167.0568547234521,0.0028910812023960047,0.0022347377458676715,0.0033668595200550696
mlp_V0-fosls,167.25651014937057,0.0028811365907623074,0.0022398800868330725,0.0033677189957769214
mlp_V0-fosls,167.45616557528905,0.0028719385223914835,0.0022427761754911313,0.0033579212071961524
mlp_V0-fosls,167.6558210012075,0.0028787369235055834,0.0022356646634428138,0.0033480947467117213
mlp_V0-fosls,167.85547642712598,0.0028865987850934843,0.0022285304578091606,0.0033483875976480916
mlp_V0-fosls,168.05513185304446,0.0028931415087942785,0.0022266062543159445,0.0033648598309312956
mlp_V0-fosls,168.25478727896294,0.0028957361561296035,0.002231065461933433,0.003381251818416726
mlp_V0-fosls,168.4544427048814,0.002898328462466919,0.002235515774738707,0.0033794200526574246
mlp_V0-fosls,168.65409813079987,0.00289799420147664,0.002238720729589133,0.0033676799987977907
mlp_V0-fosls,168.85375355671835,0.002895623470110826,0.0022414367279689346,0.003355898874564349
mlp_V0-fosls,169.05340898263682,0.002893242646537215,0.0022441494392941097,0.003348356814469374
mlp_V0-fosls,169.25306440855528,0.002895034631957963,0.002236356390879824,0.003399468999532414
mlp_V0-fosls,169.45271983447375,0.0028975725683995862,0.0022284008012030715,0.003479722395743074
mlp_V0-fosls,169.65237526039223,0.002900023722120458,0.002224364894647481,0.003416660645914671
mlp_V0-fosls,169.8520306863107,0.002890699333740382,0.002231783391238232,0.00334317897132828
mlp_V0-fosls,170.05168611222916,0.002879063791726045,0.002239177310146193,0.0033503318701458254
mlp_V0-fosls,170.25134153814764,0.0028691233232037037,0.002245290225744756,0.003362018550988996
mlp_V0-fosls,170.45099696406612,0.0028761982893213116,0.002250250150168205,0.0033736647483520745
mlp_V0-fosls,170.6506523899846,0.0028832369160782033,0.0022551991661135216,0.0033677701028570223
mlp_V0-fosls,170.85030781590305,0.0028916202561495457,0.002250534061244916,0.003354339939042306
mlp_V0-fosls,171.04996324182153,0.002899958836129405,0.0022433239866778273,0.003340855786712601
mlp_V0-fosls,171.24961866774,0.002908270683102344,0.0022359707507181247,0.003349130015282631
mlp_V0-fosls,171.4492740936585,0.002904653585952436,0.0022267287136056415,0.0033581924745141704
mlp_V0-fosls,171.64892951957694,0.002897014625836538,0.0022174481572124075,0.003366304106125895
mlp_V0-fosls,171.84858494549542,0.0028908019865311997,0.0022147429861343213,0.0033712493104527553
mlp_V0-fosls,172.0482403714139,0.002893889287331819,0.0022254735698198683,0.0033761872713959887
mlp_V0-fosls,172.24789579733238,0.0028973659450773574,0.0022361526614483197,0.0033715733769658124
mlp_V0-fosls,172.44755122325083,0.002899547104884037,0.0022404874712999134,0.003357011508377748
mlp_V0-fosls,172.6472066491693,0.00290162831922221,0.002240571719832951,0.0033423861982865804
mlp_V0-fosls,172.84686207508778,0.0029037074794851852,0.0022406559651982484,0.0033448464805700324
mlp_V0-fosls,173.04651750100626,0.0029026869522990116,0.0022399257832017233,0.0033528605814281778
mlp_V0-fosls,173.24617292692474,0.002900810108670951,0.002239068752454449,0.003360614152928603
mlp_V0-fosls,173.4458283528432,0.002898938316965373,0.0022389562939599647,0.003355113816727691
mlp_V0-fosls,173.64548377876167,0.00289345028355982,0.0022436647998950337,0.0033496044485177754
mlp_V0-fosls,173.84513920468015,0.002885018005931869,0.0022483634453337622,0.0033427312719828094
mlp_V0-fosls,174.04479463059863,0.0028778415618177667,0.0022489841024361506,0.0033323794704579117
mlp_V0-fosls,174.24445005651708,0.0028849944114427454,0.0022435532870780013,0.003321995411430741
mlp_V0-fosls,174.44410548243556,0.0028924734958753694,0.0022381092937804594,0.003327525254893609
mlp_V0-fosls,174.64376090835404,0.002897823200243243,0.002230357917171116,0.0033462819805142657
mlp_V0-fosls,174.84341633427252,0.0028974097107880353,0.0022214493101025095,0.003364934154522815
mlp_V0-fosls,175.04307176019097,0.002896981866661625,0.0022125048329940345,0.0033609680432313935
mlp_V0-fosls,175.24272718610945,0.0028892238353134805,0.002218801095071665,0.0033516371862564944
mlp_V0-fosls,175.44238261202793,0.0028804704987197526,0.0022260540239313776,0.003343488715865382
mlp_V0-fosls,175.6420380379464,0.002872663874464293,0.0022321661414237436,0.0033507944272385725
mlp_V0-fosls,175.84169346386486,0.0028784510953940444,0.002234008131372447,0.003358084244641132
mlp_V0-fosls,176.04134888978334,0.0028848988279976747,0.002235848603809718,0.0033618046424098735
mlp_V0-fosls,176.24100431570182,0.0028885577430481603,0.0022389255392865804,0.0033584667663826735
mlp_V0-fosls,176.4406597416203,0.002889663428309242,0.0022433579703924353,0.003355125569641948
mlp_V0-fosls,176.64031516753874,0.002890747757902183,0.002247781661144344,0.0033485027786691224
mlp_V0-fosls,176.83997059345722,0.0028891212978626062,0.0022441028730962333,0.0033396650723555936
mlp_V0-fosls,177.0396260193757,0.0028833655256547586,0.0022376343596565806,0.003330803916814821
mlp_V0-fosls,177.23928144529418,0.0028775902114214673,0.0022312139104672165,0.0033310851737503406
mlp_V0-fosls,177.43893687121263,0.0028824210657886025,0.002229578874733631,0.003332834479902224
mlp_V0-fosls,177.6385922971311,0.002889768097967615,0.0022279426390853416,0.0033351428770765617
mlp_V0-fosls,177.8382477230496,0.002895981753446236,0.002228529786710883,0.0033413515716247187
mlp_V0-fosls,178.03790314896807,0.0028904325576952477,0.0022347630706421287,0.0033475487509345447
mlp_V0-fosls,178.23755857488652,0.0028837968345383526,0.002240979016758973,0.00335094762987074
mlp_V0-fosls,178.437214000805,0.002882386927023862,0.002243091821728104,0.00334996023096861
mlp_V0-fosls,178.63686942672348,0.0028903510981244545,0.0022418663933908836,0.003348972540945386
mlp_V0-fosls,178.83652485264196,0.002898262496829445,0.002240640294854886,0.003356640140706193
mlp_V0-fosls,179.0361802785604,0.0028955643784276414,0.0022302365431086544,0.003368895348259471
mlp_V0-fosls,179.2358357044789,0.002885772408361487,0.0022177384870353733,0.003381106135697093
mlp_V0-fosls,179.43549113039737,0.0028759450124237265,0.002207417913923983,0.0033629920381457274
mlp_V0-fosls,179.63514655631585,0.0028799991515530473,0.002221372079395054,0.003341927380548076
mlp_V0-fosls,179.83480198223432,0.0028890878976570184,0.002235239133408169,0.0033272135859335914
mlp_V0-fosls,180.03445740815278,0.002954502861018768,0.002240512336812153,0.004571250793993551
mlp_V0-fosls,180.23411283407125,0.002953481415101658,0.002230141069881587,0.008594438320076276
mlp_V0-fosls,180.43376825998973,0.0029509779392020864,0.002219721345515632,0.01126198944474751
mlp_V0-fosls,180.6334236859082,0.0029489819446995567,0.002219596584649553,0.011282359258542082
mlp_V0-fosls,180.83307911182666,0.00294771463370703,0.002225757589301195,0.00861880078726233
mlp_V0-fosls,181.03273453774514,0.002945665706265683,0.0022319015870050766,0.004612572338967674
mlp_V0-fosls,181.23238996366362,0.0028863691766579484,0.0022353031254644822,0.0033645912346839117
mlp_V0-fosls,181.4320453895821,0.0028889015592372088,0.0022383620317543177,0.0033488021695355797
mlp_V0-fosls,181.63170081550055,0.0028915919255860963,0.0022402190250266005,0.0033446918439390804
mlp_V0-fosls,181.83135624141903,0.0028969459874406906,0.002235664106086305,0.0033410485216036024
mlp_V0-fosls,182.0310116673375,0.002901444770503287,0.0022310998880359935,0.003338097093640582
mlp_V0-fosls,182.230667093256,0.002901331826449113,0.00222833002064005,0.003337543011563004
mlp_V0-fosls,182.43032251917444,0.0028913686458804542,0.0022279853508675343,0.0033369888374842364
mlp_V0-fosls,182.62997794509292,0.0028813606363837342,0.0022276406277662864,0.003339891060797919
mlp_V0-fosls,182.8296333710114,0.002875423084498823,0.0022286343087973533,0.0033464117481570134
mlp_V0-fosls,183.02928879692988,0.0028716310081903975,0.002230215180409862,0.0033529197542453513
mlp_V0-fosls,183.22894422284833,0.0028678338978822934,0.002231794932226645,0.0033509060290567434
mlp_V0-fosls,183.4285996487668,0.00287406216358018,0.002226586861053828,0.003346061517756583
mlp_V0-fosls,183.62825507468528,0.002882198258672939,0.0022211016722611223,0.0033412276388169885
mlp_V0-fosls,183.82791050060376,0.00288779525056229,0.002217201375695749,0.003337678881102974
mlp_V0-fosls,184.02756592652221,0.0030018016900103753,0.0022186119799775844,0.005705286581815762
mlp_V0-fosls,184.2272213524407,0.0029952998061869257,0.002220021687960051,0.008029245817506574
mlp_V0-fosls,184.42687677835917,0.002996370063426953,0.0022224399366163514,0.009678920682845944
mlp_V0-fosls,184.62653220427765,0.003007983735723137,0.0022258676050005257,0.007862776054575495
mlp_V0-fosls,184.8261876301961,0.003017717578521042,0.0022292900031432106,0.005474028588160016
mlp_V0-fosls,185.02584305611458,0.0028895636870180275,0.0022324208758826665,0.003334388463088587
mlp_V0-fosls,185.22549848203306,0.0028949978693971,0.0022354606824854513,0.003329317823677776
mlp_V0-fosls,185.42515390795154,0.0029004023595257697,0.0022383437288358613,0.0033324739920605664
mlp_V0-fosls,185.62480933387,0.0028906543021122765,0.0022371435918480988,0.0033376367636211947
mlp_V0-fosls,185.82446475978847,0.0028790401598470143,0.002235942810689755,0.0033427232061721043
mlp_V0-fosls,186.02412018570695,0.002869271542106722,0.0022347710299934404,0.0033466153353798873
mlp_V0-fosls,186.22377561162543,0.002873891990191173,0.0022336666683025483,0.0033505029432785403
mlp_V0-fosls,186.4234310375439,0.0028795645207128537,0.0022325617603268385,0.003351586055121659
mlp_V0-fosls,186.62308646346236,0.00288596455504137,0.0022336082643458557,0.003346624709131033
mlp_V0-fosls,186.82274188938084,0.002886151139688573,0.0022362754285516918,0.0033416559970539713
mlp_V0-fosls,187.02239731529932,0.002886305595214136,0.0022389394154675103,0.0033440271809582253
mlp_V0-fosls,187.2220527412178,0.0028850308436938637,0.002232837877758808,0.0033517065186541278
mlp_V0-fosls,187.42170816713625,0.0028842583840120043,0.002224906400204338,0.003359368301837374
mlp_V0-fosls,187.62136359305472,0.002883479315022933,0.0022175121072681723,0.003360737718717013
mlp_V0-fosls,187.8210190189732,0.0028816792401915206,0.002215418330937186,0.003360935329497154
mlp_V0-fosls,188.02067444489168,0.0028811848200817163,0.0022133225739200514,0.0033608665578281015
mlp_V0-fosls,188.22032987081013,0.0028814724581788416,0.0022132598711068017,0.0033585497943487324
mlp_V0-fosls,188.4199852967286,0.0028833231022347633,0.002216741855041033,0.0033562314316376504
mlp_V0-fosls,188.6196407226471,0.002885101826699768,0.002220218378162343,0.0033539291667666503
mlp_V0-fosls,188.81929614856557,0.00288461384475367,0.0022296357640065705,0.0033516556299696093
mlp_V0-fosls,189.01895157448402,0.002885205686713031,0.0022424541194141015,0.0033493805499115684
mlp_V0-fosls,189.2186070004025,0.0028857631677648454,0.0022551996175987155,0.0033454704631986
mlp_V0-fosls,189.41826242632098,0.0028885665951686734,0.002255059916921315,0.003340603006849894
mlp_V0-fosls,189.61791785223946,0.0028883363648106865,0.002253502325377676,0.003335728447972774
mlp_V0-fosls,189.8175732781579,0.002887868875381958,0.0022507075729436663,0.0033501989016934547
mlp_V0-fosls,190.0172287040764,0.002884591248688746,0.0022418222555655176,0.003366839976545162
mlp_V0-fosls,190.21688412999487,0.0028815982386237882,0.0022329015813939857,0.003379292545505817
mlp_V0-fosls,190.41653955591335,0.002881201025812697,0.0022300277481716486,0.0033700199942017883
mlp_V0-fosls,190.6161949818318,0.0028901301480893874,0.002234972319877931,0.0033607218591440243
mlp_V0-fosls,190.81585040775028,0.0028991304997220448,0.0022399059765145436,0.0033550506021679223
mlp_V0-fosls,191.01550583366875,0.002901310268938342,0.002231756274420935,0.003354351484057566
mlp_V0-fosls,191.21516125958723,0.0029008310376914767,0.0022180705841994505,0.0033536522202057646
mlp_V0-fosls,191.41481668550568,0.002900308694277671,0.0022042999261816846,0.003354866899630879
mlp_V0-fosls,191.61447211142416,0.0029008759105699044,0.0022164530444559443,0.00335695531480718
mlp_V0-fosls,191.81412753734264,0.0028965817762835245,0.0022292415019621765,0.003359042431554778
mlp_V0-fosls,192.01378296326112,0.002891135058199537,0.002238069724233223,0.0033522097788182686
mlp_V0-fosls,192.2134383891796,0.0028873948050017213,0.002234696237957354,0.003344888214961574
mlp_V0-fosls,192.41309381509805,0.0028861914396927707,0.0022313176513782456,0.003340701707757114
mlp_V0-fosls,192.61274924101653,0.0028853954332433034,0.0022325199498699913,0.003348115528480665
mlp_V0-fosls,192.812404666935,0.002875684162587414,0.0022381139555081864,0.003355512968816456
mlp_V0-fosls,193.0120600928535,0.0028659374243056065,0.002243694014145755,0.0033529275947748595
mlp_V0-fosls,193.21171551877194,0.0030118920537717184,0.0026966958912077593,0.006193983869967369
mlp_V0-fosls,193.41137094469042,0.0030239600049959147,0.0026910013101129923,0.009010358794718476
mlp_V0-fosls,193.6110263706089,0.0030361890555748953,0.0026852245379242216,0.010954744648645218
mlp_V0-fosls,193.81068179652738,0.003034911723877643,0.0026808971040358683,0.008785233089190585
mlp_V0-fosls,194.01033722244583,0.0030364315967233075,0.002680668286520303,0.005861246501027181
mlp_V0-fosls,194.2099926483643,0.002886781485658271,0.002233944623540703,0.003344714762967882
mlp_V0-fosls,194.40964807428279,0.002880200315974023,0.0022286968333725234,0.0033433860005508344
mlp_V0-fosls,194.60930350020126,0.0028734453089973495,0.0022234366573219513,0.0033373058834965928
mlp_V0-fosls,194.80895892611971,0.0028706265501049475,0.0022264166374842648,0.0033178874277135727
mlp_V0-fosls,195.0086143520382,0.0028715014095485273,0.002235263049097654,0.0032983546513282325
mlp_V0-fosls,195.20826977795667,0.0028723707144718345,0.002244074587364676,0.0032899036162817863
mlp_V0-fosls,195.40792520387515,0.0028671934307675003,0.0022418351945065022,0.0032914631166729726
mlp_V0-fosls,195.6075806297936,0.002861972926756515,0.0022376692221443206,0.0032930218785202662
mlp_V0-fosls,195.80723605571208,0.0028568204775428077,0.002233378201824133,0.0033058773465636745
mlp_V0-fosls,196.00689148163056,0.002859996948926304,0.0022282141496348857,0.0033216484444561025
mlp_V0-fosls,196.20654690754904,0.0028608139522365776,0.0022230381015365063,0.003336413919370002
mlp_V0-fosls,196.4062023334675,0.0028589927861249263,0.0022207952124181796,0.0033351854745914252
mlp_V0-fosls,196.60585775938597,0.002856308454372729,0.00222320064463768,0.0033339565771745385
mlp_V0-fosls,196.80551318530445,0.0028541771325045436,0.002225603477067576,0.003334469799246571
mlp_V0-fosls,197.00516861122293,0.0028599866196486155,0.002225529126843573,0.003338707060534964
mlp_V0-fosls,197.20482403714138,0.002870963701387911,0.00222415674261728,0.0033429389509897676
mlp_V0-fosls,197.40447946305986,0.0028818684841028707,0.0022227835110578587,0.0033371107942206917
mlp_V0-fosls,197.60413488897834,0.0028843561598742365,0.0022277906003285173,0.0033240001300689714
mlp_V0-fosls,197.80379031489682,0.0028866279220457975,0.002233305971032173,0.00331083754909431
mlp_V0-fosls,198.00344574081527,0.0028891346412187047,0.0022372563863095416,0.003331030245215865
mlp_V0-fosls,198.20310116673375,0.0028902311700829027,0.002234731409311417,0.0033571729794635964
mlp_V0-fosls,198.40275659265222,0.002889636388259704,0.0022322035761648527,0.0033779281397527754
mlp_V0-fosls,198.6024120185707,0.0028865526748532416,0.002234042200876085,0.0033556350961268635
mlp_V0-fosls,198.80206744448918,0.0028778267387398566,0.0022409610666393777,0.0033331929556182378
mlp_V0-fosls,199.00172287040763,0.0028690490650208084,0.0022478586363674493,0.003321874221526469
mlp_V0-fosls,199.2013782963261,0.002866847343255613,0.0022432163783890208,0.0033295644985440586
mlp_V0-fosls,199.4010337222446,0.002868041218101565,0.0022342758997104186,0.003337237054254285
mlp_V0-fosls,199.60068914816307,0.0028692096713587656,0.002225299501590931,0.0033406903144087277
mlp_V0-fosls,199.80034457408152,0.002872498218624395,0.002231406061431744,0.0033417207653889313
mlp_V0-fosls,200.0,0.002880057716172864,0.0022375244351270636,0.003342750898717834
mlp_V0-pinn,1.1708552837371826,0.6116083983447222,0.3230086690319541,0.8061660220154314
mlp_V0-pinn,1.3698834566263347,0.570833346135378,0.3081527884063002,0.7846481296134172
mlp_V0-pinn,1.5689116295154866,0.5243954905925465,0.2917630042886091,0.8691353692576527
mlp_V0-pinn,1.7679398024046384,0.47342428333101266,0.27439599184472757,0.9461077596571325
mlp_V0-pinn,1.9669679752937905,0.4162577008791168,0.25585282880865057,1.0172725768800812
mlp_V0-pinn,2.1659961481829426,0.3498719694900601,0.2162043168303975,1.0837744684485988
mlp_V0-pinn,2.3650243210720943,0.3377659198286274,0.15360844968695758,1.1407899190173432
mlp_V0-pinn,2.5640524939612463,0.5892813867065414,0.1501960347614283,1.0732209157231207
mlp_V0-pinn,2.7630806668503984,0.588855903632037,0.14670426681212026,1.0011017074001778
mlp_V0-pinn,2.9621088397395505,0.5799230245843756,0.1431273382121926,0.9669551784918021
mlp_V0-pinn,3.1611370126287026,0.5708503776331219,0.13945869634602556,1.099382167742527
mlp_V0-pinn,3.3601651855178543,0.5616311893446315,0.13569090252982535,1.2174892132123396
mlp_V0-pinn,3.5591933584070063,0.5527875815382179,0.14357528395754135,1.2891019714910674
mlp_V0-pinn,3.7582215312961584,0.5474952781884163,0.1467808598602732,1.176621789333967
mlp_V0-pinn,3.95724970418531,0.5421513155700636,0.14991790913414477,1.0521852390947026
mlp_V0-pinn,4.156277877074462,0.536754150715288,0.15299064722062658,0.9109054394403879
mlp_V0-pinn,4.355306049963614,0.5617646596597893,0.156002874315888,0.743238630478392
mlp_V0-pinn,4.554334222852766,0.5244602978955657,0.15895803047550405,0.6521408335299176
mlp_V0-pinn,4.753362395741918,0.41413342478388093,0.1642323625050092,0.6752734585895515
mlp_V0-pinn,4.9523905686310705,0.42460391923742363,0.1749760447339248,0.6151281023259264
mlp_V0-pinn,5.151418741520223,0.5047515771121089,0.1850971733103457,0.5776340278387859
mlp_V0-pinn,5.350446914409374,0.47239735293743645,0.1946928630028123,0.6461717902991244
mlp_V0-pinn,5.549475087298526,0.3969119562863325,0.2038373327950097,0.7322313362262457
mlp_V0-pinn,5.748503260187678,0.3924885385880686,0.21258881809195715,0.8091893949657095
mlp_V0-pinn,5.94753143307683,0.3872976567577543,0.1470963734033397,0.8303297661142713
mlp_V0-pinn,6.146559605965982,0.3807652500147419,0.14608390622270698,0.9379405870853739
mlp_V0-pinn,6.345587778855134,0.3741187997248074,0.14506437276655682,1.1462098493218864
mlp_V0-pinn,6.544615951744286,0.36735211581842314,0.14403762298449824,1.3220671285766645
mlp_V0-pinn,6.7436441246334375,0.3604584271244242,0.14300350143928073,1.47713437650181
mlp_V0-pinn,6.94267229752259,0.3193912031631533,0.14196184703209616,1.61740237418641
mlp_V0-pinn,7.141700470411742,0.27360410235277366,0.13980872123173663,1.6627661632539172
mlp_V0-pinn,7.340728643300894,0.2711895581085978,0.13655766790507196,1.5994475571243574
mlp_V0-pinn,7.539756816190046,0.2687533218957601,0.13322730498996962,1.5335167629732633
mlp_V0-pinn,7.738784989079198,0.2662947983586528,0.1298115284792104,1.464621055648497
mlp_V0-pinn,7.93781316196835,0.2638133643994274,0.1263034087320185,1.3923203693754682
mlp_V0-pinn,8.136841334857502,0.2613083673337204,0.1226950251173445,1.316053640740666
mlp_V0-pinn,8.335869507746654,0.25619886107484835,0.1264709303047782,1.228038119934598
mlp_V0-pinn,8.534897680635805,0.3126440408031565,0.1315344715813164,1.126547457922249
mlp_V0-pinn,8.733925853524958,0.31707595590206455,0.13641018369680546,1.0149584848109092
mlp_V0-pinn,8.932954026414109,0.32144677222316315,0.14111753689111878,0.8894786545096154
mlp_V0-pinn,9.131982199303263,0.32575894912369224,0.1456728534087129,0.7431041836558389
mlp_V0-pinn,9.331010372192413,0.330014785268258,0.1500899770879335,0.6020462333799419
mlp_V0-pinn,9.530038545081565,0.373211712343296,0.1481693699930842,0.5833809345664194
mlp_V0-pinn,9.729066717970717,0.4307401360731016,0.1431396661982989,0.5341294624377967
mlp_V0-pinn,9.92809489085987,0.45821039423045073,0.13792666846760776,0.6263316206963903
mlp_V0-pinn,10.127123063749021,0.3955922176938164,0.13250874578602856,0.7066033650671669
mlp_V0-pinn,10.326151236638173,0.38983689268929456,0.1268596450609858,0.7786432636094152
mlp_V0-pinn,10.525179409527325,0.393883559024113,0.12094697755716036,0.8445604468623892
mlp_V0-pinn,10.724207582416478,0.3913519681796924,0.11811855436155805,0.9133084094796159
mlp_V0-pinn,10.92323575530563,0.3848892293672997,0.1162109475087659,0.9799665160778747
mlp_V0-pinn,11.122263928194782,0.3783161042934713,0.11427150019714426,1.0423706128059391
mlp_V0-pinn,11.321292101083934,0.3716267356536979,0.11229856274114437,1.1012441220043132
mlp_V0-pinn,11.520320273973086,0.3648147290577209,0.11029033788209888,1.157126068350667
mlp_V0-pinn,11.719348446862238,0.3578730814440968,0.10824486161739195,1.2104308571183624
mlp_V0-pinn,11.91837661975139,0.3570596674054695,0.10947462637168386,1.1370417957719745
mlp_V0-pinn,12.117404792640542,0.35869730935584454,0.11115113114257344,1.0277105793888146
mlp_V0-pinn,12.316432965529692,0.360327508512104,0.11280272199431773,0.9052701390430549
mlp_V0-pinn,12.515461138418845,0.3619503654397358,0.11443047769008534,0.7634389394695351
mlp_V0-pinn,12.714489311307997,0.37409268336931356,0.11603540131974766,0.5883570378211729
mlp_V0-pinn,12.913517484197149,0.33089121113901093,0.11761842752939981,0.4907943828045155
mlp_V0-pinn,13.1125456570863,0.39217545071362103,0.1330626794907795,0.6909083789206195
mlp_V0-pinn,13.311573829975453,0.3751623050034985,0.14144578666903185,0.9503853327072849
mlp_V0-pinn,13.510602002864605,0.3573400705891298,0.1493591124089074,1.1528704060680692
mlp_V0-pinn,13.709630175753757,0.33927947788056423,0.156873765661222,1.3247596256491112
mlp_V0-pinn,13.90865834864291,0.331885199269325,0.14812422044881948,1.4767755273948684
mlp_V0-pinn,14.107686521532061,0.32432238109197914,0.1334028950953751,1.6145413747794788
mlp_V0-pinn,14.306714694421213,0.31789433423018854,0.13257361154157882,1.5036813079953393
mlp_V0-pinn,14.505742867310365,0.3113525184553268,0.13173910784018247,1.3529178653806537
mlp_V0-pinn,14.704771040199518,0.30467027055703094,0.13089928415341706,1.183095949159541
mlp_V0-pinn,14.90379921308867,0.29783813854863217,0.13005403741993868,0.9844009850509526
mlp_V0-pinn,15.102827385977822,0.298349252530364,0.1292032612072025,0.7337401268983837
mlp_V0-pinn,15.301855558866974,0.25003119269117213,0.13026731758181592,0.39052060683654805
mlp_V0-pinn,15.500883731756126,0.27861535086416095,0.13464922412770816,0.38112047720038544
mlp_V0-pinn,15.699911904645276,0.2732867327192756,0.132466215327261,0.42133936358919916
mlp_V0-pinn,15.898940077534428,0.263908818784508,0.13024662317335817,0.496072691362788
mlp_V0-pinn,16.09796825042358,0.24972572211335592,0.12798854438189866,0.5609361558342344
mlp_V0-pinn,16.296996423312734,0.23468704254355366,0.12568990467786872,0.6190400849123243
mlp_V0-pinn,16.496024596201885,0.22338314951587632,0.12932292733367565,0.6721397790150688
mlp_V0-pinn,16.695052769091035,0.23096149058009782,0.14757504157468787,0.6259028187692763
mlp_V0-pinn,16.89408094198019,0.23829894832820592,0.15929989686184315,0.6363940231402481
mlp_V0-pinn,17.093109114869343,0.2327143007551416,0.15379787814715207,0.7485999185944775
mlp_V0-pinn,17.292137287758493,0.2263468306862277,0.14809158485524637,0.8460533810290479
mlp_V0-pinn,17.491165460647643,0.21979497207043924,0.14215641978929772,0.9333867413787857
mlp_V0-pinn,17.690193633536797,0.2183994616027737,0.13657122537914865,0.9906571325161492
mlp_V0-pinn,17.889221806425947,0.2316835375854423,0.13163508538162388,0.9090573011177349
mlp_V0-pinn,18.0882499793151,0.24424618389614358,0.12650648918254187,0.819370977778563
mlp_V0-pinn,18.28727815220425,0.2409611239954933,0.12116099994287675,0.7185766637848319
mlp_V0-pinn,18.486306325093405,0.2336127460174744,0.11556852516590732,0.60111233912346
mlp_V0-pinn,18.685334497982556,0.22602558909662984,0.1096912945993808,0.4542242472136627
mlp_V0-pinn,18.88436267087171,0.21786190225526522,0.10621008706806034,0.295531038929612
mlp_V0-pinn,19.08339084376086,0.21406233992857984,0.10510533806582077,0.3016128260063678
mlp_V0-pinn,19.282419016650014,0.21019410623781762,0.10398885317598218,0.3075743790569676
mlp_V0-pinn,19.481447189539164,0.20625333747246632,0.10286025024168224,0.3134225590046301
mlp_V0-pinn,19.680475362428318,0.20223579341933312,0.10171912590416317,0.3191635980711813
mlp_V0-pinn,19.87950353531747,0.19813680390417956,0.10056505391850844,0.3248031775929451
mlp_V0-pinn,20.078531708206622,0.19380160622392784,0.09964413654557032,0.32556824101751786
mlp_V0-pinn,20.277559881095772,0.18875612667692246,0.09885719228552545,0.3157720332118336
mlp_V0-pinn,20.476588053984923,0.2000802783434911,0.09806393315201285,0.3056620263595564
mlp_V0-pinn,20.675616226874077,0.1962930358714744,0.09726420463823025,0.29520598191385755
mlp_V0-pinn,20.874644399763227,0.19243127105871077,0.09645784583211789,0.2843657313341739
mlp_V0-pinn,21.07367257265238,0.18849040355122085,0.09564468903832408,0.2730955264311634
mlp_V0-pinn,21.27270074554153,0.18523106758067137,0.09492025880081045,0.2807674104019184
mlp_V0-pinn,21.471728918430685,0.18258621815992354,0.09422565066783406,0.2651887489245395
mlp_V0-pinn,21.670757091319835,0.17990248949586876,0.09352588388644377,0.25770136859337317
mlp_V0-pinn,21.86978526420899,0.17717811487787968,0.09282084178515311,0.2541360949417716
mlp_V0-pinn,22.06881343709814,0.17485015002964974,0.09211040322715068,0.2505200872776647
mlp_V0-pinn,22.267841609987293,0.1715996553650824,0.0913944423673133,0.24685111607396942
mlp_V0-pinn,22.466869782876444,0.17591281196063727,0.09349643020287345,0.333879673623303
mlp_V0-pinn,22.665897955765598,0.174637188234707,0.09613342489775183,0.492730475208728
mlp_V0-pinn,22.864926128654748,0.17285086883473014,0.09828834949200013,0.6116297948432795
mlp_V0-pinn,23.0639543015439,0.17138587909468767,0.09756710954207085,0.7109139826171995
mlp_V0-pinn,23.262982474433052,0.16990825833136164,0.096840498155097,0.7979388293730673
mlp_V0-pinn,23.462010647322202,0.16841767408836444,0.09610839350160962,0.8763641139171973
mlp_V0-pinn,23.661038820211356,0.1651863299233632,0.09585083702519234,0.8450782338935952
mlp_V0-pinn,23.860066993100506,0.1598046716759666,0.0959071148642097,0.7671801782561503
mlp_V0-pinn,24.05909516598966,0.15423534804115668,0.09596335969901976,0.6804216563407994
mlp_V0-pinn,24.25812333887881,0.1506964371814635,0.0955820168200898,0.6330044153799252
mlp_V0-pinn,24.457151511767965,0.14861684178455192,0.09265770417602379,0.7080983246071391
mlp_V0-pinn,24.656179684657115,0.14650773066579906,0.08963804073576774,0.7759586875165402
mlp_V0-pinn,24.85520785754627,0.15293153259085798,0.09107290783836548,0.7481676843337023
mlp_V0-pinn,25.05423603043542,0.167311809842907,0.0925502328968427,0.6775722551381208
mlp_V0-pinn,25.253264203324573,0.1805503524372898,0.09400434392294985,0.5987098111645252
mlp_V0-pinn,25.452292376213723,0.19288239374694097,0.09543630202134115,0.5077427646322158
mlp_V0-pinn,25.651320549102877,0.1937945578367074,0.09684708984080555,0.3964240054387073
mlp_V0-pinn,25.850348721992027,0.17902064872297044,0.09822742730867921,0.25115199287277606
mlp_V0-pinn,26.04937689488118,0.18993053588995867,0.09941995707184081,0.3831810208091168
mlp_V0-pinn,26.24840506777033,0.18892478137146876,0.09846598983391537,0.5221345439892486
mlp_V0-pinn,26.447433240659485,0.18791364391408,0.09645701253096893,0.6312062019224832
mlp_V0-pinn,26.646461413548636,0.1868970361505983,0.09440529317165577,0.7240290440748565
mlp_V0-pinn,26.845489586437786,0.17929055004825756,0.09230798173101312,0.8062349806244419
mlp_V0-pinn,27.04451775932694,0.1690431943063482,0.09016189662867471,0.8577696572109883
mlp_V0-pinn,27.24354593221609,0.16476356825568894,0.08921145717638332,0.7823824251217906
mlp_V0-pinn,27.442574105105244,0.16394910491013365,0.08848356489744687,0.6989103901410038
mlp_V0-pinn,27.641602277994394,0.16313057523751015,0.08774963488464047,0.6040109334727708
mlp_V0-pinn,27.84063045088355,0.16230791771755282,0.08700951435225188,0.6785923078484817
mlp_V0-pinn,28.0396586237727,0.1614810692629165,0.08626304395998176,0.7479646094810981
mlp_V0-pinn,28.238686796661852,0.14986792795225845,0.0855100574123814,0.8114275037249454
mlp_V0-pinn,28.437714969551003,0.14690002387762624,0.08696503667523665,0.7497010069147519
mlp_V0-pinn,28.636743142440157,0.14684936649367095,0.08856367684128313,0.6767388589912318
mlp_V0-pinn,28.835771315329307,0.14989909939226548,0.08868490206333736,0.5948944164879324
mlp_V0-pinn,29.03479948821846,0.1528880098556852,0.08803854822256077,0.49982321901676285
mlp_V0-pinn,29.23382766110761,0.15125854901348262,0.08738741380936146,0.3817684295067393
mlp_V0-pinn,29.432855833996765,0.149251364577531,0.08660628955127381,0.2348536037641539
mlp_V0-pinn,29.631884006885915,0.15656201013511817,0.08558420011537829,0.3735283067057812
mlp_V0-pinn,29.83091217977507,0.15318963806698235,0.0845497559366031,0.47648413683253665
mlp_V0-pinn,30.02994035266422,0.14974133499016654,0.08350249785778381,0.5608483479476474
mlp_V0-pinn,30.22896852555337,0.1462117286614911,0.08244193755631431,0.6340856457436669
mlp_V0-pinn,30.427996698442524,0.142594781782945,0.0813675548827004,0.6996987515214833
mlp_V0-pinn,30.627024871331674,0.14115367121529016,0.08042253460930295,0.7432733997134242
mlp_V0-pinn,30.826053044220828,0.1619310488141495,0.07964967186865397,0.6814115291708609
mlp_V0-pinn,31.025081217109978,0.17106322804892776,0.07886923598326517,0.613341664533229
mlp_V0-pinn,31.224109389999132,0.17973199885103522,0.07808099986798125,0.536706924510772
mlp_V0-pinn,31.423137562888282,0.1880014756097875,0.07728472485674907,0.4518916198304652
mlp_V0-pinn,31.622165735777436,0.18723405298789741,0.07648015985850924,0.5002763789815226
mlp_V0-pinn,31.821193908666586,0.1963929320434998,0.07585975484085557,0.541393089383391
mlp_V0-pinn,32.020222081555744,0.20195811613977716,0.07541039915901192,0.5677904237060617
mlp_V0-pinn,32.21925025444489,0.19863460218407444,0.07495834975590315,0.6287093477689569
mlp_V0-pinn,32.418278427334045,0.19840502129598023,0.07450355759918516,0.7476071338260551
mlp_V0-pinn,32.617306600223195,0.21247926515267485,0.0740459721506977,0.8500337694016309
mlp_V0-pinn,32.816334773112345,0.22567747730817767,0.07358554130091521,0.9413811086370286
mlp_V0-pinn,33.0153629460015,0.27158807365374626,0.0731196089138191,0.9857670640885258
mlp_V0-pinn,33.21439111889065,0.29418815105508267,0.07264903676214565,0.9090742463662274
mlp_V0-pinn,33.4134192917798,0.2698067479953531,0.07217539661979924,0.8252849605869094
mlp_V0-pinn,33.61244746466895,0.24299114038673883,0.07169862768549383,0.7319662198049506
mlp_V0-pinn,33.811475637558104,0.2128231832979379,0.07121866712274809,0.6875920336883504
mlp_V0-pinn,34.01050381044726,0.17874722303705923,0.07073544996321528,0.7566627290622073
mlp_V0-pinn,34.20953198333641,0.1769029841974972,0.07017204768117459,0.7550999154421987
mlp_V0-pinn,34.40856015622556,0.17430294030777263,0.06956719746850162,0.6850346402245411
mlp_V0-pinn,34.60758832911471,0.17166352024204198,0.06895704207311938,0.7565505473837472
mlp_V0-pinn,34.80661650200387,0.16898287890743524,0.06834143940045756,0.8863546560582495
mlp_V0-pinn,35.00564467489302,0.1662590224493093,0.06772024089723007,0.9994400541731457
mlp_V0-pinn,35.20467284778217,0.1634897908976427,0.067093291132805,1.1009706024481776
mlp_V0-pinn,35.40370102067132,0.1632270991623905,0.11839652231697788,1.0996373785120177
mlp_V0-pinn,35.60272919356048,0.16163543613110165,0.11536275532279403,1.056565289107194
mlp_V0-pinn,35.80175736644963,0.16400541112210898,0.11224702283169503,1.0116610381306368
mlp_V0-pinn,36.00078553933878,0.16828016542679433,0.10904229891877414,0.9646688043038122
mlp_V0-pinn,36.19981371222793,0.17276449912888625,0.105740492586348,0.9152670364010362
mlp_V0-pinn,36.39884188511708,0.17713534441900805,0.10233220700891653,0.863042057983112
mlp_V0-pinn,36.59787005800624,0.1782319734460395,0.10262172638691329,0.8078026036289835
mlp_V0-pinn,36.79689823089539,0.1736042036718317,0.10606222464300957,0.7485882780072104
mlp_V0-pinn,36.99592640378454,0.1688496452664083,0.10939457146411773,0.6842687874730489
mlp_V0-pinn,37.19495457667369,0.16395726845935502,0.112628366921534,0.6132398690968099
mlp_V0-pinn,37.393982749562845,0.15891434502496632,0.11577186966187189,0.5328250187349551
mlp_V0-pinn,37.593010922451995,0.15370605787923627,0.08856181747077717,0.4378833910185922
mlp_V0-pinn,37.792039095341146,0.1549590869097258,0.06279569168395377,0.3965338238866082
mlp_V0-pinn,37.991067268230296,0.15702829680364214,0.06190474364090845,0.35913153462956177
mlp_V0-pinn,38.19009544111945,0.15907059243684712,0.061000784227967154,0.33825125731837863
mlp_V0-pinn,38.389123614008604,0.15971941561548048,0.06008322617509333,0.3888647886429278
mlp_V0-pinn,38.588151786897754,0.1580435395493572,0.05915143665869693,0.4336101182112265
mlp_V0-pinn,38.787179959786904,0.1449370117721912,0.058236500924645176,0.47415150045528565
mlp_V0-pinn,38.98620813267606,0.1438353987929373,0.05797832114465193,0.4598570800552831
mlp_V0-pinn,39.18523630556521,0.14319072892180862,0.05771898652574029,0.41802174486979093
mlp_V0-pinn,39.38426447845436,0.14329040012953453,0.05745848143107147,0.3715048105893087
mlp_V0-pinn,39.58329265134351,0.1433900020552526,0.05719678986771006,0.3182600656664477
mlp_V0-pinn,39.78232082423266,0.14348953484323715,0.05693389547516643,0.25409272816242723
mlp_V0-pinn,39.98134899712182,0.1435889986372626,0.05667048629741068,0.1881740149118518
mlp_V0-pinn,40.18037717001097,0.14476105642629045,0.056410936545021585,0.19489452134507343
mlp_V0-pinn,40.37940534290012,0.14905059553140076,0.05615018705746127,0.2159535814762238
mlp_V0-pinn,40.57843351578927,0.15424364008995106,0.05588822104244624,0.23513405592234138
mlp_V0-pinn,40.77746168867843,0.15837831779372305,0.055625021312272496,0.2528637956619607
mlp_V0-pinn,40.97648986156758,0.15775265432632524,0.05536057027065571,0.2694293489185181
mlp_V0-pinn,41.17551803445673,0.15789082245783095,0.055123941341597295,0.2850337681060602
mlp_V0-pinn,41.37454620734588,0.16504232583881195,0.054997574435173835,0.2832146958841463
mlp_V0-pinn,41.57357438023504,0.16246935983447044,0.054870916508411936,0.3155522007376525
mlp_V0-pinn,41.77260255312419,0.16471090862274057,0.054743965541361184,0.37914115561252115
mlp_V0-pinn,41.97163072601334,0.16692235905844055,0.05461671949059527,0.4335006809314378
mlp_V0-pinn,42.17065889890249,0.16688950486308649,0.054489176288828184,0.4817651552954431
mlp_V0-pinn,42.369687071791645,0.16876631698372868,0.05575834715021896,0.5256162947870492
mlp_V0-pinn,42.568715244680796,0.1760144461259785,0.06003923365409661,0.49843453285765343
mlp_V0-pinn,42.767743417569946,0.17998504812855934,0.064034567841269,0.45167246821200835
mlp_V0-pinn,42.966771590459096,0.18261358704629468,0.06779485363554491,0.39947347037873276
mlp_V0-pinn,43.16579976334825,0.17754386088472252,0.07135725947870919,0.3482165463616932
mlp_V0-pinn,43.364827936237404,0.17232505012850768,0.07475008214817377,0.3800630691254009
mlp_V0-pinn,43.563856109126554,0.16214856929226446,0.07701199891328933,0.40174172244773315
mlp_V0-pinn,43.762884282015705,0.1481767084795612,0.07770710713718534,0.3711200088183295
mlp_V0-pinn,43.961912454904855,0.14729178825398856,0.07839605234091526,0.33773319400876556
mlp_V0-pinn,44.16094062779401,0.14640151924853353,0.07907899560344107,0.3006615368240626
mlp_V0-pinn,44.35996880068316,0.14550580328461019,0.0797560911069404,0.25832345831428605
mlp_V0-pinn,44.55899697357231,0.14460453914286583,0.08042748654327139,0.2421375216171752
mlp_V0-pinn,44.75802514646146,0.15655318189325512,0.07931721872465977,0.249132686839389
mlp_V0-pinn,44.95705331935062,0.15534583252582518,0.07618044037368031,0.4494779893822442
mlp_V0-pinn,45.15608149223977,0.1541290258367347,0.07290883214563393,0.584863653038983
mlp_V0-pinn,45.35510966512892,0.1529025360405116,0.069483351345143,0.6943345896274381
mlp_V0-pinn,45.55413783801807,0.15166612822202283,0.06588000017808854,0.7887556985912063
mlp_V0-pinn,45.75316601090722,0.15041955781113764,0.062067807539636095,0.8730238151202411
mlp_V0-pinn,45.95219418379638,0.154320403442067,0.11380576771091101,0.8863927263099084
mlp_V0-pinn,46.15122235668553,0.23756186228350465,0.12412742740071339,0.8039808787169085
mlp_V0-pinn,46.35025052957468,0.24772557130170858,0.13365434411933236,0.7120944048577494
mlp_V0-pinn,46.54927870246383,0.2300745045013537,0.14254595459296082,0.7687661065504622
mlp_V0-pinn,46.74830687535299,0.2109516450903586,0.14887370819607565,0.8738583880003512
mlp_V0-pinn,46.94733504824214,0.2112352646554161,0.14985878953129228,0.967603037395182
mlp_V0-pinn,47.14636322113129,0.17430495652698946,0.14933043817900243,0.988971521958074
mlp_V0-pinn,47.34539139402044,0.1743334118657112,0.14754539024615995,0.8994728550243174
mlp_V0-pinn,47.544419566909596,0.1743618625606061,0.14573848015898336,0.8000238512738967
mlp_V0-pinn,47.74344773979875,0.17439030861394705,0.14390888442069572,0.6863125441725844
mlp_V0-pinn,47.9424759126879,0.16887480532189636,0.13894161705445043,0.6613480687702301
mlp_V0-pinn,48.14150408557705,0.16060655777479776,0.13367977767594513,0.6981305512373893
mlp_V0-pinn,48.340532258466204,0.162631675999944,0.13194395388368693,0.6670307138447493
mlp_V0-pinn,48.539560431355355,0.17219962959447474,0.1312363562848992,0.6033198303047391
mlp_V0-pinn,48.738588604244505,0.17057900726834233,0.13052492273666935,0.5320335159232383
mlp_V0-pinn,48.937616777133655,0.16894283947191155,0.12980959016917823,0.4495825914026767
mlp_V0-pinn,49.136644950022806,0.1672906700835733,0.12909029376512593,0.34812260903171693
mlp_V0-pinn,49.33567312291196,0.16562202023037223,0.12836696689118665,0.31202202923084765
mlp_V0-pinn,49.53470129580111,0.1657944111677302,0.12536290059136662,0.33437033241591163
mlp_V0-pinn,49.733729468690264,0.16795359833629248,0.1219445173850773,0.3557415140486088
mlp_V0-pinn,49.932757641579414,0.1700853774248773,0.11842750438930127,0.3758996281393025
mlp_V0-pinn,50.13178581446857,0.17219076639999392,0.11480279731555539,0.39503042421177603
mlp_V0-pinn,50.33081398735772,0.1742707217322278,0.11105985209370237,0.41327659221229196
mlp_V0-pinn,50.52984216024687,0.17369552427822368,0.10718628281022528,0.4307505627254298
mlp_V0-pinn,50.72887033313602,0.1721387699759363,0.10558889501872613,0.439844143055156
mlp_V0-pinn,50.92789850602518,0.17061513925534713,0.10402637999162571,0.44250648311798807
mlp_V0-pinn,51.12692667891433,0.16907777901727566,0.10244003473763884,0.44515290072398256
mlp_V0-pinn,51.32595485180348,0.16752631128186374,0.10082873449535704,0.4477836781801024
mlp_V0-pinn,51.52498302469263,0.16596034040095578,0.09919126313754528,0.45039908954839947
mlp_V0-pinn,51.72401119758179,0.16437945187977207,0.09030285269155056,0.4529994009792429
mlp_V0-pinn,51.92303937047094,0.16314722904733028,0.0886021392954585,0.43231629250497394
mlp_V0-pinn,52.12206754336009,0.183423090287176,0.08718955219582661,0.39609946419589603
mlp_V0-pinn,52.32109571624924,0.18416442299680277,0.08575369925831604,0.3562193064774924
mlp_V0-pinn,52.52012388913839,0.1819708217937512,0.08429339156103907,0.3112709480152868
mlp_V0-pinn,52.71915206202755,0.17975045276950205,0.082807335334737,0.2837532333048506
mlp_V0-pinn,52.9181802349167,0.1775023114142147,0.08145459435023172,0.2997513299064681
mlp_V0-pinn,53.11720840780585,0.16739378154908413,0.08317354404897047,0.2766350059338218
mlp_V0-pinn,53.316236580695,0.16514748423704112,0.08485768037467945,0.2514020549544394
mlp_V0-pinn,53.515264753584155,0.1628702090572274,0.08650903656541607,0.2279470477932543
mlp_V0-pinn,53.714292926473306,0.16056063791249153,0.08812945532783985,0.23056189151915665
mlp_V0-pinn,53.913321099362456,0.15241782512961702,0.08972061293419115,0.23314741054560859
mlp_V0-pinn,54.112349272251606,0.1513599945035313,0.0917069479602766,0.23570456989068697
mlp_V0-pinn,54.311377445140764,0.15390662307180808,0.0963316814480598,0.270783294997113
mlp_V0-pinn,54.510405618029914,0.15334446116379666,0.10074433679880981,0.3928857922017026
mlp_V0-pinn,54.709433790919064,0.1605550418533181,0.10497166257354211,0.48517512155759324
mlp_V0-pinn,54.908461963808215,0.1674554243953486,0.10903521674154244,0.5625216008678167
mlp_V0-pinn,55.10749013669737,0.16525978382618256,0.11295267609178955,0.630449208348587
mlp_V0-pinn,55.30651830958652,0.17584889775009632,0.11605496526372948,0.6917382866170023
mlp_V0-pinn,55.50554648247567,0.1706224783236386,0.11644320292707912,0.6562403050409149
mlp_V0-pinn,55.70457465536482,0.16638249231823163,0.1168301504469989,0.5925701570714588
mlp_V0-pinn,55.90360282825397,0.167608148190421,0.11721582060037744,0.5211788984055221
mlp_V0-pinn,56.10263100114313,0.16882490612945075,0.11760022595459305,0.43830981877513425
mlp_V0-pinn,56.30165917403228,0.1700329571565865,0.11798337887229206,0.3355645248326933
mlp_V0-pinn,56.50068734692143,0.17020695926954724,0.1171887006787667,0.2843290166801939
mlp_V0-pinn,56.69971551981058,0.1637752425918193,0.1132744209437166,0.2769212277771167
mlp_V0-pinn,56.89874369269974,0.1666913048434324,0.10921994924687979,0.26930975299985954
mlp_V0-pinn,57.09777186558889,0.1691069940171427,0.10500904811894889,0.26147680533482337
mlp_V0-pinn,57.29680003847804,0.17702178602378377,0.10062208038102001,0.2534018476557834
mlp_V0-pinn,57.49582821136719,0.18459753527224199,0.09603492038608236,0.2492871696065974
mlp_V0-pinn,57.69485638425635,0.18821373188548612,0.09440160929726647,0.2537044077514621
mlp_V0-pinn,57.8938845571455,0.18379789912342734,0.09810978760633678,0.25305480839822625
mlp_V0-pinn,58.09291273003465,0.1763461370444381,0.10168282554299558,0.2511767981249782
mlp_V0-pinn,58.2919409029238,0.17439426000897162,0.10513450240836278,0.24928464007870424
mlp_V0-pinn,58.490969075812956,0.16430370452945897,0.10847640380700693,0.2473780096169062
mlp_V0-pinn,58.689997248702106,0.15275248748934003,0.11171838151865428,0.24545656948811778
mlp_V0-pinn,58.889025421591256,0.14973987718072243,0.11525798804507584,0.24351996913544532
mlp_V0-pinn,59.08805359448041,0.15379596107821544,0.11914901763423615,0.24208576530773884
mlp_V0-pinn,59.28708176736956,0.15357885797727122,0.12291693535964923,0.2407102033327847
mlp_V0-pinn,59.486109940258714,0.15519444828703885,0.12657273637404262,0.2393267352645489
mlp_V0-pinn,59.685138113147865,0.1569705240890527,0.1301258705570017,0.23793522319376006
mlp_V0-pinn,59.884166286037015,0.15872672770036364,0.1311351088717138,0.25495230446471584
mlp_V0-pinn,60.083194458926165,0.18305282862611805,0.12942061588023246,0.26397923704942106
mlp_V0-pinn,60.28222263181532,0.18185870783835092,0.12800756158514826,0.24857200509085792
mlp_V0-pinn,60.48125080470447,0.18065669421653444,0.12438421081887288,0.2541783286842243
mlp_V0-pinn,60.68027897759362,0.17944662915156184,0.11984941775522483,0.2829646109267941
mlp_V0-pinn,60.879307150482774,0.1782283486498989,0.11513615405900522,0.30908141209266915
mlp_V0-pinn,61.07833532337193,0.1737816394262366,0.11022152696606743,0.33315712143888704
mlp_V0-pinn,61.27736349626108,0.17355588468777716,0.10731890474077675,0.32232598529309203
mlp_V0-pinn,61.47639166915023,0.1719396557288124,0.10580338274226286,0.3220113078829149
mlp_V0-pinn,61.67541984203938,0.1703080893983843,0.10426583469503142,0.4037288891197764
mlp_V0-pinn,61.87444801492853,0.16866074059161956,0.10270527138174297,0.47148992504115295
mlp_V0-pinn,62.07347618781769,0.16699714224889928,0.10112062724559867,0.5306679591992882
mlp_V0-pinn,62.27250436070684,0.16531680380918518,0.09951075187882547,0.5838785973352343
mlp_V0-pinn,62.47153253359599,0.16400544742162637,0.10850924415630289,0.5832511103790253
mlp_V0-pinn,62.67056070648514,0.1633656304102534,0.12095311287051023,0.5307225112421039
mlp_V0-pinn,62.8695888793743,0.1627232977010703,0.1322310665417198,0.47238851607536164
mlp_V0-pinn,63.06861705226345,0.16207841938420675,0.14261996495741738,0.40575292519049244
mlp_V0-pinn,63.2676452251526,0.1651800783072167,0.15230185110545832,0.32576059074326424
mlp_V0-pinn,63.46667339804175,0.1614040064429735,0.15536324084224865,0.23434437171242342
mlp_V0-pinn,63.665701570930906,0.17737164232275004,0.15705525694894648,0.29234175568541465
mlp_V0-pinn,63.86472974382006,0.19705804711061367,0.14857871298851077,0.3720537225049629
mlp_V0-pinn,64.0637579167092,0.2148928630598742,0.1395883740550943,0.43747484812543125
mlp_V0-pinn,64.26278608959836,0.22170446719287662,0.12997766881032868,0.49431216154869206
mlp_V0-pinn,64.46181426248751,0.21743954486338135,0.11959713461195567,0.5452566215714465
mlp_V0-pinn,64.66084243537667,0.2130892783964304,0.10822548140531792,0.5830269506314042
mlp_V0-pinn,64.85987060826582,0.2106782104765018,0.10581821783801007,0.5629444837092604
mlp_V0-pinn,65.05889878115497,0.21278101083721132,0.10495337179858998,0.5421185832590684
mlp_V0-pinn,65.25792695404412,0.21486323272312033,0.10408133971742274,0.5204600127684655
mlp_V0-pinn,65.45695512693327,0.21692546872037416,0.1032019394335885,0.4978601123479214
mlp_V0-pinn,65.65598329982242,0.21372859096912442,0.10231498095750477,0.47418430809466566
mlp_V0-pinn,65.85501147271158,0.183163070918675,0.10142026599164027,0.447867238112262
mlp_V0-pinn,66.05403964560072,0.21540442893260447,0.1082655495913889,0.4148617865751008
mlp_V0-pinn,66.25306781848988,0.22093158364478965,0.1152018497530046,0.3874582681925891
mlp_V0-pinn,66.45209599137903,0.2201174685390465,0.1217435959083766,0.46724167861094146
mlp_V0-pinn,66.65112416426818,0.21923123127777508,0.1279513192698319,0.5402619967763052
mlp_V0-pinn,66.85015233715734,0.21834139685158305,0.13387149457998446,0.6045256521358465
mlp_V0-pinn,67.04918051004648,0.19645233325253683,0.13953566677973248,0.6625854684641185
mlp_V0-pinn,67.24820868293564,0.1920406837098429,0.14232528326700153,0.6366047177281434
mlp_V0-pinn,67.4472368558248,0.18752527605398173,0.14506126364539884,0.5784564570151698
mlp_V0-pinn,67.64626502871394,0.18456137630242206,0.14421261921748563,0.5137686042289484
mlp_V0-pinn,67.8452932016031,0.18367090272047032,0.1430801710501412,0.4396640589361106
mlp_V0-pinn,68.04432137449224,0.18277609085889965,0.14193868800967496,0.3502153491053677
mlp_V0-pinn,68.2433495473814,0.18078875659830876,0.14183255812823903,0.24159008719068806
mlp_V0-pinn,68.44237772027056,0.1806969741553772,0.143536961610994,0.24065485022031832
mlp_V0-pinn,68.6414058931597,0.18048910654820266,0.14522136258771157,0.23971596450867322
mlp_V0-pinn,68.84043406604886,0.17982861565428482,0.14134588005843057,0.23877338701388617
mlp_V0-pinn,69.039462238938,0.1791656898898462,0.13649209241590124,0.23782707384114765
mlp_V0-pinn,69.23849041182716,0.17722010023491064,0.1314592133501852,0.23687698021885176
mlp_V0-pinn,69.43751858471632,0.17783242472856467,0.12670923693843192,0.2362077007567205
mlp_V0-pinn,69.63654675760546,0.1796512734270762,0.12449394724507439,0.2950423924779377
mlp_V0-pinn,69.83557493049462,0.1786618240888851,0.12223851715314207,0.3571376575351375
mlp_V0-pinn,70.03460310338377,0.1776668644670844,0.11994068221808082,0.40993243284749364
mlp_V0-pinn,70.23363127627292,0.1768830714983684,0.1175979567257796,0.4566638726359265
mlp_V0-pinn,70.43265944916207,0.1766706949551121,0.1152076021850033,0.49903826069893825
mlp_V0-pinn,70.63168762205122,0.17645806280572057,0.11791537567838374,0.4891168944936822
mlp_V0-pinn,70.83071579494037,0.1776946838928991,0.13629366409905963,0.4457910819040142
mlp_V0-pinn,71.02974396782953,0.17916869570087338,0.1521191317565222,0.4082770158986371
mlp_V0-pinn,71.22877214071868,0.1806306794387569,0.15139945909043767,0.43353114315398156
mlp_V0-pinn,71.42780031360783,0.18208092483800103,0.1484987961988452,0.4573930284314593
mlp_V0-pinn,71.62682848649698,0.19159096432031386,0.1446904194576919,0.48007032071458433
mlp_V0-pinn,71.82585665938613,0.18494730292862183,0.14253535433330736,0.499924890152164
mlp_V0-pinn,72.02488483227529,0.1854902048462775,0.14118747194854053,0.4641242943945074
mlp_V0-pinn,72.22391300516443,0.17954419248353648,0.1398265970247377,0.4253208500658626
mlp_V0-pinn,72.42294117805359,0.16932442663962322,0.1384523464438824,0.38260199993504235
mlp_V0-pinn,72.62196935094275,0.1682432229200954,0.13706431788074996,0.33447085853305714
mlp_V0-pinn,72.82099752383189,0.1676898551553717,0.13566208842714217,0.2781316595811935
mlp_V0-pinn,73.02002569672105,0.1699029437047545,0.13471055564196896,0.21469627112319573
mlp_V0-pinn,73.21905386961019,0.18168586529407396,0.1338881591372585,0.30544920391449515
mlp_V0-pinn,73.41808204249935,0.1927498301316297,0.1330606798154875,0.38992035324091234
mlp_V0-pinn,73.61711021538851,0.20049443583146945,0.13222802225230287,0.4591040705232713
mlp_V0-pinn,73.81613838827765,0.1955314010274841,0.1312032104995534,0.5191485464397947
mlp_V0-pinn,74.01516656116681,0.1904390684081453,0.1293061739560513,0.5729344456131702
mlp_V0-pinn,74.21419473405597,0.18794358247233964,0.1290640965673944,0.6160853585551422
mlp_V0-pinn,74.41322290694511,0.1956803217531839,0.13061594387135828,0.5668888400528999
mlp_V0-pinn,74.61225107983427,0.19419870729683025,0.13214956891361376,0.5129958527386184
mlp_V0-pinn,74.81127925272341,0.1927057018100149,0.13366559892022353,0.45273229714426866
mlp_V0-pinn,75.01030742561257,0.19120103845016312,0.1351646259394454,0.38310353799988106
mlp_V0-pinn,75.20933559850172,0.18971786040530833,0.1366472095434017,0.37312264955648283
mlp_V0-pinn,75.40836377139087,0.18888057221997814,0.13628054419233532,0.34645047988381755
mlp_V0-pinn,75.60739194428002,0.1880395558586668,0.1344195296552074,0.3157197918185902
mlp_V0-pinn,75.80642011716917,0.18719476107226665,0.13253238540106094,0.28165588735231845
mlp_V0-pinn,76.00544829005833,0.18634613647264409,0.13061797888293739,0.24414890981875662
mlp_V0-pinn,76.20447646294748,0.18549362949616247,0.12867509329637805,0.257627609885456
mlp_V0-pinn,76.40350463583663,0.16615301646211444,0.1267024185333483,0.27043535379993794
mlp_V0-pinn,76.60253280872578,0.16583250608227845,0.1252226990837103,0.2811070944448925
mlp_V0-pinn,76.80156098161494,0.16613533720413182,0.1240423076483878,0.28564072111935596
mlp_V0-pinn,77.00058915450408,0.16643761732953355,0.12285057512142601,0.2901035066591258
mlp_V0-pinn,77.19961732739324,0.16673934945517185,0.12164716818978139,0.29449867162732235
mlp_V0-pinn,77.39864550028238,0.16704053655066958,0.12043173688658985,0.2988291997188247
mlp_V0-pinn,77.59767367317154,0.16734118155892547,0.11920391340240737,0.3030978614555523
mlp_V0-pinn,77.7967018460607,0.1723484885635949,0.13667486351220345,0.3020796149911947
mlp_V0-pinn,77.99573001894984,0.1785031006470713,0.13610404592569492,0.2875063817003736
mlp_V0-pinn,78.194758191839,0.17797847969920733,0.13553082423791238,0.2721538999236514
mlp_V0-pinn,78.39378636472814,0.17745230776595677,0.1349551678146196,0.2952819667644167
mlp_V0-pinn,78.5928145376173,0.1769245710094743,0.13437704536540593,0.3247993842963491
mlp_V0-pinn,78.79184271050646,0.1762404688212883,0.13358949945066054,0.3518491724905898
mlp_V0-pinn,78.9908708833956,0.17523064965178733,0.13233889987833317,0.39318172935426715
mlp_V0-pinn,79.18989905628476,0.17421497726782093,0.13107636887912683,0.4337475526759854
mlp_V0-pinn,79.38892722917392,0.17319334869291972,0.12980155829598644,0.4708311869521828
mlp_V0-pinn,79.58795540206306,0.17662528804230646,0.12851410270315017,0.50520003341369
mlp_V0-pinn,79.78698357495222,0.18062310899449324,0.12721361818266655,0.5373752328825623
mlp_V0-pinn,79.98601174784136,0.17031448698502474,0.12621776679334346,0.567729872448139
mlp_V0-pinn,80.18503992073052,0.20641332295578516,0.12568004634887872,0.5315959345116664
mlp_V0-pinn,80.38406809361967,0.21398930202534872,0.12514001536764238,0.4842440740855324
mlp_V0-pinn,80.58309626650882,0.21415643227880662,0.12459764380665972,0.4317295553753307
mlp_V0-pinn,80.78212443939798,0.2143234322034767,0.12405290096619552,0.3921142098825616
mlp_V0-pinn,80.98115261228712,0.21449030210377681,0.12350575546947677,0.43680955212145856
mlp_V0-pinn,81.18018078517628,0.20514547540087832,0.12254663610267963,0.47733805217819747
mlp_V0-pinn,81.37920895806543,0.2038981505646327,0.12117998341102756,0.47126559426271325
mlp_V0-pinn,81.57823713095458,0.2049923764625798,0.11979774095913191,0.4310686892975974
mlp_V0-pinn,81.77726530384373,0.20608079243800115,0.11839936274459252,0.3867158769040991
mlp_V0-pinn,81.97629347673289,0.2071634900651487,0.11698427012953466,0.3365681565547519
mlp_V0-pinn,82.17532164962203,0.18774132204076424,0.11555184904255877,0.2775014929034154
mlp_V0-pinn,82.37434982251119,0.1804753729291225,0.11466903615092115,0.22352163045114004
mlp_V0-pinn,82.57337799540034,0.18585421570680405,0.11415457468622112,0.20880725654416663
mlp_V0-pinn,82.77240616828949,0.20492949895961118,0.11363778417323527,0.22220997981006937
mlp_V0-pinn,82.97143434117865,0.20281334200064607,0.11311863269070027,0.25340236928330334
mlp_V0-pinn,83.1704625140678,0.20067487098066078,0.11259708758144828,0.2811551998266985
mlp_V0-pinn,83.36949068695695,0.19851336477108686,0.11207311542843404,0.30640452349923125
mlp_V0-pinn,83.56851885984611,0.19615575144848732,0.13026068083391648,0.32572342666151494
mlp_V0-pinn,83.76754703273525,0.19841278870506862,0.1525330069847342,0.3019331644513995
mlp_V0-pinn,83.96657520562441,0.20470021218785156,0.17194415217824344,0.27762166222655116
mlp_V0-pinn,84.16560337851355,0.21033336428859692,0.182643649707482,0.2901029678020592
mlp_V0-pinn,84.36463155140271,0.21401388719362138,0.18151739107687712,0.302068992976261
mlp_V0-pinn,84.56365972429187,0.21763217521885078,0.1772996792825608,0.3135787319124533
mlp_V0-pinn,84.76268789718101,0.21414134303978025,0.1376662897551816,0.30149796830613923
mlp_V0-pinn,84.96171607007017,0.20657265280243461,0.13962505164380548,0.28242243547441
mlp_V0-pinn,85.16074424295931,0.19871589511860838,0.14155671216199192,0.3244336850928708
mlp_V0-pinn,85.35977241584847,0.1905354378055277,0.14346236603963683,0.36699587597533456
mlp_V0-pinn,85.55880058873763,0.18198763459833875,0.1453430362324541,0.4051107625611374
mlp_V0-pinn,85.75782876162677,0.17301804886673827,0.13263424967156764,0.4399357758841934
mlp_V0-pinn,85.95685693451593,0.17876079204258047,0.14817011555388254,0.4721993687657686
mlp_V0-pinn,86.15588510740508,0.21197390541866906,0.14639445747110164,0.4501481860866459
mlp_V0-pinn,86.35491328029423,0.21891873521651412,0.14459699586528588,0.41755072168694374
mlp_V0-pinn,86.55394145318338,0.22039865898313019,0.14277690726540052,0.38218296786418343
mlp_V0-pinn,86.75296962607253,0.2344975840927712,0.14093331502267337,0.36618118000402894
mlp_V0-pinn,86.95199779896168,0.24779561135970696,0.13906528437495597,0.39779244077224774
mlp_V0-pinn,87.15102597185084,0.24740547317721423,0.13904222925845633,0.42707024630842805
mlp_V0-pinn,87.35005414473999,0.23536952654814286,0.14292876999501028,0.41839204536258656
mlp_V0-pinn,87.54908231762914,0.22930027446032955,0.14671238893635413,0.40739303651208114
mlp_V0-pinn,87.74811049051829,0.21720130757777387,0.1504008538623949,0.39608871326305134
mlp_V0-pinn,87.94713866340744,0.20438737769100762,0.15400100200213948,0.3844521444214155
mlp_V0-pinn,88.1461668362966,0.19071442605455538,0.153889274582716,0.3724521901211887
mlp_V0-pinn,88.34519500918574,0.18253628263422214,0.15166022916338082,0.3598254058265946
mlp_V0-pinn,88.5442231820749,0.181289555497462,0.14939792966498483,0.3396933543085402
mlp_V0-pinn,88.74325135496406,0.18003419504920193,0.147100841827905,0.31829047620766365
mlp_V0-pinn,88.9422795278532,0.17877001941478007,0.1447673096550908,0.31648856158295496
mlp_V0-pinn,89.14130770074236,0.17749684024260143,0.14239554144378086,0.3186522817530775
mlp_V0-pinn,89.3403358736315,0.1762144623765437,0.14026286149100456,0.32080140853811323
mlp_V0-pinn,89.53936404652066,0.17571494296956186,0.13920559648335765,0.3224885752893073
mlp_V0-pinn,89.73839221940982,0.17391385857850916,0.13814023986851207,0.31474080832625395
mlp_V0-pinn,89.93742039229896,0.1720939256003391,0.13706660296940584,0.30679744402390413
mlp_V0-pinn,90.13644856518812,0.17025453959117906,0.13598448966045867,0.298642875175915
mlp_V0-pinn,90.33547673807726,0.1683950630935293,0.13489369594928471,0.3077165074013293
mlp_V0-pinn,90.53450491096642,0.17678357633125077,0.13868601187660706,0.316995357498726
mlp_V0-pinn,90.73353308385558,0.18994446773742557,0.1376539402459816,0.2968279005208057
mlp_V0-pinn,90.93256125674472,0.20841270742261267,0.1369614990298453,0.3495634346560249
mlp_V0-pinn,91.13158942963388,0.22537260793271602,0.13626553917906153,0.40496762469377545
mlp_V0-pinn,91.33061760252303,0.22576323899856438,0.1355660065024355,0.4536551104657813
mlp_V0-pinn,91.52964577541218,0.20971174322646594,0.13486284540330756,0.4976013881143408
mlp_V0-pinn,91.72867394830133,0.21211752152723534,0.13415599882798557,0.5064398238920673
mlp_V0-pinn,91.92770212119048,0.20094106796974953,0.13361560306154102,0.46699833957431297
mlp_V0-pinn,92.12673029407964,0.18910521583179435,0.13318063576952363,0.42390282271589064
mlp_V0-pinn,92.3257584669688,0.17647734277452035,0.1327442432139705,0.3758985994225494
mlp_V0-pinn,92.52478663985794,0.16862791096917043,0.13230641129183796,0.3207895119687853
mlp_V0-pinn,92.7238148127471,0.16786785727587109,0.1318671256659529,0.27148439577948164
mlp_V0-pinn,92.92284298563625,0.16829179769778124,0.13142637175953478,0.2722108178462456
mlp_V0-pinn,93.1218711585254,0.17080910565859664,0.1333384237183101,0.2726829140389473
mlp_V0-pinn,93.32089933141455,0.1732898496145357,0.136255452320285,0.2724328518678409
mlp_V0-pinn,93.5199275043037,0.1757355780226847,0.13911132712445548,0.27218255995731605
mlp_V0-pinn,93.71895567719285,0.1786690127585952,0.1419097402634827,0.27193203767300195
mlp_V0-pinn,93.91798385008201,0.18320145290612577,0.14465402666006563,0.27168128437760297
mlp_V0-pinn,94.11701202297115,0.18110304061406235,0.14734721061592168,0.27143029943087965
mlp_V0-pinn,94.31604019586031,0.1794538366387377,0.15813253766174715,0.271229998334824
mlp_V0-pinn,94.51506836874945,0.18586388846150362,0.15597269575955788,0.2711286368013057
mlp_V0-pinn,94.71409654163861,0.18251516419387184,0.15029283366279736,0.27102723735956885
mlp_V0-pinn,94.91312471452777,0.17910383939882957,0.1443897152787654,0.27092579996704963
mlp_V0-pinn,95.11215288741691,0.17562626629888695,0.1382347420374948,0.2812666431691027
mlp_V0-pinn,95.31118106030607,0.1727578390259067,0.13979801510536433,0.29744603532645564
mlp_V0-pinn,95.51020923319523,0.24962542654623007,0.14422124733246552,0.3144598882798774
mlp_V0-pinn,95.70923740608437,0.24321858076081343,0.1485127985624964,0.3378905537940113
mlp_V0-pinn,95.90826557897353,0.2269589708966218,0.15268377284962917,0.3977732187371687
mlp_V0-pinn,96.10729375186267,0.2094408530196615,0.15674379619726453,0.44975219926736115
mlp_V0-pinn,96.30632192475183,0.1903170180429295,0.16070127815628016,0.49631698333538
mlp_V0-pinn,96.50535009764099,0.20040710192821862,0.15923962513930828,0.5284076582860135
mlp_V0-pinn,96.70437827053013,0.22827383747698285,0.1566639771543958,0.48916854168137713
mlp_V0-pinn,96.90340644341929,0.2530906621147241,0.15404527016808608,0.44649420041704807
mlp_V0-pinn,97.10243461630843,0.2756824652074738,0.1513812695959585,0.3992847102525162
mlp_V0-pinn,97.30146278919759,0.2507855543223284,0.14746310680812533,0.34568698077424
mlp_V0-pinn,97.50049096208674,0.2154149597264866,0.14194275349198726,0.31605806170587214
mlp_V0-pinn,97.69951913497589,0.21397665664784463,0.13628791571476026,0.308670923265462
mlp_V0-pinn,97.89854730786504,0.21033419213732477,0.13858198523431198,0.2881090800765791
mlp_V0-pinn,98.0975754807542,0.2166832003519076,0.14083869245733763,0.26687197184168676
mlp_V0-pinn,98.29660365364334,0.21992223134671235,0.14281863140668624,0.2653740400005515
mlp_V0-pinn,98.4956318265325,0.21935635171861387,0.14207074312196963,0.284870580391813
mlp_V0-pinn,98.69465999942165,0.22054727603331978,0.14151211881549244,0.3100891781303242
mlp_V0-pinn,98.8936881723108,0.21722742240301146,0.14611067385536822,0.33340568263650305
mlp_V0-pinn,99.09271634519996,0.21385603831081176,0.1481476374494252,0.32666488939354554
mlp_V0-pinn,99.2917445180891,0.21043064700783135,0.14703623686226508,0.30531390346301096
mlp_V0-pinn,99.49077269097826,0.20694856674612064,0.14591637132065025,0.28235298711567275
mlp_V0-pinn,99.68980086386742,0.20079002758226486,0.14478784440744896,0.26730836783583767
mlp_V0-pinn,99.88882903675656,0.20006124009290252,0.14365045198997958,0.26921084423914227
mlp_V0-pinn,100.08785720964572,0.19833390375428844,0.1463890499442013,0.27109997011590403
mlp_V0-pinn,100.28688538253486,0.19659139088302105,0.15922375362009752,0.2698144794587505
mlp_V0-pinn,100.48591355542402,0.19483329428058785,0.1556317643626517,0.2671779548493153
mlp_V0-pinn,100.68494172831318,0.20096632657982527,0.15195488949155395,0.2719509475602787
mlp_V0-pinn,100.88396990120232,0.20469282341778045,0.14818681048645618,0.2868945920775129
mlp_V0-pinn,101.08299807409148,0.20569271650252902,0.14665459927105773,0.30109748595382224
mlp_V0-pinn,101.28202624698062,0.20280432440654775,0.15200597930931753,0.30286442036221567
mlp_V0-pinn,101.48105441986978,0.19961072984890088,0.15717526524302391,0.29330268296212436
mlp_V0-pinn,101.68008259275894,0.20365645651618242,0.1621798700907273,0.2834185430493566
mlp_V0-pinn,101.87911076564808,0.200441198678891,0.16703459677885693,0.27317700718702514
mlp_V0-pinn,102.07813893853724,0.1897076484732624,0.17175215509421002,0.2625362526720825
mlp_V0-pinn,102.2771671114264,0.18636064691143212,0.17133857548897188,0.25144560182778924
mlp_V0-pinn,102.47619528431554,0.1970292413580157,0.16156183777489805,0.25871256607159365
mlp_V0-pinn,102.6752234572047,0.219034010973591,0.1648910880013344,0.25691950392678736
mlp_V0-pinn,102.87425163009384,0.2223357027862157,0.16815443609766903,0.25367342449178376
mlp_V0-pinn,103.073279802983,0.2341471113845524,0.17135564728478134,0.25746193891390323
mlp_V0-pinn,103.27230797587215,0.23323463798329275,0.17449814134668518,0.2746671185314515
mlp_V0-pinn,103.4713361487613,0.23231858070474107,0.17758503543516546,0.2908563253832272
mlp_V0-pinn,103.67036432165045,0.23138967697815074,0.17686219275023504,0.2858429754644255
mlp_V0-pinn,103.8693924945396,0.22012324100683853,0.1740568260417323,0.2714329660545784
mlp_V0-pinn,104.06842066742875,0.205414377725068,0.1701807876251242,0.2562137847579928
mlp_V0-pinn,104.26744884031791,0.1920614002112808,0.1662143864462201,0.24247337139791367
mlp_V0-pinn,104.46647701320705,0.19003013414440045,0.16215099150692622,0.24182145702092908
mlp_V0-pinn,104.66550518609621,0.1882822991855542,0.15798311881864158,0.24116778042346265
mlp_V0-pinn,104.86453335898537,0.18678276063199686,0.15485582014585517,0.2405128800971107
mlp_V0-pinn,105.06356153187451,0.18527108558007957,0.15284470375261267,0.2447956471672133
mlp_V0-pinn,105.26258970476367,0.18374697449137078,0.1508067700648826,0.24900476351150913
mlp_V0-pinn,105.46161787765281,0.18221011529946354,0.14874091679689508,0.2531439030093955
mlp_V0-pinn,105.66064605054197,0.18004126591999073,0.1466459640145589,0.25721644389548276
mlp_V0-pinn,105.85967422343113,0.1793356239841329,0.14452064625491318,0.26122550103243336
mlp_V0-pinn,106.05870239632027,0.17813788918103737,0.14326092963101017,0.2646041630038838
mlp_V0-pinn,106.25773056920943,0.17693204654322167,0.14259235715032673,0.26137905869637734
mlp_V0-pinn,106.45675874209857,0.175717929153715,0.1419206351332724,0.25811366017904347
mlp_V0-pinn,106.65578691498773,0.1744953642884739,0.14124571864512042,0.2548064183199495
mlp_V0-pinn,106.85481508787689,0.1732641731295435,0.14056756167239157,0.2514556821053353
mlp_V0-pinn,107.05384326076603,0.17316773628184554,0.13988611708624524,0.24805968900463843
mlp_V0-pinn,107.25287143365519,0.18704633390998143,0.13969810295253557,0.2448735405381813
mlp_V0-pinn,107.45189960654434,0.19186422031498698,0.13974464580059445,0.27736509146899174
mlp_V0-pinn,107.65092777943349,0.19052689472600887,0.13979117315242034,0.3161987342498238
mlp_V0-pinn,107.84995595232265,0.18918011573839738,0.1398376850234812,0.35075901288032624
mlp_V0-pinn,108.04898412521179,0.18782367999709526,0.13988418142921918,0.382206921303591
mlp_V0-pinn,108.24801229810095,0.18649499114393114,0.13993066238505084,0.41125706835014963
mlp_V0-pinn,108.4470404709901,0.18552516548110776,0.13932712394837116,0.41824640411950237
mlp_V0-pinn,108.64606864387925,0.18455024338052198,0.13850681778321755,0.3935267646161738
mlp_V0-pinn,108.8450968167684,0.18357014364222565,0.1376816243263496,0.3671465298483038
mlp_V0-pinn,109.04412498965756,0.18351128276414477,0.13685145516891914,0.3387179273230595
mlp_V0-pinn,109.2431531625467,0.18159407547291376,0.13601621920403217,0.30767368135804013
mlp_V0-pinn,109.44218133543586,0.1766473947297067,0.13517582251004787,0.27312333131899735
mlp_V0-pinn,109.641209508325,0.17987805361854592,0.13469401700451547,0.25736823320701674
mlp_V0-pinn,109.84023768121416,0.18129743976821258,0.13427855696554203,0.28699712587790915
mlp_V0-pinn,110.03926585410332,0.18053838519265147,0.13386180749072504,0.3138411908278763
mlp_V0-pinn,110.23829402699246,0.18181687861425105,0.13344375649920662,0.33856348866695213
mlp_V0-pinn,110.43732219988162,0.18308644452850253,0.1330243917202975,0.3615994726993065
mlp_V0-pinn,110.63635037277076,0.18355161564620753,0.1326037006892748,0.38325333847795034
mlp_V0-pinn,110.83537854565992,0.1826600469955462,0.13274734567960098,0.38984714098183937
mlp_V0-pinn,111.03440671854908,0.18176410517617933,0.13293943382500933,0.372604693306362
mlp_V0-pinn,111.23343489143822,0.18086372519822555,0.13313124481671681,0.3545246417615324
mlp_V0-pinn,111.43246306432738,0.1799588404459789,0.13332277985094348,0.3354715871103793
mlp_V0-pinn,111.63149123721654,0.17904938262039144,0.13351404011532905,0.3152691705520391
mlp_V0-pinn,111.83051941010568,0.17226443368401265,0.13369070833351732,0.2936802922274247
mlp_V0-pinn,112.02954758299484,0.17119770767436296,0.13288500763242786,0.2806223148051335
mlp_V0-pinn,112.22857575588398,0.17019634358261462,0.13207439196234538,0.27988150745171275
mlp_V0-pinn,112.42760392877314,0.16918905291071923,0.13125877026308014,0.27913873407374834
mlp_V0-pinn,112.6266321016623,0.16817572916672877,0.13043804862741878,0.2783939789347939
mlp_V0-pinn,112.82566027455144,0.16715626263079608,0.12961213017492498,0.2776472260873466
mlp_V0-pinn,113.0246884474406,0.16647944826835495,0.12978392594184127,0.27689845936886287
mlp_V0-pinn,113.22371662032974,0.16614960991189404,0.13857563253228472,0.27484419815378525
mlp_V0-pinn,113.4227447932189,0.16599051333219084,0.1468419028430524,0.2715796288590875
mlp_V0-pinn,113.62177296610805,0.1696868446071525,0.15466700659615182,0.26827533685317073
mlp_V0-pinn,113.8208011389972,0.16876769990387008,0.15394319718149999,0.264929835836066
mlp_V0-pinn,114.01982931188635,0.16923522070510372,0.15937068399952806,0.2615415444409691
mlp_V0-pinn,114.21885748477551,0.1803314637552403,0.15898987864662467,0.25810877749702726
mlp_V0-pinn,114.41788565766466,0.18110995554597273,0.15867598420737028,0.25639735402431124
mlp_V0-pinn,114.61691383055381,0.18188511532179016,0.15839830506531705,0.2558916562709885
mlp_V0-pinn,114.81594200344296,0.18265698550391543,0.15621804168852904,0.2553849571677068
mlp_V0-pinn,115.01497017633211,0.1834256076210033,0.14995760481006137,0.25487725074237827
mlp_V0-pinn,115.21399834922127,0.18419102233521303,0.1434241609065296,0.26291131413339963
mlp_V0-pinn,115.41302652211041,0.17964927936904154,0.13860552900313228,0.2692268940033589
mlp_V0-pinn,115.61205469499957,0.1868528319023321,0.13888282639706875,0.27539767938390625
mlp_V0-pinn,115.81108286788873,0.1865929679476645,0.13915957123330946,0.28143319485338925
mlp_V0-pinn,116.01011104077787,0.18633274158106278,0.13943576680191752,0.2873419644269359
mlp_V0-pinn,116.20913921366703,0.18607215128200164,0.13971141636043535,0.32196875551520926
mlp_V0-pinn,116.40816738655617,0.1865358216819946,0.13998652313433288,0.35344521141768037
mlp_V0-pinn,116.60719555944533,0.1981047263428794,0.13990175319446763,0.38233905819333514
mlp_V0-pinn,116.80622373233449,0.21930447437446207,0.13916635009161496,0.366613318533522
mlp_V0-pinn,117.00525190522363,0.21932041750676803,0.13842704016469526,0.33779653231737417
mlp_V0-pinn,117.20428007811279,0.21933635948019883,0.13768376047920233,0.30628037672224856
mlp_V0-pinn,117.40330825100193,0.21935230029500707,0.13693644639258964,0.32189996837689194
mlp_V0-pinn,117.60233642389109,0.21936823995144536,0.13618503148865804,0.3429948164261315
mlp_V0-pinn,117.80136459678025,0.18770703351812631,0.13584428830546305,0.32537822637064734
mlp_V0-pinn,118.00039276966939,0.19603945061667624,0.135968040070021,0.3067515872771021
mlp_V0-pinn,118.19942094255855,0.19484723609874036,0.1360916793038719,0.2869182503744475
mlp_V0-pinn,118.3984491154477,0.18562053417742524,0.13621520631343983,0.26560803545609596
mlp_V0-pinn,118.59747728833685,0.17893065060510974,0.1363386214037609,0.2597802857457304
mlp_V0-pinn,118.796505461226,0.17748748273750423,0.13646192487849174,0.27779592104663564
mlp_V0-pinn,118.99553363411515,0.17621013439368832,0.14744046776082165,0.29471231843640877
mlp_V0-pinn,119.1945618070043,0.20835745706366127,0.1475934590896836,0.28191845774963337
mlp_V0-pinn,119.39358997989346,0.2023070342310138,0.14774629199606443,0.26656737726410146
mlp_V0-pinn,119.5926181527826,0.196069993330601,0.14789896697108657,0.27479344113088755
mlp_V0-pinn,119.79164632567176,0.1896279211244353,0.14805148450334019,0.3023619286197839
mlp_V0-pinn,119.9906744985609,0.18381530028648158,0.15162336399339396,0.327618736443438
mlp_V0-pinn,120.18970267145006,0.18075751612943802,0.1558073658190585,0.31987405269712105
mlp_V0-pinn,120.38873084433922,0.17764710708356243,0.15610428720172742,0.2961218833733742
mlp_V0-pinn,120.58775901722836,0.1886867972106242,0.15640064489011823,0.2702904549485774
mlp_V0-pinn,120.78678719011752,0.19297925901719376,0.15669644208255132,0.2417140671537811
mlp_V0-pinn,120.98581536300668,0.19279825068515935,0.15699168194721605,0.2384575884958882
mlp_V0-pinn,121.18484353589582,0.18833175938645597,0.1574669140175984,0.23799021131330253
mlp_V0-pinn,121.38387170878498,0.20394048289137864,0.1593540131995763,0.23753583039426743
mlp_V0-pinn,121.58289988167412,0.20603669377246303,0.15716181908245003,0.2374367396830988
mlp_V0-pinn,121.78192805456328,0.20731712856627346,0.1546288308423447,0.24800368762330124
mlp_V0-pinn,121.98095622745244,0.21406352628326406,0.15205365262970874,0.26492418079230806
mlp_V0-pinn,122.17998440034158,0.22060370525602327,0.14943410329774756,0.2788583377423488
mlp_V0-pinn,122.37901257323074,0.22695549400829076,0.14676780702445472,0.26687615980860924
mlp_V0-pinn,122.57804074611988,0.23352337725947508,0.14748440714385314,0.2543300942082067
mlp_V0-pinn,122.77706891900904,0.22106172397974658,0.1486146843561474,0.24215713668656613
mlp_V0-pinn,122.9760970918982,0.21688050673105108,0.1497364299760776,0.2500947300891815
mlp_V0-pinn,123.17512526478734,0.2122887968246303,0.15084983433098045,0.2579815442318209
mlp_V0-pinn,123.3741534376765,0.2127020039306436,0.15195508077516764,0.26563429806801997
mlp_V0-pinn,123.57318161056565,0.21871588395779537,0.1531016568100349,0.2730726706500385
mlp_V0-pinn,123.7722097834548,0.23414600621322318,0.1686065738169554,0.2753168719286804
mlp_V0-pinn,123.97123795634396,0.2486203261114549,0.17313934131036832,0.2730319977008738
mlp_V0-pinn,124.1702661292331,0.24600110010485646,0.17755643126759413,0.28211944522516524
mlp_V0-pinn,124.36929430212226,0.2299459108027417,0.18186627246298215,0.2909231702353397
mlp_V0-pinn,124.56832247501141,0.2250468189570805,0.1860763172321385,0.2994681962836887
mlp_V0-pinn,124.76735064790056,0.23421929471926706,0.19388729504304467,0.30025416819120265
mlp_V0-pinn,124.96637882078971,0.22389588200764635,0.18146620460093046,0.293490204849466
mlp_V0-pinn,125.16540699367887,0.22533557974200935,0.18724520318523097,0.2946000944232093
mlp_V0-pinn,125.36443516656801,0.22648351197685435,0.18858719898617315,0.29767390649691394
mlp_V0-pinn,125.56346333945717,0.2286899127965331,0.17990212095581515,0.30071630082871004
mlp_V0-pinn,125.76249151234632,0.21956722324301653,0.17666951583322638,0.2976493854429494
mlp_V0-pinn,125.96151968523547,0.2087675667586438,0.16857438606980127,0.28422663401298365
mlp_V0-pinn,126.16054785812463,0.2142151317134909,0.17689957693976555,0.2701377469183744
mlp_V0-pinn,126.35957603101377,0.22015155519477975,0.17411673706227654,0.2552724527596375
mlp_V0-pinn,126.55860420390293,0.21509864404512788,0.17128869177199,0.25347814888337916
mlp_V0-pinn,126.75763237679207,0.20900883686326496,0.1684131637750022,0.25934997914638164
mlp_V0-pinn,126.95666054968123,0.21174757287081472,0.1654876778991462,0.26509177921073457
mlp_V0-pinn,127.15568872257039,0.20833296283685215,0.1742717679712727,0.27071182302773017
mlp_V0-pinn,127.35471689545953,0.2048614463291753,0.17429901949345547,0.27353346953627106
mlp_V0-pinn,127.55374506834869,0.20133007966963556,0.17230168200792104,0.27251182711328553
mlp_V0-pinn,127.75277324123785,0.19773565628758524,0.17028091804173923,0.271486340129098
mlp_V0-pinn,127.95180141412699,0.19407467262675568,0.16823588343607418,0.27045696485164405
mlp_V0-pinn,128.15082958701615,0.1915743283817027,0.16616568208235752,0.2694236567134269
mlp_V0-pinn,128.3498577599053,0.1899244660671953,0.1652152387947137,0.2683863702890026
mlp_V0-pinn,128.54888593279446,0.18826014534924243,0.16335394493225228,0.26668782456162504
mlp_V0-pinn,128.7479141056836,0.19044634963958632,0.16147119718347433,0.26426094347247736
mlp_V0-pinn,128.94694227857275,0.1858132169806824,0.15956623613659496,0.2618115672015193
mlp_V0-pinn,129.1459704514619,0.18317647467659195,0.15763825649167373,0.25933905836967064
mlp_V0-pinn,129.34499862435106,0.1820779694610112,0.1556864030821888,0.25684274891773573
mlp_V0-pinn,129.5440267972402,0.1812569017587455,0.15438257612802397,0.2543219379982207
mlp_V0-pinn,129.74305497012935,0.18043209777452046,0.15358885869074615,0.2524608123759272
mlp_V0-pinn,129.94208314301852,0.17960350603328618,0.15279101811273732,0.25112347685610137
mlp_V0-pinn,130.14111131590766,0.178771073867064,0.151988989462815,0.24977898124357997
mlp_V0-pinn,130.3401394887968,0.17793474737587892,0.15118270608746412,0.24842720928647188
mlp_V0-pinn,130.53916766168598,0.17716790290508025,0.1503720995461904,0.24706804155262216
mlp_V0-pinn,130.73819583457512,0.17775549021018588,0.16011255833877894,0.24570135530646153
mlp_V0-pinn,130.93722400746427,0.17972981411591493,0.16444484338932935,0.24578275440400374
mlp_V0-pinn,131.13625218035344,0.18662497623238758,0.16382832869000272,0.24672294348247045
mlp_V0-pinn,131.33528035324258,0.19855806949533447,0.1632094851575058,0.24765956335035752
mlp_V0-pinn,131.53430852613172,0.20620503073705587,0.16258828619982635,0.2485926543506971
mlp_V0-pinn,131.73333669902087,0.20561683664778405,0.16185411862111965,0.2495222560722001
mlp_V0-pinn,131.93236487191004,0.20502695511764502,0.16089691017852725,0.2524321335346396
mlp_V0-pinn,132.13139304479918,0.20300613203206677,0.15993397292437497,0.27418588322703386
mlp_V0-pinn,132.33042121768833,0.19155645321680267,0.1589652027512699,0.2943362279454012
mlp_V0-pinn,132.5294493905775,0.17901301993860422,0.15799049235992002,0.3131928026013167
mlp_V0-pinn,132.72847756346664,0.17834401917557344,0.15700973112042318,0.3309768090386483
mlp_V0-pinn,132.92750573635578,0.1926885541977103,0.15082849327834713,0.34066084409778863
mlp_V0-pinn,133.12653390924496,0.1930897661357673,0.1559280751209148,0.3229039000334628
mlp_V0-pinn,133.3255620821341,0.2137317140604349,0.15555612542758693,0.3041118981760249
mlp_V0-pinn,133.52459025502324,0.22258718358073235,0.15518328423246064,0.28407950395554643
mlp_V0-pinn,133.7236184279124,0.23871278360355128,0.1548095450942937,0.26252291809103456
mlp_V0-pinn,133.92264660080156,0.23903012462540454,0.15443490149390343,0.26622172905634744
mlp_V0-pinn,134.1216747736907,0.2297253228253672,0.15464335795613454,0.28155212098401505
mlp_V0-pinn,134.32070294657984,0.2204338631086163,0.15532070406613482,0.2816025733898973
mlp_V0-pinn,134.51973111946901,0.22009457310565383,0.1559951091004155,0.27289778180897317
mlp_V0-pinn,134.71875929235816,0.21046350385822016,0.15666661104045498,0.2611993358539006
mlp_V0-pinn,134.9177874652473,0.20886173017204002,0.15733524705720547,0.24895177602254537
mlp_V0-pinn,135.11681563813647,0.20802123886783772,0.15800105353510333,0.2476949696248465
mlp_V0-pinn,135.31584381102562,0.1913632820049429,0.15776373660982435,0.24936158153405424
mlp_V0-pinn,135.51487198391476,0.18897815277961896,0.157066234002902,0.25101712832569
mlp_V0-pinn,135.71390015680393,0.18671662921917548,0.1563656200659681,0.2556995708315409
mlp_V0-pinn,135.91292832969307,0.18726309200490207,0.15566185278794237,0.26054609642633453
mlp_V0-pinn,136.11195650258222,0.19245767018610357,0.15495488920371434,0.2653041013677841
mlp_V0-pinn,136.3109846754714,0.19351295189888335,0.15424468536353433,0.26997826586992973
mlp_V0-pinn,136.51001284836053,0.18850947847928634,0.1537591865836264,0.2745728717147801
mlp_V0-pinn,136.70904102124967,0.1833695296401381,0.15334105106950324,0.2790678990535371
mlp_V0-pinn,136.90806919413882,0.17882214189533488,0.15292177224758272,0.27581407799055135
mlp_V0-pinn,137.107097367028,0.17943053631578518,0.15250134068782184,0.272521410082585
mlp_V0-pinn,137.30612553991713,0.18003687481487035,0.1520797468298283,0.2691884698292689
mlp_V0-pinn,137.50515371280628,0.18175389558556798,0.1516569809803236,0.2658137423547661
mlp_V0-pinn,137.70418188569545,0.18480161259559533,0.15149798939843795,0.26239561536022
mlp_V0-pinn,137.9032100585846,0.18840262876136538,0.15137455827428292,0.2590431546098509
mlp_V0-pinn,138.10223823147373,0.1969092192577927,0.15125102642196953,0.2623696679808681
mlp_V0-pinn,138.3012664043629,0.20782121474923204,0.1511273935944916,0.2842046751580263
mlp_V0-pinn,138.50029457725205,0.21514025578950638,0.1510036595438317,0.3044778351324868
mlp_V0-pinn,138.6993227501412,0.21356121239876302,0.15087982402095546,0.3028070736779278
mlp_V0-pinn,138.89835092303036,0.21491260774627272,0.15033507230309218,0.28732181089457054
mlp_V0-pinn,139.0973790959195,0.22016712295868746,0.14978145002322907,0.2709529888413893
mlp_V0-pinn,139.29640726880865,0.2332467690799376,0.14922577383865757,0.2535295274882764
mlp_V0-pinn,139.4954354416978,0.22708005221406705,0.14866802071875207,0.2546304506096203
mlp_V0-pinn,139.69446361458697,0.21447755034296886,0.14810816719923442,0.25789834965301944
mlp_V0-pinn,139.8934917874761,0.20501567543115493,0.14755780947416886,0.2686922683093103
mlp_V0-pinn,140.09251996036525,0.2000740491723752,0.14711170429550602,0.27951033666668995
mlp_V0-pinn,140.29154813325442,0.19267590993739764,0.14666424221548235,0.2794284566432383
mlp_V0-pinn,140.49057630614357,0.19089534890104332,0.146215410776549,0.27509172258439263
mlp_V0-pinn,140.6896044790327,0.20052099274078136,0.1457651973293634,0.27068551732014545
mlp_V0-pinn,140.88863265192188,0.20025712557197434,0.14531358902862984,0.26620639124427636
mlp_V0-pinn,141.08766082481102,0.1934747589623932,0.14629775345837143,0.26184503420982314
mlp_V0-pinn,141.28668899770017,0.19104265897319211,0.15267563976180779,0.26066502551852383
mlp_V0-pinn,141.48571717058934,0.18984107675624623,0.1587975733013211,0.26173688891245056
mlp_V0-pinn,141.68474534347848,0.19217886239201448,0.16469209937364734,0.2679344973422499
mlp_V0-pinn,141.88377351636763,0.19142348354275399,0.17038282162768112,0.27399195374046975
mlp_V0-pinn,142.08280168925677,0.18571952371924844,0.17136776393374956,0.2799183569596595
mlp_V0-pinn,142.28182986214594,0.18436472676801197,0.1675178610302416,0.28572186197676835
mlp_V0-pinn,142.48085803503508,0.183682599834226,0.16997988150433188,0.29140981153685797
mlp_V0-pinn,142.67988620792423,0.18308674115217907,0.1661288890139129,0.2962836469821004
mlp_V0-pinn,142.8789143808134,0.18492916324723974,0.15997467822300437,0.2998895368102653
mlp_V0-pinn,143.07794255370254,0.18188916788378096,0.15357404591958523,0.3105927990245119
mlp_V0-pinn,143.27697072659168,0.1812874146136981,0.1468947837319895,0.3273715859232057
mlp_V0-pinn,143.47599889948086,0.18068365726092517,0.1428991805514502,0.34333136141906756
mlp_V0-pinn,143.67502707237,0.1871298130445329,0.1429166686370873,0.35858150007754774
mlp_V0-pinn,143.87405524525914,0.19611326726052236,0.1429341545830459,0.3446151744945008
mlp_V0-pinn,144.07308341814831,0.19553169938365736,0.14295163839011119,0.32916621180358413
mlp_V0-pinn,144.27211159103746,0.18615159193513536,0.14296912005906787,0.31295554236084433
mlp_V0-pinn,144.4711397639266,0.18030507103323504,0.14298659959070015,0.29585798619543546
mlp_V0-pinn,144.67016793681574,0.18029069901609435,0.15384613957069973,0.282346227672841
mlp_V0-pinn,144.86919610970492,0.18582317872669618,0.16372423091187258,0.27427348926405076
mlp_V0-pinn,145.06822428259406,0.18893561474863116,0.16187685842129307,0.2690664418201666
mlp_V0-pinn,145.2672524554832,0.19690703719866992,0.1600081585326528,0.26667436944535905
mlp_V0-pinn,145.46628062837237,0.20135652967084136,0.1581173750783691,0.2642606450540723
mlp_V0-pinn,145.66530880126152,0.19817541974604735,0.15620370612228393,0.261824669826411
mlp_V0-pinn,145.86433697415066,0.19657795503727898,0.15546641236897546,0.2593658168206132
mlp_V0-pinn,146.06336514703983,0.19496740194646595,0.16928833186535858,0.2568834290886402
mlp_V0-pinn,146.26239331992898,0.20302464206480864,0.1820639262364475,0.25878609159471194
mlp_V0-pinn,146.46142149281812,0.20151578915633978,0.1822533294509107,0.2636205611873864
mlp_V0-pinn,146.6604496657073,0.21288553035668056,0.18129327376931062,0.26836795516350087
mlp_V0-pinn,146.85947783859643,0.21691048719200842,0.16811891887610095,0.27303281567702575
mlp_V0-pinn,147.05850601148558,0.22531238620555025,0.16343744991676365,0.27761930320928807
mlp_V0-pinn,147.25753418437475,0.23096052922283614,0.16206297084510074,0.2821312400148145
mlp_V0-pinn,147.4565623572639,0.23468353659734226,0.16067673447946773,0.2853515941023936
mlp_V0-pinn,147.65559053015303,0.233614305868527,0.15927843384096535,0.28793898363013865
mlp_V0-pinn,147.85461870304218,0.22858994897128931,0.1578677483549955,0.2905033292944115
mlp_V0-pinn,148.05364687593135,0.2216095275743137,0.15644434299303228,0.2930452360443991
mlp_V0-pinn,148.2526750488205,0.21440196046847335,0.15488001928774947,0.29556528281497746
mlp_V0-pinn,148.45170322170964,0.2069435154667551,0.15327768149601328,0.2980640240664372
mlp_V0-pinn,148.6507313945988,0.2082380954924338,0.15165841524627927,0.29493687963558995
mlp_V0-pinn,148.84975956748795,0.21195967710343983,0.15002167238513414,0.2899602526920172
mlp_V0-pinn,149.0487877403771,0.21561703323548667,0.14836687452208516,0.28489670639243697
mlp_V0-pinn,149.24781591326627,0.21921337852592776,0.1466934106416227,0.2797415208461161
mlp_V0-pinn,149.4468440861554,0.22275166807058974,0.14638547813315178,0.2744895328739112
mlp_V0-pinn,149.64587225904455,0.2256849008321268,0.14612744050126933,0.2691350754349532
mlp_V0-pinn,149.84490043193372,0.22077723653575815,0.14586894640955128,0.26700665171041477
mlp_V0-pinn,150.04392860482287,0.21575797060856314,0.14560999342700726,0.2655234114061512
mlp_V0-pinn,150.242956777712,0.2106191244637701,0.1453505791009917,0.2640318388981029
mlp_V0-pinn,150.44198495060115,0.20535172095369586,0.14510156170343014,0.26253179216823863
mlp_V0-pinn,150.64101312349032,0.19994560012014204,0.14499611031673876,0.26102312511771947
mlp_V0-pinn,150.84004129637947,0.2030142457244197,0.1448905821825332,0.2595056874008239
mlp_V0-pinn,151.0390694692686,0.20583062299168484,0.14478497713299865,0.26275158075339283
mlp_V0-pinn,151.23809764215778,0.2062835290397654,0.14467929499970777,0.26638470462617003
mlp_V0-pinn,151.43712581504693,0.21376729515494544,0.14457353561361774,0.2699689399340908
mlp_V0-pinn,151.63615398793607,0.2156422164406241,0.14499820964515814,0.2735062087037543
mlp_V0-pinn,151.83518216082524,0.20951648651036575,0.14773499284433295,0.27699831022926247
mlp_V0-pinn,152.03421033371438,0.20320617787821302,0.1504219911486644,0.2804469317718267
mlp_V0-pinn,152.23323850660353,0.1966935264214245,0.15306182650008668,0.2785861887576474
mlp_V0-pinn,152.4322666794927,0.18995772146538012,0.1556568984721092,0.27668917438585994
mlp_V0-pinn,152.63129485238184,0.18706244361954935,0.1582094098098159,0.2747790637551308
mlp_V0-pinn,152.83032302527099,0.18658298104304263,0.1614654627954535,0.2728555818266572
mlp_V0-pinn,153.02935119816013,0.18698524868007071,0.16645584909139602,0.2709184437977249
mlp_V0-pinn,153.2283793710493,0.1905715918573663,0.17130091569435776,0.2690079324659762
mlp_V0-pinn,153.42740754393844,0.18756858593141323,0.17489994167043127,0.267564147530609
mlp_V0-pinn,153.6264357168276,0.184516712613165,0.17297458109031585,0.266112529501983
mlp_V0-pinn,153.82546388971676,0.18507664839381702,0.17102754693446362,0.26465294948688173
mlp_V0-pinn,154.0244920626059,0.18739656756692083,0.1705619677062057,0.2631852750179391
mlp_V0-pinn,154.22352023549504,0.19357363634038244,0.17039609670138448,0.26170936991332683
mlp_V0-pinn,154.42254840838422,0.19628492479105333,0.17048894406784537,0.26037656067523224
mlp_V0-pinn,154.62157658127336,0.19895926898342828,0.1704286507052715,0.2598561782119271
mlp_V0-pinn,154.8206047541625,0.20159813919927647,0.16500684957546205,0.25933475154856267
mlp_V0-pinn,155.01963292705167,0.20296109666492143,0.15940073974865557,0.2588122743739188
mlp_V0-pinn,155.21866109994082,0.20001534898227974,0.1561935924003019,0.25828874031294224
mlp_V0-pinn,155.41768927282996,0.20434830511715005,0.15544883492196043,0.25776414292583916
mlp_V0-pinn,155.6167174457191,0.20085219743211494,0.1547004920815644,0.2581631378825169
mlp_V0-pinn,155.81574561860828,0.19729414746100932,0.15394851159384876,0.26146959589436647
mlp_V0-pinn,156.01477379149742,0.1971159454708925,0.1531928398902659,0.2647347604546463
mlp_V0-pinn,156.21380196438656,0.19537518548805563,0.15243342207445157,0.26796014108220384
mlp_V0-pinn,156.41283013727573,0.1909173394610797,0.15152436766687316,0.2711471575078936
mlp_V0-pinn,156.61185831016488,0.1889594550652637,0.15051900618572067,0.27429714697828356
mlp_V0-pinn,156.81088648305402,0.19221228146188418,0.149506884287742,0.27669851808229423
mlp_V0-pinn,157.0099146559432,0.19541096855346665,0.14848786373208922,0.27754326247314637
mlp_V0-pinn,157.20894282883233,0.19571600653599192,0.14746180150130664,0.2783854435482177
mlp_V0-pinn,157.40797100172148,0.19368675471610577,0.14642854956702267,0.28164508177348774
mlp_V0-pinn,157.60699917461065,0.1916360161621956,0.1506170611903426,0.2800622081790724
mlp_V0-pinn,157.8060273474998,0.19012244399925504,0.15658291374919692,0.2808968370869244
mlp_V0-pinn,158.00505552038894,0.18946921475563033,0.1601933109683207,0.28048116330633255
mlp_V0-pinn,158.20408369327808,0.18881372558153833,0.1593780258852748,0.27811253556960724
mlp_V0-pinn,158.40311186616725,0.189891986125578,0.1585585487798798,0.2757235606767009
mlp_V0-pinn,158.6021400390564,0.19085547741757786,0.1577348143159136,0.27331370507810404
mlp_V0-pinn,158.80116821194554,0.1891358783806522,0.15702299239003853,0.2708824114903057
mlp_V0-pinn,159.0001963848347,0.18777247379255713,0.15659910150351997,0.26842909739088566
mlp_V0-pinn,159.19922455772385,0.19058691747696319,0.1561740600877669,0.2666998717920324
mlp_V0-pinn,159.398252730613,0.19336040006310756,0.1557478587232746,0.26577119814937555
mlp_V0-pinn,159.59728090350217,0.19609465956970723,0.15532048786130165,0.2648392680808922
mlp_V0-pinn,159.7963090763913,0.19879131447564202,0.15489193782137414,0.2639040470881241
mlp_V0-pinn,159.99533724928045,0.20145187492338668,0.16177923535838512,0.2629655000591502
mlp_V0-pinn,160.19436542216962,0.20895743340241066,0.17856253899801083,0.2620235912532056
mlp_V0-pinn,160.39339359505877,0.2048228323773421,0.19145622525606523,0.26172580274987167
mlp_V0-pinn,160.5924217679479,0.2081074218137336,0.18896473726493382,0.2619464021762817
mlp_V0-pinn,160.79144994083705,0.21302375195622988,0.18616559789753281,0.2621668159800776
mlp_V0-pinn,160.99047811372623,0.2139620243192287,0.18332372391888108,0.262387044629047
mlp_V0-pinn,161.18950628661537,0.2148962000689054,0.18043709613720382,0.2626070885890156
mlp_V0-pinn,161.3885344595045,0.21580783499471867,0.1775035311574588,0.2628269483238594
mlp_V0-pinn,161.58756263239368,0.21663645188558056,0.17441243104344886,0.26381440403190376
mlp_V0-pinn,161.78659080528283,0.20783806063129417,0.16984023371968263,0.265221063932968
mlp_V0-pinn,161.98561897817197,0.19770029021720642,0.165141496533812,0.2666203025517045
mlp_V0-pinn,162.18464715106114,0.19196414739199064,0.16084653543072994,0.26801223612325886
mlp_V0-pinn,162.38367532395029,0.19147850613006312,0.15928046663582754,0.2693969778798872
mlp_V0-pinn,162.58270349683943,0.19099163001468766,0.15769884636034875,0.27077463815845704
mlp_V0-pinn,162.7817316697286,0.19050350957799708,0.1561012019013394,0.26980796560456843
mlp_V0-pinn,162.98075984261774,0.1900141352305158,0.1544870361120979,0.26791467450623896
mlp_V0-pinn,163.1797880155069,0.1895234972589612,0.15285582559509647,0.2660079083935136
mlp_V0-pinn,163.37881618839606,0.19285034151438624,0.151639130700709,0.2640873753892824
mlp_V0-pinn,163.5778443612852,0.1969412301697849,0.1515587559402266,0.262152772924697
mlp_V0-pinn,163.77687253417434,0.19557494729576969,0.15147833853271442,0.2602037871826921
mlp_V0-pinn,163.9759007070635,0.19419905220854705,0.15139787841021451,0.26102528270902536
mlp_V0-pinn,164.17492887995266,0.19281333913309212,0.15131737550458824,0.2625056071621821
mlp_V0-pinn,164.3739570528418,0.1914175948459485,0.1512368297475156,0.26397763043455974
mlp_V0-pinn,164.57298522573095,0.1900115982922163,0.15307226357023107,0.26544149063042904
mlp_V0-pinn,164.77201339862012,0.1890290726613471,0.15791904508217627,0.2668973220666768
mlp_V0-pinn,164.97104157150926,0.1883639009615741,0.16262143685510327,0.2683452554166415
mlp_V0-pinn,165.1700697443984,0.19134973413680215,0.16719162254721454,0.2673329907572169
mlp_V0-pinn,165.36909791728758,0.2012793081503534,0.1681929398851093,0.26598449594747015
mlp_V0-pinn,165.56812609017672,0.20912808767222377,0.1677405402836539,0.26462912957885304
mlp_V0-pinn,165.76715426306586,0.20920348901569505,0.16728691724730968,0.26326678552163213
mlp_V0-pinn,165.96618243595503,0.20927886319272374,0.16683206079637194,0.26189735488569676
mlp_V0-pinn,166.16521060884418,0.2068294136894991,0.16637596081471767,0.26052072591898756
mlp_V0-pinn,166.36423878173332,0.199493916015727,0.16699157121789954,0.26003912869159324
mlp_V0-pinn,166.56326695462246,0.19981400749139192,0.16393039946106552,0.25958478742244445
mlp_V0-pinn,166.76229512751163,0.20353901212929143,0.16060454784101733,0.25912964954174644
mlp_V0-pinn,166.96132330040078,0.20719705916678802,0.15859827484250316,0.2586737108445716
mlp_V0-pinn,167.16035147328992,0.20593131942962464,0.15750130459733971,0.2582169670888683
mlp_V0-pinn,167.3593796461791,0.20305708047016555,0.15639664036260414,0.25776709356945676
mlp_V0-pinn,167.55840781906824,0.20014156873600408,0.1552841179372686,0.25747993315991474
mlp_V0-pinn,167.75743599195738,0.19718295348013737,0.15416356719536997,0.2571924521303518
mlp_V0-pinn,167.95646416484655,0.19417926447020858,0.15303481178231018,0.25690464940442864
mlp_V0-pinn,168.1554923377357,0.19112837664049934,0.15239465384610962,0.2566165238997706
mlp_V0-pinn,168.35452051062484,0.19001384584147749,0.15195235048574462,0.25632807452791945
mlp_V0-pinn,168.553548683514,0.18925192756045403,0.15150875590344462,0.2562054488191219
mlp_V0-pinn,168.75257685640315,0.1884869294121636,0.1510638587243043,0.2571619145507309
mlp_V0-pinn,168.9516050292923,0.18771881374306776,0.15061764740542052,0.25811483604432195
mlp_V0-pinn,169.15063320218144,0.18694754212608194,0.15017011023239807,0.2590642524104338
mlp_V0-pinn,169.3496613750706,0.18617307533814267,0.14997001024652976,0.2600102020455482
mlp_V0-pinn,169.54868954795975,0.1865079041990907,0.1498246214056362,0.26095272265020836
mlp_V0-pinn,169.7477177208489,0.18691958017993118,0.14967909134324744,0.26167297504033254
mlp_V0-pinn,169.94674589373807,0.1873303514664569,0.14953341964704142,0.2615580865874811
mlp_V0-pinn,170.1457740666272,0.18854424489071223,0.14938760590268585,0.26144314764810733
mlp_V0-pinn,170.34480223951635,0.19245708197982925,0.14924164969382428,0.2613281581555953
mlp_V0-pinn,170.54383041240553,0.19368644287569517,0.14912065912665137,0.26121311804318254
mlp_V0-pinn,170.74285858529467,0.19035295328611757,0.1490014719640902,0.2610980272439595
mlp_V0-pinn,170.9418867581838,0.1873818690024781,0.14888218938665618,0.260714591449835
mlp_V0-pinn,171.14091493107298,0.18679891924985567,0.14876281116482962,0.25969193720873784
mlp_V0-pinn,171.33994310396213,0.186214144562024,0.14864333706816918,0.2586652398518204
mlp_V0-pinn,171.53897127685127,0.18562752769193105,0.14853016820055404,0.25763445104250426
mlp_V0-pinn,171.7379994497404,0.18578740763814477,0.14855262790367643,0.2565995214733365
mlp_V0-pinn,171.93702762262959,0.18919454821397694,0.14857508421162485,0.25556040083846704
mlp_V0-pinn,172.13605579551873,0.18886097563618065,0.14859753712593854,0.2549712407565443
mlp_V0-pinn,172.33508396840787,0.18852681284795858,0.1486199866481556,0.2551498105510709
mlp_V0-pinn,172.53411214129704,0.18819205670529338,0.14864243277981298,0.25532825545866067
mlp_V0-pinn,172.7331403141862,0.18801348313432154,0.14859915706944024,0.25550657574097535
mlp_V0-pinn,172.93216848707533,0.18839185130002964,0.14822112758569184,0.25568477165876435
mlp_V0-pinn,173.1311966599645,0.18876946106879997,0.1478421314909917,0.25586284347186905
mlp_V0-pinn,173.33022483285365,0.18914631698280002,0.1474621613324091,0.2558163776265317
mlp_V0-pinn,173.5292530057428,0.1895224235390381,0.14708120956074305,0.2555054101528227
mlp_V0-pinn,173.72828117863196,0.1898977851899891,0.1466992685287727,0.25519406374906917
mlp_V0-pinn,173.9273093515211,0.19207772431121822,0.14637648563240085,0.25488233702664814
mlp_V0-pinn,174.12633752441025,0.19618312483644113,0.14620928073103945,0.2545702285884343
mlp_V0-pinn,174.3253656972994,0.19471301200379676,0.14604188439513974,0.2542577370287275
mlp_V0-pinn,174.52439387018856,0.1932317148311598,0.14587429596566628,0.2539541972118669
mlp_V0-pinn,174.7234220430777,0.1917389741017478,0.14570651477979377,0.2536583913741661
mlp_V0-pinn,174.92245021596685,0.19023452042831437,0.14553854017087609,0.25336224017705455
mlp_V0-pinn,175.12147838885602,0.188718073685566,0.14540843066139786,0.25306574240805746
mlp_V0-pinn,175.32050656174516,0.1875131098493038,0.14533639343699445,0.2527688968475891
mlp_V0-pinn,175.5195347346343,0.18689222876775727,0.14526432048901455,0.25247170226889376
mlp_V0-pinn,175.71856290752348,0.18626927814914168,0.14519221176425898,0.252156580637052
mlp_V0-pinn,175.91759108041262,0.1856442371597485,0.14512006720939635,0.2518305013041085
mlp_V0-pinn,176.11661925330176,0.18501708461395552,0.14504788677096267,0.2515039992039631
mlp_V0-pinn,176.31564742619094,0.186529127519803,0.14492960684592615,0.2511770726879656
mlp_V0-pinn,176.51467559908008,0.18432801196201543,0.14476657519145444,0.2508497200967225
mlp_V0-pinn,176.71370377196922,0.18388959183898626,0.14460335972864302,0.250521939759999
mlp_V0-pinn,176.91273194485836,0.18378319821400976,0.1444399598343881,0.25014680329932226
mlp_V0-pinn,177.11176011774754,0.18367674296118994,0.14427637488205736,0.2497509061149694
mlp_V0-pinn,177.31078829063668,0.18357022597330994,0.14411260424146202,0.24935438036983973
mlp_V0-pinn,177.50981646352582,0.18813319390410502,0.14375867934343475,0.24895722306051934
mlp_V0-pinn,177.708844636415,0.1875350415192945,0.14328972430942238,0.2485594311595994
mlp_V0-pinn,177.90787280930414,0.18693497518315688,0.14281922944327932,0.2481610016154071
mlp_V0-pinn,178.10690098219328,0.18633297640463817,0.1423471794763558,0.24789066417335615
mlp_V0-pinn,178.30592915508245,0.18572902639300992,0.141873558885987,0.24765469572002904
mlp_V0-pinn,178.5049573279716,0.18512310605102578,0.14139835188953728,0.2474185022185138
mlp_V0-pinn,178.70398550086074,0.18547998471824947,0.14354895757918715,0.24718208302367967
mlp_V0-pinn,178.9030136737499,0.18637033432066274,0.1465743270415796,0.24694543748730774
mlp_V0-pinn,179.10204184663905,0.1872564506192219,0.14953850164192656,0.24670856495807023
mlp_V0-pinn,179.3010700195282,0.18813839342947142,0.1524450510804894,0.2463962058162822
mlp_V0-pinn,179.50009819241734,0.1890162211714541,0.1552972109361709,0.2460716533384206
mlp_V0-pinn,179.6991263653065,0.1898899909148705,0.15809792487624316,0.24574667223127963
mlp_V0-pinn,179.89815453819566,0.19196797535747026,0.1620436016951294,0.24542126079211665
mlp_V0-pinn,180.0971827110848,0.19446226674483066,0.16194490271287793,0.2450954173068854
mlp_V0-pinn,180.29621088397397,0.19692496746788907,0.16184614354082472,0.24476914005013053
mlp_V0-pinn,180.4952390568631,0.19935724826782827,0.16414988437879913,0.24460909761388802
mlp_V0-pinn,180.69426722975226,0.2003444194291752,0.1665276981660527,0.24445725509711397
mlp_V0-pinn,180.89329540264143,0.1999229104410715,0.1658466281769922,0.24430531820603146
mlp_V0-pinn,181.09232357553057,0.19950051088166204,0.1650291474698595,0.2441532867644528
mlp_V0-pinn,181.29135174841971,0.1990772150821374,0.16433983707128086,0.2440011605956414
mlp_V0-pinn,181.4903799213089,0.19883024643486127,0.1636476232109761,0.2439074236705929
mlp_V0-pinn,181.68940809419803,0.1986094204070519,0.1629524688876732,0.2458330707802331
mlp_V0-pinn,181.88843626708717,0.1983883485779911,0.16225433630746083,0.24774375079273359
mlp_V0-pinn,182.08746443997634,0.19816703012504353,0.16155318685981118,0.24963980737147112
mlp_V0-pinn,182.2864926128655,0.19794546422097511,0.1625918751617074,0.2515215712261638
mlp_V0-pinn,182.48552078575463,0.19460589652220425,0.16558579259731726,0.2533893607863029
mlp_V0-pinn,182.68454895864377,0.1934306749322369,0.16688209471888718,0.25489672171054534
mlp_V0-pinn,182.88357713153295,0.19224826929850494,0.16732722697927788,0.25376888672231873
mlp_V0-pinn,183.0826053044221,0.19105854624119883,0.16777117821421503,0.2526360168261583
mlp_V0-pinn,183.28163347731123,0.18986136820145944,0.1682139577746063,0.25149804398302755
mlp_V0-pinn,183.4806616502004,0.18865659325573522,0.16865557488861188,0.2503548986075382
mlp_V0-pinn,183.67968982308955,0.18802730763239578,0.16909603866388856,0.24920650951829615
mlp_V0-pinn,183.8787179959787,0.18811248938786257,0.16745009544226513,0.24838302619101785
mlp_V0-pinn,184.07774616886786,0.18860285030709575,0.16496949638478586,0.24894608955502856
mlp_V0-pinn,184.276774341757,0.18909193960669712,0.1624510234232957,0.2495078822596046
mlp_V0-pinn,184.47580251464615,0.1896240125150357,0.16210620135369488,0.25006841286856907
mlp_V0-pinn,184.67483068753532,0.19061290922956786,0.16367903687887153,0.2506276898499796
mlp_V0-pinn,184.87385886042446,0.19159670197478998,0.16291394528729786,0.25118572157762065
mlp_V0-pinn,185.0728870333136,0.19257546897326644,0.16214524360754579,0.252116043272013
mlp_V0-pinn,185.27191520620275,0.19091834554464795,0.16137288024952662,0.2539948914001732
mlp_V0-pinn,185.47094337909192,0.18858281725644424,0.16059680238256835,0.2558599430149943
mlp_V0-pinn,185.66997155198106,0.18811967048754213,0.15981695589324496,0.25771149765170814
mlp_V0-pinn,185.8689997248702,0.18857151037961215,0.15999596475401182,0.2595498441612643
mlp_V0-pinn,186.06802789775938,0.18783890163446937,0.16047053976282374,0.2613752612363821
mlp_V0-pinn,186.26705607064852,0.18710342436107252,0.16094371539757926,0.2621319974082158
mlp_V0-pinn,186.46608424353767,0.18636504459805572,0.16141550396471208,0.26095867668150036
mlp_V0-pinn,186.66511241642684,0.1856237277085852,0.1618859175913303,0.25978005659691955
mlp_V0-pinn,186.86414058931598,0.1852161451088411,0.16235496822885334,0.258596064694801
mlp_V0-pinn,187.06316876220512,0.1859596688997138,0.1610801089956379,0.25740662684899296
mlp_V0-pinn,187.2621969350943,0.18670023166992353,0.1592022959299468,0.25621166721270827
mlp_V0-pinn,187.46122510798344,0.18743786851625,0.15730206783347198,0.25570435867294483
mlp_V0-pinn,187.66025328087258,0.18817261384757059,0.15537860232350553,0.2560660290823855
mlp_V0-pinn,187.85928145376172,0.18882782647722998,0.15343102546527523,0.2564271893846286
mlp_V0-pinn,188.0583096266509,0.18783866333476149,0.15222218461952317,0.25678784173200125
mlp_V0-pinn,188.25733779954004,0.18684426358511763,0.15137463200904677,0.25714798826173696
mlp_V0-pinn,188.45636597242918,0.1858445431696609,0.1505223071222616,0.257507631096124
mlp_V0-pinn,188.65539414531835,0.18483941575652893,0.1496651284265728,0.2574922644123635
mlp_V0-pinn,188.8544223182075,0.1872721982426923,0.148803012041009,0.2571301437172727
mlp_V0-pinn,189.05345049109664,0.19371525702430253,0.14793587164041988,0.2567675123217969
mlp_V0-pinn,189.2524786639858,0.19399825166858004,0.14997775806281433,0.2564043680590931
mlp_V0-pinn,189.45150683687496,0.19278594555006034,0.15273280497556863,0.25604070874695234
mlp_V0-pinn,189.6505350097641,0.192175731117553,0.15543902829682799,0.25567653218764624
mlp_V0-pinn,189.84956318265327,0.19033817038093276,0.15809893522734184,0.2552441601599908
mlp_V0-pinn,190.0485913555424,0.1921242740235472,0.1607148254585626,0.2547676247126424
mlp_V0-pinn,190.24761952843156,0.1951522562508626,0.1632888144495307,0.25429019624764254
mlp_V0-pinn,190.4466477013207,0.1976248388989913,0.16162759125247322,0.2538118697256047
mlp_V0-pinn,190.64567587420987,0.1958384852608384,0.1595135150749584,0.2533326400595669
mlp_V0-pinn,190.84470404709901,0.196687487160984,0.1573710415834549,0.25285250211436083
mlp_V0-pinn,191.04373221998816,0.19622801233102202,0.1551989947343539,0.25232311153685655
mlp_V0-pinn,191.24276039287733,0.1939844897380176,0.152996114996579,0.25177037347809217
mlp_V0-pinn,191.44178856576647,0.19171471433996534,0.15082011261694728,0.2512164192622671
mlp_V0-pinn,191.64081673865562,0.19307311516375317,0.15079820040196254,0.2506612408263637
mlp_V0-pinn,191.8398449115448,0.1931319652231379,0.15077628500249052,0.2501048300178735
mlp_V0-pinn,192.03887308443393,0.19439461336559427,0.15075436641714243,0.24954717859340048
mlp_V0-pinn,192.23790125732307,0.19564911300633697,0.15073244464452845,0.24991689846269244
mlp_V0-pinn,192.43692943021225,0.19689561989738122,0.15071051968325777,0.2505566003011813
mlp_V0-pinn,192.6359576031014,0.19813428489128668,0.15060884768895563,0.2511946730560983
mlp_V0-pinn,192.83498577599053,0.19936525415425096,0.15002475906588217,0.2518311291104305
mlp_V0-pinn,193.03401394887968,0.19896507628511995,0.14943838751591557,0.25246598069107945
mlp_V0-pinn,193.23304212176885,0.1975630467234244,0.14884970605929282,0.253099239871602
mlp_V0-pinn,193.432070294658,0.19615099612324283,0.14825868718061289,0.25517455779519194
mlp_V0-pinn,193.63109846754713,0.19337379180740985,0.1476653028138289,0.25748597146952873
mlp_V0-pinn,193.8301266404363,0.19181929286707616,0.14772200394186788,0.2597768197150052
mlp_V0-pinn,194.02915481332545,0.19154352978995332,0.14963302978163504,0.262047641887649
mlp_V0-pinn,194.2281829862146,0.19148309871680574,0.15151995497181922,0.2642989541721888
mlp_V0-pinn,194.42721115910376,0.19160561102546544,0.1533836689732406,0.2665312509522066
mlp_V0-pinn,194.6262393319929,0.19172804504999771,0.15522500784578205,0.2650467588300495
mlp_V0-pinn,194.82526750488205,0.19185040094027933,0.15704475863190578,0.2633147835153463
mlp_V0-pinn,195.02429567777122,0.1919726788457095,0.15790032668594448,0.2615713403053799
mlp_V0-pinn,195.22332385066036,0.19209487891521188,0.1571647446587874,0.25981619834138925
mlp_V0-pinn,195.4223520235495,0.19141892596752347,0.15642570364168323,0.2580491189134181
mlp_V0-pinn,195.62138019643865,0.19052370878036268,0.15568315437429178,0.25628903865469277
mlp_V0-pinn,195.82040836932782,0.18962426531509255,0.15493704641583753,0.25566367039688354
mlp_V0-pinn,196.01943654221697,0.1887205351443049,0.1541873281051243,0.2550367686963314
mlp_V0-pinn,196.2184647151061,0.18781245638672914,0.15482808818345412,0.25440832221711185
mlp_V0-pinn,196.41749288799528,0.18689996565778497,0.1568950564829184,0.25377831948294066
mlp_V0-pinn,196.61652106088442,0.18638557975952325,0.1589351459149699,0.25314674887472927
mlp_V0-pinn,196.81554923377357,0.1859387281635354,0.16094937857987332,0.25259320193653984
mlp_V0-pinn,197.01457740666274,0.1854908000949174,0.16293871339703803,0.2527117209188448
mlp_V0-pinn,197.21360557955188,0.18504178773626276,0.16404226789703139,0.2528301843431172
mlp_V0-pinn,197.41263375244102,0.18465600259912957,0.16331757119788953,0.2529485922874155
mlp_V0-pinn,197.6116619253302,0.18826941567570188,0.16338211678684333,0.2530669448296156
mlp_V0-pinn,197.81069009821934,0.19181477122956542,0.1619394649816776,0.2531852420474113
mlp_V0-pinn,198.00971827110848,0.19529577579873766,0.16048384514135455,0.25346321540886324
mlp_V0-pinn,198.20874644399765,0.19871581121745518,0.1590149011387187,0.2544568651300249
mlp_V0-pinn,198.4077746168868,0.20207558838365614,0.15753226024201758,0.25544664972983994
mlp_V0-pinn,198.60680278977594,0.200638848094276,0.15648389640353416,0.2564326139643695
mlp_V0-pinn,198.80583096266508,0.19919174508145437,0.15560199333039487,0.2574148017325328
mlp_V0-pinn,199.00485913555426,0.1977340518286928,0.15471506333629073,0.25839325609891417
mlp_V0-pinn,199.2038873084434,0.19626553237027972,0.15382301946689478,0.259190082832553
mlp_V0-pinn,199.40291548133254,0.19478594184536638,0.1529257722317364,0.2595056976451875
mlp_V0-pinn,199.6019436542217,0.19334685178413671,0.15202322949941935,0.25982092906824356
mlp_V0-pinn,199.80097182711086,0.19233002246692213,0.15138152330967256,0.2601357784954907
mlp_V0-pinn,200.0,0.1913077886271665,0.15078914394429757,0.2604502473122741
mlp_V0-vpinn,1.2036869525909424,0.3013565832675389,0.22519306138725728,0.6062474811147686
mlp_V0-vpinn,1.4026822609467071,0.28108732627790756,0.21056731491630412,0.562661415899505
mlp_V0-vpinn,1.601677569302472,0.25894674804982554,0.1947206966162084,0.5152799505359584
mlp_V0-vpinn,1.8006728776582368,0.23563803008865006,0.17746465921512639,0.4630755725652606
mlp_V0-vpinn,1.9996681860140018,0.21211966717033676,0.1583390692469184,0.40418380025546297
mlp_V0-vpinn,2.1986634943697663,0.1855788108967344,0.13656066940967998,0.34078656983657646
mlp_V0-vpinn,2.3976588027255312,0.15367320089457231,0.11057292620374744,0.27564387604859397
mlp_V0-vpinn,2.596654111081296,0.1431798182826905,0.10499460396240858,0.25867760149105257
mlp_V0-vpinn,2.795649419437061,0.13628949984389588,0.10105378075732054,0.24587107471190958
mlp_V0-vpinn,2.9946447277928256,0.1290199810946787,0.09695290789591715,0.2323597840565683
mlp_V0-vpinn,3.1936400361485906,0.12129821050356893,0.09267074022365301,0.21801273612713698
mlp_V0-vpinn,3.3926353445043556,0.11302308700719386,0.08818087002136782,0.20265250302048152
mlp_V0-vpinn,3.59163065286012,0.10404684721136195,0.08344977880049145,0.18602827969771663
mlp_V0-vpinn,3.790625961215885,0.09988545858488357,0.08049894260922834,0.17718356521430736
mlp_V0-vpinn,3.98962126957165,0.09638966525447223,0.07775916100349073,0.1695524744503098
mlp_V0-vpinn,4.188616577927414,0.09276199620203716,0.07491925305774044,0.1615613425371095
mlp_V0-vpinn,4.38761188628318,0.0889862627213085,0.07196736647601261,0.15315382206319064
mlp_V0-vpinn,4.586607194638944,0.08504265659000382,0.06882559987072641,0.14425712815224667
mlp_V0-vpinn,4.785602502994709,0.08090650081049133,0.06448641753166406,0.13477442202771253
mlp_V0-vpinn,4.984597811350474,0.07816665400480774,0.06149651592922114,0.12963298612380167
mlp_V0-vpinn,5.183593119706239,0.07572538503461855,0.05884368137063408,0.12573858700634985
mlp_V0-vpinn,5.382588428062004,0.07320209543908565,0.05606546354989378,0.12171965097441362
mlp_V0-vpinn,5.581583736417769,0.07058783729758684,0.053142201392868814,0.1175634067399917
mlp_V0-vpinn,5.780579044773533,0.06787188927559176,0.05004848583819484,0.11325473842313347
mlp_V0-vpinn,5.979574353129298,0.06504121581218031,0.046750489842479176,0.10877553468621536
mlp_V0-vpinn,6.178569661485063,0.06291468573692668,0.04440108613046712,0.10563761027990738
mlp_V0-vpinn,6.377564969840828,0.06101551841045627,0.04242343058917904,0.10304771052019059
mlp_V0-vpinn,6.576560278196593,0.05905530704496341,0.04034895880124572,0.10039101842922205
mlp_V0-vpinn,6.775555586552358,0.05702775719528112,0.03816188530110058,0.09766208332336457
mlp_V0-vpinn,6.974550894908122,0.05492541204128619,0.03584160296532634,0.09485467019005024
mlp_V0-vpinn,7.173546203263887,0.05273932764895013,0.03336032848330217,0.09196159195374234
mlp_V0-vpinn,7.3725415116196515,0.051080354676954876,0.03165096005204714,0.0895231286795454
mlp_V0-vpinn,7.5715368199754165,0.049665829279877366,0.030399537773575177,0.08733113414843867
mlp_V0-vpinn,7.7705321283311815,0.04820974153900298,0.0290943383062369,0.08508268575174821
mlp_V0-vpinn,7.969527436686946,0.046708189118963926,0.02772776850214427,0.08277318308370703
mlp_V0-vpinn,8.168522745042711,0.045156616360951043,0.026290259997558865,0.08039736476332437
mlp_V0-vpinn,8.367518053398475,0.043549649620614014,0.02476946497948601,0.0779491673077088
mlp_V0-vpinn,8.56651336175424,0.04223470867756629,0.02371963544172693,0.07569367769118784
mlp_V0-vpinn,8.765508670110005,0.041101251808204224,0.023053001130886912,0.07357689409748155
mlp_V0-vpinn,8.964503978465771,0.03993563137371039,0.02236650658446505,0.07139737983740442
mlp_V0-vpinn,9.163499286821535,0.038734942571237586,0.02165826337556093,0.06914920354032426
mlp_V0-vpinn,9.3624945951773,0.03749581498648573,0.020926063368378902,0.06682543567292161
mlp_V0-vpinn,9.561489903533065,0.03621430085034506,0.02016729738337922,0.06441789623614211
mlp_V0-vpinn,9.76048521188883,0.0351703305559764,0.019602805429727515,0.06235205212211866
mlp_V0-vpinn,9.959480520244595,0.034327644693529724,0.019245287437436927,0.06065653459469317
mlp_V0-vpinn,10.15847582860036,0.0334637333006162,0.018881000937010218,0.05915700109208605
mlp_V0-vpinn,10.357471136956123,0.03257690578395124,0.018509546299604263,0.057820405861800275
mlp_V0-vpinn,10.556466445311889,0.03166523428702747,0.018130482951400025,0.05645217347310504
mlp_V0-vpinn,10.755461753667653,0.030726504240395844,0.017743323248050804,0.055049945010433775
mlp_V0-vpinn,10.954457062023419,0.02999735083170459,0.01747721954186285,0.0538380639529015
mlp_V0-vpinn,11.153452370379183,0.029495387703785632,0.017374638974636526,0.052786326797109887
mlp_V0-vpinn,11.352447678734949,0.02898462356571019,0.01727144915991257,0.05171320395475269
mlp_V0-vpinn,11.551442987090713,0.02846457236022039,0.017167639111652207,0.050617335269652626
mlp_V0-vpinn,11.750438295446477,0.027934700964259214,0.017063197509623353,0.04949720998536169
mlp_V0-vpinn,11.949433603802243,0.0273944224647236,0.01695811268499247,0.04835114231194086
mlp_V0-vpinn,12.148428912158007,0.027165180462198447,0.016784546726262662,0.047324635920598705
mlp_V0-vpinn,12.347424220513773,0.027290719651604057,0.016491706142764427,0.046428046790226093
mlp_V0-vpinn,12.546419528869537,0.027004231131842117,0.016193570767205526,0.04551379892399257
mlp_V0-vpinn,12.7454148372253,0.02671466750013586,0.015889842569569178,0.044580805917253566
mlp_V0-vpinn,12.944410145581067,0.026421927452584062,0.01558019446537469,0.043627865177774096
mlp_V0-vpinn,13.14340545393683,0.026125903991913307,0.015264266188457656,0.04265363974748505
mlp_V0-vpinn,13.342400762292597,0.02586556463112926,0.014980716882721113,0.04171209503877978
mlp_V0-vpinn,13.54139607064836,0.02567380090098302,0.014783404353518464,0.04082117854366895
mlp_V0-vpinn,13.740391379004127,0.025480566544708597,0.014583422446017666,0.039910379137061566
mlp_V0-vpinn,13.93938668735989,0.025285826566159474,0.014380659797046697,0.0389783030419989
mlp_V0-vpinn,14.138381995715655,0.02508954453449952,0.014174997077875482,0.03802338560943518
mlp_V0-vpinn,14.33737730407142,0.02426533002132806,0.013966306172970778,0.037043860468014174
mlp_V0-vpinn,14.536372612427185,0.02366762815303214,0.013841737698487802,0.03616688491090048
mlp_V0-vpinn,14.73536792078295,0.023764858824375894,0.014002311062401848,0.03547953005164868
mlp_V0-vpinn,14.934363229138715,0.023858585045691466,0.0141610637899412,0.03477859314597649
mlp_V0-vpinn,15.13335853749448,0.02394892241064518,0.014318056440638393,0.03406323574971825
mlp_V0-vpinn,15.332353845850244,0.024035976492118923,0.014473346289363398,0.033332529430998854
mlp_V0-vpinn,15.531349154206008,0.02399271058637052,0.014626987570458654,0.03258544163880438
mlp_V0-vpinn,15.730344462561774,0.023850573621451647,0.014701393652760285,0.03189698461165722
mlp_V0-vpinn,15.929339770917538,0.023647301774426387,0.014377383933621254,0.03135256519071413
mlp_V0-vpinn,16.128335079273306,0.02340317894612716,0.014045901972322054,0.030798523678248934
mlp_V0-vpinn,16.32733038762907,0.023155758839966574,0.013706405643253478,0.03023433110689473
mlp_V0-vpinn,16.52632569598483,0.022904886726740698,0.013358283912941101,0.029659408190370624
mlp_V0-vpinn,16.7253210043406,0.02265039482768802,0.013000843916456768,0.029073118355702827
mlp_V0-vpinn,16.924316312696362,0.022427996802653297,0.012670192619526562,0.02853168814023135
mlp_V0-vpinn,17.123311621052128,0.022090237349722902,0.012690147260177875,0.02813344264723557
mlp_V0-vpinn,17.322306929407894,0.02157073219612794,0.012710070572349104,0.027729478217939255
mlp_V0-vpinn,17.521302237763656,0.02103682239629534,0.01272996270313426,0.02731954116183218
mlp_V0-vpinn,17.720297546119422,0.0204871176872665,0.012749823798479882,0.02690335845850695
mlp_V0-vpinn,17.919292854475188,0.01991997399993546,0.012769654003197526,0.026480635630603586
mlp_V0-vpinn,18.11828816283095,0.019366169339401267,0.01278620877885539,0.026068191812472167
mlp_V0-vpinn,18.317283471186716,0.01924913587832773,0.012628988655389452,0.02571097949293301
mlp_V0-vpinn,18.516278779542482,0.0191313812752958,0.012469786444820627,0.025348733865820646
mlp_V0-vpinn,18.715274087898248,0.019012891933641668,0.012308525236636152,0.024981235972513113
mlp_V0-vpinn,18.91426939625401,0.018893653820822816,0.012145123013884459,0.024608250503206527
mlp_V0-vpinn,19.113264704609776,0.018773652448458408,0.011979492165524493,0.024229524034589393
mlp_V0-vpinn,19.31226001296554,0.018657825540677082,0.011811538937214722,0.02395159100554799
mlp_V0-vpinn,19.511255321321304,0.018670987608301326,0.012806949739664711,0.02423032481323453
mlp_V0-vpinn,19.71025062967707,0.01867877422543049,0.013454543414627094,0.024505888464053913
mlp_V0-vpinn,19.909245938032836,0.018683701954416244,0.013428381202108602,0.024778387725404014
mlp_V0-vpinn,20.1082412463886,0.018685779780483226,0.013369986691105729,0.02504792261103212
mlp_V0-vpinn,20.307236554744364,0.018685010150392013,0.013054078502885744,0.02531458780991813
mlp_V0-vpinn,20.50623186310013,0.01850350857186898,0.012731647273517204,0.02549237185630375
mlp_V0-vpinn,20.705227171455896,0.01845611735575592,0.012870239627711796,0.024897232112184826
mlp_V0-vpinn,20.904222479811658,0.018233594725438514,0.013007355375024857,0.024287513475774906
mlp_V0-vpinn,21.103217788167424,0.018003069656880553,0.013143040729970102,0.023662088978445826
mlp_V0-vpinn,21.30221309652319,0.017767827014508693,0.013277339545523344,0.02395004253264644
mlp_V0-vpinn,21.501208404878955,0.017527533151696285,0.01258228776688494,0.02475487094931633
mlp_V0-vpinn,21.700203713234718,0.017375698352869888,0.011394732016958096,0.025534344207733962
mlp_V0-vpinn,21.899199021590483,0.01740887687990706,0.01111042008067353,0.024619637458669883
mlp_V0-vpinn,22.09819432994625,0.017556699936950255,0.011052138130585396,0.02364761173505472
mlp_V0-vpinn,22.29718963830201,0.017540929050474233,0.010993547204885499,0.022633880200872654
mlp_V0-vpinn,22.496184946657777,0.017286051168192887,0.010934642336837169,0.02157256417589276
mlp_V0-vpinn,22.695180255013543,0.017027358362577003,0.010875418425194402,0.021435537767133174
mlp_V0-vpinn,22.894175563369306,0.016764674017535675,0.010815870229046018,0.021542191497215903
mlp_V0-vpinn,23.09317087172507,0.016674656834654848,0.011187426153184729,0.02142096345908282
mlp_V0-vpinn,23.292166180080837,0.016608718838277907,0.011688279746756325,0.021211607411485874
mlp_V0-vpinn,23.491161488436603,0.016542421393008152,0.011779062268082487,0.021000164343229398
mlp_V0-vpinn,23.690156796792365,0.016475757751209713,0.011637080308534971,0.020786570566264283
mlp_V0-vpinn,23.88915210514813,0.01640872094323488,0.011493344521905716,0.02057075908589485
mlp_V0-vpinn,24.088147413503897,0.01608121323043805,0.01134778826428956,0.02047513941631436
mlp_V0-vpinn,24.28714272185966,0.015997060186176547,0.0113864033163799,0.020277621592675224
mlp_V0-vpinn,24.486138030215425,0.016004038917268662,0.011510809221592444,0.020067970337933103
mlp_V0-vpinn,24.68513333857119,0.015988605336598027,0.011534552984597608,0.019856105597840613
mlp_V0-vpinn,24.884128646926957,0.015870290213202833,0.01149160104712909,0.01968386143321789
mlp_V0-vpinn,25.08312395528272,0.015749273372422955,0.011448487965590356,0.01951848677689863
mlp_V0-vpinn,25.282119263638485,0.015625406249541507,0.011405211912549281,0.019351698922777057
mlp_V0-vpinn,25.48111457199425,0.015624975274555879,0.011221669354399482,0.019247244511283488
mlp_V0-vpinn,25.680109880350013,0.015621402012254707,0.010985261464882901,0.019187569163434715
mlp_V0-vpinn,25.87910518870578,0.01561656334314011,0.010743652814765277,0.01912770763907816
mlp_V0-vpinn,26.078100497061545,0.015610455558152055,0.010496484276012921,0.019067658184751143
mlp_V0-vpinn,26.27709580541731,0.015599038315570551,0.010243353382020906,0.019007419019292586
mlp_V0-vpinn,26.476091113773073,0.015502985153436424,0.009983806631807923,0.018946988333226573
mlp_V0-vpinn,26.67508642212884,0.015321582157907496,0.009946714915479297,0.018888992514373176
mlp_V0-vpinn,26.874081730484605,0.015093014278387225,0.010102513432413243,0.018833286247525716
mlp_V0-vpinn,27.073077038840367,0.014840606686670097,0.010255945480274434,0.018938986723802866
mlp_V0-vpinn,27.272072347196133,0.014558533807499163,0.010407115726109386,0.01907365860327495
mlp_V0-vpinn,27.4710676555519,0.014270374752157401,0.01055612134161525,0.019207386259045965
mlp_V0-vpinn,27.670062963907665,0.013975686653331099,0.01045149211297876,0.019340189277618023
mlp_V0-vpinn,27.869058272263427,0.01384579006500181,0.010384901776190433,0.019120480320565365
mlp_V0-vpinn,28.068053580619193,0.013807913477871466,0.010389646341627042,0.018792229588287516
mlp_V0-vpinn,28.26704888897496,0.013769928530729447,0.010394388741385669,0.018501222228379143
mlp_V0-vpinn,28.46604419733072,0.013731834254608975,0.010250447119353686,0.01847001299880707
mlp_V0-vpinn,28.665039505686487,0.01369362966557979,0.01009279890914023,0.018438750944907673
mlp_V0-vpinn,28.864034814042252,0.013655313764414954,0.009932648865937935,0.01840743579754022
mlp_V0-vpinn,29.06303012239802,0.013580548773500227,0.009783932847028961,0.0183502766735176
mlp_V0-vpinn,29.26202543075378,0.01348327227916281,0.009654076524077524,0.01824891700482429
mlp_V0-vpinn,29.461020739109546,0.013385127492408314,0.009522449533093742,0.018146991202491008
mlp_V0-vpinn,29.660016047465312,0.013286087858299765,0.009388977403737305,0.0180444896729613
mlp_V0-vpinn,29.859011355821075,0.013186125369323518,0.009253580294429947,0.017941402548628357
mlp_V0-vpinn,30.05800666417684,0.013201240538106798,0.009116172433814242,0.017837719676748173
mlp_V0-vpinn,30.257001972532606,0.013085961298354033,0.009025833983657541,0.017799952188596126
mlp_V0-vpinn,30.455997280888372,0.012895902937718888,0.009032807691750607,0.017917015663511338
mlp_V0-vpinn,30.654992589244134,0.012795492464619685,0.009039776019999083,0.018064727905300185
mlp_V0-vpinn,30.8539878975999,0.012694200908969212,0.009046738980834588,0.018569369236218852
mlp_V0-vpinn,31.052983205955666,0.012592002751579158,0.009053696586640929,0.019060654589219413
mlp_V0-vpinn,31.25197851431143,0.012488871152938799,0.009060648849754369,0.019539591421215304
mlp_V0-vpinn,31.450973822667194,0.012400508338324585,0.00905668674898949,0.019381624076063274
mlp_V0-vpinn,31.64996913102296,0.012369742779162682,0.009022489169112103,0.018807607865586468
mlp_V0-vpinn,31.848964439378722,0.012338393404669742,0.008988161477419538,0.018215511945193982
mlp_V0-vpinn,32.04795974773449,0.012306447596921401,0.008953702177400807,0.01768355291465804
mlp_V0-vpinn,32.24695505609026,0.012273892079585824,0.008919109743635589,0.017434501231000835
mlp_V0-vpinn,32.44595036444602,0.01224071287562139,0.008884382621006295,0.01718183990910254
mlp_V0-vpinn,32.64494567280178,0.012205753469264056,0.008844261428250665,0.016998201894199334
mlp_V0-vpinn,32.843940981157544,0.0121392331629203,0.008782532869665828,0.01719089547309009
mlp_V0-vpinn,33.042936289513314,0.012072338509167654,0.008720367366245462,0.01738145295127703
mlp_V0-vpinn,33.241931597869076,0.012005062983327349,0.008657755505776136,0.017569943831105567
mlp_V0-vpinn,33.440926906224846,0.011937399865237041,0.00859468753319835,0.017756433925733856
mlp_V0-vpinn,33.63992221458061,0.011869342230807264,0.008531153332863813,0.017940985627598605
mlp_V0-vpinn,33.83891752293637,0.011813464712111036,0.008473767468102526,0.018084604152724875
mlp_V0-vpinn,34.03791283129214,0.011741610966903397,0.00846012906428315,0.017839315068918282
mlp_V0-vpinn,34.2369081396479,0.011668763031481687,0.008446468638737985,0.017590605927469253
mlp_V0-vpinn,34.435903448003664,0.011594881946181298,0.008432786084446831,0.017338329552263616
mlp_V0-vpinn,34.63489875635943,0.011519926122039397,0.008419081293519854,0.017082327898453386
mlp_V0-vpinn,34.833894064715196,0.011443851085570361,0.008405354157187652,0.01682243089442368
mlp_V0-vpinn,35.03288937307096,0.01136354826049914,0.008445801344498632,0.01656164904370596
mlp_V0-vpinn,35.23188468142673,0.0113622333028126,0.009241226287186257,0.01645107596416143
mlp_V0-vpinn,35.43087998978249,0.011360711813715254,0.00997341296804806,0.016339754640456918
mlp_V0-vpinn,35.62987529813825,0.011358983473204572,0.010087442136244469,0.01622766967380273
mlp_V0-vpinn,35.82887060649402,0.011463603148888835,0.010158708482311707,0.01611480512987297
mlp_V0-vpinn,36.027865914849784,0.011789983337456955,0.010229478344720381,0.016001144512362345
mlp_V0-vpinn,36.22686122320555,0.01188091344939281,0.010213058614352604,0.015886670734840166
mlp_V0-vpinn,36.425856531561315,0.011850325351017406,0.010036560995206788,0.016144497806842815
mlp_V0-vpinn,36.62485183991708,0.011589136057595824,0.009856903517880787,0.01641749433487436
mlp_V0-vpinn,36.82384714827285,0.011318017481439152,0.009673910135571596,0.01668602502203899
mlp_V0-vpinn,37.02284245662861,0.011035618588046709,0.00948738782075547,0.016950302116381006
mlp_V0-vpinn,37.22183776498437,0.010903979438089805,0.009297124179644133,0.01721052156783953
mlp_V0-vpinn,37.42083307334014,0.010882202429663191,0.009153207061601134,0.017466864728323428
mlp_V0-vpinn,37.6198283816959,0.010750564666180316,0.00911948347021187,0.017241532698845517
mlp_V0-vpinn,37.818823690051666,0.010610910710215714,0.009085634706193632,0.016946274085497336
mlp_V0-vpinn,38.017818998407435,0.010528228003733126,0.009051659365293908,0.016645779073273727
mlp_V0-vpinn,38.2168143067632,0.010479432489493647,0.009017556016806084,0.016339758766018453
mlp_V0-vpinn,38.41580961511896,0.010430403454291911,0.008983323202866425,0.016027896683817135
mlp_V0-vpinn,38.61480492347473,0.010394430895084,0.009002575257423102,0.01570984492866035
mlp_V0-vpinn,38.81380023183049,0.010410717202274603,0.008976131446222148,0.015694424527257073
mlp_V0-vpinn,39.01279554018626,0.010427887418131426,0.008847603812129423,0.015750595604078755
mlp_V0-vpinn,39.21179084854202,0.010444692097461981,0.008587526509526626,0.015806567069565784
mlp_V0-vpinn,39.410786156897785,0.010461136768136457,0.008319322681999898,0.01586234103674921
mlp_V0-vpinn,39.609781465253555,0.010477226704134483,0.0080421793204736,0.015917919581641144
mlp_V0-vpinn,39.80877677360932,0.010477528978493583,0.007755138074726243,0.015973304744136416
mlp_V0-vpinn,40.00777208196508,0.010398381075800281,0.007686091553502774,0.015952911670444964
mlp_V0-vpinn,40.20676739032085,0.010317338606461293,0.0076757257408711956,0.0159059459033058
mlp_V0-vpinn,40.40576269867661,0.010235569047330424,0.00766534591061086,0.015858841048221713
mlp_V0-vpinn,40.60475800703237,0.010153050561995922,0.007654952005699618,0.015811595862108084
mlp_V0-vpinn,40.80375331538814,0.010069760134884365,0.007644543968727669,0.01576420908325263
mlp_V0-vpinn,41.002748623743905,0.009986239205297037,0.00763412174189386,0.015716679430922306
mlp_V0-vpinn,41.20174393209967,0.00997534760871157,0.007604056441886857,0.015578683921233467
mlp_V0-vpinn,41.40073924045544,0.009988383667139137,0.007566418942469285,0.015394707961061254
mlp_V0-vpinn,41.5997345488112,0.010086991633406015,0.007528593285236961,0.0152085066227762
mlp_V0-vpinn,41.79872985716697,0.010262841809644572,0.0074905766197317595,0.015019997143265114
mlp_V0-vpinn,41.99772516552273,0.010398484770476491,0.007452366022789615,0.014829091498549631
mlp_V0-vpinn,42.19672047387849,0.010489152365025116,0.007413958495917423,0.014635695923358812
mlp_V0-vpinn,42.39571578223426,0.010464512059372117,0.007382359998362891,0.014554281505684512
mlp_V0-vpinn,42.594711090590025,0.010421508131031678,0.007354257673436707,0.014548266532665853
mlp_V0-vpinn,42.79370639894579,0.010302818484784048,0.0073260475502945534,0.014542249071730975
mlp_V0-vpinn,42.992701707301556,0.010181643268178431,0.007297728378821108,0.014536229119790162
mlp_V0-vpinn,43.19169701565732,0.010057812400789918,0.007269298884550359,0.0145302066737473
mlp_V0-vpinn,43.39069232401308,0.00992669984249789,0.007240757767996333,0.014524181730499852
mlp_V0-vpinn,43.58968763236885,0.009756938712963754,0.007250845050167373,0.0144938779026335
mlp_V0-vpinn,43.78868294072461,0.009645116534969193,0.007287367645124874,0.014442080881889429
mlp_V0-vpinn,43.987678249080375,0.009646095531392207,0.007323708107843253,0.014390097419462617
mlp_V0-vpinn,44.186673557436144,0.009649302577727698,0.0073598691362391205,0.014337925487468999
mlp_V0-vpinn,44.38566886579191,0.009652198045885851,0.007395853362272763,0.014285563020994365
mlp_V0-vpinn,44.58466417414767,0.009654782343864484,0.007431663354183739,0.014233007917140711
mlp_V0-vpinn,44.78365948250344,0.009600617307394525,0.0074700862373364,0.01418199274310504
mlp_V0-vpinn,44.9826547908592,0.009500585752365096,0.007510804678705521,0.01413281872708122
mlp_V0-vpinn,45.18165009921497,0.009399484332324511,0.00755130355965689,0.014083473015545248
mlp_V0-vpinn,45.38064540757073,0.009297277784011553,0.007591586394062104,0.014033953797367469
mlp_V0-vpinn,45.579640715926494,0.009224779024797129,0.007631656603053555,0.01398425922935135
mlp_V0-vpinn,45.778636024282264,0.009229959475852447,0.007671517518415309,0.013934387435432962
mlp_V0-vpinn,45.977631332638026,0.00920547098202405,0.007639057507573633,0.013879146671294659
mlp_V0-vpinn,46.17662664099379,0.00922879643922529,0.0075197146796630145,0.013815610560293446
mlp_V0-vpinn,46.37562194934956,0.009251492850443271,0.007398447007518653,0.013751780902271306
mlp_V0-vpinn,46.57461725770532,0.009292102766401904,0.007275158237631952,0.013687653590533914
mlp_V0-vpinn,46.77361256606108,0.009363167556359691,0.007149743816536813,0.01362322442173064
mlp_V0-vpinn,46.97260787441685,0.009433660506554423,0.007022089852859238,0.01355848909263935
mlp_V0-vpinn,47.171603182772614,0.009454476433711011,0.007156824429308924,0.013502351398668126
mlp_V0-vpinn,47.370598491128376,0.009417383814935728,0.00767881562665951,0.013464815680132566
mlp_V0-vpinn,47.569593799484146,0.009379960409277143,0.007787602342401508,0.013427175030764014
mlp_V0-vpinn,47.76858910783991,0.009379965931393754,0.0077556992417519895,0.013389428565611056
mlp_V0-vpinn,47.96758441619568,0.009599471972546802,0.007723664364383481,0.01335157538721293
mlp_V0-vpinn,48.16657972455144,0.009808890547225613,0.00769149606375653,0.013313614585350549
mlp_V0-vpinn,48.3655750329072,0.0098919155135331,0.007669710221714314,0.013288640371697785
mlp_V0-vpinn,48.56457034126297,0.0097221376409189,0.007667568451294608,0.013302340427056681
mlp_V0-vpinn,48.763565649618734,0.009549322020786894,0.007665426082450195,0.01331602638726346
mlp_V0-vpinn,48.962560957974496,0.009373298342302733,0.0076632831146791845,0.013329698295733744
mlp_V0-vpinn,49.161556266330265,0.009308085827867425,0.007661139547478981,0.013343356195660721
mlp_V0-vpinn,49.36055157468603,0.009317500122546247,0.007658995380346289,0.013357000130016757
mlp_V0-vpinn,49.55954688304179,0.009164911949075245,0.00766283187411862,0.01336721946585988
mlp_V0-vpinn,49.75854219139756,0.008987514184551817,0.007682158634387421,0.013362177773461846
mlp_V0-vpinn,49.95753749975332,0.008838328054841388,0.007701436894293047,0.013357134178061262
mlp_V0-vpinn,50.156532808109084,0.008778491174857996,0.007586924079616455,0.013352088677501614
mlp_V0-vpinn,50.35552811646485,0.0087181648612607,0.00724156042538783,0.013347041269622316
mlp_V0-vpinn,50.554523424820616,0.00865733548925842,0.006878879109217032,0.013341991952258695
mlp_V0-vpinn,50.753518733176385,0.008611261705357465,0.006570368307303727,0.013335296745207502
mlp_V0-vpinn,50.95251404153215,0.008611452393661347,0.006582694497734132,0.013315737921739406
mlp_V0-vpinn,51.15150934988791,0.00861156424850933,0.006594997650293529,0.013296150326999013
mlp_V0-vpinn,51.35050465824368,0.00868619679172503,0.0066072778936756655,0.013276533833642837
mlp_V0-vpinn,51.54949996659944,0.008820771123310629,0.00661953535538055,0.013256888313385234
mlp_V0-vpinn,51.748495274955204,0.008951971624257694,0.006631770161729903,0.013237213636988604
mlp_V0-vpinn,51.94749058331097,0.0089202596695339,0.006657120307093705,0.013214919716228032
mlp_V0-vpinn,52.146485891666735,0.008778918627783856,0.006780832039175057,0.01313580046289032
mlp_V0-vpinn,52.3454812000225,0.008633143477226414,0.006902326818101743,0.01305620176373614
mlp_V0-vpinn,52.54447650837827,0.008542857077574365,0.0070217197227082605,0.012976114795650653
mlp_V0-vpinn,52.74347181673403,0.008520810924724105,0.0071391162075325355,0.012895530461536702
mlp_V0-vpinn,52.94246712508979,0.008498694673808985,0.007102875984028942,0.012814439378253663
mlp_V0-vpinn,53.14146243344556,0.00848331611402649,0.007076807525296592,0.012732831863864974
mlp_V0-vpinn,53.34045774180132,0.008508544146675921,0.007102173738645011,0.01268018559814891
mlp_V0-vpinn,53.539453050157086,0.008533614781836639,0.007026602296599045,0.01262807340024249
mlp_V0-vpinn,53.738448358512855,0.008558530931447938,0.00685641474639687,0.012575745258246953
mlp_V0-vpinn,53.93744366686862,0.008583295418753906,0.006681893931711727,0.012523198465197682
mlp_V0-vpinn,54.13643897522439,0.008607910982040171,0.0065026909702586575,0.012470430257097721
mlp_V0-vpinn,54.33543428358015,0.008626520156460267,0.006318407488815599,0.012417437811221252
mlp_V0-vpinn,54.53442959193591,0.008565144171449473,0.006370614905692346,0.012373823437194323
mlp_V0-vpinn,54.73342490029168,0.008502572706676297,0.006427350899981638,0.012341824585328641
mlp_V0-vpinn,54.93242020864744,0.008439521734342724,0.0064835904332676665,0.012618682187763717
mlp_V0-vpinn,55.131415517003205,0.008375979701185893,0.00653934631451992,0.012889594493875596
mlp_V0-vpinn,55.330410825358975,0.008326606807750497,0.006594630811204713,0.013154928820685847
mlp_V0-vpinn,55.52940613371474,0.008292871303794042,0.0066494556808024356,0.013141472372846588
mlp_V0-vpinn,55.7284014420705,0.008260642750507873,0.006679609414225104,0.012860023719746268
mlp_V0-vpinn,55.92739675042627,0.008277796279896756,0.006707295352452033,0.01257227600789065
mlp_V0-vpinn,56.12639205878203,0.008294792497321755,0.006734867479278611,0.01227778636256265
mlp_V0-vpinn,56.32538736713779,0.00831163368988238,0.006757671778939586,0.012270637168058752
mlp_V0-vpinn,56.52438267549356,0.008328322077668425,0.0067287424021973295,0.012301559110405005
mlp_V0-vpinn,56.723377983849325,0.008344859816281948,0.0067156954031230365,0.012332403520134745
mlp_V0-vpinn,56.922373292205094,0.008297629387766119,0.006713482484673659,0.012495888291811768
mlp_V0-vpinn,57.12136860056086,0.008236691937806379,0.006583773289807835,0.012697318124085592
mlp_V0-vpinn,57.32036390891662,0.008175015887726421,0.006451456765037968,0.012895601997852852
mlp_V0-vpinn,57.51935921727239,0.008129424587309385,0.006316369055930882,0.013090882866706151
mlp_V0-vpinn,57.71835452562815,0.008144891025391444,0.0061783283912631454,0.013283293174985437
mlp_V0-vpinn,57.91734983398391,0.00815816420443121,0.006037132214044623,0.013472955908612212
mlp_V0-vpinn,58.11634514233968,0.008118025600380614,0.005994107509738999,0.013354344140722573
mlp_V0-vpinn,58.315340450695444,0.008052492055391013,0.005980118243184117,0.013096523648877088
mlp_V0-vpinn,58.51433575905121,0.00801784714677133,0.00596609617477103,0.012833524688967656
mlp_V0-vpinn,58.713331067406976,0.008034808527972176,0.005952041072671755,0.01256502209306007
mlp_V0-vpinn,58.91232637576274,0.008051657666849385,0.0059379527023146255,0.012290655167883982
mlp_V0-vpinn,59.1113216841185,0.008068396150477638,0.005923830826338611,0.012010022011327823
mlp_V0-vpinn,59.31031699247427,0.008052951952187807,0.005913672637666057,0.011902937340819509
mlp_V0-vpinn,59.50931230083003,0.00802347410067069,0.005905139649903158,0.011903612118741233
mlp_V0-vpinn,59.7083076091858,0.007993824685915547,0.005896594314028784,0.011904286858414109
mlp_V0-vpinn,59.907302917541564,0.007964000428290863,0.005888036576280311,0.011904961559844643
mlp_V0-vpinn,60.106298225897326,0.007933997941280526,0.005879466382503853,0.011905636223039336
mlp_V0-vpinn,60.305293534253096,0.007903813726536847,0.00587088367815026,0.011906310848004687
mlp_V0-vpinn,60.50428884260886,0.00788692619699872,0.00607631436261322,0.011887115126472936
mlp_V0-vpinn,60.70328415096462,0.00787700634627219,0.006388112224772483,0.011851588126237432
mlp_V0-vpinn,60.90227945932039,0.007867052151069653,0.006469112976105954,0.011815954307542087
mlp_V0-vpinn,61.10127476767615,0.0078570633219888,0.006449301079310407,0.011780212701045461
mlp_V0-vpinn,61.300270076031914,0.007847039565404945,0.006429428133634152,0.011744362322656058
mlp_V0-vpinn,61.499265384387684,0.007836980583384723,0.0064080039865321995,0.011708402173216188
mlp_V0-vpinn,61.698260692743446,0.007820094045088287,0.006380422185176585,0.011658863189854849
mlp_V0-vpinn,61.89725600109921,0.007800829986286043,0.006352720632199603,0.011594362680902274
mlp_V0-vpinn,62.09625130945498,0.007781511866660205,0.006324897754150298,0.011529501336694762
mlp_V0-vpinn,62.29524661781074,0.007762139185791186,0.0062621401150602584,0.011464273032748011
mlp_V0-vpinn,62.4942419261665,0.007742711435067884,0.006198139185840676,0.011398671469339762
mlp_V0-vpinn,62.69323723452227,0.007723228097493326,0.006142649840448231,0.011332690164408767
mlp_V0-vpinn,62.892232542878034,0.007730843114831255,0.006096908392656122,0.01129064434918041
mlp_V0-vpinn,63.0912278512338,0.007758685409730671,0.006197938607746458,0.011283359330073031
mlp_V0-vpinn,63.290223159589566,0.0077864250633067345,0.00626627012252783,0.01127606960440617
mlp_V0-vpinn,63.48921846794533,0.007814063234171175,0.0063069384525188095,0.011268775163045863
mlp_V0-vpinn,63.6882137763011,0.007841601058776782,0.006347346220211703,0.011261475996828566
mlp_V0-vpinn,63.88720908465686,0.007869039652017925,0.006388002790315175,0.011254172096561014
mlp_V0-vpinn,64.08620439301262,0.00786192396812222,0.006445109085045475,0.011236662793087297
mlp_V0-vpinn,64.28519970136838,0.007821322751047697,0.0065017138192323565,0.01119941461947633
mlp_V0-vpinn,64.48419500972415,0.0077804984604946574,0.006557829980737398,0.011162042147937262
mlp_V0-vpinn,64.68319031807991,0.007739447204319739,0.006583434438648199,0.011124544125748056
mlp_V0-vpinn,64.88218562643569,0.0076981649715210584,0.006567129933574792,0.011086919279001866
mlp_V0-vpinn,65.08118093479145,0.007656647626947561,0.006550784847705576,0.011049166312102057
mlp_V0-vpinn,65.28017624314721,0.007696319909646761,0.006533657435325077,0.011013362977495304
mlp_V0-vpinn,65.47917155150297,0.007814994382951017,0.006500825186846246,0.010982983425112548
mlp_V0-vpinn,65.67816685985875,0.00792938477075535,0.006421778935758484,0.01095251960776741
mlp_V0-vpinn,65.87716216821451,0.008039881008168045,0.006341747494939252,0.010921970820358489
mlp_V0-vpinn,66.07615747657027,0.00814681671533702,0.006260693082988911,0.010891336347895745
mlp_V0-vpinn,66.27515278492604,0.008151828589653874,0.006178575440115797,0.010860615465305257
mlp_V0-vpinn,66.4741480932818,0.008157406196388203,0.00614873275364648,0.010835175434698653
mlp_V0-vpinn,66.67314340163756,0.00822499794851691,0.006120507961221473,0.010830721496718031
mlp_V0-vpinn,66.87213870999334,0.008203896618448687,0.006075556863331093,0.010826265726382433
mlp_V0-vpinn,67.0711340183491,0.008158425887824224,0.005915962843972237,0.010821808121428501
mlp_V0-vpinn,67.27012932670486,0.008107998327733885,0.005751942414780472,0.01081734867958821
mlp_V0-vpinn,67.46912463506062,0.007883343128193724,0.005583105472283426,0.010812887398588857
mlp_V0-vpinn,67.66811994341639,0.007789797355736016,0.005446996189309606,0.010808435209472488
mlp_V0-vpinn,67.86711525177216,0.007781133201501207,0.005432996235481756,0.010804051483479694
mlp_V0-vpinn,68.06611056012792,0.0077723409012126175,0.005418960112712079,0.0107996659780752
mlp_V0-vpinn,68.26510586848369,0.007763419041820234,0.005404887539215786,0.010795278691090386
mlp_V0-vpinn,68.46410117683945,0.007734073770864765,0.005390778229530098,0.010790889620352224
mlp_V0-vpinn,68.66309648519521,0.007699745350479407,0.005376631894446674,0.010786498763683263
mlp_V0-vpinn,68.86209179355097,0.007689420771209557,0.005361967544385867,0.010780254700200215
mlp_V0-vpinn,69.06108710190675,0.007699554904316133,0.005344821273218192,0.010746536851194066
mlp_V0-vpinn,69.26008241026251,0.0077096385373730085,0.0053276198192292274,0.01071271287708932
mlp_V0-vpinn,69.45907771861827,0.007719672122340359,0.005310362646170449,0.010678781769464091
mlp_V0-vpinn,69.65807302697404,0.007729656103434205,0.005293049209051504,0.010644742503824219
mlp_V0-vpinn,69.8570683353298,0.007739590917302409,0.005275678953939397,0.010610594039242345
mlp_V0-vpinn,70.05606364368556,0.007730867793585417,0.005259166101453271,0.010576335317986494
mlp_V0-vpinn,70.25505895204134,0.00771791686572646,0.0052511219619363215,0.010615208070213076
mlp_V0-vpinn,70.4540542603971,0.007668091387629948,0.0052430654807645435,0.010654449828423
mlp_V0-vpinn,70.65304956875286,0.007590042085091769,0.00523499660095778,0.010693547583419123
mlp_V0-vpinn,70.85204487710863,0.007510005212586194,0.005226915265096066,0.01073250290898237
mlp_V0-vpinn,71.05104018546439,0.0074278431643499425,0.005218821415314864,0.010771317350434954
mlp_V0-vpinn,71.25003549382016,0.0073393635418264,0.005211217697801771,0.010809992425355682
mlp_V0-vpinn,71.44903080217593,0.007339720143634192,0.00522149105037456,0.010765499510856319
mlp_V0-vpinn,71.64802611053169,0.007339919711322228,0.0052317442296428126,0.010713878948345506
mlp_V0-vpinn,71.84702141888745,0.0073399621742805815,0.0052419773539819975,0.010662008465638844
mlp_V0-vpinn,72.04601672724321,0.0073398474113363,0.005252190540614396,0.01060988439724523
mlp_V0-vpinn,72.24501203559898,0.007339575250569356,0.005262383905624767,0.01055750298718694
mlp_V0-vpinn,72.44400734395475,0.007343340810237789,0.005272557563975743,0.010504860385841138
mlp_V0-vpinn,72.64300265231051,0.007338641503145721,0.005256062896093938,0.01046715528049273
mlp_V0-vpinn,72.84199796066628,0.0073314412658426805,0.005238419882481606,0.010431888240751261
mlp_V0-vpinn,73.04099326902204,0.007324041103973517,0.0052207172459980845,0.010396501568753888
mlp_V0-vpinn,73.2399885773778,0.007316439433517423,0.005202954378057244,0.010360994038733912
mlp_V0-vpinn,73.43898388573358,0.0073086345784890774,0.0051851306596486305,0.010325364403848283
mlp_V0-vpinn,73.63797919408934,0.007299236056945588,0.005167245461085766,0.010289611395666738
mlp_V0-vpinn,73.8369745024451,0.007282198704318121,0.005138729765486515,0.010272807619045855
mlp_V0-vpinn,74.03596981080086,0.007267714866395488,0.00510878127324449,0.010261211149852742
mlp_V0-vpinn,74.23496511915663,0.007253186266905843,0.0050786561798383326,0.010249601560343598
mlp_V0-vpinn,74.43396042751239,0.007238612442027377,0.005048351323765669,0.010237978805884177
mlp_V0-vpinn,74.63295573586817,0.007223992919726506,0.005017863448054666,0.010226342841586588
mlp_V0-vpinn,74.83195104422393,0.007209327219552302,0.0049871891961785,0.010214693622307274
mlp_V0-vpinn,75.03094635257969,0.007206899566840584,0.005026170477379385,0.010230526628620212
mlp_V0-vpinn,75.22994166093545,0.007205360301965828,0.005079285961783307,0.010257215690106737
mlp_V0-vpinn,75.42893696929121,0.007203817202178945,0.005131851721889267,0.01028383548720206
mlp_V0-vpinn,75.62793227764698,0.007202270260136322,0.005183884480710068,0.010310386556395499
mlp_V0-vpinn,75.82692758600275,0.007200719468452247,0.0052354001301940225,0.010336869427286274
mlp_V0-vpinn,76.02592289435852,0.007199164819698651,0.005286413787921301,0.010363284622706753
mlp_V0-vpinn,76.22491820271428,0.007219134640129985,0.0052521292870216065,0.010343151342648819
mlp_V0-vpinn,76.42391351107004,0.007238620056173289,0.005190231614498743,0.010297037057467654
mlp_V0-vpinn,76.6229088194258,0.0072578330201607975,0.005127586798552937,0.01025071532278534
mlp_V0-vpinn,76.82190412778158,0.007276779257954023,0.005064167112294621,0.010204183313460718
mlp_V0-vpinn,77.02089943613734,0.007295464254036788,0.004999943070255758,0.01015743813964103
mlp_V0-vpinn,77.2198947444931,0.00731389326456658,0.0049348832681585,0.010110476844667527
mlp_V0-vpinn,77.41889005284887,0.007275303995885678,0.00491801614050909,0.010083805354156376
mlp_V0-vpinn,77.61788536120463,0.007228836077808085,0.004923013097194622,0.010072329804330985
mlp_V0-vpinn,77.81688066956039,0.007181829904645521,0.004928004987009614,0.010060841165325874
mlp_V0-vpinn,78.01587597791617,0.007134265217151516,0.00493299182533617,0.01004933939224948
mlp_V0-vpinn,78.21487128627193,0.00708612044752027,0.004937973627478718,0.010037824439953042
mlp_V0-vpinn,78.41386659462769,0.007037372597880407,0.004942950408664565,0.010026296263028539
mlp_V0-vpinn,78.61286190298345,0.007016273010130938,0.004934159451772113,0.010001734168909126
mlp_V0-vpinn,78.81185721133922,0.007000169412067858,0.004916975176475366,0.009964276605590334
mlp_V0-vpinn,79.01085251969498,0.006984028412747503,0.004899730633069315,0.009926677700011486
mlp_V0-vpinn,79.20984782805075,0.0069678497484843074,0.004882425182959868,0.009888935839972659
mlp_V0-vpinn,79.40884313640652,0.006951633152458144,0.00486505817619518,0.009915976304791763
mlp_V0-vpinn,79.60783844476228,0.0069353783546615465,0.0048476289511808195,0.00993248627524731
mlp_V0-vpinn,79.80683375311804,0.006924911276244417,0.00483006846568784,0.009860088025762772
mlp_V0-vpinn,80.0058290614738,0.006917409091082747,0.004812389066623149,0.009787154241331064
mlp_V0-vpinn,80.20482436982958,0.006909897118603263,0.0047946444783608265,0.009764155816028727
mlp_V0-vpinn,80.40381967818534,0.006902375316235449,0.00477683397442259,0.009752912755230266
mlp_V0-vpinn,80.6028149865411,0.0068948436410846015,0.004758956814735753,0.009741656718576098
mlp_V0-vpinn,80.80181029489687,0.006887302049928303,0.0047410122452744,0.009730387661035114
mlp_V0-vpinn,81.00080560325263,0.006904641071794495,0.0047294328148050685,0.009741689452639387
mlp_V0-vpinn,81.19980091160839,0.006935802269676665,0.00472455075672924,0.009902873363555742
mlp_V0-vpinn,81.39879621996417,0.006966683391742709,0.004719663648615934,0.010061475454304821
mlp_V0-vpinn,81.59779152831993,0.006997291890881371,0.004714771474761265,0.010217615953858061
mlp_V0-vpinn,81.7967868366757,0.007027634895185069,0.004709874219379786,0.010371406039852607
mlp_V0-vpinn,81.99578214503146,0.007057719227427516,0.0047049718666039,0.010414308190984463
mlp_V0-vpinn,82.19477745338722,0.007067247525796088,0.004695118527810108,0.010211534453657172
mlp_V0-vpinn,82.393772761743,0.007074078298306993,0.004678464457974369,0.01000465175304211
mlp_V0-vpinn,82.59276807009876,0.007080070129857912,0.004661750891979649,0.009793399690662582
mlp_V0-vpinn,82.79176337845452,0.007063097560999154,0.004644977187588407,0.009671227233461928
mlp_V0-vpinn,82.99075868681028,0.007002476530184173,0.004628142690924769,0.009664442772582839
mlp_V0-vpinn,83.18975399516604,0.006943007391600505,0.0046112467361771065,0.009657653545649774
mlp_V0-vpinn,83.3887493035218,0.006933728897351851,0.004601724304206833,0.009655900906395396
mlp_V0-vpinn,83.58774461187758,0.00696362136675837,0.00460564333373856,0.009671516035015964
mlp_V0-vpinn,83.78673992023334,0.006992771202378088,0.004609559031327509,0.00968710599286569
mlp_V0-vpinn,83.9857352285891,0.0070212035098769585,0.00461347140545767,0.009702670901275474
mlp_V0-vpinn,84.18473053694487,0.007048941634065189,0.004617380464577089,0.009718210880604582
mlp_V0-vpinn,84.38372584530063,0.007078887965637361,0.004621286217098083,0.009733726050251504
mlp_V0-vpinn,84.5827211536564,0.007071469657529941,0.004619610803860611,0.009740929531037088
mlp_V0-vpinn,84.78171646201217,0.007019831398942264,0.004604184796157171,0.009704167705555804
mlp_V0-vpinn,84.98071177036793,0.006963414557989572,0.0045887069306269745,0.009667266086462813
mlp_V0-vpinn,85.1797070787237,0.006906137877672407,0.00457317668073334,0.009630223066751667
mlp_V0-vpinn,85.37870238707946,0.006847959181925055,0.004557593510968524,0.00959303700838883
mlp_V0-vpinn,85.57769769543522,0.006791408592335067,0.00454195687663826,0.009555706241468474
mlp_V0-vpinn,85.776693003791,0.006771475200366762,0.0045521819092183575,0.009521927011083897
mlp_V0-vpinn,85.97568831214676,0.0067817481228870475,0.00465221612273838,0.00952569768070093
mlp_V0-vpinn,86.17468362050252,0.006791925043887016,0.004750144163151153,0.00952946685831967
mlp_V0-vpinn,86.37367892885828,0.0068020070462070925,0.004846093714402457,0.009533234545709807
mlp_V0-vpinn,86.57267423721404,0.006798270523441979,0.004940180058137866,0.009537000744637529
mlp_V0-vpinn,86.77166954556981,0.006743476248497189,0.00503250769744817,0.00954076545686554
mlp_V0-vpinn,86.97066485392558,0.0067442075795452324,0.005094089672378933,0.009544373384349441
mlp_V0-vpinn,87.16966016228135,0.006764996214915723,0.004993188845500801,0.009539785334657588
mlp_V0-vpinn,87.36865547063711,0.00675418824950959,0.00489020655018063,0.009535195077334182
mlp_V0-vpinn,87.56765077899287,0.006733674966733928,0.004785008397069481,0.009530602609189412
mlp_V0-vpinn,87.76664608734863,0.00671305030596747,0.004677444881195433,0.009526007927025782
mlp_V0-vpinn,87.9656413957044,0.006749987379650815,0.004567348888930784,0.00952141102763808
mlp_V0-vpinn,88.16463670406017,0.006820707651862552,0.004474104915896112,0.009516811907813352
mlp_V0-vpinn,88.36363201241593,0.0067996082379443695,0.0045841675085836545,0.009495382321177371
mlp_V0-vpinn,88.5626273207717,0.0067437687438331295,0.0046916488247803,0.00947294032039028
mlp_V0-vpinn,88.76162262912746,0.006758924101033646,0.004796722385480599,0.009450445026665361
mlp_V0-vpinn,88.96061793748322,0.006733738969194877,0.004899543100298128,0.009427896058526111
mlp_V0-vpinn,89.159613245839,0.0067082835637990845,0.004994013006639286,0.009405293029923111
mlp_V0-vpinn,89.35860855419476,0.006700823281607522,0.00498845919474716,0.009382635550156917
mlp_V0-vpinn,89.55760386255052,0.006694311862785561,0.004992337032728995,0.009362112197750355
mlp_V0-vpinn,89.75659917090628,0.006687783494357759,0.004908979095033806,0.009341851345349015
mlp_V0-vpinn,89.95559447926205,0.006657572467637012,0.004813200468595411,0.00932154645506487
mlp_V0-vpinn,90.15458978761781,0.006618970764154353,0.004715476831275416,0.009301197238488478
mlp_V0-vpinn,90.35358509597359,0.0065800630845923615,0.004615684644958247,0.009280803404048537
mlp_V0-vpinn,90.55258040432935,0.006566122603357113,0.004513686712335216,0.009260364656963145
mlp_V0-vpinn,90.75157571268511,0.0065604871369237755,0.004492034393898623,0.00925073263653561
mlp_V0-vpinn,90.95057102104087,0.006554842415450892,0.004474289801586556,0.009243743101240001
mlp_V0-vpinn,91.14956632939663,0.006549188392640801,0.004456474555205578,0.009236748276898053
mlp_V0-vpinn,91.34856163775241,0.006543525021808486,0.004438587803998929,0.00922974815148475
mlp_V0-vpinn,91.54755694610817,0.00653785225587703,0.004420628679998053,0.009222742712929445
mlp_V0-vpinn,91.74655225446394,0.0065337970437104945,0.004402596297531108,0.009215731949115609
mlp_V0-vpinn,91.9455475628197,0.006524114837814909,0.004403077812317534,0.009224103469197584
mlp_V0-vpinn,92.14454287117546,0.006514416367844002,0.004405913037188919,0.009238073162331994
mlp_V0-vpinn,92.34353817953122,0.006504701544103425,0.004408746438753267,0.009252021762551925
mlp_V0-vpinn,92.542533487887,0.0064949702760274675,0.004411578020523716,0.009265949365114738
mlp_V0-vpinn,92.74152879624276,0.0064852224721668236,0.004414407786002135,0.00927985606456296
mlp_V0-vpinn,92.94052410459852,0.006528198787731093,0.00441723573867918,0.009293741954731781
mlp_V0-vpinn,93.13951941295429,0.006586705886467215,0.004481308923099714,0.009270318650447938
mlp_V0-vpinn,93.33851472131005,0.006644188989147165,0.004557566689412886,0.009227291151737602
mlp_V0-vpinn,93.53751002966581,0.006638072304394591,0.004632569329501584,0.009184062070621429
mlp_V0-vpinn,93.73650533802159,0.006611436657975328,0.004706376850277889,0.00914062854704857
mlp_V0-vpinn,93.93550064637735,0.0065846114697324706,0.004779044624297251,0.009096987652690939
mlp_V0-vpinn,94.13449595473311,0.006557592460194218,0.004850623875875893,0.009053136388639218
mlp_V0-vpinn,94.33349126308887,0.006556746282443191,0.004790642604638469,0.009031925808897959
mlp_V0-vpinn,94.53248657144464,0.006563654561308047,0.004685972890444437,0.009026840476206471
mlp_V0-vpinn,94.73148187980041,0.006570537881334727,0.0045789111472688635,0.009021752277042522
mlp_V0-vpinn,94.93047718815617,0.006577396424856202,0.0044692854752394155,0.009016661206553363
mlp_V0-vpinn,95.12947249651194,0.0065004806718082725,0.004356902342695891,0.009011567259872547
mlp_V0-vpinn,95.3284678048677,0.006440578586231512,0.0042415425718000145,0.009006470432119858
mlp_V0-vpinn,95.52746311322346,0.006436755131464137,0.004322533653254265,0.009040827719336317
mlp_V0-vpinn,95.72645842157922,0.006432728599923764,0.0044890810130611605,0.009112348101440048
mlp_V0-vpinn,95.925453729935,0.006428697490954006,0.004649666600965802,0.009183311493841221
mlp_V0-vpinn,96.12444903829076,0.006424661788017553,0.004722130113160104,0.009253730710584484
mlp_V0-vpinn,96.32344434664653,0.006388883453218062,0.004676680943315129,0.009323618081791668
mlp_V0-vpinn,96.52243965500229,0.0063650350276570605,0.004659370050677798,0.009392985478867234
mlp_V0-vpinn,96.72143496335805,0.006370069461620238,0.004669877159697837,0.009396624087591683
mlp_V0-vpinn,96.92043027171381,0.0063787454567382305,0.004680360680992634,0.009316222724677078
mlp_V0-vpinn,97.11942558006959,0.006387316042518459,0.0046908207727109075,0.009235121410575545
mlp_V0-vpinn,97.31842088842535,0.006395782413108259,0.004593645154704529,0.0091533015399009
mlp_V0-vpinn,97.51741619678111,0.006404145726801245,0.004425595623300086,0.009070743668114181
mlp_V0-vpinn,97.71641150513688,0.00645778332499383,0.0042509078365221414,0.008987427457560638
mlp_V0-vpinn,97.91540681349264,0.006479626111501928,0.004168608137575909,0.008931086272667265
mlp_V0-vpinn,98.11440212184841,0.006459233338453876,0.004166295380768732,0.00892292534486294
mlp_V0-vpinn,98.31339743020418,0.006438711238003005,0.004163981339411316,0.008914756946219519
mlp_V0-vpinn,98.51239273855994,0.00641805729866786,0.0041616660113608876,0.008906581056182047
mlp_V0-vpinn,98.7113880469157,0.0063972689266078055,0.00415934939446871,0.00889839765410114
mlp_V0-vpinn,98.91038335527146,0.006374624849990801,0.004157031486580059,0.008890206719232373
mlp_V0-vpinn,99.10937866362723,0.006371019429849245,0.004168004034894951,0.008879562441642895
mlp_V0-vpinn,99.308373971983,0.006378749026118307,0.004193108983064661,0.008862982215321929
mlp_V0-vpinn,99.50736928033876,0.006386354718071053,0.004218064515013314,0.00884637091372448
mlp_V0-vpinn,99.70636458869453,0.006393837812666848,0.004242873267229584,0.008829728361465498
mlp_V0-vpinn,99.90535989705029,0.006364200891421308,0.004267537799566443,0.008813054381503945
mlp_V0-vpinn,100.10435520540605,0.006340545088123706,0.004292060598323997,0.008796348795120824
mlp_V0-vpinn,100.30335051376183,0.006350111189046517,0.004292339791813886,0.008801323745132855
mlp_V0-vpinn,100.50234582211759,0.006342487035881375,0.004258531043472393,0.00888274038609594
mlp_V0-vpinn,100.70134113047335,0.006334850339469518,0.004224451728691813,0.008963417532778462
mlp_V0-vpinn,100.90033643882911,0.006327201029745323,0.004190095245680751,0.009043374976581519
mlp_V0-vpinn,101.09933174718488,0.006319539035965482,0.004155454719727508,0.0091226316415386
mlp_V0-vpinn,101.29832705554064,0.006315408687670443,0.004120522987138261,0.009201205636618592
mlp_V0-vpinn,101.49732236389642,0.006310349273743705,0.004164013202555893,0.00925593713291789
mlp_V0-vpinn,101.69631767225218,0.006305268251798642,0.004348389267028429,0.009177801861047549
mlp_V0-vpinn,101.89531298060794,0.006300165486594079,0.0045252593830802995,0.009098995647474914
mlp_V0-vpinn,102.0943082889637,0.00627375283233903,0.004546772413630462,0.009019500905531691
mlp_V0-vpinn,102.29330359731946,0.006232440112374267,0.004547211977365941,0.008939299266553647
mlp_V0-vpinn,102.49229890567523,0.006185924242466217,0.00457126967237379,0.00885837153031674
mlp_V0-vpinn,102.691294214031,0.006160325979236472,0.0046166214804019105,0.008781407585326433
mlp_V0-vpinn,102.89028952238677,0.006162793959888491,0.004614461959816153,0.008762466854507066
mlp_V0-vpinn,103.08928483074253,0.006165192218455453,0.004612301428123744,0.008743485093087386
mlp_V0-vpinn,103.28828013909829,0.006167521005022778,0.004610139883903125,0.008724462033257274
mlp_V0-vpinn,103.48727544745405,0.00616978055727864,0.0044774593167465305,0.008705397404280519
mlp_V0-vpinn,103.68627075580983,0.006176992977260359,0.004311031367205921,0.00868629093244984
mlp_V0-vpinn,103.88526606416559,0.006196113833914787,0.004168037960630132,0.008667185000573617
mlp_V0-vpinn,104.08426137252135,0.0062175634012544435,0.004132451328876048,0.008673555125205887
mlp_V0-vpinn,104.28325668087712,0.00623892508378455,0.00409655556898781,0.008679920574855645
mlp_V0-vpinn,104.48225198923288,0.006260200067244925,0.004060342482362868,0.008686281359800601
mlp_V0-vpinn,104.68124729758864,0.006269559825130318,0.00402380350145932,0.008692637490280866
mlp_V0-vpinn,104.88024260594442,0.006260694255024445,0.003986929666125536,0.008698988976499136
mlp_V0-vpinn,105.07923791430018,0.006339580400093483,0.003954317231727897,0.008705335828620887
mlp_V0-vpinn,105.27823322265594,0.006348906213329297,0.003949387909948471,0.008693696257812678
mlp_V0-vpinn,105.4772285310117,0.006349639224429091,0.0039444524280759325,0.008680639338638005
mlp_V0-vpinn,105.67622383936747,0.006350008646444255,0.003939510762957894,0.008667562750387976
mlp_V0-vpinn,105.87521914772323,0.006350014458793308,0.003934562891296575,0.00865446640390479
mlp_V0-vpinn,106.074214456079,0.006345857722735573,0.003929608789647518,0.008641350209355027
mlp_V0-vpinn,106.27320976443477,0.006303734550985535,0.003924965714816881,0.008628214076222477
mlp_V0-vpinn,106.47220507279053,0.006265811514876766,0.003924246401158314,0.008654280365404372
mlp_V0-vpinn,106.67120038114629,0.0062241274503832735,0.0039235269556255085,0.008686806091151402
mlp_V0-vpinn,106.87019568950205,0.006182061118617814,0.0039228073781459065,0.008719210485331032
mlp_V0-vpinn,107.06919099785783,0.00613678955347788,0.003922087668646884,0.008751494895716281
mlp_V0-vpinn,107.2681863062136,0.0060674798810174116,0.0039213678270557505,0.008783660645311248
mlp_V0-vpinn,107.46718161456936,0.006045438511654627,0.003920647856338709,0.008815709032983739
mlp_V0-vpinn,107.66617692292512,0.006031484909400956,0.0039199282285850255,0.008818246068049826
mlp_V0-vpinn,107.86517223128088,0.006017427649298521,0.003919208468696474,0.008812599243035346
mlp_V0-vpinn,108.06416753963664,0.006003264993771219,0.003918488576600241,0.008806948797399591
mlp_V0-vpinn,108.26316284799242,0.0059889951534818665,0.003917768552223448,0.008801294724169226
mlp_V0-vpinn,108.46215815634818,0.005976118332588557,0.003917048395493146,0.008795637016348503
mlp_V0-vpinn,108.66115346470394,0.005972811993791039,0.003916328106336323,0.00878997566691916
mlp_V0-vpinn,108.8601487730597,0.00596265715206115,0.0039061003935194232,0.008750977050869106
mlp_V0-vpinn,109.05914408141547,0.0059524849638781414,0.003895202134358803,0.008698162993327142
mlp_V0-vpinn,109.25813938977124,0.0059422953399277615,0.0038842732976419347,0.00864502629100304
mlp_V0-vpinn,109.457134698127,0.005932088190125676,0.0038733136245384177,0.008591560957461795
mlp_V0-vpinn,109.65613000648277,0.005921998059210841,0.0038623228525455655,0.00853776081882304
mlp_V0-vpinn,109.85512531483853,0.005914301487182139,0.0038513007154150525,0.008483619505439759
mlp_V0-vpinn,110.0541206231943,0.005908143299183223,0.003865201919884356,0.00847246487194052
mlp_V0-vpinn,110.25311593155006,0.005901978540481122,0.0038828328922114177,0.008486056420535234
mlp_V0-vpinn,110.45211123990583,0.005895807189553088,0.003900384167771178,0.00849962623523814
mlp_V0-vpinn,110.6511065482616,0.005889629224756391,0.003917856817644212,0.008513174419979284
mlp_V0-vpinn,110.85010185661736,0.005883477950092227,0.003935251889132689,0.008526701077863044
mlp_V0-vpinn,111.04909716497312,0.0058958939316869205,0.003952570406492916,0.008540206311177264
mlp_V0-vpinn,111.24809247332888,0.005912195460580094,0.003938150651451332,0.008540472494706033
mlp_V0-vpinn,111.44708778168464,0.005928414326969547,0.003915597674760951,0.008530426531920461
mlp_V0-vpinn,111.64608309004042,0.005944551825838052,0.0038929140431892624,0.00852036872442471
mlp_V0-vpinn,111.84507839839618,0.005960609218645762,0.0038700974593318693,0.008510299030223144
mlp_V0-vpinn,112.04407370675194,0.0059765877345327855,0.003847145557656196,0.008500217407071376
mlp_V0-vpinn,112.24306901510771,0.005954551454991255,0.0038240559016390727,0.0084901238124742
mlp_V0-vpinn,112.44206432346347,0.005926220074120082,0.0038202332903639444,0.008475027132960581
mlp_V0-vpinn,112.64105963181925,0.005897674073923583,0.0038237474971144613,0.008454688512009222
mlp_V0-vpinn,112.84005494017501,0.005868907991672144,0.003827258477105156,0.00843430084629327
mlp_V0-vpinn,113.03905024853077,0.005839916125363264,0.0038307662392082155,0.008413863779291061
mlp_V0-vpinn,113.23804555688653,0.0058106925187557425,0.0038342707922552404,0.008393376950140434
mlp_V0-vpinn,113.4370408652423,0.0058149628843471805,0.0038377721450375086,0.008372839993564396
mlp_V0-vpinn,113.63603617359806,0.005828135043316179,0.003841190157252269,0.008364435367500249
mlp_V0-vpinn,113.83503148195383,0.005841392001050779,0.0038445624717129696,0.008372973444854019
mlp_V0-vpinn,114.0340267903096,0.005854601740500384,0.0038479318306898014,0.008381502824635456
mlp_V0-vpinn,114.23302209866536,0.005867764813891718,0.003851298241939696,0.00839002353337067
mlp_V0-vpinn,114.43201740702112,0.005880881762609327,0.0038546617131857137,0.008398535597451214
mlp_V0-vpinn,114.63101271537688,0.005910413289277905,0.003858022252117249,0.00840703904313503
mlp_V0-vpinn,114.83000802373265,0.005939088372643394,0.0038465530445743576,0.008405628815363967
mlp_V0-vpinn,115.02900333208842,0.005967125486452535,0.0038242732283849308,0.008385373576842369
mlp_V0-vpinn,115.22799864044418,0.0059948594387325355,0.003801862849440936,0.00836506929228535
mlp_V0-vpinn,115.42699394879995,0.005979489295105889,0.0037793195851338907,0.008344715603677843
mlp_V0-vpinn,115.62598925715571,0.005943914100986389,0.003756641043165298,0.008324312148627874
mlp_V0-vpinn,115.82498456551147,0.005916966957773728,0.0037338247585835503,0.00830385856029128
mlp_V0-vpinn,116.02397987386725,0.00591609485643468,0.003732753228571571,0.008290879339505343
mlp_V0-vpinn,116.22297518222301,0.0059057976605915545,0.003752532674088762,0.008297852242936958
mlp_V0-vpinn,116.42197049057877,0.005847031748706046,0.0037722084081869105,0.008304819291772174
mlp_V0-vpinn,116.62096579893453,0.005787366157437674,0.003791782045356549,0.0083117805007332
mlp_V0-vpinn,116.8199611072903,0.0057267532100412,0.003811255158629577,0.008318735884480646
mlp_V0-vpinn,117.01895641564606,0.005703245975841254,0.003830629281054593,0.008325685457613887
mlp_V0-vpinn,117.21795172400184,0.0056978888190257065,0.003879361689368622,0.008327962819813633
mlp_V0-vpinn,117.4169470323576,0.0056925232713289035,0.0039641981188895635,0.008311578061830912
mlp_V0-vpinn,117.61594234071336,0.005687149289656138,0.0040472566430452776,0.008295160940429036
mlp_V0-vpinn,117.81493764906912,0.0056817668305388005,0.004128644564931778,0.008278711263072905
mlp_V0-vpinn,118.01393295742488,0.005676375850129804,0.004208458809636526,0.008262228835310774
mlp_V0-vpinn,118.21292826578066,0.00567464669632447,0.004253378027844713,0.008245713460747435
mlp_V0-vpinn,118.41192357413642,0.005679309656287332,0.004245758631821399,0.008230420307179104
mlp_V0-vpinn,118.61091888249219,0.005683956061837787,0.004220129675775232,0.008223672193399445
mlp_V0-vpinn,118.80991419084795,0.005681454823935045,0.004133950434589342,0.008216918537758317
mlp_V0-vpinn,119.00890949920371,0.005675791083016012,0.004045935974644686,0.00821015932657956
mlp_V0-vpinn,119.20790480755947,0.005670121274758108,0.0039559638049667094,0.008203394546130668
mlp_V0-vpinn,119.40690011591525,0.005662867349085164,0.003863897170149495,0.008196624182622469
mlp_V0-vpinn,119.60589542427101,0.005662267284618579,0.003790406987506479,0.008190017471794469
mlp_V0-vpinn,119.80489073262677,0.005665904142360353,0.003765069083471463,0.008186496313303138
mlp_V0-vpinn,120.00388604098254,0.005659863376219863,0.003739559502894338,0.008182973639646717
mlp_V0-vpinn,120.2028813493383,0.00564698278896063,0.0037138747081804004,0.008179449448867586
mlp_V0-vpinn,120.40187665769406,0.0056340706756981655,0.0036880110385459474,0.008175923739003894
mlp_V0-vpinn,120.60087196604984,0.005620600745975434,0.0036619647039275857,0.00817239650808957
mlp_V0-vpinn,120.7998672744056,0.005609311658516336,0.0036413882870590937,0.008168867754154293
mlp_V0-vpinn,120.99886258276136,0.005597999545896373,0.0036400485291951962,0.008157248629651004
mlp_V0-vpinn,121.19785789111712,0.005586664265071666,0.0036387082780378346,0.008145452973797535
mlp_V0-vpinn,121.39685319947289,0.005575305671495131,0.003637367533041721,0.008133640211538189
mlp_V0-vpinn,121.59584850782866,0.005563923619094045,0.0036360262936605617,0.008121810268231763
mlp_V0-vpinn,121.79484381618443,0.0055554315471594146,0.0036346845593470574,0.008109963068692657
mlp_V0-vpinn,121.99383912454019,0.005559865055100045,0.0036330424389749965,0.008098098537185301
mlp_V0-vpinn,122.19283443289595,0.005564284722573875,0.0036297344334890644,0.008099978191991162
mlp_V0-vpinn,122.39182974125171,0.00556869062869497,0.0036264234104581563,0.008103274818739056
mlp_V0-vpinn,122.59082504960747,0.005573082851724016,0.003623109361609411,0.008106570104877189
mlp_V0-vpinn,122.78982035796325,0.00557746146908067,0.003619792278632096,0.008109864052039752
mlp_V0-vpinn,122.98881566631901,0.005580989186420373,0.003616472153177365,0.008113156661857622
mlp_V0-vpinn,123.18781097467478,0.005567719464055604,0.003612947132404306,0.008116447935958363
mlp_V0-vpinn,123.38680628303054,0.005554242625238829,0.003607167819759288,0.008108880889906881
mlp_V0-vpinn,123.5858015913863,0.005540726212079445,0.003601379232775334,0.008099148659002625
mlp_V0-vpinn,123.78479689974206,0.005527169835660127,0.003595581326659701,0.008089404719418547
mlp_V0-vpinn,123.98379220809784,0.005513573100353075,0.003589774056257916,0.008079649028793148
mlp_V0-vpinn,124.1827875164536,0.005501591504574197,0.0035839573760496775,0.008069881544508883
mlp_V0-vpinn,124.38178282480936,0.0054992805535736605,0.003578137172177919,0.008060102223689978
mlp_V0-vpinn,124.58077813316513,0.005497523651845001,0.003572822585880444,0.00807073240682023
mlp_V0-vpinn,124.77977344152089,0.005495764817168127,0.003567500082331246,0.008087759705207935
mlp_V0-vpinn,124.97876874987666,0.005494004045181217,0.0035621696260410545,0.008104751230967676
mlp_V0-vpinn,125.17776405823243,0.005492241331504564,0.00355683118125467,0.008121707208620548
mlp_V0-vpinn,125.37675936658819,0.005489277292131337,0.0035514847119481616,0.008138627860348812
mlp_V0-vpinn,125.57575467494395,0.005487590507469633,0.003546130181826034,0.00815551340602986
mlp_V0-vpinn,125.77474998329971,0.005486409129070522,0.0035457609535669856,0.008144150219789018
mlp_V0-vpinn,125.97374529165548,0.005485223958174936,0.003545716936517358,0.008119890716622538
mlp_V0-vpinn,126.17274060001125,0.00548403498718522,0.003545672918921289,0.008095558516698905
mlp_V0-vpinn,126.37173590836701,0.0054828422084517246,0.003545628900778759,0.008071152962538842
mlp_V0-vpinn,126.57073121672278,0.005484303170721788,0.0035455848820897477,0.008046673386692347
mlp_V0-vpinn,126.76972652507854,0.0054864027090278135,0.003545540862854234,0.00802211911152572
mlp_V0-vpinn,126.9687218334343,0.005487172639498161,0.003547461025391899,0.008008302098298168
mlp_V0-vpinn,127.16771714179008,0.005487921809910892,0.003549682004577414,0.008001248666523261
mlp_V0-vpinn,127.36671245014584,0.005488650252830608,0.0035519015950004743,0.007994189011367803
mlp_V0-vpinn,127.5657077585016,0.005489357999602656,0.0035541197992629762,0.007987123116329632
mlp_V0-vpinn,127.76470306685736,0.005484013413675331,0.0035563366199587013,0.007980050964833533
mlp_V0-vpinn,127.96369837521313,0.005463272378347557,0.003558552059673353,0.00797297254023078
mlp_V0-vpinn,128.16269368356888,0.005443102521198714,0.003568187933935369,0.00803592457054179
mlp_V0-vpinn,128.36168899192467,0.005422808806409731,0.0035796901956948986,0.008156682075966861
mlp_V0-vpinn,128.56068430028043,0.0054023886985188,0.003591155616570576,0.008275677692694454
mlp_V0-vpinn,128.7596796086362,0.005381839573306146,0.0036025845483067575,0.008392986361142387
mlp_V0-vpinn,128.95867491699195,0.005364969545266685,0.0036139773370859446,0.008508677855183121
mlp_V0-vpinn,129.15767022534772,0.005362783523111019,0.003625334323651134,0.008622817267473848
mlp_V0-vpinn,129.35666553370348,0.005360652862360746,0.003610892791263462,0.008625383190400132
mlp_V0-vpinn,129.55566084205924,0.005358520597103509,0.0035864473185238197,0.008502221059704263
mlp_V0-vpinn,129.754656150415,0.005356386723682063,0.003561834076300433,0.00837724839758976
mlp_V0-vpinn,129.95365145877076,0.005354251238425244,0.0035370495622260114,0.008250382929401624
mlp_V0-vpinn,130.15264676712656,0.005351562747783404,0.00351209015035085,0.0081215359537838
mlp_V0-vpinn,130.35164207548232,0.005346777837580462,0.0034869520849503677,0.007990611617106944
mlp_V0-vpinn,130.55063738383808,0.005342555959493465,0.0034770468674881687,0.007920765042744471
mlp_V0-vpinn,130.74963269219384,0.005338328822898529,0.0034753446757993275,0.007945822328697914
mlp_V0-vpinn,130.9486280005496,0.005334096405865139,0.003473641649984089,0.007970800844087491
mlp_V0-vpinn,131.14762330890537,0.005329858686307172,0.0034719377888150064,0.007995701327149319
mlp_V0-vpinn,131.34661861726113,0.00532566625539372,0.0034702330910616197,0.008020524504659836
mlp_V0-vpinn,131.5456139256169,0.005320816315039831,0.003468527555490447,0.00804527109218331
mlp_V0-vpinn,131.74460923397265,0.0053151204074209785,0.003466884231274994,0.00805287031137836
mlp_V0-vpinn,131.94360454232842,0.005309418252957998,0.003465285637126702,0.008024942433772636
mlp_V0-vpinn,132.14259985068418,0.0053037098306150075,0.003463686305179789,0.007996917023381594
mlp_V0-vpinn,132.34159515903997,0.005297995119235504,0.003462086234411764,0.007968793051167532
mlp_V0-vpinn,132.54059046739573,0.005358677886626259,0.0034604854237977704,0.007940569469869376
mlp_V0-vpinn,132.7395857757515,0.005304532774253333,0.0034588838723105812,0.007912245213547624
mlp_V0-vpinn,132.93858108410726,0.005317335763353439,0.003456523709158834,0.007888328440419876
mlp_V0-vpinn,133.13757639246302,0.005330076930792991,0.0034534345206637916,0.007877655673854608
mlp_V0-vpinn,133.33657170081878,0.00534275717732623,0.003450342566332734,0.007866968428034417
mlp_V0-vpinn,133.53556700917454,0.005355377382038903,0.003447247838723344,0.00785626664386889
mlp_V0-vpinn,133.7345623175303,0.005367938403071069,0.0034441503303598653,0.007845550261864592
mlp_V0-vpinn,133.93355762588607,0.005351056486520665,0.003441050033732898,0.007834819222121222
mlp_V0-vpinn,134.13255293424183,0.005329783598252171,0.00343785644189111,0.007826156434623852
mlp_V0-vpinn,134.3315482425976,0.005308415626201683,0.0034345448926895194,0.00782693505534595
mlp_V0-vpinn,134.53054355095338,0.00528695117377968,0.003431230147446703,0.00782771359861884
mlp_V0-vpinn,134.72953885930914,0.005265388808013255,0.003427912196891073,0.007828492064465628
mlp_V0-vpinn,134.9285341676649,0.005243727058164446,0.0034245910317061284,0.00782927045290941
mlp_V0-vpinn,135.12752947602067,0.0052328722956378896,0.0034212666425301468,0.00783004876397327
mlp_V0-vpinn,135.32652478437643,0.005227075026000325,0.003418954776317734,0.007830418879183867
mlp_V0-vpinn,135.5255200927322,0.005221264291849492,0.0034183874763354665,0.007827400392321462
mlp_V0-vpinn,135.72451540108796,0.0052154399990787725,0.0034178200821910545,0.007824380740988337
mlp_V0-vpinn,135.92351070944372,0.0052096020524801875,0.003417252593837596,0.007821359923835768
mlp_V0-vpinn,136.12250601779948,0.005203750355726268,0.003416685011228148,0.007818337939512417
mlp_V0-vpinn,136.32150132615524,0.005199159341564497,0.0034161173343157285,0.007815314786664343
mlp_V0-vpinn,136.520496634511,0.00519267781075453,0.003424571594316406,0.007812789599264052
mlp_V0-vpinn,136.7194919428668,0.0051861881671180325,0.003454190654839795,0.007825050704301626
mlp_V0-vpinn,136.91848725122256,0.005179690380067419,0.003483557887471702,0.007837292627394627
mlp_V0-vpinn,137.11748255957832,0.005173184418822118,0.0035126796083261055,0.007849515458290211
mlp_V0-vpinn,137.31647786793408,0.005166670252406856,0.003541561873825414,0.00786171928603787
mlp_V0-vpinn,137.51547317628985,0.005214518813144025,0.0035702104954074506,0.007873904198997
mlp_V0-vpinn,137.7144684846456,0.005276885118023246,0.0035840877794074723,0.007886070284844372
mlp_V0-vpinn,137.91346379300137,0.005337937362299415,0.003548176188702353,0.007879073082014795
mlp_V0-vpinn,138.11245910135713,0.005397759422631708,0.0035118973962305236,0.00787124887275426
mlp_V0-vpinn,138.3114544097129,0.005456426587839373,0.0034752399021113784,0.007863416878300443
mlp_V0-vpinn,138.51044971806866,0.005514006741926237,0.003438191593382119,0.007855577075367878
mlp_V0-vpinn,138.70944502642442,0.0054853842095310724,0.0034007396972393885,0.007847729440554792
mlp_V0-vpinn,138.90844033478018,0.005426313883851337,0.003369120015772697,0.007839873950342283
mlp_V0-vpinn,139.10743564313597,0.005366069394930166,0.003371570290756598,0.007818092210991527
mlp_V0-vpinn,139.30643095149173,0.005304573781998657,0.0033740187863058554,0.007794488361496406
mlp_V0-vpinn,139.5054262598475,0.005241741261590705,0.003376465506291623,0.007770812815622281
mlp_V0-vpinn,139.70442156820326,0.005177475742792375,0.0033789104545710372,0.007747064916042465
mlp_V0-vpinn,139.90341687655902,0.005153465585067892,0.0033813536349872903,0.0077232439953242825
mlp_V0-vpinn,140.10241218491478,0.005152862595193013,0.0033831079201300657,0.007699349375710206
mlp_V0-vpinn,140.30140749327055,0.00515222262126967,0.003377139585525765,0.007705098899024762
mlp_V0-vpinn,140.5004028016263,0.0051515455910554125,0.0033711606845422677,0.007717477377211972
mlp_V0-vpinn,140.69939810998207,0.005150831428146869,0.0033651711608597037,0.00772983603265972
mlp_V0-vpinn,140.89839341833783,0.005150080051944411,0.0033591709576561006,0.007742174960295752
mlp_V0-vpinn,141.0973887266936,0.005159124166890601,0.0033531600176010925,0.007754494254292571
mlp_V0-vpinn,141.29638403504939,0.005155831011172604,0.0033482937142092083,0.007766794008075823
mlp_V0-vpinn,141.49537934340515,0.005152428024204311,0.003435472325341358,0.007765893025089113
mlp_V0-vpinn,141.6943746517609,0.005148914722165911,0.0035204927779729674,0.007760521555611918
mlp_V0-vpinn,141.89336996011667,0.005145290584593589,0.0036035078328391745,0.007755146365679162
mlp_V0-vpinn,142.09236526847243,0.00514155505376508,0.003684653036977396,0.007749767447549392
mlp_V0-vpinn,142.2913605768282,0.005123881045604836,0.003764049322801205,0.007744384793454268
mlp_V0-vpinn,142.49035588518396,0.005104807445965802,0.003841805123383235,0.007738998395598438
mlp_V0-vpinn,142.68935119353972,0.0050856504929265725,0.003768598003189867,0.007729626182648835
mlp_V0-vpinn,142.88834650189548,0.005066408965930086,0.003684426855652807,0.007718327770271713
mlp_V0-vpinn,143.08734181025125,0.005047081612635511,0.0035982873147741568,0.007707012794540089
mlp_V0-vpinn,143.286337118607,0.005027667147716112,0.0035100344648840115,0.0076956811823945615
mlp_V0-vpinn,143.4853324269628,0.005016223753754575,0.0034195046848458153,0.007684332860237045
mlp_V0-vpinn,143.68432773531856,0.005017960120119076,0.003326512082450845,0.007672967753925202
mlp_V0-vpinn,143.88332304367432,0.005019828337936584,0.0033082328737520576,0.007668278789161764
mlp_V0-vpinn,144.0823183520301,0.00502169585004061,0.0033010722337747786,0.007667964877372561
mlp_V0-vpinn,144.28131366038585,0.005023562657242138,0.0032938960272333754,0.0076676509527318845
mlp_V0-vpinn,144.4803089687416,0.005025428760350578,0.0032867041521635046,0.007667337015238156
mlp_V0-vpinn,144.67930427709737,0.005023185148366257,0.00327949650548279,0.007667023064889797
mlp_V0-vpinn,144.87829958545314,0.0050176051329782565,0.003272272982973584,0.007666709101685228
mlp_V0-vpinn,145.0772948938089,0.005012059507494697,0.0032692140596886792,0.0076606544660674375
mlp_V0-vpinn,145.27629020216466,0.005006491427736322,0.0032671736764473673,0.007649582234466435
mlp_V0-vpinn,145.47528551052042,0.005000900700598254,0.003265132018169415,0.007638493953342505
mlp_V0-vpinn,145.6742808188762,0.004995287130005503,0.0032630890824615175,0.007627389552699895
mlp_V0-vpinn,145.87327612723197,0.004997825836169064,0.0032610448669228727,0.007616268962032592
mlp_V0-vpinn,146.07227143558774,0.005003557445108896,0.0032589993691451505,0.007605132110319093
mlp_V0-vpinn,146.2712667439435,0.005008187530615013,0.0032585672358060474,0.007594607271658728
mlp_V0-vpinn,146.47026205229926,0.005012754901712822,0.0032587278501590763,0.007584802116785828
mlp_V0-vpinn,146.66925736065502,0.005017260102521722,0.0032588884565962254,0.007574984270007821
mlp_V0-vpinn,146.8682526690108,0.0050217036617156655,0.0032590490551186644,0.0075651536819110994
mlp_V0-vpinn,147.06724797736655,0.005015647656028066,0.0032592096457275638,0.007555310302760583
mlp_V0-vpinn,147.2662432857223,0.00500079062229218,0.0032593702284240927,0.007545454082496782
mlp_V0-vpinn,147.46523859407807,0.004987468806482103,0.0032564992136283424,0.007547500467320324
mlp_V0-vpinn,147.66423390243384,0.004974042159869352,0.00325207241504697,0.007568280242223598
mlp_V0-vpinn,147.8632292107896,0.0049605086292992505,0.003247639582382388,0.007589003119347341
mlp_V0-vpinn,148.0622245191454,0.004946866091975919,0.0032432006908922964,0.0076096695635287145
mlp_V0-vpinn,148.26121982750115,0.004938713242363599,0.0032387557156648428,0.007630280033309844
mlp_V0-vpinn,148.4602151358569,0.004936185731837392,0.003234304631616989,0.007650834981056541
mlp_V0-vpinn,148.65921044421268,0.004932065948647341,0.0032303525353077904,0.007655527623618316
mlp_V0-vpinn,148.85820575256844,0.004927939805268562,0.003226744386784845,0.0076260988498740604
mlp_V0-vpinn,149.0572010609242,0.0049238072717714115,0.0032231321991078093,0.007596556071017828
mlp_V0-vpinn,149.25619636927996,0.004919668317990725,0.003219515958681302,0.0075668979517491295
mlp_V0-vpinn,149.45519167763572,0.00491619638947599,0.003215895651833501,0.00753712313049565
mlp_V0-vpinn,149.6541869859915,0.004915747264959885,0.0032122712648155445,0.007507230218683845
mlp_V0-vpinn,149.85318229434725,0.004915946417836074,0.0032100571117584706,0.007484661129203769
mlp_V0-vpinn,150.052177602703,0.004916141899005291,0.0032091395781315675,0.007484870821885375
mlp_V0-vpinn,150.2511729110588,0.004916333710735176,0.003208221782095149,0.0074850805086924925
mlp_V0-vpinn,150.45016821941456,0.004916521855250792,0.0032073037234239435,0.007485290189625615
mlp_V0-vpinn,150.64916352777033,0.004914035749057112,0.003206385401892357,0.007485499864685236
mlp_V0-vpinn,150.8481588361261,0.004903218952728473,0.0032054668172744713,0.00748570953387185
mlp_V0-vpinn,151.04715414448185,0.004892338543949822,0.0032070073527802265,0.007484221862426039
mlp_V0-vpinn,151.2461494528376,0.004881423096947363,0.0032115405970058603,0.007474676512083708
mlp_V0-vpinn,151.44514476119338,0.004870472225222605,0.0032160674513522064,0.007465118956491977
mlp_V0-vpinn,151.64414006954914,0.004859485534893548,0.0032205879427640843,0.007455549148711708
mlp_V0-vpinn,151.8431353779049,0.004850617072791522,0.0032251020979974752,0.0074459670415021224
mlp_V0-vpinn,152.04213068626066,0.004851483198194298,0.003229609943621371,0.007436372587318085
mlp_V0-vpinn,152.24112599461643,0.004852817635612389,0.0032293570608224144,0.007428559631620379
mlp_V0-vpinn,152.44012130297222,0.004854149243529733,0.0032211338094049764,0.007436367615574075
mlp_V0-vpinn,152.63911661132798,0.004855478028897029,0.0032128895110009703,0.007444167409951081
mlp_V0-vpinn,152.83811191968374,0.00485680399862594,0.003204624003172337,0.007451959040466924
mlp_V0-vpinn,153.0371072280395,0.0048578532389819806,0.0031963371213807427,0.007459742532702832
mlp_V0-vpinn,153.23610253639526,0.004856648027801926,0.003188028698949364,0.007467517912106712
mlp_V0-vpinn,153.43509784475103,0.004854965809884778,0.003190710465302377,0.007474673787395313
mlp_V0-vpinn,153.6340931531068,0.004853282004989674,0.0032186616207151267,0.007463724752174731
mlp_V0-vpinn,153.83308846146255,0.004851596609512375,0.003246372126534316,0.0074527596314705406
mlp_V0-vpinn,154.0320837698183,0.004849909619834489,0.003273848093484692,0.007441778354179064
mlp_V0-vpinn,154.23107907817408,0.0048474251978109575,0.0033010953779749786,0.007430780848671235
mlp_V0-vpinn,154.43007438652984,0.0048388662362758295,0.0033281195966734997,0.0074197670427871495
mlp_V0-vpinn,154.62906969488563,0.00483420601632506,0.003341719184353115,0.007408736863830533
mlp_V0-vpinn,154.8280650032414,0.004829493277299114,0.003311182684371349,0.007408593565423478
mlp_V0-vpinn,155.02706031159715,0.004824727531109538,0.0032803619360502975,0.007408895308188248
mlp_V0-vpinn,155.22605561995292,0.0048199082769945075,0.0032492488506875956,0.007409197038664412
mlp_V0-vpinn,155.42505092830868,0.004819888835995471,0.003217834948517662,0.007409498756853473
mlp_V0-vpinn,155.62404623666444,0.004818966008974785,0.0031861113317190703,0.00740980046275693
mlp_V0-vpinn,155.8230415450202,0.004809174889319921,0.003159189959916949,0.007410102156376285
mlp_V0-vpinn,156.02203685337597,0.004798713582941736,0.003159089995325652,0.0074054269209511475
mlp_V0-vpinn,156.22103216173173,0.004788217687949934,0.003158990027571028,0.007400117325125924
mlp_V0-vpinn,156.4200274700875,0.004777686827925413,0.0031588900566527764,0.007394803916920971
mlp_V0-vpinn,156.61902277844325,0.004767120619480959,0.003158790082570596,0.007389486688112416
mlp_V0-vpinn,156.81801808679901,0.004761931457789486,0.0031586901053241878,0.007384165630446778
mlp_V0-vpinn,157.0170133951548,0.004764332960548963,0.0031581164024197775,0.007378840735640817
mlp_V0-vpinn,157.21600870351057,0.004766730330481854,0.003152582815384293,0.007371405959621249
mlp_V0-vpinn,157.41500401186633,0.004769123583392569,0.0031470394983984357,0.007363521738258208
mlp_V0-vpinn,157.6139993202221,0.004771512734980051,0.0031414863999551868,0.007355629066100511
mlp_V0-vpinn,157.81299462857785,0.004773897800838763,0.0031359234680914836,0.007347727915915517
mlp_V0-vpinn,158.01198993693362,0.0047683013235079365,0.003130350650382548,0.007339818260324005
mlp_V0-vpinn,158.21098524528938,0.004776051287563088,0.0031248600032203143,0.00733190007179907
mlp_V0-vpinn,158.40998055364514,0.0047819872538721366,0.0031246412414379873,0.007329584514948181
mlp_V0-vpinn,158.6089758620009,0.004787828896530132,0.00312442246433868,0.007328934110390126
mlp_V0-vpinn,158.80797117035667,0.004793640714875211,0.003124203671919174,0.007328283648106947
mlp_V0-vpinn,159.00696647871243,0.004799422963330475,0.003123984864176251,0.00732763312808327
mlp_V0-vpinn,159.20596178706822,0.004801503649591403,0.0031237660411066914,0.007326982550303717
mlp_V0-vpinn,159.40495709542398,0.00478931205839834,0.0031235472027072737,0.007326331914752901
mlp_V0-vpinn,159.60395240377974,0.004779185524394932,0.0031204678078859166,0.007325035287781395
mlp_V0-vpinn,159.8029477121355,0.004769194894246474,0.0031172200519878532,0.007323480388405157
mlp_V0-vpinn,160.00194302049127,0.004759166299300708,0.0031139689088007885,0.007321925158827235
mlp_V0-vpinn,160.20093832884703,0.004749099294619902,0.0031107143677041116,0.007320369598837174
mlp_V0-vpinn,160.3999336372028,0.004740731797673085,0.003107456418021596,0.007318813708224292
mlp_V0-vpinn,160.59892894555855,0.004742682823188562,0.0031041950490209897,0.0073172574867776865
mlp_V0-vpinn,160.79792425391432,0.004741999942489902,0.003102726093142089,0.007311660614779685
mlp_V0-vpinn,160.99691956227008,0.004740902393375399,0.003101510851517109,0.007303778281035547
mlp_V0-vpinn,161.19591487062584,0.004739798251594694,0.0031002951335464815,0.007295887431377535
mlp_V0-vpinn,161.39491017898163,0.004738687501021433,0.003099078938669618,0.007287988038144602
mlp_V0-vpinn,161.5939054873374,0.004736884339515815,0.003097862266324831,0.00728008007352563
mlp_V0-vpinn,161.79290079569316,0.004727441628050583,0.0030966451159493286,0.0072721635095582835
mlp_V0-vpinn,161.99189610404892,0.004719196715144729,0.003095586753194246,0.007266255084487875
mlp_V0-vpinn,162.19089141240468,0.00471124040680387,0.0030945663075090633,0.00726189778929605
mlp_V0-vpinn,162.38988672076044,0.004703267269978579,0.003093545525216796,0.007257537878063045
mlp_V0-vpinn,162.5888820291162,0.004695277185511918,0.0030925244059841215,0.00725317534607132
mlp_V0-vpinn,162.78787733747197,0.004687369139321039,0.0030915029494771673,0.007248810188589145
mlp_V0-vpinn,162.98687264582773,0.004683766439156257,0.003090481155361509,0.00724444240087053
mlp_V0-vpinn,163.1858679541835,0.004682892391791926,0.003092446214090614,0.00724254427724983
mlp_V0-vpinn,163.38486326253926,0.004682983879083639,0.003095476261871129,0.007243230514660501
mlp_V0-vpinn,163.58385857089505,0.004683072287908799,0.003098503346548451,0.007243916687061895
mlp_V0-vpinn,163.7828538792508,0.004683157619635012,0.0031015274767985266,0.0072446027944724845
mlp_V0-vpinn,163.98184918760657,0.004683239875598803,0.00310454866125505,0.0072452888369107325
mlp_V0-vpinn,164.18084449596233,0.0046845736633392785,0.003107566908509744,0.007245974814395095
mlp_V0-vpinn,164.3798398043181,0.004682736750141268,0.0031075589057786243,0.007243984908301444
mlp_V0-vpinn,164.57883511267386,0.00467933212350152,0.003106031168642433,0.007238474725473217
mlp_V0-vpinn,164.77783042102962,0.004675923688354797,0.0031045026797012942,0.0072329603449023585
mlp_V0-vpinn,164.97682572938538,0.004672511430302043,0.0031029734378442164,0.007227441756980511
mlp_V0-vpinn,165.17582103774114,0.00466909533485118,0.0031014434419574686,0.007221918952062603
mlp_V0-vpinn,165.3748163460969,0.004664338554361301,0.0030999126909245734,0.00721639192046666
mlp_V0-vpinn,165.57381165445267,0.004663598302998187,0.0030957108637352203,0.007212444727667566
mlp_V0-vpinn,165.77280696280843,0.0046653516594206915,0.0030896750739555934,0.0072112072075614965
mlp_V0-vpinn,165.97180227116422,0.004667096833676351,0.0030836274699445674,0.007209969475047317
mlp_V0-vpinn,166.17079757951998,0.004668833854874965,0.003077567982055144,0.007208731530015617
mlp_V0-vpinn,166.36979288787575,0.004670562751825303,0.003071496539953319,0.007207493372356891
mlp_V0-vpinn,166.5687881962315,0.004673949248550779,0.0030654130726085593,0.007206255001961539
mlp_V0-vpinn,166.76778350458727,0.004672752653818864,0.0030703717530630305,0.007204912439962486
mlp_V0-vpinn,166.96677881294303,0.004667995084574441,0.003085275399859594,0.007203335740931503
mlp_V0-vpinn,167.1657741212988,0.004663227549295703,0.0031001073987767277,0.0072017586967098686
mlp_V0-vpinn,167.36476942965456,0.004658449984241814,0.0031148687733067735,0.007200181307070763
mlp_V0-vpinn,167.56376473801032,0.004653662324989452,0.0031295605228039724,0.007198603571787118
mlp_V0-vpinn,167.76276004636608,0.004651269281982503,0.0031441836232740136,0.007197025490631618
mlp_V0-vpinn,167.96175535472184,0.004651864459337471,0.0031479437373280877,0.0071959906059644784
mlp_V0-vpinn,168.16075066307764,0.0046545003014590546,0.003138607622822123,0.007196723741292899
mlp_V0-vpinn,168.3597459714334,0.004657132434990365,0.0031292436540945726,0.007197456801943912
mlp_V0-vpinn,168.55874127978916,0.004659760873188704,0.0031198515803392266,0.007198189787940334
mlp_V0-vpinn,168.75773658814492,0.004662385629230896,0.003110431146963261,0.00719892269930497
mlp_V0-vpinn,168.95673189650068,0.00466036657628204,0.0031009820955067127,0.007199655536060609
mlp_V0-vpinn,169.15572720485645,0.004656556517000093,0.00309173779112934,0.007200712383293144
mlp_V0-vpinn,169.3547225132122,0.004652722517111835,0.0030828401500063033,0.007203582189403855
mlp_V0-vpinn,169.55371782156797,0.004648883644431594,0.00307391675422163,0.00720645085267926
mlp_V0-vpinn,169.75271312992373,0.004645039878740055,0.003064967378827708,0.007209318374483599
mlp_V0-vpinn,169.9517084382795,0.004641191199676075,0.0030559917955831533,0.007212184756178397
mlp_V0-vpinn,170.15070374663526,0.004636652005231378,0.0030469897728848875,0.007215049999122477
mlp_V0-vpinn,170.34969905499105,0.004633381863698564,0.0030415238517069723,0.007216160668515172
mlp_V0-vpinn,170.5486943633468,0.0046324724093409035,0.0030437999680216123,0.007195752047354015
mlp_V0-vpinn,170.74768967170257,0.004631548723113273,0.003046074383555714,0.007175285378308912
mlp_V0-vpinn,170.94668498005834,0.0046306107872909254,0.0030483471021162064,0.007154760163230339
mlp_V0-vpinn,171.1456802884141,0.004629658583480868,0.0030506181274958404,0.007134175896802797
mlp_V0-vpinn,171.34467559676986,0.004630488004276583,0.0030528874634732574,0.007113532066399655
mlp_V0-vpinn,171.54367090512562,0.004629771643654689,0.0030533857035026824,0.007092981672912425
mlp_V0-vpinn,171.74266621348139,0.00462372973138907,0.0030484669472171013,0.007094806423349207
mlp_V0-vpinn,171.94166152183715,0.004617677678401437,0.0030435402415929604,0.007096630704589522
mlp_V0-vpinn,172.1406568301929,0.004611615426668809,0.0030386055479637896,0.0070984545169951166
mlp_V0-vpinn,172.33965213854867,0.004605542917585893,0.003033662827348633,0.007100277860927273
mlp_V0-vpinn,172.53864744690446,0.004601689104274734,0.0030287120404484612,0.007102100736746811
mlp_V0-vpinn,172.73764275526023,0.004600774757178414,0.0030247096579865958,0.0071039231448140824
mlp_V0-vpinn,172.936638063616,0.004602448782508088,0.0030252123963419543,0.007101645501902679
mlp_V0-vpinn,173.13563337197175,0.004604119722015356,0.0030257150511647105,0.007099123207523317
mlp_V0-vpinn,173.3346286803275,0.004605787583881016,0.003026217622496489,0.007096600016662749
mlp_V0-vpinn,173.53362398868327,0.0046074523762394135,0.0030267201103788806,0.007094075928364407
mlp_V0-vpinn,173.73261929703904,0.004606189846711571,0.003027222514853439,0.007091550941670018
mlp_V0-vpinn,173.9316146053948,0.004602281286784448,0.0030271634188049528,0.007089025055619602
mlp_V0-vpinn,174.13060991375056,0.004600335774114067,0.0030223198297452264,0.0070844490265272115
mlp_V0-vpinn,174.32960522210632,0.004598383747929957,0.0030174684658487386,0.0070796104300169796
mlp_V0-vpinn,174.52860053046209,0.00459642518738436,0.003012609289554798,0.0070747685242803565
mlp_V0-vpinn,174.72759583881785,0.004594460071443799,0.0030077422629993062,0.007069923302518275
mlp_V0-vpinn,174.92659114717364,0.004593815523871387,0.0030028673480113153,0.007065074757908352
mlp_V0-vpinn,175.1255864555294,0.004595264351696422,0.002998093743279319,0.007060222883604781
mlp_V0-vpinn,175.32458176388516,0.004597987432639013,0.0029962821695051034,0.007058117986914216
mlp_V0-vpinn,175.52357707224093,0.004600705942915743,0.002994469499777518,0.0070566490249875545
mlp_V0-vpinn,175.7225723805967,0.004603419901748016,0.002992655732105086,0.007055179757207723
mlp_V0-vpinn,175.92156768895245,0.004606129328220138,0.002990840864490292,0.007053710183383596
mlp_V0-vpinn,176.1205629973082,0.004609597098158672,0.002989024894929557,0.00705224030332385
mlp_V0-vpinn,176.31955830566397,0.004613408808261044,0.00298720782141321,0.00705077011683696
mlp_V0-vpinn,176.51855361401974,0.004608136547380102,0.002986637864219031,0.0070527158120496656
mlp_V0-vpinn,176.7175489223755,0.004602840738161871,0.002986113269642578,0.007055851041763406
mlp_V0-vpinn,176.91654423073126,0.00459752116826652,0.0029855885828901753,0.007058984878973188
mlp_V0-vpinn,177.11553953908705,0.004592177621871127,0.0029850638039132164,0.007062117325532797
mlp_V0-vpinn,177.31453484744281,0.004584952161697475,0.0029845389326630532,0.007065248383291905
mlp_V0-vpinn,177.51353015579858,0.004573501301050711,0.0029840139690909947,0.0070683780540960915
mlp_V0-vpinn,177.71252546415434,0.004567956604008829,0.0029824508845509657,0.007064166487801461
mlp_V0-vpinn,177.9115207725101,0.004562402661137095,0.002980765135433723,0.007056266838756409
mlp_V0-vpinn,178.11051608086586,0.004556839420827215,0.002979078432414227,0.00704835833595948
mlp_V0-vpinn,178.30951138922163,0.004551266830975861,0.0029773907738713085,0.007040440949574509
mlp_V0-vpinn,178.5085066975774,0.004546457539349376,0.0029757021581792043,0.007032514649597379
mlp_V0-vpinn,178.70750200593315,0.004544214984199871,0.0029740125837075335,0.007024579405854693
mlp_V0-vpinn,178.9064973142889,0.004543263327705654,0.002972994966373004,0.00702064477376275
mlp_V0-vpinn,179.10549262264468,0.004542335068829832,0.0029721191583013864,0.007019334169374304
mlp_V0-vpinn,179.30448793100047,0.004541406032593122,0.002971243092075279,0.007018023320232633
mlp_V0-vpinn,179.50348323935623,0.00454047621785886,0.002970366767466265,0.007016712226200566
mlp_V0-vpinn,179.702478547712,0.004539762143409486,0.0029694901842455905,0.007015400887140801
mlp_V0-vpinn,179.90147385606775,0.00454010360851336,0.0029686133421841644,0.007014089302915907
mlp_V0-vpinn,180.10046916442352,0.004565426044159758,0.002967416699677549,0.007008433586021198
mlp_V0-vpinn,180.29946447277928,0.004610119695090589,0.0029661166905460223,0.006999163837873699
mlp_V0-vpinn,180.49845978113504,0.004653934180226044,0.002964816111388053,0.006989881796506136
mlp_V0-vpinn,180.6974550894908,0.004696919391566799,0.0029635149614531497,0.006980587412879864
mlp_V0-vpinn,180.89645039784656,0.004658955039805561,0.002962213239989173,0.006971280637629339
mlp_V0-vpinn,181.09544570620233,0.00460887886812246,0.0029609109462423286,0.006961961421059059
mlp_V0-vpinn,181.2944410145581,0.0045578311549503425,0.002961412056926759,0.006955778171895548
mlp_V0-vpinn,181.49343632291388,0.0045199284886293266,0.0029627366464439033,0.006952984795936
mlp_V0-vpinn,181.69243163126964,0.004514850234094287,0.0029640606440240313,0.006950190297280771
mlp_V0-vpinn,181.8914269396254,0.0045097642399911896,0.002965384050460015,0.0069473946745750945
mlp_V0-vpinn,182.09042224798117,0.004505010156669105,0.002966706866542957,0.006944597926461473
mlp_V0-vpinn,182.28941755633693,0.004506400464927396,0.0029680290930621986,0.006941800051579675
mlp_V0-vpinn,182.4884128646927,0.004507296235309182,0.002966385514475233,0.006945953513402537
mlp_V0-vpinn,182.68740817304845,0.0045080680227483905,0.002962887626076131,0.0069604307336306424
mlp_V0-vpinn,182.88640348140422,0.0045088364752538385,0.002959385603300389,0.006974877904665496
mlp_V0-vpinn,183.08539878975998,0.004509601597029938,0.002955879431453212,0.006989295212845992
mlp_V0-vpinn,183.28439409811574,0.004510363392240983,0.0029523690957525485,0.0070036828425930914
mlp_V0-vpinn,183.4833894064715,0.00450572909510262,0.0029488545813283634,0.007018040976437356
mlp_V0-vpinn,183.68238471482726,0.004502023446930393,0.002947202348784664,0.007021704511695553
mlp_V0-vpinn,183.88138002318306,0.004498650037866975,0.0029471355126959756,0.007003190100811456
mlp_V0-vpinn,184.08037533153882,0.0044952723848699135,0.002947068675091523,0.006984626613258684
mlp_V0-vpinn,184.27937063989458,0.004491890470932515,0.0029470018359712023,0.006966013656689124
mlp_V0-vpinn,184.47836594825034,0.0044885042789336764,0.0029469349953349104,0.006947350833498859
mlp_V0-vpinn,184.6773612566061,0.004496948341401791,0.002946868153182545,0.006928637740729068
mlp_V0-vpinn,184.87635656496187,0.0045062725368631195,0.002948773687961271,0.0069154487889257705
mlp_V0-vpinn,185.07535187331763,0.004515585169145301,0.002952909255970309,0.006919286956093673
mlp_V0-vpinn,185.2743471816734,0.004524860369358947,0.0029570390401848826,0.0069231229953887995
mlp_V0-vpinn,185.47334249002915,0.0045340985786613995,0.002961163064804088,0.006926956910346297
mlp_V0-vpinn,185.67233779838492,0.004543300229609972,0.0029652813538587446,0.006930788704491536
mlp_V0-vpinn,185.87133310674068,0.004536253245882831,0.002969393931213027,0.006934618381340144
mlp_V0-vpinn,186.07032841509647,0.0045257586604294285,0.002968477133829711,0.006937515100307471
mlp_V0-vpinn,186.26932372345223,0.004514633839560547,0.0029599062628432116,0.006936181567454594
mlp_V0-vpinn,186.468319031808,0.0045034702876068766,0.0029513105013818995,0.006934847778170735
mlp_V0-vpinn,186.66731434016376,0.004492267552811376,0.0029426896313263637,0.006933513732307904
mlp_V0-vpinn,186.86630964851952,0.004481025174358142,0.002934043431352764,0.006932179429717972
mlp_V0-vpinn,187.06530495687528,0.004478313564006343,0.0029253716768665337,0.006930844870252666
mlp_V0-vpinn,187.26430026523104,0.004478455279491188,0.002919219747863751,0.006930811436694585
mlp_V0-vpinn,187.4632955735868,0.00447922302257389,0.0029183219723898494,0.006939722237657755
mlp_V0-vpinn,187.66229088194257,0.004479990264485984,0.0029174239206445573,0.006948621611562012
mlp_V0-vpinn,187.86128619029833,0.004480757005832573,0.002916525592372667,0.006957509602256526
mlp_V0-vpinn,188.0602814986541,0.0044815232472173805,0.002915626987318579,0.00696638625331074
mlp_V0-vpinn,188.25927680700988,0.004478761849447417,0.002914728105226299,0.006975251608016872
mlp_V0-vpinn,188.45827211536565,0.004475837255023547,0.00291511391463441,0.006982490522227824
mlp_V0-vpinn,188.6572674237214,0.004473915022065577,0.0029192533341846688,0.006967781868098285
mlp_V0-vpinn,188.85626273207717,0.004471985496473997,0.002923386892459063,0.006953042098951872
mlp_V0-vpinn,189.05525804043293,0.00447004865426884,0.002927514614285403,0.006938271016484935
mlp_V0-vpinn,189.2542533487887,0.004468104471235701,0.0029316365243167108,0.006923468420278431
mlp_V0-vpinn,189.45324865714446,0.004467973523837156,0.0029357526470329405,0.006908634107766206
mlp_V0-vpinn,189.65224396550022,0.004466904978213091,0.0029382811165580072,0.00689376787420264
mlp_V0-vpinn,189.85123927385598,0.004463664770001905,0.002933812577418451,0.006956883281387031
mlp_V0-vpinn,190.05023458221174,0.0044604218588541,0.0029293372217817503,0.007019965703813103
mlp_V0-vpinn,190.2492298905675,0.004457176237317111,0.0029248550183578925,0.007082486284814252
mlp_V0-vpinn,190.4482251989233,0.0044539278979021536,0.0029203659356167454,0.00714445977429028
mlp_V0-vpinn,190.64722050727906,0.004451893561931996,0.002915869941785469,0.007205900287842021
mlp_V0-vpinn,190.84621581563482,0.0044510802854555356,0.002911983001504642,0.0072668213443149625
mlp_V0-vpinn,191.04521112399058,0.004451058199078218,0.0029128301042385136,0.007233201231597223
mlp_V0-vpinn,191.24420643234635,0.004451035419500857,0.002913676960691476,0.007190864342603125
mlp_V0-vpinn,191.4432017407021,0.0044510119466153585,0.0029145235710782104,0.007148276710554968
mlp_V0-vpinn,191.64219704905787,0.004450987780311985,0.0029153699356130863,0.007105433826840134
mlp_V0-vpinn,191.84119235741363,0.004449102590426646,0.002916216054510162,0.007062331046088501
mlp_V0-vpinn,192.0401876657694,0.00444579782220025,0.002916934215522499,0.007018963580293531
mlp_V0-vpinn,192.23918297412516,0.0044425067109124085,0.0029148999470367675,0.006995645453923185
mlp_V0-vpinn,192.43817828248092,0.004439212712243604,0.0029128642578712866,0.006976109257640995
mlp_V0-vpinn,192.63717359083668,0.004435915817804246,0.0029108271450453966,0.006956518197495977
mlp_V0-vpinn,192.83616889919247,0.0044326160191621375,0.002908788605567999,0.0069368718086498405
mlp_V0-vpinn,193.03516420754823,0.004430398918029569,0.002906748636437509,0.006917169619663031
mlp_V0-vpinn,193.234159515904,0.004429837877182915,0.0029047072346417993,0.006897411152362709
mlp_V0-vpinn,193.43315482425976,0.004430871553184814,0.0029186712239850435,0.006890744577255265
mlp_V0-vpinn,193.63215013261552,0.004431904363487874,0.002933006701420053,0.006887721308245133
mlp_V0-vpinn,193.83114544097128,0.004432936309633229,0.002947272452188892,0.0068846967116304595
mlp_V0-vpinn,194.03014074932705,0.004433967393157157,0.002961469483936667,0.006881670785660737
mlp_V0-vpinn,194.2291360576828,0.004434613736120929,0.0029755987802700646,0.006878643528581611
mlp_V0-vpinn,194.42813136603857,0.004434147468252426,0.002989661301552616,0.006875614938634863
mlp_V0-vpinn,194.62712667439433,0.004431346924799918,0.002976030206334062,0.006872634477242454
mlp_V0-vpinn,194.8261219827501,0.004428544524677613,0.0029594205320309917,0.00686967238850333
mlp_V0-vpinn,195.0251172911059,0.004425740264029509,0.0029427171086940083,0.006866709022009627
mlp_V0-vpinn,195.22411259946165,0.004422934138985768,0.0029259183307457953,0.006863744376106368
mlp_V0-vpinn,195.4231079078174,0.004419912600382673,0.0029090225462495307,0.006860778449134994
mlp_V0-vpinn,195.62210321617317,0.0044167329372573425,0.0028920280550129426,0.006857811239433362
mlp_V0-vpinn,195.82109852452894,0.004414567297767889,0.0028868226994054917,0.006856501392303312
mlp_V0-vpinn,196.0200938328847,0.004412400287153389,0.0028839676004935627,0.006856059037292858
mlp_V0-vpinn,196.21908914124046,0.004410231902504303,0.0028811096722600456,0.006855616653739683
mlp_V0-vpinn,196.41808444959622,0.004408062140900399,0.002878248906276901,0.006855174241638261
mlp_V0-vpinn,196.61707975795198,0.004406677791556605,0.0028753852940741637,0.006854731800983064
mlp_V0-vpinn,196.81607506630775,0.0044069447023912505,0.0028725188271396503,0.006854289331768562
mlp_V0-vpinn,197.0150703746635,0.004407460125112898,0.0028754771996335688,0.006854013414412541
mlp_V0-vpinn,197.2140656830193,0.004407975323133598,0.0028802108228318675,0.006853856414215344
mlp_V0-vpinn,197.41306099137506,0.00440849029663914,0.0028849366790803456,0.006853699410421686
mlp_V0-vpinn,197.61205629973082,0.0044090050458150225,0.0028896548064861385,0.006853542403031319
mlp_V0-vpinn,197.8110516080866,0.00440886450423297,0.0028943652428457868,0.006853385392043998
mlp_V0-vpinn,198.01004691644235,0.004406855278168373,0.0028990680256487707,0.006853228377459474
mlp_V0-vpinn,198.2090422247981,0.00440353877403403,0.002897032823102314,0.006850861100372079
mlp_V0-vpinn,198.40803753315387,0.0044002197675177815,0.0028920695361781437,0.006846381007238746
mlp_V0-vpinn,198.60703284150964,0.004396898252940659,0.002887097716747246,0.006841897980529052
mlp_V0-vpinn,198.8060281498654,0.004393574224602157,0.0028821173206524157,0.006837412014472698
mlp_V0-vpinn,199.00502345822116,0.004390112657889148,0.002877128303354259,0.006832923103280446
mlp_V0-vpinn,199.20401876657692,0.004386115269280121,0.0028721306199265477,0.006828431241144028
mlp_V0-vpinn,199.4030140749327,0.004384552318046072,0.0028688629678779412,0.006830183285932898
mlp_V0-vpinn,199.60200938328848,0.00438304972533356,0.0028666486896146656,0.006839661219963055
mlp_V0-vpinn,199.80100469164424,0.004381544026418452,0.002864432699659311,0.0068491260382837075
mlp_V0-vpinn,200.0,0.0043800352132441385,0.002862214994036189,0.006858577795193785
