plot-name,time,median,low,high
mlp_V0-fosls,0.5442295074462891,0.20226219482439606,0.1727167131529197,0.2484120211941632
mlp_V0-fosls,0.7438849333647612,0.1735888423353964,0.14961749081373288,0.20914824780309058
mlp_V0-fosls,0.9435403592832334,0.13897227851270788,0.12204378674777337,0.16030682811706676
mlp_V0-fosls,1.1431957852017056,0.10143384819038609,0.09339347011597274,0.11019990511192795
mlp_V0-fosls,1.3428512111201778,0.08530268039037882,0.07970214267573965,0.09822121821286363
mlp_V0-fosls,1.54250663703865,0.06774509396241996,0.057342509716276385,0.0863786308263129
mlp_V0-fosls,1.7421620629571222,0.05276931944958528,0.03886277335205766,0.07487890495471972
mlp_V0-fosls,1.9418174888755944,0.04287713670508705,0.031106736148276432,0.06268990966390436
mlp_V0-fosls,2.1414729147940665,0.03036530288408995,0.02061414356658003,0.048641817526080024
mlp_V0-fosls,2.3411283407125385,0.02412047354167669,0.016233175267768372,0.04007246649185248
mlp_V0-fosls,2.540783766631011,0.019975004997019197,0.01386892822164382,0.03267777385792975
mlp_V0-fosls,2.7404391925494833,0.014700185807178374,0.011191532495495796,0.02325606441279805
mlp_V0-fosls,2.9400946184679553,0.012959052310092343,0.010291784578593262,0.019635532687980236
mlp_V0-fosls,3.1397500443864272,0.010942840795963218,0.009305442494938206,0.015174444171345086
mlp_V0-fosls,3.3394054703048996,0.009218122382220622,0.007957496478975448,0.013256118677895433
mlp_V0-fosls,3.539060896223372,0.00845908269565764,0.007339340667961919,0.012408264672930392
mlp_V0-fosls,3.738716322141844,0.0076242476588609135,0.0066136335080824995,0.01149805992263637
mlp_V0-fosls,3.938371748060316,0.0069730848123998965,0.005961260305304145,0.01075729376003677
mlp_V0-fosls,4.138027173978788,0.006453851513656145,0.005502810779198178,0.010160639179800693
mlp_V0-fosls,4.337682599897261,0.0055865695454945085,0.0050025222154153805,0.009526689248866873
mlp_V0-fosls,4.537338025815733,0.005531463225589546,0.004654572841181238,0.008924319544823226
mlp_V0-fosls,4.736993451734205,0.005435657129331041,0.004320731427562552,0.008294866556662
mlp_V0-fosls,4.936648877652678,0.005208481808355302,0.003978036331252335,0.007639136378742164
mlp_V0-fosls,5.1363043035711495,0.0049593261333697606,0.0037816288517031438,0.00718223269582999
mlp_V0-fosls,5.3359597294896215,0.004706248695833077,0.0035744454802533686,0.006694216039319072
mlp_V0-fosls,5.5356151554080935,0.004279890075646912,0.0033705177895542032,0.00624457120531695
mlp_V0-fosls,5.735270581326565,0.004181011363431697,0.0031827840585243955,0.005906941644850206
mlp_V0-fosls,5.934926007245038,0.004026089520381576,0.0029832597199527717,0.005548806146646114
mlp_V0-fosls,6.13458143316351,0.003887974861866963,0.00287319608131979,0.00522631807874316
mlp_V0-fosls,6.334236859081982,0.003800714579992805,0.0028204004983672097,0.004922081924343924
mlp_V0-fosls,6.533892285000455,0.0037254870675542543,0.002766597589218318,0.004597758179777266
mlp_V0-fosls,6.733547710918927,0.003710778674643098,0.002663162231542607,0.004604417612810795
mlp_V0-fosls,6.933203136837399,0.003697060600121189,0.002549439790600655,0.005206323008497134
mlp_V0-fosls,7.132858562755871,0.0035162562783381058,0.0024466598221607266,0.005523841407875422
mlp_V0-fosls,7.332513988674343,0.0035068604399316654,0.002428266578727706,0.004841105046513781
mlp_V0-fosls,7.532169414592816,0.003433985752558485,0.002409732945651106,0.004844145140932193
mlp_V0-fosls,7.731824840511288,0.0034040585215448244,0.002369565307653593,0.004764732611214105
mlp_V0-fosls,7.93148026642976,0.0032861886843255847,0.002298358087465597,0.004135147699795789
mlp_V0-fosls,8.131135692348233,0.003162032255191664,0.0022248730411422502,0.004392166418450749
mlp_V0-fosls,8.330791118266704,0.0030383396212107948,0.002173882589488983,0.004433372493538461
mlp_V0-fosls,8.530446544185176,0.0029383462517201097,0.002133307658741875,0.004310437397730236
mlp_V0-fosls,8.730101970103648,0.0028371149885855805,0.0020919458933753884,0.004183891663635592
mlp_V0-fosls,8.92975739602212,0.002909339351332192,0.0020657646677756853,0.0038333672068891806
mlp_V0-fosls,9.129412821940592,0.0029281938069064986,0.0020401135934338356,0.0035995817578239626
mlp_V0-fosls,9.329068247859066,0.0028970207858528886,0.002021800862417149,0.0036799629450332094
mlp_V0-fosls,9.528723673777538,0.002900316906098783,0.0020315386022991917,0.003892123907911682
mlp_V0-fosls,9.72837909969601,0.0028322079094022044,0.002041229888570315,0.00448259844483239
mlp_V0-fosls,9.928034525614482,0.002810274835701827,0.002016720404089597,0.004462028058287847
mlp_V0-fosls,10.127689951532954,0.0027143583392459335,0.0019533987398611284,0.0036696503184908548
mlp_V0-fosls,10.327345377451426,0.0026204922482197853,0.0018879544712494473,0.0032562696608953974
mlp_V0-fosls,10.527000803369898,0.0027761804819730765,0.0018695096981769,0.003222364305109359
mlp_V0-fosls,10.72665622928837,0.0028503974636430516,0.0018679541358982445,0.0036342846550804927
mlp_V0-fosls,10.926311655206842,0.002891317160339974,0.0018669292844297211,0.004245071320925908
mlp_V0-fosls,11.125967081125316,0.002723357076812625,0.0019562932695488156,0.003678859356166194
mlp_V0-fosls,11.325622507043787,0.0026029690953021725,0.002041749681009579,0.0031411864850620103
mlp_V0-fosls,11.52527793296226,0.0023563813671060967,0.0019450461490930786,0.003133069965291116
mlp_V0-fosls,11.724933358880731,0.0024480920684179677,0.0020112530439072187,0.003131201861837684
mlp_V0-fosls,11.924588784799203,0.0025670362746156193,0.0019368470813911475,0.003174005991731528
mlp_V0-fosls,12.124244210717675,0.0025817038592727505,0.001960980906728042,0.00314021465877808
mlp_V0-fosls,12.323899636636147,0.0026333378692677887,0.0019487011903152709,0.003092259706953399
mlp_V0-fosls,12.523555062554621,0.0026741680488874134,0.0019363436011515039,0.003069554547233387
mlp_V0-fosls,12.723210488473093,0.0026539138554074206,0.0021800220235504188,0.003745594876806978
mlp_V0-fosls,12.922865914391565,0.002569461892808625,0.0020770117374171986,0.004581018855922596
mlp_V0-fosls,13.122521340310037,0.002522135820018548,0.001732670247440509,0.005069117147108735
mlp_V0-fosls,13.322176766228509,0.0024654066291236415,0.001719527366503874,0.004345297014553915
mlp_V0-fosls,13.52183219214698,0.0024059036485216292,0.0017062832537260457,0.003473796718040728
mlp_V0-fosls,13.721487618065453,0.0024501198482541663,0.0017498719246309055,0.003091020447204981
mlp_V0-fosls,13.921143043983925,0.0025670526423098783,0.0019017591973471079,0.002911424676946616
mlp_V0-fosls,14.120798469902397,0.002355616576145086,0.002042382025179707,0.0031711585132730446
mlp_V0-fosls,14.32045389582087,0.0023688708603150804,0.0019773458396845373,0.0030396688899943483
mlp_V0-fosls,14.520109321739342,0.00241917670224261,0.0020955605994000576,0.0028616154089622517
mlp_V0-fosls,14.719764747657814,0.002441182703464194,0.0020095433678528987,0.0028514376728329734
mlp_V0-fosls,14.919420173576286,0.0024995695950462424,0.0018601503708644267,0.004385342203813344
mlp_V0-fosls,15.119075599494758,0.0024294612084392927,0.0017670244326963894,0.005810832717923713
mlp_V0-fosls,15.31873102541323,0.0023623725292869317,0.0016134779698467664,0.006827482719189473
mlp_V0-fosls,15.518386451331702,0.0024046568703369577,0.0017726656297325657,0.005504030339088224
mlp_V0-fosls,15.718041877250176,0.0024111931031613673,0.0019186911451532444,0.003738205407194239
mlp_V0-fosls,15.917697303168648,0.00224671730090476,0.0017768723987714255,0.0028648373687671477
mlp_V0-fosls,16.11735272908712,0.0022338230282894856,0.0018951306686600053,0.0027759669425836417
mlp_V0-fosls,16.317008155005592,0.002312774548325147,0.0017032332911403882,0.0027481661332538405
mlp_V0-fosls,16.516663580924064,0.0023147214085958105,0.0016166738848818036,0.0027222977032077575
mlp_V0-fosls,16.716319006842536,0.00225407702399904,0.0016026521854554166,0.0027966439153699466
mlp_V0-fosls,16.915974432761008,0.002135772369298216,0.0015711954769877187,0.0030899178641063015
mlp_V0-fosls,17.11562985867948,0.0024434853820773906,0.001585690739314857,0.0032838244664449854
mlp_V0-fosls,17.31528528459795,0.0025013263299262086,0.0016102323296169866,0.003788211543938175
mlp_V0-fosls,17.514940710516424,0.00247597248962774,0.0016461018316658068,0.003997447372054043
mlp_V0-fosls,17.714596136434896,0.0024393169887762436,0.0017359828316010346,0.0035837357276194163
mlp_V0-fosls,17.914251562353368,0.0022249164303852474,0.001777985270217206,0.0031155638395786336
mlp_V0-fosls,18.113906988271843,0.0021200005312894035,0.0015103963560127128,0.0028950872859476967
mlp_V0-fosls,18.313562414190315,0.0021092662742185197,0.0016332525033040599,0.0029158969893767345
mlp_V0-fosls,18.513217840108787,0.002135980672432165,0.0015793476929979653,0.003075154534797153
mlp_V0-fosls,18.71287326602726,0.0020544949236083513,0.0015340257072282465,0.002820431139672926
mlp_V0-fosls,18.91252869194573,0.0019556718976011427,0.001525498308156938,0.0026679027487483734
mlp_V0-fosls,19.112184117864203,0.0018838649226021213,0.0013687148442007985,0.0025172468543553385
mlp_V0-fosls,19.311839543782675,0.001898221961429187,0.00136021831900508,0.00290874909743485
mlp_V0-fosls,19.511494969701147,0.0019597038320339597,0.0013516683860986005,0.003325203795351041
mlp_V0-fosls,19.71115039561962,0.00203028027915131,0.001350594005174382,0.0033780642058699704
mlp_V0-fosls,19.91080582153809,0.002035708785951024,0.0013681365735770566,0.0028440601032864395
mlp_V0-fosls,20.110461247456563,0.002019334212618077,0.0013854570369034758,0.002620901801648583
mlp_V0-fosls,20.310116673375035,0.00192049770728719,0.0014209936097561912,0.0025806865673592607
mlp_V0-fosls,20.509772099293507,0.0019847263447009596,0.001470098533038214,0.0023859615089764736
mlp_V0-fosls,20.70942752521198,0.0020188377738442473,0.001517615417262979,0.0024514558408184344
mlp_V0-fosls,20.90908295113045,0.0020055260954666507,0.0014738235998489615,0.002367711063233103
mlp_V0-fosls,21.108738377048923,0.0019296132923165162,0.001420557460175593,0.002326329577376762
mlp_V0-fosls,21.308393802967394,0.0018969442529927195,0.0013652146321547066,0.0023174869657763917
mlp_V0-fosls,21.50804922888587,0.0019247272359077326,0.0013798151859186546,0.0024753926981407087
mlp_V0-fosls,21.707704654804342,0.0019037440963573255,0.0013525070755444522,0.0028047195266674412
mlp_V0-fosls,21.907360080722814,0.0019131579707435922,0.0013321567135902398,0.0028471863543525384
mlp_V0-fosls,22.107015506641286,0.001965734998333943,0.001326001036369877,0.002483094283130345
mlp_V0-fosls,22.306670932559758,0.0019622559798711144,0.0013198166491389732,0.0023270007308722816
mlp_V0-fosls,22.50632635847823,0.0019273759510331197,0.0014561780923657865,0.002309587257048799
mlp_V0-fosls,22.705981784396702,0.0019009744480332877,0.0015613989959641808,0.0025701836727770734
mlp_V0-fosls,22.905637210315174,0.0018872875758791739,0.001436336529097091,0.0028890414466080346
mlp_V0-fosls,23.105292636233646,0.0018858701273079164,0.0013994254173469575,0.002687830088347477
mlp_V0-fosls,23.304948062152118,0.0018917527311741622,0.0013991058266460683,0.002325317090602927
mlp_V0-fosls,23.50460348807059,0.001886507515127385,0.001398786162926003,0.0021347748068543887
mlp_V0-fosls,23.70425891398906,0.0018529843824328413,0.0014583962873696735,0.0021672772443169543
mlp_V0-fosls,23.903914339907534,0.0018537573391752987,0.0015165503751751676,0.0022210510113825545
mlp_V0-fosls,24.103569765826006,0.0018666123954607034,0.0015702878728316985,0.002600571622905812
mlp_V0-fosls,24.303225191744477,0.0018708340863655005,0.0016155393931528619,0.0032387136457302386
mlp_V0-fosls,24.502880617662953,0.0018866554188658761,0.0015716220407025062,0.0037703526880406833
mlp_V0-fosls,24.702536043581425,0.001805402492187904,0.0014936428605992354,0.003448663717822502
mlp_V0-fosls,24.902191469499897,0.0018188463189977098,0.001471940977359182,0.0027785037887650865
mlp_V0-fosls,25.10184689541837,0.0017661714877501003,0.0013273449809660682,0.0019735971607978435
mlp_V0-fosls,25.30150232133684,0.0017504183881447864,0.0013732458359096205,0.002149529253993112
mlp_V0-fosls,25.501157747255313,0.0017486061828573072,0.001431429002939317,0.002350537579385288
mlp_V0-fosls,25.700813173173785,0.0017984018111866095,0.001427659840077561,0.0025347941211092038
mlp_V0-fosls,25.900468599092257,0.0017632515557144336,0.0014564505672347524,0.0037511842561487032
mlp_V0-fosls,26.10012402501073,0.001741150840218397,0.0014449161244378978,0.004913976087359569
mlp_V0-fosls,26.2997794509292,0.001690028322027283,0.0013733784613533433,0.0051807695373136346
mlp_V0-fosls,26.499434876847673,0.0017212689403299682,0.0013327036343835927,0.0040969917158202975
mlp_V0-fosls,26.699090302766145,0.0017973079728285323,0.0012907476732844402,0.0025942839552067854
mlp_V0-fosls,26.898745728684617,0.0017736518400506725,0.0013105369568787828,0.0019964540650945486
mlp_V0-fosls,27.09840115460309,0.0017608621618503708,0.0013518957653944276,0.0025223812441958807
mlp_V0-fosls,27.29805658052156,0.0017215916359768326,0.0013920245304950636,0.002956177506191022
mlp_V0-fosls,27.497712006440032,0.0016903318691046062,0.00141671537071758,0.002781421117960036
mlp_V0-fosls,27.697367432358504,0.001655498188607139,0.0014409832024541084,0.002351850547783402
mlp_V0-fosls,27.89702285827698,0.0016550819749196343,0.0013814633629821264,0.0018978656268040094
mlp_V0-fosls,28.096678284195452,0.0016784373613012286,0.0013539551693399284,0.001981375621431576
mlp_V0-fosls,28.296333710113924,0.0016325401737442432,0.0012653168279088234,0.002093213945789706
mlp_V0-fosls,28.495989136032396,0.0016626436982659124,0.0012532490427564831,0.0020610045849475712
mlp_V0-fosls,28.695644561950868,0.0016480992597892596,0.001310200674792382,0.0019445580743771027
mlp_V0-fosls,28.89529998786934,0.0016461329570627977,0.0013647778036306073,0.0018206790793754565
mlp_V0-fosls,29.09495541378781,0.0016970282118302879,0.0013331223341392358,0.0018532996918741039
mlp_V0-fosls,29.294610839706284,0.001757015886348727,0.0012782252687038424,0.0019192071555562582
mlp_V0-fosls,29.494266265624756,0.0017453090080708237,0.0011588727605986642,0.0020167079112788657
mlp_V0-fosls,29.693921691543228,0.0017256166672237302,0.001145749144679252,0.0019483754649422794
mlp_V0-fosls,29.8935771174617,0.0016766149181330656,0.001155994092434941,0.0018292311420200558
mlp_V0-fosls,30.09323254338017,0.001631621878629846,0.0011643658625454234,0.0017559641195166403
mlp_V0-fosls,30.292887969298643,0.0016144359926928333,0.0011604343073817393,0.001856574339013342
mlp_V0-fosls,30.492543395217115,0.0016030481428491788,0.0011564893867372613,0.0020222604919858536
mlp_V0-fosls,30.692198821135587,0.001609978507101358,0.0011530823184128297,0.0020679100208469393
mlp_V0-fosls,30.891854247054063,0.001593745710410204,0.0011505381119642274,0.0018431521007967362
mlp_V0-fosls,31.091509672972535,0.0015776875254139462,0.0011479882669819027,0.0017830770534722935
mlp_V0-fosls,31.291165098891007,0.0015650961537127506,0.001140028465293981,0.001771703314682325
mlp_V0-fosls,31.49082052480948,0.0015543996772768205,0.0011290683838701852,0.001879789574620635
mlp_V0-fosls,31.69047595072795,0.0015160966671071367,0.001118000862803743,0.0019279276659652067
mlp_V0-fosls,31.890131376646423,0.0015708270188889515,0.0011206609776155858,0.0017921537138014323
mlp_V0-fosls,32.089786802564895,0.0016147736581603126,0.0011246717551585247,0.0018733255172374748
mlp_V0-fosls,32.28944222848337,0.0016389190232575976,0.0012594823506176618,0.0018853720731486323
mlp_V0-fosls,32.48909765440184,0.0016669593043635127,0.001284521284503627,0.0018536018071548404
mlp_V0-fosls,32.68875308032031,0.0016156835673330886,0.0012953757487696453,0.002298996199965974
mlp_V0-fosls,32.88840850623878,0.0016071341061119106,0.0013615920093060976,0.002352868322962334
mlp_V0-fosls,33.088063932157254,0.0016076694049875105,0.0013702747305223617,0.0025441845081435014
mlp_V0-fosls,33.28771935807573,0.0015983348422816132,0.0013392699078588542,0.002714969494787384
mlp_V0-fosls,33.4873747839942,0.0015430231126853078,0.0011198002060147105,0.002306031549851223
mlp_V0-fosls,33.68703020991267,0.0015049811615968091,0.001144670402385717,0.0018292305219143998
mlp_V0-fosls,33.88668563583114,0.001480678400132472,0.001169011616197705,0.0017365588623237792
mlp_V0-fosls,34.086341061749614,0.0014995390147497397,0.0011584414328355962,0.0016614620179627106
mlp_V0-fosls,34.285996487668086,0.0014871859014890833,0.0011460368723306739,0.0016610457063486082
mlp_V0-fosls,34.48565191358656,0.0015239301583761715,0.00115289406197355,0.0018756757132228975
mlp_V0-fosls,34.68530733950503,0.0015515137574343143,0.001227288068918263,0.0021364420271167994
mlp_V0-fosls,34.8849627654235,0.0015702196434378298,0.0012076529536039424,0.002368672558478198
mlp_V0-fosls,35.084618191341974,0.0015938964396633058,0.0011982197907885322,0.002198545977543108
mlp_V0-fosls,35.284273617260446,0.0016123735431254438,0.0011926755359601504,0.001955650889434532
mlp_V0-fosls,35.48392904317892,0.001588331154296309,0.0011100051545842012,0.001989127697930653
mlp_V0-fosls,35.6835844690974,0.0016088228207767209,0.0010841484275264208,0.0018031824247003875
mlp_V0-fosls,35.88323989501587,0.0015380169116518574,0.0010842955487467072,0.002138495882175503
mlp_V0-fosls,36.08289532093434,0.0014552785560341236,0.0010844152893086747,0.0024107957845815636
mlp_V0-fosls,36.28255074685281,0.0014946687203014853,0.0010733955268396882,0.0020662609076489663
mlp_V0-fosls,36.482206172771285,0.0014684915248268674,0.001062261452935428,0.0017512602438343925
mlp_V0-fosls,36.68186159868976,0.0014567693160002682,0.001054966988404684,0.0017426059197543807
mlp_V0-fosls,36.88151702460823,0.001429715930448796,0.0010589624007716382,0.0019485747847183623
mlp_V0-fosls,37.0811724505267,0.0014318375208766721,0.00106294279520227,0.002203395307972896
mlp_V0-fosls,37.28082787644517,0.0014280813836726929,0.0011282207812269279,0.0020390319263426087
mlp_V0-fosls,37.480483302363645,0.00141198488692616,0.0012408406253356491,0.0018412215149121477
mlp_V0-fosls,37.68013872828212,0.001386929053923266,0.0011723411524785256,0.0017082145719490634
mlp_V0-fosls,37.87979415420059,0.0014031878025473593,0.0012431619793438183,0.0016571716860269536
mlp_V0-fosls,38.07944958011906,0.0013977963753256718,0.001287744579303062,0.0016045058336197195
mlp_V0-fosls,38.27910500603753,0.0013739649640319932,0.001242491809821485,0.0016275085400115287
mlp_V0-fosls,38.478760431956005,0.0013650973848738667,0.0012049213464318522,0.0017423376516111765
mlp_V0-fosls,38.67841585787448,0.0013601104990527313,0.0011661410740990245,0.0018500532253514874
mlp_V0-fosls,38.87807128379295,0.0014087806734433997,0.0011323982576812422,0.0017672097044215801
mlp_V0-fosls,39.07772670971142,0.0014342186106139157,0.0011122689903060022,0.00159366459926693
mlp_V0-fosls,39.27738213562989,0.0014017897824746086,0.001091768656627014,0.0016745723366172638
mlp_V0-fosls,39.477037561548364,0.0013968179067973554,0.0011139517984300135,0.0015652524524034557
mlp_V0-fosls,39.676692987466836,0.0013832076968189637,0.0011664479101589163,0.0014870042087843038
mlp_V0-fosls,39.87634841338531,0.001358944566300251,0.0012166810777696616,0.0014982579562826093
mlp_V0-fosls,40.07600383930378,0.0013514876335758734,0.0012128278198431882,0.00148110856056413
mlp_V0-fosls,40.27565926522225,0.0013352405588332636,0.0011868738160970445,0.0014713314628735726
mlp_V0-fosls,40.475314691140724,0.001314596488948521,0.001166482297728479,0.0014568180784968682
mlp_V0-fosls,40.674970117059196,0.0013305459167259098,0.0011364866007528977,0.0014824115393443197
mlp_V0-fosls,40.87462554297767,0.0013299166986301416,0.0010904250144567486,0.0015125443220331968
mlp_V0-fosls,41.07428096889614,0.0013276751930795029,0.00108119767682072,0.0015234191362876476
mlp_V0-fosls,41.27393639481461,0.0013151960491265477,0.0011390213452192287,0.0015117884923315321
mlp_V0-fosls,41.473591820733084,0.001307419865365113,0.001194048086706528,0.0015000676739016449
mlp_V0-fosls,41.673247246651556,0.0013307331780299122,0.0011816282929016932,0.0015350236413971092
mlp_V0-fosls,41.87290267257003,0.0013174745862434695,0.001126850532563919,0.0015867208395221825
mlp_V0-fosls,42.0725580984885,0.001312098980457138,0.0010692702291251756,0.0016367860170162494
mlp_V0-fosls,42.27221352440698,0.0013055631386144164,0.001067387828819066,0.00172785418167733
mlp_V0-fosls,42.47186895032545,0.0013113489528540521,0.0010731693775064511,0.0018942097881297693
mlp_V0-fosls,42.67152437624392,0.0013176487886664855,0.0010765553047454763,0.0018919893974615033
mlp_V0-fosls,42.871179802162395,0.0012989732750114157,0.001065836843114312,0.0017703535087143585
mlp_V0-fosls,43.07083522808087,0.001279975361209241,0.0010550094919497834,0.0016397192477761973
mlp_V0-fosls,43.27049065399934,0.001279620593863274,0.001046396174667821,0.0015352577688929581
mlp_V0-fosls,43.47014607991781,0.0012864157182338502,0.0010411300511821119,0.0017044685414317779
mlp_V0-fosls,43.66980150583628,0.0012739748104145074,0.0010358371554397361,0.0018583351690464667
mlp_V0-fosls,43.869456931754755,0.0012890055427830153,0.001034000338508986,0.001778655464559225
mlp_V0-fosls,44.06911235767323,0.00128765732013328,0.0010338822341724875,0.0016200463391073676
mlp_V0-fosls,44.2687677835917,0.0012928517944559626,0.0010337641163429359,0.001534704636984374
mlp_V0-fosls,44.46842320951017,0.0013165281014596293,0.00103159384218377,0.001465214912144101
mlp_V0-fosls,44.66807863542864,0.0013415338964289135,0.001029267418238923,0.0014124199356056889
mlp_V0-fosls,44.867734061347115,0.0013391730153287159,0.0010274107912204911,0.0017398601304274596
mlp_V0-fosls,45.06738948726559,0.0013047164806471506,0.0010275244340224095,0.002243598910247653
mlp_V0-fosls,45.26704491318406,0.001257491321544069,0.0010276380642569786,0.0026533674579066234
mlp_V0-fosls,45.46670033910253,0.0012743607578688018,0.001043901682118023,0.0022659718396116626
mlp_V0-fosls,45.666355765021,0.0012998064958025307,0.0010785277018398253,0.0017771793947697109
mlp_V0-fosls,45.866011190939474,0.0012629099843895148,0.0011120761149053388,0.0014515776238675216
mlp_V0-fosls,46.065666616857946,0.0012721999827948359,0.0011634986725373537,0.0014682691814222172
mlp_V0-fosls,46.26532204277642,0.001276401396057095,0.0011549201140600858,0.0014922968436712905
mlp_V0-fosls,46.46497746869489,0.0012708740608734729,0.0011338256179272129,0.001534902406005252
mlp_V0-fosls,46.66463289461336,0.0012648552594487323,0.0011500307277874577,0.0015423454806234892
mlp_V0-fosls,46.864288320531834,0.0012594501955022837,0.0011660106422510359,0.0015497528084306518
mlp_V0-fosls,47.063943746450306,0.001253565848104521,0.0011632735508307786,0.001570291171782585
mlp_V0-fosls,47.26359917236878,0.0012882940292314707,0.0011465797489136661,0.0014501644067650644
mlp_V0-fosls,47.46325459828725,0.0013148344501952378,0.0011296392730316186,0.0013640215207254068
mlp_V0-fosls,47.66291002420572,0.0012864496473853192,0.0011303053291916109,0.001353703601649779
mlp_V0-fosls,47.862565450124194,0.0012537064407622932,0.0011343393145017199,0.001369179520574004
mlp_V0-fosls,48.062220876042666,0.0012518585108987365,0.0011119452267345073,0.0013758013064806285
mlp_V0-fosls,48.26187630196114,0.0012300115114409391,0.0010667258786089362,0.0013920506774225856
mlp_V0-fosls,48.46153172787962,0.0012290580410647478,0.001046565063735441,0.001435702359118439
mlp_V0-fosls,48.66118715379809,0.0012273786749404506,0.0010267050092871957,0.0014656666036971214
mlp_V0-fosls,48.86084257971656,0.0012644877454569556,0.001029905118550485,0.0014159300893014008
mlp_V0-fosls,49.06049800563503,0.0012764743035114782,0.0010330953152238938,0.0014238749698487296
mlp_V0-fosls,49.260153431553505,0.0012659958706043811,0.00103466186047528,0.0013805094322547411
mlp_V0-fosls,49.45980885747198,0.0012400950766414055,0.0010323120229833044,0.0013458198326465297
mlp_V0-fosls,49.65946428339045,0.0012241848325168618,0.0010299568243715832,0.0013553537611871586
mlp_V0-fosls,49.85911970930892,0.0012192113382809833,0.0010387535911675861,0.0013590195400792608
mlp_V0-fosls,50.05877513522739,0.0012146947166560788,0.0010562684484116687,0.0015058528340615358
mlp_V0-fosls,50.258430561145865,0.0012073195161664463,0.001073497576642086,0.0016565057679297209
mlp_V0-fosls,50.45808598706434,0.0012015285186338172,0.0011151875293858157,0.0015355177451592678
mlp_V0-fosls,50.65774141298281,0.0012051403392191145,0.0011156429834739982,0.001371218932043304
mlp_V0-fosls,50.85739683890128,0.0012017485988068514,0.0011083017583183958,0.001328241506782914
mlp_V0-fosls,51.05705226481975,0.0011883392196715783,0.001109408657268142,0.0013569291790959644
mlp_V0-fosls,51.256707690738224,0.0011848286724568135,0.0010764188631051642,0.001385022777366188
mlp_V0-fosls,51.456363116656696,0.0012199515146848715,0.0010364615955640788,0.001399277973434933
mlp_V0-fosls,51.65601854257517,0.0012313641681128199,0.0010442463125496552,0.001415391740803122
mlp_V0-fosls,51.85567396849364,0.0012449070142974553,0.0010519734233657562,0.0014651707022605145
mlp_V0-fosls,52.05532939441211,0.0012234043892831916,0.0010540057904152391,0.0013701635423122287
mlp_V0-fosls,52.254984820330584,0.0012247742375912623,0.0010523221997133332,0.0013362833348290906
mlp_V0-fosls,52.454640246249056,0.001193517214955276,0.0010506359111462748,0.0013015214824206001
mlp_V0-fosls,52.65429567216753,0.0011964812142033305,0.0010505649532489025,0.0013319072078428116
mlp_V0-fosls,52.853951098086,0.0011990153960164621,0.001050743924867944,0.0013635014371777329
mlp_V0-fosls,53.05360652400447,0.0012151460441391297,0.0010500087681772341,0.001381919519136705
mlp_V0-fosls,53.253261949922944,0.0011911743471483566,0.00104296218392101,0.0013590728847468147
mlp_V0-fosls,53.452917375841416,0.0011809792916428253,0.0010358676657418614,0.0013358355642582042
mlp_V0-fosls,53.65257280175989,0.0012042565419701813,0.0010314906094718833,0.001387166955200351
mlp_V0-fosls,53.85222822767836,0.001200360591663487,0.0010314755824722256,0.0015510474763164841
mlp_V0-fosls,54.05188365359683,0.0011974987006787723,0.001031460555253645,0.0016204300684394975
mlp_V0-fosls,54.251539079515304,0.001190817114257772,0.00103632066226672,0.001469155155108488
mlp_V0-fosls,54.451194505433776,0.001216660404301208,0.0010437869447083824,0.0013657890452392154
mlp_V0-fosls,54.65084993135225,0.0011982237687293332,0.001051200198271664,0.0013827274927202405
mlp_V0-fosls,54.85050535727072,0.0011830487626585957,0.0010409748048025701,0.0013487944810479777
mlp_V0-fosls,55.0501607831892,0.0011492119041042084,0.001028831567087079,0.0013139854584760672
mlp_V0-fosls,55.24981620910767,0.0011488023217608003,0.0010203709269410504,0.001288107131650961
mlp_V0-fosls,55.44947163502614,0.0011465185162065426,0.001030438310389603,0.0012865744660803659
mlp_V0-fosls,55.649127060944615,0.00114408055177158,0.001040408282594204,0.0012850399725027586
mlp_V0-fosls,55.84878248686309,0.0011474793052094305,0.0010648608646609207,0.0012843465145107702
mlp_V0-fosls,56.04843791278156,0.0011563846734752394,0.0011072300539524543,0.0012843461749216384
mlp_V0-fosls,56.24809333870003,0.0011722263035260625,0.0011114716889810325,0.0012843458353324166
mlp_V0-fosls,56.4477487646185,0.001189750286552054,0.001104039704136062,0.0013776182511386708
mlp_V0-fosls,56.647404190536975,0.0011902650937188198,0.001093158680958846,0.0015079780936461265
mlp_V0-fosls,56.84705961645545,0.001187695951937986,0.0010806836014704648,0.0014768483955383653
mlp_V0-fosls,57.04671504237392,0.0012035672687403184,0.001079428145306554,0.0013971294856414502
mlp_V0-fosls,57.24637046829239,0.0011771986226337251,0.001070742115816631,0.0013924904454014919
mlp_V0-fosls,57.44602589421086,0.0011460132332453655,0.0010495864277907452,0.0013745809742678966
mlp_V0-fosls,57.645681320129334,0.0011228403837895266,0.001043538689976547,0.00132966465629266
mlp_V0-fosls,57.845336746047806,0.0011042427364305024,0.0010329378877255546,0.001283177049969518
mlp_V0-fosls,58.04499217196628,0.0011377178058428325,0.0010446935652664302,0.0012612430286024839
mlp_V0-fosls,58.24464759788475,0.0011688402359178918,0.0010952964533787002,0.0012564266532927029
mlp_V0-fosls,58.44430302380322,0.0011731118531452134,0.0011052535076447108,0.0012515917437448355
mlp_V0-fosls,58.643958449721694,0.0011662092847699286,0.0011077738524389303,0.0012509857274797585
mlp_V0-fosls,58.843613875640166,0.0011389087788239386,0.001070663273084221,0.0012510491930857457
mlp_V0-fosls,59.04326930155864,0.0011418919403940603,0.0010154546398813472,0.0012510124334340522
mlp_V0-fosls,59.24292472747711,0.0011532787295448867,0.001032915983546709,0.00125028383135508
mlp_V0-fosls,59.44258015339558,0.0011332166647929085,0.0010351878493192377,0.0013561074241009348
mlp_V0-fosls,59.642235579314054,0.0011326529849860817,0.0010487990170869358,0.0012743375116148275
mlp_V0-fosls,59.841891005232526,0.0011403955549252592,0.0010483646464137227,0.0012450477749571267
mlp_V0-fosls,60.041546431151,0.001108082505591365,0.0010371085435816108,0.0012421104812587328
mlp_V0-fosls,60.24120185706947,0.0011081777640471922,0.001029990788642417,0.001243604138427835
mlp_V0-fosls,60.44085728298794,0.0011275633037748636,0.0010265902278272186,0.0012474843151397857
mlp_V0-fosls,60.640512708906414,0.0011368583972761973,0.0010231783652191115,0.0012613082065623521
mlp_V0-fosls,60.840168134824886,0.0011139214643677673,0.0010209748937639806,0.0014339262341709826
mlp_V0-fosls,61.03982356074336,0.0011144659494065454,0.0010190832775793313,0.0015878886919888353
mlp_V0-fosls,61.23947898666184,0.0011118079645048282,0.001017488731703101,0.001506207315460299
mlp_V0-fosls,61.43913441258031,0.0011057950033349206,0.0010192587327365094,0.0013396349333112696
mlp_V0-fosls,61.63878983849878,0.0011202658753555923,0.0010151629123484579,0.0012566405563086457
mlp_V0-fosls,61.83844526441725,0.0010948234741163495,0.001019783404572303,0.0012557714117486412
mlp_V0-fosls,62.038100690335725,0.0010803258813137605,0.0010243830562218178,0.0012413047313968172
mlp_V0-fosls,62.2377561162542,0.001079450292627156,0.0010160802638747792,0.0012266674503756403
mlp_V0-fosls,62.43741154217267,0.0010759204009712915,0.0010183314249702078,0.001225640439724285
mlp_V0-fosls,62.63706696809114,0.0010779244963916802,0.0010124031370231505,0.0012304398900124956
mlp_V0-fosls,62.83672239400961,0.0010931380959181775,0.001013640592510618,0.0012352206921762544
mlp_V0-fosls,63.036377819928084,0.0011007346363786203,0.0010176479470088875,0.0012297300301136924
mlp_V0-fosls,63.236033245846556,0.0011065662683073653,0.0010216395828850458,0.0012523337760796782
mlp_V0-fosls,63.43568867176503,0.0011261835357936933,0.0010193145299779475,0.001282773852001022
mlp_V0-fosls,63.6353440976835,0.0011241035354138055,0.0010169143455240775,0.0012762144497906966
mlp_V0-fosls,63.83499952360197,0.001121753970389747,0.001013993311354825,0.0013758778752262335
mlp_V0-fosls,64.03465494952044,0.0011163162156097414,0.0010095748741625347,0.0012560812752960922
mlp_V0-fosls,64.23431037543892,0.0010927894208642543,0.001005137014345941,0.0012466846791578427
mlp_V0-fosls,64.43396580135739,0.001062504711055924,0.0010012826795681704,0.0012639730271149054
mlp_V0-fosls,64.63362122727587,0.00106880557551372,0.0009979581043600184,0.00128591863159871
mlp_V0-fosls,64.83327665319433,0.0010785735635115952,0.0009946224166549173,0.001309063612078073
mlp_V0-fosls,65.03293207911281,0.0010798940398379256,0.0009921110930039437,0.0013313338478604523
mlp_V0-fosls,65.23258750503128,0.0010708544643209775,0.0009898099027493006,0.0013249055269627316
mlp_V0-fosls,65.43224293094976,0.0010856177907033512,0.000989569277773622,0.0013184458639981652
mlp_V0-fosls,65.63189835686822,0.0010937545274515878,0.0010175548141682913,0.0013427490363006928
mlp_V0-fosls,65.8315537827867,0.0010839726108400304,0.001004361925196426,0.0014419812275576053
mlp_V0-fosls,66.03120920870516,0.0010697619122590047,0.0009921423396965752,0.0015348109807955565
mlp_V0-fosls,66.23086463462364,0.0010606379705479733,0.0009914370381406087,0.0015282111930091428
mlp_V0-fosls,66.43052006054211,0.0010714475334743408,0.0009907312344805987,0.0014368313007343137
mlp_V0-fosls,66.63017548646059,0.001091467158202639,0.0009816566269691283,0.0013392307206382599
mlp_V0-fosls,66.82983091237905,0.0010821644080460193,0.0009855752241442013,0.0013188953339584443
mlp_V0-fosls,67.02948633829753,0.0010647758375022939,0.0009894783027542238,0.0012539001957127959
mlp_V0-fosls,67.229141764216,0.0010532365955068675,0.0010193088971590513,0.001212003674755799
mlp_V0-fosls,67.42879719013447,0.0010763695226583755,0.0010185852879798813,0.001208533378686701
mlp_V0-fosls,67.62845261605294,0.0010884452225829388,0.0010178611643787744,0.001205053088945971
mlp_V0-fosls,67.82810804197142,0.0010710870263582165,0.0010304163589734776,0.0012028992696138585
mlp_V0-fosls,68.02776346788988,0.001047560219943815,0.001027213057017069,0.0012034565035661578
mlp_V0-fosls,68.22741889380836,0.0010532087687745288,0.0009995544724824045,0.0012040134796229686
mlp_V0-fosls,68.42707431972683,0.0010466116408360746,0.0009843370289837796,0.0012145803153090042
mlp_V0-fosls,68.6267297456453,0.0010482805792726986,0.0009688806065752622,0.001231822895170326
mlp_V0-fosls,68.82638517156377,0.0010537640264198576,0.0009705053429089135,0.0012488274291492338
mlp_V0-fosls,69.02604059748225,0.0010453419644123523,0.000980426848035795,0.0012340869929699692
mlp_V0-fosls,69.22569602340072,0.0010352783607700945,0.0009902489525791273,0.0012137197377595737
mlp_V0-fosls,69.4253514493192,0.0010326977298869187,0.0009796070395261757,0.001221578987121488
mlp_V0-fosls,69.62500687523766,0.0010375963042014112,0.0009675610123086102,0.0012085036157585462
mlp_V0-fosls,69.82466230115614,0.001045417900763845,0.0009576741724994914,0.0012747430766069726
mlp_V0-fosls,70.0243177270746,0.0010513365353131427,0.0009564119042539339,0.0013267997693002483
mlp_V0-fosls,70.22397315299308,0.001052621512051541,0.0009551479678692127,0.0012697231510358645
mlp_V0-fosls,70.42362857891155,0.0010527929647682868,0.0009538396553986907,0.001209957078882432
mlp_V0-fosls,70.62328400483003,0.0010463228378598984,0.0009524829466276204,0.0011981540636441172
mlp_V0-fosls,70.8229394307485,0.0010449976248691033,0.0009511243026133733,0.0012208847290789144
mlp_V0-fosls,71.02259485666697,0.001047612684523084,0.0009690259094257659,0.0012431998564869904
mlp_V0-fosls,71.22225028258545,0.001046240367616301,0.000992919747862535,0.0012231015788421622
mlp_V0-fosls,71.42190570850391,0.0010468807672905436,0.001015514018065023,0.0011981019813043629
mlp_V0-fosls,71.6215611344224,0.001056018960487955,0.0009928259923591529,0.00117652668655724
mlp_V0-fosls,71.82121656034086,0.00105906873036557,0.000969607230439887,0.001174808842115169
mlp_V0-fosls,72.02087198625934,0.0010622842061411087,0.0009515574563805309,0.0011735905586283408
mlp_V0-fosls,72.2205274121778,0.0010755588948591845,0.0009477022497334494,0.001173045142202103
mlp_V0-fosls,72.42018283809628,0.0010743990199895965,0.0009438312961044979,0.0011765368614456288
mlp_V0-fosls,72.61983826401475,0.0010693300951837461,0.0009472812888729474,0.0011800182486032618
mlp_V0-fosls,72.81949368993322,0.0010767126535156796,0.0009565968132964269,0.0011824984496033855
mlp_V0-fosls,73.01914911585169,0.0010609672752137003,0.0009658224920599876,0.0011845292448810609
mlp_V0-fosls,73.21880454177017,0.0010418694152159041,0.0009572626748513774,0.0011924237824304344
mlp_V0-fosls,73.41845996768863,0.0010388354088197908,0.0009446759155627942,0.0011895170686489912
mlp_V0-fosls,73.61811539360711,0.0010404453341390967,0.0009334617448625847,0.0011771701663603749
mlp_V0-fosls,73.81777081952558,0.0010454724645277695,0.000938012757287413,0.0011737772474233184
mlp_V0-fosls,74.01742624544406,0.0010524312238807325,0.0009425417956493865,0.0011758062275672163
mlp_V0-fosls,74.21708167136252,0.0010611959829781412,0.0009465284444574539,0.0011778317125137336
mlp_V0-fosls,74.416737097281,0.0010661183121828469,0.0009495639572663646,0.001177487865970575
mlp_V0-fosls,74.61639252319947,0.0010768112492295311,0.0009525897971906213,0.0011745556803503616
mlp_V0-fosls,74.81604794911794,0.0010757164059270194,0.0009490658521632827,0.0011716161564175624
mlp_V0-fosls,75.01570337503641,0.0010472941264460822,0.0009415908754164438,0.0011707329518177935
mlp_V0-fosls,75.21535880095489,0.0010266859897032758,0.0009340560805393812,0.0011705729434580417
mlp_V0-fosls,75.41501422687335,0.0010236994760381192,0.0009306534004652105,0.0011704050533538853
mlp_V0-fosls,75.61466965279183,0.0010446288939689199,0.0009277359454164691,0.0011680529046158637
mlp_V0-fosls,75.8143250787103,0.0010651357496089938,0.000925401169732232,0.001180843517943902
mlp_V0-fosls,76.01398050462878,0.0010566891490592443,0.0009261082958492332,0.0012028370553069333
mlp_V0-fosls,76.21363593054724,0.0010458495157273423,0.0009268148824548288,0.001186499386264977
mlp_V0-fosls,76.41329135646572,0.0010365671447252758,0.0009331737456520916,0.0011690134720231265
mlp_V0-fosls,76.61294678238418,0.0010391660176049511,0.0009468534647229432,0.0011606937962211317
mlp_V0-fosls,76.81260220830266,0.0010573072826237375,0.000960338340243339,0.0011732721643715677
mlp_V0-fosls,77.01225763422113,0.0010622613625687698,0.0009534905642388166,0.001187397344712064
mlp_V0-fosls,77.21191306013961,0.001056010500496442,0.0009377340518679666,0.0011894687349769783
mlp_V0-fosls,77.41156848605809,0.001044640819175211,0.0009217082227977418,0.0012286401589750966
mlp_V0-fosls,77.61122391197655,0.0010311006962267267,0.0009213447813307877,0.0012624505553824115
mlp_V0-fosls,77.81087933789503,0.0010326527761115685,0.000921508877710793,0.001222850663907306
mlp_V0-fosls,78.0105347638135,0.001042840769424869,0.0009208946762184438,0.0011819247385733685
mlp_V0-fosls,78.21019018973197,0.0010326397491467257,0.0009177239922839554,0.0011532957233249235
mlp_V0-fosls,78.40984561565044,0.001033241860584285,0.000914542315773158,0.0011537489202017152
mlp_V0-fosls,78.60950104156892,0.0010374343048923727,0.0009127869495403374,0.0011542019391309688
mlp_V0-fosls,78.80915646748738,0.0010334009167442336,0.0009124635890129736,0.0011542499465013148
mlp_V0-fosls,79.00881189340586,0.0010273095016545696,0.0009121401138518792,0.0011743966789981878
mlp_V0-fosls,79.20846731932433,0.0010215898797637337,0.0009159661134745574,0.0011983034455094435
mlp_V0-fosls,79.4081227452428,0.0010195819725005318,0.0009210300417021759,0.0011973947623040461
mlp_V0-fosls,79.60777817116127,0.0010186731803303226,0.0009256954600273309,0.0011761685835900617
mlp_V0-fosls,79.80743359707975,0.0010185101501594108,0.0009201912806878693,0.0011545522323634118
mlp_V0-fosls,80.00708902299822,0.0010201264694918873,0.0009146539790504118,0.0011503950490634476
mlp_V0-fosls,80.2067444489167,0.0010217797579955435,0.0009115713196836238,0.0011770234064066448
mlp_V0-fosls,80.40639987483516,0.0010223202270767293,0.0009141793271598743,0.0011883664622039148
mlp_V0-fosls,80.60605530075364,0.001021305910157525,0.0009167799155431023,0.001151143882575411
mlp_V0-fosls,80.8057107266721,0.001020358523445921,0.0009187607857112542,0.0011456837301912616
mlp_V0-fosls,81.00536615259058,0.001019673414702792,0.0009202799064832297,0.001147425846123844
mlp_V0-fosls,81.20502157850905,0.0010268969823964027,0.0009217965237474062,0.001151294576418736
mlp_V0-fosls,81.40467700442753,0.0010278608025450016,0.0009169191881849435,0.0011551503499672132
mlp_V0-fosls,81.60433243034599,0.0010266588546151065,0.0009107923796225121,0.001152589305777516
mlp_V0-fosls,81.80398785626447,0.001032904112463642,0.0009050673188806575,0.0011563761916350216
mlp_V0-fosls,82.00364328218294,0.0010436805550143786,0.0009029150200636654,0.0011694308984698098
mlp_V0-fosls,82.20329870810141,0.0010564573940404329,0.000900757578490082,0.0011671846904342882
mlp_V0-fosls,82.40295413401988,0.0010581806542586567,0.0008996492311428668,0.0011623251078272637
mlp_V0-fosls,82.60260955993836,0.0010443356842356304,0.0009002769142338844,0.0011594432100109592
mlp_V0-fosls,82.80226498585682,0.0010467511544318018,0.0009009041600020607,0.001196655554667043
mlp_V0-fosls,83.0019204117753,0.0010533061335910232,0.0009007172355070509,0.001198742652509906
mlp_V0-fosls,83.20157583769377,0.0010449320258563819,0.0009000841504104671,0.0011817614659548514
mlp_V0-fosls,83.40123126361225,0.0010311683073916016,0.0008994506197122776,0.0011571342185551382
mlp_V0-fosls,83.60088668953071,0.0010320068187458784,0.000915210031375257,0.00113871601175004
mlp_V0-fosls,83.80054211544919,0.0010491146418287207,0.0009322051522577221,0.0011393945913376453
mlp_V0-fosls,84.00019754136767,0.0010484445484865543,0.0009425086585944113,0.0011401549936497955
mlp_V0-fosls,84.19985296728613,0.0010484330678824138,0.0009239276076525349,0.0011402601221367215
mlp_V0-fosls,84.39950839320461,0.0010226482509118075,0.0009049651246537812,0.0011378784733733099
mlp_V0-fosls,84.59916381912308,0.001012161310716078,0.000894263750204201,0.001135491829207722
mlp_V0-fosls,84.79881924504156,0.0010150684908755057,0.0008939841233781426,0.0011364365893423453
mlp_V0-fosls,84.99847467096002,0.001031908807339733,0.0008937044090610106,0.0011411099426003248
mlp_V0-fosls,85.1981300968785,0.0010371064542471866,0.0008935450379814877,0.0011457642343024029
mlp_V0-fosls,85.39778552279697,0.0010274763186566916,0.0008934326105713462,0.001142128342881262
mlp_V0-fosls,85.59744094871544,0.0010177792127917115,0.0008933201690118293,0.0011354549911088336
mlp_V0-fosls,85.79709637463391,0.0010216703442454235,0.0008917510861933518,0.0011287421858224428
mlp_V0-fosls,85.99675180055239,0.0010324044705641057,0.0008901614337020522,0.0011300796338960374
mlp_V0-fosls,86.19640722647085,0.0010431661842113392,0.0008893096488265197,0.0011314420150012276
mlp_V0-fosls,86.39606265238933,0.0010348459766199216,0.0008906117402644288,0.0011390926801039928
mlp_V0-fosls,86.5957180783078,0.0010233911492895946,0.0008919119307968253,0.001130415193212727
mlp_V0-fosls,86.79537350422628,0.0010172642420775626,0.0009013532948245266,0.001126924633356456
mlp_V0-fosls,86.99502893014474,0.0010211555527394802,0.0009179441420501875,0.0011264375090883842
mlp_V0-fosls,87.19468435606322,0.0010267982865182152,0.0009342404046911491,0.001127742438872105
mlp_V0-fosls,87.39433978198169,0.001035531984292599,0.0009221835636510059,0.001129045860443748
mlp_V0-fosls,87.59399520790016,0.0010407024007687833,0.0009024076230272341,0.0011281701807247203
mlp_V0-fosls,87.79365063381863,0.0010404600347713308,0.0008835787647112164,0.0011302721569654635
mlp_V0-fosls,87.99330605973711,0.0010402177286655866,0.000885812647023077,0.0011370054454307452
mlp_V0-fosls,88.19296148565557,0.0010404940417210644,0.0008880409099830151,0.0011325549935978967
mlp_V0-fosls,88.39261691157405,0.0010294022917057932,0.0008891168094118609,0.0011241517538563449
mlp_V0-fosls,88.59227233749252,0.0010405599563833956,0.0008878109206855539,0.0011238811627569565
mlp_V0-fosls,88.791927763411,0.0010473893172940978,0.0008865031082846433,0.0011265272304431914
mlp_V0-fosls,88.99158318932946,0.001048070485226816,0.0008848407870105715,0.0011291670974041376
mlp_V0-fosls,89.19123861524794,0.001034477759688591,0.0008829333255828413,0.001128127869474291
mlp_V0-fosls,89.3908940411664,0.0010248087353359559,0.0008810217344039046,0.0011256488331197751
mlp_V0-fosls,89.59054946708488,0.0010167043630419303,0.0008847692797537078,0.001128784775836741
mlp_V0-fosls,89.79020489300335,0.0010124180194057905,0.0008894013146967548,0.0011266032485846185
mlp_V0-fosls,89.98986031892183,0.0010116231441637626,0.0008934463259645749,0.0011213930643085989
mlp_V0-fosls,90.1895157448403,0.0010122091774228768,0.0008937242921142749,0.00112210799397591
mlp_V0-fosls,90.38917117075877,0.0010108474067532674,0.0008940021718378127,0.0011220724240666223
mlp_V0-fosls,90.58882659667725,0.0010103688126367658,0.0008926362313638905,0.0011220368530297261
mlp_V0-fosls,90.78848202259572,0.0010099860662177423,0.0008887768646669377,0.0011210798505729366
mlp_V0-fosls,90.9881374485142,0.0010104678505670197,0.0008849006660585438,0.0011200010472349504
mlp_V0-fosls,91.18779287443266,0.0010220470822784739,0.0008815382494210732,0.0011194912581463678
mlp_V0-fosls,91.38744830035114,0.001040026499814048,0.0008784295718015005,0.0011169812572614406
mlp_V0-fosls,91.5871037262696,0.0010385571905544909,0.0008753098537308747,0.0011287719375225208
mlp_V0-fosls,91.78675915218808,0.0010370846937821298,0.0008755141126387593,0.001130660783654347
mlp_V0-fosls,91.98641457810655,0.001033309699107646,0.0008759518735332596,0.0011303059012251352
mlp_V0-fosls,92.18607000402503,0.001002400886166575,0.0008758992272891523,0.0011246421287279746
mlp_V0-fosls,92.38572542994349,0.0010056386773003982,0.0008739168581585866,0.001118949688357442
mlp_V0-fosls,92.58538085586197,0.00102890635709821,0.0008719299820408837,0.0011151895502118196
mlp_V0-fosls,92.78503628178044,0.001047696189612064,0.0008718170844487115,0.0011151707440400734
mlp_V0-fosls,92.98469170769891,0.0010370676807861879,0.0008738034324605173,0.001114468818239011
mlp_V0-fosls,93.18434713361738,0.0010280240515965428,0.0008757852752946418,0.0011112982292617452
mlp_V0-fosls,93.38400255953586,0.0010213686663195,0.0008740777041030483,0.0011129739329846797
mlp_V0-fosls,93.58365798545432,0.001019816480632711,0.0008710646014269804,0.001113679868885438
mlp_V0-fosls,93.7833134113728,0.001018755069378279,0.0008680643180143096,0.0011120772396432158
mlp_V0-fosls,93.98296883729127,0.001017305432567893,0.0008678935567971249,0.0011104722974951975
mlp_V0-fosls,94.18262426320975,0.0010188987043120888,0.0008677227619754365,0.0011084474464271028
mlp_V0-fosls,94.38227968912821,0.0010215175772102202,0.0008677820603032381,0.0011079776469498774
mlp_V0-fosls,94.58193511504669,0.0010205208660079763,0.0008684529098861494,0.001108588189902542
mlp_V0-fosls,94.78159054096515,0.0010162466709937243,0.0008691232416609902,0.0011065851378323022
mlp_V0-fosls,94.98124596688363,0.0010135312734186812,0.0008695989680500701,0.0011047229555153921
mlp_V0-fosls,95.1809013928021,0.0010169312818996824,0.0008699106067174113,0.0011057741219928946
mlp_V0-fosls,95.38055681872058,0.0010231062667862187,0.0008702221337826122,0.001109490466414365
mlp_V0-fosls,95.58021224463904,0.0010293128199005673,0.0008681619634165841,0.0011131944040730587
mlp_V0-fosls,95.77986767055752,0.0010361352183310684,0.0008655413925187854,0.0011170132467192713
mlp_V0-fosls,95.97952309647599,0.0010434048239285896,0.0008631231494923453,0.0011210004696521863
mlp_V0-fosls,96.17917852239447,0.0010288388259127742,0.0008631805962114538,0.0011249735608335502
mlp_V0-fosls,96.37883394831294,0.001008052617944135,0.0008632380391076011,0.0011431157494069537
mlp_V0-fosls,96.57848937423141,0.0010051136173781967,0.0008633903781106771,0.0011676890300237142
mlp_V0-fosls,96.77814480014989,0.0010043911608132044,0.0008637217186754162,0.0011917557321587454
mlp_V0-fosls,96.97780022606835,0.0010042526384867298,0.0008640529321801596,0.0011707610691184234
mlp_V0-fosls,97.17745565198683,0.001004060158825469,0.0008641577087364335,0.0011461627300885099
mlp_V0-fosls,97.3771110779053,0.001002400460846497,0.0008641208804240902,0.0011285057483231523
mlp_V0-fosls,97.57676650382378,0.0010012923344370906,0.0008640840505420794,0.001141096153466658
mlp_V0-fosls,97.77642192974224,0.0010004995859007495,0.0008630579855356867,0.001153549148894145
mlp_V0-fosls,97.97607735566072,0.0010024373393714358,0.0008619008485517234,0.0011582267325271102
mlp_V0-fosls,98.17573278157919,0.0010031734464896155,0.0008617059566186846,0.0011538565962395033
mlp_V0-fosls,98.37538820749766,0.0010013087339554023,0.0008668441948567136,0.0011494698453767274
mlp_V0-fosls,98.57504363341613,0.0010064523537736663,0.0008719521550185222,0.0011518388291402763
mlp_V0-fosls,98.77469905933461,0.0010154400022598024,0.0008780692183587499,0.0011567939142918837
mlp_V0-fosls,98.97435448525307,0.001014195743721395,0.0008855613897052304,0.0011617278648505562
mlp_V0-fosls,99.17400991117155,0.0010334432134206095,0.0008929907041196862,0.0011553454265601896
mlp_V0-fosls,99.37366533709002,0.001034594591532695,0.0008860886972570716,0.0011487449006376807
mlp_V0-fosls,99.5733207630085,0.0010184126333527932,0.0008725205540252768,0.001143250429271195
mlp_V0-fosls,99.77297618892696,0.0010023230885612706,0.0008587380595888478,0.0011412479962723343
mlp_V0-fosls,99.97263161484544,0.0010007750922374338,0.0008596806769022842,0.0011392420436248233
mlp_V0-fosls,100.1722870407639,0.0010001984841648934,0.000861329541687793,0.001135746897940181
mlp_V0-fosls,100.37194246668238,0.0009988261323617645,0.000863209794279506,0.0011307944179842525
mlp_V0-fosls,100.57159789260085,0.0009977117216697987,0.0008659116481302158,0.0011258201522925167
mlp_V0-fosls,100.77125331851933,0.0009981652304954568,0.0008686050977257193,0.0011202087522216213
mlp_V0-fosls,100.97090874443779,0.0009977612462686056,0.0008675584588648854,0.0011297841995185753
mlp_V0-fosls,101.17056417035627,0.0010004374362797192,0.00086244189016763,0.0011332210687722763
mlp_V0-fosls,101.37021959627474,0.0010158008564765115,0.0008572947849391214,0.0011175322999366747
mlp_V0-fosls,101.56987502219322,0.0010133959671882065,0.0008559560383496692,0.0011259976754185174
mlp_V0-fosls,101.76953044811168,0.0009978047337004352,0.0008559077766612904,0.001131345989471618
mlp_V0-fosls,101.96918587403016,0.000995227492439619,0.0008558678210165964,0.0011293182749423072
mlp_V0-fosls,102.16884129994862,0.0009969133046355244,0.0008563489703372451,0.0011272869130544464
mlp_V0-fosls,102.3684967258671,0.0010039322363258575,0.0008568298494704905,0.0011312803229806064
mlp_V0-fosls,102.56815215178557,0.0010148974788543011,0.0008568229409063353,0.0011400760772191673
mlp_V0-fosls,102.76780757770405,0.0010061448963136722,0.0008555862789823051,0.0011488044892547149
mlp_V0-fosls,102.96746300362253,0.001000226556219122,0.0008543478270015044,0.001144922515240737
mlp_V0-fosls,103.16711842954099,0.0009942496640726881,0.0008600621557765604,0.0011381368048547851
mlp_V0-fosls,103.36677385545947,0.0010245406290877116,0.0008712947746257699,0.0011321952442848835
mlp_V0-fosls,103.56642928137794,0.0010228392070169537,0.000882384415536288,0.0011671975738729503
mlp_V0-fosls,103.76608470729641,0.001021134864388555,0.0008772121559177382,0.001179403884136278
mlp_V0-fosls,103.96574013321488,0.0010206101788512614,0.0008684250802297943,0.0011483358583322175
mlp_V0-fosls,104.16539555913336,0.0010210887800909028,0.0008602128511050467,0.0011581013701272122
mlp_V0-fosls,104.36505098505182,0.0010090156774796638,0.0008587478657420043,0.001167785221455324
mlp_V0-fosls,104.5647064109703,0.0009933455972950238,0.0008572803769051413,0.001165722410207532
mlp_V0-fosls,104.76436183688877,0.000992397293802276,0.0008562962695918952,0.0011558042472540647
mlp_V0-fosls,104.96401726280725,0.0009926299032281967,0.0008561874606453683,0.0011458002348930685
mlp_V0-fosls,105.16367268872571,0.0009938867171611027,0.0008560786378690526,0.001138085946330259
mlp_V0-fosls,105.36332811464419,0.0009951060710436447,0.0008575932732734476,0.0011306995369078639
mlp_V0-fosls,105.56298354056266,0.0010088614289326604,0.000860075239491575,0.0011246234441187688
mlp_V0-fosls,105.76263896648113,0.0010236209095720373,0.0008625500639436034,0.001127981340032578
mlp_V0-fosls,105.9622943923996,0.0010244037401869453,0.0008590279051819754,0.001131506221520023
mlp_V0-fosls,106.16194981831808,0.0010239982198481507,0.0008547734308401073,0.0011558843618982295
mlp_V0-fosls,106.36160524423654,0.0010225340563791317,0.000851529679975018,0.0011854918195788506
mlp_V0-fosls,106.56126067015502,0.0010210674099917854,0.0008536075961998348,0.001214377639161672
mlp_V0-fosls,106.76091609607349,0.0010200395057565327,0.0008556804664720141,0.0012024634157951726
mlp_V0-fosls,106.96057152199197,0.0010187366305682874,0.0008597537952633128,0.0011898084633259918
mlp_V0-fosls,107.16022694791043,0.0010171035802372193,0.0008664400005297681,0.0011805077553046232
mlp_V0-fosls,107.35988237382891,0.0010150095465698333,0.0008730750028298712,0.0011817191486276084
mlp_V0-fosls,107.55953779974737,0.0010129586143362008,0.0008751288023492698,0.001182929301408989
mlp_V0-fosls,107.75919322566585,0.0010117667443975478,0.0008752157036812109,0.0011892079726852343
mlp_V0-fosls,107.95884865158432,0.0010109467944021124,0.0008753025963854597,0.0012002487136850443
mlp_V0-fosls,108.1585040775028,0.0010081652361587797,0.0008668230806790587,0.0012111888156299511
mlp_V0-fosls,108.35815950342126,0.0010045183479852789,0.0008579601986702792,0.0012107365499320773
mlp_V0-fosls,108.55781492933974,0.0010046553007589493,0.0008565150451856056,0.001206978827519328
mlp_V0-fosls,108.7574703552582,0.0010078014779123857,0.000879128247883164,0.0012034582020371061
mlp_V0-fosls,108.95712578117669,0.0010140182418461247,0.0009011741950494071,0.0012063530534270005
mlp_V0-fosls,109.15678120709515,0.0010191707758473918,0.0009100497395809511,0.0012092409747337005
mlp_V0-fosls,109.35643663301363,0.0010181671509281757,0.0009063111259780684,0.0012080064807861706
mlp_V0-fosls,109.55609205893211,0.001013517856829695,0.0009025570262492624,0.0011971323388772553
mlp_V0-fosls,109.75574748485057,0.0010100172540837388,0.0008899651013858059,0.0011861585121517562
mlp_V0-fosls,109.95540291076905,0.0010087749331653775,0.0008745288396007422,0.001168534760557497
mlp_V0-fosls,110.15505833668752,0.001008502337201522,0.0008593702426802881,0.0011454634152464024
mlp_V0-fosls,110.354713762606,0.0010026803915011316,0.00085718564281853,0.0011219177263528434
mlp_V0-fosls,110.55436918852446,0.0010081336682697842,0.0008549954611014352,0.0011127030482043776
mlp_V0-fosls,110.75402461444294,0.0010184624043388915,0.0008535690611507531,0.0011065107866777488
mlp_V0-fosls,110.9536800403614,0.0010184229934461426,0.000853859477153719,0.0011069800469255347
mlp_V0-fosls,111.15333546627988,0.001003256109322268,0.0008541497944135249,0.0011725214605216602
mlp_V0-fosls,111.35299089219835,0.0010005690753147767,0.0008534663500799654,0.0012345883226713367
mlp_V0-fosls,111.55264631811683,0.0010045931868766956,0.0008520693194738155,0.0012541606750509132
mlp_V0-fosls,111.7523017440353,0.0010133175513838337,0.0008506699945680017,0.0011988911796045284
mlp_V0-fosls,111.95195716995377,0.0010184283618331746,0.0008522224690020098,0.00114094746689885
mlp_V0-fosls,112.15161259587224,0.0010236169691143385,0.0008543076426744794,0.0011439400220063832
mlp_V0-fosls,112.35126802179072,0.0010275953543653067,0.0008559230761177196,0.0011849039568827646
mlp_V0-fosls,112.55092344770918,0.0010231537176278555,0.0008539480085548178,0.001224498264647563
mlp_V0-fosls,112.75057887362766,0.0010132453164463497,0.0008519683623226031,0.0012291420735831677
mlp_V0-fosls,112.95023429954612,0.0010031923547503007,0.0008511389299141357,0.001229107456351277
mlp_V0-fosls,113.1498897254646,0.0009982631265598471,0.0008521664543214047,0.0012232922049314216
mlp_V0-fosls,113.34954515138307,0.0009974094566818537,0.0008531927412525549,0.0011818671742043734
mlp_V0-fosls,113.54920057730155,0.0009975057473921108,0.0008549475509819955,0.0011389364408419267
mlp_V0-fosls,113.74885600322001,0.00099961588340226,0.0008570869985377089,0.0011497160521675544
mlp_V0-fosls,113.94851142913849,0.001001823935877397,0.0008592211189179684,0.0012363722860808265
mlp_V0-fosls,114.14816685505696,0.0010038839407366688,0.0008559039622185666,0.0013173404491496103
mlp_V0-fosls,114.34782228097544,0.0010052521029172306,0.0008521020263569861,0.00129060186433088
mlp_V0-fosls,114.5474777068939,0.001006155891258184,0.0008487198006374824,0.0012073239218734777
mlp_V0-fosls,114.74713313281238,0.001006586618146876,0.0008472111740412122,0.0011178590843400396
mlp_V0-fosls,114.94678855873084,0.0010071852261430362,0.0008456998562412382,0.0011635222737378
mlp_V0-fosls,115.14644398464932,0.0010058812983983272,0.0008450081619999189,0.0012174890365359006
mlp_V0-fosls,115.34609941056779,0.0009910849147178268,0.0008452936200193635,0.0012501750806702917
mlp_V0-fosls,115.54575483648627,0.0009889932409941971,0.0008455789816713747,0.0011990318845206366
mlp_V0-fosls,115.74541026240475,0.0009894470273285833,0.0008491388124450895,0.0011456077809901815
mlp_V0-fosls,115.94506568832321,0.0009808068054932772,0.000853919285908892,0.001118781465898786
mlp_V0-fosls,116.14472111424169,0.0009789586498845791,0.0008586731455528626,0.0011268267927740342
mlp_V0-fosls,116.34437654016016,0.0009868137683309657,0.0008540622291253617,0.0011348150833453855
mlp_V0-fosls,116.54403196607863,0.0010064333479455536,0.0008493630466731485,0.0011587830160398288
mlp_V0-fosls,116.7436873919971,0.0010156609130894513,0.0008457840565167365,0.0011885863719313236
mlp_V0-fosls,116.94334281791558,0.0010019669567548815,0.000845424577865679,0.0012176604817515334
mlp_V0-fosls,117.14299824383404,0.0009806973774328658,0.000845064946297512,0.001189033587830628
mlp_V0-fosls,117.34265366975252,0.000977665186623465,0.0008452398948351229,0.0011580573682537386
mlp_V0-fosls,117.54230909567099,0.0009772026819303084,0.0008458882436795869,0.0011434235518562419
mlp_V0-fosls,117.74196452158947,0.000976787838581523,0.000846536095963889,0.001183404596556013
mlp_V0-fosls,117.94161994750793,0.0009764398145562256,0.0008462764197221974,0.0012220783360162512
mlp_V0-fosls,118.14127537342641,0.0009765560056762375,0.0008457880089315024,0.0012297137685284769
mlp_V0-fosls,118.34093079934487,0.0009827863483355143,0.0008452571062491732,0.0012065833564192494
mlp_V0-fosls,118.54058622526335,0.0009796200003035155,0.0008441354145023674,0.0011830007774584806
mlp_V0-fosls,118.74024165118182,0.0009757939211853015,0.0008430122302608908,0.001173350534962654
mlp_V0-fosls,118.9398970771003,0.0009750622361206676,0.0008424878353156556,0.0011681640772622042
mlp_V0-fosls,119.13955250301876,0.0009747650784661863,0.0008431515176271421,0.0011628384424828395
mlp_V0-fosls,119.33920792893724,0.000976614163096139,0.0008438146779352956,0.0011524568611027601
mlp_V0-fosls,119.5388633548557,0.000978615868323047,0.0008442572320698287,0.0011419809061843983
mlp_V0-fosls,119.73851878077419,0.0009792134139957195,0.0008445554704920337,0.001134514371737387
mlp_V0-fosls,119.93817420669265,0.000978550201421166,0.0008448536036342817,0.0011348044426309639
mlp_V0-fosls,120.13782963261113,0.0009974488276942458,0.0008470470851838433,0.001135094439397563
mlp_V0-fosls,120.3374850585296,0.001009134174222142,0.0008495118647196796,0.0011569412776643714
mlp_V0-fosls,120.53714048444807,0.0010093059195894064,0.0008511264079816401,0.001195589999831714
mlp_V0-fosls,120.73679591036654,0.0010097652462443775,0.0008475156072126734,0.0012330278891539805
mlp_V0-fosls,120.93645133628502,0.0009858993031714757,0.0008438893568320456,0.0012622671327419395
mlp_V0-fosls,121.13610676220348,0.0009814197093570504,0.0008441014577628437,0.0012892106460883769
mlp_V0-fosls,121.33576218812196,0.0009853072791288179,0.0008499286548297893,0.0013111452397640197
mlp_V0-fosls,121.53541761404043,0.0009831877206640772,0.0008557161711713712,0.0012749697148766806
mlp_V0-fosls,121.7350730399589,0.0009808188460071051,0.0008546986108341747,0.001237737333988756
mlp_V0-fosls,121.93472846587738,0.0009787419422885482,0.0008503577614814761,0.0012107905471901437
mlp_V0-fosls,122.13438389179585,0.0009778481240201651,0.0008459946392629842,0.0012061599354382508
mlp_V0-fosls,122.33403931771433,0.0009768044221240921,0.0008437581943224866,0.0012015114774931626
mlp_V0-fosls,122.5336947436328,0.000975635639834231,0.0008416555530447805,0.0012014554400981393
mlp_V0-fosls,122.73335016955127,0.0009748052911559336,0.0008398072145888077,0.0012044982662701722
mlp_V0-fosls,122.93300559546974,0.0009745794366481215,0.0008389555117054451,0.001207533424942882
mlp_V0-fosls,123.13266102138822,0.000980550724525992,0.0008381029432990189,0.0012101712948206736
mlp_V0-fosls,123.33231644730668,0.0009903884895847061,0.0008377988306140377,0.0012127401071437085
mlp_V0-fosls,123.53197187322516,0.0009952777329550956,0.0008381053375652191,0.001213739815227449
mlp_V0-fosls,123.73162729914363,0.0010024795428591523,0.0008384117324634541,0.001203488881401557
mlp_V0-fosls,123.9312827250621,0.0010079718268561242,0.0008405387201847544,0.0011931498800427287
mlp_V0-fosls,124.13093815098057,0.0010093377957395755,0.0008432933544795585,0.001189911271708015
mlp_V0-fosls,124.33059357689905,0.0010066163918807784,0.0008460062030763011,0.0011980886316010867
mlp_V0-fosls,124.53024900281751,0.0009942871283585566,0.0008450406922174985,0.0012062105553367296
mlp_V0-fosls,124.72990442873599,0.0009783376739308635,0.0008440740769406904,0.0012173332957713973
mlp_V0-fosls,124.92955985465446,0.0009747633200255211,0.0008433386962326943,0.0012300029101778333
mlp_V0-fosls,125.12921528057294,0.0009746339542849126,0.0008432113947556207,0.0012425433453599228
mlp_V0-fosls,125.3288707064914,0.0009751020119221068,0.0008430840740566612,0.0012178429791486899
mlp_V0-fosls,125.52852613240988,0.0009756856462728277,0.0008419395008623891,0.001188769851154747
mlp_V0-fosls,125.72818155832834,0.0009755392681494843,0.0008399377696760367,0.0011686848701638096
mlp_V0-fosls,125.92783698424682,0.0009743061305903441,0.0008379312565743687,0.0011948968818192524
mlp_V0-fosls,126.12749241016529,0.0009731352125123454,0.000836900990819989,0.001220546103436056
mlp_V0-fosls,126.32714783608377,0.0009732279323500087,0.0008360970066127075,0.0012251880028897686
mlp_V0-fosls,126.52680326200223,0.0009746399528705006,0.0008354587897882954,0.0012026320613513675
mlp_V0-fosls,126.72645868792071,0.0009759919004718728,0.0008367480731601071,0.0011796449074002967
mlp_V0-fosls,126.92611411383918,0.0009757262407599889,0.0008380353730241824,0.0011569522991764453
mlp_V0-fosls,127.12576953975766,0.0009744688373325102,0.0008386917685473277,0.0011341404003804665
mlp_V0-fosls,127.32542496567612,0.0009730881115131375,0.0008381644322593953,0.0011108601500552041
mlp_V0-fosls,127.5250803915946,0.000972370122809073,0.0008376367639856698,0.001145290276216013
mlp_V0-fosls,127.72473581751306,0.0009717626940546203,0.0008369420903306329,0.001181141999023302
mlp_V0-fosls,127.92439124343154,0.0009717260945108471,0.0008361422130408803,0.0011984224063421615
mlp_V0-fosls,128.12404666935,0.0009720203619671879,0.0008353415698328394,0.0011522890568480468
mlp_V0-fosls,128.3237020952685,0.0009722233577934046,0.0008346620312762477,0.001104229992818787
mlp_V0-fosls,128.52335752118697,0.0009721126521683573,0.0008339982017699539,0.0010796248333544466
mlp_V0-fosls,128.72301294710545,0.0009722336251784762,0.000833483131631526,0.00108019892061062
mlp_V0-fosls,128.9226683730239,0.0009724486824428348,0.000833814022296989,0.0010807727029218863
mlp_V0-fosls,129.12232379894238,0.0009721712270607904,0.0008341447817039149,0.0010809074732984587
mlp_V0-fosls,129.32197922486085,0.0009715729542035672,0.0008340600850740975,0.0010804032108331157
mlp_V0-fosls,129.52163465077933,0.0009706519937339006,0.0008333954635125533,0.0010798987129006835
mlp_V0-fosls,129.72129007669778,0.0009706792578914533,0.0008327303115011467,0.0010797268339916785
mlp_V0-fosls,129.92094550261626,0.000970798081425877,0.0008326692965491961,0.0010797203340176128
mlp_V0-fosls,130.12060092853474,0.0009716304880121147,0.0008328862221981899,0.0010797138340044167
mlp_V0-fosls,130.32025635445322,0.0009721706359801877,0.0008331030913634951,0.001079492177724067
mlp_V0-fosls,130.51991178037167,0.0009726361682155165,0.0008324989333634347,0.0010792543758219079
mlp_V0-fosls,130.71956720629015,0.0009728751909721564,0.0008318539068088417,0.0010792712447637448
mlp_V0-fosls,130.91922263220863,0.0009731442586733406,0.0008313686273049673,0.0010803513882557802
mlp_V0-fosls,131.1188780581271,0.000973462304811257,0.0008314484952288315,0.0010814304528902912
mlp_V0-fosls,131.31853348404556,0.0009726305651031958,0.0008315283554814177,0.0010817136744166256
mlp_V0-fosls,131.51818890996404,0.0009713044438321324,0.0008312979724508204,0.0010810436814278244
mlp_V0-fosls,131.71784433588252,0.0009695348591420905,0.0008307423061780872,0.001080373272943259
mlp_V0-fosls,131.917499761801,0.0009694109396103092,0.0008301862679828718,0.0010846338076734951
mlp_V0-fosls,132.11715518771945,0.0009693502588387186,0.0008305458124476311,0.0010908186548865854
mlp_V0-fosls,132.31681061363793,0.0009696322044803376,0.000831200471779882,0.0010969686317068767
mlp_V0-fosls,132.5164660395564,0.0009693627398362109,0.000831858185189459,0.00109097801705805
mlp_V0-fosls,132.71612146547488,0.0009690304412828585,0.0008326602207693885,0.0010846735026880609
mlp_V0-fosls,132.91577689139334,0.0009685325111664216,0.0008334614845550771,0.001079737294756424
mlp_V0-fosls,133.11543231731181,0.0009680205632603347,0.0008335673208467007,0.0010792483915348843
mlp_V0-fosls,133.3150877432303,0.0009677456679791865,0.0008319843474489355,0.0010787592667381117
mlp_V0-fosls,133.51474316914877,0.0009683501893132318,0.0008303983564630384,0.0010787340635671754
mlp_V0-fosls,133.71439859506722,0.000969170791796874,0.0008298068585945034,0.0010791705742571904
mlp_V0-fosls,133.9140540209857,0.0009694025005109147,0.0008299977982617182,0.0010796069084555901
mlp_V0-fosls,134.11370944690418,0.0009683765649410947,0.0008301886940136691,0.0010796499707461308
mlp_V0-fosls,134.31336487282266,0.0009674377658637017,0.0008295063590643329,0.0010795705258565909
mlp_V0-fosls,134.5130202987411,0.0009675701140812027,0.0008286415799522079,0.0010795431348247682
mlp_V0-fosls,134.7126757246596,0.0009680262693132255,0.0008279020140267291,0.0010816333440968788
mlp_V0-fosls,134.91233115057807,0.0009683570069041703,0.000828344724711457,0.0010837195219138146
mlp_V0-fosls,135.11198657649655,0.0009715820887324126,0.0008287871989148268,0.0010846699321565715
mlp_V0-fosls,135.31164200241503,0.0009773129252808065,0.0008286749516409242,0.0010827939805638015
mlp_V0-fosls,135.51129742833348,0.0009811392297250775,0.000827592614906373,0.0010809147732202865
mlp_V0-fosls,135.71095285425196,0.000979776044910737,0.0008265088608224647,0.0010794969300404276
mlp_V0-fosls,135.91060828017044,0.0009748918925072658,0.0008259161512935649,0.0010784617520691786
mlp_V0-fosls,136.11026370608892,0.0009702159641763999,0.0008256107062897295,0.0010774255795114281
mlp_V0-fosls,136.30991913200737,0.0009695674398975719,0.0008253051482408656,0.00107742370446728
mlp_V0-fosls,136.50957455792584,0.0009689566021141808,0.0008259767370182008,0.0010776655740758468
mlp_V0-fosls,136.70922998384432,0.0009693243751982922,0.0008267577543692708,0.0010779116991164928
mlp_V0-fosls,136.9088854097628,0.000971207369526584,0.0008273816539078794,0.0010782142925839977
mlp_V0-fosls,137.10854083568125,0.0009731602389053058,0.0008272215972933563,0.0010785168011545377
mlp_V0-fosls,137.30819626159973,0.0009730028871928536,0.0008270615097039672,0.0010786871766563441
mlp_V0-fosls,137.5078516875182,0.0009713380282828758,0.0008271271429773771,0.0010819093699441314
mlp_V0-fosls,137.7075071134367,0.0009697926863908076,0.0008274865786760945,0.0010871450798371882
mlp_V0-fosls,137.90716253935514,0.0009700801856651095,0.0008278458583143472,0.001081818084866651
mlp_V0-fosls,138.10681796527362,0.0009706592573352183,0.0008277769867508852,0.0010775948165552413
mlp_V0-fosls,138.3064733911921,0.0009706444753610787,0.0008275264240154453,0.0010770526009407275
mlp_V0-fosls,138.50612881711058,0.0009698223729584993,0.0008272757853903411,0.0010769569164477781
mlp_V0-fosls,138.70578424302903,0.0009690227897771066,0.0008274527960741929,0.001076936567214928
mlp_V0-fosls,138.9054396689475,0.0009686050118236517,0.0008276428237912563,0.001076898595568736
mlp_V0-fosls,139.105095094866,0.0009686713707297142,0.000827811293774047,0.0010767271285039117
mlp_V0-fosls,139.30475052078447,0.0009696319106673192,0.0008279110068581894,0.0010765556341288832
mlp_V0-fosls,139.50440594670292,0.000971525545398675,0.0008280107079343964,0.0010764158526333251
mlp_V0-fosls,139.7040613726214,0.0009733979293846792,0.0008276443547376871,0.001076328111909963
mlp_V0-fosls,139.90371679853988,0.0009720846452999658,0.0008268230297374769,0.0010762403640335195
mlp_V0-fosls,140.10337222445835,0.000969870324236694,0.0008260008880620884,0.0010757493527774405
mlp_V0-fosls,140.3030276503768,0.0009676910110943642,0.0008260564034888192,0.0010750313032696587
mlp_V0-fosls,140.50268307629528,0.0009675060936880672,0.0008263687520838949,0.0010743127738318294
mlp_V0-fosls,140.70233850221376,0.0009666162046773109,0.0008267061593069868,0.0010742171313040472
mlp_V0-fosls,140.90199392813224,0.0009658407422196314,0.0008276267533597086,0.0010741893799736668
mlp_V0-fosls,141.10164935405072,0.0009658811640976984,0.0008285463245451969,0.0010741898282362698
mlp_V0-fosls,141.30130477996917,0.0009666048267311176,0.0008294733311256036,0.0010743344807419629
mlp_V0-fosls,141.50096020588765,0.0009671367804368438,0.0008304181558567256,0.0010744791137737109
mlp_V0-fosls,141.70061563180613,0.0009666817687566455,0.0008313619068157773,0.0010743496810425115
mlp_V0-fosls,141.9002710577246,0.0009658626962188016,0.0008308503975204233,0.001073850134397733
mlp_V0-fosls,142.09992648364306,0.0009654270240697314,0.000829270851177699,0.0010733503552596013
mlp_V0-fosls,142.29958190956154,0.000966358476125353,0.0008276882904609228,0.0010735969546823742
mlp_V0-fosls,142.49923733548002,0.0009672943615841834,0.0008270636914070262,0.0010741827385859748
mlp_V0-fosls,142.6988927613985,0.0009673003165036899,0.0008266158952235055,0.0010747682032181923
mlp_V0-fosls,142.89854818731695,0.0009661571292144428,0.0008262554967987784,0.0010746226120382084
mlp_V0-fosls,143.09820361323543,0.0009653540477549868,0.0008265996359866332,0.001074437287390362
mlp_V0-fosls,143.2978590391539,0.000965625483163626,0.0008269436319582326,0.0010742061946560763
mlp_V0-fosls,143.49751446507238,0.0009663457375972608,0.0008281872302633212,0.0010738034102348597
mlp_V0-fosls,143.69716989099084,0.0009665959697104944,0.0008309075274506725,0.0010734004746722169
mlp_V0-fosls,143.89682531690931,0.0009667854826149962,0.0008336189477076138,0.0010732386821814624
mlp_V0-fosls,144.0964807428278,0.000967056124722393,0.0008332485561511671,0.0010733467230285706
mlp_V0-fosls,144.29613616874627,0.0009675986331296776,0.0008311714723503209,0.0010734547530016063
mlp_V0-fosls,144.49579159466472,0.0009678092826596017,0.0008290891849312691,0.0010733220044893902
mlp_V0-fosls,144.6954470205832,0.0009679699850157096,0.0008283385535125812,0.0010731018617259709
mlp_V0-fosls,144.89510244650168,0.0009677830309544277,0.0008277163213839057,0.0010728816737918339
mlp_V0-fosls,145.09475787242016,0.0009674731466235748,0.0008270658688565284,0.0010735597473264238
mlp_V0-fosls,145.2944132983386,0.0009678324562910807,0.0008262887188430014,0.0010742416296964943
mlp_V0-fosls,145.4940687242571,0.0009689132407961304,0.0008255108372074909,0.001074710361310694
mlp_V0-fosls,145.69372415017557,0.0009697771020645918,0.0008251763017606676,0.0010745618375305325
mlp_V0-fosls,145.89337957609405,0.0009690229387287787,0.000825387207109145,0.001074413293218874
mlp_V0-fosls,146.0930350020125,0.0009681348862642526,0.000825598058580237,0.001074584331130443
mlp_V0-fosls,146.29269042793098,0.0009674066251631417,0.000825609731032725,0.0010750539038635561
mlp_V0-fosls,146.49234585384946,0.0009677292352539387,0.0008255425393292185,0.0010755232715815514
mlp_V0-fosls,146.69200127976794,0.0009679692698835499,0.0008254753421564693,0.0010763122253890651
mlp_V0-fosls,146.8916567056864,0.0009681213490345278,0.0008259402077534186,0.0010771919813550245
mlp_V0-fosls,147.09131213160487,0.0009678172199508684,0.0008264129445320066,0.001078006754390604
mlp_V0-fosls,147.29096755752335,0.0009672704054705442,0.0008265804045595498,0.0010772522343991788
mlp_V0-fosls,147.49062298344182,0.0009671523030690815,0.0008258521693628672,0.001076497185562639
mlp_V0-fosls,147.6902784093603,0.0009674080743251035,0.0008251232914424843,0.0010759287807616499
mlp_V0-fosls,147.88993383527875,0.0009675900585993723,0.0008248251823505325,0.0010757946059581783
mlp_V0-fosls,148.08958926119723,0.0009666843455105453,0.0008249210302753862,0.0010756604144181257
mlp_V0-fosls,148.2892446871157,0.0009659508971565336,0.0008250168670649226,0.0010757317133312416
mlp_V0-fosls,148.4889001130342,0.0009653156640952505,0.0008248389899293432,0.0010759626297769337
mlp_V0-fosls,148.68855553895264,0.0009653251066098598,0.0008245885081861636,0.0010761934966753983
mlp_V0-fosls,148.88821096487112,0.0009650461198650119,0.0008243482824927523,0.0010758099311811702
mlp_V0-fosls,149.0878663907896,0.0009646794960730869,0.0008242735351928457,0.0010752948381918574
mlp_V0-fosls,149.28752181670808,0.000964130728986403,0.000824198781114042,0.001074829628023532
mlp_V0-fosls,149.48717724262653,0.0009636791681662655,0.0008242324187212231,0.0010748940075999784
mlp_V0-fosls,149.686832668545,0.0009635634334864483,0.0008244890339248125,0.0010749583833207128
mlp_V0-fosls,149.8864880944635,0.0009635287177675965,0.000824745569283948,0.0010748784884451266
mlp_V0-fosls,150.08614352038197,0.0009633738242187765,0.0008253985274791546,0.0010745279262405767
mlp_V0-fosls,150.28579894630042,0.0009632958849148438,0.0008263199649782314,0.001074177249628602
mlp_V0-fosls,150.4854543722189,0.0009634732218976958,0.0008272403761171806,0.0010745813678305403
mlp_V0-fosls,150.68510979813738,0.0009636386607288017,0.0008279179696762321,0.001075468918125924
mlp_V0-fosls,150.88476522405585,0.0009633262940399877,0.0008285569239384655,0.0010763557365580099
mlp_V0-fosls,151.0844206499743,0.0009633104065730328,0.0008287907635817879,0.0010760837400866717
mlp_V0-fosls,151.28407607589278,0.0009634264277310002,0.0008263513452022219,0.0010756396085481003
mlp_V0-fosls,151.48373150181126,0.0009636831506928303,0.0008239047042204336,0.001075310492438699
mlp_V0-fosls,151.68338692772974,0.0009637711672764043,0.0008225415285250404,0.0010757381197775062
mlp_V0-fosls,151.8830423536482,0.0009638546262811913,0.0008228128464208622,0.0010761655771934588
mlp_V0-fosls,152.08269777956667,0.000964240771582472,0.0008230840748806241,0.0010762883464344754
mlp_V0-fosls,152.28235320548515,0.0009647627405470655,0.0008233664291447156,0.0010759419025201424
mlp_V0-fosls,152.48200863140363,0.0009653052434661434,0.0008236542529896715,0.0010755953470179525
mlp_V0-fosls,152.68166405732208,0.0009647893291380852,0.0008239419762904591,0.0010752509751567562
mlp_V0-fosls,152.88131948324056,0.0009642104062697202,0.0008229257620594008,0.0010749077010116961
mlp_V0-fosls,153.08097490915904,0.0009637106500429571,0.0008218203275327133,0.0010745643172062546
mlp_V0-fosls,153.28063033507752,0.0009637929696912256,0.000820871389887869,0.001074718756999638
mlp_V0-fosls,153.48028576099597,0.0009638913182327979,0.0008205322727008472,0.0010749208225487778
mlp_V0-fosls,153.67994118691445,0.0009637460624549366,0.0008201930153023696,0.001074929668710272
mlp_V0-fosls,153.87959661283293,0.0009633113391984642,0.0008199435239442397,0.0010740220183986715
mlp_V0-fosls,154.0792520387514,0.0009629048767410315,0.0008197938480454776,0.0010731136003875536
mlp_V0-fosls,154.27890746466989,0.0009624711974690378,0.0008196441448142755,0.0010724482999645826
mlp_V0-fosls,154.47856289058834,0.0009620227371764877,0.0008197010050829569,0.001072098715703112
mlp_V0-fosls,154.67821831650681,0.0009615492659503763,0.0008198296195223778,0.0010717490174138725
mlp_V0-fosls,154.8778737424253,0.0009618552283570012,0.0008199531783049481,0.0010718778130710573
mlp_V0-fosls,155.07752916834377,0.0009623033338966465,0.0008196298998127817,0.001072214497935562
mlp_V0-fosls,155.27718459426222,0.0009632641471046467,0.0008193064937627648,0.0010725510771112145
mlp_V0-fosls,155.4768400201807,0.000963965005404067,0.0008192941510762348,0.0010725935892172348
mlp_V0-fosls,155.67649544609918,0.0009640741202076909,0.0008200815563130893,0.0010726234823438302
mlp_V0-fosls,155.87615087201766,0.0009638016753435326,0.0008208682062438947,0.0010725827692246587
mlp_V0-fosls,156.0758062979361,0.0009638164008937162,0.0008210840356117803,0.0010722939917660013
mlp_V0-fosls,156.2754617238546,0.0009640479424101567,0.0008208306330046385,0.0010720051365162827
mlp_V0-fosls,156.47511714977307,0.0009636265111372212,0.0008205771521441869,0.0010720349245847524
mlp_V0-fosls,156.67477257569155,0.0009630154493640915,0.0008209212185977449,0.0010724046278540987
mlp_V0-fosls,156.87442800161,0.0009631784611190176,0.0008213991089238469,0.0010727742037149944
mlp_V0-fosls,157.07408342752848,0.0009640684805761845,0.000821782510529353,0.001073854972968295
mlp_V0-fosls,157.27373885344696,0.0009646570373396102,0.0008211503109065083,0.0010751758570204564
mlp_V0-fosls,157.47339427936544,0.0009640553090350624,0.0008205176241810923,0.0010764786152405348
mlp_V0-fosls,157.6730497052839,0.0009628322639130034,0.0008198522562530553,0.001076018941067422
mlp_V0-fosls,157.87270513120237,0.0009621979862188782,0.0008191273976084399,0.0010755590704380365
mlp_V0-fosls,158.07236055712085,0.0009623978505722258,0.0008184018969566997,0.0010750354883571232
mlp_V0-fosls,158.27201598303932,0.0009628003507936485,0.0008183701121589721,0.0010743413882839713
mlp_V0-fosls,158.47167140895777,0.0009622239660904695,0.0008187596388676305,0.0010736468394833669
mlp_V0-fosls,158.67132683487625,0.0009614996461017499,0.0008191489803461988,0.001073117337567396
mlp_V0-fosls,158.87098226079473,0.0009608577131474604,0.0008190944344330533,0.0010727319352181817
mlp_V0-fosls,159.0706376867132,0.000961423132789272,0.0008189858109993311,0.0010723463943549927
mlp_V0-fosls,159.27029311263166,0.0009623449849740239,0.0008188477230202836,0.0010724536614997076
mlp_V0-fosls,159.46994853855014,0.0009632379150740012,0.0008185542057956883,0.001072687309897508
mlp_V0-fosls,159.66960396446862,0.0009635044568061933,0.0008182605832839053,0.0010728982315562252
mlp_V0-fosls,159.8692593903871,0.0009628022132589298,0.0008183224289671379,0.001072742883874803
mlp_V0-fosls,160.06891481630555,0.0009616150000384932,0.0008188593557186344,0.0010725875136936766
mlp_V0-fosls,160.26857024222403,0.0009608165145164462,0.0008193959306374409,0.0010725158143899593
mlp_V0-fosls,160.4682256681425,0.0009604470167553648,0.0008194221629060698,0.0010726212576549006
mlp_V0-fosls,160.667881094061,0.0009605117608267285,0.0008192264559769863,0.001072726690555336
mlp_V0-fosls,160.86753651997947,0.0009604240895824516,0.0008190307022838425,0.0010722677582487405
mlp_V0-fosls,161.06719194589792,0.0009603234661158231,0.000819258284010349,0.00107140644216276
mlp_V0-fosls,161.2668473718164,0.0009604585320449502,0.0008195006332459639,0.0010705444330974532
mlp_V0-fosls,161.46650279773488,0.00096125837135204,0.0008196464784012563,0.0010702401009089
mlp_V0-fosls,161.66615822365335,0.0009619149899216724,0.0008194783166795943,0.0010700367754575902
mlp_V0-fosls,161.8658136495718,0.0009618070167065565,0.0008193101204430847,0.0010699574752741756
mlp_V0-fosls,162.06546907549028,0.0009609636814609098,0.0008192295537800631,0.0010708906806106877
mlp_V0-fosls,162.26512450140876,0.0009601248524888238,0.0008192354852017051,0.0010718230734326239
mlp_V0-fosls,162.46477992732724,0.0009596981135533457,0.0008192414165804027,0.0010725788679639252
mlp_V0-fosls,162.6644353532457,0.0009594613512057922,0.0008196697426849562,0.0010730368648107253
mlp_V0-fosls,162.86409077916417,0.0009596895859933826,0.0008202226122001337,0.0010734946662573066
mlp_V0-fosls,163.06374620508265,0.0009602929854129179,0.0008207354260537367,0.0010728214209074249
mlp_V0-fosls,163.26340163100113,0.0009608960273970266,0.0008203052343986507,0.0010714953702503998
mlp_V0-fosls,163.46305705691958,0.0009612666589971042,0.0008198748170202825,0.00107016767647797
mlp_V0-fosls,163.66271248283806,0.0009610865639139686,0.0008196288919393621,0.0010710159800775545
mlp_V0-fosls,163.86236790875654,0.0009608747799420025,0.0008197949594042036,0.001072111808553476
mlp_V0-fosls,164.06202333467502,0.0009607676818135242,0.0008199609932352473,0.0010728693238583296
mlp_V0-fosls,164.26167876059347,0.0009608220738212078,0.0008195837460093603,0.0010718577506191808
mlp_V0-fosls,164.46133418651195,0.000960848628843481,0.0008188091944061101,0.0010708452217984587
mlp_V0-fosls,164.66098961243043,0.0009608826612328186,0.0008180339094226047,0.001070314675034948
mlp_V0-fosls,164.8606450383489,0.0009609234881838822,0.0008179824964977065,0.0010704475911704695
mlp_V0-fosls,165.06030046426736,0.0009611703447420224,0.000818064867883579,0.00107058049080401
mlp_V0-fosls,165.25995589018584,0.0009613956353262396,0.0008181682630032578,0.001070311804993594
mlp_V0-fosls,165.45961131610431,0.0009615133774024871,0.0008184403767697585,0.0010698569935334984
mlp_V0-fosls,165.6592667420228,0.0009613036920533272,0.000818712400094368,0.00106940198864432
mlp_V0-fosls,165.85892216794124,0.0009611184726764137,0.0008191562660844399,0.001069880988510628
mlp_V0-fosls,166.05857759385972,0.0009609044670538622,0.0008198835941084371,0.0010704131682731813
mlp_V0-fosls,166.2582330197782,0.000960791966921897,0.0008206102774831275,0.0010707799922899117
mlp_V0-fosls,166.45788844569668,0.0009607968762969627,0.0008206810610127069,0.0010705171907363499
mlp_V0-fosls,166.65754387161513,0.0009610541976735795,0.0008203921071212831,0.0010702543246517203
mlp_V0-fosls,166.8571992975336,0.0009610365538136351,0.0008201030514202806,0.0010701750224079622
mlp_V0-fosls,167.0568547234521,0.0009609097746715808,0.000819629324798365,0.0010703026529098158
mlp_V0-fosls,167.25651014937057,0.0009604569311616296,0.0008191380034273896,0.0010704302681939148
mlp_V0-fosls,167.45616557528905,0.0009601828173769425,0.0008186899165776765,0.001070462189189039
mlp_V0-fosls,167.6558210012075,0.0009599449707243572,0.0008184362659784571,0.0010704588360236304
mlp_V0-fosls,167.85547642712598,0.0009597465415595367,0.0008181825367432114,0.0010704554828477179
mlp_V0-fosls,168.05513185304446,0.0009594525646594628,0.0008185359608709516,0.0010702187779133901
mlp_V0-fosls,168.25478727896294,0.0009595516822932681,0.0008196305251005276,0.001069979891573342
mlp_V0-fosls,168.4544427048814,0.0009600160462993139,0.0008207236295576004,0.0010697523588453666
mlp_V0-fosls,168.65409813079987,0.0009605344693906879,0.0008204633153337151,0.0010695587446241076
mlp_V0-fosls,168.85375355671835,0.0009605767401661941,0.0008196719890702794,0.0010693650953479672
mlp_V0-fosls,169.05340898263682,0.0009603157688020362,0.0008188798981074484,0.0010692802524369562
mlp_V0-fosls,169.25306440855528,0.0009599822511454669,0.0008189254182213312,0.0010692984898925122
mlp_V0-fosls,169.45271983447375,0.0009594353498663714,0.0008189816660564605,0.0010693167270370242
mlp_V0-fosls,169.65237526039223,0.0009593057936222373,0.000819158286475833,0.0010693029098739924
mlp_V0-fosls,169.8520306863107,0.0009593048885551768,0.0008196847262098863,0.0010692798660688616
mlp_V0-fosls,170.05168611222916,0.0009594474236932996,0.0008202108280567438,0.001069267418240945
mlp_V0-fosls,170.25134153814764,0.000959458023329421,0.0008202836630120593,0.0010695217282935868
mlp_V0-fosls,170.45099696406612,0.0009596251513605343,0.0008199458381693885,0.0010697759778909536
mlp_V0-fosls,170.6506523899846,0.0009599855281554226,0.0008196078740825519,0.0010699470202566919
mlp_V0-fosls,170.85030781590305,0.0009604085425604406,0.0008193532896708785,0.0010699246991844138
mlp_V0-fosls,171.04996324182153,0.0009604060602352357,0.000819120575650479,0.0010699023776464573
mlp_V0-fosls,171.24961866774,0.0009603446532588447,0.00081891586736547,0.0010699367012371435
mlp_V0-fosls,171.4492740936585,0.0009602853521332253,0.0008191459512031915,0.0010700148934998852
mlp_V0-fosls,171.64892951957694,0.0009601886483995492,0.0008193759704325132,0.0010700930800490774
mlp_V0-fosls,171.84858494549542,0.0009597707314840772,0.0008195731370565597,0.0010708361437761782
mlp_V0-fosls,172.0482403714139,0.0009594669297168764,0.0008197034293225302,0.0010717191447329473
mlp_V0-fosls,172.24789579733238,0.0009594383125896833,0.0008198337008817717,0.001072389669274223
mlp_V0-fosls,172.44755122325083,0.0009595912021578636,0.0008197185240041812,0.0010708743077115599
mlp_V0-fosls,172.6472066491693,0.0009595044866924055,0.0008194379034996111,0.0010693567987661312
mlp_V0-fosls,172.84686207508778,0.0009594612582392403,0.0008191571868622544,0.001068440728294589
mlp_V0-fosls,173.04651750100626,0.0009594876029355548,0.0008191638728578252,0.0010686428026429127
mlp_V0-fosls,173.24617292692474,0.0009599897470074475,0.0008192152200842619,0.001068844838787336
mlp_V0-fosls,173.4458283528432,0.0009602926297024056,0.0008192775868460949,0.0010689625850017687
mlp_V0-fosls,173.64548377876167,0.0009605203418537893,0.0008194113638187417,0.0010690270927045894
mlp_V0-fosls,173.84513920468015,0.00096052794911809,0.0008195451189545452,0.0010690915965150928
mlp_V0-fosls,174.04479463059863,0.0009604525356097134,0.0008196188154849783,0.0010688157224992409
mlp_V0-fosls,174.24445005651708,0.000960342769204331,0.0008196033786274113,0.0010684912561438145
mlp_V0-fosls,174.44410548243556,0.0009603025580844245,0.0008195879414790928,0.0010682130989658801
mlp_V0-fosls,174.64376090835404,0.0009603820659957252,0.000819759485542327,0.0010682274837584516
mlp_V0-fosls,174.84341633427252,0.0009602687947592438,0.0008200226839722587,0.0010682418683573196
mlp_V0-fosls,175.04307176019097,0.0009598810403186512,0.0008202857979518559,0.001068249389253259
mlp_V0-fosls,175.24272718610945,0.000959418874725652,0.0008195895101716822,0.0010682465908065837
mlp_V0-fosls,175.44238261202793,0.000959160879751866,0.0008188309485460581,0.0010682437923525776
mlp_V0-fosls,175.6420380379464,0.0009591676269588613,0.0008183118635897367,0.0010686238663387352
mlp_V0-fosls,175.84169346386486,0.0009592809467683377,0.0008187081545557228,0.0010691997670103307
mlp_V0-fosls,176.04134888978334,0.0009596181531777978,0.0008191042537921329,0.0010697753576527848
mlp_V0-fosls,176.24100431570182,0.0009598866971073624,0.0008193354528378702,0.0010695929475465571
mlp_V0-fosls,176.4406597416203,0.000960110091081015,0.0008193853401426251,0.001069347806528661
mlp_V0-fosls,176.64031516753874,0.0009603527732887712,0.0008194352244102353,0.0010691145673954164
mlp_V0-fosls,176.83997059345722,0.0009606467313711286,0.0008191654072362393,0.0010689335217763504
mlp_V0-fosls,177.0396260193757,0.0009604089826574208,0.0008187859291961791,0.0010687524454883342
mlp_V0-fosls,177.23928144529418,0.0009599920807466837,0.0008184111866069209,0.0010685618591429317
mlp_V0-fosls,177.43893687121263,0.0009596995208739762,0.0008183888354860795,0.001068359562069352
mlp_V0-fosls,177.6385922971311,0.000960876342105696,0.000818366483754787,0.0010681572266829618
mlp_V0-fosls,177.8382477230496,0.000962071947093682,0.0008183633147979379,0.001068271957659003
mlp_V0-fosls,178.03790314896807,0.0009624399981712371,0.0008184089327991726,0.0010685157190794604
mlp_V0-fosls,178.23755857488652,0.0009612153417436606,0.0008184545482578078,0.0010687594249030948
mlp_V0-fosls,178.437214000805,0.0009597936352069927,0.0008187344622472898,0.0010685074175498736
mlp_V0-fosls,178.63686942672348,0.0009591291298167897,0.0008192053400573109,0.0010682413617600064
mlp_V0-fosls,178.83652485264196,0.0009590524219152946,0.0008196759473630234,0.0010681366345142139
mlp_V0-fosls,179.0361802785604,0.0009590697734374692,0.0008194373741229896,0.0010685575975662087
mlp_V0-fosls,179.2358357044789,0.0009591613249711614,0.0008190417228201291,0.0010689783948432186
mlp_V0-fosls,179.43549113039737,0.000959054814803628,0.0008186772957052936,0.0010688715773898457
mlp_V0-fosls,179.63514655631585,0.0009589071403207854,0.0008186530948350943,0.0010682315310530808
mlp_V0-fosls,179.83480198223432,0.0009587987815416078,0.0008186288932494523,0.0010675911009933351
mlp_V0-fosls,180.03445740815278,0.0009589895115098628,0.0008186810208002671,0.0010677284564532315
mlp_V0-fosls,180.23411283407125,0.0009590841746452714,0.0008188729303865732,0.001068112064796012
mlp_V0-fosls,180.43376825998973,0.0009589864302779061,0.0008190647950078308,0.0010684853380725128
mlp_V0-fosls,180.6334236859082,0.0009587788443893637,0.0008188097840239552,0.0010684131564280927
mlp_V0-fosls,180.83307911182666,0.0009586248233471538,0.0008182819603302402,0.0010683409699067752
mlp_V0-fosls,181.03273453774514,0.0009585281830462589,0.0008177537959498844,0.0010683363767776614
mlp_V0-fosls,181.23238996366362,0.0009584523832452262,0.0008180358486883198,0.0010685013848147108
mlp_V0-fosls,181.4320453895821,0.000958571465324804,0.0008184181550615372,0.001068666367373601
mlp_V0-fosls,181.63170081550055,0.0009588171515970979,0.0008187369469206441,0.0010686756079041756
mlp_V0-fosls,181.83135624141903,0.000959051933876402,0.0008187169796957059,0.0010685558228130598
mlp_V0-fosls,182.0310116673375,0.000959159835809653,0.0008186970119837863,0.0010684360242925316
mlp_V0-fosls,182.230667093256,0.0009590912323004883,0.000818875903863746,0.0010683387099982209
mlp_V0-fosls,182.43032251917444,0.0009590528923297856,0.0008193223030025382,0.001068246677372389
mlp_V0-fosls,182.62997794509292,0.000959157918352323,0.0008197684590578605,0.0010681616739303828
mlp_V0-fosls,182.8296333710114,0.0009594300500274822,0.0008199795753047968,0.0010681681087281977
mlp_V0-fosls,183.02928879692988,0.0009590383088771865,0.0008200874671768168,0.0010681745434872488
mlp_V0-fosls,183.22894422284833,0.0009582097198221707,0.0008201953448562959,0.001068186043781416
mlp_V0-fosls,183.4285996487668,0.00095728603040223,0.0008200043009493435,0.0010682076410151672
mlp_V0-fosls,183.62825507468528,0.0009573760474898346,0.0008198015860465316,0.00106822923781227
mlp_V0-fosls,183.82791050060376,0.0009576545556595425,0.0008196082928801422,0.0010679642910225373
mlp_V0-fosls,184.02756592652221,0.0009578637173318266,0.0008194464652790949,0.001067505466386221
mlp_V0-fosls,184.2272213524407,0.0009578494022338647,0.0008192846057133656,0.0010670464444576231
mlp_V0-fosls,184.42687677835917,0.0009578104433700784,0.0008191841676252589,0.0010675934208043123
mlp_V0-fosls,184.62653220427765,0.0009580075338972839,0.0008191454276925023,0.0010683056989288608
mlp_V0-fosls,184.8261876301961,0.0009583844393654128,0.0008191066859275272,0.0010688912708257288
mlp_V0-fosls,185.02584305611458,0.0009587417861875926,0.0008191914675043961,0.0010685608554415853
mlp_V0-fosls,185.22549848203306,0.0009586724902351696,0.0008193136836901069,0.0010682303378563367
mlp_V0-fosls,185.42515390795154,0.0009585226079508514,0.0008194463589241106,0.0010680776447652412
mlp_V0-fosls,185.62480933387,0.000958414873594474,0.0008198590442595926,0.001068211158230673
mlp_V0-fosls,185.82446475978847,0.0009587127667608795,0.0008202715219697212,0.0010683446550106231
mlp_V0-fosls,186.02412018570695,0.0009590744579575295,0.0008204375620762172,0.0010685891334520617
mlp_V0-fosls,186.22377561162543,0.0009593105335043701,0.000820038614753862,0.0010688944137261724
mlp_V0-fosls,186.4234310375439,0.0009592547797018913,0.0008196394732498544,0.0010691996068359767
mlp_V0-fosls,186.62308646346236,0.0009590328590931899,0.0008195319724846082,0.0010693363846804155
mlp_V0-fosls,186.82274188938084,0.0009587334914061192,0.0008196445567657149,0.0010694561003852282
mlp_V0-fosls,187.02239731529932,0.0009583640500569274,0.0008197571255846564,0.0010694744671373708
mlp_V0-fosls,187.2220527412178,0.0009579736162803238,0.0008197360834065387,0.0010689974345929785
mlp_V0-fosls,187.42170816713625,0.0009579829073441759,0.0008196875329032884,0.0010685201890811306
mlp_V0-fosls,187.62136359305472,0.0009580820132410611,0.0008196217512368391,0.0010682222154319602
mlp_V0-fosls,187.8210190189732,0.0009581463160449706,0.0008193940412579253,0.0010681601714026183
mlp_V0-fosls,188.02067444489168,0.0009579459422754987,0.0008191662679807113,0.0010680981237692426
mlp_V0-fosls,188.22032987081013,0.0009580266010557909,0.0008189653728272019,0.0010679575113975268
mlp_V0-fosls,188.4199852967286,0.0009580520434538148,0.0008188114230292449,0.001067782274701225
mlp_V0-fosls,188.6196407226471,0.0009578722197444544,0.000818657444280791,0.0010676070092416245
mlp_V0-fosls,188.81929614856557,0.0009573790799129332,0.0008186635635247561,0.0010681353251256345
mlp_V0-fosls,189.01895157448402,0.0009571236265657929,0.0008187629039360818,0.0010686949492689018
mlp_V0-fosls,189.2186070004025,0.0009572235451896732,0.0008188622322959087,0.001069150952823751
mlp_V0-fosls,189.41826242632098,0.0009575209759637415,0.000818803074191784,0.0010692344410037822
mlp_V0-fosls,189.61791785223946,0.0009578184092956922,0.0008187264289873514,0.0010693179226653813
mlp_V0-fosls,189.8175732781579,0.0009581203655415209,0.000818642840046219,0.0010691140633176353
mlp_V0-fosls,190.0172287040764,0.0009583670605253086,0.000818525177175137,0.0010685958697625058
mlp_V0-fosls,190.21688412999487,0.0009583983088931227,0.0008184074973876031,0.001068077424798141
mlp_V0-fosls,190.41653955591335,0.0009584034824411534,0.0008184271877819701,0.0010681759838012809
mlp_V0-fosls,190.6161949818318,0.0009584697928054184,0.0008186238393818874,0.0010684934065756841
mlp_V0-fosls,190.81585040775028,0.0009585118310852126,0.0008188204437530736,0.0010688108676663367
mlp_V0-fosls,191.01550583366875,0.0009583747454171426,0.0008191057656280503,0.0010692847270569812
mlp_V0-fosls,191.21516125958723,0.0009582772697084155,0.0008194280681177122,0.0010697583765472362
mlp_V0-fosls,191.41481668550568,0.000958352419691918,0.0008197502438872081,0.0010701786891557132
mlp_V0-fosls,191.61447211142416,0.0009585328309475436,0.000819472154654659,0.0010704505358831685
mlp_V0-fosls,191.81412753734264,0.0009587526606789057,0.0008191775839855919,0.001070722313591197
mlp_V0-fosls,192.01378296326112,0.0009587364282389189,0.0008188995258036785,0.001070575533328636
mlp_V0-fosls,192.2134383891796,0.0009586690697853551,0.0008186734213917889,0.0010700521032090406
mlp_V0-fosls,192.41309381509805,0.0009585950522865492,0.0008184472545162489,0.0010695284169213502
mlp_V0-fosls,192.61274924101653,0.0009587303404597677,0.0008184403296417075,0.001069432339448756
mlp_V0-fosls,192.812404666935,0.0009587036718646555,0.000818643931066855,0.0010694515222648255
mlp_V0-fosls,193.0120600928535,0.0009584369332301429,0.0008188474818677531,0.0010694612962024398
mlp_V0-fosls,193.21171551877194,0.0009580098521836304,0.0008186706302955605,0.001069292889353681
mlp_V0-fosls,193.41137094469042,0.0009581407984443023,0.0008183853122113692,0.0010691244559777335
mlp_V0-fosls,193.6110263706089,0.0009583746891360907,0.0008181152964090814,0.0010689072194987707
mlp_V0-fosls,193.81068179652738,0.000958544015480615,0.0008181595060377842,0.0010685828223945333
mlp_V0-fosls,194.01033722244583,0.0009581060648067687,0.0008182037132777282,0.0010682583267809058
mlp_V0-fosls,194.2099926483643,0.0009581553266510435,0.0008182700620234173,0.0010680595590087853
mlp_V0-fosls,194.40964807428279,0.0009583421865859082,0.0008183846603160757,0.0010679536274341933
mlp_V0-fosls,194.60930350020126,0.0009586527394361546,0.0008184992425637975,0.0010678476853510817
mlp_V0-fosls,194.80895892611971,0.0009586990749441667,0.0008185332818992205,0.0010680229436818755
mlp_V0-fosls,195.0086143520382,0.0009587252972670071,0.0008185097767545053,0.001068252483676845
mlp_V0-fosls,195.20826977795667,0.0009588357292299712,0.0008184862709347734,0.0010684781132488548
mlp_V0-fosls,195.40792520387515,0.0009590696951493147,0.0008184217151454108,0.0010686689588999686
mlp_V0-fosls,195.6075806297936,0.0009593216020698926,0.0008183500108559879,0.0010688597704754598
mlp_V0-fosls,195.80723605571208,0.0009592721537791047,0.0008182873825429001,0.0010690704700931876
mlp_V0-fosls,196.00689148163056,0.0009590973996210497,0.0008182915778669965,0.0010693162329699268
mlp_V0-fosls,196.20654690754904,0.0009589442192210666,0.000818295773169584,0.0010695619393755185
mlp_V0-fosls,196.4062023334675,0.0009591264924405925,0.000818360536418511,0.0010694774020873021
mlp_V0-fosls,196.60585775938597,0.0009593000522738603,0.0008185209827343583,0.001069193983814947
mlp_V0-fosls,196.80551318530445,0.0009594303992549215,0.0008186813976057147,0.0010689104903951264
mlp_V0-fosls,197.00516861122293,0.0009595175964919237,0.0008189198696648024,0.0010689612799107025
mlp_V0-fosls,197.20482403714138,0.0009594879666381251,0.0008191991822500029,0.0010690546795922874
mlp_V0-fosls,197.40447946305986,0.0009592578673443189,0.0008194783996337732,0.0010691397904071926
mlp_V0-fosls,197.60413488897834,0.0009588792848677923,0.0008185659673648133,0.00106917784897219
mlp_V0-fosls,197.80379031489682,0.0009587601334743462,0.0008175549550376971,0.0010692159061824991
mlp_V0-fosls,198.00344574081527,0.0009589039369422316,0.0008167853815984347,0.001069281673752805
mlp_V0-fosls,198.20310116673375,0.0009590736352793586,0.0008170271281978943,0.001069387046688768
mlp_V0-fosls,198.40275659265222,0.0009590247236852458,0.0008172688032891602,0.0010694924092427445
mlp_V0-fosls,198.6024120185707,0.0009587506313276728,0.0008173742910224113,0.0010696284575382581
mlp_V0-fosls,198.80206744448918,0.0009585938389761722,0.0008173209815313547,0.0010697793783901097
mlp_V0-fosls,199.00172287040763,0.0009585895131260004,0.0008172676685629773,0.0010699302779535616
mlp_V0-fosls,199.2013782963261,0.0009586313038520682,0.0008172079954658891,0.0010695237873378522
mlp_V0-fosls,199.4010337222446,0.0009586885822044451,0.0008171459643635397,0.0010690788465515
mlp_V0-fosls,199.60068914816307,0.0009587941787715707,0.0008170839285519338,0.0010686534709880232
mlp_V0-fosls,199.80034457408152,0.0009589355920252117,0.0008170072881265177,0.0010683076663920892
mlp_V0-fosls,200.0,0.0009590008087636884,0.0008169306128378745,0.0010679617498250919
mlp_V0-pinn,1.1708552837371826,0.3830257133413006,0.21220053370113834,0.4565860829930514
mlp_V0-pinn,1.3698834566263347,0.3598253614300812,0.20246072316117286,0.4544702921321215
mlp_V0-pinn,1.5689116295154866,0.326762961868314,0.1920036093470812,0.45230803373210965
mlp_V0-pinn,1.7679398024046384,0.2899547822844415,0.18094316119065695,0.4501353888848983
mlp_V0-pinn,1.9669679752937905,0.26404711675111536,0.16916107460355514,0.4479522064623747
mlp_V0-pinn,2.1659961481829426,0.24989903779595174,0.13638272409000746,0.4457583316354966
mlp_V0-pinn,2.3650243210720943,0.2371393315420191,0.07971110919285256,0.4436834038005288
mlp_V0-pinn,2.5640524939612463,0.2483760719485581,0.0747383932569699,0.44307151178161197
mlp_V0-pinn,2.7630806668503984,0.25912599960057064,0.06941033009943193,0.44245877355620733
mlp_V0-pinn,2.9621088397395505,0.2694473867407042,0.06363772797948343,0.4418451856038303
mlp_V0-pinn,3.1611370126287026,0.27938773196723266,0.05728635893709207,0.4412307443795177
mlp_V0-pinn,3.3601651855178543,0.2889863583738753,0.05013674718355761,0.4406154463135891
mlp_V0-pinn,3.5591933584070063,0.280276256390266,0.06380447438625682,0.43955119004264304
mlp_V0-pinn,3.7582215312961584,0.27237145023431725,0.09231034269634403,0.43636686434525357
mlp_V0-pinn,3.95724970418531,0.24971345636762188,0.08747839450004054,0.43315913003088624
mlp_V0-pinn,4.156277877074462,0.2247830369031062,0.08236346058716187,0.42992746313735236
mlp_V0-pinn,4.355306049963614,0.21743261074127276,0.07690910073249597,0.4266713198591215
mlp_V0-pinn,4.554334222852766,0.2409946524910474,0.07103717274124484,0.4233901354790048
mlp_V0-pinn,4.753362395741918,0.24971736231245634,0.06785796429365389,0.41933051545147776
mlp_V0-pinn,4.9523905686310705,0.22765213860561706,0.07234516788796513,0.4130899185521761
mlp_V0-pinn,5.151418741520223,0.2032048999978386,0.07656985905300412,0.4067535868681246
mlp_V0-pinn,5.350446914409374,0.17538234390768112,0.08057334121194162,0.40031697447238784
mlp_V0-pinn,5.549475087298526,0.16641647704087117,0.08438710394790797,0.3937751638579659
mlp_V0-pinn,5.748503260187678,0.17549001188882007,0.08803580698428384,0.38712282197257414
mlp_V0-pinn,5.94753143307683,0.1772673905408727,0.05937263075930183,0.3901018908912563
mlp_V0-pinn,6.146559605965982,0.1660281239114892,0.06141451051981501,0.4098682939639903
mlp_V0-pinn,6.345587778855134,0.15397060794179948,0.06339065326604974,0.428724330446699
mlp_V0-pinn,6.544615951744286,0.1444953519662258,0.06108583049463516,0.44678527799938605
mlp_V0-pinn,6.7436441246334375,0.143719875205549,0.049318060677682886,0.46414396231881216
mlp_V0-pinn,6.94267229752259,0.14294019140309583,0.03366100905789838,0.48087644034307325
mlp_V0-pinn,7.141700470411742,0.1428336408010243,0.022024655515338665,0.4819008405311497
mlp_V0-pinn,7.340728643300894,0.14355202644109694,0.02282881297145379,0.4634061472228117
mlp_V0-pinn,7.539756816190046,0.1442668348797282,0.023605591557974048,0.4441419755699205
mlp_V0-pinn,7.738784989079198,0.14497811902864555,0.024357610800695838,0.42400345711139376
mlp_V0-pinn,7.93781316196835,0.1456859305079028,0.025087097381611398,0.402859490172039
mlp_V0-pinn,8.136841334857502,0.14639031968959848,0.02579596298165146,0.3805425153658088
mlp_V0-pinn,8.335869507746654,0.14673876551998502,0.03315544801874951,0.3655776209020411
mlp_V0-pinn,8.534897680635805,0.14676031355409982,0.04261841416822922,0.35771170303766553
mlp_V0-pinn,8.733925853524958,0.14678185842489613,0.050332640692749814,0.34966888348238456
mlp_V0-pinn,8.932954026414109,0.1468034001337667,0.05701245663884494,0.34143666127340216
mlp_V0-pinn,9.131982199303263,0.1489608100513463,0.06298782187762098,0.33300098985924714
mlp_V0-pinn,9.331010372192413,0.15968899086596033,0.06844348908243668,0.33026962437638313
mlp_V0-pinn,9.530038545081565,0.15530405828276025,0.06729613430524024,0.329683413115554
mlp_V0-pinn,9.729066717970717,0.15496921002108102,0.06291731679012877,0.32551582652274147
mlp_V0-pinn,9.92809489085987,0.15982816636501743,0.05821003188205539,0.3212941856773104
mlp_V0-pinn,10.127123063749021,0.1645437007990566,0.05308697459217648,0.317016331098744
mlp_V0-pinn,10.326151236638173,0.16912781019600306,0.04741356273252282,0.3140543498625058
mlp_V0-pinn,10.525179409527325,0.1735909067052218,0.04096175033651959,0.3125253744824045
mlp_V0-pinn,10.724207582416478,0.17648512365230037,0.03776482754526954,0.30953950026532207
mlp_V0-pinn,10.92323575530563,0.17864248320024928,0.035595039830604844,0.30593998620693635
mlp_V0-pinn,11.122263928194782,0.18077409863510574,0.033284103135892695,0.3045318265648749
mlp_V0-pinn,11.321292101083934,0.1828808701606555,0.030800262703086452,0.32368207661977444
mlp_V0-pinn,11.520320273973086,0.18496364670956864,0.02809770174938753,0.34176093992561524
mlp_V0-pinn,11.719348446862238,0.1870232299407903,0.025105885856028496,0.3589303461575664
mlp_V0-pinn,11.91837661975139,0.18525819042842878,0.02948540715216923,0.3397907286090875
mlp_V0-pinn,12.117404792640542,0.1821870542513807,0.034137709733727324,0.3108113993416102
mlp_V0-pinn,12.316432965529692,0.17906325237964127,0.03822796380660691,0.278836354646745
mlp_V0-pinn,12.515461138418845,0.17588397871538683,0.041921011530427994,0.27340391425253713
mlp_V0-pinn,12.714489311307997,0.17210602928660618,0.04531407285457031,0.26877176599552194
mlp_V0-pinn,12.913517484197149,0.14555985988132605,0.048470188668957484,0.2640583724559676
mlp_V0-pinn,13.1125456570863,0.18279086619492046,0.06007128667109708,0.2589000545068725
mlp_V0-pinn,13.311573829975453,0.20270138035937388,0.06361109444505894,0.3002814212823276
mlp_V0-pinn,13.510602002864605,0.19953553650748912,0.06696404401374882,0.35478501753753405
mlp_V0-pinn,13.709630175753757,0.19631864674316468,0.07015693155243018,0.4019650300348054
mlp_V0-pinn,13.90865834864291,0.19304815924738428,0.07321070207988348,0.4441614144347251
mlp_V0-pinn,14.107686521532061,0.18972130222655387,0.07311774040305226,0.4826829588606058
mlp_V0-pinn,14.306714694421213,0.18751632679885102,0.0737357761410019,0.4512128101865677
mlp_V0-pinn,14.505742867310365,0.1854166292273575,0.07434867453145177,0.4086972278251455
mlp_V0-pinn,14.704771040199518,0.18329288030891225,0.07495656159437643,0.36121163877629714
mlp_V0-pinn,14.90379921308867,0.18114423410597177,0.07555955828033506,0.3064543553989035
mlp_V0-pinn,15.102827385977822,0.17384894634182604,0.07615778075145804,0.23948840451774855
mlp_V0-pinn,15.301855558866974,0.11441477593143867,0.05916479941640496,0.19894726778874844
mlp_V0-pinn,15.500883731756126,0.11416164367773166,0.05828578761283329,0.194938462854061
mlp_V0-pinn,15.699911904645276,0.10969105497454944,0.0573933148137759,0.19084546952757425
mlp_V0-pinn,15.898940077534428,0.10301031532743825,0.05648674298433275,0.18666274984178394
mlp_V0-pinn,16.09796825042358,0.09697338180125115,0.05556538203452706,0.18903229058813845
mlp_V0-pinn,16.296996423312734,0.10120923517433372,0.05462848367205352,0.20808647773845737
mlp_V0-pinn,16.496024596201885,0.10369318011145015,0.05720035332310281,0.22553659913680635
mlp_V0-pinn,16.695052769091035,0.10256722695671149,0.06803052222571632,0.2141657822279474
mlp_V0-pinn,16.89408094198019,0.10142877545131598,0.06875009625101555,0.20466365493352737
mlp_V0-pinn,17.093109114869343,0.10289506596162366,0.06219098693319481,0.23118875766183072
mlp_V0-pinn,17.292137287758493,0.10791920418627823,0.05485309450637884,0.2549691583068258
mlp_V0-pinn,17.491165460647643,0.11271962857085868,0.0463681474519594,0.276713392711957
mlp_V0-pinn,17.690193633536797,0.11555078449023848,0.03834989825370213,0.2907987355585428
mlp_V0-pinn,17.889221806425947,0.11403874227851528,0.03697856668078387,0.2676421040601528
mlp_V0-pinn,18.0882499793151,0.11250638063959623,0.03555438216958706,0.24228224683010477
mlp_V0-pinn,18.28727815220425,0.10719010745128096,0.03407071747346868,0.21393708980058176
mlp_V0-pinn,18.486306325093405,0.09696921422327598,0.03251943244973374,0.18121111901768144
mlp_V0-pinn,18.685334497982556,0.08553559422101453,0.030890341282489398,0.14108813174373913
mlp_V0-pinn,18.88436267087171,0.07623959005908267,0.029330340583654163,0.11639374536790967
mlp_V0-pinn,19.08339084376086,0.07350181929600613,0.028048785477270213,0.11195680905658999
mlp_V0-pinn,19.282419016650014,0.0706580482837482,0.026705801892972565,0.10733662109223342
mlp_V0-pinn,19.481447189539164,0.06905080477786082,0.025291606171682156,0.1025084062936384
mlp_V0-pinn,19.680475362428318,0.06459600980060617,0.02379350396096051,0.09942692874268742
mlp_V0-pinn,19.87950353531747,0.061340743634274365,0.022194511004683507,0.099396204747601
mlp_V0-pinn,20.078531708206622,0.06329582108570218,0.02118796485974793,0.09944760454029332
mlp_V0-pinn,20.277559881095772,0.07516657099643376,0.02129444079075903,0.09967633938907061
mlp_V0-pinn,20.476588053984923,0.08522002570533257,0.021400386965762346,0.0999045505430449
mlp_V0-pinn,20.675616226874077,0.08381473429474535,0.021505811214125353,0.10013224158287098
mlp_V0-pinn,20.874644399763227,0.0823854755923639,0.021610721174241933,0.10286384535252424
mlp_V0-pinn,21.07367257265238,0.08093097980539471,0.021715124299990955,0.11056501756503613
mlp_V0-pinn,21.27270074554153,0.07991310516134793,0.02176900021987176,0.1142543647460486
mlp_V0-pinn,21.471728918430685,0.0794762134359751,0.021764619350900013,0.11024699422765676
mlp_V0-pinn,21.670757091319835,0.07903690674433483,0.021760237599952027,0.10608835755606205
mlp_V0-pinn,21.86978526420899,0.07859514459115585,0.021755854966494896,0.10175991097506296
mlp_V0-pinn,22.06881343709814,0.07689819775770748,0.021751471449995174,0.09723898063206247
mlp_V0-pinn,22.267841609987293,0.07514834870704981,0.02174708704991889,0.09302424673800737
mlp_V0-pinn,22.466869782876444,0.07695059597662392,0.02176043346324518,0.1075893513660184
mlp_V0-pinn,22.665897955765598,0.07592818174956824,0.021789381448373005,0.1449415446371529
mlp_V0-pinn,22.864926128654748,0.07218546891182723,0.02181829102604241,0.17447244537819384
mlp_V0-pinn,23.0639543015439,0.06589228381560755,0.021847162348723092,0.19968279102288722
mlp_V0-pinn,23.262982474433052,0.06888813555694868,0.021875995567878618,0.22204909336705947
mlp_V0-pinn,23.462010647322202,0.0716928659933951,0.021904790833975705,0.24236002702503592
mlp_V0-pinn,23.661038820211356,0.07026220679639741,0.02234710918353182,0.2327728809184993
mlp_V0-pinn,23.860066993100506,0.06612389212121135,0.02304299705968549,0.21025941797013942
mlp_V0-pinn,24.05909516598966,0.06170867454917071,0.023718476724373688,0.18502656998168007
mlp_V0-pinn,24.25812333887881,0.05830899837156984,0.024375244875829212,0.18139456623433925
mlp_V0-pinn,24.457151511767965,0.05861451756910861,0.025014775381534425,0.20142995525023463
mlp_V0-pinn,24.656179684657115,0.058918452530789964,0.02563835821616904,0.21964531655575725
mlp_V0-pinn,24.85520785754627,0.04968919029086158,0.028465859877888917,0.21121661728024832
mlp_V0-pinn,25.05423603043542,0.053262389535703614,0.0319301229312331,0.19072459379706064
mlp_V0-pinn,25.253264203324573,0.05661049943556949,0.035053677727447,0.16774767343482444
mlp_V0-pinn,25.452292376213723,0.05977135730127091,0.03792081083041034,0.14107690529118994
mlp_V0-pinn,25.651320549102877,0.06495433090837174,0.04058590230427089,0.10800974247854732
mlp_V0-pinn,25.850348721992027,0.0655989750202285,0.04220084830738145,0.10395419267919204
mlp_V0-pinn,26.04937689488118,0.06767638696723194,0.041361521312820504,0.15245984106271399
mlp_V0-pinn,26.24840506777033,0.06753072301794998,0.038887589557243765,0.19818701408552816
mlp_V0-pinn,26.447433240659485,0.06740699618818295,0.03589327422994031,0.23518542039719845
mlp_V0-pinn,26.646461413548636,0.0632968705836922,0.03262529154381222,0.2671072282486498
mlp_V0-pinn,26.845489586437786,0.05897690851436312,0.02899124284489702,0.2956016928198241
mlp_V0-pinn,27.04451775932694,0.05583518723385562,0.024830921752219272,0.31389901083917643
mlp_V0-pinn,27.24354593221609,0.07286953614691684,0.023655823256155346,0.29009578213656845
mlp_V0-pinn,27.442574105105244,0.06909961673165167,0.02310157266582015,0.2641562731056016
mlp_V0-pinn,27.641602277994394,0.06511178669530963,0.022533693557468065,0.2353752544951469
mlp_V0-pinn,27.84063045088355,0.06086322782148378,0.021951128240926168,0.20768415683215385
mlp_V0-pinn,28.0396586237727,0.05629493969305041,0.02135267469796923,0.23139595544603364
mlp_V0-pinn,28.238686796661852,0.05459360461026825,0.02073695740616265,0.25289418220766385
mlp_V0-pinn,28.437714969551003,0.05459120466740291,0.025810400973574125,0.2335047346952506
mlp_V0-pinn,28.636743142440157,0.054453850495612535,0.030377155520789022,0.2104991966443489
mlp_V0-pinn,28.835771315329307,0.05431614898498208,0.03434190380063,0.18464929583059164
mlp_V0-pinn,29.03479948821846,0.054178097487075146,0.037894077845611336,0.1545341810524463
mlp_V0-pinn,29.23382766110761,0.054039693319626325,0.0411406844241412,0.11833388905451808
mlp_V0-pinn,29.432855833996765,0.05390093376593317,0.044164300465377566,0.12315390892477203
mlp_V0-pinn,29.631884006885915,0.07467019563192961,0.04683004161066613,0.12962140148281276
mlp_V0-pinn,29.83091217977507,0.08324702011088035,0.045185621004615366,0.1630584943959573
mlp_V0-pinn,30.02994035266422,0.08222676132680742,0.04347905120732002,0.19386585247136878
mlp_V0-pinn,30.22896852555337,0.08119368324722183,0.04170270305633408,0.22040840481756727
mlp_V0-pinn,30.427996698442524,0.08014729016133125,0.03984724570808869,0.24408146401150355
mlp_V0-pinn,30.627024871331674,0.07908705356225545,0.03890135063520191,0.25987642983054937
mlp_V0-pinn,30.826053044220828,0.10727313037681735,0.03956214952518791,0.2385104580399466
mlp_V0-pinn,31.025081217109978,0.1131539592326982,0.03912471469969316,0.2150319009063027
mlp_V0-pinn,31.224109389999132,0.11874389449242696,0.03868233350783592,0.18865364618880456
mlp_V0-pinn,31.423137562888282,0.11065202277691273,0.038234834260010925,0.1833180094931357
mlp_V0-pinn,31.622165735777436,0.09869803946470898,0.03731796928278042,0.20130906241496266
mlp_V0-pinn,31.821193908666586,0.0919194162498356,0.03677936796969369,0.2169476406273544
mlp_V0-pinn,32.020222081555744,0.1043362097250984,0.03707613686437308,0.22808491666142044
mlp_V0-pinn,32.21925025444489,0.11465193633426621,0.03737054911720348,0.23870312030452837
mlp_V0-pinn,32.418278427334045,0.11377157548655928,0.03766265999444161,0.26423959763621974
mlp_V0-pinn,32.617306600223195,0.11658565933061243,0.03795252263542578,0.2998445218506345
mlp_V0-pinn,32.816334773112345,0.1219853104350051,0.038240188165437936,0.3316487744719102
mlp_V0-pinn,33.0153629460015,0.13171615130423417,0.03850295749592077,0.34780968222072933
mlp_V0-pinn,33.21439111889065,0.16974276858221723,0.03874969076907281,0.324104499126962
mlp_V0-pinn,33.4134192917798,0.1574663242541777,0.03899486291122014,0.2985228260321028
mlp_V0-pinn,33.61244746466895,0.1354203543246879,0.03923850318540372,0.2705328611648635
mlp_V0-pinn,33.811475637558104,0.11391901826838462,0.03948063995171587,0.25140206124975367
mlp_V0-pinn,34.01050381044726,0.11051505516719444,0.03972130070583175,0.2732516411152577
mlp_V0-pinn,34.20953198333641,0.12172107582242561,0.03998642049352529,0.2726030957118986
mlp_V0-pinn,34.40856015622556,0.1437152064399024,0.04026203097385786,0.25010989155850616
mlp_V0-pinn,34.60758832911471,0.14238040816613917,0.040535767568836784,0.24256910734746542
mlp_V0-pinn,34.80661650200387,0.13413693642519023,0.040807667988377275,0.28426516596421314
mlp_V0-pinn,35.00564467489302,0.11899456661131917,0.041077768694325424,0.32058321434843756
mlp_V0-pinn,35.20467284778217,0.10162035255053893,0.04134610495753346,0.3531862257553243
mlp_V0-pinn,35.40370102067132,0.10574707874837273,0.06885951349605553,0.3691274646303603
mlp_V0-pinn,35.60272919356048,0.10893126101012814,0.0806952089998275,0.3393956550570083
mlp_V0-pinn,35.80175736644963,0.11202497304931056,0.07692368383500045,0.31583481401977215
mlp_V0-pinn,36.00078553933878,0.1258578810662214,0.07295745002375273,0.3050864501647301
mlp_V0-pinn,36.19981371222793,0.13978458702232152,0.06876282348180333,0.293945325530665
mlp_V0-pinn,36.39884188511708,0.14754850645494466,0.06429511857373708,0.282364953081187
mlp_V0-pinn,36.59787005800624,0.12912653110511665,0.06303819362509742,0.2685550751046702
mlp_V0-pinn,36.79689823089539,0.12880228605756852,0.0619734405634634,0.25356083454289774
mlp_V0-pinn,36.99592640378454,0.1284772226975302,0.060890071563687524,0.23762231642610182
mlp_V0-pinn,37.19495457667369,0.11651984231011124,0.05978707464652243,0.2205348809447661
mlp_V0-pinn,37.393982749562845,0.10881626409624122,0.058663342681326114,0.20200718344390026
mlp_V0-pinn,37.593010922451995,0.09806065277242086,0.04694089565797225,0.18159892789483442
mlp_V0-pinn,37.792039095341146,0.0959429167037366,0.04066635987432006,0.16725291779003412
mlp_V0-pinn,37.991067268230296,0.10255194797667777,0.03918774388422005,0.1525598349084894
mlp_V0-pinn,38.19009544111945,0.10105822435879712,0.037651105110510875,0.14003192563353384
mlp_V0-pinn,38.389123614008604,0.09954208852186465,0.03604902441606783,0.1439544209603284
mlp_V0-pinn,38.588151786897754,0.09800250029482156,0.034372352358512964,0.1599340660062119
mlp_V0-pinn,38.787179959786904,0.09643833646832707,0.03269555977778048,0.1744561137493761
mlp_V0-pinn,38.98620813267606,0.09531759791731848,0.03277215852726157,0.16952103339000688
mlp_V0-pinn,39.18523630556521,0.09427466303157311,0.03284857865858901,0.15487201505671053
mlp_V0-pinn,39.38426447845436,0.09331323425091821,0.03292482141550741,0.144242833901279
mlp_V0-pinn,39.58329265134351,0.09211458828227195,0.03300088802739408,0.1439687456242169
mlp_V0-pinn,39.78232082423266,0.09136002889484486,0.03307677970949029,0.14369413454051969
mlp_V0-pinn,39.98134899712182,0.08991588277682491,0.03316549797944083,0.1433601398543339
mlp_V0-pinn,40.18037717001097,0.08960818933092464,0.03334702893300993,0.14835982828296074
mlp_V0-pinn,40.37940534290012,0.0888886882149748,0.033527577023902404,0.1562087327915043
mlp_V0-pinn,40.57843351578927,0.08816331544350609,0.0337071580458575,0.16368169644925357
mlp_V0-pinn,40.77746168867843,0.08743192487531837,0.03388578737410603,0.17082806357470565
mlp_V0-pinn,40.97648986156758,0.08669436420445954,0.03406347998073348,0.177687244496789
mlp_V0-pinn,41.17551803445673,0.0859504745898918,0.03417282799306096,0.18429130855534034
mlp_V0-pinn,41.37454620734588,0.08549741686038732,0.034024300262263475,0.1857663146631838
mlp_V0-pinn,41.57357438023504,0.09589733244736492,0.033875121307974584,0.1845797933533025
mlp_V0-pinn,41.77260255312419,0.10534100182876803,0.03372528248841402,0.18338559530441506
mlp_V0-pinn,41.97163072601334,0.11105517584516449,0.03357477496896528,0.1821835695554392
mlp_V0-pinn,42.17065889890249,0.10797190949005071,0.03342358971609706,0.19438404844402857
mlp_V0-pinn,42.369687071791645,0.10503441622791426,0.03549302740603213,0.20849446467020807
mlp_V0-pinn,42.568715244680796,0.1038155610683942,0.0419004070567522,0.19923147460570406
mlp_V0-pinn,42.767743417569946,0.1145724447150101,0.04745032379866034,0.18367411294039268
mlp_V0-pinn,42.966771590459096,0.12708629985935102,0.05193697757544584,0.17726115969897308
mlp_V0-pinn,43.16579976334825,0.1359185523156516,0.05599705260363681,0.17646071823504972
mlp_V0-pinn,43.364827936237404,0.12595704679401776,0.059782022054431956,0.17565662931479237
mlp_V0-pinn,43.563856109126554,0.09953982583844118,0.06069148587948117,0.17484884261681327
mlp_V0-pinn,43.762884282015705,0.09698504873176814,0.05732015055241993,0.17687059660426716
mlp_V0-pinn,43.961912454904855,0.09687060543415078,0.05373772288109081,0.17949880029287324
mlp_V0-pinn,44.16094062779401,0.09693891713343385,0.04989875811618683,0.18208907345036446
mlp_V0-pinn,44.35996880068316,0.09700718072816354,0.045738706394371775,0.18464301241434405
mlp_V0-pinn,44.55899697357231,0.09434303027830612,0.04116032633159472,0.18716210459618957
mlp_V0-pinn,44.75802514646146,0.09714410195608966,0.03969323686664429,0.18964773861110604
mlp_V0-pinn,44.95705331935062,0.09827010481595612,0.04186612631064848,0.19119430884198382
mlp_V0-pinn,45.15608149223977,0.09938335100117554,0.043931674354237976,0.20671732539263935
mlp_V0-pinn,45.35510966512892,0.10048426449900856,0.04590437333059289,0.23954995729586248
mlp_V0-pinn,45.55413783801807,0.10157324631806629,0.0477957212539165,0.2683958111882761
mlp_V0-pinn,45.75316601090722,0.1026506761949205,0.04542252783535631,0.29442900822842843
mlp_V0-pinn,45.95219418379638,0.10373262198832967,0.05997485517197627,0.2988745262767526
mlp_V0-pinn,46.15122235668553,0.14083739992796962,0.07353136693296929,0.2741770853529367
mlp_V0-pinn,46.35025052957468,0.14287141834523553,0.08093231077853803,0.24702260181633143
mlp_V0-pinn,46.54927870246383,0.1448768827021335,0.08485241118336971,0.2440827244080106
mlp_V0-pinn,46.74830687535299,0.15508651060986234,0.08859923498151352,0.2756622105446654
mlp_V0-pinn,46.94733504824214,0.1488067507356594,0.09219391083464912,0.30397850629658907
mlp_V0-pinn,47.14636322113129,0.1476865722091986,0.09410425042800019,0.31083222619311274
mlp_V0-pinn,47.34539139402044,0.1454815035002963,0.09219419923838258,0.2849035458242823
mlp_V0-pinn,47.544419566909596,0.14324249408087875,0.09024372996390044,0.2563657309515663
mlp_V0-pinn,47.74344773979875,0.14096792670786668,0.08825016273292755,0.22422476578070807
mlp_V0-pinn,47.9424759126879,0.13865605147312668,0.08621050775270381,0.23526872298900875
mlp_V0-pinn,48.14150408557705,0.13630497004849915,0.08412141268172935,0.2463022765951921
mlp_V0-pinn,48.340532258466204,0.121877447530607,0.09092419211968528,0.23646863379610075
mlp_V0-pinn,48.539560431355355,0.12149829371482315,0.0904555060302594,0.21675581172100084
mlp_V0-pinn,48.738588604244505,0.12549456172267842,0.0896731049629092,0.2173198261599359
mlp_V0-pinn,48.937616777133655,0.13015512347092617,0.08888381706580543,0.22381286748768292
mlp_V0-pinn,49.136644950022806,0.12861321146697705,0.088087457215464,0.23012277693425626
mlp_V0-pinn,49.33567312291196,0.1199696962226866,0.08728383184292972,0.23626422766641572
mlp_V0-pinn,49.53470129580111,0.12623254505097062,0.08310325579134493,0.24002425103434127
mlp_V0-pinn,49.733729468690264,0.1254773833714852,0.07817500074745742,0.23580697111869683
mlp_V0-pinn,49.932757641579414,0.12471764929417173,0.07291440434240846,0.23151288122208527
mlp_V0-pinn,50.13178581446857,0.12395325874366254,0.06724351254471668,0.22713762505434612
mlp_V0-pinn,50.33081398735772,0.12318412503599113,0.06104809250168866,0.22267641828201334
mlp_V0-pinn,50.52984216024687,0.12248249937123169,0.054148399947163715,0.21812398722397225
mlp_V0-pinn,50.72887033313602,0.12711949803185676,0.051449244530426305,0.21471681706577558
mlp_V0-pinn,50.92789850602518,0.13159320236060348,0.04872845787951541,0.21400574739405478
mlp_V0-pinn,51.12692667891433,0.13591973747460742,0.045846487890347974,0.21329230718551068
mlp_V0-pinn,51.32595485180348,0.14011273733252685,0.04277076450618973,0.21257647257245688
mlp_V0-pinn,51.52498302469263,0.1441838523915252,0.03945600259793249,0.21185821928397958
mlp_V0-pinn,51.72401119758179,0.13772901851086106,0.03776652826360319,0.21113752263633537
mlp_V0-pinn,51.92303937047094,0.1395161753603805,0.05668441936050141,0.21004533108894066
mlp_V0-pinn,52.12206754336009,0.14199681510997794,0.07071022655450085,0.20835610950948918
mlp_V0-pinn,52.32109571624924,0.14046630914334765,0.07757685436060725,0.20665308037287466
mlp_V0-pinn,52.52012388913839,0.13803821439196626,0.07630823025906261,0.2049358994545986
mlp_V0-pinn,52.71915206202755,0.13556663771256683,0.07501815565617005,0.20320420798529953
mlp_V0-pinn,52.9181802349167,0.11938747692001206,0.0738833969145009,0.20145763177551856
mlp_V0-pinn,53.11720840780585,0.11312647685761087,0.07614226822820455,0.20119200269222165
mlp_V0-pinn,53.316236580695,0.11241595876456678,0.07833603054946053,0.20254431877815893
mlp_V0-pinn,53.515264753584155,0.11170092123030134,0.08047000903166467,0.20388766561837438
mlp_V0-pinn,53.714292926473306,0.11098127690038169,0.08205614590862302,0.20522221934603374
mlp_V0-pinn,53.913321099362456,0.11025693556951602,0.07421816372041411,0.20654815040399935
mlp_V0-pinn,54.112349272251606,0.1095278040495728,0.0700173750361242,0.2078656237989213
mlp_V0-pinn,54.311377445140764,0.11760720534816947,0.07766519839927262,0.2093238133114685
mlp_V0-pinn,54.510405618029914,0.13850132294255488,0.08462466116828739,0.21088556369100758
mlp_V0-pinn,54.709433790919064,0.1404244550017674,0.0887639619945649,0.2124358329644354
mlp_V0-pinn,54.908461963808215,0.13878793977388443,0.08803595730670534,0.21397487067717325
mlp_V0-pinn,55.10749013669737,0.13713189596448858,0.0873018820463999,0.22507143753034398
mlp_V0-pinn,55.30651830958652,0.13624497617595283,0.08656158177147065,0.24467034209833793
mlp_V0-pinn,55.50554648247567,0.1376791337041283,0.08451942709721609,0.23414369243576133
mlp_V0-pinn,55.70457465536482,0.13909850531854223,0.0823953436097643,0.21539769309243711
mlp_V0-pinn,55.90360282825397,0.14050353912334665,0.08021503437823005,0.21407006453606894
mlp_V0-pinn,56.10263100114313,0.14189466103599213,0.07797378297883281,0.21273415069379364
mlp_V0-pinn,56.30165917403228,0.14327227629535444,0.07566617423763156,0.21138979448483952
mlp_V0-pinn,56.50068734692143,0.13365292032623113,0.0733814053881169,0.2100368338013018
mlp_V0-pinn,56.69971551981058,0.13593422498974897,0.07224543950425656,0.21283985761690477
mlp_V0-pinn,56.89874369269974,0.13817787064286932,0.07109132437640496,0.21716526136331457
mlp_V0-pinn,57.09777186558889,0.13878929449651664,0.0699181612602854,0.22140617989480124
mlp_V0-pinn,57.29680003847804,0.13714477235305148,0.06872497469222755,0.22556737851077105
mlp_V0-pinn,57.49582821136719,0.1354802897129313,0.06751070299497228,0.2296531907046663
mlp_V0-pinn,57.69485638425635,0.13424336352539515,0.06681756119445885,0.23366757103510588
mlp_V0-pinn,57.8938845571455,0.1335370937946696,0.06891153426130871,0.2334264761486181
mlp_V0-pinn,58.09291273003465,0.13282706873089306,0.07094372857779464,0.23215862316504393
mlp_V0-pinn,58.2919409029238,0.13029656645545346,0.07291930947829983,0.23088380812135
mlp_V0-pinn,58.490969075812956,0.12791371395107973,0.07484276027154764,0.22960191505156016
mlp_V0-pinn,58.689997248702106,0.12943882333709628,0.07671800202909759,0.22831282473411638
mlp_V0-pinn,58.889025421591256,0.1300039564130668,0.07782550229056406,0.2270164145624691
mlp_V0-pinn,59.08805359448041,0.12937441801516925,0.07656578729422785,0.22578751542109343
mlp_V0-pinn,59.28708176736956,0.12874180125536894,0.07528499691964724,0.22456162028714718
mlp_V0-pinn,59.486109940258714,0.12810606052872783,0.07398203659265969,0.22332899608413417
mlp_V0-pinn,59.685138113147865,0.1328096608904502,0.07265571357852037,0.22208953077060067
mlp_V0-pinn,59.884166286037015,0.13928554494731032,0.07130472419700072,0.2208431091609243
mlp_V0-pinn,60.083194458926165,0.14289965456330622,0.07101793969110479,0.2195896128003834
mlp_V0-pinn,60.28222263181532,0.14150018074718268,0.07300629698380443,0.22035363107740857
mlp_V0-pinn,60.48125080470447,0.14666211977570295,0.07494191778040842,0.2211576303449715
mlp_V0-pinn,60.68027897759362,0.1476242360880323,0.07682878810656549,0.2219587173115925
mlp_V0-pinn,60.879307150482774,0.1463657738318543,0.07867041580697018,0.22275692339725786
mlp_V0-pinn,61.07833532337193,0.14503610775614148,0.08046990719865184,0.223552279461016
mlp_V0-pinn,61.27736349626108,0.14387220595929884,0.09082783234678724,0.2242446750736326
mlp_V0-pinn,61.47639166915023,0.14318373758359065,0.09130362274291134,0.22347827349811342
mlp_V0-pinn,61.67541984203938,0.1477124958314722,0.09177694657779624,0.22270923454701222
mlp_V0-pinn,61.87444801492853,0.147038640935849,0.09224784181923962,0.22193753080390574
mlp_V0-pinn,62.07347618781769,0.14636168361890473,0.09271634547085668,0.22116313437404778
mlp_V0-pinn,62.27250436070684,0.14568158063138664,0.09318249360601503,0.2287175954618181
mlp_V0-pinn,62.47153253359599,0.14471613472307912,0.09922805937832341,0.23233925913116932
mlp_V0-pinn,62.67056070648514,0.14312509693744943,0.10525695998254184,0.22258538082870255
mlp_V0-pinn,62.8695888793743,0.14151617256525909,0.11095876478018668,0.2209949395910999
mlp_V0-pinn,63.06861705226345,0.1398887444424536,0.11564328453688924,0.2215862389177157
mlp_V0-pinn,63.2676452251526,0.1382421590754861,0.11649912879196204,0.22217596456530594
mlp_V0-pinn,63.46667339804175,0.136465667501931,0.11473114090589256,0.22276412903191836
mlp_V0-pinn,63.665701570930906,0.14119207297905845,0.10168842258850626,0.22243694832470248
mlp_V0-pinn,63.86472974382006,0.15194082340021475,0.1022434063624677,0.21897075914032144
mlp_V0-pinn,64.0637579167092,0.16197785700195794,0.1027953938689024,0.21544881233594904
mlp_V0-pinn,64.26278608959836,0.16826656538421877,0.10334443311918089,0.23322438545117588
mlp_V0-pinn,64.46181426248751,0.1733443419651487,0.10389057085600656,0.2528230702939638
mlp_V0-pinn,64.66084243537667,0.1790871822005416,0.10443385259985861,0.268067310092848
mlp_V0-pinn,64.85987060826582,0.18868903658043185,0.1033110598047467,0.26408887964511707
mlp_V0-pinn,65.05889878115497,0.18158931140910967,0.10201202701627123,0.2600495913552092
mlp_V0-pinn,65.25792695404412,0.17420046931744326,0.10069623743694169,0.2559465639070181
mlp_V0-pinn,65.45695512693327,0.16648402026260825,0.0993625933000313,0.2517766811831617
mlp_V0-pinn,65.65598329982242,0.1583920910120939,0.09790791404428016,0.2475365645705811
mlp_V0-pinn,65.85501147271158,0.14986387152201264,0.09643129324911535,0.241704030877465
mlp_V0-pinn,66.05403964560072,0.14815817446156687,0.10369601561880436,0.2304154634737037
mlp_V0-pinn,66.25306781848988,0.17654276807743194,0.11083888845654012,0.22365996241818056
mlp_V0-pinn,66.45209599137903,0.18855557606919754,0.11754852076205494,0.2209689728439839
mlp_V0-pinn,66.65112416426818,0.18572912638985953,0.12389531981642117,0.22836614540726638
mlp_V0-pinn,66.85015233715734,0.17825003469662787,0.12576319952724005,0.25028577680730985
mlp_V0-pinn,67.04918051004648,0.1669633265029327,0.12579658179922162,0.2704345461953845
mlp_V0-pinn,67.24820868293564,0.16394390330220912,0.12437304967575907,0.26281989165375896
mlp_V0-pinn,67.4472368558248,0.16086781674096062,0.12293303453071275,0.24496999785840684
mlp_V0-pinn,67.64626502871394,0.15828306022907263,0.12147595018031353,0.22571288012119015
mlp_V0-pinn,67.8452932016031,0.15816704641065057,0.12000117485045968,0.2046516764027527
mlp_V0-pinn,68.04432137449224,0.15805094743486217,0.11850804807594799,0.20301923973403915
mlp_V0-pinn,68.2433495473814,0.15412435712166375,0.11825061674844209,0.2021059800336587
mlp_V0-pinn,68.44237772027056,0.14727449878463814,0.11823610644984965,0.20129913648105544
mlp_V0-pinn,68.6414058931597,0.1454074394069427,0.11736130860296029,0.20057302535819438
mlp_V0-pinn,68.84043406604886,0.14351609274747207,0.11647994095799656,0.2022873687153494
mlp_V0-pinn,69.039462238938,0.1416634617904496,0.11559185323437578,0.20418474135174333
mlp_V0-pinn,69.23849041182716,0.13986723563214354,0.11469688933330562,0.20606464437155875
mlp_V0-pinn,69.43751858471632,0.15143278133718113,0.11378641168201283,0.20790940982469097
mlp_V0-pinn,69.63654675760546,0.16074843264086125,0.1127412652397856,0.20972398238770235
mlp_V0-pinn,69.83557493049462,0.16073392273134118,0.11168633887932247,0.21152298901883762
mlp_V0-pinn,70.03460310338377,0.16741559220617608,0.11062135280616499,0.21330682356260744
mlp_V0-pinn,70.23363127627292,0.16773824635075202,0.10954601362471028,0.22425327943328463
mlp_V0-pinn,70.43265944916207,0.16806028104197168,0.10846001339417388,0.23901662045734426
mlp_V0-pinn,70.63168762205122,0.16838169983400045,0.10739443469900081,0.23553394246127235
mlp_V0-pinn,70.83071579494037,0.17005391705412862,0.10648722029992776,0.23315080634990215
mlp_V0-pinn,71.02974396782953,0.17193853014288005,0.10557221021695407,0.2421553723331471
mlp_V0-pinn,71.22877214071868,0.17380270881069618,0.10464919996340225,0.2508368995941393
mlp_V0-pinn,71.42780031360783,0.1677272127976575,0.10371797595338787,0.2592278458155988
mlp_V0-pinn,71.62682848649698,0.1578687272711257,0.1027783149246715,0.26735557202794763
mlp_V0-pinn,71.82585665938613,0.16180525212539246,0.10173026319252675,0.2620205640502563
mlp_V0-pinn,72.02488483227529,0.15766854537594724,0.10038671394997517,0.25202719272831514
mlp_V0-pinn,72.22391300516443,0.153420340198334,0.09902493739522149,0.2416208512604334
mlp_V0-pinn,72.42294117805359,0.15027273323315066,0.09764417091962485,0.23074567309728106
mlp_V0-pinn,72.62196935094275,0.15012831789108666,0.09624359720539487,0.2193319300567478
mlp_V0-pinn,72.82099752383189,0.14998376349542866,0.09482233856791175,0.20729067859341696
mlp_V0-pinn,73.02002569672105,0.15096155966162902,0.09437381279628848,0.20359631578366208
mlp_V0-pinn,73.21905386961019,0.15592460529916097,0.09578969935761102,0.20678354796611145
mlp_V0-pinn,73.41808204249935,0.160734478503919,0.09718496007270941,0.22900514587760226
mlp_V0-pinn,73.61711021538851,0.1620379354916398,0.09856047090820307,0.24925344123480156
mlp_V0-pinn,73.81613838827765,0.1594904371534249,0.09991704752923468,0.2679761166528815
mlp_V0-pinn,74.01516656116681,0.15690158236419496,0.10125545095584712,0.2854735017918958
mlp_V0-pinn,74.21419473405597,0.15497327958885646,0.102364081929116,0.29996834324432714
mlp_V0-pinn,74.41322290694511,0.156416126038334,0.10317629537396646,0.2842765950865707
mlp_V0-pinn,74.61225107983427,0.1578457841792239,0.10398216474473486,0.26766650533692304
mlp_V0-pinn,74.81127925272341,0.16153746705786415,0.10478183641694003,0.24995506325047442
mlp_V0-pinn,75.01030742561257,0.16096107719596375,0.10557545122239162,0.23088895428282324
mlp_V0-pinn,75.20933559850172,0.1620591030398988,0.10636314473875244,0.2100997019871342
mlp_V0-pinn,75.40836377139087,0.16291070942559555,0.10504795384793754,0.20590270225648302
mlp_V0-pinn,75.60739194428002,0.1620818848055734,0.1017440475034061,0.20442903277515076
mlp_V0-pinn,75.80642011716917,0.15509261208736422,0.09832919097151337,0.20294466262073874
mlp_V0-pinn,76.00544829005833,0.15210369995351025,0.09479139408115744,0.20724844385234684
mlp_V0-pinn,76.20447646294748,0.15141622826457846,0.09111633764910786,0.21234892987915913
mlp_V0-pinn,76.40350463583663,0.15072562099455553,0.08728668616302959,0.21732974615185233
mlp_V0-pinn,76.60253280872578,0.15054218847079331,0.08678283434436804,0.22180676072022368
mlp_V0-pinn,76.80156098161494,0.1508954219261495,0.08831104864372953,0.22473550331957698
mlp_V0-pinn,77.00058915450408,0.15124783042068896,0.08981326343179098,0.2276265665589334
mlp_V0-pinn,77.19961732739324,0.15128991426405244,0.09129076220506337,0.2304813683457159
mlp_V0-pinn,77.39864550028238,0.14915963000036156,0.09274472620960474,0.23330123982872125
mlp_V0-pinn,77.59767367317154,0.14699847715423836,0.09417624549432667,0.23608743265308202
mlp_V0-pinn,77.7967018460607,0.1451221276398378,0.10841372369542597,0.23647046549679065
mlp_V0-pinn,77.99573001894984,0.14567188264551617,0.11301326289178516,0.23082047201616124
mlp_V0-pinn,78.194758191839,0.15098957365257154,0.11221361946387123,0.22502866384364884
mlp_V0-pinn,78.39378636472814,0.1532035269327942,0.11140823666550545,0.21908379401670156
mlp_V0-pinn,78.5928145376173,0.16546071756672034,0.1105969891120551,0.22385457625089178
mlp_V0-pinn,78.79184271050646,0.16664844281193975,0.10971715372337285,0.229072317810794
mlp_V0-pinn,78.9908708833956,0.165876648577599,0.10869146696032005,0.23141376527525762
mlp_V0-pinn,79.18989905628476,0.16510124649749977,0.10765600846592097,0.22768001745760952
mlp_V0-pinn,79.38892722917392,0.1643221854976378,0.10661049351561294,0.22388401001438832
mlp_V0-pinn,79.58795540206306,0.16353941328747637,0.10555462328325874,0.22499777142506733
mlp_V0-pinn,79.78698357495222,0.15995070026978297,0.10448808384355973,0.23559099157625307
mlp_V0-pinn,79.98601174784136,0.15446520340591927,0.10365080978455717,0.245727966413099
mlp_V0-pinn,80.18503992073052,0.16207786207141167,0.10315892409152834,0.2340255754368439
mlp_V0-pinn,80.38406809361967,0.16193555646841284,0.10266468170918838,0.21898329098198693
mlp_V0-pinn,80.58309626650882,0.17568804834918667,0.10216804843578162,0.21998718612046644
mlp_V0-pinn,80.78212443939798,0.1852703572372367,0.10166898923419802,0.22904969368373457
mlp_V0-pinn,80.98115261228712,0.16586385091866587,0.10116746820312711,0.23776703366115381
mlp_V0-pinn,81.18018078517628,0.16077081172622754,0.10001618134641475,0.24617587699739416
mlp_V0-pinn,81.37920895806543,0.15940046956769305,0.0982149495639775,0.24651409799625132
mlp_V0-pinn,81.57823713095458,0.15801824417987947,0.09638006072103499,0.23955198656165277
mlp_V0-pinn,81.77726530384373,0.1566238209500169,0.09450955449755391,0.23238138484044477
mlp_V0-pinn,81.97629347673289,0.15521687113285684,0.09260127255098513,0.224982358808622
mlp_V0-pinn,82.17532164962203,0.1537970509456045,0.09065282932593764,0.21733157968831956
mlp_V0-pinn,82.37434982251119,0.15438825448880594,0.08946218383723423,0.20940145482911293
mlp_V0-pinn,82.57337799540034,0.15434965872142734,0.08878600070849701,0.20529450029637905
mlp_V0-pinn,82.77240616828949,0.1646756116841533,0.08810462817974637,0.20789547166529013
mlp_V0-pinn,82.97143434117865,0.16892004984885825,0.08741794490591442,0.21154679292373332
mlp_V0-pinn,83.1704625140678,0.17306042123585438,0.0867258247378232,0.21513615236333536
mlp_V0-pinn,83.36949068695695,0.17710402467398098,0.08602813645161539,0.21866660127025278
mlp_V0-pinn,83.56851885984611,0.177855378317306,0.09646254252394397,0.22214094842794554
mlp_V0-pinn,83.76754703273525,0.17700443593916196,0.10979664144012848,0.22535269879204003
mlp_V0-pinn,83.96657520562441,0.17614938287683476,0.12167819374432205,0.22840105731111626
mlp_V0-pinn,84.16560337851355,0.17529015897545014,0.132498540347542,0.23140926323035474
mlp_V0-pinn,84.36463155140271,0.1704157206402291,0.14249962651031,0.23437886260666832
mlp_V0-pinn,84.56365972429187,0.17315899980500618,0.1451579796838093,0.2373113047555371
mlp_V0-pinn,84.76268789718101,0.172358297946813,0.13907523779886155,0.24020795051945137
mlp_V0-pinn,84.96171607007017,0.16886255968079739,0.141031820483329,0.2384141694802917
mlp_V0-pinn,85.16074424295931,0.16529290744850317,0.13611118433608424,0.23473943434833738
mlp_V0-pinn,85.35977241584847,0.16164444451823243,0.1292682891251075,0.2310062507106191
mlp_V0-pinn,85.55880058873763,0.15820688983873202,0.12204231497842566,0.22721173758540167
mlp_V0-pinn,85.75782876162677,0.15483727263251382,0.11436066945088362,0.23479853841361797
mlp_V0-pinn,85.95685693451593,0.15557648324183096,0.1278407921125165,0.24523823235242045
mlp_V0-pinn,86.15588510740508,0.1614372033030604,0.14217157343457154,0.23867154518752642
mlp_V0-pinn,86.35491328029423,0.16284951687796023,0.14573648820070087,0.22908282749734662
mlp_V0-pinn,86.55394145318338,0.16745024420135785,0.14379534461457857,0.23476294877608647
mlp_V0-pinn,86.75296962607253,0.1783850352119805,0.14182763578575877,0.24649400452315245
mlp_V0-pinn,86.95199779896168,0.1889141861324058,0.1398322402464118,0.25769157225970124
mlp_V0-pinn,87.15102597185084,0.18584478292943424,0.13972710665776622,0.268422425593492
mlp_V0-pinn,87.35005414473999,0.17962491808927103,0.1436339435994315,0.26737966470306335
mlp_V0-pinn,87.54908231762914,0.1720385642082996,0.14743729234118017,0.2656862574773843
mlp_V0-pinn,87.74811049051829,0.17316836067370686,0.15114496548635853,0.263981987506639
mlp_V0-pinn,87.94713866340744,0.16894160462145028,0.14393408259463464,0.2622666430249406
mlp_V0-pinn,88.1461668362966,0.16460634983414774,0.13410798068778323,0.2605400052951331
mlp_V0-pinn,88.34519500918574,0.16015488084267626,0.13253452412440767,0.25863039286753065
mlp_V0-pinn,88.5442231820749,0.15883399301283815,0.13094216160431874,0.25900643638973037
mlp_V0-pinn,88.74325135496406,0.1588650345604104,0.12933019479742486,0.26202834900787403
mlp_V0-pinn,88.9422795278532,0.1589654138718707,0.12769788129435905,0.26501580571029526
mlp_V0-pinn,89.14130770074236,0.15906572983842207,0.12604443060998985,0.2679699588923389
mlp_V0-pinn,89.3403358736315,0.15866360617644293,0.1244735480464394,0.2708918981092762
mlp_V0-pinn,89.53936404652066,0.15633543947050096,0.12329759469717566,0.27358451923192867
mlp_V0-pinn,89.73839221940982,0.1539720732599128,0.1221103171437563,0.2721285873540362
mlp_V0-pinn,89.93742039229896,0.1515718610213561,0.12091138179587772,0.2706648239931468
mlp_V0-pinn,90.13644856518812,0.1491330237170781,0.11970043835604051,0.26919310139596614
mlp_V0-pinn,90.33547673807726,0.14665363436519369,0.1184771186240956,0.26771328829760527
mlp_V0-pinn,90.53450491096642,0.15340318826790753,0.11960907980168058,0.2662252497849415
mlp_V0-pinn,90.73353308385558,0.17049999115904302,0.12357921608279655,0.26489357787118956
mlp_V0-pinn,90.93256125674472,0.17736046123127416,0.12520997815548898,0.2648672899062689
mlp_V0-pinn,91.13158942963388,0.18396526691499956,0.12681977216411316,0.26484099933202
mlp_V0-pinn,91.33061760252303,0.18735623746657443,0.12840938670446608,0.2648147061476657
mlp_V0-pinn,91.52964577541218,0.1766591566573903,0.12997956214681067,0.26478841035242856
mlp_V0-pinn,91.72867394830133,0.1680825847663997,0.1312607123231744,0.2647621119455305
mlp_V0-pinn,91.92770212119048,0.16690176760303427,0.13034219914728484,0.26487832946202305
mlp_V0-pinn,92.12673029407964,0.16571253650910225,0.12959672201275493,0.26559110708388095
mlp_V0-pinn,92.3257584669688,0.16451470901881035,0.12852167205946782,0.2663019769087172
mlp_V0-pinn,92.52478663985794,0.1633080959744714,0.12731635281987116,0.26701095417405707
mlp_V0-pinn,92.7238148127471,0.16209250117778568,0.125231294586711,0.26771805391566306
mlp_V0-pinn,92.92284298563625,0.16213423947002298,0.12424853508432386,0.26842329097125556
mlp_V0-pinn,93.1218711585254,0.16441251717755345,0.12508353154391733,0.26889722926152826
mlp_V0-pinn,93.32089933141455,0.16665965318815443,0.12545966057066818,0.26871467119326753
mlp_V0-pinn,93.5199275043037,0.16887689065390935,0.12583466532524482,0.2685319890152473
mlp_V0-pinn,93.71895567719285,0.17106539215478114,0.1262085558293315,0.26834918247399947
mlp_V0-pinn,93.91798385008201,0.17203968071746079,0.12658134195660353,0.2681662513151923
mlp_V0-pinn,94.11701202297115,0.16746329268488017,0.12695303343576986,0.2679831952836257
mlp_V0-pinn,94.31604019586031,0.16615666601856688,0.12567683890004946,0.2679789140915845
mlp_V0-pinn,94.51506836874945,0.16505386819415885,0.1243436371959035,0.2683222917819409
mlp_V0-pinn,94.71409654163861,0.16993896915529677,0.12299598524465723,0.26866523060589964
mlp_V0-pinn,94.91312471452777,0.16861850588711574,0.12163340273749397,0.26900773224189944
mlp_V0-pinn,95.11215288741691,0.16728762003699407,0.120255382152729,0.26934979835770745
mlp_V0-pinn,95.31118106030607,0.1675938777454613,0.12075581499625292,0.2696914306105143
mlp_V0-pinn,95.51020923319523,0.16930430346579337,0.128824885720434,0.27118146323084025
mlp_V0-pinn,95.70923740608437,0.17099762128846777,0.13214557272469868,0.27432570972198395
mlp_V0-pinn,95.90826557897353,0.17981561271864377,0.13538483519432462,0.27743432381181843
mlp_V0-pinn,96.10729375186267,0.17453355786986097,0.1385483843660769,0.2805084901449001
mlp_V0-pinn,96.30632192475183,0.17597984097374528,0.1416412934857134,0.2835493291436646
mlp_V0-pinn,96.50535009764099,0.18278041304251919,0.14010505815888505,0.2865579017795059
mlp_V0-pinn,96.70437827053013,0.19238223412859307,0.13906999495173744,0.286580592800957
mlp_V0-pinn,96.90340644341929,0.20152709154013002,0.1373594377499308,0.2834620980729008
mlp_V0-pinn,97.10243461630843,0.19780349143036802,0.13562730839354586,0.28030891159154014
mlp_V0-pinn,97.30146278919759,0.1846515271516881,0.13387276954324517,0.2771198491472178
mlp_V0-pinn,97.50049096208674,0.17402810205134397,0.13209492824586294,0.2738936575846904
mlp_V0-pinn,97.69951913497589,0.17665881980113435,0.1312006340708513,0.27062900904903503
mlp_V0-pinn,97.89854730786504,0.18012651525071544,0.1303644049464633,0.2685978777293272
mlp_V0-pinn,98.0975754807542,0.18352870178585906,0.12952277704518808,0.267574289466312
mlp_V0-pinn,98.29660365364334,0.1868689574596039,0.12867564443184093,0.2665467704664698
mlp_V0-pinn,98.4956318265325,0.18679493448228063,0.1278228976607931,0.265515275095065
mlp_V0-pinn,98.69465999942165,0.1933764541709055,0.12712029467662964,0.26447975682745783
mlp_V0-pinn,98.8936881723108,0.1945270089316126,0.13059012063761913,0.26344016822461674
mlp_V0-pinn,99.09271634519996,0.19063366180557412,0.13397010822427022,0.2639329648775109
mlp_V0-pinn,99.2917445180891,0.1866591246709478,0.13726689399522873,0.2652963706419527
mlp_V0-pinn,99.49077269097826,0.18414201206061043,0.14048633555108528,0.266652805352862
mlp_V0-pinn,99.68980086386742,0.1822949240910078,0.1436336338259493,0.26800237485759393
mlp_V0-pinn,99.88882903675656,0.17419223935494804,0.14596357899823337,0.2693451823516976
mlp_V0-pinn,100.08785720964572,0.17137934151971015,0.14370037841647942,0.2706813284710052
mlp_V0-pinn,100.28688538253486,0.17097107805862166,0.14140095869584943,0.2693267074075658
mlp_V0-pinn,100.48591355542402,0.1741609629623835,0.13906352319415466,0.26682452890183334
mlp_V0-pinn,100.68494172831318,0.17837264538495684,0.13668612162994845,0.26429866273662833
mlp_V0-pinn,100.88396990120232,0.17816751294045094,0.13426663103430797,0.26174842315676866
mlp_V0-pinn,101.08299807409148,0.17840736530416731,0.13329952329451847,0.2591730906667194
mlp_V0-pinn,101.28202624698062,0.18174091649818086,0.13677593051673853,0.2565719096596983
mlp_V0-pinn,101.48105441986978,0.17781086617522054,0.14016614222733523,0.2549890212595429
mlp_V0-pinn,101.68008259275894,0.1737919662423026,0.14347626871739955,0.25368262952132403
mlp_V0-pinn,101.87911076564808,0.171615570787955,0.1467117307622034,0.2523694753309265
mlp_V0-pinn,102.07813893853724,0.17533308473559242,0.14987736387265135,0.2510494525721194
mlp_V0-pinn,102.2771671114264,0.1798338523559789,0.15375789467320858,0.24972245232400425
mlp_V0-pinn,102.47619528431554,0.17878213275081214,0.15877808542840446,0.24838836275612503
mlp_V0-pinn,102.6752234572047,0.1837818742398166,0.16057433533186927,0.2472130850218193
mlp_V0-pinn,102.87425163009384,0.18329237389688793,0.1623507127247474,0.24606100985614707
mlp_V0-pinn,103.073279802983,0.18341218376767196,0.1613522989022608,0.24490351515821188
mlp_V0-pinn,103.27230797587215,0.1859086992997574,0.15604831520239412,0.24374052371788762
mlp_V0-pinn,103.4713361487613,0.18566808543660512,0.15055759361110652,0.24257195647413943
mlp_V0-pinn,103.67036432165045,0.1854271593485199,0.14807890339192525,0.24139773245230248
mlp_V0-pinn,103.8693924945396,0.1825520711100126,0.14677320623513768,0.2410933786663442
mlp_V0-pinn,104.06842066742875,0.17955763801780555,0.14545578884090296,0.24085109648211142
mlp_V0-pinn,104.26744884031791,0.17651241337229373,0.14412632981560464,0.24060857033056296
mlp_V0-pinn,104.46647701320705,0.1734137214250642,0.14278449280262742,0.2403657994732187
mlp_V0-pinn,104.66550518609621,0.17025864290093462,0.14142992548852829,0.2401227831678654
mlp_V0-pinn,104.86453335898537,0.16896827562380123,0.14286081610589635,0.23987998607481634
mlp_V0-pinn,105.06356153187451,0.16792294564571922,0.14483731350616172,0.2437945826030215
mlp_V0-pinn,105.26258970476367,0.16687106753835265,0.14678719967668044,0.2476473082710753
mlp_V0-pinn,105.46161787765281,0.16581251668207608,0.14871152139010982,0.25144100715920703
mlp_V0-pinn,105.66064605054197,0.16474716445358945,0.14855236300211017,0.25517831190868073
mlp_V0-pinn,105.85967422343113,0.16375572536106486,0.14620674358871852,0.25886166509526176
mlp_V0-pinn,106.05870239632027,0.1629950353046964,0.1446977371609325,0.26203020028689444
mlp_V0-pinn,106.25773056920943,0.16223077845905176,0.14376116133050146,0.25983726195510237
mlp_V0-pinn,106.45675874209857,0.16146290417579098,0.1428184437483291,0.25762565776385515
mlp_V0-pinn,106.65578691498773,0.16069136059642836,0.14186946197929562,0.2553949027999452
mlp_V0-pinn,106.85481508787689,0.15991609461146203,0.1409140894655143,0.25314449078367857
mlp_V0-pinn,107.05384326076603,0.16046242147993195,0.13995219532931644,0.25087389272712785
mlp_V0-pinn,107.25287143365519,0.16087906170203795,0.13983578279472228,0.24859513417391998
mlp_V0-pinn,107.45189960654434,0.1619742774999512,0.1401211015599568,0.2463685056645752
mlp_V0-pinn,107.65092777943349,0.16326481418796035,0.14040584053001037,0.2441215689607177
mlp_V0-pinn,107.84995595232265,0.16882272934486187,0.14069000322518185,0.2496468751772791
mlp_V0-pinn,108.04898412521179,0.1742034108020495,0.1409735931302904,0.2601056149109367
mlp_V0-pinn,108.24801229810095,0.1774341442396908,0.14125661369517406,0.27015976667633806
mlp_V0-pinn,108.4470404709901,0.17317923255204767,0.14060085053929633,0.2733495485105111
mlp_V0-pinn,108.64606864387925,0.1683089478550521,0.13963240405503552,0.26657104628810346
mlp_V0-pinn,108.8450968167684,0.16599095872219485,0.13865719365400353,0.2596156192669615
mlp_V0-pinn,109.04412498965756,0.16014146978487367,0.13767507560128292,0.25246864521282947
mlp_V0-pinn,109.2431531625467,0.15882992291025483,0.13668590099799657,0.24753919951454845
mlp_V0-pinn,109.44218133543586,0.15775426287978997,0.13568951551777778,0.2503107320064625
mlp_V0-pinn,109.641209508325,0.1630462381391741,0.1348408633133089,0.2552968479048088
mlp_V0-pinn,109.84023768121416,0.1681319105225262,0.1340159624944203,0.2653586083890087
mlp_V0-pinn,110.03926585410332,0.1670706158082739,0.13318595266593722,0.2750525432388719
mlp_V0-pinn,110.23829402699246,0.16600253611664184,0.13235073770765576,0.28441626542480186
mlp_V0-pinn,110.43732219988162,0.16496175629564577,0.1315102184470397,0.2934813836246033
mlp_V0-pinn,110.63635037277076,0.1639223557670732,0.13066429252177325,0.3022747641306356
mlp_V0-pinn,110.83537854565992,0.1630877620546604,0.13139217662814068,0.3052891721156714
mlp_V0-pinn,111.03440671854908,0.16224887532358476,0.13225056716616573,0.2989946082625202
mlp_V0-pinn,111.23343489143822,0.16138314732716222,0.13310342201635725,0.29256464743547544
mlp_V0-pinn,111.43246306432738,0.1568996943674306,0.13395084691466677,0.2859901573271883
mlp_V0-pinn,111.63149123721654,0.1525204432665136,0.13479294427323893,0.27926093039846406
mlp_V0-pinn,111.83051941010568,0.15185844939350993,0.13559705928957386,0.2723654978259947
mlp_V0-pinn,112.02954758299484,0.15122840210769561,0.1341495258264062,0.2684983455244086
mlp_V0-pinn,112.22857575588398,0.150595718916218,0.13268620150912105,0.2686027262870885
mlp_V0-pinn,112.42760392877314,0.14996036645640137,0.13120655800069025,0.26870706650248044
mlp_V0-pinn,112.6266321016623,0.14932231065578863,0.1297100368277564,0.2688113662178003
mlp_V0-pinn,112.82566027455144,0.1487191472023968,0.12819604691770867,0.2689156254801721
mlp_V0-pinn,113.0246884474406,0.15065556457601428,0.12727338587099343,0.26901984433662895
mlp_V0-pinn,113.22371662032974,0.15328141676139065,0.1316969132493046,0.2682079955793733
mlp_V0-pinn,113.4227447932189,0.15382217446241606,0.135976612576292,0.266558858487737
mlp_V0-pinn,113.62177296610805,0.15358284387875706,0.14003154746715507,0.26489945485762273
mlp_V0-pinn,113.8208011389972,0.1533431397599103,0.13975543569888646,0.26322959052782435
mlp_V0-pinn,114.01982931188635,0.1531030603514119,0.1394787773416625,0.2615490651388882
mlp_V0-pinn,114.21885748477551,0.15238300893844048,0.13920156913650272,0.2598576718525098
mlp_V0-pinn,114.41788565766466,0.15566703838042864,0.13880207767295832,0.2587927663448007
mlp_V0-pinn,114.61691383055381,0.1620734376914863,0.1383351918822484,0.25816301354853943
mlp_V0-pinn,114.81594200344296,0.16614193728155915,0.1378667249914461,0.257531720796744
mlp_V0-pinn,115.01497017633211,0.16675359268505163,0.137396660827822,0.25689887673674416
mlp_V0-pinn,115.21399834922127,0.16736301270912485,0.13679861404854243,0.2562644698756923
mlp_V0-pinn,115.41302652211041,0.16445047346918937,0.13490318380681277,0.25562848857812853
mlp_V0-pinn,115.61205469499957,0.16113942134497647,0.13566277207648544,0.25494230188851447
mlp_V0-pinn,115.81108286788873,0.16261073937193632,0.13520600546989395,0.254230722329139
mlp_V0-pinn,116.01011104077787,0.1761506324494256,0.13452046523435002,0.25351714549469256
mlp_V0-pinn,116.20913921366703,0.17991806749034428,0.13383141342228638,0.2528015544721955
mlp_V0-pinn,116.40816738655617,0.17993563419700115,0.13313879551185642,0.25208393210861296
mlp_V0-pinn,116.60719555944533,0.18005900171857123,0.1317115069572512,0.2513642610060569
mlp_V0-pinn,116.80622373233449,0.18018228477267087,0.13020632061599555,0.2508274090670596
mlp_V0-pinn,117.00525190522363,0.18627177122231076,0.12868352960562143,0.250353442004258
mlp_V0-pinn,117.20428007811279,0.18631142175444446,0.12714250137214636,0.2498785759273186
mlp_V0-pinn,117.40330825100193,0.1805516288598198,0.12558256454847408,0.24940280570103873
mlp_V0-pinn,117.60233642389109,0.1794614709406506,0.1240212731095136,0.24892612614114135
mlp_V0-pinn,117.80136459678025,0.17787496220631108,0.12310442962520877,0.24844853201361594
mlp_V0-pinn,118.00039276966939,0.1750771932455961,0.12218070634511577,0.24837241155528017
mlp_V0-pinn,118.19942094255855,0.1718445955892233,0.12124994603147182,0.24838188846647122
mlp_V0-pinn,118.3984491154477,0.17293316711970944,0.12031198536421152,0.24839136501608833
mlp_V0-pinn,118.59747728833685,0.17138212477021955,0.11936665460639198,0.24840084120417286
mlp_V0-pinn,118.796505461226,0.16985010365848519,0.1186018283140173,0.2484103170307662
mlp_V0-pinn,118.99553363411515,0.1683324257857796,0.11899313444419496,0.24841979249590973
mlp_V0-pinn,119.1945618070043,0.1668009395328809,0.11938315798420178,0.24787210425909922
mlp_V0-pinn,119.39358997989346,0.17306693937129655,0.11977191146386329,0.24725490684170567
mlp_V0-pinn,119.5926181527826,0.17685819961075816,0.12015940721031428,0.24663616491659807
mlp_V0-pinn,119.79164632567176,0.17369767323308946,0.12054565735255977,0.24601586683023952
mlp_V0-pinn,119.9906744985609,0.1682953450594043,0.12219660088000539,0.2453940007818059
mlp_V0-pinn,120.18970267145006,0.1627653291433579,0.1275678873959604,0.2447705548205661
mlp_V0-pinn,120.38873084433922,0.16309394203953656,0.13272197452837092,0.2441723700898677
mlp_V0-pinn,120.58775901722836,0.16342189415389174,0.13768325661005607,0.2435734944147395
mlp_V0-pinn,120.78678719011752,0.16374918945660732,0.14247187715051574,0.24297314264648867
mlp_V0-pinn,120.98581536300668,0.1640758318782689,0.14710469879250204,0.24237130381630317
mlp_V0-pinn,121.18484353589582,0.1644018253104145,0.148354430340869,0.24176796681884588
mlp_V0-pinn,121.38387170878498,0.165006443009519,0.14988866630660813,0.2411854391820789
mlp_V0-pinn,121.58289988167412,0.16838325708212581,0.1514073564018065,0.24117275293302476
mlp_V0-pinn,121.78192805456328,0.17169366993723728,0.1529109638253373,0.24116006601660922
mlp_V0-pinn,121.98095622745244,0.17494145114137094,0.15290365708338804,0.24114737843272696
mlp_V0-pinn,122.17998440034158,0.17813002654909224,0.15105150877385584,0.24113469018127262
mlp_V0-pinn,122.37901257323074,0.18126252064150494,0.14917636627911987,0.24112200126214084
mlp_V0-pinn,122.57804074611988,0.18430486650426625,0.15012661587587256,0.241182957975612
mlp_V0-pinn,122.77706891900904,0.18710101340561128,0.1514175183665819,0.24179399912587163
mlp_V0-pinn,122.9760970918982,0.1817616357790712,0.15269750797654347,0.24240349999267377
mlp_V0-pinn,123.17512526478734,0.18041793326656602,0.15396685687575398,0.24301147216564561
mlp_V0-pinn,123.3741534376765,0.18359866052562032,0.15522582610555272,0.2436179270897988
mlp_V0-pinn,123.57318161056565,0.18898240247846718,0.1564905243540571,0.24422287606804302
mlp_V0-pinn,123.7722097834548,0.1932822065878115,0.162546509379685,0.2455512045563068
mlp_V0-pinn,123.97123795634396,0.19249385997962054,0.16530274528212355,0.25003300004481116
mlp_V0-pinn,124.1702661292331,0.18716632135383926,0.16801377170962253,0.25443586257397705
mlp_V0-pinn,124.36929430212226,0.1907527023350314,0.170681742932218,0.2587638213045229
mlp_V0-pinn,124.56832247501141,0.19162687878412166,0.17330169449385552,0.2630205738501732
mlp_V0-pinn,124.76735064790056,0.19091090527364174,0.16641316366993836,0.26720952325998704
mlp_V0-pinn,124.96637882078971,0.1865086342598692,0.1623764085520813,0.26914733347755637
mlp_V0-pinn,125.16540699367887,0.18658133603607516,0.16484832187756063,0.26496172429878956
mlp_V0-pinn,125.36443516656801,0.19106901057378,0.1594857534945284,0.2607089249885718
mlp_V0-pinn,125.56346333945717,0.18805719244444202,0.15393648660920844,0.25638559201719113
mlp_V0-pinn,125.76249151234632,0.18329904665996896,0.14817954734529545,0.25198809499520924
mlp_V0-pinn,125.96151968523547,0.17989107198971532,0.14604658558377254,0.24751248098757245
mlp_V0-pinn,126.16054785812463,0.17942889910734464,0.14485919764344563,0.24566501978737165
mlp_V0-pinn,126.35957603101377,0.18167965619692847,0.1436619960989249,0.24919806607650088
mlp_V0-pinn,126.55860420390293,0.18340400895799835,0.1424547335273636,0.2526817174340214
mlp_V0-pinn,126.75763237679207,0.18482188428039048,0.1412371519309875,0.25611798943952574
mlp_V0-pinn,126.95666054968123,0.18827055106605403,0.1400089820932982,0.2595087642136264
mlp_V0-pinn,127.15568872257039,0.18910296875740065,0.14377798135659237,0.2628558024712829
mlp_V0-pinn,127.35471689545953,0.18701532424074171,0.1479605251563375,0.2648136303560451
mlp_V0-pinn,127.55374506834869,0.18289688217084232,0.15202804374884862,0.2648480675297549
mlp_V0-pinn,127.75277324123785,0.1786835401338361,0.15598953544281258,0.2648825002263139
mlp_V0-pinn,127.95180141412699,0.17436841893446633,0.15985288314330473,0.2649169284474677
mlp_V0-pinn,128.15082958701615,0.16994376578342257,0.1635205113045237,0.264951352194961
mlp_V0-pinn,128.3498577599053,0.1688087644836055,0.16022836915005326,0.2649857714705373
mlp_V0-pinn,128.54888593279446,0.17206240896902553,0.1568671506201297,0.26453102407727996
mlp_V0-pinn,128.7479141056836,0.17525565952050404,0.15343231604479982,0.26354437246657053
mlp_V0-pinn,128.94694227857275,0.1736878989503856,0.14991880559177428,0.26255401314438614
mlp_V0-pinn,129.1459704514619,0.17131171308788581,0.146320951791796,0.26155990399456586
mlp_V0-pinn,129.34499862435106,0.1689021013499025,0.14305580671178722,0.2605620020975246
mlp_V0-pinn,129.5440267972402,0.1664576121411078,0.14283106585404298,0.2595602637086317
mlp_V0-pinn,129.74305497012935,0.16715210764522376,0.14260597081484244,0.2584014091976917
mlp_V0-pinn,129.94208314301852,0.16991467871627114,0.1423805199143669,0.2571170537232806
mlp_V0-pinn,130.14111131590766,0.17088276106065728,0.142154711459477,0.25582625032495754
mlp_V0-pinn,130.3401394887968,0.17022645386317214,0.14192854374356448,0.2545289009038372
mlp_V0-pinn,130.53916766168598,0.17113484292328524,0.14163677670326477,0.2532249048480476
mlp_V0-pinn,130.73819583457512,0.17015572115516897,0.14112963253805652,0.2519141589416726
mlp_V0-pinn,130.93722400746427,0.16991528672055345,0.14062065938461257,0.25213813331170176
mlp_V0-pinn,131.13625218035344,0.17042157858143284,0.14010983731058851,0.25327072938083417
mlp_V0-pinn,131.33528035324258,0.1741058767887967,0.13959714601894965,0.2543982831158455
mlp_V0-pinn,131.53430852613172,0.17922478739177303,0.1390825648385603,0.25552086126866447
mlp_V0-pinn,131.73333669902087,0.18118716072348592,0.13834831338750553,0.25663852913128654
mlp_V0-pinn,131.93236487191004,0.18115002000666536,0.1371766142729308,0.25775135058008997
mlp_V0-pinn,132.13139304479918,0.1759881099389982,0.13599482045137412,0.25773157814437353
mlp_V0-pinn,132.33042121768833,0.17055580190041914,0.13480266642696104,0.25724735330820686
mlp_V0-pinn,132.5294493905775,0.170652080228896,0.13359987485785876,0.2567622152797515
mlp_V0-pinn,132.72847756346664,0.1719231326698853,0.13238615580283522,0.25627615887291105
mlp_V0-pinn,132.92750573635578,0.17403312375795374,0.1314537998105041,0.2557891788523151
mlp_V0-pinn,133.12653390924496,0.17266114799948912,0.13087847642823805,0.2553012699326615
mlp_V0-pinn,133.3255620821341,0.18077992995181125,0.13030061281411404,0.2540117606949718
mlp_V0-pinn,133.52459025502324,0.1885494474090605,0.12972017502027375,0.25248212911321094
mlp_V0-pinn,133.7236184279124,0.19601123733894127,0.1291371283359175,0.25094317378984526
mlp_V0-pinn,133.92264660080156,0.19734726879314346,0.12855143726308169,0.2493947221211808
mlp_V0-pinn,134.1216747736907,0.2016678366596978,0.12890733613952826,0.24783659611139247
mlp_V0-pinn,134.32070294657984,0.19644123545476805,0.13001737171011477,0.2462686121337065
mlp_V0-pinn,134.51973111946901,0.19202792513161762,0.13111801013675817,0.24773191715734844
mlp_V0-pinn,134.71875929235816,0.19242808062034555,0.132209486112154,0.24969130857601696
mlp_V0-pinn,134.9177874652473,0.19057938266309396,0.1332920247196233,0.25163544340643285
mlp_V0-pinn,135.11681563813647,0.18511808144465558,0.13436584197508505,0.25356467257546067
mlp_V0-pinn,135.31584381102562,0.17949068794579445,0.13414189849432528,0.25547933375959964
mlp_V0-pinn,135.51487198391476,0.17810869483500055,0.13325706225282047,0.2573797520750171
mlp_V0-pinn,135.71390015680393,0.17675551577045537,0.13236631123077439,0.2593794790756875
mlp_V0-pinn,135.91292832969307,0.17539189700420058,0.1314695252042557,0.26137331536458663
mlp_V0-pinn,136.11195650258222,0.1740175931168585,0.13056657982049855,0.2633520567676971
mlp_V0-pinn,136.3109846754714,0.17263234892000065,0.12965734639661874,0.26531604102066114
mlp_V0-pinn,136.51001284836053,0.1713872900680404,0.1293625535669318,0.2672655934496205
mlp_V0-pinn,136.70904102124967,0.17208548534275953,0.1292541477775767,0.2691913736509057
mlp_V0-pinn,136.90806919413882,0.1714474526600373,0.12914565099165348,0.2680063951517351
mlp_V0-pinn,137.107097367028,0.17055316526635722,0.1290370629796273,0.26681615400195374
mlp_V0-pinn,137.30612553991713,0.1696541639369073,0.12892838351099667,0.2656205794560368
mlp_V0-pinn,137.50515371280628,0.16875037333259055,0.12881961235428777,0.26441959916906155
mlp_V0-pinn,137.70418188569545,0.17449878019960435,0.1285365407237312,0.26321313914562383
mlp_V0-pinn,137.9032100585846,0.1791507940925828,0.12822928479526302,0.2619995295837154
mlp_V0-pinn,138.10223823147373,0.18234980492089267,0.12792129086663387,0.26075951152400834
mlp_V0-pinn,138.3012664043629,0.185493654029922,0.12761255359433574,0.25951356842830126
mlp_V0-pinn,138.50029457725205,0.18858510019632252,0.12730306757006477,0.2582616145433577
mlp_V0-pinn,138.6993227501412,0.19162667963188637,0.12699282731961578,0.2570035620272473
mlp_V0-pinn,138.89835092303036,0.19320417308953716,0.12609053072558876,0.25573932087742063
mlp_V0-pinn,139.0973790959195,0.19485813042346725,0.12517200601575496,0.25497434179226636
mlp_V0-pinn,139.29640726880865,0.1914257666844658,0.12424669106803511,0.2570017487154544
mlp_V0-pinn,139.4954354416978,0.18793072476139203,0.1233144330267277,0.2590132867503203
mlp_V0-pinn,139.69446361458697,0.18436944016823517,0.12237507321366894,0.2610093227905967
mlp_V0-pinn,139.8934917874761,0.18073799718530414,0.12144945000745126,0.26299020980638804
mlp_V0-pinn,140.09251996036525,0.17703207840716767,0.1207095458204294,0.26495628757289397
mlp_V0-pinn,140.29154813325442,0.1768304138915013,0.11996507824044572,0.2664044800050685
mlp_V0-pinn,140.49057630614357,0.17459231271673611,0.11921596177650962,0.2660757254064064
mlp_V0-pinn,140.6896044790327,0.17404539002758232,0.1184621082344905,0.26574656410633013
mlp_V0-pinn,140.88863265192188,0.1780248024862317,0.11770342659592396,0.2654169945917071
mlp_V0-pinn,141.08766082481102,0.1835665958270686,0.11778426891254003,0.26508701533999873
mlp_V0-pinn,141.28668899770017,0.18295249892248014,0.12107624438319889,0.26475662481917833
mlp_V0-pinn,141.48571717058934,0.17915950802183717,0.12428105207399384,0.26538537121176986
mlp_V0-pinn,141.68474534347848,0.18038078833525548,0.12740527012371713,0.268214923428237
mlp_V0-pinn,141.88377351636763,0.18174493050791565,0.1304546887082863,0.2710149350977196
mlp_V0-pinn,142.08280168925677,0.18275209780972815,0.13343443617243053,0.2737863125549328
mlp_V0-pinn,142.28182986214594,0.18181774403433096,0.13455894374377014,0.2765299167157754
mlp_V0-pinn,142.48085803503508,0.18055560779823732,0.13172312390692162,0.27924656620134086
mlp_V0-pinn,142.67988620792423,0.17903900365188144,0.12882489434172786,0.28153393998875753
mlp_V0-pinn,142.8789143808134,0.17750944242469427,0.12585994371727793,0.28311857162890053
mlp_V0-pinn,143.07794255370254,0.17720752647419324,0.12282344020127221,0.2846943832195927
mlp_V0-pinn,143.27697072659168,0.1791846280556526,0.1197099389910237,0.2862615204186195
mlp_V0-pinn,143.47599889948086,0.17866326038047303,0.11790212738367377,0.2878201249182817
mlp_V0-pinn,143.67502707237,0.17878549813371572,0.1179715739431495,0.28937033459491096
mlp_V0-pinn,143.87405524525914,0.1786494668568555,0.11804097964542629,0.2887013810503767
mlp_V0-pinn,144.07308341814831,0.17862174933044755,0.11811034456253144,0.2852987150655771
mlp_V0-pinn,144.27211159103746,0.17920394392539435,0.11817966876628083,0.2818549737289448
mlp_V0-pinn,144.4711397639266,0.17934320889544222,0.11824895232827988,0.2783686325960937
mlp_V0-pinn,144.67016793681574,0.17870795604327572,0.12225977597534807,0.27483807052716297
mlp_V0-pinn,144.86919610970492,0.1782094354403426,0.12936100805744397,0.2712615608757871
mlp_V0-pinn,145.06822428259406,0.17848243684528753,0.13609220400057315,0.2688190826618513
mlp_V0-pinn,145.2672524554832,0.18047166973981454,0.14250580891258136,0.26745868330113504
mlp_V0-pinn,145.46628062837237,0.18012597555972928,0.14864293847312401,0.2660913289515357
mlp_V0-pinn,145.66530880126152,0.17929894703826724,0.1545365352983574,0.2647169118383108
mlp_V0-pinn,145.86433697415066,0.17957029206218322,0.1541641038850972,0.2633353213741553
mlp_V0-pinn,146.06336514703983,0.18293868001929048,0.1502687546667428,0.26194644405535866
mlp_V0-pinn,146.26239331992898,0.183051592991388,0.14626970407945938,0.26319865400016257
mlp_V0-pinn,146.46142149281812,0.18214151623077482,0.14215820072683635,0.26622909964783936
mlp_V0-pinn,146.6604496657073,0.18122686934614968,0.13792418836553,0.26922543626318324
mlp_V0-pinn,146.85947783859643,0.183934229094954,0.1335560161081824,0.2721887902961899
mlp_V0-pinn,147.05850601148558,0.18836463544691498,0.13204599473113002,0.2751202275273579
mlp_V0-pinn,147.25753418437475,0.18890406446752006,0.13150656304542038,0.27802075754609995
mlp_V0-pinn,147.4565623572639,0.188505212285087,0.13096490951206988,0.2794813802670206
mlp_V0-pinn,147.65559053015303,0.18633045992710498,0.13042100644831026,0.28024024420045207
mlp_V0-pinn,147.85461870304218,0.18496861136200418,0.1298748255917047,0.28099705874456954
mlp_V0-pinn,148.05364687593135,0.18623084331014905,0.12932633808301086,0.28175184041398765
mlp_V0-pinn,148.2526750488205,0.18677341710212667,0.12826842316713236,0.2825046055027054
mlp_V0-pinn,148.45170322170964,0.18547840575552513,0.12711425003066093,0.2832553700882108
mlp_V0-pinn,148.6507313945988,0.18417428883320652,0.12594950075300887,0.2820347236493822
mlp_V0-pinn,148.84975956748795,0.1828608715193702,0.12477387915347918,0.2801798213169216
mlp_V0-pinn,149.0487877403771,0.18153795195063163,0.1235870749636946,0.2783125566739324
mlp_V0-pinn,149.24781591326627,0.1824999252720341,0.12238876287125657,0.2764326792034173
mlp_V0-pinn,149.4468440861554,0.18396150174535106,0.12195970475885459,0.274539929811272
mlp_V0-pinn,149.64587225904455,0.1854115571492553,0.12155772666720754,0.27263404040944134
mlp_V0-pinn,149.84490043193372,0.18360076243736217,0.1211544148602604,0.2714430277504074
mlp_V0-pinn,150.04392860482287,0.18491370998761217,0.12074975597393417,0.2703917329259056
mlp_V0-pinn,150.242956777712,0.18957369091943294,0.12034373641946311,0.26933633463578605
mlp_V0-pinn,150.44198495060115,0.18961769981462795,0.11994831309485778,0.2682767844510701
mlp_V0-pinn,150.64101312349032,0.1873991325106861,0.1197105165309714,0.2672130329826218
mlp_V0-pinn,150.84004129637947,0.18672284022756022,0.11947224665972399,0.2661450298542837
mlp_V0-pinn,151.0390694692686,0.1880159717230733,0.11923350064361896,0.2681385216706754
mlp_V0-pinn,151.23809764215778,0.18833762327020193,0.11899427561669439,0.2703938427710011
mlp_V0-pinn,151.43712581504693,0.18776772968439004,0.11875456868412172,0.2726305074880695
mlp_V0-pinn,151.63615398793607,0.18571234581489365,0.1189878456894693,0.27484897128775243
mlp_V0-pinn,151.83518216082524,0.18322734764757287,0.12128548573020395,0.2770496713996777
mlp_V0-pinn,152.03421033371438,0.18178339383479789,0.1235404009860822,0.2792330278233627
mlp_V0-pinn,152.23323850660353,0.18130701243846467,0.1257548897768689,0.27833064623088
mlp_V0-pinn,152.4322666794927,0.18082937605551236,0.12793105146829287,0.2774115898336949
mlp_V0-pinn,152.63129485238184,0.1803504747149013,0.13007080977980212,0.2764894784920706
mlp_V0-pinn,152.83032302527099,0.17987029831285264,0.13215143443164165,0.27556428153803997
mlp_V0-pinn,153.02935119816013,0.17990157937277948,0.13413985287037522,0.2746359677870601
mlp_V0-pinn,153.2283793710493,0.1812957651352901,0.1360992234872463,0.27369569674425803
mlp_V0-pinn,153.42740754393844,0.17957857789530776,0.13803078330422108,0.2726481640246244
mlp_V0-pinn,153.6264357168276,0.17784481106237526,0.13993568395989014,0.27159659106047723
mlp_V0-pinn,153.82546388971676,0.17609397492453485,0.14181499973933562,0.27054093073940894
mlp_V0-pinn,154.0244920626059,0.17909481706404348,0.1420895129736238,0.269481135026219
mlp_V0-pinn,154.22352023549504,0.18298473443852833,0.13998136348073936,0.26841715493740875
mlp_V0-pinn,154.42254840838422,0.18679366310417084,0.13784097557247646,0.26741045792777496
mlp_V0-pinn,154.62157658127336,0.19052646040434912,0.13566682340062847,0.2667326251175301
mlp_V0-pinn,154.8206047541625,0.19214042810940396,0.13345725681454185,0.2660530653742508
mlp_V0-pinn,155.01963292705167,0.19157325143078935,0.13121048670478955,0.2653717654310304
mlp_V0-pinn,155.21866109994082,0.1883116746053065,0.12991278802856418,0.26468871185021914
mlp_V0-pinn,155.41768927282996,0.18615597740739526,0.1295603080530903,0.2640038910203311
mlp_V0-pinn,155.6167174457191,0.1874612283552564,0.1292068665058814,0.26405246287948025
mlp_V0-pinn,155.81574561860828,0.18875745375592615,0.12885245547418042,0.26642007072792534
mlp_V0-pinn,156.01477379149742,0.18637694527008386,0.1284970669361081,0.26876682276766595
mlp_V0-pinn,156.21380196438656,0.1839091757541571,0.1281406927585443,0.2710932606218369
mlp_V0-pinn,156.41283013727573,0.18492750866815685,0.12747506536658879,0.2733999028685501
mlp_V0-pinn,156.61185831016488,0.1863380510582357,0.12661389593255798,0.2756872463906988
mlp_V0-pinn,156.81088648305402,0.1880022434323674,0.1257468289708538,0.2773303425249119
mlp_V0-pinn,157.0099146559432,0.18965183310219993,0.12487374163221689,0.2776132033530116
mlp_V0-pinn,157.20894282883233,0.1893648417688533,0.12399450674217062,0.2778957762666719
mlp_V0-pinn,157.40797100172148,0.18810880399979715,0.12310899258477721,0.27817806214328217
mlp_V0-pinn,157.60699917461065,0.18684432286351463,0.12516651654361122,0.27846006185578454
mlp_V0-pinn,157.8060273474998,0.1858085509116101,0.12827673496834896,0.2787417762727054
mlp_V0-pinn,158.00505552038894,0.18513705022299187,0.1313133070355704,0.2784525510262218
mlp_V0-pinn,158.20408369327808,0.1844631050878978,0.13428122904969228,0.27727333571958346
mlp_V0-pinn,158.40311186616725,0.1838600357714723,0.13718495670289063,0.2760890838644638
mlp_V0-pinn,158.6021400390564,0.18462136956595976,0.14002848358834682,0.2748997303694078
mlp_V0-pinn,158.80116821194554,0.1833711951223552,0.14167246970263075,0.27370520872871107
mlp_V0-pinn,159.0001963848347,0.18295747904451246,0.14307951596070959,0.27250545097902423
mlp_V0-pinn,159.19922455772385,0.18491745371032525,0.14447285940085428,0.27159058243510786
mlp_V0-pinn,159.398252730613,0.1868568709871204,0.14585289273568444,0.2709876989123802
mlp_V0-pinn,159.59728090350217,0.18877636447258042,0.14721999027059876,0.27038347112242733
mlp_V0-pinn,159.7963090763913,0.19067653587128014,0.14857450908949105,0.2697778900328902
mlp_V0-pinn,159.99533724928045,0.19005603265353097,0.14802118721832688,0.2691709465098043
mlp_V0-pinn,160.19436542216962,0.18767375820071622,0.14734776764207938,0.2685626313159922
mlp_V0-pinn,160.39339359505877,0.18710952777681203,0.14667125619113475,0.26845929389277134
mlp_V0-pinn,160.5924217679479,0.19000088159113582,0.14599160988312565,0.26876146989453004
mlp_V0-pinn,160.79144994083705,0.19284889065264552,0.14530878473047668,0.26906330653274035
mlp_V0-pinn,160.99047811372623,0.19432029426854266,0.1445656503058464,0.26936480494822335
mlp_V0-pinn,161.18950628661537,0.19570128148066543,0.1428198741185569,0.2696659662754227
mlp_V0-pinn,161.3885344595045,0.19234383785706594,0.1410524924917267,0.26996679164245446
mlp_V0-pinn,161.58756263239368,0.18968837120096427,0.1392626828443884,0.27101532977087645
mlp_V0-pinn,161.78659080528283,0.18817961241054815,0.13744956903499148,0.2724718416481653
mlp_V0-pinn,161.98561897817197,0.1866586587466369,0.13561221634791262,0.2739206089571736
mlp_V0-pinn,162.18464715106114,0.18579291494459055,0.13389700543178992,0.2753617539379695
mlp_V0-pinn,162.38367532395029,0.1857598858460539,0.13292865251007327,0.27679539564833955
mlp_V0-pinn,162.58270349683943,0.18572685087372287,0.13195319341602477,0.27822165007857813
mlp_V0-pinn,162.7817316697286,0.1856938100244626,0.13097046937088466,0.27748923898188776
mlp_V0-pinn,162.98075984261774,0.18566076329513548,0.12998031559345002,0.27590654498993794
mlp_V0-pinn,163.1797880155069,0.18562771068260106,0.12898256097750538,0.27431471959379444
mlp_V0-pinn,163.37881618839606,0.18701234678233752,0.12827279279206394,0.27271360289387725
mlp_V0-pinn,163.5778443612852,0.18963490605742234,0.128342380417925,0.2711030302687464
mlp_V0-pinn,163.77687253417434,0.19203489111970307,0.12841193033360643,0.26948283217755126
mlp_V0-pinn,163.9759007070635,0.1911552482595357,0.1284814426003483,0.2700655246255988
mlp_V0-pinn,164.17492887995266,0.19027153877281064,0.12855091727922524,0.2711737393715345
mlp_V0-pinn,164.3739570528418,0.18938370573199187,0.12862035443114678,0.2722774435354164
mlp_V0-pinn,164.57298522573095,0.18849169086882903,0.12963185713008482,0.27337669174899093
mlp_V0-pinn,164.77201339862012,0.1879903722560939,0.13214292895940893,0.27447153755000503
mlp_V0-pinn,164.97104157150926,0.18778050760171996,0.13460716535514736,0.27556203341263247
mlp_V0-pinn,165.1700697443984,0.18757040813874254,0.13702709314556943,0.2746814616326161
mlp_V0-pinn,165.36909791728758,0.18736007307724153,0.13940501980524672,0.27353195762537713
mlp_V0-pinn,165.56812609017672,0.18817291648735757,0.14174305922293978,0.2723776024567952
mlp_V0-pinn,165.76715426306586,0.19285624965588063,0.14221496642896753,0.27121833418456953
mlp_V0-pinn,165.96618243595503,0.19039416669063627,0.1408135538779238,0.27005408953688076
mlp_V0-pinn,166.16521060884418,0.1909756027264669,0.139398053196842,0.268884803872094
mlp_V0-pinn,166.36423878173332,0.19337738594135082,0.13796803076948022,0.268214821219214
mlp_V0-pinn,166.56326695462246,0.19574970229934693,0.13652303026869456,0.26755891953094807
mlp_V0-pinn,166.76229512751163,0.1980936104649918,0.1350625709554112,0.26690140599008033
mlp_V0-pinn,166.96132330040078,0.20041010718980398,0.13398941322386107,0.26624226865468803
mlp_V0-pinn,167.16035147328992,0.19970116960084616,0.13317888681727688,0.2655814954346565
mlp_V0-pinn,167.3593796461791,0.19801024615669777,0.132363397250537,0.26492429502918297
mlp_V0-pinn,167.55840781906824,0.1963047580323163,0.1315428522175109,0.26437670985476197
mlp_V0-pinn,167.75743599195738,0.1945843222595707,0.1307171565148675,0.26382798814862013
mlp_V0-pinn,167.95646416484655,0.1928485387870662,0.12988621191314645,0.2632781228045123
mlp_V0-pinn,168.1554923377357,0.19109698939385933,0.12928370077735218,0.2627271066418295
mlp_V0-pinn,168.35452051062484,0.1905275710341534,0.12877285078944342,0.2621749324045049
mlp_V0-pinn,168.553548683514,0.19017309630106954,0.12825996613983867,0.26184908538504414
mlp_V0-pinn,168.75257685640315,0.18981795960682274,0.12774502232159532,0.2630003309774717
mlp_V0-pinn,168.9516050292923,0.18946215722898047,0.1272279943318184,0.26414655907570556
mlp_V0-pinn,169.15063320218144,0.18910568541009135,0.12670885665749468,0.26528783471695555
mlp_V0-pinn,169.3496613750706,0.1887485403572222,0.1263811573890473,0.26642422154542617
mlp_V0-pinn,169.54868954795975,0.18892171555136053,0.1260954429928953,0.2675557818537321
mlp_V0-pinn,169.7477177208489,0.18913179165468638,0.12580907973653518,0.2684496804509637
mlp_V0-pinn,169.94674589373807,0.18934163467698864,0.12552206317908104,0.26845452328370095
mlp_V0-pinn,170.1457740666272,0.18955124539236548,0.12523438882875812,0.26845936602907666
mlp_V0-pinn,170.34480223951635,0.18976062457063972,0.12494605214208224,0.26846420868709553
mlp_V0-pinn,170.54383041240553,0.18995377723242055,0.12471495501827044,0.2684690512577623
mlp_V0-pinn,170.74285858529467,0.18910473457278817,0.12448781844545931,0.26847389374108166
mlp_V0-pinn,170.9418867581838,0.1882518626490195,0.12426026668814959,0.2683076589262213
mlp_V0-pinn,171.14091493107298,0.18739510917792354,0.1240322974612277,0.26773470283500855
mlp_V0-pinn,171.33994310396213,0.18653442067561288,0.12380390845854136,0.2671605179771728
mlp_V0-pinn,171.53897127685127,0.18566974241854042,0.12360163264363914,0.26658509641296935
mlp_V0-pinn,171.7379994497404,0.185295157253456,0.1239610239646725,0.2660084301167786
mlp_V0-pinn,171.93702762262959,0.18538483858223634,0.12431937633598035,0.26543051097579934
mlp_V0-pinn,172.13605579551873,0.18510982673378729,0.1246766987161759,0.26507176663181503
mlp_V0-pinn,172.33508396840787,0.184834405700518,0.12503299993586128,0.26508591528028563
mlp_V0-pinn,172.53411214129704,0.1845585736505205,0.1253882887001736,0.2651000631736291
mlp_V0-pinn,172.7331403141862,0.18443914637754144,0.12560444909615495,0.26511421031196636
mlp_V0-pinn,172.93216848707533,0.1848767011492654,0.1251166969461416,0.26512835669541823
mlp_V0-pinn,173.1311966599645,0.18531322278562168,0.12462703589782069,0.2651425023241055
mlp_V0-pinn,173.33022483285365,0.1857487185704173,0.12413544336184065,0.2651981981155146
mlp_V0-pinn,173.5292530057428,0.1861831957022726,0.12364189629977701,0.26530277967507426
mlp_V0-pinn,173.72828117863196,0.18661666129600912,0.1231463712115337,0.26540732002513845
mlp_V0-pinn,173.9273093515211,0.18788318808516352,0.1226729485359296,0.2655118192143836
mlp_V0-pinn,174.12633752441025,0.19096055965581282,0.12226044712081187,0.26561627729139037
mlp_V0-pinn,174.3253656972994,0.19331974503303864,0.12184654922427159,0.26572069430464396
mlp_V0-pinn,174.52439387018856,0.19222355613654707,0.12143124056660555,0.26525803758168687
mlp_V0-pinn,174.7234220430777,0.1911210800720881,0.12101450662307735,0.26430152004266066
mlp_V0-pinn,174.92245021596685,0.19001220740274233,0.12059633261798983,0.26334152823289064
mlp_V0-pinn,175.12147838885602,0.188896825479424,0.12039759834253269,0.26237802401727095
mlp_V0-pinn,175.32050656174516,0.18802003348415208,0.12053584704887085,0.261410968557903
mlp_V0-pinn,175.5195347346343,0.18758687617500236,0.12067393737227498,0.26044032229582714
mlp_V0-pinn,175.71856290752348,0.18715271634365782,0.12081186985584948,0.259700989599168
mlp_V0-pinn,175.91759108041262,0.18671754699685741,0.12094964503960179,0.2591008610626292
mlp_V0-pinn,176.11661925330176,0.1862813610596553,0.12108726346046733,0.25849933927962876
mlp_V0-pinn,176.31564742619094,0.18584415137407911,0.12112310449279899,0.2578964145012747
mlp_V0-pinn,176.51467559908008,0.18553805341584614,0.1210604800208983,0.25729207686444994
mlp_V0-pinn,176.71370377196922,0.1853894405838706,0.12099782313664625,0.256686316389929
mlp_V0-pinn,176.91273194485836,0.18524070852450225,0.12093513378966404,0.2563295674380113
mlp_V0-pinn,177.11176011774754,0.18509185695032268,0.12087241192944216,0.2560800113922826
mlp_V0-pinn,177.31078829063668,0.18494288557275682,0.12080965750534005,0.25583021191091804
mlp_V0-pinn,177.50981646352582,0.1847543197456931,0.12074187030342422,0.25558016828012864
mlp_V0-pinn,177.708844636415,0.18405491412316943,0.12067104910050606,0.2553298797826304
mlp_V0-pinn,177.90787280930414,0.18335284061361246,0.12060018630858156,0.2550793456976204
mlp_V0-pinn,178.10690098219328,0.1837713308740892,0.12052928185429639,0.25471398133650297
mlp_V0-pinn,178.30592915508245,0.18339276592080908,0.12045833566408036,0.25431720825273674
mlp_V0-pinn,178.5049573279716,0.18301341790408537,0.12038734766414655,0.2539198151752623
mlp_V0-pinn,178.70398550086074,0.18263328194440936,0.1216212124501181,0.2535217991885765
mlp_V0-pinn,178.9030136737499,0.1832855020942028,0.1232973026523037,0.2531231573542539
mlp_V0-pinn,179.10204184663905,0.18456052974475723,0.12495091182072554,0.2527238867106944
mlp_V0-pinn,179.3010700195282,0.18582680915682437,0.12658292099777,0.2529846236370634
mlp_V0-pinn,179.50009819241734,0.18640257816806372,0.12819415513908827,0.25334823546257984
mlp_V0-pinn,179.6991263653065,0.18608911121100205,0.1297853879884852,0.2537113261705496
mlp_V0-pinn,179.89815453819566,0.18727725688234187,0.13205187988825792,0.2540738979951211
mlp_V0-pinn,180.0971827110848,0.18856633181997834,0.13439223133479172,0.25443595315452444
mlp_V0-pinn,180.29621088397397,0.1890666699830791,0.13669251883064246,0.25479749385122996
mlp_V0-pinn,180.4952390568631,0.1900814501967028,0.13895473207266754,0.2539936607653014
mlp_V0-pinn,180.69426722975226,0.1910908415368792,0.14118070132460775,0.2531289261989978
mlp_V0-pinn,180.89329540264143,0.19140155074744067,0.1433721147491013,0.2522612273980214
mlp_V0-pinn,181.09232357553057,0.19071337394123217,0.14410118855979914,0.2513905336683443
mlp_V0-pinn,181.29135174841971,0.19002270488436745,0.14479102424947668,0.2505168137825356
mlp_V0-pinn,181.4903799213089,0.1893295163018554,0.14547758886535864,0.24971734204885193
mlp_V0-pinn,181.68940809419803,0.18863378041755322,0.14616092850329077,0.25158883752464783
mlp_V0-pinn,181.88843626708717,0.18793546894117896,0.1468410881865489,0.2534465139118389
mlp_V0-pinn,182.08746443997634,0.18789218741436045,0.14730206348303793,0.2552906728831361
mlp_V0-pinn,182.2864926128655,0.18846466737324077,0.14571190106677728,0.25712160529248557
mlp_V0-pinn,182.48552078575463,0.1890354136262817,0.144104192578244,0.25893959171058617
mlp_V0-pinn,182.68454895864377,0.18960444182985942,0.1424783440553721,0.2604385795069043
mlp_V0-pinn,182.88357713153295,0.19017176740611552,0.14083372724917234,0.2596104004346549
mlp_V0-pinn,183.0826053044221,0.18978898238418623,0.1391696767871062,0.25877957093269494
mlp_V0-pinn,183.28163347731123,0.18899602316715264,0.1376498778860091,0.2579460653903787
mlp_V0-pinn,183.4806616502004,0.18819972293171103,0.13673153777593566,0.25710985778193196
mlp_V0-pinn,183.67968982308955,0.18767507948953766,0.13580698790235743,0.25627092165697046
mlp_V0-pinn,183.8787179959787,0.18716288274333,0.1348761005651112,0.2556878243079966
mlp_V0-pinn,184.07774616886786,0.18664928044914258,0.13393874362628946,0.25619110109956844
mlp_V0-pinn,184.276774341757,0.18613426097194438,0.1329947802912875,0.2566933911612484
mlp_V0-pinn,184.47580251464615,0.18561781251528936,0.1329157970990021,0.2571947002741581
mlp_V0-pinn,184.67483068753532,0.18512077415003678,0.13463303096614426,0.2576950341631876
mlp_V0-pinn,184.87385886042446,0.18570074066702785,0.1363286357879311,0.25819439849775744
mlp_V0-pinn,185.0728870333136,0.18627890150700518,0.13800340881465928,0.2588669984826073
mlp_V0-pinn,185.27191520620275,0.18685527343115138,0.13965809948990993,0.2599829242648793
mlp_V0-pinn,185.47094337909192,0.18742987294293348,0.1412934133701966,0.2610940805825399
mlp_V0-pinn,185.66997155198106,0.18800271629361634,0.14161989888197574,0.26220052807186645
mlp_V0-pinn,185.8689997248702,0.1884296291161334,0.14030204525592505,0.2633023260950981
mlp_V0-pinn,186.06802789775938,0.1874383984786905,0.1389716951276417,0.26439953277760014
mlp_V0-pinn,186.26705607064852,0.1863332452503692,0.13762848611499295,0.2648830945832569
mlp_V0-pinn,186.46608424353767,0.1852214980686964,0.13627203797536536,0.26425532153049835
mlp_V0-pinn,186.66511241642684,0.1841030374765444,0.13490195134842928,0.2636260535652185
mlp_V0-pinn,186.86414058931598,0.18350181612287875,0.1337876229932996,0.2629952799568006
mlp_V0-pinn,187.06316876220512,0.1844134135292247,0.13287890232254193,0.2623629898456343
mlp_V0-pinn,187.2621969350943,0.18423755002385506,0.1319639242319278,0.26172917224093456
mlp_V0-pinn,187.46122510798344,0.18381202856979656,0.1310425576480265,0.26151493649667895
mlp_V0-pinn,187.66025328087258,0.18338551975304626,0.13011466685651824,0.26182904472711843
mlp_V0-pinn,187.85928145376172,0.1829580166684317,0.12918011126883694,0.26214277658285523
mlp_V0-pinn,188.0583096266509,0.18252951232991702,0.12846987295152662,0.26245613341360896
mlp_V0-pinn,188.25733779954004,0.18217027186806461,0.12786793755014,0.26276911656105145
mlp_V0-pinn,188.45636597242918,0.18198556279786918,0.12726315511754224,0.2630817273588738
mlp_V0-pinn,188.65539414531835,0.18180066606376827,0.12665548486984962,0.26316365709318135
mlp_V0-pinn,188.8544223182075,0.18161558109259895,0.12604488504005953,0.26303251765138974
mlp_V0-pinn,189.05345049109664,0.18155844994645917,0.12543131284454825,0.26290131279512435
mlp_V0-pinn,189.2524786639858,0.18492062574098606,0.1269376146800792,0.26277004242639784
mlp_V0-pinn,189.45150683687496,0.18354984051206827,0.12896757905471598,0.26263870644697834
mlp_V0-pinn,189.6505350097641,0.18486140717872446,0.130966082913862,0.262507304758388
mlp_V0-pinn,189.84956318265327,0.18657804808089706,0.13293454517305428,0.2622823077741882
mlp_V0-pinn,190.0485913555424,0.18882600564285987,0.13487428119153397,0.2619971427502355
mlp_V0-pinn,190.24761952843156,0.18995895815985983,0.13678651305409875,0.2617116670063078
mlp_V0-pinn,190.4466477013207,0.18870881030921846,0.1357379182045506,0.26142587952449126
mlp_V0-pinn,190.64567587420987,0.18745032513031754,0.13437799058922414,0.2611397792813019
mlp_V0-pinn,190.84470404709901,0.18618333355755282,0.13300415884884956,0.2608533652476432
mlp_V0-pinn,191.04373221998816,0.1849076607329837,0.13161598758274923,0.260377331647836
mlp_V0-pinn,191.24276039287733,0.18399726362848248,0.13021301818049813,0.259813341697668
mlp_V0-pinn,191.44178856576647,0.18384653395247627,0.12883382736920662,0.2592481247997202
mlp_V0-pinn,191.64081673865562,0.18574836836422817,0.1288822910920839,0.25868167291138616
mlp_V0-pinn,191.8398449115448,0.18788359102058955,0.12893073659795315,0.25811397790180873
mlp_V0-pinn,192.03887308443393,0.18999481887570302,0.1289791639073416,0.25754503155051833
mlp_V0-pinn,192.23790125732307,0.1920828431287663,0.1290275730407381,0.2580528312428068
mlp_V0-pinn,192.43692943021225,0.1932811313476426,0.12907596401859306,0.25887343512888716
mlp_V0-pinn,192.6359576031014,0.19389395682424093,0.12903969370825832,0.25969144598625443
mlp_V0-pinn,192.83498577599053,0.1928264420051339,0.12849140439099135,0.26050688824181456
mlp_V0-pinn,193.03401394887968,0.19117087249210166,0.12794076540500068,0.2613197859413535
mlp_V0-pinn,193.23304212176885,0.1895008396879112,0.127387746280659,0.2621301627578109
mlp_V0-pinn,193.432070294658,0.1878159577763709,0.12683231588405888,0.2635183375120575
mlp_V0-pinn,193.63109846754713,0.1861158234769082,0.12627444239655877,0.2650013634777967
mlp_V0-pinn,193.8301266404363,0.18534842449597547,0.1262315936237025,0.2664761360517375
mlp_V0-pinn,194.02915481332545,0.18527941315675492,0.12766140613865434,0.2679427915153471
mlp_V0-pinn,194.2281829862146,0.18663932892261306,0.12907538109886543,0.26940146244036883
mlp_V0-pinn,194.42721115910376,0.18924756913644344,0.13047403341023947,0.2708522778286759
mlp_V0-pinn,194.6262393319929,0.19038696616810127,0.13185785066826766,0.27000286175767324
mlp_V0-pinn,194.82526750488205,0.19054502878973442,0.13322729514395337,0.26900333195841497
mlp_V0-pinn,195.02429567777122,0.1907029604024744,0.1339219551572357,0.26800007435096934
mlp_V0-pinn,195.22332385066036,0.19086076133153906,0.13350288481337186,0.26699304691231396
mlp_V0-pinn,195.4223520235495,0.19039608551902584,0.13308249484379311,0.2659822068239097
mlp_V0-pinn,195.62138019643865,0.18976143948083044,0.13266077270317705,0.2649744797621065
mlp_V0-pinn,195.82040836932782,0.18912466377155973,0.13223770564615742,0.2643788861023931
mlp_V0-pinn,196.01943654221697,0.1884857368067255,0.13181328072282988,0.2637819476542801
mlp_V0-pinn,196.2184647151061,0.1878446366347543,0.13213061780797722,0.26318365526724596
mlp_V0-pinn,196.41749288799528,0.18720134092818755,0.13321273400208836,0.2625839996865227
mlp_V0-pinn,196.61652106088442,0.18669031950681989,0.13428613047632468,0.26198297155142536
mlp_V0-pinn,196.81554923377357,0.1862009514579426,0.1353510146851432,0.26146153411288375
mlp_V0-pinn,197.01457740666274,0.18571029387227753,0.13640758598513228,0.261623800914674
mlp_V0-pinn,197.21360557955188,0.18521833650157934,0.13745603607075468,0.2617859671361689
mlp_V0-pinn,197.41263375244102,0.1847250689611372,0.13744053715452187,0.26194803296416946
mlp_V0-pinn,197.6116619253302,0.18423048072721698,0.13673336480904755,0.2621099985848993
mlp_V0-pinn,197.81069009821934,0.18543258096077944,0.1360225159695434,0.26227186418400705
mlp_V0-pinn,198.00971827110848,0.188051197178457,0.1353079326919353,0.2625924739594445
mlp_V0-pinn,198.20874644399765,0.19063384651925258,0.13458955549390106,0.2636246573397202
mlp_V0-pinn,198.4077746168868,0.1931801858492368,0.13386732329708576,0.26465281508955857
mlp_V0-pinn,198.60680278977594,0.19214007510583622,0.13327405787995578,0.26567699394597816
mlp_V0-pinn,198.80583096266508,0.19109430320814666,0.13272951969485733,0.2666972397485856
mlp_V0-pinn,199.00485913555426,0.19043066390227795,0.1321827382567982,0.2677135974635167
mlp_V0-pinn,199.2038873084434,0.19005436459441086,0.13163368561163563,0.26844514999214497
mlp_V0-pinn,199.40291548133254,0.18967731875084104,0.131082333219777,0.2684179731379476
mlp_V0-pinn,199.6019436542217,0.1892995219107302,0.13052865193886876,0.2683907935318621
mlp_V0-pinn,199.80097182711086,0.1889209695686372,0.12999801675052625,0.2683636111730526
mlp_V0-pinn,200.0,0.18872077762189599,0.1294701782418601,0.26833642606068236
mlp_V0-vpinn,1.2036869525909424,0.12304884613653289,0.05667229293288404,0.26840516522919267
mlp_V0-vpinn,1.4026822609467071,0.11344609577363896,0.05742612999895997,0.2513658471967307
mlp_V0-vpinn,1.601677569302472,0.10333299384045166,0.05752155515865598,0.23288690520140787
mlp_V0-vpinn,1.8006728776582368,0.09293946250523027,0.05525392457706521,0.2128093797078712
mlp_V0-vpinn,1.9996681860140018,0.08121409487560902,0.05288915819395993,0.19062883719156515
mlp_V0-vpinn,2.1986634943697663,0.06744566674205944,0.05041358872133016,0.16550188834683316
mlp_V0-vpinn,2.3976588027255312,0.05752118630665269,0.026103777187673587,0.13580278540489138
mlp_V0-vpinn,2.596654111081296,0.0540368958683147,0.02211844933570193,0.12720778235098135
mlp_V0-vpinn,2.795649419437061,0.0500867153934655,0.021122248280487293,0.12033859111282887
mlp_V0-vpinn,2.9946447277928256,0.045794273434952903,0.020076676613151986,0.11305278913581297
mlp_V0-vpinn,3.1936400361485906,0.040877632669131844,0.01897357412918344,0.10526390526553993
mlp_V0-vpinn,3.3926353445043556,0.03474491379443015,0.017802249482639955,0.09685063950288886
mlp_V0-vpinn,3.59163065286012,0.026258394777811507,0.01215127501349707,0.08763334406768074
mlp_V0-vpinn,3.790625961215885,0.02346594327866751,0.010061531923915507,0.08140493853609633
mlp_V0-vpinn,3.98962126957165,0.021763994829162428,0.010092400800944555,0.07541119271256197
mlp_V0-vpinn,4.188616577927414,0.019914462847151374,0.010123175549097314,0.06889798222442152
mlp_V0-vpinn,4.38761188628318,0.018254641740040278,0.010153857024243405,0.061701020436150306
mlp_V0-vpinn,4.586607194638944,0.016937816170784884,0.0101844460693605,0.05354530690105138
mlp_V0-vpinn,4.785602502994709,0.014863528452242458,0.009793253517707162,0.04389970226998492
mlp_V0-vpinn,4.984597811350474,0.013949580859899464,0.009156740010858016,0.0394404141516943
mlp_V0-vpinn,5.183593119706239,0.013574573328435983,0.009204584161541135,0.036675542675638294
mlp_V0-vpinn,5.382588428062004,0.013188801398874985,0.008913132112297011,0.0336844859341502
mlp_V0-vpinn,5.581583736417769,0.012791270496138069,0.008205793925404591,0.03040055517163067
mlp_V0-vpinn,5.780579044773533,0.012239973075478881,0.007431432152765283,0.02671596745092265
mlp_V0-vpinn,5.979574353129298,0.011586410057454678,0.0065663775200715015,0.022434172125000637
mlp_V0-vpinn,6.178569661485063,0.011122636824923558,0.006183280801687607,0.020654926428264636
mlp_V0-vpinn,6.377564969840828,0.010723307965395392,0.006020100027182022,0.020124462299033082
mlp_V0-vpinn,6.576560278196593,0.010522753774482698,0.005852371075216901,0.0196219132612778
mlp_V0-vpinn,6.775555586552358,0.010709652092107525,0.005679691018602496,0.01923503415488593
mlp_V0-vpinn,6.974550894908122,0.01076478867415479,0.0055015936719783574,0.01884021225586769
mlp_V0-vpinn,7.173546203263887,0.010694326768962965,0.005317534748011596,0.018436937293180387
mlp_V0-vpinn,7.3725415116196515,0.010657119780570911,0.005345678340396039,0.018030080427660435
mlp_V0-vpinn,7.5715368199754165,0.010638361741625385,0.00548788494638149,0.017615997067762443
mlp_V0-vpinn,7.7705321283311815,0.01061829893540744,0.005626498507105622,0.017191943030237338
mlp_V0-vpinn,7.969527436686946,0.010596907995749695,0.005761778346674142,0.016757161383075515
mlp_V0-vpinn,8.168522745042711,0.010574162687599146,0.005893954019327283,0.016310794281148556
mlp_V0-vpinn,8.367518053398475,0.010631480900969159,0.006023229885010653,0.01585186306228576
mlp_V0-vpinn,8.56651336175424,0.010808635891029957,0.006118545769525593,0.015487598356247592
mlp_V0-vpinn,8.765508670110005,0.010982473920318087,0.0061900840584394115,0.015328544792122638
mlp_V0-vpinn,8.964503978465771,0.011153117103081606,0.006260804977581712,0.015167823444508345
mlp_V0-vpinn,9.163499286821535,0.011320752741040059,0.006330735919628787,0.015112970205100225
mlp_V0-vpinn,9.3624945951773,0.011485549664195408,0.006399902780577556,0.015363282762136318
mlp_V0-vpinn,9.561489903533065,0.011647660737326242,0.005998563193716496,0.01560958186622764
mlp_V0-vpinn,9.76048521188883,0.011802189764507162,0.005664089996450342,0.015721990252751165
mlp_V0-vpinn,9.959480520244595,0.011944455238716407,0.005477261460342395,0.015737454775232182
mlp_V0-vpinn,10.15847582860036,0.012085045830131765,0.00528383106486339,0.01575290411630039
mlp_V0-vpinn,10.357471136956123,0.01222401934474594,0.005083045183655037,0.01576833832057866
mlp_V0-vpinn,10.556466445311889,0.012361430337557423,0.004873994866240827,0.01578375743247168
mlp_V0-vpinn,10.755461753667653,0.012407139786063608,0.0046555669443372,0.015799161496167467
mlp_V0-vpinn,10.954457062023419,0.012410900519230961,0.004504730959849763,0.01580701882823126
mlp_V0-vpinn,11.153452370379183,0.012415829305829722,0.00442992443297057,0.01580781010873129
mlp_V0-vpinn,11.352447678734949,0.012420476758685225,0.004353832787674589,0.015808601349624727
mlp_V0-vpinn,11.551442987090713,0.012404552660219847,0.004276387424477692,0.015809392550917515
mlp_V0-vpinn,11.750438295446477,0.012357438465692736,0.004197513414562436,0.015810183712615607
mlp_V0-vpinn,11.949433603802243,0.012310138632036796,0.004117128650726409,0.01581097483472494
mlp_V0-vpinn,12.148428912158007,0.01227002631089224,0.004025496831417621,0.01580806340773468
mlp_V0-vpinn,12.347424220513773,0.012225903004461816,0.003918817992093376,0.015800731250382023
mlp_V0-vpinn,12.546419528869537,0.012166838309669279,0.0038091526840698087,0.0157933956890416
mlp_V0-vpinn,12.7454148372253,0.012107314851773915,0.003696235096142789,0.01578605671896806
mlp_V0-vpinn,12.944410145581067,0.01204732071848169,0.0035797574780086923,0.015778714335405005
mlp_V0-vpinn,13.14340545393683,0.011986843466020003,0.0034593602467451433,0.015771368533584972
mlp_V0-vpinn,13.342400762292597,0.011920366832650717,0.003359327903807702,0.01575431111088484
mlp_V0-vpinn,13.54139607064836,0.01183732372202015,0.0032984393255254844,0.015722397498677328
mlp_V0-vpinn,13.740391379004127,0.011753657225549404,0.0032364054138882188,0.015690418975740597
mlp_V0-vpinn,13.93938668735989,0.011669352322769371,0.0031731589972639157,0.01565837514438028
mlp_V0-vpinn,14.138381995715655,0.011584393354592404,0.003108626069630907,0.015626265602824364
mlp_V0-vpinn,14.33737730407142,0.011498763983493643,0.003042724775536043,0.015594089945164398
mlp_V0-vpinn,14.536372612427185,0.011417634288960924,0.003018393264163462,0.015560417045193753
mlp_V0-vpinn,14.73536792078295,0.011353892584679915,0.0030864106822566027,0.01552384545739633
mlp_V0-vpinn,14.934363229138715,0.01128962476618117,0.0031529611323243387,0.015487187509354081
mlp_V0-vpinn,15.13335853749448,0.011307715797577868,0.0032181356255366685,0.015450442586368244
mlp_V0-vpinn,15.332353845850244,0.011334982984482236,0.0032820161344436732,0.015413610066413053
mlp_V0-vpinn,15.531349154206008,0.011361962825886262,0.003344676801897143,0.015376689320012881
mlp_V0-vpinn,15.730344462561774,0.0113779579266323,0.0033661910727262566,0.01533907984556761
mlp_V0-vpinn,15.929339770917538,0.01134139547165334,0.0032672734881641734,0.015299809756567301
mlp_V0-vpinn,16.128335079273306,0.011297899298702148,0.003165266142809955,0.015260438613146268
mlp_V0-vpinn,16.32733038762907,0.011254224386321402,0.0030598600398020754,0.015220965631130607
mlp_V0-vpinn,16.52632569598483,0.011210368395214849,0.0029506909651022596,0.015181390016151776
mlp_V0-vpinn,16.7253210043406,0.011166328932557472,0.002837324598965481,0.015141710963460052
mlp_V0-vpinn,16.924316312696362,0.011084746091400487,0.002739188055898066,0.015100274807755231
mlp_V0-vpinn,17.123311621052128,0.01096533819963253,0.002723307707269076,0.015052811563735597
mlp_V0-vpinn,17.322306929407894,0.010844612594939625,0.0027073342112431697,0.015005198188525769
mlp_V0-vpinn,17.521302237763656,0.010722524559240262,0.0026912659092449783,0.01495743324840669
mlp_V0-vpinn,17.720297546119422,0.010599026780094254,0.0026751010928861593,0.014909515286693488
mlp_V0-vpinn,17.919292854475188,0.010474069134414479,0.0026588380018454016,0.01486144282321712
mlp_V0-vpinn,18.11828816283095,0.01035189796440472,0.0026560773189570545,0.01481269375523224
mlp_V0-vpinn,18.317283471186716,0.010300527834121727,0.0027453399179501706,0.014761045105581285
mlp_V0-vpinn,18.516278779542482,0.01024887441154694,0.002831790212198496,0.014709215102503405
mlp_V0-vpinn,18.715274087898248,0.010196932597007869,0.0029156783681873687,0.014657201822122231
mlp_V0-vpinn,18.91426939625401,0.010144697128263845,0.0029972195260821823,0.014605003306303368
mlp_V0-vpinn,19.113264704609776,0.010092162572940603,0.003076600303637256,0.014552617561794214
mlp_V0-vpinn,19.31226001296554,0.010040020939391138,0.00314287034019539,0.014500064970557086
mlp_V0-vpinn,19.511255321321304,0.010002563939464078,0.003046454295784036,0.014447518981847506
mlp_V0-vpinn,19.71025062967707,0.009964135334234382,0.002946885402814658,0.014394781183168824
mlp_V0-vpinn,19.909245938032836,0.009925244987947297,0.002843832515874171,0.014341849458552356
mlp_V0-vpinn,20.1082412463886,0.009843172110930179,0.002736902113588341,0.014288721652836749
mlp_V0-vpinn,20.307236554744364,0.009757307336316166,0.002625620494356609,0.014235395570644079
mlp_V0-vpinn,20.50623186310013,0.009671093517129133,0.002509821118643146,0.014184384442443338
mlp_V0-vpinn,20.705227171455896,0.009610471820733935,0.0025373662025184995,0.014186183639190384
mlp_V0-vpinn,20.904222479811658,0.009552302730114311,0.0025646154572916318,0.014187982607778926
mlp_V0-vpinn,21.103217788167424,0.009493772345615648,0.0025915782145008058,0.014189781348295738
mlp_V0-vpinn,21.30221309652319,0.009434873758818142,0.0026182633251778174,0.014191579860827546
mlp_V0-vpinn,21.501208404878955,0.009375599835441648,0.0026446791937902825,0.014193378145461013
mlp_V0-vpinn,21.700203713234718,0.009315964294193648,0.0026708338091620816,0.014195176202282753
mlp_V0-vpinn,21.899199021590483,0.009244265310049307,0.002636787419858552,0.014096183124434673
mlp_V0-vpinn,22.09819432994625,0.009169125208884302,0.0025983600291518273,0.013995243547416443
mlp_V0-vpinn,22.29718963830201,0.009093353633133957,0.0025593557362475917,0.013893570643481335
mlp_V0-vpinn,22.496184946657777,0.009016934115774625,0.002519747750913376,0.01379114819365346
mlp_V0-vpinn,22.695180255013543,0.008939849449625654,0.0024795071429222744,0.013687959372134904
mlp_V0-vpinn,22.894175563369306,0.008862081639208135,0.0024386025948014054,0.013583986714036515
mlp_V0-vpinn,23.09317087172507,0.008808021013880375,0.0024170387724930615,0.013511478657740758
mlp_V0-vpinn,23.292166180080837,0.008758039186742578,0.0023981377126846086,0.01344099130302746
mlp_V0-vpinn,23.491161488436603,0.008707762204250714,0.0023790864949105083,0.013370132344054625
mlp_V0-vpinn,23.690156796792365,0.008657184630001587,0.0023598814825179187,0.013298895840896396
mlp_V0-vpinn,23.88915210514813,0.008606300854463142,0.002340518889647416,0.013227275693675069
mlp_V0-vpinn,24.088147413503897,0.00855510508699076,0.002320994772519269,0.013155265636465234
mlp_V0-vpinn,24.28714272185966,0.008489060003166186,0.002315571592887246,0.013108785247396943
mlp_V0-vpinn,24.486138030215425,0.008422620133147927,0.0023134526006782915,0.013065954748470299
mlp_V0-vpinn,24.68513333857119,0.008355602496802646,0.0023113316658117072,0.013022983387679465
mlp_V0-vpinn,24.884128646926957,0.008287990652437462,0.002309208782934686,0.012979869766006019
mlp_V0-vpinn,25.08312395528272,0.00821976732545498,0.0023070839466697926,0.012936612461118982
mlp_V0-vpinn,25.282119263638485,0.008150914346321245,0.0023049571516148056,0.012893210026827327
mlp_V0-vpinn,25.48111457199425,0.008103802071709777,0.0023633499975180706,0.012844807965813776
mlp_V0-vpinn,25.680109880350013,0.008061003571219293,0.0024403368405476306,0.012795084652770806
mlp_V0-vpinn,25.87910518870578,0.008017976539858335,0.002514968107133632,0.012745167353334712
mlp_V0-vpinn,26.078100497061545,0.007974717275819065,0.0025874476351154738,0.012695053779226258
mlp_V0-vpinn,26.27709580541731,0.007931221976224395,0.00265795145723732,0.012644741596821378
mlp_V0-vpinn,26.476091113773073,0.007887486733220515,0.002726632838061502,0.012594228425883138
mlp_V0-vpinn,26.67508642212884,0.00782915389699245,0.0026956825302194365,0.012538205356126098
mlp_V0-vpinn,26.874081730484605,0.007763044921704905,0.0026161051860080354,0.01248015710500448
mlp_V0-vpinn,27.073077038840367,0.007696367497379364,0.0025340300678535796,0.012421837592675185
mlp_V0-vpinn,27.272072347196133,0.007629106686354211,0.0024492060806134484,0.012363242980383547
mlp_V0-vpinn,27.4710676555519,0.007561246884284825,0.0023613370081040455,0.012304369337971273
mlp_V0-vpinn,27.670062963907665,0.007492771777677262,0.0022700692734737493,0.01224521264080017
mlp_V0-vpinn,27.869058272263427,0.007438761387970869,0.002245703119047875,0.012193845975795793
mlp_V0-vpinn,28.068053580619193,0.007394008606963354,0.002264864170016028,0.012145893676185952
mlp_V0-vpinn,28.26704888897496,0.007348982157419767,0.002283864470222221,0.012097751307784291
mlp_V0-vpinn,28.46604419733072,0.00730367693485759,0.0023027079988709952,0.012049416592382354
mlp_V0-vpinn,28.665039505686487,0.007258087673421133,0.0023213985736588835,0.012000887205892813
mlp_V0-vpinn,28.864034814042252,0.0072122089386165746,0.0023399398598054903,0.011952160777045482
mlp_V0-vpinn,29.06303012239802,0.00716559597889256,0.0023357567800378065,0.011898459240342064
mlp_V0-vpinn,29.26202543075378,0.007120801803167315,0.002312991516829279,0.011841739859503205
mlp_V0-vpinn,29.461020739109546,0.007075714841399888,0.0022899999516060765,0.011784747494376469
mlp_V0-vpinn,29.660016047465312,0.007039018049706178,0.0022667751983351716,0.011727478165073597
mlp_V0-vpinn,29.859011355821075,0.007005902180016819,0.002243310014514062,0.01166992779405012
mlp_V0-vpinn,30.05800666417684,0.006972562437664934,0.0022195967747883185,0.011612092202717346
mlp_V0-vpinn,30.257001972532606,0.006927573082593832,0.002201054967940656,0.011564460064606553
mlp_V0-vpinn,30.455997280888372,0.0068764267141713815,0.0021881316702950637,0.011524385464400076
mlp_V0-vpinn,30.654992589244134,0.006824881769323558,0.0021751315916974517,0.011484171022684734
mlp_V0-vpinn,30.8539878975999,0.006772928433808997,0.002162053347133764,0.011443815265219362
mlp_V0-vpinn,31.052983205955666,0.00672101843671585,0.002148895509443011,0.011403316691676315
mlp_V0-vpinn,31.25197851431143,0.006676711854465585,0.002135656607499521,0.011362673774990622
mlp_V0-vpinn,31.450973822667194,0.0066349685397341235,0.0021640373519662905,0.011314266121458008
mlp_V0-vpinn,31.64996913102296,0.006597453741960415,0.002246952747003005,0.011258477989644543
mlp_V0-vpinn,31.848964439378722,0.0065597243649334605,0.0023269154762954798,0.011202412035782688
mlp_V0-vpinn,32.04795974773449,0.006521776683233787,0.002404220168866091,0.011146064067444929
mlp_V0-vpinn,32.24695505609026,0.006483606862359803,0.0024791154888269278,0.011089429785688944
mlp_V0-vpinn,32.44595036444602,0.006445210954202314,0.0025518135890971044,0.011032504781230025
mlp_V0-vpinn,32.64494567280178,0.006409207545079988,0.0025687930949074575,0.010974564719496791
mlp_V0-vpinn,32.843940981157544,0.006384788492159771,0.0024845546466461966,0.010915455703558574
mlp_V0-vpinn,33.042936289513314,0.006360223353495315,0.002397358049999658,0.010856024854903152
mlp_V0-vpinn,33.241931597869076,0.006335509216488743,0.0023068678869031783,0.01079626685869707
mlp_V0-vpinn,33.440926906224846,0.00631064306907558,0.0022126801113925374,0.010736176252191764
mlp_V0-vpinn,33.63992221458061,0.006285621794893857,0.0021143006179536214,0.010675747418895412
mlp_V0-vpinn,33.83891752293637,0.006258522588084089,0.0020366713960827953,0.010625849079038293
mlp_V0-vpinn,34.03791283129214,0.006211119475646713,0.002020647752219306,0.010592371421083551
mlp_V0-vpinn,34.2369081396479,0.006163328310071131,0.002004496021815964,0.010558787619508039
mlp_V0-vpinn,34.435903448003664,0.006115138868118883,0.0019882130832491567,0.01052509665825283
mlp_V0-vpinn,34.63489875635943,0.006066540450280929,0.0019717956860005065,0.010491297504944444
mlp_V0-vpinn,34.833894064715196,0.006024440032216527,0.0019552404430804157,0.010457389110525732
mlp_V0-vpinn,35.03288937307096,0.005998087197308273,0.001959226611772687,0.010413146307421735
mlp_V0-vpinn,35.23188468142673,0.005975333017643246,0.002034748121695184,0.010348519113415059
mlp_V0-vpinn,35.43087998978249,0.00595246226846878,0.0021075651641659547,0.010283485773883423
mlp_V0-vpinn,35.62987529813825,0.0059294729131238386,0.002177949017692943,0.01021803853401467
mlp_V0-vpinn,35.82887060649402,0.005906362852769933,0.0022461284304628377,0.01015216938902984
mlp_V0-vpinn,36.027865914849784,0.005883129923674694,0.0023122984082071326,0.010085870072755273
mlp_V0-vpinn,36.22686122320555,0.005852412141712603,0.0023540244739310087,0.010025274926428756
mlp_V0-vpinn,36.425856531561315,0.005808735051168802,0.002272599439999947,0.009980479775447576
mlp_V0-vpinn,36.62485183991708,0.005764711177798837,0.0021881465228612974,0.009935482662948747
mlp_V0-vpinn,36.82384714827285,0.005726968536783753,0.002100300501435898,0.009890280832382472
mlp_V0-vpinn,37.02284245662861,0.0056987461673585725,0.0020086162369038533,0.009844871463916079
mlp_V0-vpinn,37.22183776498437,0.005670375628943877,0.001912541810778449,0.00979925167238122
mlp_V0-vpinn,37.42083307334014,0.0056425822105764184,0.0018189155953841347,0.009754249844938763
mlp_V0-vpinn,37.6198283816959,0.005610039746013512,0.001811761862635739,0.009712055874861153
mlp_V0-vpinn,37.818823690051666,0.005576924184578344,0.0018045797712129613,0.009669677791703413
mlp_V0-vpinn,38.017818998407435,0.005543609577075455,0.0017973689811612763,0.009627113164095421
mlp_V0-vpinn,38.2168143067632,0.005510092267875514,0.001790129145679279,0.009584359506677352
mlp_V0-vpinn,38.41580961511896,0.005476368487359429,0.001782859910924054,0.009541414278406199
mlp_V0-vpinn,38.61480492347473,0.005442321278503488,0.001775560915809375,0.009513740241613283
mlp_V0-vpinn,38.81380023183049,0.0054100614575160536,0.0017728037210238772,0.009523521872236065
mlp_V0-vpinn,39.01279554018626,0.005388931840766168,0.0017700425231461214,0.009539801238915648
mlp_V0-vpinn,39.21179084854202,0.005373189207241392,0.0017672770111713872,0.009556052872660047
mlp_V0-vpinn,39.410786156897785,0.005357345379607985,0.0017645071648152225,0.00957227691472265
mlp_V0-vpinn,39.609781465253555,0.005341398468345144,0.0017617329636337167,0.009588473505161808
mlp_V0-vpinn,39.80877677360932,0.005320730337570663,0.001758954387021739,0.009604642782854955
mlp_V0-vpinn,40.00777208196508,0.0052821452570025835,0.0017546211847482352,0.009597106093355727
mlp_V0-vpinn,40.20676739032085,0.005243244697306587,0.0017501826211331092,0.009581264189063321
mlp_V0-vpinn,40.40576269867661,0.005204020145903715,0.0017457327724097467,0.009565396047949551
mlp_V0-vpinn,40.60475800703237,0.005164462680243962,0.0017412715520602987,0.009549501539223421
mlp_V0-vpinn,40.80375331538814,0.005124562938797152,0.0017367988724557434,0.009533580531003666
mlp_V0-vpinn,41.002748623743905,0.0050883208477841575,0.0017323146448358052,0.009517632890305959
mlp_V0-vpinn,41.20174393209967,0.005077550549798847,0.0017924282551079233,0.00948427585029217
mlp_V0-vpinn,41.40073924045544,0.00508440099390327,0.0018593590616747414,0.009442261575647112
mlp_V0-vpinn,41.5997345488112,0.005095716216112952,0.0019239628870523222,0.009400059516909908
mlp_V0-vpinn,41.79872985716697,0.005106988048796064,0.0019864667782969457,0.009357667133423541
mlp_V0-vpinn,41.99772516552273,0.005118217018252605,0.002047063099125227,0.009315081826718528
mlp_V0-vpinn,42.19672047387849,0.005128809555243756,0.002105916523113609,0.009272300938654247
mlp_V0-vpinn,42.39571578223426,0.005107213551173346,0.0020823719013880223,0.009249463471171155
mlp_V0-vpinn,42.594711090590025,0.005072045989968058,0.002039114224657575,0.00923992644712471
mlp_V0-vpinn,42.79370639894579,0.005036521464295823,0.001994918771958237,0.009230379569227896
mlp_V0-vpinn,42.992701707301556,0.005000627536144034,0.0019497217730286166,0.009220822806873844
mlp_V0-vpinn,43.19169701565732,0.004964351009208386,0.0019034518847957122,0.009211256129296911
mlp_V0-vpinn,43.39069232401308,0.004927064168270054,0.0018560288691835713,0.009201679505571525
mlp_V0-vpinn,43.58968763236885,0.0048878584476406365,0.00184646878052015,0.00919037911953199
mlp_V0-vpinn,43.78868294072461,0.004859231910868669,0.0018508120385411816,0.00917755542498032
mlp_V0-vpinn,43.987678249080375,0.00483035695672373,0.0018551451281725536,0.009164713786935294
mlp_V0-vpinn,44.186673557436144,0.0048012262341733235,0.0018594681204999876,0.009151854129863411
mlp_V0-vpinn,44.38566886579191,0.004771832013692672,0.0018637810857847954,0.009138976377699753
mlp_V0-vpinn,44.58466417414767,0.0047421661592842775,0.0018680840934772037,0.009126080453842724
mlp_V0-vpinn,44.78365948250344,0.004724335309144189,0.001846919677985139,0.009117110198692366
mlp_V0-vpinn,44.9826547908592,0.004702134809993014,0.001811782696952324,0.009112722127317122
mlp_V0-vpinn,45.18165009921497,0.004679820106605043,0.00177595067077409,0.009108331941924926
mlp_V0-vpinn,45.38064540757073,0.0046573892991303885,0.001739380645249926,0.00910393963945745
mlp_V0-vpinn,45.579640715926494,0.004634840431978891,0.0017020250506726265,0.009099545216848994
mlp_V0-vpinn,45.778636024282264,0.004612171491435295,0.0016638309761403832,0.009095148671026449
mlp_V0-vpinn,45.977631332638026,0.004597480209993352,0.001656513001790166,0.009085600862004748
mlp_V0-vpinn,46.17662664099379,0.004590234836813736,0.001671866820304313,0.009068053384094842
mlp_V0-vpinn,46.37562194934956,0.004582973496861521,0.0016870809122768956,0.00905047188437854
mlp_V0-vpinn,46.57461725770532,0.004575696070984807,0.0017021590243874482,0.009032856164196294
mlp_V0-vpinn,46.77361256606108,0.004568402438496562,0.0017171047388083863,0.009015206022947645
mlp_V0-vpinn,46.97260787441685,0.004561092477146593,0.0017319214831431607,0.00899752125806458
mlp_V0-vpinn,47.171603182772614,0.0045390510063377,0.0017292335894436863,0.008982649718506605
mlp_V0-vpinn,47.370598491128376,0.004510282947390786,0.0017101297295566606,0.008973763755819944
mlp_V0-vpinn,47.569593799484146,0.004481303472577934,0.00169081003574227,0.00896486898538671
mlp_V0-vpinn,47.76858910783991,0.004452107387697498,0.0016712670229559422,0.008955965380964211
mlp_V0-vpinn,47.96758441619568,0.004422689270457264,0.0016514927632518578,0.008947052916179176
mlp_V0-vpinn,48.16657972455144,0.004393043455809902,0.0016314788482007664,0.008938131564526849
mlp_V0-vpinn,48.3655750329072,0.004378017936818981,0.0016301954314892298,0.008926852428318371
mlp_V0-vpinn,48.56457034126297,0.00436560712396558,0.0016516088870205908,0.008908600701621514
mlp_V0-vpinn,48.763565649618734,0.004353143573595342,0.0016727482436166032,0.008890311504378743
mlp_V0-vpinn,48.962560957974496,0.004340626533518192,0.0016936237649960708,0.008871984604858529
mlp_V0-vpinn,49.161556266330265,0.004328055233136078,0.001714245089885488,0.008853619768930922
mlp_V0-vpinn,49.36055157468603,0.004315428882803892,0.0017346212840368184,0.008835216760032667
mlp_V0-vpinn,49.55954688304179,0.004293496472255539,0.0017376778931215585,0.00881945970934396
mlp_V0-vpinn,49.75854219139756,0.0042691163658881825,0.0017137568652196543,0.00881569177914087
mlp_V0-vpinn,49.95753749975332,0.004244590774429389,0.0016894971813920308,0.00881192223779139
mlp_V0-vpinn,50.156532808109084,0.004219916967934188,0.0016648840376361767,0.008808151083226995
mlp_V0-vpinn,50.35552811646485,0.00419509212736987,0.0016399015188784524,0.008804378313374737
mlp_V0-vpinn,50.554523424820616,0.004170113340391369,0.0016145324786030091,0.00880060392615722
mlp_V0-vpinn,50.753518733176385,0.0041638145950284,0.0015972601003338505,0.008796588440357852
mlp_V0-vpinn,50.95251404153215,0.004170921364849825,0.0015982723723521166,0.00879069864072277
mlp_V0-vpinn,51.15150934988791,0.0041779742024659755,0.0015992840036496406,0.008784804892254175
mlp_V0-vpinn,51.35050465824368,0.004184973807114413,0.0016002949954415228,0.008778907186998884
mlp_V0-vpinn,51.54949996659944,0.0041919208606932285,0.0016013053489390286,0.008773005516976972
mlp_V0-vpinn,51.748495274955204,0.0041988160283306635,0.0016023150653496038,0.008767099874181663
mlp_V0-vpinn,51.94749058331097,0.004180897642109652,0.0016011100313361446,0.008760799504949053
mlp_V0-vpinn,52.146485891666735,0.004147857596847428,0.0015927778886288568,0.0087459502934702
mlp_V0-vpinn,52.3454812000225,0.004114398819890597,0.0015844019289829106,0.008731075827513318
mlp_V0-vpinn,52.54447650837827,0.0040805032596433356,0.0015759814537692175,0.008716175977785401
mlp_V0-vpinn,52.74347181673403,0.004046151508473801,0.0015675157455937424,0.008701250613886442
mlp_V0-vpinn,52.94246712508979,0.004011322655354572,0.0015590040675841981,0.008686299604296129
mlp_V0-vpinn,53.14146243344556,0.003990612010181922,0.001556410253270528,0.008671322816360315
mlp_V0-vpinn,53.34045774180132,0.003979899337319631,0.001584919345362312,0.00865601466261464
mlp_V0-vpinn,53.539453050157086,0.0039691565186240904,0.0016129246064592632,0.008640671591817932
mlp_V0-vpinn,53.738448358512855,0.00395838328829925,0.001640451840481714,0.008625301228125265
mlp_V0-vpinn,53.93744366686862,0.003947579376493282,0.001667524721183441,0.008609903425367152
mlp_V0-vpinn,54.13643897522439,0.003936744509209197,0.0016941650305020422,0.008594478036064715
mlp_V0-vpinn,54.33543428358015,0.0039255653801105305,0.0017150977668023103,0.008579024911413219
mlp_V0-vpinn,54.53442959193591,0.003910350942725148,0.0016871528866856296,0.008565932787881805
mlp_V0-vpinn,54.73342490029168,0.0038949726796255434,0.0016587372837230823,0.008553074571305566
mlp_V0-vpinn,54.93242020864744,0.0038795333075034256,0.0016298263373054228,0.008540196995275886
mlp_V0-vpinn,55.131415517003205,0.0038756686200528217,0.0016003932026648297,0.008527299972085222
mlp_V0-vpinn,55.330410825358975,0.003874457541618065,0.0015704085189838877,0.008514383413361767
mlp_V0-vpinn,55.52940613371474,0.0038591293417495373,0.0015408743585733466,0.008501447230062381
mlp_V0-vpinn,55.7284014420705,0.003831050644541986,0.0015397671044931737,0.008493147370335111
mlp_V0-vpinn,55.92739675042627,0.0038130814287343773,0.0015386590536079659,0.008485769187116719
mlp_V0-vpinn,56.12639205878203,0.003803717306732103,0.001537550204195047,0.008478384583150781
mlp_V0-vpinn,56.32538736713779,0.003794315631014364,0.0015364405545255243,0.008470993541645405
mlp_V0-vpinn,56.52438267549356,0.003784875897759948,0.001535330102864257,0.008463596045735376
mlp_V0-vpinn,56.723377983849325,0.0037801338843006394,0.0015342188474698256,0.008456192078481709
mlp_V0-vpinn,56.922373292205094,0.003773270905186906,0.0015299532612476957,0.00844855934267518
mlp_V0-vpinn,57.12136860056086,0.0037646267843608632,0.001525578144599324,0.008440851216340903
mlp_V0-vpinn,57.32036390891662,0.003755907544553381,0.001521190444670151,0.00843313604456274
mlp_V0-vpinn,57.51935921727239,0.003747111933876731,0.0015167900522591866,0.008425413807986105
mlp_V0-vpinn,57.71835452562815,0.003738238660954414,0.0015123768565767867,0.008417684487167627
mlp_V0-vpinn,57.91734983398391,0.0037221547021692994,0.0015079507452121035,0.008409948062574592
mlp_V0-vpinn,58.11634514233968,0.0037032443745978055,0.0015054503678509858,0.008385448721471678
mlp_V0-vpinn,58.315340450695444,0.003687148112806302,0.0015031697349255553,0.008353463338322972
mlp_V0-vpinn,58.51433575905121,0.0036708896394440603,0.0015008856365258678,0.008321355011594025
mlp_V0-vpinn,58.713331067406976,0.0036544642104634254,0.0014985980568061454,0.008289122312600771
mlp_V0-vpinn,58.91232637576274,0.003637866845427021,0.001496306979799483,0.008256763784772515
mlp_V0-vpinn,59.1113216841185,0.0036240411070842136,0.001494012389416549,0.008224277942883858
mlp_V0-vpinn,59.31031699247427,0.0036086673710305343,0.0014926768263403896,0.00820982084746966
mlp_V0-vpinn,59.50931230083003,0.0035897810032376335,0.0014915488155322414,0.008206324155533233
mlp_V0-vpinn,59.7083076091858,0.0035707940422803034,0.0014904199509995992,0.00820282597303082
mlp_V0-vpinn,59.907302917541564,0.003551704852161096,0.0014892902308011229,0.008199326298054602
mlp_V0-vpinn,60.106298225897326,0.003532511751745423,0.001488159652988105,0.008195825128692692
mlp_V0-vpinn,60.305293534253096,0.003514068584163089,0.0014870282156044287,0.00819232246302911
mlp_V0-vpinn,60.50428884260886,0.0035020307680877793,0.0014972736082206352,0.008184696492313275
mlp_V0-vpinn,60.70328415096462,0.003492248083127969,0.0015114356410703635,0.008173688075349966
mlp_V0-vpinn,60.90227945932039,0.0034824377956738407,0.0015254662029430617,0.008162664812115663
mlp_V0-vpinn,61.10127476767615,0.0034725996697068102,0.0015393688887155226,0.008151626642381522
mlp_V0-vpinn,61.300270076031914,0.0034627334658104978,0.001553147132363513,0.00814057350551036
mlp_V0-vpinn,61.499265384387684,0.0034523913459016797,0.0015668042168671698,0.008129505340452777
mlp_V0-vpinn,61.698260692743446,0.00344169390274916,0.0015619068217231828,0.008115330035093299
mlp_V0-vpinn,61.89725600109921,0.0034321177438344274,0.0015481144030663099,0.00809775481762755
mlp_V0-vpinn,62.09625130945498,0.00342250535586789,0.0015341979957675925,0.00808014137217493
mlp_V0-vpinn,62.29524661781074,0.003412856266704521,0.0015201541946306763,0.008062489448195003
mlp_V0-vpinn,62.4942419261665,0.0034031699934151637,0.0015059794356793795,0.008044798792398637
mlp_V0-vpinn,62.69323723452227,0.003394429274060696,0.0014916699855950452,0.008027069148705606
mlp_V0-vpinn,62.892232542878034,0.003391365342143865,0.0015027258130243498,0.00801312401861424
mlp_V0-vpinn,63.0912278512338,0.0033879639151498573,0.0015289736893172082,0.008004644450813277
mlp_V0-vpinn,63.290223159589566,0.003384557632122368,0.001554778510309058,0.00799615589081273
mlp_V0-vpinn,63.48921846794533,0.003381146470017424,0.0015801619820807716,0.007987658309944317
mlp_V0-vpinn,63.6882137763011,0.0033777304056043143,0.0016051440941884359,0.007979151679387094
mlp_V0-vpinn,63.88720908465686,0.003373531345708644,0.0016297433038986826,0.007970635970166322
mlp_V0-vpinn,64.08620439301262,0.0033610647235255506,0.0016263471571004236,0.007959224976940748
mlp_V0-vpinn,64.28519970136838,0.0033487991888586383,0.0016012833431212324,0.007942225574748631
mlp_V0-vpinn,64.48419500972415,0.003336468630050297,0.0015758209335157312,0.007925189709200971
mlp_V0-vpinn,64.68319031807991,0.0033240718561682444,0.001549940284028798,0.007908117144646933
mlp_V0-vpinn,64.88218562643569,0.0033116076382378404,0.0015236200817802792,0.00789100764288646
mlp_V0-vpinn,65.08118093479145,0.003299225919891928,0.0014968371398228417,0.00787386096313151
mlp_V0-vpinn,65.28017624314721,0.003290809739037546,0.0015199220091953972,0.007858206234703615
mlp_V0-vpinn,65.47917155150297,0.003280135421296691,0.0015905328215331898,0.007846590704544616
mlp_V0-vpinn,65.67816685985875,0.0032694261827742647,0.001658139438862758,0.007834957954077175
mlp_V0-vpinn,65.87716216821451,0.0032638253401232314,0.0017230955112964165,0.007823307906484852
mlp_V0-vpinn,66.07615747657027,0.0032607794585567023,0.001785690310044722,0.007811640484378401
mlp_V0-vpinn,66.27515278492604,0.0032577067823165,0.0018461640300161228,0.007799955609789766
mlp_V0-vpinn,66.4741480932818,0.0032418505305682904,0.0018576773200933464,0.0077879642509691965
mlp_V0-vpinn,66.67314340163756,0.0032334074319706613,0.001805632747914755,0.007774820954139877
mlp_V0-vpinn,66.87213870999334,0.003226492148503308,0.001752042869080311,0.007761655400975413
mlp_V0-vpinn,67.0711340183491,0.003225842629901288,0.0016967612707296687,0.007748467478027452
mlp_V0-vpinn,67.27012932670486,0.003225132520846741,0.0016396168468886725,0.007735257070880541
mlp_V0-vpinn,67.46912463506062,0.003224361559283057,0.001580407542172001,0.007722024064140548
mlp_V0-vpinn,67.66811994341639,0.0032264877905335294,0.0015370319754450974,0.007709039427080038
mlp_V0-vpinn,67.86711525177216,0.003224554823156033,0.0015249128073504654,0.007697777882628178
mlp_V0-vpinn,68.06611056012792,0.00322261629686481,0.0015126965480565821,0.007686499838826811
mlp_V0-vpinn,68.26510586848369,0.0032206721825761998,0.0015003808259848967,0.007675205222942879
mlp_V0-vpinn,68.46410117683945,0.003218722450923213,0.0014879631714071228,0.00766389396170737
mlp_V0-vpinn,68.66309648519521,0.00321676707225175,0.0014754410106624948,0.007652565981309781
mlp_V0-vpinn,68.86209179355097,0.0032086423269652165,0.001466574416805672,0.007641610377399297
mlp_V0-vpinn,69.06108710190675,0.0031901798320661404,0.0014659750545206838,0.007636408059903902
mlp_V0-vpinn,69.26008241026251,0.003171609830880616,0.001465375447086837,0.007631202195902946
mlp_V0-vpinn,69.45907771861827,0.003152930422608759,0.0014647755942030754,0.00762599277813339
mlp_V0-vpinn,69.65807302697404,0.003134139649749728,0.0014641754955677267,0.00762077979930737
mlp_V0-vpinn,69.8570683353298,0.003115235495704319,0.0014635751508784997,0.007615563252112082
mlp_V0-vpinn,70.05606364368556,0.003100161580310519,0.0014644640569220827,0.0076103431292096554
mlp_V0-vpinn,70.25505895204134,0.0030875291534620047,0.0014697262128855386,0.007594792015226468
mlp_V0-vpinn,70.4540542603971,0.003074838953059501,0.0014749695955066492,0.007579136250096661
mlp_V0-vpinn,70.65304956875286,0.0030620901183826222,0.001480194404291284,0.00756344807878727
mlp_V0-vpinn,70.85204487710863,0.003049281766177604,0.0014854008352365399,0.007547727299226728
mlp_V0-vpinn,71.05104018546439,0.00303641298980333,0.001490589080916532,0.0075319737072346415
mlp_V0-vpinn,71.25003549382016,0.003022486048159724,0.0014933332871675514,0.007516187096490845
mlp_V0-vpinn,71.44903080217593,0.0030157919738863677,0.0014862382418942203,0.0075044503174952395
mlp_V0-vpinn,71.64802611053169,0.00300907731337478,0.00147910916323813,0.007493034178571705
mlp_V0-vpinn,71.84702141888745,0.0030023418469022753,0.0014719455566973869,0.0074816006198361795
mlp_V0-vpinn,72.04601672724321,0.0029955853506353487,0.0014647469156777078,0.007470149561302133
mlp_V0-vpinn,72.24501203559898,0.002988807596519897,0.0014575127210743435,0.007458680922369036
mlp_V0-vpinn,72.44400734395475,0.002981709787599709,0.0014526998191538398,0.007447194621815731
mlp_V0-vpinn,72.64300265231051,0.0029730832569834185,0.0014644746507736226,0.007445240091208232
mlp_V0-vpinn,72.84199796066628,0.002965313996779225,0.0014761555612290492,0.007444896878930436
mlp_V0-vpinn,73.04099326902204,0.002959878836057731,0.0014877447627655673,0.007444553650829707
mlp_V0-vpinn,73.2399885773778,0.002954433666370983,0.0014992443821223074,0.007444210406903859
mlp_V0-vpinn,73.43898388573358,0.0029489784321632727,0.00151065646508868,0.007443867147150701
mlp_V0-vpinn,73.63797919408934,0.0029425213961930593,0.0015213077702354544,0.007443523871568042
mlp_V0-vpinn,73.8369745024451,0.0029368209434568393,0.0015192703727242227,0.007423521017929504
mlp_V0-vpinn,74.03596981080086,0.0029359844284802174,0.0015172302393165076,0.007398047250317168
mlp_V0-vpinn,74.23496511915663,0.002936958094048284,0.0015151873589610146,0.007372485465038892
mlp_V0-vpinn,74.43396042751239,0.0029379260460625045,0.0015131417205318488,0.00734683474337718
mlp_V0-vpinn,74.63295573586817,0.002938888305459164,0.0015110933128278051,0.007321094150520011
mlp_V0-vpinn,74.83195104422393,0.0029374943844521443,0.0015090421245716567,0.007295262735163322
mlp_V0-vpinn,75.03094635257969,0.0029345371050121406,0.0015015266862405845,0.007290095821925053
mlp_V0-vpinn,75.22994166093545,0.002931621837676434,0.0014938575566815456,0.007293156510920403
mlp_V0-vpinn,75.42893696929121,0.0029287034418093187,0.0014861488518370174,0.007296215915987698
mlp_V0-vpinn,75.62793227764698,0.002925781906649222,0.0014783999526442133,0.007299274038741369
mlp_V0-vpinn,75.82692758600275,0.002922857221369686,0.0014706102237303867,0.007302330880792467
mlp_V0-vpinn,76.02592289435852,0.0029134361200456476,0.0014627790128048273,0.0073053864437486685
mlp_V0-vpinn,76.22491820271428,0.002894698785161174,0.0014908735511028612,0.0072964294700478645
mlp_V0-vpinn,76.42391351107004,0.0028747412875310685,0.0015216005706779878,0.007280777567871846
mlp_V0-vpinn,76.6229088194258,0.002859262767125126,0.0015517192555346794,0.007265091945341697
mlp_V0-vpinn,76.82190412778158,0.002855994006790869,0.0015812643673044139,0.0072493723835730575
mlp_V0-vpinn,77.02089943613734,0.0028527032155856117,0.0016102674779725728,0.00723361866130325
mlp_V0-vpinn,77.2198947444931,0.002845736840336517,0.0016387573651781622,0.007217830554854938
mlp_V0-vpinn,77.41889005284887,0.002837251015914797,0.0016209665378063313,0.007204394197569412
mlp_V0-vpinn,77.61788536120463,0.002830363755004558,0.0015955772133097099,0.0071927103650939956
mlp_V0-vpinn,77.81688066956039,0.002823441421653809,0.00156977729967614,0.0071810075225061136
mlp_V0-vpinn,78.01587597791617,0.002816483452433298,0.001543546208418732,0.007169285576711823
mlp_V0-vpinn,78.21487128627193,0.002809489268643296,0.0015168615706349668,0.00715754443385488
mlp_V0-vpinn,78.41386659462769,0.002803275460104511,0.0014896990136985767,0.007145783999307968
mlp_V0-vpinn,78.61286190298345,0.002797232374333044,0.0014844178977887433,0.007134549818058548
mlp_V0-vpinn,78.81185721133922,0.002790415689901819,0.0014842691679937004,0.007123834567782681
mlp_V0-vpinn,79.01085251969498,0.0027835786486382985,0.0014841204232938347,0.007113103175964175
mlp_V0-vpinn,79.20984782805075,0.0027767210423569194,0.0014839716636846642,0.0071023555694352414
mlp_V0-vpinn,79.40884313640652,0.002769842659070226,0.001483822889161705,0.007091591674473649
mlp_V0-vpinn,79.60783844476228,0.002763346680784956,0.0014836740997204705,0.007080811416796819
mlp_V0-vpinn,79.80683375311804,0.0027572782404109803,0.001481405316396731,0.007069797918493965
mlp_V0-vpinn,80.0058290614738,0.0027508074083518836,0.0014783706738594892,0.007058485863893141
mlp_V0-vpinn,80.20482436982958,0.0027443209254445575,0.001475329789303741,0.0070471556512693104
mlp_V0-vpinn,80.40381967818534,0.002737818674700538,0.0014722826240522848,0.007035807192899382
mlp_V0-vpinn,80.6028149865411,0.0027313005376323257,0.0014692291390268378,0.007024440400351645
mlp_V0-vpinn,80.80181029489687,0.002725022367185199,0.0014661692947421877,0.007013055184477738
mlp_V0-vpinn,81.00080560325263,0.0027196986477173593,0.0014820925937695788,0.007003168886017806
mlp_V0-vpinn,81.19980091160839,0.0027145620384586124,0.0015072241588047972,0.006995920389565841
mlp_V0-vpinn,81.39879621996417,0.0027094156732747777,0.0015319434954537408,0.006988664375129074
mlp_V0-vpinn,81.59779152831993,0.0027112469084192865,0.001556270246981936,0.006981400819266392
mlp_V0-vpinn,81.7967868366757,0.0027138119391204533,0.0015802225444599275,0.006974129698414609
mlp_V0-vpinn,81.99578214503146,0.0027123855535802384,0.0016038171648905615,0.00696685098888758
mlp_V0-vpinn,82.19477745338722,0.0027007964359849366,0.0016002711650677398,0.006959286669634829
mlp_V0-vpinn,82.393772761743,0.0026928898431476797,0.0015778259334901829,0.0069510514725468694
mlp_V0-vpinn,82.59276807009876,0.0026938950548143093,0.001555056767787298,0.006942806507301999
mlp_V0-vpinn,82.79176337845452,0.002695134572455195,0.00153194922425255,0.006934551739058117
mlp_V0-vpinn,82.99075868681028,0.002696359833048517,0.001508487752795793,0.006926287132765501
mlp_V0-vpinn,83.18975399516604,0.002697702016399375,0.0014846555745295985,0.006918012653165063
mlp_V0-vpinn,83.3887493035218,0.0026966828455175797,0.0014997713115986805,0.006910494843343145
mlp_V0-vpinn,83.58774461187758,0.0026899570341166303,0.0015482888002924281,0.006905614612727367
mlp_V0-vpinn,83.78673992023334,0.0026832116258119036,0.0015953314486737533,0.006900730930789526
mlp_V0-vpinn,83.9857352285891,0.0026764464332904494,0.0016410260976425775,0.006895843790196877
mlp_V0-vpinn,84.18473053694487,0.0026696612661176846,0.001637102367140774,0.006890953183590669
mlp_V0-vpinn,84.38372584530063,0.0026626543155963906,0.0016322555670226218,0.006886059103586022
mlp_V0-vpinn,84.5827211536564,0.0026548122010685155,0.001627340877451166,0.006879196761478097
mlp_V0-vpinn,84.78171646201217,0.0026506799862534977,0.0016222794459369123,0.006861905458004647
mlp_V0-vpinn,84.98071177036793,0.0026465326582882976,0.0016172021735068314,0.006844570471991446
mlp_V0-vpinn,85.1797070787237,0.0026423700499511203,0.0016022602159091906,0.00682719147069426
mlp_V0-vpinn,85.37870238707946,0.002638191990913476,0.0015566646992874473,0.006809768117122909
mlp_V0-vpinn,85.57769769543522,0.00263411525657432,0.0015096927410999865,0.006792300069965029
mlp_V0-vpinn,85.776693003791,0.002634783822064531,0.0014814336212023022,0.006776013935260664
mlp_V0-vpinn,85.97568831214676,0.0026331092955465853,0.001482479383596437,0.0067721873488397295
mlp_V0-vpinn,86.17468362050252,0.0026314268971330134,0.0014835244088144887,0.006768358599004863
mlp_V0-vpinn,86.37367892885828,0.0026297365955616006,0.0014845686984132072,0.00676452768208256
mlp_V0-vpinn,86.57267423721404,0.0026280383591493497,0.0014856122539438712,0.006760694594388911
mlp_V0-vpinn,86.77166954556981,0.0026263321557873434,0.0014866550769523155,0.006756859332229554
mlp_V0-vpinn,86.97066485392558,0.0026180130276647895,0.0014876185448823873,0.006752948158714511
mlp_V0-vpinn,87.16966016228135,0.0026097655856748402,0.001488424441832501,0.006745140914126839
mlp_V0-vpinn,87.36865547063711,0.0026014851235217854,0.0014892299026714425,0.006737324622472186
mlp_V0-vpinn,87.56765077899287,0.0025931711818136666,0.0014900349281064505,0.006729499252226135
mlp_V0-vpinn,87.76664608734863,0.002584823289720155,0.0014908395188428553,0.006721664771680767
mlp_V0-vpinn,87.9656413957044,0.0025764409645601277,0.0014916436755840845,0.006713821148943155
mlp_V0-vpinn,88.16463670406017,0.0025727663095376553,0.0014937727962334676,0.0067059683519338584
mlp_V0-vpinn,88.36363201241593,0.002573404139632747,0.001499606451839413,0.006694667865283495
mlp_V0-vpinn,88.5626273207717,0.002574039356059343,0.0015054175015687956,0.006683151554554262
mlp_V0-vpinn,88.76162262912746,0.002574671962123394,0.001511206206201151,0.00667161536479904
mlp_V0-vpinn,88.96061793748322,0.0025753019610898955,0.0015169728215403586,0.00666005919271775
mlp_V0-vpinn,89.159613245839,0.002575929356183044,0.0015227175985465457,0.0066484829341125476
mlp_V0-vpinn,89.35860855419476,0.0025764987866498416,0.0015264913831937643,0.006636886483876861
mlp_V0-vpinn,89.55760386255052,0.0025696226795847783,0.001522058975299561,0.006626989657180517
mlp_V0-vpinn,89.75659917090628,0.002562720389023273,0.0015176136219786271,0.0066173195344589745
mlp_V0-vpinn,89.95559447926205,0.002555791589733415,0.0015131552091375905,0.006607635259749674
mlp_V0-vpinn,90.15458978761781,0.002547110072559979,0.0015086836209972465,0.006597936770736889
mlp_V0-vpinn,90.35358509597359,0.0025373171154453025,0.0015041987400574767,0.006588224004646223
mlp_V0-vpinn,90.55258040432935,0.002534547874010703,0.0015008721031116276,0.006578496898239863
mlp_V0-vpinn,90.75157571268511,0.0025323437255886302,0.0015053641942933864,0.006568792445031181
mlp_V0-vpinn,90.95057102104087,0.002530137490160036,0.0015098429206452015,0.006559082702051167
mlp_V0-vpinn,91.14956632939663,0.0025279291614239367,0.0015143084007507481,0.006549358563920207
mlp_V0-vpinn,91.34856163775241,0.002525718733046377,0.0015142095387819063,0.00653961996642336
mlp_V0-vpinn,91.54755694610817,0.00252350619866018,0.0015090679517594208,0.006529866844866838
mlp_V0-vpinn,91.74655225446394,0.0025166491617298207,0.0015039087867010532,0.006520099134072986
mlp_V0-vpinn,91.9455475628197,0.0025082156079915007,0.001497626529881111,0.006511444573332958
mlp_V0-vpinn,92.14454287117546,0.0024997434938258617,0.0014911768421797002,0.006503190698193994
mlp_V0-vpinn,92.34353817953122,0.002491232198523469,0.0014846991366274536,0.006494926333882975
mlp_V0-vpinn,92.542533487887,0.002482681083615816,0.0014781930448867595,0.006486651440308489
mlp_V0-vpinn,92.74152879624276,0.002474089492143804,0.001471658190477963,0.006478365977123078
mlp_V0-vpinn,92.94052410459852,0.0024722381799263437,0.0014650941885251464,0.006470069903720941
mlp_V0-vpinn,93.13951941295429,0.002472859853942526,0.0014704856025213732,0.0064611769894752195
mlp_V0-vpinn,93.33851472131005,0.0024734805324973038,0.0014784536730547903,0.0064519658393359805
mlp_V0-vpinn,93.53751002966581,0.0024741002171239763,0.0014863790295600095,0.006442741520082335
mlp_V0-vpinn,93.73650533802159,0.002474718909348637,0.0014942623516847073,0.00643350397506889
mlp_V0-vpinn,93.93550064637735,0.002475336610690204,0.0015021043012417169,0.006424253147243001
mlp_V0-vpinn,94.13449595473311,0.0024733647811815774,0.0015099055228574472,0.00641498897914065
mlp_V0-vpinn,94.33349126308887,0.0024707853077087834,0.0014975869768161327,0.0064059158710443416
mlp_V0-vpinn,94.53248657144464,0.0024681992918930066,0.0014785000887886956,0.006396974774190068
mlp_V0-vpinn,94.73148187980041,0.0024656066936021293,0.0014591635521651004,0.006388021162797627
mlp_V0-vpinn,94.93047718815617,0.0024630074722745924,0.001439567307000951,0.00637905498417098
mlp_V0-vpinn,95.12947249651194,0.0024604015869129875,0.0014197005990013766,0.0063700761852432276
mlp_V0-vpinn,95.3284678048677,0.0024546581285412247,0.0013995519105141345,0.006361084712572942
mlp_V0-vpinn,95.52746311322346,0.0024463703756221547,0.0014152540496557041,0.006356473580203909
mlp_V0-vpinn,95.72645842157922,0.0024380479257332856,0.0014468999667187538,0.006356044881968766
mlp_V0-vpinn,95.925453729935,0.0024296902764742306,0.0014778683981717042,0.006355616154817123
mlp_V0-vpinn,96.12444903829076,0.002421296912373985,0.0015082010777540437,0.006355187398743128
mlp_V0-vpinn,96.32344434664653,0.002412867304396422,0.0015297490212417728,0.006354758613740926
mlp_V0-vpinn,96.52243965500229,0.0024070484567400617,0.0015287433822941954,0.0063543297998046614
mlp_V0-vpinn,96.72143496335805,0.0024039161972310196,0.0015316126143210653,0.0063470095419480175
mlp_V0-vpinn,96.92043027171381,0.0024007764697727635,0.0015223812922377088,0.0063308467264133
mlp_V0-vpinn,97.11942558006959,0.002397629222396891,0.0014868599703669841,0.006314642541038788
mlp_V0-vpinn,97.31842088842535,0.002394474402528675,0.0014504690082880326,0.006298396666522014
mlp_V0-vpinn,97.51741619678111,0.002391311956977109,0.0014131412231367497,0.006282108779431827
mlp_V0-vpinn,97.71641150513688,0.00239096057659832,0.0013748003087913493,0.006265778552133267
mlp_V0-vpinn,97.91540681349264,0.00239152903282859,0.001355347076538965,0.006253835390962462
mlp_V0-vpinn,98.11440212184841,0.002392077875265001,0.0013519950403604528,0.006249607364121195
mlp_V0-vpinn,98.31339743020418,0.0023926070885854434,0.0013486346727100732,0.006245376474969394
mlp_V0-vpinn,98.51239273855994,0.0023931166549754712,0.0013452659111537577,0.006241142717685954
mlp_V0-vpinn,98.7113880469157,0.0023936065541138914,0.0013418886924737438,0.0062369060864300085
mlp_V0-vpinn,98.91038335527146,0.0023867562439534914,0.0013385029526547328,0.006232666575340843
mlp_V0-vpinn,99.10937866362723,0.002381753500390371,0.0013400934078279991,0.0062275870480429625
mlp_V0-vpinn,99.308373971983,0.0023742480914737533,0.001346997536379721,0.006220477293296821
mlp_V0-vpinn,99.50736928033876,0.0023667062059570757,0.0013538664573443035,0.0062133594030838275
mlp_V0-vpinn,99.70636458869453,0.0023591272797979586,0.0013607007039136093,0.006206233349412436
mlp_V0-vpinn,99.90535989705029,0.0023515107342033832,0.0013675007959558813,0.006199099104130211
mlp_V0-vpinn,100.10435520540605,0.0023460946020511437,0.0013742672404772464,0.006191956638922535
mlp_V0-vpinn,100.30335051376183,0.0023422633155504007,0.0013724887437412175,0.006185275754481036
mlp_V0-vpinn,100.50234582211759,0.0023384248434041395,0.0013586455487125553,0.006180253500085024
mlp_V0-vpinn,100.70134113047335,0.002334579140600962,0.0013446598463464788,0.006175227161137915
mlp_V0-vpinn,100.90033643882911,0.002330726161626026,0.0013305271427959038,0.00617019672765769
mlp_V0-vpinn,101.09933174718488,0.002326865860452841,0.0013162427029452912,0.006165162189621609
mlp_V0-vpinn,101.29832705554064,0.0023239249405761506,0.0013018015318768147,0.006160123536965972
mlp_V0-vpinn,101.49732236389642,0.002322707430638906,0.0013040730488153675,0.006154303013235419
mlp_V0-vpinn,101.69631767225218,0.002321489204811918,0.0013371412753995424,0.0061440343884681895
mlp_V0-vpinn,101.89531298060794,0.0023202702617092217,0.0013694112107426393,0.006133748572825658
mlp_V0-vpinn,102.0943082889637,0.002319050599940091,0.0014009380206983207,0.00612344547967906
mlp_V0-vpinn,102.29330359731946,0.0023178302181090134,0.0014317707957521115,0.006113125021669608
mlp_V0-vpinn,102.49229890567523,0.002316035817962534,0.0014619534484035875,0.006102787110699845
mlp_V0-vpinn,102.691294214031,0.0023141780809059205,0.0014739165056141064,0.006092874272498255
mlp_V0-vpinn,102.89028952238677,0.0023123103035071818,0.0014405416426085352,0.006088439310181849
mlp_V0-vpinn,103.08928483074253,0.0023104324362780166,0.00140637497939095,0.0060840011149788705
mlp_V0-vpinn,103.28828013909829,0.002308544428944625,0.0013713573353522756,0.006079559679809109
mlp_V0-vpinn,103.48727544745405,0.002306646230435922,0.0013354217685031544,0.006075114997566477
mlp_V0-vpinn,103.68627075580983,0.002304716414100287,0.0012984920709652732,0.006070667061118871
mlp_V0-vpinn,103.88526606416559,0.0023005900565899,0.0012672843393277712,0.00606621954927952
mlp_V0-vpinn,104.08426137252135,0.0022964518726747824,0.0012605444864754291,0.006063973261220927
mlp_V0-vpinn,104.28325668087712,0.002292301744356554,0.0012537684028806043,0.006061726140757575
mlp_V0-vpinn,104.48225198923288,0.002288139551602697,0.001246955497898766,0.006059478186963385
mlp_V0-vpinn,104.68124729758864,0.0022839651722968554,0.001240105164660698,0.006057229398910564
mlp_V0-vpinn,104.88024260594442,0.002282965994895774,0.0012332167794416008,0.006054979775669592
mlp_V0-vpinn,105.07923791430018,0.002291444614516893,0.0012268348268273054,0.006052729316309224
mlp_V0-vpinn,105.27823322265594,0.0022998536842346495,0.0012237263960705516,0.006043005311716714
mlp_V0-vpinn,105.4772285310117,0.002308194635377824,0.0012206100493455134,0.006032683213877241
mlp_V0-vpinn,105.67622383936747,0.0023164688495865577,0.0012174857258656843,0.006022343424328777
mlp_V0-vpinn,105.87521914772323,0.0023186787051286593,0.0012143533640625896,0.006011985851789398
mlp_V0-vpinn,106.074214456079,0.002315957860266217,0.0012112129015716287,0.006001610404189504
mlp_V0-vpinn,106.27320976443477,0.0023107747369242927,0.0012081480235671916,0.005991216988662281
mlp_V0-vpinn,106.47220507279053,0.0022944289619831163,0.0012061139978703937,0.00598725485300664
mlp_V0-vpinn,106.67120038114629,0.0022775835742363405,0.0012040765361340188,0.005984371208494877
mlp_V0-vpinn,106.87019568950205,0.0022605926192654866,0.001202035620885708,0.005981486173792707
mlp_V0-vpinn,107.06919099785783,0.0022434519295657183,0.0011999912345045203,0.005978599746887576
mlp_V0-vpinn,107.2681863062136,0.002228182344367537,0.0011979433592191556,0.0059757119257620745
mlp_V0-vpinn,107.46718161456936,0.0022253434362671347,0.0011959006336533238,0.0059728227083939095
mlp_V0-vpinn,107.66617692292512,0.002222500600707372,0.0011952093282715636,0.00596960416535937
mlp_V0-vpinn,107.86517223128088,0.002219653820391452,0.001194517622809435,0.005966292712408185
mlp_V0-vpinn,108.06416753963664,0.002216803077890607,0.001193825516571515,0.005962979420490574
mlp_V0-vpinn,108.26316284799242,0.002213948355642657,0.0011931330088603641,0.005959664286539401
mlp_V0-vpinn,108.46215815634818,0.002211148370352454,0.0011924400989765174,0.0059563473074789935
mlp_V0-vpinn,108.66115346470394,0.0022088906920653146,0.0011917467862184769,0.005953028480225114
mlp_V0-vpinn,108.8601487730597,0.0022066341154125886,0.0011870545776151299,0.005944769335181539
mlp_V0-vpinn,109.05914408141547,0.0022043751023088282,0.0011820725276684482,0.0059344882409825194
mlp_V0-vpinn,109.25813938977124,0.0022021136445066402,0.0011770693909451187,0.005924189304555082
mlp_V0-vpinn,109.457134698127,0.0021998497337105626,0.0011720448974042556,0.005913872432683163
mlp_V0-vpinn,109.65613000648277,0.0021975737299314603,0.0011669987711916373,0.005903537531336184
mlp_V0-vpinn,109.85512531483853,0.0021953940110254026,0.0011619307304629786,0.005893184505659056
mlp_V0-vpinn,110.0541206231943,0.0021932364856007704,0.001165095087449207,0.005886981731246639
mlp_V0-vpinn,110.25311593155006,0.002191076373613595,0.0011695017195799938,0.005883161877925725
mlp_V0-vpinn,110.45211123990583,0.002188913664878431,0.0011738918099223842,0.005879339542816471
mlp_V0-vpinn,110.6511065482616,0.0021867483491406123,0.0011782655433751502,0.005875514721075274
mlp_V0-vpinn,110.85010185661736,0.002184586992434154,0.0011826231014179561,0.0058716874078427505
mlp_V0-vpinn,111.04909716497312,0.0021859255831232953,0.0011869646621992219,0.0058678575982436705
mlp_V0-vpinn,111.24809247332888,0.002187242921773917,0.0011798443944416354,0.00586286229939554
mlp_V0-vpinn,111.44708778168464,0.002188557282255608,0.001169749798098058,0.005856955693969418
mlp_V0-vpinn,111.64608309004042,0.002189868675591153,0.0011595673267238706,0.005851043125850979
mlp_V0-vpinn,111.84507839839618,0.002191177112718666,0.0011492946446671724,0.005845124576945748
mlp_V0-vpinn,112.04407370675194,0.0021924826044924187,0.0011389293109388924,0.005839200029067546
mlp_V0-vpinn,112.24306901510771,0.0021857385379163105,0.0011284687724393788,0.005833269463937839
mlp_V0-vpinn,112.44206432346347,0.002178132867360721,0.0011244688976617403,0.005826248868314472
mlp_V0-vpinn,112.64105963181925,0.002170500535309023,0.0011229405445846716,0.00581808829528317
mlp_V0-vpinn,112.84005494017501,0.0021628412592835473,0.0011214101085399706,0.005809916259971945
mlp_V0-vpinn,113.03905024853077,0.002155154751781026,0.0011198775809878232,0.0058017327139451855
mlp_V0-vpinn,113.23804555688653,0.002147440720146472,0.0011183429533299025,0.005793537608425195
mlp_V0-vpinn,113.4370408652423,0.002146573657856282,0.0011168062169088055,0.005785330894288805
mlp_V0-vpinn,113.63603617359806,0.002146797342682084,0.0011149892947494749,0.005778605373199088
mlp_V0-vpinn,113.83503148195383,0.0021470169961700265,0.0011130210065469228,0.00577395247533188
mlp_V0-vpinn,114.0340267903096,0.0021472326162680026,0.0011110492314130456,0.0057692958249353915
mlp_V0-vpinn,114.23302209866536,0.0021474442008056153,0.0011090739507500452,0.005764635412915783
mlp_V0-vpinn,114.43201740702112,0.0021476517474938043,0.0011070951457942122,0.00575997123014243
mlp_V0-vpinn,114.63101271537688,0.002149213180264113,0.0011051127976138464,0.0057553032674477105
mlp_V0-vpinn,114.83000802373265,0.002151274929467871,0.001102654731091931,0.005749091611124734
mlp_V0-vpinn,115.02900333208842,0.0021533333461393927,0.001099849278496772,0.005739944705817579
mlp_V0-vpinn,115.22799864044418,0.0021553884464212266,0.0010970366515391915,0.005730783201149886
mlp_V0-vpinn,115.42699394879995,0.0021574402463260182,0.0010942167948952224,0.0057216070269916494
mlp_V0-vpinn,115.62598925715571,0.002159488761737968,0.0010913896525261842,0.005712416112649594
mlp_V0-vpinn,115.82498456551147,0.0021528637921668535,0.0010885551676656892,0.005703210386860824
mlp_V0-vpinn,116.02397987386725,0.002143555985444775,0.0010890940075327406,0.0056946538888088954
mlp_V0-vpinn,116.22297518222301,0.0021342007431598333,0.0010928597763684169,0.005687849633848759
mlp_V0-vpinn,116.42197049057877,0.002124797269735932,0.0010966126136263102,0.005681037229346473
mlp_V0-vpinn,116.62096579893453,0.0021153447462770015,0.0011003526516188472,0.005674216645949274
mlp_V0-vpinn,116.8199611072903,0.002105842329584454,0.0011040800204174194,0.005667387854127775
mlp_V0-vpinn,117.01895641564606,0.002101405910022039,0.001107794847905166,0.005660550824174465
mlp_V0-vpinn,117.21795172400184,0.0020988893076545594,0.0011149942116671177,0.005654215045987997
mlp_V0-vpinn,117.4169470323576,0.0020963695222331615,0.001126553021820466,0.0056499093154882786
mlp_V0-vpinn,117.61594234071336,0.0020938465410454774,0.0011379944331561863,0.005645600301137641
mlp_V0-vpinn,117.81493764906912,0.002091320351290726,0.0011493219517681355,0.005641287995411119
mlp_V0-vpinn,118.01393295742488,0.002088790940078824,0.001160538912634024,0.005636972390754969
mlp_V0-vpinn,118.21292826578066,0.0020867474077844953,0.0011716484910839987,0.0056326534795865055
mlp_V0-vpinn,118.41192357413642,0.0020848889892540164,0.001171787644190506,0.005628610624357384
mlp_V0-vpinn,118.61091888249219,0.002083027834068122,0.001153188014468949,0.005626471405403688
mlp_V0-vpinn,118.80991419084795,0.0020811639282535114,0.0011342834347517104,0.005624331372796404
mlp_V0-vpinn,119.00890949920371,0.0020792972577143615,0.0011150583948786891,0.005622190525606404
mlp_V0-vpinn,119.20790480755947,0.002077427808230814,0.0010954960235558774,0.00562004886290279
mlp_V0-vpinn,119.40690011591525,0.002075596114879708,0.001075577915013151,0.00561790638375289
mlp_V0-vpinn,119.60589542427101,0.0020740194029010895,0.0010597332556207188,0.005615571597233886
mlp_V0-vpinn,119.80489073262677,0.002072441490570256,0.0010542211143615351,0.005609738316352582
mlp_V0-vpinn,120.00388604098254,0.002070862375139742,0.0010486800002206898,0.005603898963422581
mlp_V0-vpinn,120.2028813493383,0.002069282053851578,0.001043109451476716,0.005598053519442543
mlp_V0-vpinn,120.40187665769406,0.002067700523937236,0.0010375089940127,0.005592201965311822
mlp_V0-vpinn,120.60087196604984,0.0020655846728546024,0.0010318781408453388,0.005586344281829734
mlp_V0-vpinn,120.7998672744056,0.002063226107679114,0.0010272461975612732,0.0055804804496948236
mlp_V0-vpinn,120.99886258276136,0.0020608633851587578,0.0010261169527504275,0.005572916844627709
mlp_V0-vpinn,121.19785789111712,0.0020584964822297977,0.001024986463832353,0.005565309483050758
mlp_V0-vpinn,121.39685319947289,0.0020561253756137075,0.0010238547266860078,0.005557691708536389
mlp_V0-vpinn,121.59584850782866,0.0020537500418143615,0.0010227217371675487,0.005550063478207574
mlp_V0-vpinn,121.79484381618443,0.0020527568198953528,0.001021587491110153,0.005542424748892221
mlp_V0-vpinn,121.99383912454019,0.0020536660155143958,0.001020507191410509,0.005534775477120317
mlp_V0-vpinn,122.19283443289595,0.002054570117826528,0.0010197323333203184,0.005529360667370035
mlp_V0-vpinn,122.39182974125171,0.002055469153186485,0.0010189568859952992,0.0055241722296379935
mlp_V0-vpinn,122.59082504960747,0.0020563631476255765,0.001018180848089166,0.005518978914214875
mlp_V0-vpinn,122.78982035796325,0.002057252126856495,0.0010174042182504992,0.005513780707318092
mlp_V0-vpinn,122.98881566631901,0.0020559301562934253,0.0010166269951227174,0.005508577595100027
mlp_V0-vpinn,123.18781097467478,0.002049693917982666,0.001015575115161097,0.005503369563647603
mlp_V0-vpinn,123.38680628303054,0.002043429327797871,0.001011461792189307,0.005498537198697147
mlp_V0-vpinn,123.5858015913863,0.0020371359301521153,0.0010073316730765166,0.005493776169559051
mlp_V0-vpinn,123.78479689974206,0.002030813256608916,0.0010031845503731922,0.005489011010826412
mlp_V0-vpinn,123.98379220809784,0.0020244608253641543,0.0009990202123239512,0.005484241711734837
mlp_V0-vpinn,124.1827875164536,0.0020201283480780242,0.000994838442741394,0.005479468261473088
mlp_V0-vpinn,124.38178282480936,0.002020472191518607,0.0009906699031537126,0.005474690649182799
mlp_V0-vpinn,124.58077813316513,0.0020208151880226426,0.000989168861995699,0.005472403788955975
mlp_V0-vpinn,124.77977344152089,0.002021157338292234,0.000987665539577617,0.005470901658794799
mlp_V0-vpinn,124.97876874987666,0.0020214986430240147,0.0009861599254666683,0.00546939911608466
mlp_V0-vpinn,125.17776405823243,0.0020218391029091657,0.0009846520091502907,0.005467896160485459
mlp_V0-vpinn,125.37675936658819,0.002021281118525999,0.0009831417800353025,0.005466392791656633
mlp_V0-vpinn,125.57575467494395,0.002018874968654578,0.0009816292274470349,0.005464889009257148
mlp_V0-vpinn,125.77474998329971,0.002016465934594533,0.0009800938385330798,0.005459436481611217
mlp_V0-vpinn,125.97374529165548,0.0020140540059013275,0.0009785547021419127,0.005452180285599027
mlp_V0-vpinn,126.17274060001125,0.0020116391720669397,0.000977013141077226,0.005444914419584747
mlp_V0-vpinn,126.37173590836701,0.0020092214225193206,0.000975469143843683,0.005437638844804711
mlp_V0-vpinn,126.57073121672278,0.0020077757103398484,0.0009739226988548261,0.0054303535222355774
mlp_V0-vpinn,126.76972652507854,0.0020093654569196847,0.0009723737944320634,0.00542305841259188
mlp_V0-vpinn,126.9687218334343,0.002010953851016433,0.0009721017103000361,0.005416607638817888
mlp_V0-vpinn,127.16771714179008,0.0020125408962619333,0.0009720262263266544,0.005410685592916951
mlp_V0-vpinn,127.36671245014584,0.002014126596271241,0.0009719507364910103,0.005404757058175494
mlp_V0-vpinn,127.5657077585016,0.00201571095464274,0.0009718752407917379,0.005398822013217012
mlp_V0-vpinn,127.76470306685736,0.002015678791396949,0.0009717997392274704,0.00539288043654737
mlp_V0-vpinn,127.96369837521313,0.0020097518163188373,0.0009717242317968409,0.0053869323065539
mlp_V0-vpinn,128.16269368356888,0.002006578092049639,0.0009713970539323106,0.00538569708051027
mlp_V0-vpinn,128.36168899192467,0.0020033855788405782,0.000971005309904272,0.005388449672318506
mlp_V0-vpinn,128.56068430028043,0.002000174093601275,0.000970613407766558,0.005391200858732864
mlp_V0-vpinn,128.7596796086362,0.0019969434494833986,0.0009702213473275721,0.00539395064190381
mlp_V0-vpinn,128.95867491699195,0.0019945612503246843,0.0009698291283953315,0.005396699023976331
mlp_V0-vpinn,129.15767022534772,0.0019953665241280423,0.0009694367507774643,0.005399446007089954
mlp_V0-vpinn,129.35666553370348,0.0019945313184718703,0.0009660202053040272,0.005395458318971228
mlp_V0-vpinn,129.55566084205924,0.0019936957112992636,0.0009614278815447181,0.00538386393040009
mlp_V0-vpinn,129.754656150415,0.0019928597019666506,0.0009568135167144611,0.005372244518855261
mlp_V0-vpinn,129.95365145877076,0.001992023289828626,0.0009521767903721577,0.0053605999216204975
mlp_V0-vpinn,130.15264676712656,0.0019911170338969015,0.0009475173742361416,0.005348929974208388
mlp_V0-vpinn,130.35164207548232,0.0019898265518828832,0.000942834931912942,0.005337234510333253
mlp_V0-vpinn,130.55063738383808,0.001989030866752642,0.0009411762322976841,0.0053288837568277285
mlp_V0-vpinn,130.74963269219384,0.001988234651855835,0.0009411413820533955,0.005325619128775013
mlp_V0-vpinn,130.9486280005496,0.0019874379061175125,0.0009411065305185629,0.005322352498262986
mlp_V0-vpinn,131.14762330890537,0.001986640628459083,0.0009410716776930428,0.005319083861602313
mlp_V0-vpinn,131.34661861726113,0.0019857887823295645,0.0009410368235766917,0.0053158132150923154
mlp_V0-vpinn,131.5456139256169,0.001984452435514732,0.0009410019681693662,0.005312540555020924
mlp_V0-vpinn,131.74460923397265,0.0019844212676985076,0.0009397250826022849,0.005308832174475732
mlp_V0-vpinn,131.94360454232842,0.0019844854736432212,0.0009375481384540979,0.0053042201639081615
mlp_V0-vpinn,132.14259985068418,0.001984545822831613,0.0009353661277626092,0.005299604139713751
mlp_V0-vpinn,132.34159515903997,0.001984602321603989,0.0009331790149872051,0.005294984091395585
mlp_V0-vpinn,132.54059046739573,0.0019847568360658553,0.0009309867641698048,0.005290360008410914
mlp_V0-vpinn,132.7395857757515,0.001986974241163981,0.00092878933892796,0.005285731880170875
mlp_V0-vpinn,132.93858108410726,0.0019873634461965335,0.0009268892565068476,0.005281103148672445
mlp_V0-vpinn,133.13757639246302,0.0019874470465319595,0.0009252759094015358,0.005276480542442619
mlp_V0-vpinn,133.33657170081878,0.0019875293697601618,0.0009236597442835004,0.005271853882898604
mlp_V0-vpinn,133.53556700917454,0.0019876104153647932,0.0009220407463343923,0.005267223159359268
mlp_V0-vpinn,133.7345623175303,0.001987690182816581,0.0009204189006055371,0.005262588361096482
mlp_V0-vpinn,133.93355762588607,0.001984635366833846,0.0009187941920163229,0.005257949477334838
mlp_V0-vpinn,134.13255293424183,0.0019831803900876685,0.0009170738985266767,0.005253361159549328
mlp_V0-vpinn,134.3315482425976,0.0019821592273039745,0.0009152324572151731,0.005249016966312662
mlp_V0-vpinn,134.53054355095338,0.0019811312903866996,0.0009133873034596712,0.005244669174754009
mlp_V0-vpinn,134.72953885930914,0.001980096559932972,0.0009115384147157682,0.005240317775916993
mlp_V0-vpinn,134.9285341676649,0.001979055016168997,0.0009096857682099583,0.005235962760808021
mlp_V0-vpinn,135.12752947602067,0.001980189594249119,0.0009078293409363615,0.005231604120396065
mlp_V0-vpinn,135.32652478437643,0.0019805326599550955,0.000906054641604279,0.005227337799434436
mlp_V0-vpinn,135.5255200927322,0.001980502035397052,0.0009044237225623482,0.005223865120288186
mlp_V0-vpinn,135.72451540108796,0.0019804714102469798,0.0009027898572172886,0.005220390131065968
mlp_V0-vpinn,135.92351070944372,0.0019804407845048404,0.0009011530295434229,0.005216912827151554
mlp_V0-vpinn,136.12250601779948,0.0019804101581705966,0.0008995132233692655,0.005213433203913316
mlp_V0-vpinn,136.32150132615524,0.0019782851396853178,0.0008978704223756584,0.005209951256704167
mlp_V0-vpinn,136.520496634511,0.001976501429727743,0.0008977486029207645,0.005206430291270835
mlp_V0-vpinn,136.7194919428668,0.001975054968531707,0.0009012202873965013,0.0052018184312653815
mlp_V0-vpinn,136.91848725122256,0.001973602351335069,0.0009046786494572974,0.0051972024788189625
mlp_V0-vpinn,137.11748255957832,0.0019721435493164417,0.0009081238413084016,0.005192582423017636
mlp_V0-vpinn,137.31647786793408,0.0019706785332871805,0.0009115560122787706,0.005187958252898864
mlp_V0-vpinn,137.51547317628985,0.001978161672017524,0.0009149753088965961,0.00518332995745121
mlp_V0-vpinn,137.7144684846456,0.0019869105684717473,0.0009158241945872294,0.005178697525614032
mlp_V0-vpinn,137.91346379300137,0.0019952154703533134,0.0009079242690777975,0.005174135688937263
mlp_V0-vpinn,138.11245910135713,0.0020034615879028226,0.0008999549996358474,0.005169573027066066
mlp_V0-vpinn,138.3114544097129,0.0020116501600266163,0.0008919145274961405,0.005165006334633455
mlp_V0-vpinn,138.51044971806866,0.002019782382712868,0.0008838009093386185,0.005160435600938979
mlp_V0-vpinn,138.70944502642442,0.002015886128211377,0.0008756121118034367,0.005155860815234752
mlp_V0-vpinn,138.90844033478018,0.0020084085926578314,0.000868524299415844,0.005151281966725164
mlp_V0-vpinn,139.10743564313597,0.0020007606728175103,0.0008678609068767047,0.005146793075374088
mlp_V0-vpinn,139.30643095149173,0.0019930642189118527,0.0008671970068524973,0.005142312129438728
mlp_V0-vpinn,139.5054262598475,0.001985318272771076,0.000866532598176782,0.005137827275456686
mlp_V0-vpinn,139.70442156820326,0.0019775218442507985,0.0008658676796786438,0.005133338503184909
mlp_V0-vpinn,139.90341687655902,0.0019736679192519776,0.0008652022501826682,0.00512884580233552
mlp_V0-vpinn,140.10241218491478,0.0019713234824123684,0.0008646542724175786,0.005124349162575545
mlp_V0-vpinn,140.30140749327055,0.0019689818309451576,0.0008654303540392989,0.005122681498651534
mlp_V0-vpinn,140.5004028016263,0.0019666359644625662,0.0008662057403268582,0.005121647565602234
mlp_V0-vpinn,140.69939810998207,0.0019642858586616167,0.0008669804331458782,0.005120613423785461
mlp_V0-vpinn,140.89839341833783,0.0019619314890032373,0.0008677544343536532,0.0051195790730747025
mlp_V0-vpinn,141.0973887266936,0.0019609402178758298,0.0008685277457992017,0.005118544513343319
mlp_V0-vpinn,141.29638403504939,0.001961078830923998,0.0008694947875464492,0.005117509744464545
mlp_V0-vpinn,141.49537934340515,0.0019620691277240808,0.0008859853323395786,0.005115881640784146
mlp_V0-vpinn,141.6943746517609,0.0019630578743670976,0.0009021745023393769,0.005114052034795094
mlp_V0-vpinn,141.89336996011667,0.001964045077003189,0.0009180782407952663,0.005112221774010923
mlp_V0-vpinn,142.09236526847243,0.0019650307417413086,0.0009337111329378908,0.005110390857728099
mlp_V0-vpinn,142.2913605768282,0.001965218927676213,0.0009490865626077467,0.005108559285241827
mlp_V0-vpinn,142.49035588518396,0.0019645974175734058,0.0009642168463955694,0.005106727055846047
mlp_V0-vpinn,142.68935119353972,0.0019631783049996582,0.0009464532494676518,0.005100198478368283
mlp_V0-vpinn,142.88834650189548,0.001961757311737178,0.0009262774091444724,0.005091402723947875
mlp_V0-vpinn,143.08734181025125,0.0019603344304310035,0.0009056522091591869,0.005082591747927187
mlp_V0-vpinn,143.286337118607,0.0019589096536780882,0.0008845462165531176,0.0050737654710058516
mlp_V0-vpinn,143.4853324269628,0.001958215512368585,0.0008629241533773108,0.005064923813192545
mlp_V0-vpinn,143.68432773531856,0.0019589673186386587,0.0008407462041219501,0.005056066693796534
mlp_V0-vpinn,143.88332304367432,0.001963030746930017,0.0008362688300318925,0.005050192745720129
mlp_V0-vpinn,144.0823183520301,0.001967073585152331,0.0008344226517343747,0.0050462749680700416
mlp_V0-vpinn,144.28131366038585,0.0019710961322016067,0.000832572379659535,0.005042354146409828
mlp_V0-vpinn,144.4803089687416,0.0019750986798048264,0.0008307179864529575,0.0050384302736330945
mlp_V0-vpinn,144.67930427709737,0.0019784337997510422,0.0008288594444542279,0.005034503342605757
mlp_V0-vpinn,144.87829958545314,0.00198007746523796,0.0008269967256921194,0.005030573346165884
mlp_V0-vpinn,145.0772948938089,0.0019750787992122987,0.000825594877689926,0.005026661991837667
mlp_V0-vpinn,145.27629020216466,0.0019700635864818667,0.0008243044108857591,0.005022766539538322
mlp_V0-vpinn,145.47528551052042,0.001965031636880056,0.0008230119206570417,0.005018868063739683
mlp_V0-vpinn,145.6742808188762,0.0019599827563659116,0.0008217173974557596,0.005014966557390632
mlp_V0-vpinn,145.87327612723197,0.0019553550451136353,0.000820420831658571,0.005011062013412605
mlp_V0-vpinn,146.07227143558774,0.0019514944343549004,0.0008191222135659707,0.005007154424699436
mlp_V0-vpinn,146.2712667439435,0.0019511709612933402,0.0008195437652711618,0.005003193190052975
mlp_V0-vpinn,146.47026205229926,0.0019508472686789746,0.000820596301629901,0.00499916972130047
mlp_V0-vpinn,146.66925736065502,0.0019505233562735957,0.0008216474896830816,0.004995143011740743
mlp_V0-vpinn,146.8682526690108,0.001950199223838457,0.0008226973345990299,0.004991113053529978
mlp_V0-vpinn,147.06724797736655,0.0019495172887204336,0.000823745841513137,0.004987079838792668
mlp_V0-vpinn,147.2662432857223,0.001948300976796373,0.0008247930155281533,0.0049830433596214346
mlp_V0-vpinn,147.46523859407807,0.0019477161194469972,0.0008234194325083647,0.004980626306853667
mlp_V0-vpinn,147.66423390243384,0.0019471325332740476,0.0008208010812196386,0.004980765387088604
mlp_V0-vpinn,147.8632292107896,0.001946546545151502,0.0008181743506308776,0.004980904463440047
mlp_V0-vpinn,148.0622245191454,0.0019459581506082923,0.00081553915977664,0.004981043535908321
mlp_V0-vpinn,148.26121982750115,0.001945576259169195,0.0008128954263791366,0.004981182604493753
mlp_V0-vpinn,148.4602151358569,0.0019455813096199486,0.0008102430668182535,0.004981321669196666
mlp_V0-vpinn,148.65921044421268,0.0019448228166407948,0.000808532205556186,0.004979048693328464
mlp_V0-vpinn,148.85820575256844,0.0019439961271615499,0.0008074738631222142,0.004971575932649701
mlp_V0-vpinn,149.0572010609242,0.0019431688870283153,0.000806414131714886,0.004964091922765695
mlp_V0-vpinn,149.25619636927996,0.0019423410950731219,0.0008053530058511206,0.004956596612720615
mlp_V0-vpinn,149.45519167763572,0.0019418932594467402,0.0008042904800116662,0.004949089951172775
mlp_V0-vpinn,149.6541869859915,0.001942347853242452,0.0008032265486407667,0.004941571886390525
mlp_V0-vpinn,149.85318229434725,0.0019430682249511502,0.0008016010659008685,0.004935137445179427
mlp_V0-vpinn,150.052177602703,0.001943835857762565,0.0007994568981016123,0.00493205541513086
mlp_V0-vpinn,150.2511729110588,0.0019446031732249427,0.000797306964092936,0.004928971457924172
mlp_V0-vpinn,150.45016821941456,0.001945370171746816,0.0007951512171027205,0.0049258855699397495
mlp_V0-vpinn,150.64916352777033,0.0019455916956093496,0.0007929896097230914,0.004922797747546629
mlp_V0-vpinn,150.8481588361261,0.001944125249637648,0.0007908220938982573,0.004919707987102453
mlp_V0-vpinn,151.04715414448185,0.0019445300508138552,0.0007900552368437295,0.004916382043423629
mlp_V0-vpinn,151.2461494528376,0.001945467154024196,0.0007910002629157245,0.004911941925719185
mlp_V0-vpinn,151.44514476119338,0.0019463933051502235,0.0007919441612899792,0.004907497790766441
mlp_V0-vpinn,151.64414006954914,0.0019473085657038128,0.0007928869359939236,0.004903049627641668
mlp_V0-vpinn,151.8431353779049,0.0019484356701600161,0.0007938285910310711,0.004898597425371542
mlp_V0-vpinn,152.04213068626066,0.00195049767139631,0.0007947691303812189,0.004894141172932826
mlp_V0-vpinn,152.24112599461643,0.0019490959473193949,0.000794501186994017,0.004889660922744598
mlp_V0-vpinn,152.44012130297222,0.0019462304132198429,0.0007922084627464105,0.004885002684560476
mlp_V0-vpinn,152.63911661132798,0.0019433585322932,0.0007899090838565918,0.00488034000013427
mlp_V0-vpinn,152.83811191968374,0.0019404802560529784,0.00078760299204059,0.00487567285670994
mlp_V0-vpinn,153.0371072280395,0.0019377244590011791,0.0007852901281586438,0.0048710012414703375
mlp_V0-vpinn,153.23610253639526,0.001935794746898918,0.0007829704321975055,0.004866325141536791
mlp_V0-vpinn,153.43509784475103,0.0019351670568413253,0.000782301796458979,0.004861723363902805
mlp_V0-vpinn,153.6340931531068,0.0019352962130815717,0.0007854522476287621,0.004859451257582229
mlp_V0-vpinn,153.83308846146255,0.0019354251509429697,0.0007885901127120495,0.004857178088408599
mlp_V0-vpinn,154.0320837698183,0.0019355538705076963,0.0007917155413589728,0.004854903854888963
mlp_V0-vpinn,154.23107907817408,0.0019354916502773835,0.0007948286802773664,0.004852628555526873
mlp_V0-vpinn,154.43007438652984,0.0019332129106671998,0.0007979296733131237,0.004850352188822367
mlp_V0-vpinn,154.62906969488563,0.00193100039954822,0.0007990831640877577,0.004848074753271966
mlp_V0-vpinn,154.8280650032414,0.0019288394361048225,0.0007937794392411962,0.004843715839726636
mlp_V0-vpinn,155.02706031159715,0.0019266745960843552,0.0007884400377933846,0.004839267924401763
mlp_V0-vpinn,155.22605561995292,0.0019245058573895048,0.0007830642299512852,0.004834815917102613
mlp_V0-vpinn,155.42505092830868,0.001922380581986966,0.0007776512606964415,0.004830359806514813
mlp_V0-vpinn,155.62404623666444,0.0019219823492083023,0.0007722003485471439,0.00482589958127175
mlp_V0-vpinn,155.8230415450202,0.0019221008523630906,0.0007672217735208424,0.0048214352299542395
mlp_V0-vpinn,156.02203685337597,0.0019227665091331616,0.0007649129910683725,0.004816852422792658
mlp_V0-vpinn,156.22103216173173,0.001923431098011173,0.0007625972187504106,0.004812250748757549
mlp_V0-vpinn,156.4200274700875,0.0019240946221802412,0.000760274392694216,0.004807644670196797
mlp_V0-vpinn,156.61902277844325,0.001924757084806082,0.0007579444480483094,0.004803034174438671
mlp_V0-vpinn,156.81801808679901,0.0019264297391544114,0.0007556073189613463,0.0047984192487505566
mlp_V0-vpinn,157.0170133951548,0.0019275590885869153,0.000753385115202953,0.004793799880338554
mlp_V0-vpinn,157.21600870351057,0.001927870607504281,0.0007524367659502915,0.004790295265210124
mlp_V0-vpinn,157.41500401186633,0.0019281813223830007,0.00075148721991668,0.004787022804550965
mlp_V0-vpinn,157.6139993202221,0.0019284912340496153,0.0007505364725597735,0.0047837481052713715
mlp_V0-vpinn,157.81299462857785,0.0019288003433252255,0.0007495845193084197,0.004780471162770872
mlp_V0-vpinn,158.01198993693362,0.0019257781853837584,0.0007486313555624033,0.004777191972433215
mlp_V0-vpinn,158.21098524528938,0.0019231437176957344,0.0007476885641796905,0.0047739105296262935
mlp_V0-vpinn,158.40998055364514,0.001921863789546965,0.0007474089497192427,0.004770524607498318
mlp_V0-vpinn,158.6089758620009,0.0019205730904996018,0.0007471292306125868,0.004767105904666686
mlp_V0-vpinn,158.80797117035667,0.001919271572118572,0.0007468494067421424,0.004763684748371682
mlp_V0-vpinn,159.00696647871243,0.0019179591849319106,0.0007465694779901093,0.0047602611333234625
mlp_V0-vpinn,159.20596178706822,0.001919237805629952,0.000746289444238466,0.0047568350542131444
mlp_V0-vpinn,159.40495709542398,0.0019201971318371321,0.0007460093053689698,0.004753406505712716
mlp_V0-vpinn,159.60395240377974,0.0019191133252452162,0.0007450230111203789,0.004749364117890647
mlp_V0-vpinn,159.8029477121355,0.001918027901418045,0.0007439945902230266,0.00474507388167139
mlp_V0-vpinn,160.00194302049127,0.001916940853784885,0.0007429647457742409,0.004740779762943307
mlp_V0-vpinn,160.20093832884703,0.0019158521757300898,0.0007419334718461188,0.004736481751146688
mlp_V0-vpinn,160.3999336372028,0.0019139077991756456,0.0007409007624695014,0.0047321798356738725
mlp_V0-vpinn,160.59892894555855,0.0019120543534394173,0.0007398666116335713,0.004727874005868938
mlp_V0-vpinn,160.79792425391432,0.0019116099635309329,0.000738942472246556,0.004724864164472928
mlp_V0-vpinn,160.99691956227008,0.0019111644070965677,0.0007380329817825645,0.004722585769258867
mlp_V0-vpinn,161.19591487062584,0.0019107176822772123,0.0007371223691544534,0.0047203062743102035
mlp_V0-vpinn,161.39491017898163,0.0019102697872013254,0.0007362106301982371,0.00471802567803294
mlp_V0-vpinn,161.5939054873374,0.0019103083688809218,0.000735297760724114,0.004715743978829226
mlp_V0-vpinn,161.79290079569316,0.0019104262558269555,0.0007343837565162425,0.004713461175097341
mlp_V0-vpinn,161.99189610404892,0.001909832761553034,0.0007333546706193714,0.004710836828894392
mlp_V0-vpinn,162.19089141240468,0.001909239082542279,0.0007322967202360375,0.004707948358745181
mlp_V0-vpinn,162.38988672076044,0.0019086452186218425,0.0007312372392169782,0.004705058115343009
mlp_V0-vpinn,162.5888820291162,0.0019080511696186056,0.0007301762208993653,0.004702166095418024
mlp_V0-vpinn,162.78787733747197,0.0019069531448527325,0.000729113658571892,0.004699272295690308
mlp_V0-vpinn,162.98687264582773,0.0019056510757186433,0.0007280495454742762,0.004696376712869841
mlp_V0-vpinn,163.1858679541835,0.0019047828952487964,0.0007278713890919001,0.004692336460851232
mlp_V0-vpinn,163.38486326253926,0.0019039136534122032,0.0007280101993693377,0.004687096377777025
mlp_V0-vpinn,163.58385857089505,0.001903043347139971,0.0007281489831847556,0.004681850429830832
mlp_V0-vpinn,163.7828538792508,0.001902171973347741,0.0007282877405532816,0.004676598597275993
mlp_V0-vpinn,163.98184918760657,0.001901772960727089,0.0007284264714900294,0.004671340860264901
mlp_V0-vpinn,164.18084449596233,0.001901629646060945,0.000728565176010098,0.004666077198838127
mlp_V0-vpinn,164.3798398043181,0.0019016014510215451,0.0007285812977127132,0.004662613400202264
mlp_V0-vpinn,164.57883511267386,0.0019015790215665452,0.0007285358523180618,0.004661521389917614
mlp_V0-vpinn,164.77783042102962,0.0019015564060168274,0.0007284904040883917,0.004660429123758152
mlp_V0-vpinn,164.97682572938538,0.001901533604382586,0.0007284449530231724,0.004659336601543926
mlp_V0-vpinn,165.17582103774114,0.0019013898916531362,0.000728399499121873,0.004658243823094776
mlp_V0-vpinn,165.3748163460969,0.0019011640111918874,0.0007283540423839625,0.004657150788230327
mlp_V0-vpinn,165.57381165445267,0.001901073262568367,0.0007268891170083947,0.004655078939001545
mlp_V0-vpinn,165.77280696280843,0.0019010012499623568,0.000724447848784464,0.004651330134163579
mlp_V0-vpinn,165.97180227116422,0.0019009287607995619,0.0007219983260310449,0.004647578305485622
mlp_V0-vpinn,166.17079757951998,0.00190085579503605,0.0007195404644457633,0.00464382344563863
mlp_V0-vpinn,166.36979288787575,0.0019005811502116293,0.0007170741782814514,0.004640065547263904
mlp_V0-vpinn,166.5687881962315,0.001900135954802589,0.000714599380311243,0.004636304602972922
mlp_V0-vpinn,166.76778350458727,0.0018993638915306543,0.0007144226374019647,0.0046321816989930336
mlp_V0-vpinn,166.96677881294303,0.00189851130247756,0.0007163272906911134,0.004627247156422619
mlp_V0-vpinn,167.1657741212988,0.0018976579467253603,0.0007182268930814015,0.004622307345986032
mlp_V0-vpinn,167.36476942965456,0.0018968038222862398,0.0007201214845440001,0.00461736225077605
mlp_V0-vpinn,167.56376473801032,0.001895965798976422,0.0007220111045256482,0.004612411853794812
mlp_V0-vpinn,167.76276004636608,0.0018951447052189777,0.0007238957919582336,0.0046074561379531465
mlp_V0-vpinn,167.96175535472184,0.00189432859318809,0.0007247474970992636,0.004603627211955931
mlp_V0-vpinn,168.16075066307764,0.0018935138756877746,0.0007243541599518467,0.004603479157450757
mlp_V0-vpinn,168.3597459714334,0.0018926984382897048,0.0007239606090993099,0.004603331098183785
mlp_V0-vpinn,168.55874127978916,0.0018918822791837062,0.0007235668441929482,0.004603183034154555
mlp_V0-vpinn,168.75773658814492,0.001891204175575278,0.000723172864883107,0.004603034965362607
mlp_V0-vpinn,168.95673189650068,0.0018907048958414852,0.0007227786708191787,0.004602886891807482
mlp_V0-vpinn,169.15572720485645,0.0018900751375908892,0.0007216181399569382,0.004602305030921233
mlp_V0-vpinn,169.3547225132122,0.0018893766596315234,0.0007192279234022399,0.004599294494451931
mlp_V0-vpinn,169.55371782156797,0.0018886778653345023,0.0007168297368888132,0.004596281986100156
mlp_V0-vpinn,169.75271312992373,0.0018879787542242519,0.0007144235001556655,0.004593267501986114
mlp_V0-vpinn,169.9517084382795,0.0018875861458763055,0.0007120091315855851,0.004590251038217268
mlp_V0-vpinn,170.15070374663526,0.0018876874609196047,0.0007095865481728399,0.004587232590888286
mlp_V0-vpinn,170.34969905499105,0.001888251461567445,0.0007075787859528222,0.004584120243400116
mlp_V0-vpinn,170.5486943633468,0.0018891500836180487,0.0007064877380659558,0.004579878508482191
mlp_V0-vpinn,170.74768967170257,0.0018900481714817544,0.0007053950026365592,0.004575632841363408
mlp_V0-vpinn,170.94668498005834,0.0018909457262355606,0.0007043005718098716,0.004571383231087686
mlp_V0-vpinn,171.1456802884141,0.0018913999236698951,0.0007032044376700084,0.004567129666647972
mlp_V0-vpinn,171.34467559676986,0.0018909602767775608,0.0007021065922392935,0.004562872136985906
mlp_V0-vpinn,171.54367090512562,0.0018900325288310929,0.0007010559053926466,0.004558619504437877
mlp_V0-vpinn,171.74266621348139,0.001888626932034899,0.0007001533293663145,0.004555658947644723
mlp_V0-vpinn,171.94166152183715,0.0018872200619464603,0.0006992495883156217,0.004552696465642028
mlp_V0-vpinn,172.1406568301929,0.0018858119147351655,0.0006983446777175279,0.004549732054669089
mlp_V0-vpinn,172.33965213854867,0.0018845345010102652,0.0006974385930196503,0.00454676571095294
mlp_V0-vpinn,172.53864744690446,0.001883597484963109,0.000696531329639996,0.0045437974307083046
mlp_V0-vpinn,172.73764275526023,0.0018826862110633068,0.0006958851310677611,0.00454082721013753
mlp_V0-vpinn,172.936638063616,0.0018818092309422095,0.0006964742598861638,0.004536859577751628
mlp_V0-vpinn,173.13563337197175,0.0018809317990619778,0.0006970628907973542,0.004532829221624094
mlp_V0-vpinn,173.3346286803275,0.0018800539146726996,0.0006976510250616342,0.004528795278722796
mlp_V0-vpinn,173.53362398868327,0.0018791166550566256,0.0006982386639339973,0.004524757739454622
mlp_V0-vpinn,173.73261929703904,0.0018779771565126746,0.0006988258086641607,0.004520716594183615
mlp_V0-vpinn,173.9316146053948,0.0018770947062036983,0.0006991916682821603,0.004516671833230714
mlp_V0-vpinn,174.13060991375056,0.001876673116357188,0.0006976755610965225,0.004515315404841753
mlp_V0-vpinn,174.32960522210632,0.0018762505273997325,0.0006961561521005934,0.0045142993134094905
mlp_V0-vpinn,174.52860053046209,0.0018758269376946582,0.0006946334196276921,0.004513282993220961
mlp_V0-vpinn,174.72759583881785,0.0018754612742309935,0.0006931073417731328,0.004512266444121591
mlp_V0-vpinn,174.92659114717364,0.0018753726709059139,0.0006915778963905475,0.004511249665956637
mlp_V0-vpinn,175.1255864555294,0.001875265519404259,0.0006900453037998877,0.004510232658571177
mlp_V0-vpinn,175.32458176388516,0.0018751121170314528,0.0006885159054562693,0.0045085321958740305
mlp_V0-vpinn,175.52357707224093,0.0018749582487129473,0.0006869831022931011,0.004506672893112067
mlp_V0-vpinn,175.7225723805967,0.0018748039141988412,0.0006854468714687088,0.004504812822947193
mlp_V0-vpinn,175.92156768895245,0.001874732174116431,0.0006839071898848759,0.004502951984428419
mlp_V0-vpinn,176.1205629973082,0.0018752580947428883,0.0006823640341827922,0.0045010903766027855
mlp_V0-vpinn,176.31955830566397,0.0018758141369649467,0.0006808173807389188,0.004499227998515366
mlp_V0-vpinn,176.51855361401974,0.0018764860649601533,0.0006802719552593728,0.004496343915536775
mlp_V0-vpinn,176.7175489223755,0.0018771576496903538,0.000679762696373429,0.004493101829277883
mlp_V0-vpinn,176.91654423073126,0.001877828891753329,0.0006792530556790591,0.004489857401937831
mlp_V0-vpinn,177.11553953908705,0.0018784256690362964,0.0006787430323162098,0.004486610628437864
mlp_V0-vpinn,177.31453484744281,0.0018780424397012072,0.0006782326254215937,0.004483361503680835
mlp_V0-vpinn,177.51353015579858,0.0018775150647407234,0.0006777218341286728,0.004480110022551115
mlp_V0-vpinn,177.71252546415434,0.00187604995101124,0.0006772191034877146,0.004477847516812344
mlp_V0-vpinn,177.9115207725101,0.0018745836503915752,0.000676716990778051,0.004476081132434363
mlp_V0-vpinn,178.11051608086586,0.0018731161598999747,0.0006762145052323985,0.004474314050717417
mlp_V0-vpinn,178.30951138922163,0.001871666368834532,0.0006757116460189912,0.004472546270834962
mlp_V0-vpinn,178.5085066975774,0.001871341122049177,0.0006752084123029654,0.004470777791958815
mlp_V0-vpinn,178.70750200593315,0.0018710542627271944,0.0006747048032463443,0.00446900861325916
mlp_V0-vpinn,178.9064973142889,0.001871427818890768,0.0006748637160438516,0.004466136250790188
mlp_V0-vpinn,179.10549262264468,0.0018718012991145506,0.0006751624874933814,0.004462539376638196
mlp_V0-vpinn,179.30448793100047,0.0018721747034456373,0.0006754611267896801,0.004458939601011724
mlp_V0-vpinn,179.50348323935623,0.0018725480319310738,0.0006757596341079558,0.004455336916877866
mlp_V0-vpinn,179.702478547712,0.0018758459607598858,0.0006760580096230295,0.004451731317175257
mlp_V0-vpinn,179.90147385606775,0.0018792403092904725,0.0006763562535093367,0.004448122794813912
mlp_V0-vpinn,180.10046916442352,0.00188253245062227,0.0006753331221777173,0.004445018260510784
mlp_V0-vpinn,180.29946447277928,0.0018858124524524075,0.0006738820372524574,0.004442332440537938
mlp_V0-vpinn,180.49845978113504,0.0018890821656172094,0.0006724278209241057,0.004439644995744276
mlp_V0-vpinn,180.6974550894908,0.0018923416879308749,0.0006709704528322837,0.004436955923177356
mlp_V0-vpinn,180.89645039784656,0.0018885666353512134,0.0006695099123950134,0.004434265219875787
mlp_V0-vpinn,181.09544570620233,0.0018841057378771353,0.0006680461788053256,0.004431572882869184
mlp_V0-vpinn,181.2944410145581,0.0018794631204000715,0.0006677346520489415,0.004429229734304973
mlp_V0-vpinn,181.49343632291388,0.0018747827659399074,0.0006679503648543473,0.004427263694310993
mlp_V0-vpinn,181.69243163126964,0.0018700814448733582,0.0006681660080183594,0.004425296780858561
mlp_V0-vpinn,181.8914269396254,0.0018653588656475512,0.0006683815816083841,0.00442332899278248
mlp_V0-vpinn,182.09042224798117,0.0018642618067013254,0.0006685970856917187,0.0044213603289149596
mlp_V0-vpinn,182.28941755633693,0.0018637616293031524,0.0006688125203355527,0.004419390788085607
mlp_V0-vpinn,182.4884128646927,0.0018635803542660324,0.0006684509067212347,0.0044175230977641835
mlp_V0-vpinn,182.68740817304845,0.0018634675177620903,0.0006677285033604687,0.004415807537901515
mlp_V0-vpinn,182.88640348140422,0.0018633544559767683,0.0006670053175976801,0.00441409131127751
mlp_V0-vpinn,183.08539878975998,0.0018632411688151386,0.0006662813468851973,0.004412374417114143
mlp_V0-vpinn,183.28439409811574,0.001863628246756034,0.0006655565886614926,0.004410656854631875
mlp_V0-vpinn,183.4833894064715,0.0018641340602753638,0.000664831040351076,0.004408938623049646
mlp_V0-vpinn,183.68238471482726,0.001864559214872549,0.0006644534663747026,0.0044068476131269374
mlp_V0-vpinn,183.88138002318306,0.0018649573077824104,0.0006643721278531483,0.004403982833124049
mlp_V0-vpinn,184.08037533153882,0.00186535531373762,0.0006642907793721678,0.0044011161883754065
mlp_V0-vpinn,184.27937063989458,0.0018657532327963572,0.0006642094209281016,0.004398247675234855
mlp_V0-vpinn,184.47836594825034,0.0018656663091741392,0.0006641280525172883,0.004395377290044343
mlp_V0-vpinn,184.6773612566061,0.00186542178028149,0.0006640466741360641,0.004392505029133864
mlp_V0-vpinn,184.87635656496187,0.0018655778151913944,0.000665077664118565,0.004390228186845895
mlp_V0-vpinn,185.07535187331763,0.0018659268620603955,0.0006673629690875327,0.004389777126508846
mlp_V0-vpinn,185.2743471816734,0.0018662751052828858,0.0006696404749634295,0.004389326019819481
mlp_V0-vpinn,185.47334249002915,0.0018666225462866566,0.0006719102610536379,0.004388874866763507
mlp_V0-vpinn,185.67233779838492,0.0018669995591804474,0.0006741724053304824,0.004388423667326624
mlp_V0-vpinn,185.87133310674068,0.0018673886535396033,0.0006764269844624833,0.004387972421494525
mlp_V0-vpinn,186.07032841509647,0.0018671218620559455,0.0006764379181022208,0.004387076944742338
mlp_V0-vpinn,186.26932372345223,0.0018664211138910496,0.0006730361268861303,0.004384162180051513
mlp_V0-vpinn,186.468319031808,0.001865720102361843,0.0006696170540998039,0.00438124547622001
mlp_V0-vpinn,186.66731434016376,0.0018650188271709662,0.0006661804336579666,0.004378326829372445
mlp_V0-vpinn,186.86630964851952,0.001864650767686458,0.0006627259925762177,0.004375406235620509
mlp_V0-vpinn,187.06530495687528,0.0018644642252632362,0.000659253450717969,0.0043724836910629065
mlp_V0-vpinn,187.26430026523104,0.001864712583016115,0.0006567220555466554,0.0043696978665531214
mlp_V0-vpinn,187.4632955735868,0.0018653535137991431,0.0006561679463278458,0.004367864547770838
mlp_V0-vpinn,187.66229088194257,0.001865994153013633,0.0006556133687889388,0.004366030459168578
mlp_V0-vpinn,187.86128619029833,0.0018666345011111164,0.0006550583217404841,0.004364195599775775
mlp_V0-vpinn,188.0602814986541,0.001866693992550732,0.0006545028039879875,0.004362359968619815
mlp_V0-vpinn,188.25927680700988,0.0018663542219146203,0.0006539468143318815,0.004360523564726043
mlp_V0-vpinn,188.45827211536565,0.0018657504821809952,0.000653704803528091,0.00435870920084314
mlp_V0-vpinn,188.6572674237214,0.001864829485607786,0.0006543816715659986,0.004357203889577631
mlp_V0-vpinn,188.85626273207717,0.0018639077811781995,0.0006550578401998716,0.0043556980580827945
mlp_V0-vpinn,189.05525804043293,0.0018629853671182641,0.0006557333115933114,0.00435419170581889
mlp_V0-vpinn,189.2542533487887,0.001862387608775695,0.0006564080878987865,0.004352684832245243
mlp_V0-vpinn,189.45324865714446,0.0018620722674395525,0.0006570821712577137,0.0043511774368202435
mlp_V0-vpinn,189.65224396550022,0.0018618127388429118,0.0006574405169316033,0.004349669519001343
mlp_V0-vpinn,189.85123927385598,0.0018616442104000441,0.0006564053708768009,0.00435332661848066
mlp_V0-vpinn,190.05023458221174,0.0018614756290831042,0.0006553685898244799,0.00435701650836632
mlp_V0-vpinn,190.2492298905675,0.001861306994858842,0.0006543301660027177,0.004360703275984394
mlp_V0-vpinn,190.4482251989233,0.0018609887315537278,0.0006532900915778233,0.0043643869292473835
mlp_V0-vpinn,190.64722050727906,0.001860498839568775,0.0006522483586536478,0.0043680674760344295
mlp_V0-vpinn,190.84621581563482,0.0018599749150638245,0.0006514833268812245,0.004371744924191503
mlp_V0-vpinn,191.04521112399058,0.00185937323748678,0.0006528566995904867,0.0043673740751320285
mlp_V0-vpinn,191.24420643234635,0.0018587712535749446,0.0006542271892822384,0.004362273613661117
mlp_V0-vpinn,191.4432017407021,0.0018581689628213174,0.0006555948140369115,0.004357167181639087
mlp_V0-vpinn,191.64219704905787,0.0018577170835034386,0.000656959591746743,0.00435205475804951
mlp_V0-vpinn,191.84119235741363,0.001857496778149277,0.0006583215401185061,0.004346936321752373
mlp_V0-vpinn,192.0401876657694,0.001857280581055901,0.0006595145984290957,0.004341811851483057
mlp_V0-vpinn,192.23918297412516,0.001857078393353509,0.0006571236287098884,0.004338769505112128
mlp_V0-vpinn,192.43817828248092,0.001856876177025471,0.0006547239275271763,0.004336121229915243
mlp_V0-vpinn,192.63717359083668,0.0018566739320582243,0.0006523153985185167,0.004333471336302159
mlp_V0-vpinn,192.83616889919247,0.0018563762065569478,0.0006498979435358529,0.004330819821302101
mlp_V0-vpinn,193.03516420754823,0.0018558753309004955,0.0006474714625988475,0.004328166681935192
mlp_V0-vpinn,193.234159515904,0.0018554284046171919,0.0006450358538466298,0.004325511915212422
mlp_V0-vpinn,193.43315482425976,0.001855278571263405,0.0006488527220180585,0.0043244958785432705
mlp_V0-vpinn,193.63215013261552,0.001855128410604724,0.0006528180494425834,0.004323935039973052
mlp_V0-vpinn,193.83114544097128,0.0018549779224438685,0.0006567594357797951,0.004323374128649495
mlp_V0-vpinn,194.03014074932705,0.0018548518250871848,0.0006606773095040953,0.004322813144544279
mlp_V0-vpinn,194.2291360576828,0.0018547939750375607,0.0006645720864596597,0.004322252087629066
mlp_V0-vpinn,194.42813136603857,0.0018546773998769812,0.0006684441703755977,0.004321690957875498
mlp_V0-vpinn,194.62712667439433,0.001854023099456871,0.0006648334138771217,0.0043209180234042265
mlp_V0-vpinn,194.8261219827501,0.0018533685665017593,0.0006604140257670042,0.004320060787681348
mlp_V0-vpinn,195.0251172911059,0.0018527138007619268,0.0006559648638852951,0.004319203381822218
mlp_V0-vpinn,195.22411259946165,0.0018519965090328565,0.0006514853182339006,0.004318345805725495
mlp_V0-vpinn,195.4231079078174,0.0018510493119023733,0.0006469747576966199,0.0043174880592897385
mlp_V0-vpinn,195.62210321617317,0.0018501395663663807,0.0006424325290011964,0.004316630142413404
mlp_V0-vpinn,195.82109852452894,0.0018500448062364308,0.0006410710458305805,0.0043155930319175905
mlp_V0-vpinn,196.0200938328847,0.0018499492295066537,0.0006403442122136239,0.004314461989073903
mlp_V0-vpinn,196.21908914124046,0.0018498528359345088,0.0006396165526537434,0.004313330649647836
mlp_V0-vpinn,196.41808444959622,0.0018498424598892486,0.0006388880643288237,0.004312199013405956
mlp_V0-vpinn,196.61707975795198,0.0018502889666942657,0.0006381587444006417,0.004311067080114526
mlp_V0-vpinn,196.81607506630775,0.0018507350991851875,0.0006374285900147372,0.004309934849539499
mlp_V0-vpinn,197.0150703746635,0.0018501051407791248,0.000637852243476956,0.004307994078606157
mlp_V0-vpinn,197.2140656830193,0.0018494650198015803,0.0006386281272326251,0.004305475055001677
mlp_V0-vpinn,197.41306099137506,0.0018488245778597286,0.0006394030694927212,0.004302954556717707
mlp_V0-vpinn,197.61205629973082,0.0018481109598773022,0.0006401770736763208,0.004300432581161303
mlp_V0-vpinn,197.8110516080866,0.001846689116616831,0.0006409501431818557,0.004297909125731912
mlp_V0-vpinn,198.01004691644235,0.0018452661220640563,0.0006417222813872877,0.004295384187821345
mlp_V0-vpinn,198.2090422247981,0.001844651759743171,0.0006416793481283747,0.004294200923432981
mlp_V0-vpinn,198.40803753315387,0.0018440913188603292,0.0006412828802756856,0.004294299891942529
mlp_V0-vpinn,198.60703284150964,0.001843529895663048,0.0006408861671583362,0.004294398858171252
mlp_V0-vpinn,198.8060281498654,0.0018430053368898645,0.0006404892083205823,0.004294497822119311
mlp_V0-vpinn,199.00502345822116,0.0018440074228352052,0.0006400920033052669,0.004294596783786861
mlp_V0-vpinn,199.20401876657692,0.0018450089215424118,0.0006396945516538133,0.004294695743174061
mlp_V0-vpinn,199.4030140749327,0.0018455286281284342,0.0006386792231419738,0.004294264124162832
mlp_V0-vpinn,199.60200938328848,0.0018459844103533589,0.0006372861330167364,0.004293175229855393
mlp_V0-vpinn,199.80100469164424,0.0018464396927421584,0.0006358899909556806,0.0042920860592974884
mlp_V0-vpinn,200.0,0.0018468944761955556,0.0006344907768122448,0.004290996612278759
