plot-name,time,median,low,high
mlp_V0-fosls,0.5442295074462891,0.43042929269746255,0.3714774106051775,0.5619879352167156
mlp_V0-fosls,0.7438849333647612,0.3676460066278276,0.32216694192227036,0.4724574706258728
mlp_V0-fosls,0.9435403592832334,0.29135472688395503,0.26340218992745584,0.3608234546479887
mlp_V0-fosls,1.1431957852017056,0.2171435214010551,0.2022898580289468,0.2434384289362602
mlp_V0-fosls,1.3428512111201778,0.18952506070359976,0.16951948621249718,0.2157080586843842
mlp_V0-fosls,1.54250663703865,0.15894161567442122,0.12865661953481675,0.18384141122123943
mlp_V0-fosls,1.7421620629571222,0.13469917552480573,0.09862388796593317,0.15666688063472153
mlp_V0-fosls,1.9418174888755944,0.11494954328123094,0.08644957115154042,0.136109355151258
mlp_V0-fosls,2.1414729147940665,0.09330727448862228,0.07225223475473658,0.11300332706753585
mlp_V0-fosls,2.3411283407125385,0.08137078099438913,0.06459158964443226,0.09888150105667126
mlp_V0-fosls,2.540783766631011,0.07172133104228845,0.05749829620904435,0.08727811228067435
mlp_V0-fosls,2.7404391925494833,0.061043128606498485,0.04562283982146298,0.07526626721794699
mlp_V0-fosls,2.9400946184679553,0.0562024141726315,0.04179891469308112,0.07001177024909211
mlp_V0-fosls,3.1397500443864272,0.05090190150896065,0.03758796384035823,0.06432950307518251
mlp_V0-fosls,3.3394054703048996,0.04607620803209692,0.03382139971853462,0.05903279834318753
mlp_V0-fosls,3.539060896223372,0.04305418177490493,0.03176707030192512,0.055516914350451654
mlp_V0-fosls,3.738716322141844,0.03980333837740848,0.029570364086598803,0.05176276922425351
mlp_V0-fosls,3.938371748060316,0.03725786379753167,0.027872363410962712,0.048634963535251645
mlp_V0-fosls,4.138027173978788,0.034624297604287105,0.026547622955065252,0.04602950667769175
mlp_V0-fosls,4.337682599897261,0.03158435354871977,0.025153209079873718,0.043267439165128325
mlp_V0-fosls,4.537338025815733,0.030590898634057707,0.023921612015153762,0.041164821750652864
mlp_V0-fosls,4.736993451734205,0.02965611121408239,0.022532164988294263,0.039127442840268395
mlp_V0-fosls,4.936648877652678,0.027881983750573984,0.021012759234261626,0.03703571080612954
mlp_V0-fosls,5.1363043035711495,0.02662822340449813,0.0198538761360722,0.035391856838007815
mlp_V0-fosls,5.3359597294896215,0.02478941743428454,0.01862301652837014,0.03366783607493687
mlp_V0-fosls,5.5356151554080935,0.02271061073045491,0.017685711181587252,0.032035565411852616
mlp_V0-fosls,5.735270581326565,0.021656064279252207,0.017218411161832866,0.0306638361564537
mlp_V0-fosls,5.934926007245038,0.02054699255125323,0.016339307892951613,0.029227799171381113
mlp_V0-fosls,6.13458143316351,0.019642043844876736,0.015638116489410468,0.027676660167604488
mlp_V0-fosls,6.334236859081982,0.018853285957985216,0.015104124890239226,0.026006469980485187
mlp_V0-fosls,6.533892285000455,0.018029218980978458,0.014550549476343377,0.024221384016168215
mlp_V0-fosls,6.733547710918927,0.017665236261469548,0.013628669056680514,0.022978893023227136
mlp_V0-fosls,6.933203136837399,0.017314860625164512,0.012401250442075214,0.02176313341797902
mlp_V0-fosls,7.132858562755871,0.016724191819583942,0.0112764985431256,0.02053500259206842
mlp_V0-fosls,7.332513988674343,0.016136155591443976,0.010834799397538121,0.019612401031455416
mlp_V0-fosls,7.532169414592816,0.015657581349074808,0.010374311378432356,0.018644200625959007
mlp_V0-fosls,7.731824840511288,0.015104663420542955,0.009994691234057482,0.017896021349295976
mlp_V0-fosls,7.93148026642976,0.014459575592064705,0.009701184096658776,0.017049167089624416
mlp_V0-fosls,8.131135692348233,0.013781972909506019,0.009398515462049568,0.016304706246365933
mlp_V0-fosls,8.330791118266704,0.013111185591437858,0.009158196109789855,0.015756222201619284
mlp_V0-fosls,8.530446544185176,0.012705425109777988,0.00893219157846329,0.015098332603084757
mlp_V0-fosls,8.730101970103648,0.01237071966129955,0.008704152878067752,0.014498047655178276
mlp_V0-fosls,8.92975739602212,0.012094576389819558,0.00854321614761874,0.01418936973211036
mlp_V0-fosls,9.129412821940592,0.011958574320240325,0.008379188920479834,0.014075636804369903
mlp_V0-fosls,9.329068247859066,0.01174911998907471,0.008366984238985142,0.014372790890567134
mlp_V0-fosls,9.528723673777538,0.011601725666257862,0.00867413593102097,0.016364834268145355
mlp_V0-fosls,9.72837909969601,0.01119207425939487,0.00897077717058184,0.018139417941702526
mlp_V0-fosls,9.928034525614482,0.011050655366231649,0.008761347147984985,0.01803078487656742
mlp_V0-fosls,10.127689951532954,0.011127510846719799,0.008176982135213557,0.015443038796246061
mlp_V0-fosls,10.327345377451426,0.010479725375166338,0.007547507524454591,0.012323379863481835
mlp_V0-fosls,10.527000803369898,0.010334264920241264,0.007692090322931483,0.013685421977915113
mlp_V0-fosls,10.72665622928837,0.010256105937344336,0.007957347228504844,0.01591477480071552
mlp_V0-fosls,10.926311655206842,0.010171752041854113,0.008113753567413387,0.017868109558690795
mlp_V0-fosls,11.125967081125316,0.009975228776981086,0.007695796765730182,0.01572952788236759
mlp_V0-fosls,11.325622507043787,0.009763718603092483,0.007240375944458535,0.01316800497638703
mlp_V0-fosls,11.52527793296226,0.009465487604710957,0.007143925130572031,0.01083114696508089
mlp_V0-fosls,11.724933358880731,0.009756013398667874,0.007595414171757713,0.010742466254496092
mlp_V0-fosls,11.924588784799203,0.010097060757836732,0.00791533913957136,0.010835179169841109
mlp_V0-fosls,12.124244210717675,0.010020402384615563,0.008025560287893078,0.01082293705258105
mlp_V0-fosls,12.323899636636147,0.00955290015797049,0.008082753608212381,0.01137644425638392
mlp_V0-fosls,12.523555062554621,0.009040403762178705,0.008038469158886435,0.011973986741190906
mlp_V0-fosls,12.723210488473093,0.009496448178322965,0.007452191543464666,0.011670196747363817
mlp_V0-fosls,12.922865914391565,0.00935065716968889,0.006776693351181757,0.011469480467451913
mlp_V0-fosls,13.122521340310037,0.009243678235087684,0.006186614180526614,0.012272906675062215
mlp_V0-fosls,13.322176766228509,0.008972593900966365,0.0061679808812295815,0.010910488483062981
mlp_V0-fosls,13.52183219214698,0.008585793384542666,0.006149291120424719,0.010459424688726128
mlp_V0-fosls,13.721487618065453,0.008317437042618768,0.006112277754653819,0.010206517425362433
mlp_V0-fosls,13.921143043983925,0.008313237835586929,0.006054903223657896,0.010412917755711725
mlp_V0-fosls,14.120798469902397,0.008496513116335484,0.005996979802007812,0.01171470592319334
mlp_V0-fosls,14.32045389582087,0.008508695031217605,0.005914197424088742,0.011472688246916362
mlp_V0-fosls,14.520109321739342,0.008411345229053803,0.0058219018364559045,0.010612969256692166
mlp_V0-fosls,14.719764747657814,0.007899840841043497,0.00572935171349074,0.01160820310535571
mlp_V0-fosls,14.919420173576286,0.007945492251864868,0.005703168534707877,0.012779989379919721
mlp_V0-fosls,15.119075599494758,0.0076846221019263765,0.005676864593566126,0.013913985563767224
mlp_V0-fosls,15.31873102541323,0.007518624193039608,0.00563325199689638,0.014806555365173604
mlp_V0-fosls,15.518386451331702,0.007699694421699958,0.0055463241915973535,0.012831912286527719
mlp_V0-fosls,15.718041877250176,0.0078003912072327816,0.0054580120937992626,0.011145043187924343
mlp_V0-fosls,15.917697303168648,0.007536429108768616,0.005523297169720156,0.011486256683669495
mlp_V0-fosls,16.11735272908712,0.007409786186135425,0.005706022057890806,0.01041022746806627
mlp_V0-fosls,16.317008155005592,0.007281556028891592,0.005883074351496346,0.00920932023933476
mlp_V0-fosls,16.516663580924064,0.007135221124659743,0.005882192265095505,0.008870143520282668
mlp_V0-fosls,16.716319006842536,0.007073956879135947,0.005845163065453689,0.00860109532022884
mlp_V0-fosls,16.915974432761008,0.007015493294851596,0.0057598516986040816,0.008323354813109453
mlp_V0-fosls,17.11562985867948,0.0072461235753528185,0.005635239494960695,0.009676851560336451
mlp_V0-fosls,17.31528528459795,0.007117715866730177,0.005469967931722137,0.011114734065995434
mlp_V0-fosls,17.514940710516424,0.006931973135030129,0.005316672227665448,0.01215419457363963
mlp_V0-fosls,17.714596136434896,0.007014427032959193,0.005188666753793306,0.011040479019202052
mlp_V0-fosls,17.914251562353368,0.006858744130212185,0.005057422445021856,0.009801015672520393
mlp_V0-fosls,18.113906988271843,0.00674732178549786,0.00562216204297745,0.00875388599626054
mlp_V0-fosls,18.313562414190315,0.0069148698405222635,0.006034645967877259,0.00829025540873356
mlp_V0-fosls,18.513217840108787,0.0072643278102929275,0.005535465632346614,0.008715373907521147
mlp_V0-fosls,18.71287326602726,0.006966629519967272,0.005333052547127487,0.008137639748247378
mlp_V0-fosls,18.91252869194573,0.006887272337487612,0.005270540836287231,0.007401141538915984
mlp_V0-fosls,19.112184117864203,0.006442677913265738,0.005081070934742009,0.007369003393346566
mlp_V0-fosls,19.311839543782675,0.006458139168855731,0.005271332415415286,0.007779410141457948
mlp_V0-fosls,19.511494969701147,0.006296963904181244,0.005339352944504378,0.008169224766578794
mlp_V0-fosls,19.71115039561962,0.006183943816363292,0.005367645460812453,0.008310101046248162
mlp_V0-fosls,19.91080582153809,0.006160989679388756,0.005262425723169422,0.009307868304865857
mlp_V0-fosls,20.110461247456563,0.006165590044004421,0.0051295312160253,0.010208577048864253
mlp_V0-fosls,20.310116673375035,0.006101530224945278,0.005424564364877434,0.010233242834821094
mlp_V0-fosls,20.509772099293507,0.006139297170120236,0.005762329468885634,0.008996582037502782
mlp_V0-fosls,20.70942752521198,0.006402084990177208,0.005731807649584917,0.007881090867721527
mlp_V0-fosls,20.90908295113045,0.006237514538776459,0.005708061813406203,0.007283595848234745
mlp_V0-fosls,21.108738377048923,0.006105902182353365,0.005105865267766185,0.006883497207804717
mlp_V0-fosls,21.308393802967394,0.0058882476346094285,0.004558515809887244,0.006794098402240662
mlp_V0-fosls,21.50804922888587,0.006241799635292029,0.004501880936454429,0.007141870442904735
mlp_V0-fosls,21.707704654804342,0.006305705202053851,0.004444524445093274,0.008043847151754834
mlp_V0-fosls,21.907360080722814,0.0064948401254500965,0.004446598041436138,0.008694353405547644
mlp_V0-fosls,22.107015506641286,0.006739576992005921,0.004500351014687121,0.007787052921410085
mlp_V0-fosls,22.306670932559758,0.006205617642762281,0.004553469486961246,0.007595314100115153
mlp_V0-fosls,22.50632635847823,0.006087861645447422,0.004498961443485872,0.00756959007052844
mlp_V0-fosls,22.705981784396702,0.006181170289363459,0.004417267199999851,0.007309714078491626
mlp_V0-fosls,22.905637210315174,0.006173035908294011,0.004342401989978077,0.008049391784052059
mlp_V0-fosls,23.105292636233646,0.006120951719959297,0.00436870804336676,0.00733620488377331
mlp_V0-fosls,23.304948062152118,0.0060471379964530374,0.004394856640868878,0.007010383417173722
mlp_V0-fosls,23.50460348807059,0.00573472901054967,0.004410331097983432,0.00696061692172915
mlp_V0-fosls,23.70425891398906,0.005806092826661381,0.004405875595468215,0.00681588755191307
mlp_V0-fosls,23.903914339907534,0.005871639905107268,0.0044014155827012125,0.006664006698180048
mlp_V0-fosls,24.103569765826006,0.005910940336035161,0.004401973115334353,0.00666572547648758
mlp_V0-fosls,24.303225191744477,0.0060010128682121315,0.00440565098533653,0.007144716981176587
mlp_V0-fosls,24.502880617662953,0.005978039220397485,0.004409325787585563,0.007593554197760801
mlp_V0-fosls,24.702536043581425,0.0057871573700770795,0.00432589207602258,0.007038902541377063
mlp_V0-fosls,24.902191469499897,0.005663919489418985,0.004229384314207372,0.0065404307280042375
mlp_V0-fosls,25.10184689541837,0.005317399723260575,0.004241163819223226,0.006297569876323667
mlp_V0-fosls,25.30150232133684,0.0057750381681457895,0.004619513294388888,0.006628613188308562
mlp_V0-fosls,25.501157747255313,0.005916874524567961,0.004552365117581052,0.007409154045603414
mlp_V0-fosls,25.700813173173785,0.006113220860822198,0.004502545770250671,0.0076471927154601665
mlp_V0-fosls,25.900468599092257,0.005850548957917102,0.0045838496293483695,0.009636896980885273
mlp_V0-fosls,26.10012402501073,0.005562704809547625,0.004219148650143594,0.0120392173512502
mlp_V0-fosls,26.2997794509292,0.005256617800268218,0.00403260700652591,0.012601031812061299
mlp_V0-fosls,26.499434876847673,0.005319565679915034,0.004049864337610639,0.01032540618885371
mlp_V0-fosls,26.699090302766145,0.005339674318337267,0.0040670484429152125,0.007378483800961827
mlp_V0-fosls,26.898745728684617,0.005254314898784143,0.004040928650480296,0.006793733136859692
mlp_V0-fosls,27.09840115460309,0.005317479060048146,0.004013207326083465,0.006700800950172518
mlp_V0-fosls,27.29805658052156,0.005417875415646842,0.003996757615614421,0.0072069113918297205
mlp_V0-fosls,27.497712006440032,0.005379860391031319,0.0040167127814700315,0.007123298002677784
mlp_V0-fosls,27.697367432358504,0.005127704953067911,0.004036569298262766,0.006827316140849621
mlp_V0-fosls,27.89702285827698,0.005094067437403505,0.0040068893348487455,0.00651790740493129
mlp_V0-fosls,28.096678284195452,0.005172165191213147,0.0039284451604300556,0.00602838233191479
mlp_V0-fosls,28.296333710113924,0.005124276437565354,0.003848402345816771,0.0064502753927511165
mlp_V0-fosls,28.495989136032396,0.0050885630774421976,0.0038564249586976692,0.006246774505679021
mlp_V0-fosls,28.695644561950868,0.005193561757068902,0.003889442613919575,0.005978785471844556
mlp_V0-fosls,28.89529998786934,0.005151799474325156,0.003934190698617937,0.006028862763623583
mlp_V0-fosls,29.09495541378781,0.005212881061343228,0.004203864180330518,0.005959760648482934
mlp_V0-fosls,29.294610839706284,0.005122534009277948,0.0044572515791954205,0.006602165861780407
mlp_V0-fosls,29.494266265624756,0.004993824879784892,0.00450097521253461,0.0072226803391937
mlp_V0-fosls,29.693921691543228,0.004997817586307451,0.004267656879215506,0.006948170164175538
mlp_V0-fosls,29.8935771174617,0.005028868776891684,0.0039782996514160385,0.006391766770098288
mlp_V0-fosls,30.09323254338017,0.005000162203949419,0.00392048288755239,0.005821181599810406
mlp_V0-fosls,30.292887969298643,0.004864262361603604,0.004031638202700824,0.0061594402505416295
mlp_V0-fosls,30.492543395217115,0.004855226190778109,0.0041398100346951095,0.006480065831611082
mlp_V0-fosls,30.692198821135587,0.004851564143117606,0.00399260571240313,0.006519673642711369
mlp_V0-fosls,30.891854247054063,0.004851485546225628,0.0037955226712908,0.005895087368216356
mlp_V0-fosls,31.091509672972535,0.004970715543059221,0.003614092290253943,0.00547646875882248
mlp_V0-fosls,31.291165098891007,0.0048907911330338715,0.0036035738934575606,0.005458435621822421
mlp_V0-fosls,31.49082052480948,0.004928119046766525,0.0035930247047223003,0.005492250179667215
mlp_V0-fosls,31.69047595072795,0.004889680695841321,0.0036465325358153618,0.005673443486768497
mlp_V0-fosls,31.890131376646423,0.005030561099285161,0.0037918248235017664,0.005602314393791535
mlp_V0-fosls,32.089786802564895,0.004823782540295581,0.00393175170242074,0.005854176867297136
mlp_V0-fosls,32.28944222848337,0.0048976058743982025,0.003954345067267993,0.006196468866472185
mlp_V0-fosls,32.48909765440184,0.004935537943218349,0.003920696629173208,0.006668491024592984
mlp_V0-fosls,32.68875308032031,0.004733192292593733,0.0038867569006812864,0.007590744026963901
mlp_V0-fosls,32.88840850623878,0.004980442185395992,0.004135924563148288,0.007697121251702082
mlp_V0-fosls,33.088063932157254,0.00496581320317819,0.0041366686711283,0.006751240117422084
mlp_V0-fosls,33.28771935807573,0.005090007254443225,0.004137412645281517,0.006640706433485633
mlp_V0-fosls,33.4873747839942,0.004942947237269004,0.004123947075825467,0.006074418524468736
mlp_V0-fosls,33.68703020991267,0.0047826799114774245,0.004106561439528765,0.005543582356157178
mlp_V0-fosls,33.88668563583114,0.004600649603581555,0.003501153913521163,0.005514990752146433
mlp_V0-fosls,34.086341061749614,0.0046364333329096605,0.0035457673387106043,0.005359693186747529
mlp_V0-fosls,34.285996487668086,0.004607839455260715,0.003589826362704637,0.005276442633605655
mlp_V0-fosls,34.48565191358656,0.004751220199380474,0.0036086481567302736,0.005332867565270039
mlp_V0-fosls,34.68530733950503,0.004883838312619824,0.003619201859164641,0.00563256325788586
mlp_V0-fosls,34.8849627654235,0.004887631387878056,0.0036327659504198613,0.006177370568537075
mlp_V0-fosls,35.084618191341974,0.004974400852309211,0.003791579165344196,0.00582045123610832
mlp_V0-fosls,35.284273617260446,0.0049050799760478134,0.003944002622161206,0.005455592808852252
mlp_V0-fosls,35.48392904317892,0.004811331247962347,0.003984392820736518,0.005589377042172254
mlp_V0-fosls,35.6835844690974,0.004757714864114686,0.0037525086331365513,0.005557461895086663
mlp_V0-fosls,35.88323989501587,0.004642707248182592,0.003505318235708715,0.005573443739551309
mlp_V0-fosls,36.08289532093434,0.0046491115549986625,0.003404915835466293,0.00583963305395201
mlp_V0-fosls,36.28255074685281,0.0048406238757332885,0.0034301876744182477,0.00533847344584257
mlp_V0-fosls,36.482206172771285,0.00459342971364465,0.0034552746803767436,0.005591568228613296
mlp_V0-fosls,36.68186159868976,0.00463059126822127,0.0034386671093516834,0.005436616600320304
mlp_V0-fosls,36.88151702460823,0.004670303724812636,0.003413381587194481,0.005819819082000879
mlp_V0-fosls,37.0811724505267,0.0045510937679332664,0.003390967099115,0.006497875828770596
mlp_V0-fosls,37.28082787644517,0.004503244578570471,0.003396006881150794,0.006052863567977129
mlp_V0-fosls,37.480483302363645,0.004568676005902049,0.0034010391950647506,0.005522145715421199
mlp_V0-fosls,37.68013872828212,0.004486019481320507,0.0034010143760136984,0.005877791182535993
mlp_V0-fosls,37.87979415420059,0.004564157448826511,0.003392398407509197,0.005685880102217978
mlp_V0-fosls,38.07944958011906,0.004335690911624235,0.003383760500492023,0.005325763227262834
mlp_V0-fosls,38.27910500603753,0.004290631789950536,0.0033601381689616515,0.004958916260316386
mlp_V0-fosls,38.478760431956005,0.004428182103830401,0.003327905262670219,0.005035194118564558
mlp_V0-fosls,38.67841585787448,0.004424035167544374,0.003295357091439912,0.005147387303432923
mlp_V0-fosls,38.87807128379295,0.0044410109139656,0.003341769658432754,0.005173792850599529
mlp_V0-fosls,39.07772670971142,0.004418640634210169,0.003394963331118075,0.005075511651728751
mlp_V0-fosls,39.27738213562989,0.004487257575491984,0.0034232413154046196,0.005034413803201658
mlp_V0-fosls,39.477037561548364,0.004454707043248211,0.0033425645125652916,0.0049603405338895365
mlp_V0-fosls,39.676692987466836,0.004408549236490054,0.0032598917064572165,0.004988346927970913
mlp_V0-fosls,39.87634841338531,0.004352165925421713,0.003240334557381389,0.005016196959395251
mlp_V0-fosls,40.07600383930378,0.004283737185955759,0.0032981162236968135,0.004975396696679426
mlp_V0-fosls,40.27565926522225,0.004213363641010931,0.0033549028609281993,0.00492032540910949
mlp_V0-fosls,40.475314691140724,0.004221244530868965,0.0033170420221112144,0.004867022268000089
mlp_V0-fosls,40.674970117059196,0.004255398677132096,0.0032419204904380367,0.004930592268334384
mlp_V0-fosls,40.87462554297767,0.004235950466975063,0.003165016454332006,0.005038112967502965
mlp_V0-fosls,41.07428096889614,0.00425291102907507,0.003150478820803304,0.005095801001501005
mlp_V0-fosls,41.27393639481461,0.004279268855570721,0.0031361710675612696,0.005104520843546415
mlp_V0-fosls,41.473591820733084,0.004257697330658386,0.0031307332695966897,0.005327746196612489
mlp_V0-fosls,41.673247246651556,0.0042253040929278105,0.003149848543517083,0.0052550938682704405
mlp_V0-fosls,41.87290267257003,0.004137447186707211,0.0031688485114996904,0.00521029327818993
mlp_V0-fosls,42.0725580984885,0.004170395237184826,0.003160813721327568,0.005275382824571867
mlp_V0-fosls,42.27221352440698,0.00420428897658175,0.003129279465903541,0.005108624130001199
mlp_V0-fosls,42.47186895032545,0.004180085287334693,0.0030974241831751874,0.005036910226247245
mlp_V0-fosls,42.67152437624392,0.004209126644661481,0.003092290628023205,0.005002698350635615
mlp_V0-fosls,42.871179802162395,0.004274956354016996,0.0030935943003362856,0.004765837602438544
mlp_V0-fosls,43.07083522808087,0.004283249130861732,0.0030940041098864897,0.004743352795854435
mlp_V0-fosls,43.27049065399934,0.004161073733279069,0.0030829719992935167,0.004969594232330404
mlp_V0-fosls,43.47014607991781,0.004043274055223695,0.003071900269354661,0.005406695435837895
mlp_V0-fosls,43.66980150583628,0.003969577273981567,0.003061606567965107,0.005811010603828652
mlp_V0-fosls,43.869456931754755,0.00395376073671282,0.003052870396539776,0.005588623856868217
mlp_V0-fosls,44.06911235767323,0.003974415778666756,0.003044109153616338,0.005156970679105241
mlp_V0-fosls,44.2687677835917,0.004021034970578691,0.0031841413096145433,0.004701362194901434
mlp_V0-fosls,44.46842320951017,0.004041194638989878,0.003406894377652744,0.004672234835297057
mlp_V0-fosls,44.66807863542864,0.004051292551838018,0.003615951150301942,0.004642924748978623
mlp_V0-fosls,44.867734061347115,0.004186037995775509,0.0034648032027667602,0.004625102950349388
mlp_V0-fosls,45.06738948726559,0.0041032735623456095,0.0032523834097035334,0.0050915307348013625
mlp_V0-fosls,45.26704491318406,0.00411825771375779,0.0030560134242211463,0.00566259084152601
mlp_V0-fosls,45.46670033910253,0.00407439968644197,0.003034338213820595,0.005169904778689952
mlp_V0-fosls,45.666355765021,0.0041497678351987855,0.00301250705271939,0.004698638250527544
mlp_V0-fosls,45.866011190939474,0.004167010712182271,0.0030228615026180097,0.004730286102249926
mlp_V0-fosls,46.065666616857946,0.0041481401313994085,0.003078420032456071,0.004778116009411924
mlp_V0-fosls,46.26532204277642,0.004048803434667488,0.003132993477242437,0.0048289702446669275
mlp_V0-fosls,46.46497746869489,0.003992112410453181,0.003115534441880287,0.004867597623285387
mlp_V0-fosls,46.66463289461336,0.004053869437053643,0.0030638700117033234,0.004779880505607794
mlp_V0-fosls,46.864288320531834,0.004166767925539231,0.003011319318618923,0.0049139416376335465
mlp_V0-fosls,47.063943746450306,0.004133241289706683,0.002997627000704195,0.005040328885254076
mlp_V0-fosls,47.26359917236878,0.004092192132217603,0.00298601349490776,0.004998731612977462
mlp_V0-fosls,47.46325459828725,0.004041732276717799,0.002977086257570627,0.004956785269268171
mlp_V0-fosls,47.66291002420572,0.003999480407897199,0.0029779866221886454,0.004876709995555927
mlp_V0-fosls,47.862565450124194,0.003996619375676527,0.002978886714672647,0.004757352862864107
mlp_V0-fosls,48.062220876042666,0.004041802281418974,0.0029905256247859963,0.0046349230999928725
mlp_V0-fosls,48.26187630196114,0.003916779043189898,0.003013413716901733,0.004552681191825176
mlp_V0-fosls,48.46153172787962,0.0038714203728986984,0.0030361292702915928,0.004575016568054363
mlp_V0-fosls,48.66118715379809,0.003915535292017365,0.0030249590358601185,0.004587443792719567
mlp_V0-fosls,48.86084257971656,0.00401315227011083,0.0030025590381996758,0.004537696071736541
mlp_V0-fosls,49.06049800563503,0.00410300154215955,0.0029819394307315553,0.004487396876536016
mlp_V0-fosls,49.260153431553505,0.004070009815210057,0.0030527220420365183,0.004472063822933826
mlp_V0-fosls,49.45980885747198,0.004007686597251132,0.0031219002167461383,0.004510119457183011
mlp_V0-fosls,49.65946428339045,0.003893226967993134,0.0031458394704373246,0.004547856659980396
mlp_V0-fosls,49.85911970930892,0.003913031508002542,0.0030601018565572327,0.004527093601318807
mlp_V0-fosls,50.05877513522739,0.003907773967065176,0.00297189178323314,0.004628495017381375
mlp_V0-fosls,50.258430561145865,0.003892119814261482,0.002948869988695912,0.004917378740805488
mlp_V0-fosls,50.45808598706434,0.003894988512041296,0.002978837865679024,0.00478210669083158
mlp_V0-fosls,50.65774141298281,0.003866027139074495,0.003008507246089811,0.004413988052687767
mlp_V0-fosls,50.85739683890128,0.003740383059873571,0.002993862144273944,0.004408454393249402
mlp_V0-fosls,51.05705226481975,0.0037422272580903936,0.0029697101673585463,0.004471390758520876
mlp_V0-fosls,51.256707690738224,0.0037440658861918135,0.0029577702694739898,0.004533453484200741
mlp_V0-fosls,51.456363116656696,0.0038396871348647305,0.003063453914122084,0.004551236423211994
mlp_V0-fosls,51.65601854257517,0.003844995112679098,0.003165611283925364,0.004514436491952025
mlp_V0-fosls,51.85567396849364,0.003847701843071704,0.0032085161086473127,0.004502943281764622
mlp_V0-fosls,52.05532939441211,0.0038827472128846532,0.0031507354574015363,0.004425989238411079
mlp_V0-fosls,52.254984820330584,0.003844265903987296,0.003091875195670945,0.004368220369577746
mlp_V0-fosls,52.454640246249056,0.0037498558187079997,0.00306207620052898,0.004309677210169829
mlp_V0-fosls,52.65429567216753,0.0037359104394345047,0.00304974217941501,0.004346139185303435
mlp_V0-fosls,52.853951098086,0.0038155889106902307,0.00303735807305626,0.004385110248492238
mlp_V0-fosls,53.05360652400447,0.0037907685143241353,0.002970195377885194,0.004410091913840569
mlp_V0-fosls,53.253261949922944,0.003721640601926281,0.00289509090435365,0.004390240478135524
mlp_V0-fosls,53.452917375841416,0.0037712456684292524,0.0028385377262100183,0.004370298871152555
mlp_V0-fosls,53.65257280175989,0.0038672895209665636,0.0028830775901174167,0.004364328062538743
mlp_V0-fosls,53.85222822767836,0.003944092775734233,0.0029269397599125543,0.00442371247342803
mlp_V0-fosls,54.05188365359683,0.00395288878613549,0.002971918557356389,0.004575304070027452
mlp_V0-fosls,54.251539079515304,0.003910573316255962,0.00301849036491235,0.004377271720144659
mlp_V0-fosls,54.451194505433776,0.0038407199754258515,0.0030643544596828387,0.004370023385960394
mlp_V0-fosls,54.65084993135225,0.0037373723571635905,0.0030334886773290713,0.0043620282528019005
mlp_V0-fosls,54.85050535727072,0.0037385821633414604,0.0029690925985683776,0.004321702103217662
mlp_V0-fosls,55.0501607831892,0.0037393801730295217,0.0029032685308567913,0.004280996106009666
mlp_V0-fosls,55.24981620910767,0.003713572175795063,0.00287065625289908,0.004251073344573436
mlp_V0-fosls,55.44947163502614,0.003680989985013797,0.002838724469450413,0.004248949366342759
mlp_V0-fosls,55.649127060944615,0.003650757763207369,0.0028209311722487097,0.00424682432583999
mlp_V0-fosls,55.84878248686309,0.0036531646374938255,0.0028489426680501544,0.004243345163010677
mlp_V0-fosls,56.04843791278156,0.0036555250869029204,0.0028766814166864196,0.004238748578761988
mlp_V0-fosls,56.24809333870003,0.0036974318058504985,0.0028773649204918285,0.00423414700447061
mlp_V0-fosls,56.4477487646185,0.003889810905851506,0.0028516090494690926,0.004347193244451833
mlp_V0-fosls,56.647404190536975,0.003862350114124889,0.002825618420160638,0.004483560035976852
mlp_V0-fosls,56.84705961645545,0.003844670581140762,0.002810154581242084,0.004598724327333217
mlp_V0-fosls,57.04671504237392,0.00380747378712893,0.002797798472342949,0.004496536098433766
mlp_V0-fosls,57.24637046829239,0.0037587478813604323,0.002786065986576919,0.004391970893599996
mlp_V0-fosls,57.44602589421086,0.003738598833735284,0.002791302006439581,0.004304749294601511
mlp_V0-fosls,57.645681320129334,0.0036747095119500396,0.002796528222769518,0.004255340439926515
mlp_V0-fosls,57.845336746047806,0.003620644419384858,0.0028111367486310414,0.004205351118512671
mlp_V0-fosls,58.04499217196628,0.0036570157919503547,0.002846644021261542,0.004179707777801727
mlp_V0-fosls,58.24464759788475,0.003789683358630799,0.002881713821333456,0.00417052471485004
mlp_V0-fosls,58.44430302380322,0.0038240366247430904,0.0028749562225260372,0.004263880138248977
mlp_V0-fosls,58.643958449721694,0.0036828608430031842,0.0028371990915407254,0.004204999500788222
mlp_V0-fosls,58.843613875640166,0.003603760945382231,0.0027989326695434906,0.004155524820141239
mlp_V0-fosls,59.04326930155864,0.0035862440451766234,0.0027790913060310794,0.004153104948434888
mlp_V0-fosls,59.24292472747711,0.003656775751384793,0.002762615723960918,0.004150809398074919
mlp_V0-fosls,59.44258015339558,0.0037037837765011303,0.0027535080818082776,0.004148512577488441
mlp_V0-fosls,59.642235579314054,0.0036781393348267145,0.0028029695570889255,0.004147529042417553
mlp_V0-fosls,59.841891005232526,0.003580100014712994,0.002851573235838609,0.004148637842280392
mlp_V0-fosls,60.041546431151,0.0035825399285023124,0.0028732657097484114,0.004149746345875222
mlp_V0-fosls,60.24120185706947,0.003555783359386325,0.0028519450468913604,0.004142435914622044
mlp_V0-fosls,60.44085728298794,0.0035364612045515947,0.0028304637892331863,0.0041305488720226845
mlp_V0-fosls,60.640512708906414,0.003618940615452276,0.0028060948173940655,0.004118627521588372
mlp_V0-fosls,60.840168134824886,0.0036181142353299846,0.0027800174663979898,0.0041151958222620365
mlp_V0-fosls,61.03982356074336,0.003606108519567517,0.0027536931751286236,0.00425010326983331
mlp_V0-fosls,61.23947898666184,0.0036192504131268358,0.002738644375503212,0.004110841775879161
mlp_V0-fosls,61.43913441258031,0.0036432940698569727,0.0027245666542951947,0.004108183472205059
mlp_V0-fosls,61.63878983849878,0.0035817129179772852,0.002713134848894873,0.004106278935941091
mlp_V0-fosls,61.83844526441725,0.003545874782946407,0.0027136477613220163,0.004097595645696438
mlp_V0-fosls,62.038100690335725,0.003509405629532346,0.0027141605768207923,0.004080200494199513
mlp_V0-fosls,62.2377561162542,0.003483698056940239,0.0027124762349402917,0.004062730863606582
mlp_V0-fosls,62.43741154217267,0.0034861917531892805,0.0027081401287003958,0.004080294039006219
mlp_V0-fosls,62.63706696809114,0.0034886795344719517,0.0027037970686127556,0.004144074617104775
mlp_V0-fosls,62.83672239400961,0.0034960932417903963,0.0027153809870452497,0.004238928070483725
mlp_V0-fosls,63.036377819928084,0.003507411275643615,0.0027330351829622248,0.004186577597676381
mlp_V0-fosls,63.236033245846556,0.0035186925686193082,0.002750576070173644,0.004105914193512579
mlp_V0-fosls,63.43568867176503,0.003554846543464627,0.00273578733965389,0.0040440014567311245
mlp_V0-fosls,63.6353440976835,0.0036263395446731322,0.00272055911394553,0.004069732021443806
mlp_V0-fosls,63.83499952360197,0.0036146069231689456,0.0027081970565688146,0.0041030879810277626
mlp_V0-fosls,64.03465494952044,0.0036080934274786572,0.0027042979165395184,0.004097724085264803
mlp_V0-fosls,64.23431037543892,0.003486066781917676,0.002700393146486631,0.004106384444312108
mlp_V0-fosls,64.43396580135739,0.0034685533761092215,0.002694593660920286,0.004156458975822316
mlp_V0-fosls,64.63362122727587,0.003475153645314487,0.002687076775975884,0.004184461969236921
mlp_V0-fosls,64.83327665319433,0.0035076700990259936,0.0026795388040679905,0.004205284446404011
mlp_V0-fosls,65.03293207911281,0.0035538700457175224,0.0026742338736114152,0.0042249286958638875
mlp_V0-fosls,65.23258750503128,0.0035228257199753027,0.0026695021820815163,0.004179424039085597
mlp_V0-fosls,65.43224293094976,0.0034902459748271,0.0026672207652982853,0.004133418453512658
mlp_V0-fosls,65.63189835686822,0.00348686418307669,0.002701744985452266,0.004140103901367457
mlp_V0-fosls,65.8315537827867,0.00348494266480692,0.0027358335698639586,0.004281254863966735
mlp_V0-fosls,66.03120920870516,0.003480793653483142,0.0027450987435724953,0.0044178983811717
mlp_V0-fosls,66.23086463462364,0.0034656034000871954,0.002704441937761164,0.004408284874514037
mlp_V0-fosls,66.43052006054211,0.003450338890958175,0.00266316452317153,0.004274501866908042
mlp_V0-fosls,66.63017548646059,0.003443951527993488,0.0026508221708059134,0.0041363941888474965
mlp_V0-fosls,66.82983091237905,0.0034490679474479266,0.0026581166299978133,0.004076069832239741
mlp_V0-fosls,67.02948633829753,0.0034541763904821126,0.0026653911262900414,0.004034931820044907
mlp_V0-fosls,67.229141764216,0.0034532361782422067,0.002719929488894244,0.003995900089089476
mlp_V0-fosls,67.42879719013447,0.003449776831583872,0.002780384916948242,0.003991675181146702
mlp_V0-fosls,67.62845261605294,0.0034463104646223607,0.002825095203390048,0.0039874457966949
mlp_V0-fosls,67.82810804197142,0.003446223875990834,0.002777269601954941,0.0039842070618470015
mlp_V0-fosls,68.02776346788988,0.003446198385472894,0.002728605866677794,0.003982987764114154
mlp_V0-fosls,68.22741889380836,0.003458752264424345,0.0026898219878125863,0.003981768093007756
mlp_V0-fosls,68.42707431972683,0.0035099944463045096,0.002666483731521428,0.0040002694416084875
mlp_V0-fosls,68.6267297456453,0.003533300560262602,0.002642939396735539,0.00403210760264578
mlp_V0-fosls,68.82638517156377,0.0035315630649407205,0.0026499833918092863,0.0040636963263956
mlp_V0-fosls,69.02604059748225,0.003547689816227095,0.0026718113804936896,0.004038750429414106
mlp_V0-fosls,69.22569602340072,0.0035541753837217242,0.002693462479598729,0.004004040761770351
mlp_V0-fosls,69.4253514493192,0.0035375938199783572,0.00267393992388414,0.003973359357717343
mlp_V0-fosls,69.62500687523766,0.0035338849986555404,0.00265169942276496,0.003972318216612824
mlp_V0-fosls,69.82466230115614,0.003439168688899634,0.002633264702776211,0.0039715545118533925
mlp_V0-fosls,70.0243177270746,0.003409075843526841,0.002629764198252846,0.003970053336021975
mlp_V0-fosls,70.22397315299308,0.0034143436027799963,0.0026262590279593104,0.003967354826558665
mlp_V0-fosls,70.42362857891155,0.0034148708424192294,0.0026212899276812263,0.0039646544803775075
mlp_V0-fosls,70.62328400483003,0.003404581919135505,0.0026147172432491807,0.004005792164082095
mlp_V0-fosls,70.8229394307485,0.003394247855386499,0.002608127995196198,0.004070341346138226
mlp_V0-fosls,71.02259485666697,0.003387657771272637,0.0026185818061961793,0.00413388273737211
mlp_V0-fosls,71.22225028258545,0.0033889683209013793,0.0026347180235826613,0.00407665155038152
mlp_V0-fosls,71.42190570850391,0.0033902720144631214,0.002650287208799447,0.004005655866366509
mlp_V0-fosls,71.6215611344224,0.003380646049906533,0.002637340051947729,0.003995228166730956
mlp_V0-fosls,71.82121656034086,0.003369736852577819,0.0026243290209288436,0.003931138305164212
mlp_V0-fosls,72.02087198625934,0.0033820531561991034,0.0026113526039921752,0.003918804808814354
mlp_V0-fosls,72.2205274121778,0.00337865482790905,0.002598562439215385,0.0039164618869943525
mlp_V0-fosls,72.42018283809628,0.003391351908874681,0.0025857090088842755,0.003927541834453259
mlp_V0-fosls,72.61983826401475,0.003395837646518457,0.002590869900251725,0.003938590612196396
mlp_V0-fosls,72.81949368993322,0.0033694548579167424,0.002610537984367895,0.003936483710826288
mlp_V0-fosls,73.01914911585169,0.0033568114277990474,0.0026300589909020655,0.003928466029501005
mlp_V0-fosls,73.21880454177017,0.003379075736826942,0.0026113299804690518,0.003920431951237782
mlp_V0-fosls,73.41845996768863,0.0033679093862484175,0.002583997107560593,0.003916913736846488
mlp_V0-fosls,73.61811539360711,0.003353451931271118,0.0025623353288443734,0.003913616706977789
mlp_V0-fosls,73.81777081952558,0.00336677707032471,0.002601510599523959,0.003912472686563274
mlp_V0-fosls,74.01742624544406,0.003389068390329062,0.00264010463077262,0.003919168294521257
mlp_V0-fosls,74.21708167136252,0.0034061169008543085,0.002658503470951227,0.003925852483022976
mlp_V0-fosls,74.416737097281,0.0033993357562850796,0.002641290661315157,0.00391897721372868
mlp_V0-fosls,74.61639252319947,0.0033924699387138206,0.002623964940703592,0.0038972238715352923
mlp_V0-fosls,74.81604794911794,0.003378053109264579,0.0026078461213302363,0.003875348424078077
mlp_V0-fosls,75.01570337503641,0.003354525956232173,0.002592420352247252,0.0038781696893602107
mlp_V0-fosls,75.21535880095489,0.0033352806649938156,0.0025769022435774254,0.0038896549630106575
mlp_V0-fosls,75.41501422687335,0.0033410226643187753,0.00257076597210221,0.0039010314298473514
mlp_V0-fosls,75.61466965279183,0.0033647081384244465,0.0025657387805259123,0.0038915617624159975
mlp_V0-fosls,75.8143250787103,0.0033881084070981507,0.002563605921238786,0.003882068995360559
mlp_V0-fosls,76.01398050462878,0.0033706904718111223,0.0025763781998350958,0.003873675917238231
mlp_V0-fosls,76.21363593054724,0.003352532717841094,0.0025890874720179867,0.003868358469943652
mlp_V0-fosls,76.41329135646572,0.0033372024750696495,0.002614378094033762,0.0038630337032154057
mlp_V0-fosls,76.61294678238418,0.0033292286976952987,0.002655874267238594,0.0038581152274337555
mlp_V0-fosls,76.81260220830266,0.003321113008434707,0.002696731990427801,0.0038535592196421472
mlp_V0-fosls,77.01225763422113,0.0033214595210959152,0.0026715130262716606,0.0038489978189681757
mlp_V0-fosls,77.21191306013961,0.0033303264593669414,0.0026171267388270737,0.0039611583486995755
mlp_V0-fosls,77.41156848605809,0.0033390187591420062,0.0025615860096096913,0.004099497031849915
mlp_V0-fosls,77.61122391197655,0.003333223785287715,0.0025599562532165835,0.004218902400594488
mlp_V0-fosls,77.81087933789503,0.0033626361394464297,0.0025601466304008345,0.004083168311492623
mlp_V0-fosls,78.0105347638135,0.0034223746927858054,0.0025588197895724087,0.003942764189526579
mlp_V0-fosls,78.21019018973197,0.0033697923814618455,0.0025525127377981423,0.0038426497361296777
mlp_V0-fosls,78.40984561565044,0.0033114062923112796,0.0025461900631602798,0.0038384860906609188
mlp_V0-fosls,78.60950104156892,0.0032880341085874936,0.002543991410033731,0.003834317923936043
mlp_V0-fosls,78.80915646748738,0.003316636535878747,0.0025459201668315235,0.0038327440553223213
mlp_V0-fosls,79.00881189340586,0.003344824902484638,0.0025478474635333838,0.0038330457286076215
mlp_V0-fosls,79.20846731932433,0.003335931228484555,0.0025578138734346574,0.003833347378152112
mlp_V0-fosls,79.4081227452428,0.003312287038470572,0.002570174013461625,0.0038321467635654295
mlp_V0-fosls,79.60777817116127,0.0032846967161595437,0.002581460695559888,0.003830666778680436
mlp_V0-fosls,79.80743359707975,0.003279051686533294,0.002564929955831654,0.0038295811726924023
mlp_V0-fosls,80.00708902299822,0.0033578832866517274,0.0025482919836479893,0.0038318052705203407
mlp_V0-fosls,80.2067444489167,0.0034151438127754457,0.0025374768743864915,0.003834028078162028
mlp_V0-fosls,80.40639987483516,0.0034155159646176957,0.0025402276160889805,0.00383441284952443
mlp_V0-fosls,80.60605530075364,0.0034101424365193733,0.0025429753823102523,0.0038316560204707684
mlp_V0-fosls,80.8057107266721,0.0033422943149647817,0.0025616554617616466,0.0038288972064840967
mlp_V0-fosls,81.00536615259058,0.0033093948932439673,0.002591974634643948,0.0038230805495581438
mlp_V0-fosls,81.20502157850905,0.0033023685831690755,0.002621943231365235,0.003815472757963769
mlp_V0-fosls,81.40467700442753,0.0032940683981574565,0.0026021336138617405,0.0038078497666159954
mlp_V0-fosls,81.60433243034599,0.0032888403288535576,0.0025726185224670506,0.00380245703448067
mlp_V0-fosls,81.80398785626447,0.0032842431780186823,0.00254480150585229,0.00379732070724063
mlp_V0-fosls,82.00364328218294,0.0032814023233530935,0.0025333479212593856,0.003792882074510602
mlp_V0-fosls,82.20329870810141,0.0033252451586893482,0.0025218423178522517,0.003792206639058495
mlp_V0-fosls,82.40295413401988,0.0033668702127341694,0.0025169277773232877,0.0037915310832821623
mlp_V0-fosls,82.60260955993836,0.003390243479676899,0.0025229389770809983,0.003791272094801527
mlp_V0-fosls,82.80226498585682,0.003403805380225249,0.0025289358884494247,0.0037915875904307715
mlp_V0-fosls,83.0019204117753,0.003398015762617358,0.0025256417497919264,0.0037919030598100065
mlp_V0-fosls,83.20157583769377,0.003342099688737973,0.0025172408181204256,0.0037903088511536988
mlp_V0-fosls,83.40123126361225,0.0032763496754703637,0.0025088117554992345,0.0037878261174118955
mlp_V0-fosls,83.60088668953071,0.003280519645317208,0.0025203174291424605,0.003785341755292549
mlp_V0-fosls,83.80054211544919,0.0033261436368224977,0.0025336332314476783,0.003785469661496203
mlp_V0-fosls,84.00019754136767,0.0033705270639174173,0.0025418381485357994,0.0037857467888074456
mlp_V0-fosls,84.19985296728613,0.0033330049199254575,0.0025274343868056373,0.0037847810750392037
mlp_V0-fosls,84.39950839320461,0.0032843318998254127,0.0025129480666864702,0.003779096097884906
mlp_V0-fosls,84.59916381912308,0.003244341999199137,0.002503803066721821,0.0037734025558006576
mlp_V0-fosls,84.79881924504156,0.003260658687376156,0.002501228676296266,0.0037751423502739878
mlp_V0-fosls,84.99847467096002,0.003276703703270065,0.0024986516334471165,0.0037852113136745283
mlp_V0-fosls,85.1981300968785,0.003280107231427023,0.002500702371011186,0.003795253563796113
mlp_V0-fosls,85.39778552279697,0.0032651318832662857,0.0025045535063606228,0.0037916264058239246
mlp_V0-fosls,85.59744094871544,0.003249980681948382,0.002508398729083081,0.0037830284490630644
mlp_V0-fosls,85.79709637463391,0.0032516861943225183,0.0025053070708243226,0.0037744109065521395
mlp_V0-fosls,85.99675180055239,0.003261418854063067,0.0025021268733076063,0.003777188798490452
mlp_V0-fosls,86.19640722647085,0.0032712354989704595,0.0024988410136519874,0.0037800021535428162
mlp_V0-fosls,86.39606265238933,0.0032590572551935105,0.0024952546231991135,0.0037795543507213223
mlp_V0-fosls,86.5957180783078,0.0032459342274714065,0.002491663070658593,0.003769811404499283
mlp_V0-fosls,86.79537350422628,0.0032381544875998243,0.00249721149605456,0.0037600432126412104
mlp_V0-fosls,86.99502893014474,0.003247005464430662,0.002510994320765928,0.0037634948950551373
mlp_V0-fosls,87.19468435606322,0.0032558225571905314,0.0025247019035542473,0.0037789810190456317
mlp_V0-fosls,87.39433978198169,0.0032665111628743353,0.002516166556517778,0.00379440393995002
mlp_V0-fosls,87.59399520790016,0.0032784885907383536,0.0025017722049440346,0.0037800977503662033
mlp_V0-fosls,87.79365063381863,0.003290416548855806,0.002489532645893673,0.003757552467532829
mlp_V0-fosls,87.99330605973711,0.0032729605829188817,0.0025114128618798073,0.003735891789626282
mlp_V0-fosls,88.19296148565557,0.0032486893621922423,0.0025331040899774114,0.0037344724022592844
mlp_V0-fosls,88.39261691157405,0.0032265887161369647,0.0025405674735962487,0.003733052475210521
mlp_V0-fosls,88.59227233749252,0.003238297861808602,0.0025187162794903127,0.0037328916424195957
mlp_V0-fosls,88.791927763411,0.0032499053420741407,0.0024966738483918577,0.003735524916671551
mlp_V0-fosls,88.99158318932946,0.0032509289239619687,0.002490535523842353,0.0037381563359632154
mlp_V0-fosls,89.19123861524794,0.003227573351905451,0.0024953762531422508,0.003738834920906244
mlp_V0-fosls,89.3908940411664,0.003203913564515019,0.0025002076101739656,0.00373806154202726
mlp_V0-fosls,89.59054946708488,0.003207792154266859,0.0025043231548971486,0.0037372880031084615
mlp_V0-fosls,89.79020489300335,0.003230285089377157,0.002508318909438311,0.003730956477560929
mlp_V0-fosls,89.98986031892183,0.003252499176032857,0.002511948799784193,0.003723525037016861
mlp_V0-fosls,90.1895157448403,0.003230799197321767,0.002513176847777769,0.0037173080033134293
mlp_V0-fosls,90.38917117075877,0.00320580591405861,0.0025144042959864598,0.0037222709606979406
mlp_V0-fosls,90.58882659667725,0.003208640704252576,0.0025094859065014374,0.003727227309705201
mlp_V0-fosls,90.78848202259572,0.0032332409685072077,0.002495232614498216,0.0037299024226143786
mlp_V0-fosls,90.9881374485142,0.0032567114347416223,0.002480897435603064,0.003728560523519994
mlp_V0-fosls,91.18779287443266,0.003273470306377368,0.0024712486652248033,0.003727218141305762
mlp_V0-fosls,91.38744830035114,0.0032960195178852064,0.002463955503240111,0.003724470432009226
mlp_V0-fosls,91.5871037262696,0.0033155645296075063,0.0024566406897466894,0.0037208761373590366
mlp_V0-fosls,91.78675915218808,0.0032922876458272767,0.0024609503542329337,0.003717278367330703
mlp_V0-fosls,91.98641457810655,0.003239605812210524,0.002466066406328455,0.003715142891824408
mlp_V0-fosls,92.18607000402503,0.003185287470436413,0.0024687732444520546,0.003713191280691439
mlp_V0-fosls,92.38572542994349,0.0031988538574887833,0.002462035801739503,0.0037119748221496143
mlp_V0-fosls,92.58538085586197,0.00321950423933476,0.0024552798711291197,0.0037148814958052273
mlp_V0-fosls,92.78503628178044,0.003235765634355835,0.002452702082311933,0.003717785896939132
mlp_V0-fosls,92.98469170769891,0.003227641113203974,0.0024548180530092165,0.0037181708413591397
mlp_V0-fosls,93.18434713361738,0.0032194220928364378,0.0024569322013809477,0.003714965350162023
mlp_V0-fosls,93.38400255953586,0.0032105351440010208,0.0024567609449293202,0.003711757090688391
mlp_V0-fosls,93.58365798545432,0.0032037652510007518,0.002455786012086715,0.0037086148129976053
mlp_V0-fosls,93.7833134113728,0.0031969781287305866,0.00245479455002295,0.0037055033453441072
mlp_V0-fosls,93.98296883729127,0.003198517054208392,0.0024518353564302667,0.003702389262831162
mlp_V0-fosls,94.18262426320975,0.003202486385578648,0.002448872586979708,0.003705278932721963
mlp_V0-fosls,94.38227968912821,0.0032062877175195346,0.002446401682011438,0.0037085912714466727
mlp_V0-fosls,94.58193511504669,0.003209817571855269,0.002445246504708737,0.003711323840961668
mlp_V0-fosls,94.78159054096515,0.0032133589314795154,0.00244409078142204,0.003711705694726974
mlp_V0-fosls,94.98124596688363,0.00322099266071347,0.0024433450064235093,0.003712087509211876
mlp_V0-fosls,95.1809013928021,0.0032328953267323234,0.002442945667098962,0.003712152340540873
mlp_V0-fosls,95.38055681872058,0.0032447071319010867,0.002442546262485214,0.0037118452825153614
mlp_V0-fosls,95.58021224463904,0.0032431529638500467,0.002441968947019618,0.0037115381990867353
mlp_V0-fosls,95.77986767055752,0.0032368800904337015,0.002441349995422812,0.0037156205570338745
mlp_V0-fosls,95.97952309647599,0.003230398452689416,0.0024410388087225806,0.003721375331216722
mlp_V0-fosls,96.17917852239447,0.0032099460991094654,0.002444355674844691,0.0037271212198859345
mlp_V0-fosls,96.37883394831294,0.0031810752370469517,0.0024476680462434315,0.00372093581757406
mlp_V0-fosls,96.57848937423141,0.0031801609892793794,0.0024478237168516735,0.0037145654234080057
mlp_V0-fosls,96.77814480014989,0.0031714507479523213,0.0024420200177599914,0.0037071261005175923
mlp_V0-fosls,96.97780022606835,0.0031627072647122806,0.0024362024927126807,0.003696468392697898
mlp_V0-fosls,97.17745565198683,0.003163817859691921,0.0024354813835327886,0.0036857798674487315
mlp_V0-fosls,97.3771110779053,0.0031766311292963675,0.0024379525809121493,0.0036788803071071833
mlp_V0-fosls,97.57676650382378,0.0031893327887357443,0.0024404212759311927,0.0036756125000286513
mlp_V0-fosls,97.77642192974224,0.003184466654971939,0.002445310385377051,0.0036723417851165087
mlp_V0-fosls,97.97607735566072,0.003173390920876518,0.0024505063856219166,0.003668635818997563
mlp_V0-fosls,98.17573278157919,0.0031622785573835084,0.002455569031153035,0.0036648004839477956
mlp_V0-fosls,98.37538820749766,0.003179801547301504,0.0024599431432844056,0.003661365003417502
mlp_V0-fosls,98.57504363341613,0.003211275244621713,0.002464309491445031,0.003668044557652636
mlp_V0-fosls,98.77469905933461,0.0032319446647185238,0.0024790573199296034,0.0036747119704270436
mlp_V0-fosls,98.97435448525307,0.00321401739500282,0.002507857223685633,0.0036814262844813263
mlp_V0-fosls,99.17400991117155,0.0032227349122404235,0.002536330127031551,0.0036882650866268524
mlp_V0-fosls,99.37366533709002,0.003220416863843353,0.0025181833709215598,0.003695091231673608
mlp_V0-fosls,99.5733207630085,0.0032066252915733855,0.0024784273164607006,0.003695573225884167
mlp_V0-fosls,99.77297618892696,0.0031927323199930115,0.0024380230590319123,0.003691163121151533
mlp_V0-fosls,99.97263161484544,0.003187943739053468,0.0024349324233884635,0.003686747741034955
mlp_V0-fosls,100.1722870407639,0.0031856705602869937,0.0024336413324927055,0.003688361452905021
mlp_V0-fosls,100.37194246668238,0.0031831869348587444,0.0024329233157896852,0.003691229898394944
mlp_V0-fosls,100.57159789260085,0.003180386829186604,0.0024342301454736972,0.0036943697059523962
mlp_V0-fosls,100.77125331851933,0.003177583905433213,0.002435536273955434,0.0037002416141966948
mlp_V0-fosls,100.97090874443779,0.003176467843480843,0.0024358922306325606,0.0037061042190698204
mlp_V0-fosls,101.17056417035627,0.003178886529814025,0.0024352185690421765,0.003704753711447804
mlp_V0-fosls,101.37021959627474,0.0031813014459554133,0.0024345447210432545,0.0036902184564478096
mlp_V0-fosls,101.56987502219322,0.003179663736831668,0.002434591863764467,0.003675625722258704
mlp_V0-fosls,101.76953044811168,0.00317524421602663,0.002434882091301739,0.003670378112275258
mlp_V0-fosls,101.96918587403016,0.003170818181867315,0.002435144121416801,0.0036709615756148153
mlp_V0-fosls,102.16884129994862,0.003173850331095013,0.0024336388894470743,0.003671544946233333
mlp_V0-fosls,102.3684967258671,0.0031780052618786,0.002432132725898728,0.0036701902162643097
mlp_V0-fosls,102.56815215178557,0.0031821108712567956,0.0024319593359216477,0.003668571759579223
mlp_V0-fosls,102.76780757770405,0.0031856111000175876,0.00243514378196782,0.0036670438189348275
mlp_V0-fosls,102.96746300362253,0.0031891060619295424,0.0024383240691377792,0.003666060460157566
mlp_V0-fosls,103.16711842954099,0.003188703257630289,0.0024451838156418636,0.003665076837540147
mlp_V0-fosls,103.36677385545947,0.0032645450768306484,0.0024549958245253484,0.0036638930091222486
mlp_V0-fosls,103.56642928137794,0.0032877946081177343,0.00246476877304888,0.0036624161239184275
mlp_V0-fosls,103.76608470729641,0.0032847689857859073,0.002455875724073906,0.0036609386429139277
mlp_V0-fosls,103.96574013321488,0.0032780510204534546,0.0024428464551494054,0.003657758310252408
mlp_V0-fosls,104.16539555913336,0.003199170847828738,0.002430709891664462,0.0036537333460528124
mlp_V0-fosls,104.36505098505182,0.0031694050198875843,0.0024283736481189554,0.003649703943047437
mlp_V0-fosls,104.5647064109703,0.003154004952372331,0.0024260351547992186,0.003650074405467825
mlp_V0-fosls,104.76436183688877,0.0031439423013565264,0.002424952209886285,0.0036507650271391644
mlp_V0-fosls,104.96401726280725,0.0031499269658809325,0.0024261360855849135,0.0036547699567463943
mlp_V0-fosls,105.16367268872571,0.0031558738769568635,0.0024273193838722984,0.003672366698827517
mlp_V0-fosls,105.36332811464419,0.003158603823819049,0.0024352827243678543,0.003689879524398947
mlp_V0-fosls,105.56298354056266,0.003177428112811024,0.002447262523570226,0.0037096618198156086
mlp_V0-fosls,105.76263896648113,0.003209007333940215,0.002459183964435786,0.0037320965551165684
mlp_V0-fosls,105.9622943923996,0.0032405103143927955,0.0024459036031307295,0.0037543972320504726
mlp_V0-fosls,106.16194981831808,0.0032716663095927667,0.0024295278635435196,0.003773264188296048
mlp_V0-fosls,106.36160524423654,0.003293821353972419,0.002416230734733364,0.0037907688183054953
mlp_V0-fosls,106.56126067015502,0.003271277884996606,0.002419369315532106,0.003808192987887701
mlp_V0-fosls,106.76091609607349,0.0032275504417062974,0.0024225038300086234,0.003799276329417437
mlp_V0-fosls,106.96057152199197,0.0031866101755868587,0.0024287480825202646,0.0037899404263508183
mlp_V0-fosls,107.16022694791043,0.0031828044348338747,0.002439076738882201,0.0037852399170780985
mlp_V0-fosls,107.35988237382891,0.0031789936603802684,0.002449361840963194,0.003794617111866772
mlp_V0-fosls,107.55953779974737,0.0031759055192528297,0.0024534470963515254,0.003803971190940177
mlp_V0-fosls,107.75919322566585,0.0031737463713780206,0.0024548627964049597,0.003810250727682645
mlp_V0-fosls,107.95884865158432,0.003171585648513701,0.0024562776805057336,0.0038136090127301324
mlp_V0-fosls,108.1585040775028,0.003175820753640701,0.002457573787222383,0.003816964343054159
mlp_V0-fosls,108.35815950342126,0.003182482428549025,0.0024588651488041957,0.0038105124531251987
mlp_V0-fosls,108.55781492933974,0.0031889178317741048,0.002461877040437345,0.0038011891170383616
mlp_V0-fosls,108.7574703552582,0.003192066381596223,0.002470477109253603,0.003792191456730766
mlp_V0-fosls,108.95712578117669,0.003195084320981068,0.0024790473437309624,0.0037921834378705356
mlp_V0-fosls,109.15678120709515,0.003193698200401899,0.002486369285488725,0.0037921754189933488
mlp_V0-fosls,109.35643663301363,0.0031801148511753563,0.0024924700248954122,0.003789885971179711
mlp_V0-fosls,109.55609205893211,0.00316647307326665,0.0024985558681331417,0.00378227942522188
mlp_V0-fosls,109.75574748485057,0.003164579680061761,0.002490821767849783,0.0037746575508738186
mlp_V0-fosls,109.95540291076905,0.003172007537439815,0.0024789542835779088,0.00375689709972619
mlp_V0-fosls,110.15505833668752,0.0031794150363654867,0.0024668403376999497,0.003731152842208628
mlp_V0-fosls,110.354713762606,0.0031713369748925966,0.002450165746636621,0.0037052297156737763
mlp_V0-fosls,110.55436918852446,0.003165580939403567,0.0024333768964710707,0.0036948851130543837
mlp_V0-fosls,110.75402461444294,0.003161550991416147,0.0024200423294698536,0.003687803929378845
mlp_V0-fosls,110.9536800403614,0.0031660181117831388,0.0024146364410813368,0.0036873280537861987
mlp_V0-fosls,111.15333546627988,0.0031818203263471794,0.002409218422802302,0.003752652392828363
mlp_V0-fosls,111.35299089219835,0.003189668137222284,0.0024095682319114067,0.0038168588900511016
mlp_V0-fosls,111.55264631811683,0.0031792800536454635,0.0024141339236770135,0.003837558272892244
mlp_V0-fosls,111.7523017440353,0.003168857270123028,0.002418690996936087,0.0037796508850784193
mlp_V0-fosls,111.95195716995377,0.003170015376140119,0.002418528459845346,0.003720842394983215
mlp_V0-fosls,112.15161259587224,0.003179223910041836,0.002417507538977286,0.0037260127807012175
mlp_V0-fosls,112.35126802179072,0.0031883892992129238,0.0024165545140299306,0.003770929371537487
mlp_V0-fosls,112.55092344770918,0.0031890605129170466,0.0024161285255428614,0.0038153172093941764
mlp_V0-fosls,112.75057887362766,0.003187697320331543,0.0024157024619363633,0.003827192202931658
mlp_V0-fosls,112.95023429954612,0.0031855315555412494,0.002415347554971196,0.0038346500520746204
mlp_V0-fosls,113.1498897254646,0.0031747972962704435,0.0024151072899516197,0.0038337698671419775
mlp_V0-fosls,113.34954515138307,0.0031640041710709124,0.002414867001027091,0.0037823641422594367
mlp_V0-fosls,113.54920057730155,0.0031605903211672417,0.00242246950735085,0.0037302500740693093
mlp_V0-fosls,113.74885600322001,0.0031706044154082807,0.0024342085510427134,0.0037302765004689547
mlp_V0-fosls,113.94851142913849,0.0031805758571783367,0.0024458912538979053,0.0038064407621730217
mlp_V0-fosls,114.14816685505696,0.0031869756491400636,0.00243460275079963,0.003881110637680111
mlp_V0-fosls,114.34782228097544,0.003190483414431928,0.00242127129355033,0.003853802834166887
mlp_V0-fosls,114.5474777068939,0.003193535761360111,0.002410075831816884,0.00377463081667322
mlp_V0-fosls,114.74713313281238,0.003185177863114251,0.002408372504297255,0.0036937622175399303
mlp_V0-fosls,114.94678855873084,0.0031764751166359463,0.002406667971242028,0.003748356805212263
mlp_V0-fosls,115.14644398464932,0.003166515431894292,0.0024063752892184,0.003812502820327556
mlp_V0-fosls,115.34609941056779,0.003144027452942809,0.0024077621844796815,0.003851849151694692
mlp_V0-fosls,115.54575483648627,0.003148172835178439,0.0024091482813350857,0.00378796776154661
mlp_V0-fosls,115.74541026240475,0.0031503682231205595,0.002412905153287917,0.00372299041599918
mlp_V0-fosls,115.94506568832321,0.003150669114295261,0.0024175551029953276,0.003693987099533948
mlp_V0-fosls,116.14472111424169,0.0031509699421625684,0.002422196126095927,0.0037099636578701504
mlp_V0-fosls,116.34437654016016,0.0031582568544339133,0.002413255664770337,0.0037258717092663427
mlp_V0-fosls,116.54403196607863,0.003167179255637851,0.0024041904517046464,0.003743796074507929
mlp_V0-fosls,116.7436873919971,0.0031742146521702647,0.0023976480011330464,0.003762476928112165
mlp_V0-fosls,116.94334281791558,0.003157873912319245,0.002398296239000416,0.0037810654876174435
mlp_V0-fosls,117.14299824383404,0.0031413407724576853,0.0023989443017022696,0.0037583713842067484
mlp_V0-fosls,117.34265366975252,0.0031308065289210943,0.0023998423024326897,0.0037343965076036983
mlp_V0-fosls,117.54230909567099,0.0031323484424957307,0.0024009614830604207,0.003723144459968887
mlp_V0-fosls,117.74196452158947,0.003133886649367718,0.002402080142237964,0.0037534920492822395
mlp_V0-fosls,117.94161994750793,0.0031347644546051412,0.002399859482404109,0.0037835962335128924
mlp_V0-fosls,118.14127537342641,0.003134426624695167,0.0023967943946788385,0.003787004721941872
mlp_V0-fosls,118.34093079934487,0.003140817528041769,0.0023939765302813444,0.0037635151828755917
mlp_V0-fosls,118.54058622526335,0.0031320428786615596,0.0023946664166723786,0.0037398781129149316
mlp_V0-fosls,118.74024165118182,0.0031189271598700487,0.002395356104369276,0.003740990840271204
mlp_V0-fosls,118.9398970771003,0.003112484897966736,0.002397480265437489,0.003749915395409289
mlp_V0-fosls,119.13955250301876,0.0031112317580386604,0.002402439007572506,0.0037583551130641545
mlp_V0-fosls,119.33920792893724,0.0031099757756269724,0.002407387535701248,0.0037468010008189587
mlp_V0-fosls,119.5388633548557,0.0031135965115505434,0.0024098884320726526,0.003735211148460075
mlp_V0-fosls,119.73851878077419,0.0031238695097958857,0.0024107908113273333,0.0037267138148610376
mlp_V0-fosls,119.93817420669265,0.0031340740216000457,0.0024116928529402362,0.0037260509476413754
mlp_V0-fosls,120.13782963261113,0.003153831722253721,0.002414079591940319,0.0037253879624761592
mlp_V0-fosls,120.3374850585296,0.0031777568658707678,0.002416681514679249,0.0037427354864114437
mlp_V0-fosls,120.53714048444807,0.0032013413401632603,0.002418788600403974,0.003774758220735483
mlp_V0-fosls,120.73679591036654,0.0031636455843096984,0.0024178516234085188,0.0038065115695051677
mlp_V0-fosls,120.93645133628502,0.0031218905653940037,0.0024169142831706306,0.0038240027438207506
mlp_V0-fosls,121.13610676220348,0.003093476295766379,0.0024183262941864132,0.0038381367816757274
mlp_V0-fosls,121.33576218812196,0.0030990956583722825,0.0024231749229289227,0.00384976462379149
mlp_V0-fosls,121.53541761404043,0.0031047040394928346,0.0024280138692086973,0.0038297444306227826
mlp_V0-fosls,121.7350730399589,0.0031077080844291514,0.0024298606387661314,0.003809619029401234
mlp_V0-fosls,121.93472846587738,0.0031062479369850806,0.0024302517519319564,0.0037931788992454276
mlp_V0-fosls,122.13438389179585,0.003104782954756213,0.0024306428021640147,0.003784223576483725
mlp_V0-fosls,122.33403931771433,0.0031032338365727143,0.0024236468377885263,0.0037752470107199334
mlp_V0-fosls,122.5336947436328,0.003101923792123624,0.0024161487729132012,0.0037788579060823624
mlp_V0-fosls,122.73335016955127,0.0031012527538834276,0.0024100501128166275,0.0037909353054543745
mlp_V0-fosls,122.93300559546974,0.0031215660743076227,0.0024094191483000006,0.0038029743498897966
mlp_V0-fosls,123.13266102138822,0.003144101719552942,0.00240878801850681,0.003806333593010073
mlp_V0-fosls,123.33231644730668,0.003161882665221247,0.0024076460860162113,0.003808282232192813
mlp_V0-fosls,123.53197187322516,0.0031707403548954204,0.002405935308849807,0.003809031006893696
mlp_V0-fosls,123.73162729914363,0.0031794105338164755,0.0024042233143431687,0.003801183451233477
mlp_V0-fosls,123.9312827250621,0.00318846833726121,0.002409349974557107,0.003793319660717362
mlp_V0-fosls,124.13093815098057,0.0031948961257634093,0.002416843681923572,0.003791759516071151
mlp_V0-fosls,124.33059357689905,0.0032012957379178985,0.0024242075238643606,0.0038002736618738377
mlp_V0-fosls,124.53024900281751,0.003176479069883629,0.0024196117739732526,0.0038087687751487153
mlp_V0-fosls,124.72990442873599,0.0031356829727213226,0.0024150072784029876,0.00381241977274655
mlp_V0-fosls,124.92955985465446,0.00309409761653892,0.002410691443668556,0.003813436443971993
mlp_V0-fosls,125.12921528057294,0.003092828132779842,0.0024071481164734676,0.0038144528442227033
mlp_V0-fosls,125.3288707064914,0.003094139479217619,0.0024035995657985016,0.0037848777543829145
mlp_V0-fosls,125.52852613240988,0.0030943481158599603,0.0024017597036027545,0.003751966721229985
mlp_V0-fosls,125.72818155832834,0.003092717814535229,0.0024013566253451727,0.0037310719333974018
mlp_V0-fosls,125.92783698424682,0.0030910862944339822,0.002400953479417775,0.003769300987979849
mlp_V0-fosls,126.12749241016529,0.0030913734048570087,0.002398876064498022,0.003807146188917085
mlp_V0-fosls,126.32714783608377,0.003092731067621678,0.0023964082233529044,0.003814014687610208
mlp_V0-fosls,126.52680326200223,0.0030940879721844446,0.0023942329286940752,0.0037805833176718833
mlp_V0-fosls,126.72645868792071,0.003095381322023495,0.0023954739413467063,0.003746853667600521
mlp_V0-fosls,126.92611411383918,0.0030964662994273414,0.0023967143114061876,0.003726692749808493
mlp_V0-fosls,127.12576953975766,0.0030969041866054665,0.0023996716244455256,0.0037124998775822943
mlp_V0-fosls,127.32542496567612,0.003095834816529936,0.0024058483722412135,0.0036982525374319587
mlp_V0-fosls,127.5250803915946,0.0030947643428255152,0.002412009302482552,0.0037242017695803963
mlp_V0-fosls,127.72473581751306,0.0030934974064790108,0.0024104134328366386,0.00375172334789181
mlp_V0-fosls,127.92439124343154,0.0030919241275622336,0.0024039460146076824,0.003760587891478852
mlp_V0-fosls,128.12404666935,0.0030903492753286852,0.0023974611498618725,0.003703569486922056
mlp_V0-fosls,128.3237020952685,0.003091266532939425,0.0023969491702986383,0.003645659419005403
mlp_V0-fosls,128.52335752118697,0.0030928579880996738,0.0023972349065640073,0.003614045619644673
mlp_V0-fosls,128.72301294710545,0.003094360061455057,0.0023978826094146295,0.0036113670455716175
mlp_V0-fosls,128.9226683730239,0.003091560082680589,0.0024005806046378773,0.003608686483307811
mlp_V0-fosls,129.12232379894238,0.00308880927896292,0.0024032755710059563,0.0036071599902208562
mlp_V0-fosls,129.32197922486085,0.0030870420117305097,0.0024036651852744084,0.0036060283124335953
mlp_V0-fosls,129.52163465077933,0.003089106782809679,0.0024008390741864795,0.003604926095536007
mlp_V0-fosls,129.72129007669778,0.0030911696366875837,0.002398009632462082,0.0036078702968999174
mlp_V0-fosls,129.92094550261626,0.0030912397571439035,0.0023946273337110396,0.0036108120976075337
mlp_V0-fosls,130.12060092853474,0.0030889546857784883,0.0023909871424553602,0.0036120595043029934
mlp_V0-fosls,130.32025635445322,0.003086667138312394,0.0023873414006835413,0.0036087273360182444
mlp_V0-fosls,130.51991178037167,0.0030843777452958182,0.002392492013968836,0.0036053920880848855
mlp_V0-fosls,130.71956720629015,0.0030817279954837217,0.0023980627251947097,0.0036051576734481357
mlp_V0-fosls,130.91922263220863,0.003079088276707634,0.0024013464391662116,0.0036076488338370365
mlp_V0-fosls,131.1188780581271,0.0030787578506491983,0.00239659652170212,0.0036101382752118357
mlp_V0-fosls,131.31853348404556,0.003078723141181661,0.0023918371714590353,0.003607364652143817
mlp_V0-fosls,131.51818890996404,0.0030792807068822613,0.002390638831849367,0.0036032295840562243
mlp_V0-fosls,131.71784433588252,0.003080391982786835,0.002393176531883711,0.003599386284873352
mlp_V0-fosls,131.917499761801,0.0030815022284724886,0.002395711543815697,0.0036003921747955535
mlp_V0-fosls,132.11715518771945,0.0030816900673205612,0.0023956070158312956,0.003601397783767258
mlp_V0-fosls,132.31681061363793,0.0030817734692201483,0.0023946508110051653,0.0036027915348522356
mlp_V0-fosls,132.5164660395564,0.0030818551813312565,0.0023936966362336095,0.003605010103909506
mlp_V0-fosls,132.71612146547488,0.0030814074124739907,0.002392840084247255,0.0036072273084706385
mlp_V0-fosls,132.91577689139334,0.0030803694876403824,0.0023919832255358147,0.003609173012644981
mlp_V0-fosls,133.11543231731181,0.0030791662296631083,0.0023911726817066143,0.00361092389754081
mlp_V0-fosls,133.3150877432303,0.0030782209452044165,0.002390475093537787,0.003612673933869176
mlp_V0-fosls,133.51474316914877,0.0030773334954296632,0.0023897773017394278,0.0036072345032143534
mlp_V0-fosls,133.71439859506722,0.0030782248700134103,0.0023862822317605604,0.0036004572149193046
mlp_V0-fosls,133.9140540209857,0.0030813695663085157,0.002380580571655628,0.0035942332935161576
mlp_V0-fosls,134.11370944690418,0.0030845075863565607,0.0023748652228436696,0.003592742824966295
mlp_V0-fosls,134.31336487282266,0.003082840611193947,0.0023741701697977723,0.0035912517378309168
mlp_V0-fosls,134.5130202987411,0.003078974081145932,0.002374520935556861,0.0035899831144864335
mlp_V0-fosls,134.7126757246596,0.003075100047439566,0.002375646381720845,0.003589095553709033
mlp_V0-fosls,134.91233115057807,0.003074679832510401,0.0023840216275690797,0.0035882077733891313
mlp_V0-fosls,135.11198657649655,0.0030743756439175155,0.0023923675533769687,0.0035874812325010167
mlp_V0-fosls,135.31164200241503,0.0030744909143421233,0.0023943385243885007,0.003586848830399541
mlp_V0-fosls,135.51129742833348,0.003074304407114339,0.0023851859597076278,0.003586216316778743
mlp_V0-fosls,135.71095285425196,0.003074111298644075,0.002375998138762293,0.0035890110882806393
mlp_V0-fosls,135.91060828017044,0.00307269473681985,0.0023737076267181614,0.0035922108224410248
mlp_V0-fosls,136.11026370608892,0.003071326902177862,0.0023754585677076756,0.003595819351909639
mlp_V0-fosls,136.30991913200737,0.0030699563253127208,0.0023772082190358576,0.003601739015174837
mlp_V0-fosls,136.50957455792584,0.003069957225713005,0.0023744068166266863,0.003607648965087562
mlp_V0-fosls,136.70922998384432,0.00307027364443884,0.002371088198027452,0.0036117990644407463
mlp_V0-fosls,136.9088854097628,0.003070576920052512,0.0023688219751677626,0.0036134457560216444
mlp_V0-fosls,137.10854083568125,0.003072818483042428,0.0023718484678539754,0.0036150916975267186
mlp_V0-fosls,137.30819626159973,0.0030755501249665725,0.0023748711036359013,0.0036161684992928704
mlp_V0-fosls,137.5078516875182,0.003078140317989817,0.002377387087132229,0.0036169686683499114
mlp_V0-fosls,137.7075071134367,0.0030771232548552907,0.002379246296992891,0.0036177686604275585
mlp_V0-fosls,137.90716253935514,0.0030761042347802582,0.002381104055148725,0.0036113663178859957
mlp_V0-fosls,138.10681796527362,0.0030756699259108554,0.0023790044795810026,0.00360445151948878
mlp_V0-fosls,138.3064733911921,0.0030762873896306112,0.002375221044985882,0.0035988202916522605
mlp_V0-fosls,138.50612881711058,0.003076904617420749,0.002371431574222873,0.003598460369349459
mlp_V0-fosls,138.70578424302903,0.0030771176447253737,0.002372398938387205,0.003598100411043198
mlp_V0-fosls,138.9054396689475,0.0030770882789466704,0.0023735111401428782,0.0035975639171422426
mlp_V0-fosls,139.105095094866,0.003076959290917702,0.002374663779049475,0.0035968193584968015
mlp_V0-fosls,139.30475052078447,0.0030763361591930557,0.0023759466425929236,0.003596074645692279
mlp_V0-fosls,139.50440594670292,0.00307575201742914,0.0023772288138434717,0.003594378293841498
mlp_V0-fosls,139.7040613726214,0.003076352975695154,0.0023787611516467425,0.0035923138256038446
mlp_V0-fosls,139.90371679853988,0.003079865710326417,0.0023805368871549237,0.0035902481702537138
mlp_V0-fosls,140.10337222445835,0.003083374296360491,0.0023823112990595434,0.003587679720518448
mlp_V0-fosls,140.3030276503768,0.003084014203675922,0.002383873953543072,0.0035851013619417624
mlp_V0-fosls,140.50268307629528,0.0030823935987951004,0.0023853740500864276,0.003583890697686036
mlp_V0-fosls,140.70233850221376,0.0030807721080484953,0.002386901355611085,0.0035868708595150865
mlp_V0-fosls,140.90199392813224,0.003080339312210146,0.002389079936290394,0.0035898485473229214
mlp_V0-fosls,141.10164935405072,0.0030801990430907346,0.002391256532150532,0.0035901277037405474
mlp_V0-fosls,141.30130477996917,0.0030797256749263975,0.002391434088329567,0.0035878044092984823
mlp_V0-fosls,141.50096020588765,0.0030758992153875372,0.0023871477615338456,0.0035854796094243633
mlp_V0-fosls,141.70061563180613,0.003071989973754438,0.002382853724416887,0.0035856572584689835
mlp_V0-fosls,141.9002710577246,0.0030695858082802332,0.002382696960667953,0.0035865723187873495
mlp_V0-fosls,142.09992648364306,0.003069862839472621,0.00238557276262637,0.0035873743687610737
mlp_V0-fosls,142.29958190956154,0.0030701397451763654,0.0023884451019844104,0.003585122270944498
mlp_V0-fosls,142.49923733548002,0.0030710692628332543,0.002386412994662088,0.003582868757518276
mlp_V0-fosls,142.6988927613985,0.0030724306123898378,0.0023834732550529355,0.003582713862142181
mlp_V0-fosls,142.89854818731695,0.003073791283577387,0.0023811301028218586,0.003587472575871736
mlp_V0-fosls,143.09820361323543,0.003075397588512941,0.002383610304457855,0.003592224985615161
mlp_V0-fosls,143.2978590391539,0.0030771478111549576,0.0023860879280678034,0.0035901511815365997
mlp_V0-fosls,143.49751446507238,0.003078516168864496,0.0023875511546749516,0.003582740554376249
mlp_V0-fosls,143.69716989099084,0.0030778243576782163,0.0023873459389039324,0.003575314567091381
mlp_V0-fosls,143.89682531690931,0.003077132255326056,0.0023871407054910907,0.0035731816281945822
mlp_V0-fosls,144.0964807428278,0.003075929736383981,0.0023866480853116496,0.003572172848628988
mlp_V0-fosls,144.29613616874627,0.0030740080597093196,0.0023859962599445212,0.003571233653295675
mlp_V0-fosls,144.49579159466472,0.003072085024794326,0.002385344256457907,0.003571012733573679
mlp_V0-fosls,144.6954470205832,0.003071449490245062,0.0023857066021236014,0.0035707918001836986
mlp_V0-fosls,144.89510244650168,0.0030713428875806595,0.0023861668074318704,0.003572278680609717
mlp_V0-fosls,145.09475787242016,0.0030711730618554595,0.002386848773318643,0.0035769076046026083
mlp_V0-fosls,145.2944132983386,0.0030694400291691095,0.0023885378254635816,0.0035815305459802
mlp_V0-fosls,145.4940687242571,0.003067602104452971,0.00239022568404071,0.0035809020387336864
mlp_V0-fosls,145.69372415017557,0.003066485038036992,0.002389813010913244,0.0035769780248983275
mlp_V0-fosls,145.89337957609405,0.003065823582786043,0.0023868176361171835,0.003573049701614016
mlp_V0-fosls,146.0930350020125,0.0030651580964984994,0.0023838184975013966,0.0035743843869625595
mlp_V0-fosls,146.29269042793098,0.0030633590830096537,0.002383231502121228,0.0035764544613353655
mlp_V0-fosls,146.49234585384946,0.003061829982255999,0.002383600604658928,0.0035784017824785643
mlp_V0-fosls,146.69200127976794,0.003060297506793325,0.0023839696500496423,0.0035795657957599803
mlp_V0-fosls,146.8916567056864,0.003059729709560008,0.002381829631037604,0.003580729430647308
mlp_V0-fosls,147.09131213160487,0.003059146419031325,0.002379649248081661,0.0035835933328259087
mlp_V0-fosls,147.29096755752335,0.0030592267523728888,0.002379297404986459,0.003589028574594799
mlp_V0-fosls,147.49062298344182,0.003062847736819519,0.002384310810332356,0.003594455597645024
mlp_V0-fosls,147.6902784093603,0.0030663414796385418,0.0023893136962651372,0.003592894959972018
mlp_V0-fosls,147.88993383527875,0.0030675566849546684,0.002389254740657682,0.003587731372357592
mlp_V0-fosls,148.08958926119723,0.0030663066558247534,0.002384571598048818,0.0035825603424095237
mlp_V0-fosls,148.2892446871157,0.0030650542042808546,0.0023798792399378128,0.0035776601386921674
mlp_V0-fosls,148.4889001130342,0.003064020389706367,0.0023787114349364973,0.0035727765440942954
mlp_V0-fosls,148.68855553895264,0.0030628033113643325,0.0023784791526457873,0.0035694625053756704
mlp_V0-fosls,148.88821096487112,0.003061585577653374,0.002378358601992455,0.0035730788964592275
mlp_V0-fosls,149.0878663907896,0.0030637059390499948,0.0023800276881458513,0.0035766916310134736
mlp_V0-fosls,149.28752181670808,0.0030662795197078196,0.0023816956046082516,0.003578105407283512
mlp_V0-fosls,149.48717724262653,0.0030679842824752348,0.0023825752711959694,0.0035768190079194075
mlp_V0-fosls,149.686832668545,0.0030644137631089274,0.0023818349482030684,0.0035755321457365814
mlp_V0-fosls,149.8864880944635,0.003060772240631081,0.002381094395031091,0.0035764741236614644
mlp_V0-fosls,150.08614352038197,0.003057799358779998,0.0023813393519518367,0.0035783187070386204
mlp_V0-fosls,150.28579894630042,0.0030565711794720007,0.0023822535270413194,0.003580162340043402
mlp_V0-fosls,150.4854543722189,0.0030553404091764975,0.0023831673514562966,0.0035757694619826374
mlp_V0-fosls,150.68510979813738,0.0030560401012917687,0.00238405136034253,0.003571205808954606
mlp_V0-fosls,150.88476522405585,0.0030573899192583875,0.002384930399149488,0.0035680654903270277
mlp_V0-fosls,151.0844206499743,0.0030587391117202272,0.0023854251262590475,0.003569517179457761
mlp_V0-fosls,151.28407607589278,0.0030598998001798504,0.002383385852638505,0.003570968278440111
mlp_V0-fosls,151.48373150181126,0.0030610038106993003,0.002381344832678953,0.0035725905491747244
mlp_V0-fosls,151.68338692772974,0.003062506331646778,0.002380417802793265,0.003574384025143578
mlp_V0-fosls,151.8830423536482,0.0030637591660574344,0.0023811643331366457,0.00357617660167261
mlp_V0-fosls,152.08269777956667,0.0030650071537786797,0.002381910629505032,0.0035748329562765285
mlp_V0-fosls,152.28235320548515,0.003065606377049254,0.0023797578185281013,0.003572512977124654
mlp_V0-fosls,152.48200863140363,0.0030664578380246855,0.0023761611442425726,0.003570323939935919
mlp_V0-fosls,152.68166405732208,0.0030673090167445266,0.0023725590175948663,0.003573085277512749
mlp_V0-fosls,152.88131948324056,0.0030668315287237903,0.002372744024514532,0.0035758444827309224
mlp_V0-fosls,153.08097490915904,0.0030655549859894965,0.0023731841168883427,0.003579479947772565
mlp_V0-fosls,153.28063033507752,0.0030642300763875823,0.0023739950056686308,0.003585271160823799
mlp_V0-fosls,153.48028576099597,0.003063521355742327,0.002376237752483669,0.003591053034523964
mlp_V0-fosls,153.67994118691445,0.003063051728608152,0.0023784783845386685,0.003590739600810005
mlp_V0-fosls,153.87959661283293,0.0030629167197706404,0.002378312151713487,0.0035854829861647853
mlp_V0-fosls,154.0792520387514,0.0030639891116516944,0.0023754715428690874,0.0035802186535642067
mlp_V0-fosls,154.27890746466989,0.003065060470575729,0.0023726275331314964,0.003581631047124062
mlp_V0-fosls,154.47856289058834,0.0030646028673807805,0.0023752577379138736,0.0035845545161027103
mlp_V0-fosls,154.67821831650681,0.003062912797203667,0.002379783058067007,0.0035871194735401044
mlp_V0-fosls,154.8778737424253,0.003061219251561097,0.002384213834311793,0.0035854815620539014
mlp_V0-fosls,155.07752916834377,0.003058646278547744,0.0023810120240452793,0.003583842901998682
mlp_V0-fosls,155.27718459426222,0.00305510948189683,0.002377805902417743,0.003582795193583607
mlp_V0-fosls,155.4768400201807,0.0030516773683677756,0.002375100691223935,0.003582886766290131
mlp_V0-fosls,155.67649544609918,0.0030514782708577614,0.0023736926886890886,0.0035829783366562664
mlp_V0-fosls,155.87615087201766,0.0030515641805332902,0.0023722838504739805,0.003584217177368577
mlp_V0-fosls,156.0758062979361,0.0030517461489435907,0.002372455413169771,0.0035862062284127906
mlp_V0-fosls,156.2754617238546,0.003051432138550467,0.002373926984355043,0.003588194176862425
mlp_V0-fosls,156.47511714977307,0.0030511178340480553,0.002375397643894493,0.0035877226313303424
mlp_V0-fosls,156.67477257569155,0.0030509500296758427,0.0023767427703050236,0.0035868747423496565
mlp_V0-fosls,156.87442800161,0.003050796669915194,0.0023780591901972647,0.0035860087259301154
mlp_V0-fosls,157.07408342752848,0.0030506427188797874,0.0023792663381154173,0.003585022950720716
mlp_V0-fosls,157.27373885344696,0.0030486263409470965,0.0023793034929920544,0.003584036904377744
mlp_V0-fosls,157.47339427936544,0.0030469215378548177,0.0023793406472884956,0.003583632581087731
mlp_V0-fosls,157.6730497052839,0.00304623399590666,0.0023776340024701066,0.0035841267419827326
mlp_V0-fosls,157.87270513120237,0.0030474353174672077,0.002372730125718674,0.0035846208347547715
mlp_V0-fosls,158.07236055712085,0.003048581543730633,0.0023678160927918137,0.0035852635723857963
mlp_V0-fosls,158.27201598303932,0.003048763206658257,0.0023668655508389,0.0035859846467446166
mlp_V0-fosls,158.47167140895777,0.0030486097817735763,0.0023683249997763756,0.0035867055761380335
mlp_V0-fosls,158.67132683487625,0.0030484561316603655,0.0023697835499014693,0.0035847586853923244
mlp_V0-fosls,158.87098226079473,0.003048170111401392,0.0023701612496496364,0.0035825661635857553
mlp_V0-fosls,159.0706376867132,0.0030478037597052206,0.0023704073117099696,0.0035808831762268135
mlp_V0-fosls,159.27029311263166,0.003047463983326683,0.002370682061825507,0.003581568554438446
mlp_V0-fosls,159.46994853855014,0.003046309422859178,0.002371108233425521,0.003582253801519424
mlp_V0-fosls,159.66960396446862,0.0030446514118602852,0.0023715343284412627,0.0035824981002428574
mlp_V0-fosls,159.8692593903871,0.0030431452572922354,0.0023709384153838427,0.0035821830142397913
mlp_V0-fosls,160.06891481630555,0.0030441922165793845,0.0023689751099538236,0.0035818679005195707
mlp_V0-fosls,160.26857024222403,0.0030452388149964727,0.0023670101760699326,0.003580263703113958
mlp_V0-fosls,160.4682256681425,0.003046759098469856,0.002365207719185353,0.003578115363214122
mlp_V0-fosls,160.667881094061,0.0030484621622365107,0.002363475326238027,0.0035759657326521733
mlp_V0-fosls,160.86753651997947,0.003050163684610016,0.002361741662540151,0.003576056615907313
mlp_V0-fosls,161.06719194589792,0.0030488367427397626,0.0023639893983201177,0.003576225810114198
mlp_V0-fosls,161.2668473718164,0.0030468136740311926,0.0023663743305411397,0.0035763554638508373
mlp_V0-fosls,161.46650279773488,0.003045020160114577,0.0023681307184347344,0.0035763520258661093
mlp_V0-fosls,161.66615822365335,0.003045928953616205,0.002367847614229946,0.003576348587878076
mlp_V0-fosls,161.8658136495718,0.0030469769113575925,0.002367564476172652,0.0035768023274070603
mlp_V0-fosls,162.06546907549028,0.003047720570409893,0.0023670126004518583,0.0035777277029358356
mlp_V0-fosls,162.26512450140876,0.0030474477687634774,0.002366195348108523,0.0035786528391790807
mlp_V0-fosls,162.46477992732724,0.0030471749237805834,0.002365377813399576,0.003575784248491498
mlp_V0-fosls,162.6644353532457,0.003047831671447488,0.0023656755523092017,0.003571683026682009
mlp_V0-fosls,162.86409077916417,0.0030496466314629466,0.002366302907110337,0.0035677107805563687
mlp_V0-fosls,163.06374620508265,0.0030514600120637027,0.0023668350455279237,0.003570832203948248
mlp_V0-fosls,163.26340163100113,0.003050812662835257,0.002365108452092887,0.0035739509011470305
mlp_V0-fosls,163.46305705691958,0.0030489803917584397,0.0023633805972765485,0.00357669924228572
mlp_V0-fosls,163.66271248283806,0.0030473730529709,0.0023631933715688135,0.0035785058839239636
mlp_V0-fosls,163.86236790875654,0.0030493066785481247,0.0023664426295034436,0.003580311613922678
mlp_V0-fosls,164.06202333467502,0.0030515045650548822,0.0023696874321385867,0.0035819903375531167
mlp_V0-fosls,164.26167876059347,0.00305328433155528,0.0023704894559883885,0.0035835629328409167
mlp_V0-fosls,164.46133418651195,0.003053415906579784,0.002369509565552438,0.003585134838320436
mlp_V0-fosls,164.66098961243043,0.0030535466905122037,0.002368529269723488,0.0035836392663244686
mlp_V0-fosls,164.8606450383489,0.0030526497522728904,0.0023668973057523347,0.003581414662615194
mlp_V0-fosls,165.06030046426736,0.0030516535365781644,0.0023651438120519865,0.0035792517686024407
mlp_V0-fosls,165.25995589018584,0.003050656582465461,0.0023634433750450144,0.003577955949284382
mlp_V0-fosls,165.45961131610431,0.0030493507483222294,0.0023621781787212318,0.003576659660492637
mlp_V0-fosls,165.6592667420228,0.003047820436157882,0.0023609123043877222,0.003575812725117367
mlp_V0-fosls,165.85892216794124,0.003046606413287738,0.0023602503935284238,0.0035758781106525568
mlp_V0-fosls,166.05857759385972,0.0030465646558023897,0.0023605867616159565,0.0035759434949921834
mlp_V0-fosls,166.2582330197782,0.0030465297174710245,0.002360923081780077,0.0035748113010418896
mlp_V0-fosls,166.45788844569668,0.0030467928604954227,0.002360211755667258,0.003572858490216756
mlp_V0-fosls,166.65754387161513,0.003048069093781569,0.002358925026019824,0.0035709046114634747
mlp_V0-fosls,166.8571992975336,0.0030493446758387208,0.002357637594113084,0.0035716168123003022
mlp_V0-fosls,167.0568547234521,0.003049779659910204,0.0023571527448952015,0.0035727735571603873
mlp_V0-fosls,167.25651014937057,0.003049245429181351,0.0023567431285025277,0.0035735818271603157
mlp_V0-fosls,167.45616557528905,0.003048635665446041,0.0023566309819329687,0.003571853336529128
mlp_V0-fosls,167.6558210012075,0.0030479371323116145,0.0023578486267622047,0.0035701240090419933
mlp_V0-fosls,167.85547642712598,0.0030475623613185274,0.0023590656430973857,0.00356927544089387
mlp_V0-fosls,168.05513185304446,0.003047076923827422,0.002360122949526455,0.0035698377477331703
mlp_V0-fosls,168.25478727896294,0.0030465221981613587,0.0023609854075977753,0.003570399966014051
mlp_V0-fosls,168.4544427048814,0.0030459667138079557,0.002361847550731802,0.003570600406497441
mlp_V0-fosls,168.65409813079987,0.0030465441273154733,0.002361614195235517,0.0035706042672416336
mlp_V0-fosls,168.85375355671835,0.00304770917933928,0.002360951175853137,0.0035706081279816525
mlp_V0-fosls,169.05340898263682,0.003048873480745015,0.0023602879702245495,0.003572265661285644
mlp_V0-fosls,169.25306440855528,0.003048067460498948,0.0023627454107250628,0.00357408609834398
mlp_V0-fosls,169.45271983447375,0.0030466739178197358,0.002365240195685681,0.0035756183604478066
mlp_V0-fosls,169.65237526039223,0.003045325765329188,0.0023672176254510534,0.0035757834684519052
mlp_V0-fosls,169.8520306863107,0.0030443587638423896,0.002367697285019591,0.0035759485688326687
mlp_V0-fosls,170.05168611222916,0.0030434079826292533,0.0023681768474360524,0.003575516727382226
mlp_V0-fosls,170.25134153814764,0.003043186755317659,0.002369867016935312,0.0035743152683088103
mlp_V0-fosls,170.45099696406612,0.0030440583904136785,0.0023726518843564122,0.003573113405244908
mlp_V0-fosls,170.6506523899846,0.0030449283378659,0.0023754334869076407,0.0035732950645041457
mlp_V0-fosls,170.85030781590305,0.003044161603921682,0.002372678015501223,0.0035740683514069106
mlp_V0-fosls,171.04996324182153,0.0030429485913093797,0.0023684615258779264,0.0035748414710371893
mlp_V0-fosls,171.24961866774,0.0030417343439671897,0.002364455462370323,0.003574126325280593
mlp_V0-fosls,171.4492740936585,0.0030414919863083227,0.0023638219361578807,0.0035733555252813885
mlp_V0-fosls,171.64892951957694,0.0030411292506620823,0.002363188240109011,0.003573131441647036
mlp_V0-fosls,171.84858494549542,0.0030409183329043335,0.0023630492993270144,0.0035747678294999734
mlp_V0-fosls,172.0482403714139,0.003042536157882125,0.002363919001493631,0.003576403468621693
mlp_V0-fosls,172.24789579733238,0.0030442862570417917,0.002364788383808454,0.003576255241706316
mlp_V0-fosls,172.44755122325083,0.0030451368715880543,0.0023660052191059834,0.0035742566064687724
mlp_V0-fosls,172.6472066491693,0.003044622197599889,0.002367455599664037,0.003572256853018751
mlp_V0-fosls,172.84686207508778,0.0030441068657418935,0.0023689050922154854,0.0035723584994018227
mlp_V0-fosls,173.04651750100626,0.0030434091041602715,0.0023687220506980974,0.0035731437786428273
mlp_V0-fosls,173.24617292692474,0.0030422165163514017,0.002368285354040863,0.003573896472162604
mlp_V0-fosls,173.4458283528432,0.003041031502038782,0.0023679990798033406,0.0035728713197542574
mlp_V0-fosls,173.64548377876167,0.0030420333635996747,0.002368687869079406,0.0035718458731178126
mlp_V0-fosls,173.84513920468015,0.0030434117986635686,0.002369376458121082,0.0035709122764395547
mlp_V0-fosls,174.04479463059863,0.0030444599439714065,0.0023689399023861094,0.003570213472603053
mlp_V0-fosls,174.24445005651708,0.0030437025735031795,0.0023668319528951658,0.0035695145319617322
mlp_V0-fosls,174.44410548243556,0.003042915498268446,0.0023647221243465323,0.00357002617661829
mlp_V0-fosls,174.64376090835404,0.003042481943751895,0.002364005257413151,0.003571548313986803
mlp_V0-fosls,174.84341633427252,0.0030421754028575505,0.0023639723305988055,0.0035730698029207524
mlp_V0-fosls,175.04307176019097,0.003041868517290998,0.002363939403325829,0.003571997766382499
mlp_V0-fosls,175.24272718610945,0.0030434705377394744,0.0023642926444856507,0.003570310962065049
mlp_V0-fosls,175.44238261202793,0.0030461811318525647,0.0023646706201957356,0.0035686232227452
mlp_V0-fosls,175.6420380379464,0.003048712540470279,0.0023648879753917955,0.0035669329207994025
mlp_V0-fosls,175.84169346386486,0.0030494373876470064,0.0023644930749700255,0.0035652418174716813
mlp_V0-fosls,176.04134888978334,0.0030502298747124333,0.0023640981085838435,0.003564484337505547
mlp_V0-fosls,176.24100431570182,0.003051566685865792,0.0023638744524495194,0.0035655803800012675
mlp_V0-fosls,176.4406597416203,0.003053050297433292,0.0023638393755118364,0.0035666760856822434
mlp_V0-fosls,176.64031516753874,0.003054533084322702,0.00236380429805364,0.003566383767215646
mlp_V0-fosls,176.83997059345722,0.0030552235917766938,0.00236377302307625,0.0035651616379125503
mlp_V0-fosls,177.0396260193757,0.0030549338995522392,0.002363743050353281,0.0035639390895226214
mlp_V0-fosls,177.23928144529418,0.0030546439839531808,0.0023636995526720487,0.0035657934926626536
mlp_V0-fosls,177.43893687121263,0.0030534673776633258,0.002362685211116956,0.0035681401425648016
mlp_V0-fosls,177.6385922971311,0.0030519897720085506,0.002361670433900443,0.003569833977075579
mlp_V0-fosls,177.8382477230496,0.0030507027982376194,0.002360947563466412,0.003566981897263477
mlp_V0-fosls,178.03790314896807,0.0030515551381574387,0.0023609680477117705,0.00356412753516586
mlp_V0-fosls,178.23755857488652,0.003052614215726046,0.0023609885317794053,0.003563415615018515
mlp_V0-fosls,178.437214000805,0.0030529074429117087,0.0023609486407320302,0.0035660744091987858
mlp_V0-fosls,178.63686942672348,0.00305273342496203,0.00236085948501349,0.003568731222511322
mlp_V0-fosls,178.83652485264196,0.003052557816769548,0.0023607703259279377,0.003569829446587571
mlp_V0-fosls,179.0361802785604,0.0030530165210173334,0.002360695995299115,0.003570095608100601
mlp_V0-fosls,179.2358357044789,0.0030530225136551027,0.0023606249446626727,0.003570361749771958
mlp_V0-fosls,179.43549113039737,0.003053028042769852,0.002360839432860599,0.0035686865336083074
mlp_V0-fosls,179.63514655631585,0.0030539801882671406,0.002364144595551104,0.003566829400682066
mlp_V0-fosls,179.83480198223432,0.003055498358945799,0.002367445143946831,0.003565471813930835
mlp_V0-fosls,180.03445740815278,0.0030569614225157728,0.0023684155870790677,0.003566452607177773
mlp_V0-fosls,180.23411283407125,0.0030565709785190165,0.002365121833590825,0.003567433130775548
mlp_V0-fosls,180.43376825998973,0.0030560102292097376,0.002361823486701952,0.003567592393017516
mlp_V0-fosls,180.6334236859082,0.003054362121136273,0.0023612983805933797,0.003566694711395854
mlp_V0-fosls,180.83307911182666,0.0030515882314016618,0.0023624661839153275,0.003565796803784796
mlp_V0-fosls,181.03273453774514,0.003048811530135804,0.0023636334102592953,0.0035665565228630075
mlp_V0-fosls,181.23238996366362,0.003048200002439931,0.0023618167724251365,0.0035680302593035333
mlp_V0-fosls,181.4320453895821,0.0030491934252236856,0.0023596285108999655,0.0035695033872843733
mlp_V0-fosls,181.63170081550055,0.0030501936448795093,0.0023579553747438563,0.003568591873007168
mlp_V0-fosls,181.83135624141903,0.0030501914988814043,0.002359046538046537,0.0035675842601032358
mlp_V0-fosls,182.0310116673375,0.00304967776708326,0.0023601371968712467,0.003566602721874804
mlp_V0-fosls,182.230667093256,0.0030491696097523172,0.0023610531518813032,0.0035657118081245396
mlp_V0-fosls,182.43032251917444,0.0030497158318894464,0.002361734335648718,0.003564820671718675
mlp_V0-fosls,182.62997794509292,0.003050288229560903,0.0023624153230021906,0.0035644295938066445
mlp_V0-fosls,182.8296333710114,0.003050728450890304,0.0023620276197438297,0.003564563555608326
mlp_V0-fosls,183.02928879692988,0.0030504749510517183,0.002361170101484199,0.0035646975123757056
mlp_V0-fosls,183.22894422284833,0.0030502213428627795,0.0023603122716820985,0.0035647344873000683
mlp_V0-fosls,183.4285996487668,0.0030497801941461048,0.0023612537098725473,0.0035647392873368344
mlp_V0-fosls,183.62825507468528,0.003049376675012646,0.0023622646852444204,0.003564741051132766
mlp_V0-fosls,183.82791050060376,0.0030488970152811766,0.0023628455660325547,0.0035645208915140204
mlp_V0-fosls,184.02756592652221,0.0030476512556535757,0.0023619969888391715,0.0035643007182964617
mlp_V0-fosls,184.2272213524407,0.003046367073846228,0.00236114810667415,0.003564149648392843
mlp_V0-fosls,184.42687677835917,0.0030454396653931,0.0023603933399604206,0.003564179208267343
mlp_V0-fosls,184.62653220427765,0.0030457002988286573,0.0023597331694952357,0.0035642087678966865
mlp_V0-fosls,184.8261876301961,0.003045960866708045,0.0023590728142858486,0.003564344048785283
mlp_V0-fosls,185.02584305611458,0.0030466122304842642,0.002358808639818401,0.0035645692982209246
mlp_V0-fosls,185.22549848203306,0.0030473408622415142,0.00235866460804109,0.0035647945334236816
mlp_V0-fosls,185.42515390795154,0.0030480691908851853,0.0023585405670793775,0.0035640511671123994
mlp_V0-fosls,185.62480933387,0.0030497369107889017,0.0023589512060721513,0.003563070590696916
mlp_V0-fosls,185.82446475978847,0.0030518176309853517,0.002359361773594589,0.0035621896326762537
mlp_V0-fosls,186.02412018570695,0.0030538182307338294,0.002359386983193961,0.003563044715453685
mlp_V0-fosls,186.22377561162543,0.0030546286177493606,0.00235852821622625,0.003563899593071988
mlp_V0-fosls,186.4234310375439,0.0030552845353447123,0.002357669136457796,0.003564294417454877
mlp_V0-fosls,186.62308646346236,0.003055110474599859,0.0023578365357915967,0.0035636974582499087
mlp_V0-fosls,186.82274188938084,0.0030529243320437213,0.0023587781091246266,0.003563100399030838
mlp_V0-fosls,187.02239731529932,0.003050736479985525,0.0023597193067518385,0.0035643242451626057
mlp_V0-fosls,187.2220527412178,0.003049464401190626,0.0023596794026193744,0.00356686609134602
mlp_V0-fosls,187.42170816713625,0.003049507893024207,0.002359437533833616,0.003569406127429896
mlp_V0-fosls,187.62136359305472,0.003049550904505401,0.0023592052184937995,0.0035704985999646505
mlp_V0-fosls,187.8210190189732,0.003050327486650967,0.002359062892943652,0.003571321086846847
mlp_V0-fosls,188.02067444489168,0.0030505677514552,0.0023589205588062877,0.003572074215101296
mlp_V0-fosls,188.22032987081013,0.003050418542197049,0.0023593319722946915,0.003572243742701106
mlp_V0-fosls,188.4199852967286,0.003050627960684905,0.0023607085715558864,0.0035724132622560437
mlp_V0-fosls,188.6196407226471,0.003050981509602353,0.002362084368548869,0.003572747387122752
mlp_V0-fosls,188.81929614856557,0.00305115591814008,0.002361853153623522,0.00357336312333154
mlp_V0-fosls,189.01895157448402,0.003051046984725482,0.002360686080427213,0.0035739787534593745
mlp_V0-fosls,189.2186070004025,0.003050937638761288,0.0023595184299691793,0.00357522812704087
mlp_V0-fosls,189.41826242632098,0.003050596474857321,0.0023600072163596645,0.0035768460313383072
mlp_V0-fosls,189.61791785223946,0.0030494757710144127,0.00236067856077647,0.0035784632041446266
mlp_V0-fosls,189.8175732781579,0.003048348476392965,0.002361192772332359,0.0035764524571262175
mlp_V0-fosls,190.0172287040764,0.0030472662208852128,0.002360936245499813,0.0035740184397062007
mlp_V0-fosls,190.21688412999487,0.0030462388210698212,0.0023606796907913907,0.003572021412106642
mlp_V0-fosls,190.41653955591335,0.0030451851016201547,0.0023607299834941006,0.0035723390003691395
mlp_V0-fosls,190.6161949818318,0.003045793550032252,0.0023611755645515206,0.003572656560399899
mlp_V0-fosls,190.81585040775028,0.003046446537697721,0.0023616210615385203,0.003573052768584517
mlp_V0-fosls,191.01550583366875,0.003046703496332546,0.002363225262522249,0.0035735561781847077
mlp_V0-fosls,191.21516125958723,0.0030458281621176244,0.0023653121489207135,0.00357405951687919
mlp_V0-fosls,191.41481668550568,0.0030449525190990767,0.0023673971957068156,0.003572207883063549
mlp_V0-fosls,191.61447211142416,0.0030452660729722346,0.002365499526088428,0.003569277879556263
mlp_V0-fosls,191.81412753734264,0.0030461171439050087,0.0023634915297263198,0.0035663454688459367
mlp_V0-fosls,192.01378296326112,0.0030468710090328765,0.0023621163335255805,0.0035651318175761995
mlp_V0-fosls,192.2134383891796,0.0030466988752025715,0.002362727047862274,0.0035640091072440473
mlp_V0-fosls,192.41309381509805,0.0030464383460961815,0.002363337604383178,0.0035631948454486577
mlp_V0-fosls,192.61274924101653,0.003046464204464288,0.002364172708028335,0.0035635188322087354
mlp_V0-fosls,192.812404666935,0.003048101907116239,0.0023652231858723944,0.0035638427895153756
mlp_V0-fosls,193.0120600928535,0.0030497385531050893,0.0023662731973697975,0.0035636463570400175
mlp_V0-fosls,193.21171551877194,0.003050499563004334,0.0023659789782528693,0.0035628737494855316
mlp_V0-fosls,193.41137094469042,0.003050383643189343,0.002365301660185645,0.0035621009743551056
mlp_V0-fosls,193.6110263706089,0.003050267530296727,0.002364641970404118,0.0035603249160306174
mlp_V0-fosls,193.81068179652738,0.003050064529854188,0.0023643458333716468,0.003558192269477145
mlp_V0-fosls,194.01033722244583,0.0030494406819591563,0.0023640496592430248,0.003556062622175935
mlp_V0-fosls,194.2099926483643,0.0030484769790957325,0.0023637803005711797,0.0035572193928472273
mlp_V0-fosls,194.40964807428279,0.003046647529038655,0.0023635694399198218,0.003558375787471021
mlp_V0-fosls,194.60930350020126,0.003044897949137786,0.002363358560455316,0.0035591722672185353
mlp_V0-fosls,194.80895892611971,0.0030446324944215526,0.0023642135883596006,0.003558964574216239
mlp_V0-fosls,195.0086143520382,0.0030464543391831153,0.0023658293970259866,0.003558756869092749
mlp_V0-fosls,195.20826977795667,0.003048274702638229,0.0023674441028840587,0.0035593663780270463
mlp_V0-fosls,195.40792520387515,0.0030483800856120997,0.0023671030292349406,0.0035607081223104162
mlp_V0-fosls,195.6075806297936,0.0030473966099520376,0.002366421575663844,0.003562049361188776
mlp_V0-fosls,195.80723605571208,0.0030464178161000973,0.0023657275700676643,0.0035622894787477183
mlp_V0-fosls,196.00689148163056,0.003046359298107982,0.0023649424198316084,0.0035622389006443518
mlp_V0-fosls,196.20654690754904,0.0030465098217424616,0.002364157008842626,0.003562106373095111
mlp_V0-fosls,196.4062023334675,0.003046793112445428,0.002364057365717048,0.0035605689096444757
mlp_V0-fosls,196.60585775938597,0.003047406839614082,0.0023650413691093867,0.003559030782026041
mlp_V0-fosls,196.80551318530445,0.0030480188719906,0.002366024963265726,0.0035578310884835955
mlp_V0-fosls,197.00516861122293,0.0030480406573926222,0.0023663713570033426,0.003557356533806813
mlp_V0-fosls,197.20482403714138,0.0030478579869349844,0.0023663839494233317,0.003556881915815547
mlp_V0-fosls,197.40447946305986,0.003047675071162778,0.0023663965417763124,0.0035564257632969666
mlp_V0-fosls,197.60413488897834,0.003047360374109689,0.0023667487346136547,0.003555982897193066
mlp_V0-fosls,197.80379031489682,0.003047003115174548,0.002367128621626743,0.003555539975927253
mlp_V0-fosls,198.00344574081527,0.003046747698794297,0.002367381459598459,0.00355541862094167
mlp_V0-fosls,198.20310116673375,0.0030476973877987595,0.002367104792640917,0.003555356415952676
mlp_V0-fosls,198.40275659265222,0.003048676131010318,0.00236682809334279,0.0035554008816976275
mlp_V0-fosls,198.6024120185707,0.0030494227421267945,0.0023666158056662133,0.0035563272524319284
mlp_V0-fosls,198.80206744448918,0.0030484456749121282,0.0023664786755897005,0.0035572533819231648
mlp_V0-fosls,199.00172287040763,0.0030474412674248745,0.0023663415375664654,0.0035582375195253907
mlp_V0-fosls,199.2013782963261,0.0030470408105605544,0.0023663414989042383,0.003559319868534885
mlp_V0-fosls,199.4010337222446,0.0030478588321775453,0.002366392220337395,0.0035604018885142977
mlp_V0-fosls,199.60068914816307,0.003048676621533375,0.0023664429406834078,0.00356107408856773
mlp_V0-fosls,199.80034457408152,0.0030485098432707306,0.0023669731797862407,0.0035615103991479477
mlp_V0-fosls,200.0,0.003047992445883918,0.0023675042086443794,0.0035619466562835356
mlp_V0-pinn,1.1708552837371826,0.7246089637117684,0.3864757275158533,0.9109003193564823
mlp_V0-pinn,1.3698834566263347,0.6747775638806696,0.369691952620874,0.9000962254988092
mlp_V0-pinn,1.5689116295154866,0.6178709051897497,0.3517240412324008,0.9716039296116455
mlp_V0-pinn,1.7679398024046384,0.5551613731549326,0.3327874134174377,1.0382844156709736
mlp_V0-pinn,1.9669679752937905,0.48440050062581463,0.3127061302201888,1.1009336308850042
mlp_V0-pinn,2.1659961481829426,0.40602159039870134,0.2556255665392209,1.1602048058002787
mlp_V0-pinn,2.3650243210720943,0.4126994046106115,0.1730585814427598,1.2113723738352156
mlp_V0-pinn,2.5640524939612463,0.6703844113933224,0.16776338824916123,1.147598601221429
mlp_V0-pinn,2.7630806668503984,0.7123712734377982,0.16229552138829123,1.0800657715896727
mlp_V0-pinn,2.9621088397395505,0.7052047284368841,0.1566368988730171,1.0080186468482664
mlp_V0-pinn,3.1611370126287026,0.6979646028274562,0.15076604363852716,1.134327395622104
mlp_V0-pinn,3.3601651855178543,0.6906485825587699,0.14465711783480537,1.2513165470543586
mlp_V0-pinn,3.5591933584070063,0.683236524718037,0.17321564312453014,1.3220436869229881
mlp_V0-pinn,3.7582215312961584,0.6756197793237978,0.17339466943098483,1.2077355044957796
mlp_V0-pinn,3.95724970418531,0.6679161801590779,0.17357351108713684,1.0814113868026465
mlp_V0-pinn,4.156277877074462,0.6601226864932385,0.17375216866316326,0.9382303161767744
mlp_V0-pinn,4.355306049963614,0.6278336713701406,0.17393064272631273,0.7688313630959116
mlp_V0-pinn,4.554334222852766,0.5529970501889041,0.1741089338409266,0.7406962089320535
mlp_V0-pinn,4.753362395741918,0.4924864875259391,0.1776991105413874,0.7291627322486115
mlp_V0-pinn,4.9523905686310705,0.48533826137930497,0.18934212138941184,0.7175662781998501
mlp_V0-pinn,5.151418741520223,0.566041599041935,0.2003095204359626,0.7057793119091185
mlp_V0-pinn,5.350446914409374,0.503903027448716,0.2107068319308319,0.6937921234982659
mlp_V0-pinn,5.549475087298526,0.46323222108121453,0.22061467328210604,0.7509043366362144
mlp_V0-pinn,5.748503260187678,0.45562526072517623,0.230096282265518,0.8280002646410415
mlp_V0-pinn,5.94753143307683,0.4479989432893452,0.1586262666189692,0.849041509455875
mlp_V0-pinn,6.146559605965982,0.4404353666655418,0.15846802981364325,1.023584150079675
mlp_V0-pinn,6.345587778855134,0.4327396113498862,0.15830963484438698,1.2237653379500906
mlp_V0-pinn,6.544615951744286,0.42490449544890774,0.1581510812359769,1.3955209394494472
mlp_V0-pinn,6.7436441246334375,0.41692216212877337,0.15799236851080495,1.5483396857652503
mlp_V0-pinn,6.94267229752259,0.3378496930353585,0.1578334961888617,1.6873745501782946
mlp_V0-pinn,7.141700470411742,0.29154087906167253,0.15343143105511794,1.7311903571271121
mlp_V0-pinn,7.340728643300894,0.287992924403637,0.1487701220376299,1.6652261239681605
mlp_V0-pinn,7.539756816190046,0.2844007117590692,0.14395796048347304,1.596538767234341
mlp_V0-pinn,7.738784989079198,0.28076254235843395,0.13897927745542163,1.524760317760885
mlp_V0-pinn,7.93781316196835,0.2770766058946111,0.1338154876593175,1.4494316189301242
mlp_V0-pinn,8.136841334857502,0.27334096999276164,0.1284442677310702,1.3699671562816849
mlp_V0-pinn,8.335869507746654,0.26911439421889527,0.13074443062063001,1.2812980925041364
mlp_V0-pinn,8.534897680635805,0.3551937284264965,0.13826634298246265,1.1819758739957424
mlp_V0-pinn,8.733925853524958,0.3608415773244336,0.14539964602837002,1.0735032051937508
mlp_V0-pinn,8.932954026414109,0.3664023787292525,0.15219898990665665,0.9527598314446915
mlp_V0-pinn,9.131982199303263,0.3718800375805672,0.1587073028944726,0.8143055085579205
mlp_V0-pinn,9.331010372192413,0.37727817530754876,0.16495903568907383,0.6468660032193949
mlp_V0-pinn,9.530038545081565,0.4360732824707453,0.16273567858957286,0.6210599195041364
mlp_V0-pinn,9.729066717970717,0.4577691332538957,0.15635701135422778,0.6123567823082011
mlp_V0-pinn,9.92809489085987,0.48440158742996564,0.14970680984258355,0.6616804065332783
mlp_V0-pinn,10.127123063749021,0.4501816597393882,0.1427471289618843,0.7411017079509786
mlp_V0-pinn,10.326151236638173,0.4547872027582536,0.13543026523077545,0.8127991896315293
mlp_V0-pinn,10.525179409527325,0.4593465715771083,0.12769483409322216,0.8786656382284923
mlp_V0-pinn,10.724207582416478,0.45631167101806486,0.12400850397208815,0.9501636789981368
mlp_V0-pinn,10.92323575530563,0.44873528014650793,0.12153981562717774,1.0203154591774064
mlp_V0-pinn,11.122263928194782,0.4410287543789307,0.119019933238014,1.0859448676546748
mlp_V0-pinn,11.321292101083934,0.43318514832562927,0.11644553333328962,1.1478278943006466
mlp_V0-pinn,11.520320273973086,0.42519687589487726,0.11381291648388253,1.2065411283018013
mlp_V0-pinn,11.719348446862238,0.4170556243615831,0.11111794492277191,1.2625268764002255
mlp_V0-pinn,11.91837661975139,0.4128484799946102,0.11337564319248539,1.1867274363316145
mlp_V0-pinn,12.117404792640542,0.41022320980463217,0.11627520492463088,1.073681950213661
mlp_V0-pinn,12.316432965529692,0.40758103033749066,0.11910419846176727,0.947240123879377
mlp_V0-pinn,12.515461138418845,0.40492161058595727,0.12186753834461082,0.8010835002416551
mlp_V0-pinn,12.714489311307997,0.40224460860038985,0.12456959385472177,0.6214545006931932
mlp_V0-pinn,12.913517484197149,0.3614922108486305,0.12721427012755088,0.5343641408020128
mlp_V0-pinn,13.1125456570863,0.4438782282737287,0.1459936308463553,0.7292598904508937
mlp_V0-pinn,13.311573829975453,0.43513929375725213,0.1550909146625948,0.9966952797646963
mlp_V0-pinn,13.510602002864605,0.4262212200344981,0.16368336315599907,1.206226750486824
mlp_V0-pinn,13.709630175753757,0.41711251700690044,0.17184671930891518,1.384400399622443
mlp_V0-pinn,13.90865834864291,0.40780041108361775,0.16595337960887355,1.5421238469589775
mlp_V0-pinn,14.107686521532061,0.39827063501606974,0.1521266262190671,1.6851490890257552
mlp_V0-pinn,14.306714694421213,0.39008697369807227,0.15169932673540157,1.5699207370409853
mlp_V0-pinn,14.505742867310365,0.38175065190077373,0.15127082025014765,1.4133013388091349
mlp_V0-pinn,14.704771040199518,0.3732281787384373,0.15084109647682506,1.237008580393877
mlp_V0-pinn,14.90379921308867,0.36450649731130463,0.15041014498200977,1.0309994091445724
mlp_V0-pinn,15.102827385977822,0.3555709489819174,0.1499779551823786,0.7718350441284976
mlp_V0-pinn,15.301855558866974,0.27496576110642074,0.14904339760844415,0.4286647752833546
mlp_V0-pinn,15.500883731756126,0.3066124380057783,0.14672280869884652,0.4188578801473538
mlp_V0-pinn,15.699911904645276,0.29357579721981014,0.14436492238174709,0.44511394011824634
mlp_V0-pinn,15.898940077534428,0.27993268884974265,0.1419678802972609,0.5236931358042244
mlp_V0-pinn,16.09796825042358,0.26558966821027996,0.1395296644370183,0.5919312302027439
mlp_V0-pinn,16.296996423312734,0.25042650305717706,0.13704807725654697,0.6530778376964007
mlp_V0-pinn,16.496024596201885,0.2393948950410002,0.14140811125660527,0.7089701988737451
mlp_V0-pinn,16.695052769091035,0.24862067589959663,0.1625007531009692,0.6615295892069318
mlp_V0-pinn,16.89408094198019,0.2575161455090789,0.17561448904001511,0.6684943090888512
mlp_V0-pinn,17.093109114869343,0.26611443010655017,0.16764070682348542,0.7834859349253296
mlp_V0-pinn,17.292137287758493,0.2703378008342017,0.15926821530917598,0.8836378099467292
mlp_V0-pinn,17.491165460647643,0.2609883649334472,0.15043045646165634,0.9735406247861906
mlp_V0-pinn,17.690193633536797,0.2558279712615068,0.14261637923117607,1.0324561642677608
mlp_V0-pinn,17.889221806425947,0.263325383323202,0.13958458347326244,0.9476379428836431
mlp_V0-pinn,18.0882499793151,0.27061515871222774,0.13648545805981566,0.8544411099958764
mlp_V0-pinn,18.28727815220425,0.26527848282092187,0.13331430748494794,0.7497476576217035
mlp_V0-pinn,18.486306325093405,0.25794993930606563,0.13006586369445586,0.627832373940269
mlp_V0-pinn,18.685334497982556,0.2496823232908018,0.12444492200139126,0.4756316110454807
mlp_V0-pinn,18.88436267087171,0.23780630340582543,0.11883911697283084,0.31184706552830355
mlp_V0-pinn,19.08339084376086,0.231237335817353,0.11715791992482104,0.3176069955108355
mlp_V0-pinn,19.282419016650014,0.22447621925778916,0.11545224415029522,0.32326431123188626
mlp_V0-pinn,19.481447189539164,0.21750503568569357,0.11372098820168589,0.32882430906949633
mlp_V0-pinn,19.680475362428318,0.2103028960452009,0.11196296546535635,0.33429184488084296
mlp_V0-pinn,19.87950353531747,0.20284520112973434,0.11017689464685952,0.3396713836528527
mlp_V0-pinn,20.078531708206622,0.19569829657892673,0.10893816229357856,0.3404180698067521
mlp_V0-pinn,20.277559881095772,0.19694628633335134,0.10801867413947598,0.33113037051782845
mlp_V0-pinn,20.476588053984923,0.2190690495983597,0.10709129153109759,0.32157453616167125
mlp_V0-pinn,20.675616226874077,0.2150531885481893,0.1061558075695662,0.3117259089904359
mlp_V0-pinn,20.874644399763227,0.21096089523311556,0.10521200615754367,0.3015558030684092
mlp_V0-pinn,21.07367257265238,0.20678763195697186,0.10425966141630827,0.2945239713605232
mlp_V0-pinn,21.27270074554153,0.20319461562981425,0.10349348246592646,0.30312441429304415
mlp_V0-pinn,21.471728918430685,0.20012289180169182,0.1027936276667349,0.28719241071606283
mlp_V0-pinn,21.670757091319835,0.19700327871686643,0.10208897523655346,0.27548681432628697
mlp_V0-pinn,21.86978526420899,0.19383346415755728,0.10137942513553687,0.2716462297321891
mlp_V0-pinn,22.06881343709814,0.1906109436245536,0.10066487379803456,0.2677505618813534
mlp_V0-pinn,22.267841609987293,0.18705659733783989,0.09994521395612958,0.26379737043391394
mlp_V0-pinn,22.466869782876444,0.19230069102427996,0.10206158998532237,0.3507862664425263
mlp_V0-pinn,22.665897955765598,0.19173656048535723,0.1013733639210055,0.5136061642903721
mlp_V0-pinn,22.864926128654748,0.18731838208554327,0.10068043342670505,0.6360279705087251
mlp_V0-pinn,23.0639543015439,0.18279344601909575,0.09998270069025816,0.7384252613107363
mlp_V0-pinn,23.262982474433052,0.1781536178356381,0.09928006446233967,0.8282585066355842
mlp_V0-pinn,23.462010647322202,0.17338967439936298,0.09857241988494998,0.9092592815509706
mlp_V0-pinn,23.661038820211356,0.16842885084967138,0.0984208328360168,0.8765503014126882
mlp_V0-pinn,23.860066993100506,0.16324230571441958,0.09863596985199528,0.7954712016403528
mlp_V0-pinn,24.05909516598966,0.15788547416206208,0.0988506386481761,0.7051300832978384
mlp_V0-pinn,24.25812333887881,0.15529449956694938,0.09906484226838928,0.6584820111913909
mlp_V0-pinn,24.457151511767965,0.15266900949916404,0.09927858372362798,0.7361910682727235
mlp_V0-pinn,24.656179684657115,0.1499975710708758,0.09949186599254219,0.8064465381824183
mlp_V0-pinn,24.85520785754627,0.15727925742065038,0.10092867184715149,0.777410698097588
mlp_V0-pinn,25.05423603043542,0.17373143816781403,0.10289969882766342,0.7039034288624461
mlp_V0-pinn,25.253264203324573,0.18875502748515827,0.10483367415490927,0.6217657764882497
mlp_V0-pinn,25.452292376213723,0.20266797525506744,0.10673261195535103,0.5269775369593712
mlp_V0-pinn,25.651320549102877,0.19867272882527182,0.10859835023058773,0.41087463794628765
mlp_V0-pinn,25.850348721992027,0.18830869424939828,0.11043257169331538,0.2562352227139391
mlp_V0-pinn,26.04937689488118,0.20222528510019105,0.10873471710127512,0.41239741572742245
mlp_V0-pinn,26.24840506777033,0.21529935593859556,0.10586656431795534,0.5584823235393678
mlp_V0-pinn,26.447433240659485,0.20935068003096793,0.10291851231863587,0.6735973447937633
mlp_V0-pinn,26.646461413548636,0.1993013130927561,0.0998834866996274,0.7717280998645071
mlp_V0-pinn,26.845489586437786,0.18871756561476963,0.09675330305818032,0.8587171462872727
mlp_V0-pinn,27.04451775932694,0.1775038752890564,0.09351840669120447,0.9134009566806757
mlp_V0-pinn,27.24354593221609,0.17296654493418498,0.09229428959258418,0.8344325984040099
mlp_V0-pinn,27.442574105105244,0.1723128097308877,0.0914493377958311,0.7471641151001294
mlp_V0-pinn,27.641602277994394,0.17165658486710259,0.09059650586635365,0.6482520100296284
mlp_V0-pinn,27.84063045088355,0.1709978416797138,0.08973556913001934,0.7096620883298166
mlp_V0-pinn,28.0396586237727,0.17033655095135672,0.08886629202900677,0.7829401139648604
mlp_V0-pinn,28.238686796661852,0.16967268289529644,0.08798842736906336,0.8499236227438222
mlp_V0-pinn,28.437714969551003,0.16814283022579382,0.09071416077496527,0.7852236249896288
mlp_V0-pinn,28.636743142440157,0.16629448933391738,0.09362826850182165,0.7087209962304691
mlp_V0-pinn,28.835771315329307,0.1666062071102906,0.09645437450003062,0.6228922537276941
mlp_V0-pinn,29.03479948821846,0.1702962418175454,0.0992000002910036,0.5231673432182302
mlp_V0-pinn,29.23382766110761,0.1701114359646434,0.10028977964225158,0.39926604947838856
mlp_V0-pinn,29.432855833996765,0.16822536911723582,0.099274468616579,0.2651851214946233
mlp_V0-pinn,29.631884006885915,0.167696015339116,0.09804076013718968,0.39384704136528914
mlp_V0-pinn,29.83091217977507,0.1654168444487317,0.09679132800748108,0.5036120424521043
mlp_V0-pinn,30.02994035266422,0.16382131456098842,0.09552555525421262,0.593409375232113
mlp_V0-pinn,30.22896852555337,0.16232674620789908,0.0942427834680166,0.6713004423683581
mlp_V0-pinn,30.427996698442524,0.1608182886502559,0.09294230879945523,0.7410491759893817
mlp_V0-pinn,30.627024871331674,0.160780799832261,0.0916517697324076,0.787394980623438
mlp_V0-pinn,30.826053044220828,0.17716733681181987,0.09037917188388613,0.7219478405080069
mlp_V0-pinn,31.025081217109978,0.18829509385684617,0.08908839725661138,0.6499434693243454
mlp_V0-pinn,31.224109389999132,0.198800954495003,0.08777864399207001,0.5688974795343678
mlp_V0-pinn,31.423137562888282,0.20877882231129177,0.08644904948246303,0.4876591335973669
mlp_V0-pinn,31.622165735777436,0.2183011080669443,0.08509868372516761,0.5392603006225224
mlp_V0-pinn,31.821193908666586,0.2102227480788412,0.08430518054505311,0.5832431899148102
mlp_V0-pinn,32.020222081555744,0.21550257851376506,0.08403156357720377,0.6118893514963769
mlp_V0-pinn,32.21925025444489,0.21189462053058003,0.08375705276408241,0.6670936442902134
mlp_V0-pinn,32.418278427334045,0.22730703285331819,0.08348163928805499,0.7929307357037841
mlp_V0-pinn,32.617306600223195,0.24236250014555108,0.08320531418555288,0.9013680563427375
mlp_V0-pinn,32.816334773112345,0.2565359151639883,0.08292806834366885,0.9980929788183185
mlp_V0-pinn,33.0153629460015,0.301843032033616,0.08263702298264022,1.0453270407372417
mlp_V0-pinn,33.21439111889065,0.3488651327445144,0.08233680386713936,0.965121781387876
mlp_V0-pinn,33.4134192917798,0.32360322743107944,0.08203548606961587,0.8776169345005457
mlp_V0-pinn,33.61244746466895,0.2961945589688882,0.0817330574388387,0.7803607592229144
mlp_V0-pinn,33.811475637558104,0.26597628601388024,0.08142950559792729,0.7321103503045783
mlp_V0-pinn,34.01050381044726,0.20669987754649197,0.08112481793844123,0.8044903058968813
mlp_V0-pinn,34.20953198333641,0.2200104198572473,0.08076496462432156,0.8028001183341836
mlp_V0-pinn,34.40856015622556,0.2180481338815348,0.08037767908172162,0.729264805072212
mlp_V0-pinn,34.60758832911471,0.21606802755770507,0.07998851841583608,0.791262920936138
mlp_V0-pinn,34.80661650200387,0.2140696063810429,0.07959745512362103,0.9267194766905036
mlp_V0-pinn,35.00564467489302,0.2120523525443472,0.07920446102305842,1.044758808006252
mlp_V0-pinn,35.20467284778217,0.21001572337101235,0.07880950722945486,1.1507532078320564
mlp_V0-pinn,35.40370102067132,0.21122704175500998,0.1453404816704118,1.1499138865101377
mlp_V0-pinn,35.60272919356048,0.21320362493630363,0.14078433688419884,1.10578292197407
mlp_V0-pinn,35.80175736644963,0.2151620510298861,0.13607572675411259,1.0598159248993093
mlp_V0-pinn,36.00078553933878,0.21710281140693358,0.13119823669316685,1.0117626790956686
mlp_V0-pinn,36.19981371222793,0.21902637566786756,0.1261322766429456,0.9613103780525367
mlp_V0-pinn,36.39884188511708,0.22093319296929811,0.12085414809127937,0.9080592310483813
mlp_V0-pinn,36.59787005800624,0.21862171580404532,0.1216487290562532,0.851273666575996
mlp_V0-pinn,36.79689823089539,0.2157463244311855,0.12756760441451448,0.790365398678942
mlp_V0-pinn,36.99592640378454,0.21283208966231557,0.13322377457163717,0.724353554179246
mlp_V0-pinn,37.19495457667369,0.20987739343361758,0.1386493942510055,0.6516890972505899
mlp_V0-pinn,37.393982749562845,0.2068805021236923,0.14387054924906334,0.5698326837752185
mlp_V0-pinn,37.593010922451995,0.18700295262550934,0.10023261183321262,0.47404630103150364
mlp_V0-pinn,37.792039095341146,0.20218661934980608,0.07481303945110933,0.43036320618573803
mlp_V0-pinn,37.991067268230296,0.20622013837623168,0.07326543071237186,0.39019208151194307
mlp_V0-pinn,38.19009544111945,0.2044825647434033,0.0716844181327119,0.36094436505177124
mlp_V0-pinn,38.389123614008604,0.2027300991371733,0.07006774056997696,0.4146550735541873
mlp_V0-pinn,38.588151786897754,0.20096235196746706,0.06841286965284905,0.4621653658441215
mlp_V0-pinn,38.787179959786904,0.17408913210318983,0.06678672363535583,0.505227494053355
mlp_V0-pinn,38.98620813267606,0.17255143109908597,0.06659934884005667,0.49010828793712924
mlp_V0-pinn,39.18523630556521,0.17110103322124576,0.06641144538325995,0.4457888329889633
mlp_V0-pinn,39.38426447845436,0.1696382349719929,0.06622300876483853,0.39654663449670036
mlp_V0-pinn,39.58329265134351,0.16989434454234287,0.06603403442045656,0.3402510588428161
mlp_V0-pinn,39.78232082423266,0.1703673242012439,0.06584451772027952,0.27256619885205
mlp_V0-pinn,39.98134899712182,0.1708389943880237,0.06566163446238339,0.2295785167470263
mlp_V0-pinn,40.18037717001097,0.17265948493654007,0.0655299752005856,0.24493772070880038
mlp_V0-pinn,40.37940534290012,0.1753049210427963,0.0653980508830888,0.26652786855035454
mlp_V0-pinn,40.57843351578927,0.18000273615732446,0.06526585990259211,0.28649558880019055
mlp_V0-pinn,40.77746168867843,0.18896186730603257,0.06513340063548416,0.3051595321957698
mlp_V0-pinn,40.97648986156758,0.1963254041150755,0.06500067144161048,0.32274596477402134
mlp_V0-pinn,41.17551803445673,0.1938375631329901,0.06485681982870352,0.3394224145012916
mlp_V0-pinn,41.37454620734588,0.20023023669685355,0.0646711584018472,0.3387029997917551
mlp_V0-pinn,41.57357438023504,0.19218925455953695,0.06448496243141275,0.3468486546602836
mlp_V0-pinn,41.77260255312419,0.18957211245646094,0.06429822727357742,0.41250892361280056
mlp_V0-pinn,41.97163072601334,0.1896029853802983,0.06411094821688818,0.4690663437944936
mlp_V0-pinn,42.17065889890249,0.1867150737108268,0.06392312048087469,0.519502509812298
mlp_V0-pinn,42.369687071791645,0.1885757104932016,0.06609619736544341,0.5654577619255228
mlp_V0-pinn,42.568715244680796,0.2328941971841337,0.07321422008678356,0.5367776098695332
mlp_V0-pinn,42.767743417569946,0.22983696144944563,0.07969903851151729,0.48759021715776524
mlp_V0-pinn,42.966771590459096,0.22673850712789342,0.08569452407478934,0.4328489774490227
mlp_V0-pinn,43.16579976334825,0.2235971206899981,0.09129713124271202,0.37473982290402763
mlp_V0-pinn,43.364827936237404,0.22041096648562963,0.0965752602372541,0.4082244712663297
mlp_V0-pinn,43.563856109126554,0.1902637367203387,0.10012958539055933,0.43104441700461776
mlp_V0-pinn,43.762884282015705,0.17699421584443756,0.10135504816741586,0.3987480330994371
mlp_V0-pinn,43.961912454904855,0.17629155658597434,0.10256587009114225,0.36359413962616177
mlp_V0-pinn,44.16094062779401,0.1755860854527608,0.10376256370236307,0.32465582212599675
mlp_V0-pinn,44.35996880068316,0.17487776841480643,0.10494561231714661,0.29880942174882297
mlp_V0-pinn,44.55899697357231,0.1741665707501331,0.10611547230802258,0.3060395348761213
mlp_V0-pinn,44.75802514646146,0.17542123061946197,0.10445611885198705,0.31310273599654054
mlp_V0-pinn,44.95705331935062,0.17423625675850446,0.0995589177321761,0.47969808040241013
mlp_V0-pinn,45.15608149223977,0.17501579480167037,0.09440802632395195,0.620320376303547
mlp_V0-pinn,45.35510966512892,0.17579187606628835,0.08895938831155376,0.7344960790725781
mlp_V0-pinn,45.55413783801807,0.17656454613469313,0.08315449538748705,0.8331696172380555
mlp_V0-pinn,45.75316601090722,0.17733384959616444,0.0769127261090738,0.9213352983600622
mlp_V0-pinn,45.95219418379638,0.2075399829718271,0.12864138389820343,0.9354238361504925
mlp_V0-pinn,46.15122235668553,0.2565432459043445,0.14427185750203128,0.8494457470826186
mlp_V0-pinn,46.35025052957468,0.3029657556125173,0.15836708017428333,0.7537230268706089
mlp_V0-pinn,46.54927870246383,0.2851138985825884,0.17130643682818622,0.80658416722869
mlp_V0-pinn,46.74830687535299,0.2660669488231506,0.18333482624589081,0.9163070349584207
mlp_V0-pinn,46.94733504824214,0.24554695548338598,0.18569733445129785,1.014228349931404
mlp_V0-pinn,47.14636322113129,0.23085455283149423,0.18424308514607995,1.0366686846572397
mlp_V0-pinn,47.34539139402044,0.22526712497098075,0.18200607441568406,0.9435157475154461
mlp_V0-pinn,47.544419566909596,0.21404167387526946,0.17974122460990785,0.8400964051049642
mlp_V0-pinn,47.74344773979875,0.20799236782013325,0.17599990160295562,0.7220124472133037
mlp_V0-pinn,47.9424759126879,0.20476090433680852,0.1694965326536891,0.7019492898166606
mlp_V0-pinn,48.14150408557705,0.20147761865336236,0.1627334747339838,0.7403047995308711
mlp_V0-pinn,48.340532258466204,0.20246605798368128,0.16041297506097438,0.7077057907626851
mlp_V0-pinn,48.539560431355355,0.22794680681636567,0.1593899560244226,0.6410756502465388
mlp_V0-pinn,48.738588604244505,0.2243615917753405,0.15836032834969102,0.5666643560336291
mlp_V0-pinn,48.937616777133655,0.22071814830265216,0.15732396228348858,0.4808731594287547
mlp_V0-pinn,49.136644950022806,0.21701354362421385,0.1562807237701794,0.3759913543141352
mlp_V0-pinn,49.33567312291196,0.21324459018349215,0.1552304742493744,0.3777800563905488
mlp_V0-pinn,49.53470129580111,0.2107669540377777,0.15040596008499282,0.3848633219110245
mlp_V0-pinn,49.733729468690264,0.20936339244850327,0.14485071825889229,0.39747055738093123
mlp_V0-pinn,49.932757641579414,0.20795035773166942,0.1390737514096227,0.4176247855840193
mlp_V0-pinn,50.13178581446857,0.2065276554457358,0.13304618026149417,0.4368501792187895
mlp_V0-pinn,50.33081398735772,0.20509508440500435,0.1267322525373969,0.45526442495859304
mlp_V0-pinn,50.52984216024687,0.20365243634751626,0.12008680853545521,0.4729622756439126
mlp_V0-pinn,50.72887033313602,0.20198519336678034,0.11745610624493719,0.4822913954207471
mlp_V0-pinn,50.92789850602518,0.200186834899705,0.1148732010241556,0.4851714141872231
mlp_V0-pinn,51.12692667891433,0.2026894317852345,0.11223086800363873,0.4880344375061748
mlp_V0-pinn,51.32595485180348,0.20814460722536546,0.10952480610420769,0.49088076275151266
mlp_V0-pinn,51.52498302469263,0.21346041618197525,0.10675016895292673,0.4937106787249444
mlp_V0-pinn,51.72401119758179,0.21776694016988557,0.10920819322452027,0.49652446599798467
mlp_V0-pinn,51.92303937047094,0.2142321533818257,0.119410743303051,0.4746568818564938
mlp_V0-pinn,52.12206754336009,0.21063805651940887,0.11753885238552643,0.4364250956881572
mlp_V0-pinn,52.32109571624924,0.2386384077474641,0.11563666383991716,0.39450547879478787
mlp_V0-pinn,52.52012388913839,0.2451315071841967,0.11370265708392852,0.3475662259941153
mlp_V0-pinn,52.71915206202755,0.24277372615641438,0.11173517992049263,0.30331198681388327
mlp_V0-pinn,52.9181802349167,0.22613646047722263,0.10997081088368112,0.3185653178662154
mlp_V0-pinn,53.11720840780585,0.20203514512081683,0.11276286162304437,0.3000670330466165
mlp_V0-pinn,53.316236580695,0.1997772801051201,0.1154874308157444,0.3029606269573374
mlp_V0-pinn,53.515264753584155,0.1974936035126447,0.11814918701127347,0.30582684422948664
mlp_V0-pinn,53.714292926473306,0.19518320934603933,0.12075228406298727,0.30866644750660926
mlp_V0-pinn,53.913321099362456,0.18258139981826357,0.12330043723130858,0.31148016466756606
mlp_V0-pinn,54.112349272251606,0.18425693671444315,0.12627903639275642,0.3142686910055116
mlp_V0-pinn,54.311377445140764,0.1957648280787751,0.13224752837986403,0.3160968472171065
mlp_V0-pinn,54.510405618029914,0.20663280740974863,0.13795804613317314,0.42118533124453417
mlp_V0-pinn,54.709433790919064,0.21695706092071806,0.14344140344817644,0.5173385631879779
mlp_V0-pinn,54.908461963808215,0.21750428917991577,0.14872272843611467,0.5982318068000354
mlp_V0-pinn,55.10749013669737,0.21474617516879288,0.15382283212768563,0.6694201971654811
mlp_V0-pinn,55.30651830958652,0.213136291455232,0.15791871871977647,0.7337339477487089
mlp_V0-pinn,55.50554648247567,0.2317249531616805,0.15867643480004764,0.6967601229821367
mlp_V0-pinn,55.70457465536482,0.2243408002986548,0.1594305497688936,0.6304146455409092
mlp_V0-pinn,55.90360282825397,0.2187091776103626,0.1601811144872252,0.5562109147138862
mlp_V0-pinn,56.10263100114313,0.22053551395690976,0.1608987030760577,0.4704450424664315
mlp_V0-pinn,56.30165917403228,0.22234684945255132,0.15862725873146577,0.36505683710297804
mlp_V0-pinn,56.50068734692143,0.21263689860891513,0.15636253611539333,0.3249787107122145
mlp_V0-pinn,56.69971551981058,0.21283888980695378,0.15456785258155717,0.3179429512076152
mlp_V0-pinn,56.89874369269974,0.21795002231546323,0.1500912835461328,0.32037367600507927
mlp_V0-pinn,57.09777186558889,0.21553706147969212,0.14445603020326522,0.3266819331733256
mlp_V0-pinn,57.29680003847804,0.21309677969244453,0.13859183211014897,0.33287066354173483
mlp_V0-pinn,57.49582821136719,0.2161036676782499,0.13246828750009854,0.3389464143955037
mlp_V0-pinn,57.69485638425635,0.22249927219107643,0.1304279558889231,0.3449151562579156
mlp_V0-pinn,57.8938845571455,0.21582580140778063,0.13573194409443917,0.34427410183087537
mlp_V0-pinn,58.09291273003465,0.2155962926851483,0.14083632208329303,0.3420342147285881
mlp_V0-pinn,58.2919409029238,0.21536653938309333,0.14576206155321125,0.33977956221430955
mlp_V0-pinn,58.490969075812956,0.21202994485870608,0.15052670048378555,0.33750984837793063
mlp_V0-pinn,58.689997248702106,0.2024268496651224,0.15514508219350162,0.335224767291499
mlp_V0-pinn,58.889025421591256,0.20154637951765986,0.15865381217193408,0.3329240025278827
mlp_V0-pinn,59.08805359448041,0.20422431502676544,0.15697250638716445,0.3310369832927269
mlp_V0-pinn,59.28708176736956,0.20672252513946654,0.1552729963845917,0.3291949112752757
mlp_V0-pinn,59.486109940258714,0.20919090312899183,0.15355467772435474,0.32734247343038775
mlp_V0-pinn,59.685138113147865,0.21163049284970512,0.15181691175824744,0.32547949276953164
mlp_V0-pinn,59.884166286037015,0.21404227866404088,0.15005902285631653,0.3236057872095292
mlp_V0-pinn,60.083194458926165,0.22651692217967836,0.14970572735396295,0.3217211693648502
mlp_V0-pinn,60.28222263181532,0.24895744267974673,0.15234913638049,0.32245879973012226
mlp_V0-pinn,60.48125080470447,0.2453523464032195,0.1549474553169014,0.32325027356090685
mlp_V0-pinn,60.68027897759362,0.2402887905794353,0.15663492520967126,0.3240398142065433
mlp_V0-pinn,60.879307150482774,0.23025750235090472,0.15442546559018702,0.3503379189153902
mlp_V0-pinn,61.07833532337193,0.21843882570185616,0.1521839316421177,0.37495778799622237
mlp_V0-pinn,61.27736349626108,0.2254348283539217,0.14968779908364943,0.36452491463367814
mlp_V0-pinn,61.47639166915023,0.22375171754920437,0.14742500121334293,0.34881965348809096
mlp_V0-pinn,61.67541984203938,0.2220558496808308,0.14512692641615935,0.4347852019473753
mlp_V0-pinn,61.87444801492853,0.22034693020038312,0.14279187147470437,0.5063607340674118
mlp_V0-pinn,62.07347618781769,0.2186246530471559,0.14041799153775,0.5690028244026197
mlp_V0-pinn,62.27250436070684,0.21688870000819793,0.1380032830614649,0.6254016592167202
mlp_V0-pinn,62.47153253359599,0.21544793973220047,0.14744706480168274,0.6249434239402325
mlp_V0-pinn,62.67056070648514,0.21454350526943675,0.16107641557381577,0.5697341238483828
mlp_V0-pinn,62.8695888793743,0.2136352418767647,0.17363924207847065,0.5085662794842235
mlp_V0-pinn,63.06861705226345,0.21272310050906718,0.1853525320168643,0.43895597658486046
mlp_V0-pinn,63.2676452251526,0.21220879834142287,0.19622137705650067,0.355984603783242
mlp_V0-pinn,63.46667339804175,0.21333741595319308,0.19795985635004876,0.3233283099144604
mlp_V0-pinn,63.665701570930906,0.22670651047912882,0.18742615556323414,0.3335860695563066
mlp_V0-pinn,63.86472974382006,0.2523415683063197,0.1873907829616385,0.416852271530427
mlp_V0-pinn,64.0637579167092,0.2697368608850976,0.18338112796394707,0.48605757555883095
mlp_V0-pinn,64.26278608959836,0.2860763554455354,0.17322025756522488,0.5465694075194685
mlp_V0-pinn,64.46181426248751,0.30106177128148404,0.16242498936000097,0.6010193571876303
mlp_V0-pinn,64.66084243537667,0.2953561746186678,0.1508591949674588,0.6417012390213623
mlp_V0-pinn,64.85987060826582,0.2921837052898922,0.1478872136731644,0.6218113986454542
mlp_V0-pinn,65.05889878115497,0.29489770598471104,0.14636129488803573,0.601263961009873
mlp_V0-pinn,65.25792695404412,0.297586955952642,0.14481929883338368,0.5799890396663944
mlp_V0-pinn,65.45695512693327,0.29245171247192847,0.14326070636389887,0.5579034158857719
mlp_V0-pinn,65.65598329982242,0.2660224082396019,0.14168496977863806,0.5349066804414363
mlp_V0-pinn,65.85501147271158,0.23665975416921084,0.1400915105724252,0.5089262821735913
mlp_V0-pinn,66.05403964560072,0.2899450238700171,0.14991428147033736,0.4745541539630905
mlp_V0-pinn,66.25306781848988,0.2843820101842001,0.1598647243611282,0.4473786823811555
mlp_V0-pinn,66.45209599137903,0.28582922807505784,0.16923110943721678,0.5098764733529721
mlp_V0-pinn,66.65112416426818,0.30300734551350517,0.17810560549191934,0.5865442464671461
mlp_V0-pinn,66.85015233715734,0.2999739696540023,0.18655842252210209,0.6542891471272928
mlp_V0-pinn,67.04918051004648,0.26094668251214453,0.19390223471946139,0.7156496510398104
mlp_V0-pinn,67.24820868293564,0.2577776212473139,0.19213692716187097,0.6887233975221692
mlp_V0-pinn,67.4472368558248,0.25634242757307546,0.19035524928199676,0.628189616381133
mlp_V0-pinn,67.64626502871394,0.25489915325907087,0.18855673702951106,0.5611634966421782
mlp_V0-pinn,67.8452932016031,0.25344766025813914,0.18674090400665092,0.4849605610750953
mlp_V0-pinn,68.04432137449224,0.24561141394909802,0.18490723993188116,0.3942956018431757
mlp_V0-pinn,68.2433495473814,0.24005810687067838,0.18466082698514674,0.3114037664340231
mlp_V0-pinn,68.44237772027056,0.24033376433910514,0.1871936993547274,0.3119174733020019
mlp_V0-pinn,68.6414058931597,0.2398459193446384,0.18969275456215448,0.31243033551963956
mlp_V0-pinn,68.84043406604886,0.23520417984749326,0.1921593120008696,0.31294235723967445
mlp_V0-pinn,69.039462238938,0.23046897276898096,0.19068701598629426,0.3134535425809277
mlp_V0-pinn,69.23849041182716,0.22563441360006778,0.18474822735705987,0.31396389562869
mlp_V0-pinn,69.43751858471632,0.24233613709064855,0.17905226409774957,0.31467505143780017
mlp_V0-pinn,69.63654675760546,0.243566191285027,0.17564154456672573,0.3417912838677149
mlp_V0-pinn,69.83557493049462,0.24363404991138066,0.1721632686639048,0.4051641664425254
mlp_V0-pinn,70.03460310338377,0.24370188964254644,0.1686132556363663,0.45988555294789596
mlp_V0-pinn,70.23363127627292,0.2437697104942996,0.1649868748584246,0.5087547954086666
mlp_V0-pinn,70.43265944916207,0.2438375124823935,0.16127897499303562,0.5533246442120935
mlp_V0-pinn,70.63168762205122,0.24390529562255955,0.16336691544880996,0.5428734666577776
mlp_V0-pinn,70.83071579494037,0.24595465504441147,0.183815785354767,0.49736302667856513
mlp_V0-pinn,71.02974396782953,0.24832286463119588,0.18516409541261067,0.4637468352210551
mlp_V0-pinn,71.22877214071868,0.2506687013954294,0.18404697942183726,0.49016381827277083
mlp_V0-pinn,71.42780031360783,0.25299278768355976,0.18292304130052606,0.515228114828705
mlp_V0-pinn,71.62682848649698,0.24937164729558442,0.18179215451434028,0.5391284187242764
mlp_V0-pinn,71.82585665938613,0.2560230207992073,0.1804553626351043,0.5601233066360743
mlp_V0-pinn,72.02488483227529,0.24629426378023936,0.17854272830749263,0.5227709603964215
mlp_V0-pinn,72.22391300516443,0.23616507269905365,0.17660938185498326,0.48253583849354303
mlp_V0-pinn,72.42294117805359,0.225994502641097,0.17465463545785267,0.4386253456282863
mlp_V0-pinn,72.62196935094275,0.22548668430914112,0.17267776236282287,0.3897993743253067
mlp_V0-pinn,72.82099752383189,0.22497771973567463,0.1706779937260445,0.33390853631087425
mlp_V0-pinn,73.02002569672105,0.22728037214557406,0.17004190945427908,0.2938097205828203
mlp_V0-pinn,73.21905386961019,0.2394205722985422,0.1720139751437292,0.3688613085202147
mlp_V0-pinn,73.41808204249935,0.2509742084695013,0.17184937769888814,0.45219604286657605
mlp_V0-pinn,73.61711021538851,0.2577872782993156,0.1705846103699993,0.5224020075048865
mlp_V0-pinn,73.81613838827765,0.25232854142799116,0.16931039535325015,0.584231506944016
mlp_V0-pinn,74.01516656116681,0.24674907251170358,0.1680265177115304,0.6401164346952991
mlp_V0-pinn,74.21419473405597,0.24244608996679487,0.18117360963010856,0.6852315192838794
mlp_V0-pinn,74.41322290694511,0.2720048977958045,0.18311164815001454,0.634173627435512
mlp_V0-pinn,74.61225107983427,0.2680413310563691,0.18502938834149169,0.5786278116797817
mlp_V0-pinn,74.81127925272341,0.25815443448972963,0.18692745494399238,0.5171499774378366
mlp_V0-pinn,75.01030742561257,0.25195115369727766,0.18880644129279625,0.44730085387641744
mlp_V0-pinn,75.20933559850172,0.2542719079581734,0.1906669114856113,0.4159427489876976
mlp_V0-pinn,75.40836377139087,0.25560619780790017,0.19033245070318283,0.38820776668217444
mlp_V0-pinn,75.60739194428002,0.253869516420285,0.18822907739437916,0.35643306305735006
mlp_V0-pinn,75.80642011716917,0.25212087255347854,0.18186779535125214,0.3215334924522325
mlp_V0-pinn,76.00544829005833,0.2503600155511765,0.17508186690189992,0.32025096126027996
mlp_V0-pinn,76.20447646294748,0.23677479474111351,0.16802209750441832,0.33386246277037945
mlp_V0-pinn,76.40350463583663,0.22433237966723227,0.16065238990352457,0.3469403549690811
mlp_V0-pinn,76.60253280872578,0.22397175668817046,0.15886758375246443,0.35807759647552945
mlp_V0-pinn,76.80156098161494,0.22443340017023058,0.16054129524589247,0.36345123364262677
mlp_V0-pinn,77.00058915450408,0.22489409603179153,0.16219773670156837,0.36874657066202277
mlp_V0-pinn,77.19961732739324,0.2253538500845781,0.16383743193481096,0.3739669337169495
mlp_V0-pinn,77.39864550028238,0.22581266808115152,0.16546087880485918,0.3791154199611409
mlp_V0-pinn,77.59767367317154,0.22627055571574958,0.16668170333216198,0.38419491900722397
mlp_V0-pinn,77.7967018460607,0.22530950746343278,0.1778541001372681,0.38362809379935897
mlp_V0-pinn,77.99573001894984,0.24684045582229733,0.17690748936156794,0.36869786549973393
mlp_V0-pinn,78.194758191839,0.2460475120434795,0.17595578606226378,0.35313696733135885
mlp_V0-pinn,78.39378636472814,0.24489904869647902,0.17499890715477345,0.33685801069281307
mlp_V0-pinn,78.5928145376173,0.24374517415139643,0.17403676727042733,0.3645159358528021
mlp_V0-pinn,78.79184271050646,0.24255382650971008,0.17286963993822554,0.39380324452101795
mlp_V0-pinn,78.9908708833956,0.2412898514057502,0.17125223241731546,0.43655299960491384
mlp_V0-pinn,79.18989905628476,0.24001922012271323,0.16961940279182888,0.4785423095303316
mlp_V0-pinn,79.38892722917392,0.23874182638411293,0.1679707013112678,0.5171334088581007
mlp_V0-pinn,79.58795540206306,0.2374575610548723,0.1663056559307038,0.5530381389233229
mlp_V0-pinn,79.78698357495222,0.23616631203250574,0.16462377073218826,0.5867498646359864
mlp_V0-pinn,79.98601174784136,0.23520694363238398,0.16332281096627843,0.6186272093894039
mlp_V0-pinn,80.18503992073052,0.2487403680764418,0.1625951043718245,0.5808290449053416
mlp_V0-pinn,80.38406809361967,0.2999635370706074,0.1618641261967651,0.5314566405829654
mlp_V0-pinn,80.58309626650882,0.3003634883691006,0.16112983191575697,0.47700098766545024
mlp_V0-pinn,80.78212443939798,0.3007629078171043,0.16039217598423525,0.4363718585704813
mlp_V0-pinn,80.98115261228712,0.3011617975307379,0.1596511118054481,0.4829802705074037
mlp_V0-pinn,81.18018078517628,0.2505619413958524,0.15817985092916548,0.5254707265362711
mlp_V0-pinn,81.37920895806543,0.2503589389275357,0.15598305565498977,0.5193737100353992
mlp_V0-pinn,81.57823713095458,0.2523506984088015,0.15375487655018394,0.4778064819223589
mlp_V0-pinn,81.77726530384373,0.25432685991435955,0.15149392883695675,0.4322603586475459
mlp_V0-pinn,81.97629347673289,0.25628778425899795,0.14919872280268198,0.3813122095464405
mlp_V0-pinn,82.17532164962203,0.2453284068336565,0.14686765231815413,0.33819455090150813
mlp_V0-pinn,82.37434982251119,0.23943198887453473,0.14543869839379742,0.306285684750264
mlp_V0-pinn,82.57337799540034,0.24153207977300703,0.144617327486227,0.2920436086236392
mlp_V0-pinn,82.77240616828949,0.2565306178151075,0.1437912647834884,0.2975537375007041
mlp_V0-pinn,82.97143434117865,0.2548199371209106,0.14296042895435054,0.3097635740285937
mlp_V0-pinn,83.1704625140678,0.2530976942447501,0.14212473629030437,0.3387644239183235
mlp_V0-pinn,83.36949068695695,0.2564714717184117,0.14128410060712848,0.36547120000139616
mlp_V0-pinn,83.56851885984611,0.2573357459821593,0.16208894745650823,0.38606479523303083
mlp_V0-pinn,83.76754703273525,0.2560891755309825,0.18794030568364695,0.3606352051023866
mlp_V0-pinn,83.96657520562441,0.2627902446898741,0.21064256481862179,0.3407162239450905
mlp_V0-pinn,84.16560337851355,0.2693246360513446,0.2311255540312911,0.3542369623304321
mlp_V0-pinn,84.36463155140271,0.2703570348298578,0.2343629317853679,0.3672602697036308
mlp_V0-pinn,84.56365972429187,0.26861388114380363,0.2304724435810245,0.3798373150764354
mlp_V0-pinn,84.76268789718101,0.27488897051154293,0.19568835822823286,0.36726320424836767
mlp_V0-pinn,84.96171607007017,0.2668086404769857,0.19845686341919738,0.34744197676517985
mlp_V0-pinn,85.16074424295931,0.25847583089615794,0.20118727526936359,0.38125220279957434
mlp_V0-pinn,85.35977241584847,0.24986528306617695,0.20388112424262197,0.42402055608292494
mlp_V0-pinn,85.55880058873763,0.24094722286430745,0.19500630295657195,0.46285378017492523
mlp_V0-pinn,85.75782876162677,0.2316861427239533,0.1751290913354699,0.49867204820759775
mlp_V0-pinn,85.95685693451593,0.22996342205130146,0.21051725833761079,0.5320845811568926
mlp_V0-pinn,86.15588510740508,0.2578209953974911,0.2079241427061626,0.5095070815819874
mlp_V0-pinn,86.35491328029423,0.28757549511953073,0.20529827613061213,0.4762641301778502
mlp_V0-pinn,86.55394145318338,0.3058337023721957,0.2026383854167551,0.4405196672180848
mlp_V0-pinn,86.75296962607253,0.3040370478936813,0.19994311267562528,0.4414157854919461
mlp_V0-pinn,86.95199779896168,0.3122806516404982,0.19721100721949095,0.47396593522840186
mlp_V0-pinn,87.15102597185084,0.30943132314220884,0.19712021554036852,0.5044199835775695
mlp_V0-pinn,87.35005414473999,0.3059851694054371,0.2026309831049585,0.4965317282703474
mlp_V0-pinn,87.54908231762914,0.2945175126419829,0.2079957962399307,0.4863725808659858
mlp_V0-pinn,87.74811049051829,0.2777618941344619,0.21322567198366008,0.4759966571913529
mlp_V0-pinn,87.94713866340744,0.26756017178520725,0.21833030740665435,0.4653894582996526
mlp_V0-pinn,88.1461668362966,0.2569537336142349,0.20412446443968743,0.45453479309679456
mlp_V0-pinn,88.34519500918574,0.24589333564995472,0.2014104581456315,0.44312999853350404
mlp_V0-pinn,88.5442231820749,0.24369138647952923,0.1986593776243071,0.4226885533346221
mlp_V0-pinn,88.74325135496406,0.24146935865978786,0.195869660707627,0.40920614045812204
mlp_V0-pinn,88.9422795278532,0.23922669269716398,0.1930396323384524,0.412793462528905
mlp_V0-pinn,89.14130770074236,0.23696280262116523,0.19016749280833659,0.4163498769359406
mlp_V0-pinn,89.3403358736315,0.2346770741962908,0.18752953727771243,0.4198761690576676
mlp_V0-pinn,89.53936404652066,0.23237040446360796,0.18595827556273095,0.42290352640969486
mlp_V0-pinn,89.73839221940982,0.23006168225534177,0.18437362378858924,0.41607182735659654
mlp_V0-pinn,89.93742039229896,0.22772955542426848,0.18277523368226867,0.40912606662245304
mlp_V0-pinn,90.13644856518812,0.22537329740967993,0.18116274160621318,0.40206033286070625
mlp_V0-pinn,90.33547673807726,0.22299214326269254,0.1795357675922858,0.3948681857660406
mlp_V0-pinn,90.53450491096642,0.24230102930929806,0.18377583476977252,0.3887981619287355
mlp_V0-pinn,90.73353308385558,0.255243248493692,0.1942890612589457,0.38084419335452846
mlp_V0-pinn,90.93256125674472,0.2736650671160584,0.19298709550954488,0.4021191763823931
mlp_V0-pinn,91.13158942963388,0.29092270797870284,0.19167628633072478,0.45988083679681185
mlp_V0-pinn,91.33061760252303,0.293379284651285,0.1903564510329655,0.5111564692845212
mlp_V0-pinn,91.52964577541218,0.264193590286242,0.18902740054868664,0.5577378310011756
mlp_V0-pinn,91.72867394830133,0.25984386976674057,0.18768893911608486,0.5678113106967462
mlp_V0-pinn,91.92770212119048,0.24806024721682668,0.18666051519034407,0.5277812927398801
mlp_V0-pinn,92.12673029407964,0.23750268988400786,0.1858287532776414,0.4844548496786857
mlp_V0-pinn,92.3257584669688,0.2361275338013465,0.18499325165616276,0.4368522745599673
mlp_V0-pinn,92.52478663985794,0.23474432205289417,0.18415395942503718,0.38338403487787437
mlp_V0-pinn,92.7238148127471,0.23335291138753705,0.18331082451812844,0.3812829297967434
mlp_V0-pinn,92.92284298563625,0.23368701606191752,0.18246379366634338,0.3822953245519426
mlp_V0-pinn,93.1218711585254,0.2370805879561422,0.18565824517944665,0.38296423893755616
mlp_V0-pinn,93.32089933141455,0.24042626498645564,0.19056195201946138,0.382658037935599
mlp_V0-pinn,93.5199275043037,0.2437260195486821,0.1953425993269859,0.3823515917168686
mlp_V0-pinn,93.71895567719285,0.24698169226635375,0.20000901146243216,0.3820448996912846
mlp_V0-pinn,93.91798385008201,0.2501950039958016,0.2032231306746769,0.3817379612663959
mlp_V0-pinn,94.11701202297115,0.24626736803509774,0.20361872691653188,0.38143077584736795
mlp_V0-pinn,94.31604019586031,0.24825255142107286,0.20199141275696655,0.3812852732062977
mlp_V0-pinn,94.51506836874945,0.246850814390532,0.20029715920751137,0.3814546242222971
mlp_V0-pinn,94.71409654163861,0.24473177222267706,0.19858845169254694,0.38162390008638963
mlp_V0-pinn,94.91312471452777,0.24259422108788103,0.19220547122514478,0.38179310089853574
mlp_V0-pinn,95.11215288741691,0.24043766733858318,0.18553476242145203,0.38196222675847447
mlp_V0-pinn,95.31118106030607,0.2406926653261733,0.18781034667553828,0.3821312777657242
mlp_V0-pinn,95.51020923319523,0.3026019105310041,0.19337946294410555,0.38938659240579565
mlp_V0-pinn,95.70923740608437,0.30554970636872697,0.1987926232502488,0.4060777137668988
mlp_V0-pinn,95.90826557897353,0.2895583588181342,0.20406223910581836,0.43978858777896446
mlp_V0-pinn,96.10729375186267,0.2726306352207839,0.2091991582178209,0.4943046072842283
mlp_V0-pinn,96.30632192475183,0.25457981726822776,0.21421292717576518,0.54337840187499
mlp_V0-pinn,96.50535009764099,0.27124111248754845,0.21253373181515225,0.5774349458182646
mlp_V0-pinn,96.70437827053013,0.29852958128965545,0.2094852644227111,0.5370961394105668
mlp_V0-pinn,96.90340644341929,0.32352446693638515,0.2063917751782547,0.493470778554642
mlp_V0-pinn,97.10243461630843,0.34672215174108256,0.2032512083905268,0.44559460903933445
mlp_V0-pinn,97.30146278919759,0.3252849214872822,0.20006134699933262,0.3951858980994489
mlp_V0-pinn,97.50049096208674,0.2912027345465909,0.196819794264107,0.38931383183945195
mlp_V0-pinn,97.69951913497589,0.27002707653159785,0.19372220384248087,0.38335182961134606
mlp_V0-pinn,97.89854730786504,0.2723102872853455,0.19446889527304823,0.3796876431006989
mlp_V0-pinn,98.0975754807542,0.2805696421878573,0.19335551527966172,0.3779108572401593
mlp_V0-pinn,98.29660365364334,0.2946868612098173,0.19223568698191087,0.3761256780872858
mlp_V0-pinn,98.4956318265325,0.29620220375516193,0.19110929702594515,0.3743319855599424
mlp_V0-pinn,98.69465999942165,0.2975549704870297,0.19022413442919028,0.37252965668504484
mlp_V0-pinn,98.8936881723108,0.29368012240861396,0.19596450084647574,0.39228237510226005
mlp_V0-pinn,99.09271634519996,0.2897534609531694,0.20154143461006258,0.3856017625484751
mlp_V0-pinn,99.2917445180891,0.2857728503037708,0.20696814763957208,0.37389098853100566
mlp_V0-pinn,99.49077269097826,0.2783710798432953,0.2081477287932845,0.3762137053268948
mlp_V0-pinn,99.68980086386742,0.2703649979960556,0.2065672334361518,0.3785221695579938
mlp_V0-pinn,99.88882903675656,0.2737237116258443,0.20497455173052234,0.3808166404163419
mlp_V0-pinn,100.08785720964572,0.2713027971756967,0.20709179235617667,0.38309736933198646
mlp_V0-pinn,100.28688538253486,0.26886008481082907,0.2129470092405205,0.3812305664479948
mlp_V0-pinn,100.48591355542402,0.26639497490308456,0.20871008750054806,0.3775968698429922
mlp_V0-pinn,100.68494172831318,0.26390683981803864,0.20438535295977187,0.37392786394730226
mlp_V0-pinn,100.88396990120232,0.2765167421970398,0.19996710825656994,0.3702224989883232
mlp_V0-pinn,101.08299807409148,0.28344204360925535,0.19818254169937727,0.36647967212128646
mlp_V0-pinn,101.28202624698062,0.28028556444756236,0.20448341544624135,0.3626982235951706
mlp_V0-pinn,101.48105441986978,0.27679097876513814,0.21059585596752622,0.3606172758129758
mlp_V0-pinn,101.68008259275894,0.2732517048690413,0.21653582130638332,0.35900079036106797
mlp_V0-pinn,101.87911076564808,0.26966598321240354,0.22231713669207936,0.35737699330674766
mlp_V0-pinn,102.07813893853724,0.26603193565808375,0.22795187348451343,0.3557457845288835
mlp_V0-pinn,102.2771671114264,0.26242229354744273,0.2352049907541414,0.35410706160026006
mlp_V0-pinn,102.47619528431554,0.26605176585251417,0.22652308866903023,0.3524607197125236
mlp_V0-pinn,102.6752234572047,0.2870161511768034,0.23015905355249563,0.3509673466387993
mlp_V0-pinn,102.87425163009384,0.2791819382859227,0.23373846530728243,0.34949547453197377
mlp_V0-pinn,103.073279802983,0.29189980940235205,0.23726388346359606,0.3480173774827628
mlp_V0-pinn,103.27230797587215,0.30408624236090354,0.2407376801172806,0.3465329758358216
mlp_V0-pinn,103.4713361487613,0.3046797756501404,0.2360052928781544,0.3637905232807615
mlp_V0-pinn,103.67036432165045,0.29125944810785276,0.23066775620328622,0.358809508528555
mlp_V0-pinn,103.8693924945396,0.2771901270499414,0.22867137562766654,0.34403068440301093
mlp_V0-pinn,104.06842066742875,0.2668901383835438,0.22665741177168675,0.3422254870257769
mlp_V0-pinn,104.26744884031791,0.2643212528646654,0.22462539168720566,0.3415930371708732
mlp_V0-pinn,104.46647701320705,0.2617271546200465,0.22257482083609822,0.3409594141788916
mlp_V0-pinn,104.66550518609621,0.2594379361938204,0.22050518168472102,0.3403246114973237
mlp_V0-pinn,104.86453335898537,0.25567951883866896,0.22093820691096497,0.3396893426154271
mlp_V0-pinn,105.06356153187451,0.2517943983407903,0.2179529079296996,0.3454861835500507
mlp_V0-pinn,105.26258970476367,0.24784838453786173,0.21492614749488193,0.3511873525078286
mlp_V0-pinn,105.46161787765281,0.24383852115745597,0.2118561485512551,0.35679743566754535
mlp_V0-pinn,105.66064605054197,0.23976160468782792,0.20874100335332085,0.3623206641035186
mlp_V0-pinn,105.85967422343113,0.23653269655161624,0.2055786595999953,0.3677609511270784
mlp_V0-pinn,106.05870239632027,0.2350225866936482,0.20361996620846007,0.37239116697325964
mlp_V0-pinn,106.25773056920943,0.23422330587056572,0.2024841398567637,0.36855719255465785
mlp_V0-pinn,106.45675874209857,0.23342128816733881,0.201341906090939,0.36468291312842777
mlp_V0-pinn,106.65578691498773,0.23261650527523417,0.20019315523546632,0.3607670301897076
mlp_V0-pinn,106.85481508787689,0.23180892839411138,0.19903777444980272,0.35680817397583037
mlp_V0-pinn,107.05384326076603,0.23539045270623923,0.19787564759901505,0.352804897868541
mlp_V0-pinn,107.25287143365519,0.240728684296054,0.19766039230005047,0.34894493205466137
mlp_V0-pinn,107.45189960654434,0.254549183085991,0.19789517552230376,0.3585974963793297
mlp_V0-pinn,107.65092777943349,0.26304688700260687,0.19812968052716623,0.3961991843962701
mlp_V0-pinn,107.84995595232265,0.2611715221981555,0.1983639083013604,0.4305292359678003
mlp_V0-pinn,108.04898412521179,0.2592825934243198,0.19859785982578979,0.46231704741417895
mlp_V0-pinn,108.24801229810095,0.2574165262140226,0.19883153607558737,0.49205556763084435
mlp_V0-pinn,108.4470404709901,0.25589667208092903,0.19794089676483712,0.49964992055501883
mlp_V0-pinn,108.64606864387925,0.2543677369402309,0.19667560701552506,0.4753140488352335
mlp_V0-pinn,108.8450968167684,0.2528295560453612,0.19540212429188825,0.44966303709516436
mlp_V0-pinn,109.04412498965756,0.24968393058511287,0.19412028734946754,0.42245739292756085
mlp_V0-pinn,109.2431531625467,0.2406624311228979,0.19282992958432876,0.39337469510462625
mlp_V0-pinn,109.44218133543586,0.23193773242946863,0.19153087878030134,0.36196277800094595
mlp_V0-pinn,109.641209508325,0.2429891239832854,0.19058980370543385,0.362511915579186
mlp_V0-pinn,109.84023768121416,0.24565750260877794,0.1897128211572548,0.39087412697836366
mlp_V0-pinn,110.03926585410332,0.24517576288219306,0.18883176572391966,0.41731316459621187
mlp_V0-pinn,110.23829402699246,0.24306882739616792,0.18794658012685955,0.4421741416563282
mlp_V0-pinn,110.43732219988162,0.24176409572893826,0.18705720573223258,0.46570985146732474
mlp_V0-pinn,110.63635037277076,0.24085422027032122,0.18616358250560056,0.4881120362764303
mlp_V0-pinn,110.83537854565992,0.23973493842639995,0.18677725489809463,0.49515905634599033
mlp_V0-pinn,111.03440671854908,0.23861040627473717,0.18751822937870596,0.4777365602392446
mlp_V0-pinn,111.23343489143822,0.2374831825539047,0.1882562874152737,0.45965416445084056
mlp_V0-pinn,111.43246306432738,0.23645413922122924,0.1889914631760898,0.44083067135213505
mlp_V0-pinn,111.63149123721654,0.23542059789613504,0.18972379016743388,0.42116672555242046
mlp_V0-pinn,111.83051941010568,0.2340696778773839,0.1904199240625595,0.4005385632124862
mlp_V0-pinn,112.02954758299484,0.232941489487375,0.18882398969752784,0.38838162334544507
mlp_V0-pinn,112.22857575588398,0.23173272057368435,0.1872144510730764,0.3879189515200756
mlp_V0-pinn,112.42760392877314,0.23044404012097805,0.18559095424048688,0.3874557272056077
mlp_V0-pinn,112.6266321016623,0.22914811251694095,0.18395312963142454,0.3869919484180748
mlp_V0-pinn,112.82566027455144,0.2278448141013404,0.18230059107555546,0.3865276131616078
mlp_V0-pinn,113.0246884474406,0.22695055539284648,0.18177556582073254,0.3860627194283347
mlp_V0-pinn,113.22371662032974,0.2253331399618111,0.1911733748339487,0.3840245399064246
mlp_V0-pinn,113.4227447932189,0.22617958988544148,0.20013036291716377,0.38053791525728936
mlp_V0-pinn,113.62177296610805,0.22577404996240355,0.20870329436142096,0.37701904812142684
mlp_V0-pinn,113.8208011389972,0.22536778028836615,0.20843674265837922,0.3734670271180707
mlp_V0-pinn,114.01982931188635,0.2249607769096308,0.21178607191602852,0.36988089710396316
mlp_V0-pinn,114.21885748477551,0.23615969490203934,0.21131695612565118,0.3662596561736706
mlp_V0-pinn,114.41788565766466,0.2449422863090396,0.2108176367114816,0.36429833680001855
mlp_V0-pinn,114.61691383055381,0.24593034763828997,0.21030128127932193,0.36349504862384985
mlp_V0-pinn,114.81594200344296,0.24691445513918533,0.20978365490865764,0.36268998132406444
mlp_V0-pinn,115.01497017633211,0.24789465590018556,0.20492928264666527,0.3618831230268212
mlp_V0-pinn,115.21399834922127,0.24887099608243232,0.19820278153118673,0.36107446172561214
mlp_V0-pinn,115.41302652211041,0.24355261132925707,0.19341756440631822,0.360263985279178
mlp_V0-pinn,115.61205469499957,0.2484760863115937,0.19414638741149468,0.3591071227912471
mlp_V0-pinn,115.81108286788873,0.2594126027968463,0.19487248463802195,0.3577795045051971
mlp_V0-pinn,116.01011104077787,0.25912184319922554,0.19559588644206707,0.35644694142124556
mlp_V0-pinn,116.20913921366703,0.25883075697469515,0.1963166226205003,0.373201928292618
mlp_V0-pinn,116.40816738655617,0.2591764909248137,0.19703472242521577,0.40635713014399183
mlp_V0-pinn,116.60719555944533,0.2599245430606168,0.19716225806519383,0.437004067665732
mlp_V0-pinn,116.80622373233449,0.2927365924380693,0.19622593205269176,0.42079553852214224
mlp_V0-pinn,117.00525190522363,0.3109251573058263,0.19528511672559468,0.3910407888094445
mlp_V0-pinn,117.20428007811279,0.3063581206508799,0.19433974688444627,0.35882713356891466
mlp_V0-pinn,117.40330825100193,0.29467674524499937,0.19338975573616143,0.38340544189556924
mlp_V0-pinn,117.60233642389109,0.28362816914126804,0.19243507483895364,0.40603984245838837
mlp_V0-pinn,117.80136459678025,0.25859899024636684,0.1920986917304749,0.38821867875906246
mlp_V0-pinn,118.00039276966939,0.25593373462154506,0.19245996881462749,0.36953907968066435
mlp_V0-pinn,118.19942094255855,0.2597999609190447,0.19252914170273383,0.3498635738184695
mlp_V0-pinn,118.3984491154477,0.25072714442297894,0.19132077645286183,0.34829099466377944
mlp_V0-pinn,118.59747728833685,0.2477660041248677,0.19010473060989444,0.3482707967526329
mlp_V0-pinn,118.796505461226,0.24566408360604236,0.18910298123570024,0.3482505976700437
mlp_V0-pinn,118.99553363411515,0.24369199892565985,0.18946780405783886,0.35237479594915155
mlp_V0-pinn,119.1945618070043,0.26342839178570265,0.18983192575741745,0.34744645471250046
mlp_V0-pinn,119.39358997989346,0.2696168983338822,0.19019535036125276,0.34656711899749143
mlp_V0-pinn,119.5926181527826,0.26404977814052627,0.19055808185776252,0.34568554648431166
mlp_V0-pinn,119.79164632567176,0.258362727197518,0.19092012419747625,0.3603718407481184
mlp_V0-pinn,119.9906744985609,0.25310538766412743,0.1947348231112518,0.38733144154068033
mlp_V0-pinn,120.18970267145006,0.24964318738635774,0.20848876155428653,0.37973106958224845
mlp_V0-pinn,120.38873084433922,0.2461322911611397,0.21253915336455698,0.3555600230068221
mlp_V0-pinn,120.58775901722836,0.2425705845646666,0.2134529213169684,0.34151930811529896
mlp_V0-pinn,120.78678719011752,0.24516382437310894,0.21436279417047438,0.34076481034292994
mlp_V0-pinn,120.98581536300668,0.25316415096110556,0.21526882131511388,0.34000863830284306
mlp_V0-pinn,121.18484353589582,0.25087369643308005,0.21634428804400913,0.33925078079947596
mlp_V0-pinn,121.38387170878498,0.268696580629516,0.21876996482298197,0.33851689250357037
mlp_V0-pinn,121.58289988167412,0.2760590442655496,0.2211690395331776,0.338438316791638
mlp_V0-pinn,121.78192805456328,0.2813806537651404,0.21875232003243747,0.3383597228324323
mlp_V0-pinn,121.98095622745244,0.2866034694587401,0.2156381863994684,0.338281110613235
mlp_V0-pinn,122.17998440034158,0.29029589228418307,0.21247841619263336,0.3453368136260797
mlp_V0-pinn,122.37901257323074,0.29045628117668065,0.20927094222994233,0.33812383134391805
mlp_V0-pinn,122.57804074611988,0.2926535550378163,0.21045095605316655,0.33814272710613297
mlp_V0-pinn,122.77706891900904,0.2914190096586666,0.21216396884913785,0.3388905607669767
mlp_V0-pinn,122.9760970918982,0.29017921204766517,0.21386326110845694,0.33963674780438463
mlp_V0-pinn,123.17512526478734,0.28893409459385316,0.21554915733092087,0.34038129904758624
mlp_V0-pinn,123.3741534376765,0.28768358822313017,0.217221969423436,0.3411242252076296
mlp_V0-pinn,123.57318161056565,0.2921812987753386,0.21892781578173823,0.34186553687917826
mlp_V0-pinn,123.7722097834548,0.304211432530777,0.23419981178593496,0.3444314241009283
mlp_V0-pinn,123.97123795634396,0.3089214571623006,0.239378852953739,0.35487653481361586
mlp_V0-pinn,124.1702661292331,0.30968501026076484,0.2444481921437098,0.36502288149435924
mlp_V0-pinn,124.36929430212226,0.31111752757106265,0.24941451850926502,0.37489472264566626
mlp_V0-pinn,124.56832247501141,0.312543479125148,0.25428386784082263,0.38451320149079016
mlp_V0-pinn,124.76735064790056,0.31396295438375,0.25551036777479086,0.3938968788576808
mlp_V0-pinn,124.96637882078971,0.30935508681405655,0.2435077053019175,0.39821717262825335
mlp_V0-pinn,125.16540699367887,0.2931438884131139,0.24981831303423516,0.3888965899931479
mlp_V0-pinn,125.36443516656801,0.30534969736857914,0.2559733902442527,0.3793470691076412
mlp_V0-pinn,125.56346333945717,0.303255476218279,0.24768305058971618,0.372269976431575
mlp_V0-pinn,125.76249151234632,0.2860215952809934,0.23797404909494782,0.3692248854992484
mlp_V0-pinn,125.96151968523547,0.27381453028805286,0.23151653552105833,0.35564386345239407
mlp_V0-pinn,126.16054785812463,0.2794331256128907,0.22864312784388266,0.3443544862685988
mlp_V0-pinn,126.35957603101377,0.28543693637495215,0.2257331468809904,0.35119739788051957
mlp_V0-pinn,126.55860420390293,0.2826738471831837,0.2227851594953205,0.357909503007095
mlp_V0-pinn,126.75763237679207,0.27900492582232866,0.2197976364338709,0.3644980279885244
mlp_V0-pinn,126.95666054968123,0.2847921959141304,0.21676894305337358,0.37096955733895587
mlp_V0-pinn,127.15568872257039,0.28135844054322134,0.225926601553354,0.37733011082737433
mlp_V0-pinn,127.35471689545953,0.27788225793712434,0.23594309615828885,0.3807187464325145
mlp_V0-pinn,127.55374506834869,0.27299591147671876,0.2407769964161971,0.3800094139762571
mlp_V0-pinn,127.75277324123785,0.2630453655783894,0.23839383339710404,0.3792987549887442
mlp_V0-pinn,127.95180141412699,0.26371971983660014,0.23598660470528215,0.3785867619997357
mlp_V0-pinn,128.15082958701615,0.2644545434954297,0.2335545662128829,0.3778734274686136
mlp_V0-pinn,128.3498577599053,0.2623691414171765,0.23303283349981077,0.37715874378345077
mlp_V0-pinn,128.54888593279446,0.2559722953528389,0.23219637587983305,0.3756315734953028
mlp_V0-pinn,128.7479141056836,0.25814780253414255,0.22964892764286735,0.3732150844555673
mlp_V0-pinn,128.94694227857275,0.2560110324689483,0.22707290230960878,0.3707828468575581
mlp_V0-pinn,129.1459704514619,0.2538562773272056,0.22446731601527056,0.36833454872223775
mlp_V0-pinn,129.34499862435106,0.25232758220645063,0.2212873483289285,0.36586986763196755
mlp_V0-pinn,129.5440267972402,0.24872559049467743,0.22013008105920107,0.3633884702348887
mlp_V0-pinn,129.74305497012935,0.24982916009279343,0.21916421910584272,0.3612585630207888
mlp_V0-pinn,129.94208314301852,0.24857053219947306,0.2181940816920046,0.35940531156756883
mlp_V0-pinn,130.14111131590766,0.24730549877264765,0.21721961153303027,0.357542454276576
mlp_V0-pinn,130.3401394887968,0.24603396100629438,0.21624075005350862,0.3556698402131584
mlp_V0-pinn,130.53916766168598,0.24484306918079862,0.21525743734618633,0.35378731444808703
mlp_V0-pinn,130.73819583457512,0.24606910990610634,0.21716823493890658,0.3518947179079644
mlp_V0-pinn,130.93722400746427,0.24571697588329713,0.21637067393791334,0.3521119054675426
mlp_V0-pinn,131.13625218035344,0.2516605796443614,0.21557016216121713,0.35357922422026783
mlp_V0-pinn,131.33528035324258,0.26407978240126045,0.2147666666130481,0.35504047885900136
mlp_V0-pinn,131.53430852613172,0.274522693532426,0.2139601536780782,0.35649574395306827
mlp_V0-pinn,131.73333669902087,0.27405662058414215,0.21292498908339666,0.35794509255593127
mlp_V0-pinn,131.93236487191004,0.2735897536599325,0.21143617822284821,0.3593885962479847
mlp_V0-pinn,132.13139304479918,0.26891239300810915,0.20993680941369847,0.35928003798900227
mlp_V0-pinn,132.33042121768833,0.25648224491495614,0.20842665480241024,0.36410314803839366
mlp_V0-pinn,132.5294493905775,0.2462280973552546,0.20690547821998942,0.38275305659838355
mlp_V0-pinn,132.72847756346664,0.24771779917123454,0.20537303475082128,0.4005355193479604
mlp_V0-pinn,132.92750573635578,0.25964653996665193,0.20422891491029885,0.4102341680325901
mlp_V0-pinn,133.12653390924496,0.25902800310389595,0.20357475125804148,0.3921167497193021
mlp_V0-pinn,133.3255620821341,0.2799332291770762,0.20291847873988428,0.37312064831562236
mlp_V0-pinn,133.52459025502324,0.29938222927057473,0.2022600768279402,0.3531040795410198
mlp_V0-pinn,133.7236184279124,0.305788206534629,0.20159952465911135,0.3503241663405742
mlp_V0-pinn,133.92264660080156,0.3092077563169943,0.20093680102737543,0.34848899085641377
mlp_V0-pinn,134.1216747736907,0.3013648317363503,0.20132476535445445,0.35132753723492993
mlp_V0-pinn,134.32070294657984,0.2994186006425647,0.20255623454076183,0.35084578082754736
mlp_V0-pinn,134.51973111946901,0.2953773560319444,0.20378026194319743,0.34675448994986124
mlp_V0-pinn,134.71875929235816,0.29209723598708603,0.2049969808654365,0.34934471657993704
mlp_V0-pinn,134.9177874652473,0.29210470806464883,0.20620652067829986,0.3519158787327515
mlp_V0-pinn,135.11681563813647,0.2796302612327468,0.20740900698030487,0.3544683912652481
mlp_V0-pinn,135.31584381102562,0.2623677620038386,0.20708313038281767,0.3570026542031602
mlp_V0-pinn,135.51487198391476,0.25968340911290316,0.20597867614196774,0.3595190534728712
mlp_V0-pinn,135.71390015680393,0.2571101500392255,0.2048682678241023,0.36422519811884285
mlp_V0-pinn,135.91292832969307,0.2545108750876607,0.203751808083508,0.36905322592937784
mlp_V0-pinn,136.11195650258222,0.25747241032522333,0.20262919689262265,0.3738189029370379
mlp_V0-pinn,136.3109846754714,0.2588295224759654,0.20150033143744386,0.3785245841649142
mlp_V0-pinn,136.51001284836053,0.25342149421051885,0.20093905573834922,0.38317248001571214
mlp_V0-pinn,136.70904102124967,0.24789551377676802,0.20054944275750222,0.38774072915370633
mlp_V0-pinn,136.90806919413882,0.24865753258591966,0.20015907138990705,0.3845787612425683
mlp_V0-pinn,137.107097367028,0.2495763104635929,0.1997679371896179,0.3813905795285044
mlp_V0-pinn,137.30612553991713,0.25049171838111073,0.19937603566707904,0.3781755210313181
mlp_V0-pinn,137.50515371280628,0.25111011096131625,0.19898336228852304,0.37493289434448046
mlp_V0-pinn,137.70418188569545,0.253143012688257,0.1986789120435932,0.3716619778989364
mlp_V0-pinn,137.9032100585846,0.2599817931262593,0.1983860102151517,0.36843876590043934
mlp_V0-pinn,138.10223823147373,0.26664523367463955,0.19809267529958474,0.3661893112672845
mlp_V0-pinn,138.3012664043629,0.2735019065529898,0.1977989053700933,0.36392595284559925
mlp_V0-pinn,138.50029457725205,0.2845352196593483,0.19750469848554886,0.3715465747283554
mlp_V0-pinn,138.6993227501412,0.2951563815421696,0.19721005269034333,0.37023393288322837
mlp_V0-pinn,138.89835092303036,0.3024250626097937,0.19621255839254906,0.3570498026313491
mlp_V0-pinn,139.0973790959195,0.3107601162199579,0.19519844596838393,0.35566669633837195
mlp_V0-pinn,139.29640726880865,0.30337905663090703,0.19417903734954173,0.3594602421824021
mlp_V0-pinn,139.4954354416978,0.29475968944921493,0.19315424868098902,0.36321416896290076
mlp_V0-pinn,139.69446361458697,0.28290957809529116,0.19212399387124954,0.36692969266739706
mlp_V0-pinn,139.8934917874761,0.27363020269013005,0.19111050161462492,0.37060796832579024
mlp_V0-pinn,140.09251996036525,0.2672387361330922,0.19029607233012177,0.3753665618197894
mlp_V0-pinn,140.29154813325442,0.2595653782938198,0.18947814243639893,0.3768293858252465
mlp_V0-pinn,140.49057630614357,0.2578924344446322,0.18865666640229195,0.3757775680580577
mlp_V0-pinn,140.6896044790327,0.2643817254670097,0.1878315977009807,0.374722797931783
mlp_V0-pinn,140.88863265192188,0.2764379558133472,0.18700288877923893,0.3736650504449398
mlp_V0-pinn,141.08766082481102,0.2695913650324218,0.18781936579181108,0.37260430024117425
mlp_V0-pinn,141.28668899770017,0.2669423277352911,0.19485705496422848,0.3715405216021676
mlp_V0-pinn,141.48571717058934,0.26536045659976454,0.20164927367145905,0.37274071126916697
mlp_V0-pinn,141.68474534347848,0.2637690988666708,0.20822004532494276,0.3791149955021806
mlp_V0-pinn,141.88377351636763,0.26216808178539897,0.21458971312254335,0.38538386291046534
mlp_V0-pinn,142.08280168925677,0.2605572272978351,0.22077568407981366,0.39155237678881
mlp_V0-pinn,142.28182986214594,0.2589363518072263,0.22297707256185284,0.39762520763420023
mlp_V0-pinn,142.48085803503508,0.25805562102731777,0.21669500704641131,0.40360667452770743
mlp_V0-pinn,142.67988620792423,0.25726950110273766,0.2102253012114258,0.40871185821500783
mlp_V0-pinn,142.8789143808134,0.2564809717142938,0.2035500637681668,0.4124195547439391
mlp_V0-pinn,143.07794255370254,0.25569001057015356,0.1966483654918475,0.41609421436113825
mlp_V0-pinn,143.27697072659168,0.25489659503261736,0.1894954639066743,0.424366533852441
mlp_V0-pinn,143.47599889948086,0.25410070211055885,0.18525944317758627,0.4403709229228548
mlp_V0-pinn,143.67502707237,0.25412490072845073,0.18531710999584025,0.4558137168382682
mlp_V0-pinn,143.87405524525914,0.26248109421543625,0.18537475887496493,0.44189176595801716
mlp_V0-pinn,144.07308341814831,0.26242254028348133,0.18543238983169158,0.42663313021173016
mlp_V0-pinn,144.27211159103746,0.25426421456600573,0.18549000288272538,0.4108081337644438
mlp_V0-pinn,144.4711397639266,0.2543106355524193,0.1855475980447457,0.4021217677321041
mlp_V0-pinn,144.67016793681574,0.25443445721891245,0.196509583810356,0.39402451702538643
mlp_V0-pinn,144.86919610970492,0.25570077349311804,0.21544572034560233,0.3857573381676424
mlp_V0-pinn,145.06822428259406,0.2583341039842398,0.2285149137361687,0.3803424642108862
mlp_V0-pinn,145.2672524554832,0.25857272025022404,0.2263748471589488,0.37768945239460994
mlp_V0-pinn,145.46628062837237,0.26423357862501456,0.2242143551439695,0.37501767267459685
mlp_V0-pinn,145.66530880126152,0.2671335801894097,0.2220328414424652,0.3723267210212049
mlp_V0-pinn,145.86433697415066,0.26561326182212047,0.22103736399403875,0.3696161786969467
mlp_V0-pinn,146.06336514703983,0.2654227091334437,0.23489374932939006,0.366885611495823
mlp_V0-pinn,146.26239331992898,0.2625462154321316,0.24797707689744747,0.3691121733524129
mlp_V0-pinn,146.46142149281812,0.26490247260194744,0.24140243621824903,0.37466486376731695
mlp_V0-pinn,146.6604496657073,0.2764325561514707,0.22844714280614128,0.38013645414064573
mlp_V0-pinn,146.85947783859643,0.28750060210414446,0.21471156908856606,0.38553039749345797
mlp_V0-pinn,147.05850601148558,0.29367830144641066,0.21011386528771464,0.39084990855353174
mlp_V0-pinn,147.25753418437475,0.29938928553602057,0.20870624951830208,0.39609798616143604
mlp_V0-pinn,147.4565623572639,0.30499335049651227,0.20728907542330283,0.39941883153178276
mlp_V0-pinn,147.65559053015303,0.3001915236291653,0.20586214560161295,0.4018002849260281
mlp_V0-pinn,147.85461870304218,0.29352545080709663,0.20442525576247092,0.4041677064673278
mlp_V0-pinn,148.05364687593135,0.2867044291325447,0.20297819438403605,0.40652134130385204
mlp_V0-pinn,148.2526750488205,0.2797171233530903,0.20109853872721037,0.40886142752759846
mlp_V0-pinn,148.45170322170964,0.2725507448341272,0.19912832528888033,0.4111881964555018
mlp_V0-pinn,148.6507313945988,0.2739752611769549,0.19713842240032467,0.4080824912397599
mlp_V0-pinn,148.84975956748795,0.2777802354682459,0.1951282276879069,0.40320920509660535
mlp_V0-pinn,149.0487877403771,0.28153378961788517,0.19309710742203892,0.39827629416376764
mlp_V0-pinn,149.24781591326627,0.28523795360439225,0.19104439418337593,0.3932815148351255
mlp_V0-pinn,149.4468440861554,0.28889462725401266,0.19053308786884934,0.3882224791652316
mlp_V0-pinn,149.64587225904455,0.29250559163210604,0.19007754836312468,0.38309664152454576
mlp_V0-pinn,149.84490043193372,0.28798022500218046,0.1896209144863333,0.3807543803080989
mlp_V0-pinn,150.04392860482287,0.2832610687991131,0.18916317831314497,0.3789649043544641
mlp_V0-pinn,150.242956777712,0.2857169613307855,0.18870433182210744,0.3771669382925442
mlp_V0-pinn,150.44198495060115,0.2805500922884188,0.188260370070857,0.3753603601201858
mlp_V0-pinn,150.64101312349032,0.27528626295909253,0.18802765399470084,0.3735450448850033
mlp_V0-pinn,150.84004129637947,0.27367829443505326,0.18779464953583175,0.3717208645835243
mlp_V0-pinn,151.0390694692686,0.2774504441113096,0.18756135561949,0.37541534337040466
mlp_V0-pinn,151.23809764215778,0.2823840780997884,0.18732777116422356,0.37957036053438425
mlp_V0-pinn,151.43712581504693,0.28965441808489995,0.18709389508182953,0.3836803841148067
mlp_V0-pinn,151.63615398793607,0.2845884118900385,0.1875701746334884,0.38774684487790323
mlp_V0-pinn,151.83518216082524,0.27833317883222364,0.19114335921253245,0.39177109933104093
mlp_V0-pinn,152.03421033371438,0.271934096235848,0.19465096231476717,0.39575443500905394
mlp_V0-pinn,152.23323850660353,0.2653807584440973,0.19809646763402566,0.39379972467680097
mlp_V0-pinn,152.4322666794927,0.26052005482284535,0.2014830609458087,0.391808756758141
mlp_V0-pinn,152.63129485238184,0.2598433670827991,0.20481366460054892,0.38980761997323254
mlp_V0-pinn,152.83032302527099,0.2591649124957971,0.2086506733203159,0.3877961568995135
mlp_V0-pinn,153.02935119816013,0.2594763503301746,0.21377804277540102,0.38577420601028806
mlp_V0-pinn,153.2283793710493,0.2630317428035746,0.21878528211180368,0.38376376092853304
mlp_V0-pinn,153.42740754393844,0.2596737281615684,0.22368045905845582,0.3820047285982331
mlp_V0-pinn,153.6264357168276,0.25627171609908583,0.2284707768194032,0.38023755882448956
mlp_V0-pinn,153.82546388971676,0.25282393052757585,0.23316269846680424,0.37846213761776015
mlp_V0-pinn,154.0244920626059,0.2592149892530024,0.23386177357630877,0.376678348302105
mlp_V0-pinn,154.22352023549504,0.2673701208976234,0.22864386151919802,0.3748860714257058
mlp_V0-pinn,154.42254840838422,0.2729987453914885,0.22330405656987812,0.37323492245945133
mlp_V0-pinn,154.62157658127336,0.27576083618945313,0.21783339493915255,0.3723862698035233
mlp_V0-pinn,154.8206047541625,0.2784955341948701,0.21222175718071482,0.3715356786811359
mlp_V0-pinn,155.01963292705167,0.2790940455478938,0.20645764817759457,0.370683135747935
mlp_V0-pinn,155.21866109994082,0.27182980615083296,0.20315939507316647,0.3698286275057568
mlp_V0-pinn,155.41768927282996,0.2724265063272964,0.2023615000428663,0.3689721403001338
mlp_V0-pinn,155.6167174457191,0.2759474947101276,0.20156044649857027,0.3692857218450709
mlp_V0-pinn,155.81574561860828,0.2715066941377878,0.2007561966311551,0.37329081365838757
mlp_V0-pinn,156.01477379149742,0.27014959180348047,0.1999487118710972,0.3772533880097653
mlp_V0-pinn,156.21380196438656,0.2663213145902238,0.19913795286688846,0.3811747708964381
mlp_V0-pinn,156.41283013727573,0.26362144512784935,0.1980138101514991,0.38505622079257207
mlp_V0-pinn,156.61185831016488,0.26538188750268615,0.19669011766702174,0.38889893336722275
mlp_V0-pinn,156.81088648305402,0.2688687699334624,0.1953574563844948,0.3917578090426805
mlp_V0-pinn,157.0099146559432,0.27231100726297897,0.19401564148844455,0.3925548931226582
mlp_V0-pinn,157.20894282883233,0.27233025646104647,0.19266448172749842,0.3933503619969883
mlp_V0-pinn,157.40797100172148,0.2699989731493734,0.191303779096176,0.3941442254451813
mlp_V0-pinn,157.60699917461065,0.2676473844805746,0.1958370617474064,0.39493649314845825
mlp_V0-pinn,157.8060273474998,0.2658407757958461,0.2024182165564338,0.3957271746911278
mlp_V0-pinn,158.00505552038894,0.2649042680727934,0.2087920353699278,0.39522840201678205
mlp_V0-pinn,158.20408369327808,0.26396443777643125,0.21497696079800516,0.39271753841545853
mlp_V0-pinn,158.40311186616725,0.26431711501887123,0.2209888533704297,0.39019051782104464
mlp_V0-pinn,158.6021400390564,0.2655389310713737,0.22447811861763833,0.38764702425765246
mlp_V0-pinn,158.80116821194554,0.2634339015467755,0.22335766252501363,0.38508673131409116
mlp_V0-pinn,159.0001963848347,0.2621677306387793,0.2229294668535776,0.3825093016549125
mlp_V0-pinn,159.19922455772385,0.26555190898446185,0.22250044713348974,0.3806444937723688
mlp_V0-pinn,159.398252730613,0.2688934988844027,0.22207059858879422,0.3795637378068162
mlp_V0-pinn,159.59728090350217,0.2721940688540089,0.22163991639722266,0.37847989573627283
mlp_V0-pinn,159.7963090763913,0.27545509342959207,0.2212083956895632,0.37739294097160664
mlp_V0-pinn,159.99533724928045,0.27867796086757507,0.2280835334387328,0.37630284653966833
mlp_V0-pinn,160.19436542216962,0.28149116045369826,0.24259362490542427,0.3752095850754824
mlp_V0-pinn,160.39339359505877,0.2761774450889466,0.24118029801668467,0.3749276936952018
mlp_V0-pinn,160.5924217679479,0.27898526498476317,0.23975864000715383,0.3752980632659463
mlp_V0-pinn,160.79144994083705,0.29051512907475346,0.2383285017884834,0.3756680676910633
mlp_V0-pinn,160.99047811372623,0.30412707166606745,0.2367295004115859,0.37603770804841435
mlp_V0-pinn,161.18950628661537,0.30631599958477274,0.23230403883623524,0.3764069854105681
mlp_V0-pinn,161.3885344595045,0.29734723629956833,0.2277926174267619,0.3767759008448374
mlp_V0-pinn,161.58756263239368,0.2880994034502039,0.22319002363152984,0.37821601576046887
mlp_V0-pinn,161.78659080528283,0.2785447066482079,0.21849049577304475,0.380240871766777
mlp_V0-pinn,161.98561897817197,0.26935885956098515,0.21368763847648956,0.38225500198976325
mlp_V0-pinn,162.18464715106114,0.2671502112191403,0.20928460447949557,0.38425857509030226
mlp_V0-pinn,162.38367532395029,0.2667784689673642,0.20746161671321456,0.3862517553548007
mlp_V0-pinn,162.58270349683943,0.2664062079883096,0.2056224675136027,0.38823470285241135
mlp_V0-pinn,162.7817316697286,0.26603342610440905,0.2037667192735466,0.38703566487633373
mlp_V0-pinn,162.98075984261774,0.2656601211228168,0.2018939142733782,0.3845811753522577
mlp_V0-pinn,163.1797880155069,0.26528629083525834,0.20000357336244778,0.38211091973978223
mlp_V0-pinn,163.37881618839606,0.2686352253671267,0.19861610400483853,0.3796245902644352
mlp_V0-pinn,163.5778443612852,0.27518589023887824,0.1985996838871791,0.37712186900589384
mlp_V0-pinn,163.77687253417434,0.2740929671733648,0.1985832624118007,0.374602427423471
mlp_V0-pinn,163.9759007070635,0.27249510141196526,0.19856683957836643,0.3755922803701204
mlp_V0-pinn,164.17492887995266,0.27088781060271994,0.1985504153865394,0.37741803384674455
mlp_V0-pinn,164.3739570528418,0.269270925970022,0.19853398983598242,0.3792349976885803
mlp_V0-pinn,164.57298522573095,0.26764427364016413,0.20058788303189432,0.3810432976329234
mlp_V0-pinn,164.77201339862012,0.26659388563892256,0.2059129322161214,0.3828430564475317
mlp_V0-pinn,164.97104157150926,0.2659744624215579,0.21110370079291546,0.3846343940278912
mlp_V0-pinn,165.1700697443984,0.2653535932690841,0.21616986219889336,0.3832973253903032
mlp_V0-pinn,165.36909791728758,0.27228270274933897,0.22111998136241018,0.3815330772109422
mlp_V0-pinn,165.56812609017672,0.2825260859564738,0.22596168478823217,0.37976063297917256
mlp_V0-pinn,165.76715426306586,0.29241085526239413,0.22607947103027626,0.3779798773948592
mlp_V0-pinn,165.96618243595503,0.2863719173696193,0.2234717678113061,0.37619069242888453
mlp_V0-pinn,166.16521060884418,0.2791116140377142,0.2201445802371755,0.37439295723185634
mlp_V0-pinn,166.36423878173332,0.27535055954735244,0.2167663290432675,0.37357668555708406
mlp_V0-pinn,166.56326695462246,0.2797204979175751,0.21333458839575462,0.3727895381562114
mlp_V0-pinn,166.76229512751163,0.28402320902960115,0.2098467340824673,0.3720007251681457
mlp_V0-pinn,166.96132330040078,0.2882617032831253,0.20762107974627766,0.3712102359748869
mlp_V0-pinn,167.16035147328992,0.2868592831941613,0.206260080775009,0.37041805984513787
mlp_V0-pinn,167.3593796461791,0.2836198606217092,0.20489004145545048,0.36963328315766947
mlp_V0-pinn,167.55840781906824,0.2803430083370865,0.20351077920817676,0.3690406032231703
mlp_V0-pinn,167.75743599195738,0.2770273981177633,0.2021221052241004,0.3684469699111732
mlp_V0-pinn,167.95646416484655,0.27367162127686423,0.2007238241627667,0.3678523786060496
mlp_V0-pinn,168.1554923377357,0.27027418166875905,0.1998458955882367,0.36725682465480747
mlp_V0-pinn,168.35452051062484,0.2690836793479258,0.19917816962412216,0.366660303366666
mlp_V0-pinn,168.553548683514,0.26829479586098487,0.1985081976296362,0.366341610186597
mlp_V0-pinn,168.75257685640315,0.26750358592130646,0.1978359567862169,0.36783341741167097
mlp_V0-pinn,168.9516050292923,0.26671002882424205,0.19716142388628932,0.3693191987636015
mlp_V0-pinn,169.15063320218144,0.2659141035562015,0.19648457532391755,0.37079902667891207
mlp_V0-pinn,169.3496613750706,0.26511578878816033,0.1961203763358811,0.37227297215439736
mlp_V0-pinn,169.54868954795975,0.2654742482174607,0.19582515021729335,0.37374110478686806
mlp_V0-pinn,169.7477177208489,0.2659130241465676,0.1955294783430963,0.3748839397758165
mlp_V0-pinn,169.94674589373807,0.2663510772550398,0.19523335868806135,0.37480721736710215
mlp_V0-pinn,170.1457740666272,0.2667884111033823,0.19493678921157775,0.3747304792502237
mlp_V0-pinn,170.34480223951635,0.26722502922296487,0.19463976785748835,0.3746537254155288
mlp_V0-pinn,170.54383041240553,0.267639060944241,0.19439863756551362,0.3745769558533555
mlp_V0-pinn,170.74285858529467,0.2666283935328363,0.19416147678170873,0.3745001705540316
mlp_V0-pinn,170.9418867581838,0.2656138805346717,0.1939240259606326,0.37411370083604223
mlp_V0-pinn,171.14091493107298,0.2645954777154603,0.19368628403556662,0.3729902649275571
mlp_V0-pinn,171.33994310396213,0.26357313998633947,0.1934482499332374,0.3718634350244977
mlp_V0-pinn,171.53897127685127,0.26254682138057656,0.19323181677478615,0.37073318017909923
mlp_V0-pinn,171.7379994497404,0.2623952277651179,0.19347912546505663,0.36959946897039514
mlp_V0-pinn,171.93702762262959,0.26488129520389214,0.19372611844395618,0.3684622694940251
mlp_V0-pinn,172.13605579551873,0.26445056470066686,0.1939727969175068,0.36779525357352777
mlp_V0-pinn,172.33508396840787,0.2640191314888216,0.19421916208407175,0.36792927390867464
mlp_V0-pinn,172.53411214129704,0.26358699211782394,0.1944652151344233,0.3680632454439229
mlp_V0-pinn,172.7331403141862,0.2633758785061173,0.1945715961854518,0.36819716823254134
mlp_V0-pinn,172.93216848707533,0.26395239689211314,0.1939680768187069,0.36833104232770186
mlp_V0-pinn,173.1311966599645,0.26452765880208867,0.19336267376963165,0.36846486778247967
mlp_V0-pinn,173.33022483285365,0.26510167241557875,0.1927553692895071,0.368472689366394
mlp_V0-pinn,173.5292530057428,0.26567444582375516,0.19214614534912614,0.36833217711038224
mlp_V0-pinn,173.72828117863196,0.26624598703075697,0.19153498363254878,0.3681916112309525
mlp_V0-pinn,173.9273093515211,0.26868926405977633,0.19098345357454669,0.3680509916666654
mlp_V0-pinn,174.12633752441025,0.275170592951481,0.19059047593463857,0.36791031835596394
mlp_V0-pinn,174.3253656972994,0.2743824150951774,0.19019668634001763,0.36776959123717345
mlp_V0-pinn,174.52439387018856,0.2725590038552184,0.18980207973690394,0.3672254737673348
mlp_V0-pinn,174.7234220430777,0.2707233116147109,0.18940665101887277,0.36633026882001657
mlp_V0-pinn,174.92245021596685,0.26887508683536065,0.18901039502608333,0.3654328708858136
mlp_V0-pinn,175.12147838885602,0.2670140692731555,0.1887834223905919,0.3645332637688223
mlp_V0-pinn,175.32050656174516,0.26554224734916265,0.1888161370892454,0.3636314310727991
mlp_V0-pinn,175.5195347346343,0.2647971467972527,0.1888488461206602,0.36272735619767354
mlp_V0-pinn,175.71856290752348,0.26404994371650153,0.18888154948778052,0.3619772921862896
mlp_V0-pinn,175.91759108041262,0.26330062020703543,0.18891424719354802,0.3613196264965905
mlp_V0-pinn,176.11661925330176,0.26254915811354534,0.1889469392409018,0.36066076155405774
mlp_V0-pinn,176.31564742619094,0.26179553902015457,0.18887912793091222,0.36000069077415675
mlp_V0-pinn,176.51467559908008,0.26130224397657753,0.18871389142639813,0.35933940751187765
mlp_V0-pinn,176.71370377196922,0.2611218370863425,0.1885485101151607,0.3586769050609538
mlp_V0-pinn,176.91273194485836,0.2609413054682948,0.18838298361582273,0.3581595757742042
mlp_V0-pinn,177.11176011774754,0.2607606488633772,0.18821731154532997,0.35770447812881556
mlp_V0-pinn,177.31078829063668,0.2605798670116344,0.18805149351894093,0.3572488007370475
mlp_V0-pinn,177.50981646352582,0.2603989596522087,0.18773681943069168,0.35679254137763183
mlp_V0-pinn,177.708844636415,0.26276529711455326,0.18733236202966858,0.35633569781507923
mlp_V0-pinn,177.90787280930414,0.2618452988138775,0.1869270294988863,0.35587826779955234
mlp_V0-pinn,178.10690098219328,0.2609220566647407,0.18652081613305313,0.35542787916075186
mlp_V0-pinn,178.30592915508245,0.2599955361105022,0.18611371616461503,0.3549789746604695
mlp_V0-pinn,178.5049573279716,0.2590657019765774,0.18570572376280053,0.35452950175872044
mlp_V0-pinn,178.70398550086074,0.25955478886064265,0.18814365678096395,0.35407945829089665
mlp_V0-pinn,178.9030136737499,0.2608302584564714,0.19153661208860628,0.35362884207861645
mlp_V0-pinn,179.10204184663905,0.26209952123658375,0.19487050047107982,0.3531776509296013
mlp_V0-pinn,179.3010700195282,0.2633626669412793,0.19814830339247674,0.353146265802259
mlp_V0-pinn,179.50009819241734,0.2646197831689837,0.20137275962946155,0.35318063828806345
mlp_V0-pinn,179.6991263653065,0.2661757983159681,0.2045463920587527,0.353215007428971
mlp_V0-pinn,179.89815453819566,0.26818737139344245,0.21074326787887965,0.353249373225958
mlp_V0-pinn,180.0971827110848,0.2708741775151132,0.21725062062837508,0.35328373568000027
mlp_V0-pinn,180.29621088397397,0.27353459363315297,0.2187881827230397,0.3533180947920732
mlp_V0-pinn,180.4952390568631,0.276169382415247,0.22176003234704672,0.3526278065058339
mlp_V0-pinn,180.69426722975226,0.2787792704868563,0.22483483779241764,0.35189995813948427
mlp_V0-pinn,180.89329540264143,0.27964726660161743,0.22786815623013779,0.3511706012126095
mlp_V0-pinn,181.09232357553057,0.27897775874165565,0.23086162297424412,0.35043972630608045
mlp_V0-pinn,181.29135174841971,0.2773315074594179,0.23381676864776313,0.3497073239023391
mlp_V0-pinn,181.4903799213089,0.2748382367167709,0.23365480673877856,0.3490695525392168
mlp_V0-pinn,181.68940809419803,0.2723221395580143,0.2326857344765591,0.3517539120540768
mlp_V0-pinn,181.88843626708717,0.26978257731982147,0.23171260937992902,0.354417940828008
mlp_V0-pinn,182.08746443997634,0.27169199963856905,0.23073538017047862,0.357062093922309
mlp_V0-pinn,182.2864926128655,0.2742775633464393,0.2296607549719559,0.35968680967141675
mlp_V0-pinn,182.48552078575463,0.27348199155557634,0.22792378741990982,0.3622925105312283
mlp_V0-pinn,182.68454895864377,0.27209558924633104,0.22647281292513208,0.3644181354705914
mlp_V0-pinn,182.88357713153295,0.27070208656272265,0.22703598569448352,0.36303745299741313
mlp_V0-pinn,183.0826053044221,0.26930137328189685,0.22690091203193863,0.36165149951000586
mlp_V0-pinn,183.28163347731123,0.2678933362993924,0.2223980317735313,0.36026021417417514
mlp_V0-pinn,183.4806616502004,0.26647785952255587,0.21996436243634881,0.35886353497647155
mlp_V0-pinn,183.67968982308955,0.2656618237790588,0.21750346421912084,0.3574613986919371
mlp_V0-pinn,183.8787179959787,0.26487398409337476,0.21501440219810233,0.3564693158993614
mlp_V0-pinn,184.07774616886786,0.2651061897616822,0.21249618669024656,0.3572226489415723
mlp_V0-pinn,184.276774341757,0.26594903453550794,0.20994776865493253,0.35797439664857145
mlp_V0-pinn,184.47580251464615,0.2668001240858072,0.20963097776451714,0.35872456898710425
mlp_V0-pinn,184.67483068753532,0.26776157185633415,0.21395116728884997,0.35947317581991955
mlp_V0-pinn,184.87385886042446,0.26801729302793775,0.21818583164361335,0.36022022690728206
mlp_V0-pinn,185.0728870333136,0.2657299900254384,0.2223398575959086,0.3613511030972037
mlp_V0-pinn,185.27191520620275,0.2642754554667742,0.22641768354420252,0.3634618473744259
mlp_V0-pinn,185.47094337909192,0.2651184369822465,0.22950798680595813,0.3655604044259925
mlp_V0-pinn,185.66997155198106,0.265958746601137,0.22838390048206791,0.3676469829488061
mlp_V0-pinn,185.8689997248702,0.26658013433662536,0.22773349325929865,0.36972178575061576
mlp_V0-pinn,186.06802789775938,0.2656170795811742,0.22427478899002096,0.37178500998008107
mlp_V0-pinn,186.26705607064852,0.26465052032355896,0.22076190341848853,0.3726609569504773
mlp_V0-pinn,186.46608424353767,0.2636804180249819,0.21719220756138946,0.3713896413327647
mlp_V0-pinn,186.66511241642684,0.26246069888405843,0.2135628526917195,0.3701139588603942
mlp_V0-pinn,186.86414058931598,0.26132856757847195,0.21082553629926465,0.3688338642225626
mlp_V0-pinn,187.06316876220512,0.2608347113167974,0.20881483287053842,0.36754931131942264
mlp_V0-pinn,187.2621969350943,0.26031460004930257,0.20678457896475044,0.36626025324271244
mlp_V0-pinn,187.46122510798344,0.2603905672730184,0.20473419296372417,0.36575234630194675
mlp_V0-pinn,187.66025328087258,0.2612847511723533,0.2026630638261096,0.36622978121910926
mlp_V0-pinn,187.85928145376172,0.26208701941919244,0.20057054896036983,0.36670659453875937
mlp_V0-pinn,188.0583096266509,0.2609842987151836,0.19918853937408906,0.36718278868246473
mlp_V0-pinn,188.25733779954004,0.2598768989419342,0.198152671177486,0.3676583660561106
mlp_V0-pinn,188.45636597242918,0.2587647600263537,0.19711135931640966,0.3681333290500419
mlp_V0-pinn,188.65539414531835,0.2576478205988097,0.19606451705587263,0.368181140316731
mlp_V0-pinn,188.8544223182075,0.2582630164970215,0.1950120553328497,0.3678342040559659
mlp_V0-pinn,189.05345049109664,0.2654977632815351,0.1939538826678453,0.36748694026052625
mlp_V0-pinn,189.2524786639858,0.2706935244590873,0.19648551673321404,0.3671393480010024
mlp_V0-pinn,189.45150683687496,0.2687684936544836,0.19990000863102625,0.36679142634358125
mlp_V0-pinn,189.6505350097641,0.266655682077264,0.2032571489897726,0.3664431743500162
mlp_V0-pinn,189.84956318265327,0.2665095439482503,0.20655973416960297,0.365980354758907
mlp_V0-pinn,190.0485913555424,0.2693985447627974,0.2098103404148215,0.36544366900157327
mlp_V0-pinn,190.24761952843156,0.27313129024935207,0.21301134737320807,0.3649061939145559
mlp_V0-pinn,190.4466477013207,0.27325191068592264,0.21106467946898255,0.36436792600486057
mlp_V0-pinn,190.64567587420987,0.2710910330423719,0.20857141436207435,0.3638288617536541
mlp_V0-pinn,190.84470404709901,0.26891279199482776,0.2060479819329664,0.3632889976159966
mlp_V0-pinn,191.04373221998816,0.2667167621296544,0.2034932599087743,0.362578734872469
mlp_V0-pinn,191.24276039287733,0.26450250037267997,0.2009060546572744,0.36178906497579144
mlp_V0-pinn,191.44178856576647,0.26462119605256446,0.198355373327746,0.36099766770769426
mlp_V0-pinn,191.64081673865562,0.2688264671966046,0.19837020933074556,0.36020453168267086
mlp_V0-pinn,191.8398449115448,0.2719296908530636,0.1983850442242513,0.35940964538958825
mlp_V0-pinn,192.03887308443393,0.27326239169280586,0.19839987800851203,0.3586129971897379
mlp_V0-pinn,192.23790125732307,0.2745886244182416,0.1984147106837766,0.3592349631017183
mlp_V0-pinn,192.43692943021225,0.2759084823018893,0.19842954225029372,0.36026947787602737
mlp_V0-pinn,192.6359576031014,0.2772220563958821,0.19832874098615424,0.36130103053193424
mlp_V0-pinn,192.83498577599053,0.27852943560527194,0.19752844967887162,0.36232964636889703
mlp_V0-pinn,193.03401394887968,0.27805958150441135,0.19672490275489776,0.36335535032827343
mlp_V0-pinn,193.23304212176885,0.27538011896355896,0.1959180601560494,0.3643781670003771
mlp_V0-pinn,193.432070294658,0.27190689213016345,0.1951078809958605,0.36681871136705446
mlp_V0-pinn,193.63109846754713,0.2683887219228573,0.19429432353540418,0.36949254861909864
mlp_V0-pinn,193.8301266404363,0.266737075758974,0.19430957774101082,0.3721471751351712
mlp_V0-pinn,194.02915481332545,0.2664908587672091,0.1966913505773979,0.3747829991303479
mlp_V0-pinn,194.2281829862146,0.26796030019669265,0.1990446251020905,0.3774004145641456
mlp_V0-pinn,194.42721115910376,0.2699994221726854,0.20137040043686363,0.3799998018278954
mlp_V0-pinn,194.6262393319929,0.2701977684213328,0.20366961865279204,0.37835343674786104
mlp_V0-pinn,194.82526750488205,0.2703959691751199,0.20594316922938874,0.3764272439693523
mlp_V0-pinn,195.02429567777122,0.27059402475375655,0.2070449784686244,0.37449114396178534
mlp_V0-pinn,195.22332385066036,0.2707919354757833,0.20621297349241408,0.3725449822628822
mlp_V0-pinn,195.4223520235495,0.26998496810639666,0.2053775980093569,0.37058860035448443
mlp_V0-pinn,195.62138019643865,0.2689027828018521,0.2045388107220801,0.36864018143281796
mlp_V0-pinn,195.82040836932782,0.26781622466487726,0.20369656948292672,0.367777291388413
mlp_V0-pinn,196.01943654221697,0.2667252402546786,0.20285083126924255,0.3669123720388485
mlp_V0-pinn,196.2184647151061,0.2656297750330035,0.20354413719450115,0.36604540899914473
mlp_V0-pinn,196.41749288799528,0.2645297733323264,0.2058194859662554,0.3651763877135648
mlp_V0-pinn,196.61652106088442,0.2638046858679686,0.20806995415141796,0.36430529345276413
mlp_V0-pinn,196.81554923377357,0.26314263218393275,0.21029634052387297,0.36354565680813056
mlp_V0-pinn,197.01457740666274,0.2624789085992994,0.21249940201067022,0.36374470744416876
mlp_V0-pinn,197.21360557955188,0.2618135024139707,0.214679856698415,0.36394364921404077
mlp_V0-pinn,197.41263375244102,0.2611464007660476,0.214599340465585,0.364142482296177
mlp_V0-pinn,197.6116619253302,0.26239777445944695,0.21304851690963672,0.36434120686852106
mlp_V0-pinn,197.81069009821934,0.2667923045642423,0.2114863215116466,0.3645398231085312
mlp_V0-pinn,198.00971827110848,0.27111561280776153,0.20991250037970427,0.36496355197984603
mlp_V0-pinn,198.20874644399765,0.2753710537466802,0.20832679003140964,0.3663962919543094
mlp_V0-pinn,198.4077746168868,0.2795587689237188,0.20672891687889924,0.36782345118546905
mlp_V0-pinn,198.60680278977594,0.2778016388562414,0.20554602258394236,0.3692450943832711
mlp_V0-pinn,198.80583096266508,0.27603332374965517,0.20452164054122224,0.37066128501670137
mlp_V0-pinn,199.00485913555426,0.2742536072494766,0.20349210181053035,0.37207208534685066
mlp_V0-pinn,199.2038873084434,0.2724622659349704,0.20245732772330474,0.3731518321035086
mlp_V0-pinn,199.40291548133254,0.27065906899176106,0.20141723759017252,0.37335158546000374
mlp_V0-pinn,199.6019436542217,0.26891223499167616,0.20037174862752066,0.3735512320000992
mlp_V0-pinn,199.80097182711086,0.2677254867473155,0.19953918727566086,0.3737507718949693
mlp_V0-pinn,200.0,0.26655795625280543,0.1987458603028123,0.3739502053153318
mlp_V0-vpinn,1.2036869525909424,0.3193971620275742,0.2539451862705153,0.6537006451446444
mlp_V0-vpinn,1.4026822609467071,0.3006551522588342,0.2365296514884744,0.6076059044748402
mlp_V0-vpinn,1.601677569302472,0.2779660328249409,0.21757425442683015,0.5575851566170235
mlp_V0-vpinn,1.8006728776582368,0.2530903762812762,0.196801515099663,0.502610663045038
mlp_V0-vpinn,1.9996681860140018,0.22576052958630277,0.17356012359310755,0.4408330186516372
mlp_V0-vpinn,2.1986634943697663,0.19740644248267697,0.14668127575729167,0.3788485530427937
mlp_V0-vpinn,2.3976588027255312,0.16421037730618054,0.11361195717845243,0.30728134108447963
mlp_V0-vpinn,2.596654111081296,0.15465593185233623,0.10729859392816114,0.2882634458717824
mlp_V0-vpinn,2.795649419437061,0.14645221095551847,0.10323714584175787,0.2737405117115011
mlp_V0-vpinn,2.9946447277928256,0.13774972205207692,0.09900923342872804,0.2584026340389644
mlp_V0-vpinn,3.1936400361485906,0.12844180299545405,0.0945925384305566,0.24209497063027852
mlp_V0-vpinn,3.3926353445043556,0.11837585618540064,0.0899592593862816,0.2246063853292597
mlp_V0-vpinn,3.59163065286012,0.10731844311527214,0.08507401702000597,0.20563579906445367
mlp_V0-vpinn,3.790625961215885,0.10261794220917639,0.08212720693528039,0.19498903299425907
mlp_V0-vpinn,3.98962126957165,0.0988315911311668,0.07942030184896202,0.18556619594610047
mlp_V0-vpinn,4.188616577927414,0.09489411437575804,0.07661782150759779,0.17563855831729228
mlp_V0-vpinn,4.38761188628318,0.09078580206246656,0.07360988138477259,0.16511509094461102
mlp_V0-vpinn,4.586607194638944,0.08648223938628932,0.06957422502604117,0.1538735953551404
mlp_V0-vpinn,4.785602502994709,0.08195256256896094,0.06528959288024497,0.14174333648319343
mlp_V0-vpinn,4.984597811350474,0.07912621243347961,0.06234390082858669,0.1354994425897468
mlp_V0-vpinn,5.183593119706239,0.076677676392817,0.059734838563453206,0.130977596556802
mlp_V0-vpinn,5.382588428062004,0.07414758001377275,0.05700649003296887,0.1262939533685627
mlp_V0-vpinn,5.581583736417769,0.07152709553017761,0.05414082446321022,0.12142979253513111
mlp_V0-vpinn,5.780579044773533,0.06880565802761841,0.05111475169883257,0.11636247837163527
mlp_V0-vpinn,5.979574353129298,0.06597043907649514,0.047897878960455754,0.1110642076929088
mlp_V0-vpinn,6.178569661485063,0.06387304414635417,0.045582583235064957,0.10763727491477061
mlp_V0-vpinn,6.377564969840828,0.06201697925679436,0.043618371308058165,0.10499371681053452
mlp_V0-vpinn,6.576560278196593,0.06010357942897115,0.041561433285603105,0.1022818565939411
mlp_V0-vpinn,6.775555586552358,0.05812717333120652,0.03939724810110021,0.09949610950643419
mlp_V0-vpinn,6.974550894908122,0.056081087004287856,0.03710705565152874,0.09663008550927168
mlp_V0-vpinn,7.173546203263887,0.053957376315808554,0.03466589102145879,0.09367641669140622
mlp_V0-vpinn,7.3725415116196515,0.052361889564368914,0.0329708383382705,0.09120183934504146
mlp_V0-vpinn,7.5715368199754165,0.051013232940226125,0.03171584367532524,0.08898821147756354
mlp_V0-vpinn,7.7705321283311815,0.04962793668571781,0.030409098956512483,0.08671809536672487
mlp_V0-vpinn,7.969527436686946,0.04820284141273508,0.02904361993030946,0.08438693231827549
mlp_V0-vpinn,8.168522745042711,0.04673430571705017,0.02761069390590482,0.0819895153549893
mlp_V0-vpinn,8.367518053398475,0.04521809646135545,0.026099214112207867,0.07951985230244613
mlp_V0-vpinn,8.56651336175424,0.04399974889511361,0.025056179841110214,0.07726107065850281
mlp_V0-vpinn,8.765508670110005,0.04296900606069165,0.024392125163619403,0.07515579343420328
mlp_V0-vpinn,8.964503978465771,0.04191286224763972,0.02370947894335284,0.07298981801697484
mlp_V0-vpinn,9.163499286821535,0.040829336380128645,0.023006586307683912,0.07075757048950716
mlp_V0-vpinn,9.3624945951773,0.03971617486102946,0.02228153126022819,0.06845256773126956
mlp_V0-vpinn,9.561489903533065,0.03857079583217907,0.021532075075759487,0.06606719516091565
mlp_V0-vpinn,9.76048521188883,0.03761657231461228,0.020972576838346867,0.0640190949731142
mlp_V0-vpinn,9.959480520244595,0.036823715872886145,0.020614246832343072,0.06233535777086733
mlp_V0-vpinn,10.15847582860036,0.03601337071028667,0.02024957692617723,0.060604860660407815
mlp_V0-vpinn,10.357471136956123,0.03518432294548876,0.01987821820268538,0.05921286873395271
mlp_V0-vpinn,10.556466445311889,0.03433521103751947,0.019499788515211523,0.057838854280940426
mlp_V0-vpinn,10.755461753667653,0.033464499270574585,0.019113867880739842,0.05643139467848911
mlp_V0-vpinn,10.954457062023419,0.0327992178679203,0.01884964221955157,0.0552395650231188
mlp_V0-vpinn,11.153452370379183,0.03235625833129292,0.018749134022518616,0.05422963918635979
mlp_V0-vpinn,11.352447678734949,0.03190701123351404,0.01864808412099294,0.05320054500305583
mlp_V0-vpinn,11.551442987090713,0.031451194770899894,0.01854648366059974,0.05215114774347319
mlp_V0-vpinn,11.750438295446477,0.03098850497137561,0.01844432354308927,0.05108019609693142
mlp_V0-vpinn,11.949433603802243,0.030359897121005126,0.018341594416828137,0.049986304680785985
mlp_V0-vpinn,12.148428912158007,0.03000579362928319,0.01816790093166649,0.04901126691036855
mlp_V0-vpinn,12.347424220513773,0.030229032502830745,0.017870763352791665,0.0481646557867894
mlp_V0-vpinn,12.546419528869537,0.030442945777608005,0.0175686010074825,0.047302894731299734
mlp_V0-vpinn,12.7454148372253,0.030194025325078835,0.01726115001698174,0.0464251400952215
mlp_V0-vpinn,12.944410145581067,0.02993061890252876,0.016948122564384,0.04553046689593092
mlp_V0-vpinn,13.14340545393683,0.029664870354818566,0.01662920373938619,0.04461785739658484
mlp_V0-vpinn,13.342400762292597,0.029425075661430385,0.01634138689675815,0.04371406034924017
mlp_V0-vpinn,13.54139607064836,0.029233969162653188,0.016136008953769706,0.04282751020775457
mlp_V0-vpinn,13.740391379004127,0.029041549609934304,0.015927983055074275,0.041922215935869034
mlp_V0-vpinn,13.93938668735989,0.028729696153397485,0.01571720405954349,0.04099693582881459
mlp_V0-vpinn,14.138381995715655,0.02794444992691212,0.0155035596782135,0.04005028471472146
mlp_V0-vpinn,14.33737730407142,0.027124388025821042,0.01528692977489347,0.039080709616236
mlp_V0-vpinn,14.536372612427185,0.0265420527985891,0.015154022344644786,0.038221683966647636
mlp_V0-vpinn,14.73536792078295,0.026672913985912088,0.015305012767636768,0.03756383454651395
mlp_V0-vpinn,14.934363229138715,0.026800984407611667,0.015454528087685352,0.03689425709279781
mlp_V0-vpinn,15.13335853749448,0.026926367815951813,0.015602610711306827,0.03621230104565364
mlp_V0-vpinn,15.332353845850244,0.027049160848410053,0.015749301051288515,0.03551725337934557
mlp_V0-vpinn,15.531349154206008,0.02716945366825122,0.015894637655500313,0.0348083298680678
mlp_V0-vpinn,15.730344462561774,0.027133790792608987,0.01596221418456221,0.03415456391489742
mlp_V0-vpinn,15.929339770917538,0.02684395639460712,0.015637864678326605,0.03363386497975927
mlp_V0-vpinn,16.128335079273306,0.026550593831607003,0.015306643711848478,0.033104977129376496
mlp_V0-vpinn,16.32733038762907,0.02625355968937254,0.014968095127479864,0.032567501408557666
mlp_V0-vpinn,16.52632569598483,0.025924723368536476,0.014621709946825727,0.03202100537547611
mlp_V0-vpinn,16.7253210043406,0.025560527904756828,0.014266917389293244,0.03146501902933054
mlp_V0-vpinn,16.924316312696362,0.025169538148994856,0.013938628765010995,0.030948873122902124
mlp_V0-vpinn,17.123311621052128,0.024662076668155553,0.01394855030644731,0.030558278441483587
mlp_V0-vpinn,17.322306929407894,0.024143007343654446,0.013958464795749952,0.03016262612964905
mlp_V0-vpinn,17.521302237763656,0.023611433164218404,0.013968372247935339,0.029761714479625244
mlp_V0-vpinn,17.720297546119422,0.023066328713257922,0.013978272677966672,0.029355328008667896
mlp_V0-vpinn,17.919292854475188,0.022506511911786507,0.0139881661007542,0.028943236104938732
mlp_V0-vpinn,18.11828816283095,0.021961336476578924,0.01399504832468853,0.02854221231955162
mlp_V0-vpinn,18.317283471186716,0.021834113702364644,0.013841094284962921,0.028196810006234398
mlp_V0-vpinn,18.516278779542482,0.021706145238849187,0.0136854084484205,0.027847123818466355
mlp_V0-vpinn,18.715274087898248,0.021577417817595174,0.013527931024179759,0.027492990295606482
mlp_V0-vpinn,18.91426939625401,0.021447917771929698,0.013368598699558277,0.02713423530943204
mlp_V0-vpinn,19.113264704609776,0.021317631020006295,0.013207344342626085,0.02677067306327849
mlp_V0-vpinn,19.31226001296554,0.02119119910872974,0.013044096671658149,0.0265001036917317
mlp_V0-vpinn,19.511255321321304,0.021183928754578488,0.013991911068966916,0.02674097627785275
mlp_V0-vpinn,19.71025062967707,0.02117172376749834,0.014286903116594111,0.026979698458523133
mlp_V0-vpinn,19.909245938032836,0.02115703554597729,0.013970340007447615,0.02721632681926397
mlp_V0-vpinn,20.1082412463886,0.02113984912931846,0.01364643540212741,0.02745091550664821
mlp_V0-vpinn,20.307236554744364,0.02111509915615266,0.01331465352328709,0.027683516372984315
mlp_V0-vpinn,20.50623186310013,0.020877873144568196,0.012975759148702744,0.027833683291594996
mlp_V0-vpinn,20.705227171455896,0.02080781627930897,0.013117082276561191,0.027283962301213032
mlp_V0-vpinn,20.904222479811658,0.020642090683575056,0.013256898936591785,0.02667852236849689
mlp_V0-vpinn,21.103217788167424,0.020408827397026902,0.013395256301390471,0.02712441074280846
mlp_V0-vpinn,21.30221309652319,0.020171611808266918,0.01353219913188074,0.027838522581793788
mlp_V0-vpinn,21.501208404878955,0.019930211053032252,0.013667769946476515,0.028534768632836376
mlp_V0-vpinn,21.700203713234718,0.019684367887977457,0.012601677540268587,0.02921442627062804
mlp_V0-vpinn,21.899199021590483,0.019779463627857933,0.012329003593329267,0.02836910379242493
mlp_V0-vpinn,22.09819432994625,0.019894673742909416,0.012270751202565681,0.027478240395370685
mlp_V0-vpinn,22.29718963830201,0.01975739338939822,0.012212220950597324,0.026557510057725383
mlp_V0-vpinn,22.496184946657777,0.019495991000306606,0.012153408822924922,0.025603690861018213
mlp_V0-vpinn,22.695180255013543,0.01923103520184494,0.012094310707439694,0.02461293625204011
mlp_V0-vpinn,22.894175563369306,0.018962376993339563,0.01203492239106807,0.024220490024797026
mlp_V0-vpinn,23.09317087172507,0.018857527710563732,0.012311413611741071,0.024097959500703644
mlp_V0-vpinn,23.292166180080837,0.018775889875998222,0.01222975474719879,0.023889043171328627
mlp_V0-vpinn,23.491161488436603,0.018693812714119115,0.012147546963642467,0.02367828361992593
mlp_V0-vpinn,23.690156796792365,0.01861128815874706,0.012064779040296071,0.023465631181148798
mlp_V0-vpinn,23.88915210514813,0.018528307880574267,0.011981439368808548,0.02325103391838205
mlp_V0-vpinn,24.088147413503897,0.018339012187783395,0.011897515934248771,0.023034437475610344
mlp_V0-vpinn,24.28714272185966,0.01823519274833011,0.011847499354383105,0.022860503183607397
mlp_V0-vpinn,24.486138030215425,0.018173472094425096,0.011805323908677159,0.022708997679305593
mlp_V0-vpinn,24.68513333857119,0.01804007722080382,0.011762997246682541,0.02257459270086653
mlp_V0-vpinn,24.884128646926957,0.01790432561853663,0.011720517730123423,0.022563686582934315
mlp_V0-vpinn,25.08312395528272,0.017766100722374778,0.011677883690926795,0.022552775190999522
mlp_V0-vpinn,25.282119263638485,0.01762527594326463,0.011635093430458154,0.022541858517403507
mlp_V0-vpinn,25.48111457199425,0.01760265212782667,0.011965080270774909,0.02242178562535495
mlp_V0-vpinn,25.680109880350013,0.017579074484797758,0.012169116508790124,0.02227535483350983
mlp_V0-vpinn,25.87910518870578,0.017554581950878216,0.011924939282973678,0.022127955063407135
mlp_V0-vpinn,26.078100497061545,0.01752916300556902,0.011675656606834122,0.021979566820516758
mlp_V0-vpinn,26.27709580541731,0.017502805275182342,0.011420934178026322,0.021830169947734186
mlp_V0-vpinn,26.476091113773073,0.01747549549281164,0.0111603995357205,0.02170174204153719
mlp_V0-vpinn,26.67508642212884,0.017264975687503115,0.011114489539501017,0.021644066536776047
mlp_V0-vpinn,26.874081730484605,0.0169934083663627,0.01125485785870492,0.02158736168881786
mlp_V0-vpinn,27.073077038840367,0.01671715973442981,0.011393496966060342,0.021530507497950286
mlp_V0-vpinn,27.272072347196133,0.016435965487340626,0.011530469236401466,0.021473502777952784
mlp_V0-vpinn,27.4710676555519,0.016149534369665368,0.01145789802488185,0.02156139968002066
mlp_V0-vpinn,27.670062963907665,0.01585754403920752,0.011252604752573343,0.02167587327703766
mlp_V0-vpinn,27.869058272263427,0.015717625650387056,0.011029754030008646,0.02146170543043337
mlp_V0-vpinn,28.068053580619193,0.01566314062094724,0.011034811632922878,0.02127100337863567
mlp_V0-vpinn,28.26704888897496,0.015608463332366332,0.011039866918839564,0.02123211386768666
mlp_V0-vpinn,28.46604419733072,0.015553591713074777,0.01104491989094019,0.021193152994467203
mlp_V0-vpinn,28.665039505686487,0.015498523653648988,0.011049970552398968,0.021154120364680163
mlp_V0-vpinn,28.864034814042252,0.015443257005826425,0.011039958540836291,0.021115015580383974
mlp_V0-vpinn,29.06303012239802,0.015355526307489339,0.010894023780322415,0.021054651027089904
mlp_V0-vpinn,29.26202543075378,0.015248763485836725,0.010764963947184394,0.020957977147430185
mlp_V0-vpinn,29.461020739109546,0.015141115771261433,0.010634337940940625,0.02086085526415141
mlp_V0-vpinn,29.660016047465312,0.015032558373086525,0.010502087321103302,0.02076327909053725
mlp_V0-vpinn,29.859011355821075,0.014923065257464296,0.010368149919731496,0.02066524219144816
mlp_V0-vpinn,30.05800666417684,0.014864306917304169,0.010232459499845465,0.020566737978368787
mlp_V0-vpinn,30.257001972532606,0.014743154012439516,0.010139918839181234,0.02052973911868592
mlp_V0-vpinn,30.455997280888372,0.014604659070615962,0.010136418938256857,0.02063713298717417
mlp_V0-vpinn,30.654992589244134,0.014495368301649925,0.010132917828469843,0.02074397087298672
mlp_V0-vpinn,30.8539878975999,0.014385181963177975,0.010129415508566709,0.020850261322782764
mlp_V0-vpinn,31.052983205955666,0.0142740762399791,0.0101259119772918,0.021207677809933587
mlp_V0-vpinn,31.25197851431143,0.014162026192924589,0.010122407233387287,0.02163460877813489
mlp_V0-vpinn,31.450973822667194,0.014064445197493291,0.010109904348204104,0.021481174591581303
mlp_V0-vpinn,31.64996913102296,0.014020139344733541,0.01007244632786666,0.020949441640370565
mlp_V0-vpinn,31.848964439378722,0.013975341326831345,0.010034848485436784,0.020630246888508227
mlp_V0-vpinn,32.04795974773449,0.013930039455649449,0.009997109243355864,0.020396702554168523
mlp_V0-vpinn,32.24695505609026,0.013884221538517403,0.00995922699417528,0.020160452958345107
mlp_V0-vpinn,32.44595036444602,0.013837874847672753,0.009921200099757485,0.019921401855493695
mlp_V0-vpinn,32.64494567280178,0.013790792300192381,0.00987800824131567,0.019746498649954407
mlp_V0-vpinn,32.843940981157544,0.013720234014772112,0.009814184554485295,0.01991878493611369
mlp_V0-vpinn,33.042936289513314,0.013649290693257248,0.009749943083090032,0.020089593767163343
mlp_V0-vpinn,33.241931597869076,0.013577955650493585,0.009685275513762765,0.020258962513617192
mlp_V0-vpinn,33.440926906224846,0.01350622199794938,0.00962017325371482,0.020426926996654323
mlp_V0-vpinn,33.63992221458061,0.013434082634692961,0.009554627417408144,0.020593521576581883
mlp_V0-vpinn,33.83891752293637,0.013371586996436018,0.009494936849275923,0.0207215996372503
mlp_V0-vpinn,34.03791283129214,0.013285305066973882,0.009476893499239055,0.020479823137650423
mlp_V0-vpinn,34.2369081396479,0.01319801913468124,0.009458815730317463,0.02023515801698597
mlp_V0-vpinn,34.435903448003664,0.013109691723028973,0.009440703344787546,0.019987498197506906
mlp_V0-vpinn,34.63489875635943,0.013020282958903359,0.009422556143025331,0.019736730945581933
mlp_V0-vpinn,34.833894064715196,0.0129297503523672,0.009404373923480822,0.019482736271921396
mlp_V0-vpinn,35.03288937307096,0.012836378996859722,0.009436122091659858,0.01922864830627519
mlp_V0-vpinn,35.23188468142673,0.01282314735323567,0.01007251877304075,0.019128509095493892
mlp_V0-vpinn,35.43087998978249,0.0128097235648026,0.010210167295814527,0.019027842882112664
mlp_V0-vpinn,35.62987529813825,0.012796105870430636,0.010345984630946574,0.018926641257136424
mlp_V0-vpinn,35.82887060649402,0.012782292452137078,0.010480041973152826,0.018824895585535434
mlp_V0-vpinn,36.027865914849784,0.012860368870201842,0.010612406020045935,0.018722596997646574
mlp_V0-vpinn,36.22686122320555,0.013154269610010306,0.010692910308192817,0.01861973638014935
mlp_V0-vpinn,36.425856531561315,0.012907266159155974,0.010502344815229003,0.018832535888603792
mlp_V0-vpinn,36.62485183991708,0.012650598571685472,0.010308256999943241,0.019059377052676053
mlp_V0-vpinn,36.82384714827285,0.012403930611952422,0.010110444012791426,0.019283549965620945
mlp_V0-vpinn,37.02284245662861,0.01229038324905364,0.009908682752752824,0.019505146626393872
mlp_V0-vpinn,37.22183776498437,0.012175495146388375,0.009702726918429303,0.01972425386567636
mlp_V0-vpinn,37.42083307334014,0.012077011269132496,0.00950741690982912,0.019940953743444016
mlp_V0-vpinn,37.6198283816959,0.012019222079390882,0.009488572538968669,0.01973536526025006
mlp_V0-vpinn,37.818823690051666,0.011960965047061584,0.009469690668508446,0.019469169826908134
mlp_V0-vpinn,38.017818998407435,0.011902418547604187,0.009450771073685024,0.0191992839851515
mlp_V0-vpinn,38.2168143067632,0.011843578159081977,0.009431813527480662,0.018925549855578837
mlp_V0-vpinn,38.41580961511896,0.011784439344262078,0.009412817800591534,0.018647797969988448
mlp_V0-vpinn,38.61480492347473,0.011736543210761102,0.009393783661395363,0.01836584604430218
mlp_V0-vpinn,38.81380023183049,0.011735291548836667,0.009363334435903902,0.01835771370688975
mlp_V0-vpinn,39.01279554018626,0.011735097301442097,0.009332785138363968,0.01841415469688385
mlp_V0-vpinn,39.21179084854202,0.011734681786137968,0.009302135513910278,0.01847042321814558
mlp_V0-vpinn,39.410786156897785,0.01173404514065206,0.009174083471065212,0.01852652084213475
mlp_V0-vpinn,39.609781465253555,0.011733187440057836,0.008902820380320538,0.01858244911659104
mlp_V0-vpinn,39.80877677360932,0.011718707316395256,0.008623028117455588,0.018638209566032272
mlp_V0-vpinn,40.00777208196508,0.011636135818375111,0.008551925761480896,0.01861686262011004
mlp_V0-vpinn,40.20676739032085,0.011552092099813862,0.008536812306370581,0.01856848358726407
mlp_V0-vpinn,40.40576269867661,0.011467374981995848,0.008521672047111399,0.018519978176146427
mlp_V0-vpinn,40.60475800703237,0.011381966791042326,0.00850650484058167,0.018471345391156125
mlp_V0-vpinn,40.80375331538814,0.011295849025869433,0.008491310542381487,0.01842258422355097
mlp_V0-vpinn,41.002748623743905,0.011209414205843567,0.00847608900681668,0.01837369365120345
mlp_V0-vpinn,41.20174393209967,0.011195400829086332,0.008440779724882498,0.01823844050076612
mlp_V0-vpinn,41.40073924045544,0.011205813412604302,0.008397704720219293,0.018059553186932954
mlp_V0-vpinn,41.5997345488112,0.011304446129487923,0.008354407625439361,0.017878876103472913
mlp_V0-vpinn,41.79872985716697,0.011465828480427123,0.008310884969484615,0.017696354430645003
mlp_V0-vpinn,41.99772516552273,0.011624799908732261,0.00826713318992813,0.017511930491715743
mlp_V0-vpinn,42.19672047387849,0.011772176407594002,0.008223148629571108,0.01732554354005548
mlp_V0-vpinn,42.39571578223426,0.011711374419891922,0.00818777905914908,0.017244558796190485
mlp_V0-vpinn,42.594711090590025,0.011590961099138609,0.008156842523234153,0.01723435338402224
mlp_V0-vpinn,42.79370639894579,0.011468357971197843,0.008125788206459829,0.01722414192508431
mlp_V0-vpinn,42.992701707301556,0.011343433907390406,0.008094614753256782,0.0172139244086157
mlp_V0-vpinn,43.19169701565732,0.011216044091642476,0.008063320781851797,0.017203700823823446
mlp_V0-vpinn,43.39069232401308,0.011081789150288398,0.008031904883553077,0.017193471159882515
mlp_V0-vpinn,43.58968763236885,0.010912661923213603,0.008034935058471887,0.01716183372228125
mlp_V0-vpinn,43.78868294072461,0.010800631504243733,0.008061609668434295,0.017111258084629332
mlp_V0-vpinn,43.987678249080375,0.010684881378565853,0.008088196306873739,0.01706053251708033
mlp_V0-vpinn,44.186673557436144,0.010565110234688965,0.008114695838468541,0.017009655678288084
mlp_V0-vpinn,44.38566886579191,0.010475201233927374,0.008141109113824192,0.01695862620678576
mlp_V0-vpinn,44.58466417414767,0.010465508385233224,0.008167436969791931,0.016907442720560772
mlp_V0-vpinn,44.78365948250344,0.01044393516988239,0.008199834226395015,0.016859656910148537
mlp_V0-vpinn,44.9826547908592,0.010388542981497308,0.008237616205259432,0.016815880041061358
mlp_V0-vpinn,45.18165009921497,0.01033530111794265,0.008275225685740933,0.016771988909572173
mlp_V0-vpinn,45.38064540757073,0.010330870366243534,0.008312665009173662,0.016727982616270804
mlp_V0-vpinn,45.579640715926494,0.01032549562495973,0.008349936464401022,0.016683860249885354
mlp_V0-vpinn,45.778636024282264,0.010319174994891454,0.008387042289408557,0.016639620887062025
mlp_V0-vpinn,45.977631332638026,0.010290817492545602,0.008352782806060144,0.016588154066113355
mlp_V0-vpinn,46.17662664099379,0.010308963423433412,0.00823283617663113,0.016525474751314304
mlp_V0-vpinn,46.37562194934956,0.010326634445419014,0.008111115978537019,0.0164625567938744
mlp_V0-vpinn,46.57461725770532,0.01034383677068805,0.007987541131243763,0.016399397447063525
mlp_V0-vpinn,46.77361256606108,0.010360576241615295,0.007862024181427021,0.0163359939110532
mlp_V0-vpinn,46.97260787441685,0.010376858345875008,0.007734470578868051,0.016272343331468295
mlp_V0-vpinn,47.171603182772614,0.010344399111820387,0.007857220065461178,0.01621739462461903
mlp_V0-vpinn,47.370598491128376,0.010278838313466139,0.008326010914728085,0.016181176173246964
mlp_V0-vpinn,47.569593799484146,0.010212439665737396,0.008291986593798227,0.016144876471769248
mlp_V0-vpinn,47.76858910783991,0.010197056505020095,0.008257822085228518,0.01610849497090654
mlp_V0-vpinn,47.96758441619568,0.010386783592805574,0.008223515641794948,0.016072031115162585
mlp_V0-vpinn,48.16657972455144,0.010586749297358776,0.008189065479674986,0.016035484342725274
mlp_V0-vpinn,48.3655750329072,0.01066568521782514,0.0081642994143053,0.01600843631830882
mlp_V0-vpinn,48.56457034126297,0.010501758013049122,0.00815788320571469,0.016009692721744826
mlp_V0-vpinn,48.763565649618734,0.010335208441987456,0.008151461946776033,0.016010949026588946
mlp_V0-vpinn,48.962560957974496,0.010240068350442444,0.00814503562554478,0.016012205232864393
mlp_V0-vpinn,49.161556266330265,0.010243968735869333,0.008138604230029222,0.01601346134059436
mlp_V0-vpinn,49.36055157468603,0.01024519315630728,0.008132167748190236,0.01601471734980204
mlp_V0-vpinn,49.55954688304179,0.010095676597076445,0.008132320676996253,0.016014580011912152
mlp_V0-vpinn,49.75854219139756,0.009922360719834355,0.0081495614543628,0.016008209840081035
mlp_V0-vpinn,49.95753749975332,0.009744014994494567,0.008166765834978437,0.01600183713234822
mlp_V0-vpinn,50.156532808109084,0.009560125287474942,0.008183934048384443,0.015995461885682745
mlp_V0-vpinn,50.35552811646485,0.009370082110254835,0.007886220357532198,0.0159890840970476
mlp_V0-vpinn,50.554523424820616,0.009208502615492355,0.0075249909701747865,0.01598270376339972
mlp_V0-vpinn,50.753518733176385,0.009252235375243476,0.007218537218250405,0.015974833705250182
mlp_V0-vpinn,50.95251404153215,0.009385476940415582,0.007227797365494539,0.015955327778149776
mlp_V0-vpinn,51.15150934988791,0.009515401849105817,0.007237045663945565,0.015935797975187765
mlp_V0-vpinn,51.35050465824368,0.009642262225464803,0.007246282158970683,0.015916244208474532
mlp_V0-vpinn,51.54949996659944,0.009766279615519652,0.0072555068956483195,0.015896666389579917
mlp_V0-vpinn,51.748495274955204,0.009887649942542811,0.007264719918770704,0.015877064429528537
mlp_V0-vpinn,51.94749058331097,0.009851436648351596,0.0072865094192138755,0.015855058818067924
mlp_V0-vpinn,52.146485891666735,0.009709731299407737,0.007402744504246601,0.01578089453298599
mlp_V0-vpinn,52.3454812000225,0.00956409556094803,0.007517182509026504,0.015706380053916332
mlp_V0-vpinn,52.54447650837827,0.009414164349360425,0.00762990429513207,0.01563151037279809
mlp_V0-vpinn,52.74347181673403,0.009259512125237509,0.007740984836035757,0.015556280361054435
mlp_V0-vpinn,52.94246712508979,0.009099637871993412,0.007800979719473991,0.015480684765492822
mlp_V0-vpinn,53.14146243344556,0.009018047310304048,0.007772049308663481,0.015404718204024217
mlp_V0-vpinn,53.34045774180132,0.009033758080172243,0.0077556259353889915,0.015352632341305964
mlp_V0-vpinn,53.539453050157086,0.009059238523885179,0.00761465380769507,0.015300988823763078
mlp_V0-vpinn,53.738448358512855,0.009084538664203945,0.00744368191914734,0.015249170408993776
mlp_V0-vpinn,53.93744366686862,0.00910966200285718,0.007268689594131606,0.015197175307936017
mlp_V0-vpinn,54.13643897522439,0.009134611929220979,0.00708937912078576,0.01514500170081697
mlp_V0-vpinn,54.33543428358015,0.009153122258093022,0.006905414123760366,0.015092647736409861
mlp_V0-vpinn,54.53442959193591,0.009088627684610731,0.006952252825824551,0.015049320836743194
mlp_V0-vpinn,54.73342490029168,0.009086783923892408,0.0070036214729749325,0.015006848973143309
mlp_V0-vpinn,54.93242020864744,0.009120090955083291,0.0070546160858862925,0.01496425656550408
mlp_V0-vpinn,55.131415517003205,0.009152358471008593,0.007105244717937287,0.014921542581574182
mlp_V0-vpinn,55.330410825358975,0.00918361979431405,0.007155515137591829,0.0150434567200065
mlp_V0-vpinn,55.52940613371474,0.00914651418612801,0.00720543484231423,0.015023702319982372
mlp_V0-vpinn,55.7284014420705,0.009062147095615505,0.0072347729886362115,0.014846421772163016
mlp_V0-vpinn,55.92739675042627,0.008980086766666636,0.0072620440272080245,0.01486778817432814
mlp_V0-vpinn,56.12639205878203,0.008895249709846762,0.00728921303770958,0.014889123915006798
mlp_V0-vpinn,56.32538736713779,0.008808707511769168,0.007316281156784702,0.014910429125822069
mlp_V0-vpinn,56.52438267549356,0.008822806364609099,0.007343249500128026,0.014931703937458
mlp_V0-vpinn,56.723377983849325,0.00883679122114704,0.0073701191630215915,0.014952948479668965
mlp_V0-vpinn,56.922373292205094,0.008788828120924599,0.007263914153127826,0.015083773947297792
mlp_V0-vpinn,57.12136860056086,0.008779421353847348,0.007131056610306283,0.015246770849673994
mlp_V0-vpinn,57.32036390891662,0.008793101716033237,0.0069956763743597465,0.01540804355496692
mlp_V0-vpinn,57.51935921727239,0.00880488485279141,0.006857624041179077,0.015567645648621594
mlp_V0-vpinn,57.71835452562815,0.008814804814853139,0.006716734850024933,0.015725627996691763
mlp_V0-vpinn,57.91734983398391,0.008782577330249198,0.006572826378425163,0.0158820389352131
mlp_V0-vpinn,58.11634514233968,0.008739908679505647,0.006527317839939412,0.015768506543894747
mlp_V0-vpinn,58.315340450695444,0.008670468237927402,0.006510875996213266,0.015533555294794409
mlp_V0-vpinn,58.51433575905121,0.008618581544791757,0.006494392526829655,0.015294995311147346
mlp_V0-vpinn,58.713331067406976,0.00857011793151374,0.006477867114028786,0.015052655016295395
mlp_V0-vpinn,58.91232637576274,0.008534306958264057,0.006461299435987348,0.014806348790677153
mlp_V0-vpinn,59.1113216841185,0.008549435344557883,0.006444689166745375,0.014555875308024957
mlp_V0-vpinn,59.31031699247427,0.008532024048892568,0.006431807302769709,0.014459449156624844
mlp_V0-vpinn,59.50931230083003,0.008500405339958961,0.006420449894368256,0.014458034595320149
mlp_V0-vpinn,59.7083076091858,0.008468604866395365,0.006409072359727648,0.014456619895602485
mlp_V0-vpinn,59.907302917541564,0.008436619211102253,0.006397674591471224,0.014455205057431215
mlp_V0-vpinn,60.106298225897326,0.008404444847521224,0.006386256481264128,0.014453790080765678
mlp_V0-vpinn,60.305293534253096,0.008372078134656796,0.006374817919801291,0.0144523749655652
mlp_V0-vpinn,60.50428884260886,0.008354820470341058,0.006574587919110088,0.014432265848585169
mlp_V0-vpinn,60.70328415096462,0.008345340965229202,0.006880680399257065,0.01439680218866619
mlp_V0-vpinn,60.90227945932039,0.00833582327579825,0.007173724221583413,0.014361250955084986
mlp_V0-vpinn,61.10127476767615,0.008326267103998457,0.007196306274106015,0.01432561149585857
mlp_V0-vpinn,61.300270076031914,0.008316672147406064,0.007177297077650264,0.014289883150873595
mlp_V0-vpinn,61.499265384387684,0.008416017622527527,0.0071582374011314,0.014254065251743688
mlp_V0-vpinn,61.698260692743446,0.008393444761900307,0.007162639314304281,0.014205296873128166
mlp_V0-vpinn,61.89725600109921,0.008268445331464194,0.007107545829198838,0.014142291341860297
mlp_V0-vpinn,62.09625130945498,0.008247621399301438,0.007045039704580337,0.014079003854762186
mlp_V0-vpinn,62.29524661781074,0.008226735444031784,0.006981974016284008,0.014015430592270802
mlp_V0-vpinn,62.4942419261665,0.008205786844839262,0.006918333461825663,0.013951567647799016
mlp_V0-vpinn,62.69323723452227,0.008225110325645024,0.006661537899720445,0.013887411024934198
mlp_V0-vpinn,62.892232542878034,0.008230063817322525,0.006567159924709714,0.013845024599663679
mlp_V0-vpinn,63.0912278512338,0.008219875972007025,0.006661078620062641,0.013834190557391325
mlp_V0-vpinn,63.290223159589566,0.008247595656291426,0.006753691382392144,0.013823348023946233
mlp_V0-vpinn,63.48921846794533,0.008275209491313043,0.006845051219278069,0.013812496979332201
mlp_V0-vpinn,63.6882137763011,0.008312048347967838,0.006935207646529592,0.013801637403474417
mlp_V0-vpinn,63.88720908465686,0.008382929657082153,0.007024207001962912,0.013790769276219039
mlp_V0-vpinn,64.08620439301262,0.008334186454010871,0.007061105808135162,0.013769875655588277
mlp_V0-vpinn,64.28519970136838,0.008279470223422424,0.007049401869083954,0.013729599716358856
mlp_V0-vpinn,64.48419500972415,0.008236988983003476,0.00703255122453501,0.013689205279070062
mlp_V0-vpinn,64.68319031807991,0.008194265114470098,0.007015660107186879,0.013648691291607343
mlp_V0-vpinn,64.88218562643569,0.008151294073281721,0.006998728224001695,0.013608056686194267
mlp_V0-vpinn,65.08118093479145,0.008108071163374135,0.006981755278388269,0.013567300379064179
mlp_V0-vpinn,65.28017624314721,0.00814875529330622,0.006963057642243852,0.013529017642696858
mlp_V0-vpinn,65.47917155150297,0.00827045476927064,0.006941399956739364,0.013497542416508983
mlp_V0-vpinn,65.67816685985875,0.00838766541524597,0.006919674485814485,0.013465993620766177
mlp_V0-vpinn,65.87716216821451,0.008500800259833772,0.0068978805889811316,0.01343437073716412
mlp_V0-vpinn,66.07615747657027,0.008610212013490853,0.006876017615600865,0.013402673241283917
mlp_V0-vpinn,66.27515278492604,0.008716204712589274,0.0068540849046582536,0.013370900602490628
mlp_V0-vpinn,66.4741480932818,0.0087452477474315,0.006793549356645888,0.013343258181323125
mlp_V0-vpinn,66.67314340163756,0.0087022416543228,0.006641398994347568,0.013332050905396397
mlp_V0-vpinn,66.87213870999334,0.00865485913127392,0.006485680252915484,0.013320834200406341
mlp_V0-vpinn,67.0711340183491,0.008602881894514504,0.006326129629085621,0.01330960804251386
mlp_V0-vpinn,67.27012932670486,0.00854604475671544,0.006162449498773366,0.013298372407779232
mlp_V0-vpinn,67.46912463506062,0.008366445301273354,0.005994301591167167,0.013287127272161517
mlp_V0-vpinn,67.66811994341639,0.008269742579344576,0.005858733973161135,0.013276030234553024
mlp_V0-vpinn,67.86711525177216,0.008259084969805106,0.0058436171221998455,0.013265937769804672
mlp_V0-vpinn,68.06611056012792,0.008248299349253313,0.005828461063905461,0.013255837621059422
mlp_V0-vpinn,68.26510586848369,0.008237384065311656,0.0058132654916197265,0.013245729770739643
mlp_V0-vpinn,68.46410117683945,0.008226337415399146,0.005798030094665904,0.013235614201200585
mlp_V0-vpinn,68.66309648519521,0.008180903028882454,0.005782754558274652,0.013225490894730024
mlp_V0-vpinn,68.86209179355097,0.008141444054415987,0.005766754127531947,0.013214070938043092
mlp_V0-vpinn,69.06108710190675,0.008156096104451397,0.005747232127966077,0.01318352308646658
mlp_V0-vpinn,69.26008241026251,0.008170670077089388,0.0057276435903471,0.01315290428715877
mlp_V0-vpinn,69.45907771861827,0.008185166855969065,0.005707987829643908,0.013122214043480691
mlp_V0-vpinn,69.65807302697404,0.008199587306839472,0.005688264148989718,0.013091451852972008
mlp_V0-vpinn,69.8570683353298,0.00821393227805246,0.0056684718393937945,0.013060617207255041
mlp_V0-vpinn,70.05606364368556,0.008206705537363362,0.005649506461854054,0.013029709591936759
mlp_V0-vpinn,70.25505895204134,0.00815227907858014,0.005638828084936769,0.01305219133366732
mlp_V0-vpinn,70.4540542603971,0.008079341537001301,0.005628129447730625,0.013075008547340323
mlp_V0-vpinn,70.65304956875286,0.008004796560288132,0.005617410434475444,0.013097786011971058
mlp_V0-vpinn,70.85204487710863,0.00792855042258525,0.005606670928304474,0.013120523934574677
mlp_V0-vpinn,71.05104018546439,0.007850499699717154,0.00559591081122953,0.013143222520375633
mlp_V0-vpinn,71.25003549382016,0.0077662930493956756,0.005585696853878634,0.013165881972829297
mlp_V0-vpinn,71.44903080217593,0.007764152876422101,0.005595641941082882,0.013122661996429379
mlp_V0-vpinn,71.64802611053169,0.007761877015931574,0.005605569384298256,0.01307380628579375
mlp_V0-vpinn,71.84702141888745,0.007759464911017772,0.005615479277101649,0.013024767319395322
mlp_V0-vpinn,72.04601672724321,0.007756915966377386,0.0056253717122457065,0.012975543019477708
mlp_V0-vpinn,72.24501203559898,0.007754229547639365,0.005635246781668955,0.012926131268722475
mlp_V0-vpinn,72.44400734395475,0.007755766036883004,0.005645104576505777,0.012876529909186446
mlp_V0-vpinn,72.64300265231051,0.007752428585157924,0.005625985025671148,0.01284468497189675
mlp_V0-vpinn,72.84199796066628,0.0077467548237026,0.005605608396525742,0.012815796856561854
mlp_V0-vpinn,73.04099326902204,0.0077408926307398224,0.005585157426727003,0.012786843477185884
mlp_V0-vpinn,73.2399885773778,0.007734841091493536,0.005564631296631224,0.012757824389426345
mlp_V0-vpinn,73.43898388573358,0.007728599219323019,0.005544029171421412,0.012728739143875645
mlp_V0-vpinn,73.63797919408934,0.0077207350100922355,0.005523350200711113,0.012699587285979912
mlp_V0-vpinn,73.8369745024451,0.007703438606878121,0.005493494597292703,0.012674292975103266
mlp_V0-vpinn,74.03596981080086,0.007688554569632671,0.005462379643628889,0.012650026649798777
mlp_V0-vpinn,74.23496511915663,0.0076736265875851865,0.00543108643383425,0.012625713685272868
mlp_V0-vpinn,74.43396042751239,0.007658654219984598,0.005399611868683302,0.01260135381156937
mlp_V0-vpinn,74.63295573586817,0.007643637018486235,0.005367952758088759,0.012576946756117762
mlp_V0-vpinn,74.83195104422393,0.007637881294120811,0.005336105817327826,0.012552492243697599
mlp_V0-vpinn,75.03094635257969,0.0076258439606085495,0.005373618942360208,0.012562356947316063
mlp_V0-vpinn,75.22994166093545,0.007621995787032506,0.005425264598490585,0.01258582345725507
mlp_V0-vpinn,75.42893696929121,0.007619122918672389,0.0054764232295886305,0.012609246294787164
mlp_V0-vpinn,75.62793227764698,0.0076162452670477795,0.005527108359306946,0.012632625702838492
mlp_V0-vpinn,75.82692758600275,0.007651212695460291,0.005577332896776337,0.012655961922091405
mlp_V0-vpinn,76.02592289435852,0.007628397121444105,0.005627109175003297,0.012679255191013367
mlp_V0-vpinn,76.22491820271428,0.007631608248253908,0.00559043180301223,0.012657579128953413
mlp_V0-vpinn,76.42391351107004,0.007652303577095458,0.005525747684852205,0.012610816205415286
mlp_V0-vpinn,76.6229088194258,0.007672684003976824,0.005460297355379872,0.012563879230867053
mlp_V0-vpinn,76.82190412778158,0.007692756534953103,0.005394052923515609,0.012516766247272501
mlp_V0-vpinn,77.02089943613734,0.007712527863183964,0.005326984763842132,0.012469475259605269
mlp_V0-vpinn,77.2198947444931,0.007732004386854375,0.005259061361756976,0.012422004234863053
mlp_V0-vpinn,77.41889005284887,0.007691971264494097,0.005240099679961103,0.012392495788117328
mlp_V0-vpinn,77.61788536120463,0.00764396347142301,0.005243355339906509,0.012376426776943266
mlp_V0-vpinn,77.81688066956039,0.007595388875932274,0.00524660897962901,0.0123603368753271
mlp_V0-vpinn,78.01587597791617,0.007546225808006619,0.005249860602884749,0.012344226001580798
mlp_V0-vpinn,78.21487128627193,0.007496451176405206,0.005253110213418245,0.012328094073482572
mlp_V0-vpinn,78.41386659462769,0.007446040334617544,0.005256357814962442,0.012311941008271958
mlp_V0-vpinn,78.61286190298345,0.007424649390439839,0.005246864871037003,0.012285469237480579
mlp_V0-vpinn,78.81185721133922,0.007408499275978881,0.0052296025778510846,0.012248797395524744
mlp_V0-vpinn,79.01085251969498,0.007392313698028527,0.005212283114875022,0.012212015431047647
mlp_V0-vpinn,79.20984782805075,0.007376092420758892,0.00519490591030827,0.012175122345983959
mlp_V0-vpinn,79.40884313640652,0.007359835205701831,0.005177470382754531,0.012138117127100482
mlp_V0-vpinn,79.60783844476228,0.0073435418117092244,0.005159975940994774,0.012100998745671457
mlp_V0-vpinn,79.80683375311804,0.007332425557790236,0.005141274920530988,0.012073131259512768
mlp_V0-vpinn,80.0058290614738,0.007323903143122747,0.005121585431645988,0.012057351464127295
mlp_V0-vpinn,80.20482436982958,0.0073153690393379,0.005101819955546834,0.01204155099019893
mlp_V0-vpinn,80.40381967818534,0.007306823193420768,0.005081977605616086,0.012025729756219747
mlp_V0-vpinn,80.6028149865411,0.007298265551936013,0.005062057477859265,0.012009887680144942
mlp_V0-vpinn,80.80181029489687,0.007289696061023119,0.005042058650424289,0.011994024679387878
mlp_V0-vpinn,81.00080560325263,0.007307343212871881,0.005028698215927329,0.011980942812406966
mlp_V0-vpinn,81.19980091160839,0.007339366125116831,0.005022327291157602,0.011972741827307724
mlp_V0-vpinn,81.39879621996417,0.007371079112610746,0.005015948274468369,0.011964535220916929
mlp_V0-vpinn,81.59779152831993,0.007402490730294137,0.005009561134947648,0.011956322981659514
mlp_V0-vpinn,81.7967868366757,0.007433609146301895,0.005003165841486141,0.011948105097920641
mlp_V0-vpinn,81.99578214503146,0.007464442166013515,0.004996762362775469,0.011985002331183053
mlp_V0-vpinn,82.19477745338722,0.007472258827328834,0.004985888964695913,0.011931047008948169
mlp_V0-vpinn,82.393772761743,0.007475471107191406,0.004968876158404873,0.011920763468817371
mlp_V0-vpinn,82.59276807009876,0.007477898118562682,0.004951804901937502,0.011910471049847294
mlp_V0-vpinn,82.79176337845452,0.007469185088030635,0.004934674588677572,0.011900169729000097
mlp_V0-vpinn,82.99075868681028,0.007406012011676942,0.004917484601442903,0.011889859483138141
mlp_V0-vpinn,83.18975399516604,0.007344306908436403,0.004900234312225892,0.01187954028902338
mlp_V0-vpinn,83.3887493035218,0.007337107576134313,0.004889817294268007,0.011873752457308925
mlp_V0-vpinn,83.58774461187758,0.00737185521362246,0.0048918634069721354,0.011883613421997001
mlp_V0-vpinn,83.78673992023334,0.007405772301175648,0.004893908664209372,0.011893466210885908
mlp_V0-vpinn,83.9857352285891,0.007438890133347335,0.004895953067051816,0.011903310844277835
mlp_V0-vpinn,84.18473053694487,0.007471237751246276,0.004897996616569331,0.011913147342391088
mlp_V0-vpinn,84.38372584530063,0.007505358975712958,0.004900039313829548,0.011922975725360567
mlp_V0-vpinn,84.5827211536564,0.007501043647898281,0.004896817312605832,0.011924902222984073
mlp_V0-vpinn,84.78171646201217,0.007440757302161243,0.004880616431448255,0.011884955005617773
mlp_V0-vpinn,84.98071177036793,0.007379564758572722,0.004864361593139351,0.011844873065735551
mlp_V0-vpinn,85.1797070787237,0.00731742147824456,0.004848052254946899,0.011804655031012811
mlp_V0-vpinn,85.37870238707946,0.0072542791370046895,0.004831687864978678,0.011764299505667332
mlp_V0-vpinn,85.57769769543522,0.007192722250516601,0.004815267861964558,0.011723805069894039
mlp_V0-vpinn,85.776693003791,0.007169772194508402,0.004823887946244691,0.011686882916314305
mlp_V0-vpinn,85.97568831214676,0.0071794992886847295,0.004919617165507809,0.011687663710268512
mlp_V0-vpinn,86.17468362050252,0.007189145237717041,0.0050135188433268465,0.011688444452065292
mlp_V0-vpinn,86.37367892885828,0.007198710824017811,0.005105693814715844,0.011689225141715096
mlp_V0-vpinn,86.57267423721404,0.007198977054302374,0.005196233969603553,0.01169000577922837
mlp_V0-vpinn,86.77166954556981,0.007192313631390885,0.005285223325848792,0.011690786364615558
mlp_V0-vpinn,86.97066485392558,0.00718459131470941,0.005344249178794424,0.011691399309997704
mlp_V0-vpinn,87.16966016228135,0.007165776706948594,0.005244212438738715,0.011683166792021367
mlp_V0-vpinn,87.36865547063711,0.007146876346970345,0.005142229955982021,0.011674928468927202
mlp_V0-vpinn,87.56765077899287,0.007125709497254308,0.005038183575235806,0.011666684328417517
mlp_V0-vpinn,87.76664608734863,0.007117722886105893,0.004931942675594764,0.011658434358151138
mlp_V0-vpinn,87.9656413957044,0.007176185197004626,0.00482336224774066,0.011650178545743193
mlp_V0-vpinn,88.16463670406017,0.007245355187580484,0.004731737680179941,0.011641916878764896
mlp_V0-vpinn,88.36363201241593,0.007222497459991017,0.00484238138323058,0.011617897531016098
mlp_V0-vpinn,88.5626273207717,0.0071638636803644145,0.004950552842590569,0.011592926509809049
mlp_V0-vpinn,88.76162262912746,0.007155595842693313,0.005056410726385369,0.011567901585096449
mlp_V0-vpinn,88.96061793748322,0.007174656501705917,0.00516009742355011,0.011542822406288697
mlp_V0-vpinn,89.159613245839,0.007193660448445764,0.0052617412904049175,0.011517688618979238
mlp_V0-vpinn,89.35860855419476,0.007166560441733844,0.005357572740257053,0.011492499864886114
mlp_V0-vpinn,89.55760386255052,0.007127543851445289,0.005263659456017938,0.011470031828361772
mlp_V0-vpinn,89.75659917090628,0.007088248521336486,0.005168039867368347,0.011447909684301838
mlp_V0-vpinn,89.95559447926205,0.007048667696826635,0.00507061744489665,0.011425744708168109
mlp_V0-vpinn,90.15458978761781,0.007008794336295418,0.004971286199191494,0.01140353665020336
mlp_V0-vpinn,90.35358509597359,0.006968621093536742,0.004869929329677519,0.011381285258213634
mlp_V0-vpinn,90.55258040432935,0.006954204680588792,0.004766417614711799,0.011358990277534826
mlp_V0-vpinn,90.75157571268511,0.006948862720082915,0.004744107028871493,0.011345536125635948
mlp_V0-vpinn,90.95057102104087,0.006943511504777221,0.0047257434560049605,0.011334238511811376
mlp_V0-vpinn,91.14956632939663,0.006938150990792235,0.004707308245968126,0.01132292962563779
mlp_V0-vpinn,91.34856163775241,0.006932781133897875,0.004688800553781885,0.011311609433306285
mlp_V0-vpinn,91.54755694610817,0.006927401889509516,0.004670219517724099,0.011300277900838615
mlp_V0-vpinn,91.74655225446394,0.006923211769833565,0.004651564258861412,0.011288934994085995
mlp_V0-vpinn,91.9455475628197,0.006912776521127199,0.00465003955000678,0.011290762744816194
mlp_V0-vpinn,92.14454287117546,0.006902323971687606,0.004650694649008405,0.011297397688961161
mlp_V0-vpinn,92.34353817953122,0.00689185402866011,0.004651349655745477,0.011304028738700227
mlp_V0-vpinn,92.542533487887,0.006881366598313942,0.004652004570256968,0.01131065590088286
mlp_V0-vpinn,92.74152879624276,0.006870861586030268,0.004652659392581825,0.01131727918233848
mlp_V0-vpinn,92.94052410459852,0.006909921946566779,0.004653314122758965,0.011323898589876525
mlp_V0-vpinn,93.13951941295429,0.006964276390027108,0.004715864849762817,0.011299598869761174
mlp_V0-vpinn,93.33851472131005,0.007017815776871518,0.004790840725404848,0.01125906449095373
mlp_V0-vpinn,93.53751002966581,0.007020277254366356,0.004864661183594068,0.011218383653869322
mlp_V0-vpinn,93.73650533802159,0.006994503135305381,0.004937378049748274,0.011177554759398387
mlp_V0-vpinn,93.93550064637735,0.006968564127162349,0.005009039387058685,0.011136576179117922
mlp_V0-vpinn,94.13449595473311,0.00694245690139743,0.0050796898680996695,0.011095446254533613
mlp_V0-vpinn,94.33349126308887,0.006941174471670044,0.005018772934717342,0.011072908236831214
mlp_V0-vpinn,94.53248657144464,0.0069472129809535635,0.00491320658769423,0.011063596440790573
mlp_V0-vpinn,94.73148187980041,0.006953234393976566,0.0048053216517182865,0.01105427680077096
mlp_V0-vpinn,94.93047718815617,0.0069592388103726175,0.004694958293700085,0.01104494929691632
mlp_V0-vpinn,95.12947249651194,0.006965226328724511,0.004581937426754524,0.011035613909286677
mlp_V0-vpinn,95.3284678048677,0.00697119704657936,0.0044660572976401155,0.011026270617857646
mlp_V0-vpinn,95.52746311322346,0.0069496504951307575,0.004547871105714174,0.011051679575065426
mlp_V0-vpinn,95.72645842157922,0.0069055234713946215,0.004715998449780893,0.011109971833629951
mlp_V0-vpinn,95.925453729935,0.006860944945968239,0.004878334876008597,0.011167959834194585
mlp_V0-vpinn,96.12444903829076,0.006815899693412529,0.005035440491816753,0.011225648291850058
mlp_V0-vpinn,96.32344434664653,0.006770371605554604,0.005091980640422942,0.011283041801147805
mlp_V0-vpinn,96.52243965500229,0.006746882667258536,0.005073929710150352,0.011340144840370483
mlp_V0-vpinn,96.72143496335805,0.0067512081392620184,0.005083620771951443,0.011339049607272849
mlp_V0-vpinn,96.92043027171381,0.0067591782063937825,0.005093293394502808,0.011263453178738747
mlp_V0-vpinn,97.11942558006959,0.006767043996529158,0.004981987958580648,0.011187345932931783
mlp_V0-vpinn,97.31842088842535,0.006774806612292652,0.004816377260795987,0.011110717372723095
mlp_V0-vpinn,97.51741619678111,0.006782467123311937,0.004644865532734262,0.01103355663646026
mlp_V0-vpinn,97.71641150513688,0.006833444981946756,0.004466773076400101,0.010955852479995414
mlp_V0-vpinn,97.91540681349264,0.0068834342348692585,0.004382470289032728,0.010902849588027626
mlp_V0-vpinn,98.11440212184841,0.00692365743916239,0.004379251485828421,0.010893739933229275
mlp_V0-vpinn,98.31339743020418,0.006932228376293855,0.004376030315023683,0.010884622654300615
mlp_V0-vpinn,98.51239273855994,0.006878599748565259,0.004372806771386326,0.010875497732066988
mlp_V0-vpinn,98.7113880469157,0.0068245355043732615,0.004369580849664868,0.010866365147273222
mlp_V0-vpinn,98.91038335527146,0.006770024520642441,0.004366352544588422,0.01085722488058317
mlp_V0-vpinn,99.10937866362723,0.006763225676047674,0.004377334307722607,0.01084560461212221
mlp_V0-vpinn,99.308373971983,0.00678729605524462,0.0044034316854177045,0.01082798575376652
mlp_V0-vpinn,99.50736928033876,0.006811246655488747,0.004429375302987528,0.01081033817995787
mlp_V0-vpinn,99.70636458869453,0.0067984605834348925,0.004455167846590192,0.010792661749834422
mlp_V0-vpinn,99.90535989705029,0.00674596023036061,0.004480811925071876,0.010774956321378901
mlp_V0-vpinn,100.10435520540605,0.006725628093366983,0.004506310073046636,0.0107572217514053
mlp_V0-vpinn,100.30335051376183,0.006737235326330954,0.00450605187028184,0.010757457024279554
mlp_V0-vpinn,100.50234582211759,0.006748303943959611,0.004469564818055219,0.010821210818197655
mlp_V0-vpinn,100.70134113047335,0.006759272165491414,0.004432777443987403,0.010884591196482045
mlp_V0-vpinn,100.90033643882911,0.006770141292789626,0.004395682207922907,0.010947604644724383
mlp_V0-vpinn,101.09933174718488,0.006780912592696142,0.004358271248806861,0.011010257462922807
mlp_V0-vpinn,101.29832705554064,0.006795424661241253,0.00432053636523326,0.01107255577283329
mlp_V0-vpinn,101.49732236389642,0.006780066627570726,0.00436266489753316,0.011114784539654277
mlp_V0-vpinn,101.69631767225218,0.006738608525941608,0.004548583465373531,0.011044114123370004
mlp_V0-vpinn,101.89531298060794,0.006696566874006336,0.004727195582453823,0.010972988570900085
mlp_V0-vpinn,102.0943082889637,0.006653917843440889,0.00489930042027149,0.010901398973718326
mlp_V0-vpinn,102.29330359731946,0.006610635933496834,0.0049398941277291105,0.01082933612883403
mlp_V0-vpinn,102.49229890567523,0.0065620818264609335,0.00493027435422028,0.010756790524982492
mlp_V0-vpinn,102.691294214031,0.006535776931448491,0.0049276565891172245,0.010687877204642024
mlp_V0-vpinn,102.89028952238677,0.0065389293212006604,0.004925037432614964,0.010669858907221294
mlp_V0-vpinn,103.08928483074253,0.0065420033128042385,0.004922416882492461,0.010651810130607498
mlp_V0-vpinn,103.28828013909829,0.0065449992854775185,0.004835631884802269,0.010633730719602386
mlp_V0-vpinn,103.48727544745405,0.006547917602977357,0.004671538086017231,0.010615620517686115
mlp_V0-vpinn,103.68627075580983,0.006555677411144754,0.004501466478038308,0.010597479367001445
mlp_V0-vpinn,103.88526606416559,0.0065743917304096275,0.004355539194384476,0.010579343865711292
mlp_V0-vpinn,104.08426137252135,0.006594485105397585,0.00431961171043382,0.010583163625624805
mlp_V0-vpinn,104.28325668087712,0.006614501552750578,0.004283382890194925,0.010586982007377399
mlp_V0-vpinn,104.48225198923288,0.006634442056864033,0.004246845021791149,0.010590799012459712
mlp_V0-vpinn,104.68124729758864,0.006654307580358722,0.004209990058683024,0.010594614642359694
mlp_V0-vpinn,104.88024260594442,0.006689285473132481,0.004172809598976151,0.010598428898562618
mlp_V0-vpinn,105.07923791430018,0.006748611432855678,0.004139828510971423,0.010602241782551088
mlp_V0-vpinn,105.27823322265594,0.006782819693342813,0.004134098866128317,0.010587165037738488
mlp_V0-vpinn,105.4772285310117,0.006815903830523393,0.004128361269268354,0.010570594486128747
mlp_V0-vpinn,105.67622383936747,0.0068148262421807125,0.004122615687190182,0.01055399791756843
mlp_V0-vpinn,105.87521914772323,0.006766854897519027,0.004116862086460773,0.010537375209125946
mlp_V0-vpinn,106.074214456079,0.006718539004898044,0.004111100433413142,0.01052072623689854
mlp_V0-vpinn,106.27320976443477,0.006677327745103662,0.004105673112105371,0.010504050876001533
mlp_V0-vpinn,106.47220507279053,0.006659984973054072,0.004104479693512134,0.010523276750158857
mlp_V0-vpinn,106.67120038114629,0.006642596768452325,0.0041032859278195485,0.010548467064391807
mlp_V0-vpinn,106.87019568950205,0.006577862606134285,0.00410209181472458,0.010573597365924402
mlp_V0-vpinn,107.06919099785783,0.006501349100985487,0.004100897353923756,0.010598668081641593
mlp_V0-vpinn,107.2681863062136,0.006432583175597011,0.0040997025451131605,0.010623679633391296
mlp_V0-vpinn,107.46718161456936,0.006411365697904287,0.004098509346880718,0.010648632438067239
mlp_V0-vpinn,107.66617692292512,0.006398259193040752,0.004097622133187742,0.010648933791013563
mlp_V0-vpinn,107.86517223128088,0.0063850630255243845,0.004096734727354397,0.010642391540842826
mlp_V0-vpinn,108.06416753963664,0.006371775884637741,0.004095847129255797,0.010635845266447579
mlp_V0-vpinn,108.26316284799242,0.006358396424983684,0.004094959338766919,0.010629294960392614
mlp_V0-vpinn,108.46215815634818,0.006346323053943982,0.004094071355762604,0.010622740615219797
mlp_V0-vpinn,108.66115346470394,0.006343008736438649,0.004093183180117558,0.010616182223447972
mlp_V0-vpinn,108.8601487730597,0.006332704342517173,0.004081931100729835,0.010579265846668868
mlp_V0-vpinn,109.05914408141547,0.006322383133215052,0.004069946101357141,0.010529819075824016
mlp_V0-vpinn,109.25813938977124,0.006312045025837571,0.0040579257046918565,0.01048013901075173
mlp_V0-vpinn,109.457134698127,0.0063016899370091405,0.0040458695952348255,0.010430222317849857
mlp_V0-vpinn,109.65613000648277,0.006291437617400952,0.004033777452772069,0.010380065583360552
mlp_V0-vpinn,109.85512531483853,0.006283410924914853,0.00402164895227555,0.0103296653106458
mlp_V0-vpinn,110.0541206231943,0.006277335679076329,0.004035910558012074,0.010316914128451437
mlp_V0-vpinn,110.25311593155006,0.00627125454705477,0.004054124482586557,0.01032582350463601
mlp_V0-vpinn,110.45211123990583,0.006265167511705534,0.004072256942819561,0.010334725200214376
mlp_V0-vpinn,110.6511065482616,0.006259074555800579,0.004090309022112694,0.010343619235016276
mlp_V0-vpinn,110.85010185661736,0.006253008766336382,0.004108281780064616,0.010352505628786264
mlp_V0-vpinn,111.04909716497312,0.006265358113437281,0.004126176253196811,0.01036138440118423
mlp_V0-vpinn,111.24809247332888,0.006281151369479618,0.004110353319478788,0.010358787106081308
mlp_V0-vpinn,111.44708778168464,0.00629687417884566,0.004085881967948284,0.01034724273501455
mlp_V0-vpinn,111.64608309004042,0.006312527517819475,0.004061263165698523,0.010335685469551905
mlp_V0-vpinn,111.84507839839618,0.006328112340288296,0.004036494214800048,0.010324115266389728
mlp_V0-vpinn,112.04407370675194,0.006343629578455407,0.004011572334031746,0.010312532081981442
mlp_V0-vpinn,112.24306901510771,0.006321850340537699,0.003986494655235796,0.010300935872535636
mlp_V0-vpinn,112.44206432346347,0.006293855519800148,0.0039816511230502715,0.010284541161154431
mlp_V0-vpinn,112.64105963181925,0.006265667631947413,0.003984516577036671,0.010263121709263776
mlp_V0-vpinn,112.84005494017501,0.006237282221620376,0.0039873799718201635,0.01024165746072593
mlp_V0-vpinn,113.03905024853077,0.006208694656799789,0.003990241311833798,0.010220148133296544
mlp_V0-vpinn,113.23804555688653,0.006179900118819597,0.003993100601494739,0.010198593441754923
mlp_V0-vpinn,113.4370408652423,0.006183942715390544,0.003995957845204349,0.01017699309785991
mlp_V0-vpinn,113.63603617359806,0.0061970250143037215,0.003998786100405131,0.010166238048547107
mlp_V0-vpinn,113.83503148195383,0.0062102039189279885,0.004001598011799497,0.01017063343651907
mlp_V0-vpinn,114.0340267903096,0.006223341875524001,0.004004407948658839,0.01017502692578022
mlp_V0-vpinn,114.23302209866536,0.006236439305416982,0.0040072159151369035,0.010179418518789042
mlp_V0-vpinn,114.43201740702112,0.006249496622602935,0.004010021915372895,0.010183808217998712
mlp_V0-vpinn,114.63101271537688,0.006277827782289558,0.004012825953491542,0.010188196025857124
mlp_V0-vpinn,114.83000802373265,0.006304761238731759,0.004001110427089769,0.010183533679772549
mlp_V0-vpinn,115.02900333208842,0.006331076191728921,0.003978811565409286,0.010161656793159555
mlp_V0-vpinn,115.22799864044418,0.006357140009417121,0.003956387025595817,0.010139732706381844
mlp_V0-vpinn,115.42699394879995,0.006382959091888695,0.00393383465839264,0.010117761112606566
mlp_V0-vpinn,115.62598925715571,0.006408539569730869,0.003911152252577156,0.010095741701662022
mlp_V0-vpinn,115.82498456551147,0.0063747174096850535,0.0038883375324304838,0.010073674159986591
mlp_V0-vpinn,116.02397987386725,0.006335831932705241,0.0038873992579446133,0.01005810620562832
mlp_V0-vpinn,116.22297518222301,0.006298124977273875,0.003907435298497487,0.010059901715139635
mlp_V0-vpinn,116.42197049057877,0.006259651383163194,0.003927369123627159,0.010061696904242336
mlp_V0-vpinn,116.62096579893453,0.006220377116525212,0.003947202281932833,0.010063491773107894
mlp_V0-vpinn,116.8199611072903,0.006180265355481985,0.003966936283301205,0.010065286321907623
mlp_V0-vpinn,117.01895641564606,0.006173744721531467,0.003986572600247911,0.01006708055081269
mlp_V0-vpinn,117.21795172400184,0.006160247718076365,0.004035407526820531,0.010065333641101898
mlp_V0-vpinn,117.4169470323576,0.006141325053473847,0.004120196175925058,0.01004942736267986
mlp_V0-vpinn,117.61594234071336,0.0061223307123345234,0.004203274812416523,0.010033495867785056
mlp_V0-vpinn,117.81493764906912,0.006103263778245405,0.0042847429058559434,0.010017539036107664
mlp_V0-vpinn,118.01393295742488,0.006084123314148222,0.004364690640798098,0.010001556746378133
mlp_V0-vpinn,118.21292826578066,0.0060669491082597045,0.0044432000867008275,0.009985548876356424
mlp_V0-vpinn,118.41192357413642,0.006058491823328635,0.004460442808732151,0.00997070448085419
mlp_V0-vpinn,118.61091888249219,0.0060533405356614604,0.004374113842848388,0.00996395747671048
mlp_V0-vpinn,118.80991419084795,0.006048184602087458,0.004286046403204872,0.009957205900796849
mlp_V0-vpinn,119.00890949920371,0.006043024009389361,0.004196131031158697,0.009950449743807184
mlp_V0-vpinn,119.20790480755947,0.006037858744284743,0.004104246275612671,0.009943688996403768
mlp_V0-vpinn,119.40690011591525,0.006031086055308482,0.004010256768725409,0.009936923649217107
mlp_V0-vpinn,119.60589542427101,0.006030907103821723,0.003935245011122291,0.009930182992699243
mlp_V0-vpinn,119.80489073262677,0.0060349382709354105,0.003909348124278468,0.009923972862874608
mlp_V0-vpinn,120.00388604098254,0.006038938673225808,0.0038832785395894872,0.0099177588444996
mlp_V0-vpinn,120.2028813493383,0.0060429084808232,0.0038570327552761266,0.00991154093026046
mlp_V0-vpinn,120.40187665769406,0.006046847860837006,0.0038306071495925603,0.009905319112820483
mlp_V0-vpinn,120.60087196604984,0.0060496486998298845,0.0038039979749924045,0.009899093384819901
mlp_V0-vpinn,120.7998672744056,0.006044843130037688,0.0037829220241940727,0.00989286373887579
mlp_V0-vpinn,120.99886258276136,0.0060351149028300775,0.0037813013288021517,0.009878960904559368
mlp_V0-vpinn,121.19785789111712,0.006025369062655838,0.00377967993846956,0.009864886835934797
mlp_V0-vpinn,121.39685319947289,0.006015605505199256,0.003778057852301576,0.009850792659364366
mlp_V0-vpinn,121.59584850782866,0.0060058241250568935,0.003776435069401556,0.00983667828841495
mlp_V0-vpinn,121.79484381618443,0.005998453453484154,0.0037748115888709298,0.009822543636032435
mlp_V0-vpinn,121.99383912454019,0.005996065241960859,0.0037729201968077965,0.009808388614535443
mlp_V0-vpinn,122.19283443289595,0.005996275168085076,0.00376954413953339,0.009806931242570531
mlp_V0-vpinn,122.39182974125171,0.005996482350976397,0.003766165055902472,0.009806784374969565
mlp_V0-vpinn,122.59082504960747,0.005996686791274602,0.003762782937761785,0.009806637505169056
mlp_V0-vpinn,122.78982035796325,0.005996888489600575,0.003759397776921398,0.00980649063316891
mlp_V0-vpinn,122.98881566631901,0.005996231344118199,0.003756009565154473,0.009806343758969027
mlp_V0-vpinn,123.18781097467478,0.00598808526907634,0.0037523412322238332,0.009806196882569305
mlp_V0-vpinn,123.38680628303054,0.005971802085840311,0.0037455793353230195,0.009797208349752784
mlp_V0-vpinn,123.5858015913863,0.0059554622657139195,0.003738805209067543,0.009786454534416263
mlp_V0-vpinn,123.78479689974206,0.00593906514189369,0.0037320187868635324,0.009775688889276685
mlp_V0-vpinn,123.98379220809784,0.005922610033830291,0.0037252200015105287,0.009764911375207588
mlp_V0-vpinn,124.1827875164536,0.005908008111050911,0.0037184087851937237,0.009754121952866363
mlp_V0-vpinn,124.38178282480936,0.005902343060269409,0.0037116008793384673,0.00974332058269256
mlp_V0-vpinn,124.58077813316513,0.005907355638260843,0.003706153420884193,0.009750822168404609
mlp_V0-vpinn,124.77977344152089,0.005912362107504603,0.00370069794373401,0.009764073392846032
mlp_V0-vpinn,124.97876874987666,0.005917362492838695,0.003695234412372597,0.009777306657864264
mlp_V0-vpinn,125.17776405823243,0.005922356818929185,0.0036897627910216905,0.009790522036283354
mlp_V0-vpinn,125.37675936658819,0.005925926561978322,0.0036842830436373507,0.00980371960043651
mlp_V0-vpinn,125.57575467494395,0.005925160367231468,0.0036787951339071904,0.009816899422170731
mlp_V0-vpinn,125.77474998329971,0.0059200119755098216,0.0036780735995573257,0.009804422470064229
mlp_V0-vpinn,125.97374529165548,0.005914858896491074,0.0036776629668263494,0.009780233304587037
mlp_V0-vpinn,126.17274060001125,0.00590970111682936,0.0036772522882406898,0.009755984164235128
mlp_V0-vpinn,126.37173590836701,0.005904538623113266,0.003676841563784982,0.009731674600676891
mlp_V0-vpinn,126.57073121672278,0.005902119040039808,0.0036764307934438523,0.009707304159967012
mlp_V0-vpinn,126.76972652507854,0.005906523918186446,0.0036760199772019188,0.009682872382447576
mlp_V0-vpinn,126.9687218334343,0.005913653612926104,0.0036777607608422932,0.009667841305236707
mlp_V0-vpinn,127.16771714179008,0.005920771567527479,0.0036798314021683287,0.009658727530461639
mlp_V0-vpinn,127.36671245014584,0.005927877847145205,0.0036819008789994567,0.009649605147992027
mlp_V0-vpinn,127.5657077585016,0.00593497251631266,0.003683969193298149,0.009640474133392552
mlp_V0-vpinn,127.76470306685736,0.005935960068644984,0.0036860363470213714,0.009631334462112064
mlp_V0-vpinn,127.96369837521313,0.005918561384252469,0.0036881023421206057,0.00962218610948282
mlp_V0-vpinn,128.16269368356888,0.005896352816074371,0.003697280720070058,0.009673763379819282
mlp_V0-vpinn,128.36168899192467,0.005874024261662969,0.0037082506778644566,0.009775855297235767
mlp_V0-vpinn,128.56068430028043,0.005851573503674122,0.0037191882792838847,0.009876892003877149
mlp_V0-vpinn,128.7596796086362,0.005828998253558291,0.0037300938089601774,0.009976905558338823
mlp_V0-vpinn,128.95867491699195,0.005810122260861031,0.003740967547376409,0.010075926428064659
mlp_V0-vpinn,129.15767022534772,0.005806464558852774,0.0037518097709510656,0.010173983597762068
mlp_V0-vpinn,129.35666553370348,0.005810269746497891,0.0037369678236012756,0.010174026865790834
mlp_V0-vpinn,129.55566084205924,0.0058140696765920435,0.0037121653912831733,0.010063546933863009
mlp_V0-vpinn,129.754656150415,0.005817864369933177,0.003687196125764109,0.009951840589272594
mlp_V0-vpinn,129.95365145877076,0.0058216538471822276,0.0036620566144530253,0.009838866059588542
mlp_V0-vpinn,130.15264676712656,0.005824905281761002,0.0036367433268060627,0.009724579145790987
mlp_V0-vpinn,130.35164207548232,0.005825195601968899,0.0036112526085387226,0.009608933020215246
mlp_V0-vpinn,130.55063738383808,0.0058134419385734454,0.003601259667339097,0.009546215729778337
mlp_V0-vpinn,130.74963269219384,0.0058016615668612355,0.0035996108868117725,0.009565186211920762
mlp_V0-vpinn,130.9486280005496,0.0057898542886609915,0.0035979613507240967,0.009584119144604306
mlp_V0-vpinn,131.14762330890537,0.005778019903218515,0.0035963110580364012,0.009603014749922157
mlp_V0-vpinn,131.34661861726113,0.005766191118385452,0.00359466000770663,0.009621873247786744
mlp_V0-vpinn,131.5456139256169,0.005754629707888393,0.0035930081986903346,0.009640694855959602
mlp_V0-vpinn,131.74460923397265,0.005750628918071745,0.0035911173055388395,0.00964500493907379
mlp_V0-vpinn,131.94360454232842,0.005747199059329357,0.0035890533736126938,0.00961920966711335
mlp_V0-vpinn,132.14259985068418,0.005743765174581732,0.0035869882541124643,0.009593345035232292
mlp_V0-vpinn,132.34159515903997,0.005740327249285585,0.003584921944985819,0.009567410480905746
mlp_V0-vpinn,132.54059046739573,0.00573759882654048,0.003582854444174509,0.009541405433963817
mlp_V0-vpinn,132.7395857757515,0.005749316813558449,0.0035807857496143436,0.0095153293164453
mlp_V0-vpinn,132.93858108410726,0.005761555401122961,0.0035780090067887922,0.009492920750714527
mlp_V0-vpinn,133.13757639246302,0.005773839874638963,0.00357455161275215,0.009481498248766875
mlp_V0-vpinn,133.33657170081878,0.005786075790978704,0.003571090871399981,0.009470061969353323
mlp_V0-vpinn,133.53556700917454,0.00579826374691517,0.003567626772991193,0.009458611862499433
mlp_V0-vpinn,133.7345623175303,0.00581040432707074,0.0035641593077373563,0.009447147877927912
mlp_V0-vpinn,133.93355762588607,0.0057976023693247156,0.0035606884658023804,0.009435669965056043
mlp_V0-vpinn,134.13255293424183,0.005782861457503907,0.003557161123157099,0.009425920174720628
mlp_V0-vpinn,134.3315482425976,0.005767580748260122,0.003553562789432993,0.009424065888085139
mlp_V0-vpinn,134.53054355095338,0.005752232515552824,0.003549960808344975,0.009422211236526938
mlp_V0-vpinn,134.72953885930914,0.005736815772551671,0.003546355168779324,0.009420356219830495
mlp_V0-vpinn,134.9285341676649,0.005721329507891103,0.003542745859565762,0.009418500837780059
mlp_V0-vpinn,135.12752947602067,0.005713890014295295,0.0035391328694770515,0.009416645090159673
mlp_V0-vpinn,135.32652478437643,0.005707731703916872,0.0035364940993012997,0.009414512661593672
mlp_V0-vpinn,135.5255200927322,0.0057018756178346015,0.003535534598098402,0.009410085135513068
mlp_V0-vpinn,135.72451540108796,0.005696009173167907,0.0035345748364278193,0.009405655525262471
mlp_V0-vpinn,135.92351070944372,0.005690132310163114,0.0035336148140773156,0.00940122382789586
mlp_V0-vpinn,136.12250601779948,0.005684244968485137,0.0035326545308343666,0.009396790040460271
mlp_V0-vpinn,136.32150132615524,0.005679577908900479,0.0035316939864861586,0.009392354159995767
mlp_V0-vpinn,136.520496634511,0.005673783656514617,0.003539826566001646,0.009388312140431869
mlp_V0-vpinn,136.7194919428668,0.005667267458324094,0.003569299618905251,0.009396003936909758
mlp_V0-vpinn,136.91848725122256,0.005660743258129829,0.0035985312867423155,0.009403689441844987
mlp_V0-vpinn,137.11748255957832,0.005654211024717661,0.0036275274049701457,0.009411368670650946
mlp_V0-vpinn,137.31647786793408,0.005647670726661342,0.0036562935776487606,0.009419041638678183
mlp_V0-vpinn,137.51547317628985,0.005692737174941932,0.003684835190086757,0.00942670836121478
mlp_V0-vpinn,137.7144684846456,0.005751922100459885,0.003698443573911545,0.009434368853486695
mlp_V0-vpinn,137.91346379300137,0.005813505938775573,0.0036616825858323022,0.009425994337326016
mlp_V0-vpinn,138.11245910135713,0.005874010191357735,0.0036245487787264588,0.009416925430338927
mlp_V0-vpinn,138.3114544097129,0.0059334939393109465,0.003587030574074801,0.009407847781178534
mlp_V0-vpinn,138.51044971806866,0.005992011023247208,0.0035491157813358704,0.009398761364514353
mlp_V0-vpinn,138.70944502642442,0.005967721317666277,0.0035107915516742454,0.009389666154893344
mlp_V0-vpinn,138.90844033478018,0.005912331187009506,0.003478394060938914,0.00938056212673907
mlp_V0-vpinn,139.10743564313597,0.005849006162025532,0.0034806147455088534,0.009359860639307252
mlp_V0-vpinn,139.30643095149173,0.005784584928571859,0.0034828340141517234,0.009337648116359771
mlp_V0-vpinn,139.5054262598475,0.005719002089718938,0.0034850518695724968,0.009315382627818421
mlp_V0-vpinn,139.70442156820326,0.005652185365900125,0.0034872683144675436,0.009293063792978354
mlp_V0-vpinn,139.90341687655902,0.005622253058724288,0.0034894833515246707,0.009270691226552056
mlp_V0-vpinn,140.10241218491478,0.00560963715414438,0.003491057214637101,0.00924826453859173
mlp_V0-vpinn,140.30140749327055,0.005601150875151435,0.003485441285904189,0.009252117757938026
mlp_V0-vpinn,140.5004028016263,0.005592643469848487,0.0034798162938725857,0.009261852847616787
mlp_V0-vpinn,140.69939810998207,0.00558411476343662,0.003474182194519572,0.009271577715527288
mlp_V0-vpinn,140.89839341833783,0.005575564578660571,0.003468538943464888,0.009281292393800404
mlp_V0-vpinn,141.0973887266936,0.005578250459889964,0.003462886495966654,0.009290996914399028
mlp_V0-vpinn,141.29638403504939,0.005589042621196669,0.003458393536357567,0.009300691309119301
mlp_V0-vpinn,141.49537934340515,0.005604655644940367,0.003547018285418736,0.009299088525198758
mlp_V0-vpinn,141.6943746517609,0.005620223309161413,0.003633482018927565,0.00929365851817295
mlp_V0-vpinn,141.89336996011667,0.0056357460227388426,0.0037179355086721187,0.009288225336700984
mlp_V0-vpinn,142.09236526847243,0.005651224188245815,0.0038005127695378256,0.009282788975208879
mlp_V0-vpinn,142.2913605768282,0.005653469289326876,0.0038813335564204143,0.009277349428106336
mlp_V0-vpinn,142.49035588518396,0.005643270403324185,0.0039605054022144965,0.009271906689786648
mlp_V0-vpinn,142.68935119353972,0.005622362882630613,0.0038850993967235194,0.009260476932318493
mlp_V0-vpinn,142.88834650189548,0.0056013726661760166,0.0037984590146840805,0.009246155317290894
mlp_V0-vpinn,143.08734181025125,0.005580298713461627,0.0037097957423621116,0.009231811484694128
mlp_V0-vpinn,143.286337118607,0.005559139961084897,0.003618960902505214,0.009217445330805827
mlp_V0-vpinn,143.4853324269628,0.00554550238115367,0.003525786660828269,0.009203056751094053
mlp_V0-vpinn,143.68432773531856,0.005542425651064956,0.003430082381151778,0.00918864564020844
mlp_V0-vpinn,143.88332304367432,0.005556902894648615,0.0034112631564193895,0.009181480467311121
mlp_V0-vpinn,144.0823183520301,0.005571316330644011,0.0034038852670877327,0.009179065230162878
mlp_V0-vpinn,144.28131366038585,0.005585666839034347,0.0033964913514757363,0.009176649357339231
mlp_V0-vpinn,144.4803089687416,0.0055999552796887455,0.0033890813046904057,0.009174232848338001
mlp_V0-vpinn,144.67930427709737,0.005610205148804816,0.00338165502068951,0.009171815702656341
mlp_V0-vpinn,144.87829958545314,0.005613224260032872,0.0033742123922638773,0.009169397919790746
mlp_V0-vpinn,145.0772948938089,0.00559527732543271,0.0033709697549454587,0.009162218628180828
mlp_V0-vpinn,145.27629020216466,0.005577271278808296,0.003368754207581858,0.009150877385049635
mlp_V0-vpinn,145.47528551052042,0.0055592055193544624,0.003366537202147616,0.009139522068568022
mlp_V0-vpinn,145.6742808188762,0.005541079435820774,0.0033643187357602316,0.009128152626214733
mlp_V0-vpinn,145.87327612723197,0.00553046685869709,0.0033620988055276945,0.00911676900514102
mlp_V0-vpinn,146.07227143558774,0.005529429513646642,0.0033598774085484393,0.00910537115216777
mlp_V0-vpinn,146.2712667439435,0.005534885261625985,0.003359541909927126,0.009094436368973531
mlp_V0-vpinn,146.47026205229926,0.005540300528002267,0.0033598992551980528,0.009084046179026741
mlp_V0-vpinn,146.66925736065502,0.005545675662989344,0.0033602565624672254,0.009073644091326936
mlp_V0-vpinn,146.8682526690108,0.0055510110099230466,0.003360613831746766,0.0090632300649081
mlp_V0-vpinn,147.06724797736655,0.005546666100441951,0.0033609710630487888,0.00905280405856859
mlp_V0-vpinn,147.2662432857223,0.00552787528662897,0.0033613282563854027,0.009042366030869232
mlp_V0-vpinn,147.46523859407807,0.005514474664296173,0.003358233890215279,0.009042726277675099
mlp_V0-vpinn,147.66423390243384,0.005501021834233349,0.0033533680653380924,0.009060095178352651
mlp_V0-vpinn,147.8632292107896,0.0054874836614712975,0.003348495169754353,0.00907743084516
mlp_V0-vpinn,148.0622245191454,0.005473858678378423,0.003343615172550083,0.009094733468140529
mlp_V0-vpinn,148.26121982750115,0.00546530011762636,0.003338728042585382,0.009112003235533265
mlp_V0-vpinn,148.4602151358569,0.005466299518274885,0.0033338337484921034,0.009129240333796777
mlp_V0-vpinn,148.65921044421268,0.005464422769248695,0.00332961719656404,0.009131915135679586
mlp_V0-vpinn,148.85820575256844,0.00546228984792522,0.00332586825135939,0.009103241263187309
mlp_V0-vpinn,149.0572010609242,0.0054601557971020055,0.0033221150755423498,0.009074476786368356
mlp_V0-vpinn,149.25619636927996,0.005458020614783144,0.003318357654758019,0.00904562084087545
mlp_V0-vpinn,149.45519167763572,0.005456646876553113,0.0033145959745701325,0.009016672548530441
mlp_V0-vpinn,149.6541869859915,0.005457080077779137,0.0033108300204604158,0.008987631017012467
mlp_V0-vpinn,149.85318229434725,0.00545778000938374,0.003308238649397979,0.008965286499174137
mlp_V0-vpinn,150.052177602703,0.0054585255332424264,0.0033067274686996353,0.008963730468173975
mlp_V0-vpinn,150.2511729110588,0.005459268449039873,0.00330521559707303,0.008962174167012534
mlp_V0-vpinn,150.45016821941456,0.0054600087604606655,0.0033037030335695966,0.008960617595549046
mlp_V0-vpinn,150.64916352777033,0.0054580929670309105,0.0033021897772385956,0.008959060753642625
mlp_V0-vpinn,150.8481588361261,0.005447950606406619,0.0033006758271271076,0.008957503641152257
mlp_V0-vpinn,151.04715414448185,0.005445169067237124,0.003301937313350323,0.008954401301634612
mlp_V0-vpinn,151.2461494528376,0.005444476786351903,0.0033065773517988177,0.008943963915972592
mlp_V0-vpinn,151.44514476119338,0.005443732070720163,0.0033112108881136844,0.008933514335899615
mlp_V0-vpinn,151.64414006954914,0.00544293479325011,0.003315837949553076,0.008923052518573903
mlp_V0-vpinn,151.8431353779049,0.005444144138734688,0.0033204585631852234,0.008912578420902238
mlp_V0-vpinn,152.04213068626066,0.005454050113869206,0.003325072755890284,0.008902091999537882
mlp_V0-vpinn,152.24112599461643,0.005452525724243705,0.0033247717598982956,0.008893079895486966
mlp_V0-vpinn,152.44012130297222,0.00544616607552007,0.0033162414899265903,0.008897015456039473
mlp_V0-vpinn,152.63911661132798,0.005439781238443913,0.0033076892211336695,0.008900949276481471
mlp_V0-vpinn,152.83811191968374,0.005433371012031898,0.0032991147824374327,0.008904881359119099
mlp_V0-vpinn,153.0371072280395,0.005426735004417255,0.0032905180005267437,0.008908811706253399
mlp_V0-vpinn,153.23610253639526,0.005418781333897971,0.0032818986998205545,0.00891274032018034
mlp_V0-vpinn,153.43509784475103,0.005415431821854106,0.003284346268159802,0.008916200813611762
mlp_V0-vpinn,153.6340931531068,0.0054147596707859414,0.0033122474112444516,0.008905853109108948
mlp_V0-vpinn,153.83308846146255,0.005414087013240677,0.0033399154805796995,0.008895493367621606
mlp_V0-vpinn,154.0320837698183,0.005413413848757747,0.0033673562213606505,0.008885121547045625
mlp_V0-vpinn,154.23107907817408,0.00541193522960539,0.0033945751465620302,0.00887473760503086
mlp_V0-vpinn,154.43007438652984,0.00540109039059797,0.0034215775498703787,0.008864341498979118
mlp_V0-vpinn,154.62906969488563,0.005390048454640396,0.0034350819581659892,0.00885393318604211
mlp_V0-vpinn,154.8280650032414,0.005378842153914678,0.003404188850400334,0.008851424539772593
mlp_V0-vpinn,155.02706031159715,0.005367596732016056,0.003373012807426383,0.008849238307616237
mlp_V0-vpinn,155.22605561995292,0.005356311732396604,0.003341545910044462,0.008847051535210863
mlp_V0-vpinn,155.42505092830868,0.0053452391136255845,0.0033097798625901596,0.008844864222155765
mlp_V0-vpinn,155.62404623666444,0.005343357149463964,0.0032777059673924076,0.008842676368049739
mlp_V0-vpinn,155.8230415450202,0.005343357527186219,0.0032504111199022786,0.008840487972491087
mlp_V0-vpinn,156.02203685337597,0.005345352661018946,0.003249805470054566,0.00883403557538014
mlp_V0-vpinn,156.22103216173173,0.005347345565388514,0.0032491997073139066,0.008827037573284513
mlp_V0-vpinn,156.4200274700875,0.005349336245765273,0.0032485938316171464,0.008820034018827319
mlp_V0-vpinn,156.61902277844325,0.005351324707595759,0.003247987842901073,0.008813024898771466
mlp_V0-vpinn,156.81801808679901,0.005356767101036337,0.0032473817411024166,0.008806010199827186
mlp_V0-vpinn,157.0170133951548,0.005359255459440836,0.003246333958956948,0.008798989908651734
mlp_V0-vpinn,157.21600870351057,0.005357363358733672,0.003240662435635379,0.008790831487924724
mlp_V0-vpinn,157.41500401186633,0.005355458958631007,0.003234980969093847,0.008782427876993276
mlp_V0-vpinn,157.6139993202221,0.005353542228415416,0.0032292895068513914,0.008774016217222782
mlp_V0-vpinn,157.81299462857785,0.005351613136898536,0.0032235879959637585,0.008765596485441715
mlp_V0-vpinn,158.01198993693362,0.0053388493376973455,0.003217876383017654,0.00875716865836715
mlp_V0-vpinn,158.21098524528938,0.005327871562347994,0.003212249812262188,0.00874873271260402
mlp_V0-vpinn,158.40998055364514,0.005322353803776472,0.0032120719780884387,0.008744988010832887
mlp_V0-vpinn,158.6089758620009,0.005316800760005326,0.003211894134068477,0.008742637249840101
mlp_V0-vpinn,158.80797117035667,0.005311212103932765,0.0032117162802006664,0.008740285856593734
mlp_V0-vpinn,159.00696647871243,0.0053055875022120485,0.0032115384164833716,0.008737933830583362
mlp_V0-vpinn,159.20596178706822,0.005308383267520028,0.003211360542914955,0.008735581171297876
mlp_V0-vpinn,159.40495709542398,0.005310343725317921,0.0032111826594937807,0.008733227878225482
mlp_V0-vpinn,159.60395240377974,0.005306223838501446,0.0032078945178358556,0.008729918250820156
mlp_V0-vpinn,159.8029477121355,0.005302095088562882,0.003204423239873224,0.0087262254944343
mlp_V0-vpinn,160.00194302049127,0.005297957430988251,0.0032009481974749113,0.008722531174689338
mlp_V0-vpinn,160.20093832884703,0.005293810820871967,0.003197469378367236,0.008718835289598012
mlp_V0-vpinn,160.3999336372028,0.0052884130109269725,0.0031939867702096753,0.008715137837168836
mlp_V0-vpinn,160.59892894555855,0.005283559208732117,0.0031905003605943545,0.008711438815406107
mlp_V0-vpinn,160.79792425391432,0.005282788139518166,0.0031888325026312846,0.008705115740379046
mlp_V0-vpinn,160.99691956227008,0.005282016868646157,0.0031874219531337843,0.008697307758694267
mlp_V0-vpinn,161.19591487062584,0.005281245395944522,0.0031860107791406916,0.008689492761116266
mlp_V0-vpinn,161.39491017898163,0.005280473721241451,0.003184598979821818,0.008681670728698507
mlp_V0-vpinn,161.5939054873374,0.005277860214567512,0.0031831865543451346,0.008673841642409027
mlp_V0-vpinn,161.79290079569316,0.005274731839910872,0.003181773501876766,0.008666005483129896
mlp_V0-vpinn,161.99189610404892,0.005272321395594973,0.0031805684495737714,0.00865961467994784
mlp_V0-vpinn,162.19089141240468,0.0052699067189052855,0.003179413084905753,0.008654339747455202
mlp_V0-vpinn,162.38988672076044,0.005267487794295113,0.0031782573002379355,0.008649061597861227
mlp_V0-vpinn,162.5888820291162,0.0052650646061158995,0.0031771010951119486,0.00864378022527254
mlp_V0-vpinn,162.78787733747197,0.005262980241831654,0.003175944469068588,0.008638495623777756
mlp_V0-vpinn,162.98687264582773,0.0052610109408512615,0.003174787421647813,0.00863320778744739
mlp_V0-vpinn,163.1858679541835,0.005257971955999878,0.003176652289436565,0.008629421695363832
mlp_V0-vpinn,163.38486326253926,0.005254929970953679,0.0031795949077250496,0.00862720799285572
mlp_V0-vpinn,163.58385857089505,0.005251884975881691,0.003182534805226734,0.008624993722175758
mlp_V0-vpinn,163.7828538792508,0.005248036871000795,0.0031854719894747253,0.00862277888288624
mlp_V0-vpinn,163.98184918760657,0.005242635328786511,0.003188406467967433,0.008620563474548893
mlp_V0-vpinn,164.18084449596233,0.0052386497079188465,0.003191338248168793,0.008618347496724887
mlp_V0-vpinn,164.3798398043181,0.005234716826079469,0.0031913094246309465,0.008614829822751684
mlp_V0-vpinn,164.57883511267386,0.0052307798873338935,0.0031897937871618715,0.008609599434524358
mlp_V0-vpinn,164.77783042102962,0.005226838877283101,0.003188277429191922,0.008604365866869709
mlp_V0-vpinn,164.97682572938538,0.005222663850850802,0.0031867603496925877,0.00859912911398258
mlp_V0-vpinn,165.17582103774114,0.005220626665387406,0.0031852425476329113,0.00859388917004014
mlp_V0-vpinn,165.3748163460969,0.005220541569313739,0.003183724021979476,0.008588646029201783
mlp_V0-vpinn,165.57381165445267,0.005220567121078387,0.003179272186876972,0.008584183473535309
mlp_V0-vpinn,165.77280696280843,0.0052198538180928695,0.0031728061082991667,0.008581060587604116
mlp_V0-vpinn,165.97180227116422,0.005219136857780537,0.0031663268251195297,0.008577936564754293
mlp_V0-vpinn,166.17079757951998,0.005218416237125352,0.003159834256109415,0.008574811403743214
mlp_V0-vpinn,166.36979288787575,0.005214138899181306,0.0031533283192039427,0.008571685103325987
mlp_V0-vpinn,166.5687881962315,0.005208742321518094,0.003146808931489896,0.008568557662255451
mlp_V0-vpinn,166.76778350458727,0.0052036895681695314,0.003151613361401655,0.008565169495849066
mlp_V0-vpinn,166.96677881294303,0.005198627325401457,0.0031666192890590795,0.00856119595179808
mlp_V0-vpinn,167.1657741212988,0.005193555536498239,0.0031815544414510056,0.008557220562632726
mlp_V0-vpinn,167.36476942965456,0.005188474144175273,0.003196419810661956,0.008553243325780275
mlp_V0-vpinn,167.56376473801032,0.0051837979102360085,0.0032112163658133976,0.008549264238662022
mlp_V0-vpinn,167.76276004636608,0.005181511339292863,0.00322594505380104,0.008545283298693251
mlp_V0-vpinn,167.96175535472184,0.0051797596042707965,0.0032298073601632633,0.008542367147927101
mlp_V0-vpinn,168.16075066307764,0.005177999526776493,0.0032205695399678464,0.008542920166849498
mlp_V0-vpinn,168.3597459714334,0.0051762310774526145,0.0032113051458515485,0.008543473149974987
mlp_V0-vpinn,168.55874127978916,0.0051744542266446685,0.0032020139471552215,0.008544026097310519
mlp_V0-vpinn,168.75773658814492,0.005174457540061595,0.0031926957098634516,0.008544579008863039
mlp_V0-vpinn,168.95673189650068,0.005172487046292503,0.0031833501965357843,0.008545131884639496
mlp_V0-vpinn,169.15572720485645,0.005168879885967949,0.0031740387475804603,0.00854572447652573
mlp_V0-vpinn,169.3547225132122,0.005165267793688161,0.0031647985871515755,0.008546539468477138
mlp_V0-vpinn,169.55371782156797,0.00516165074985067,0.0031555313694100846,0.0085473543827189
mlp_V0-vpinn,169.75271312992373,0.005158028734722644,0.0031462368552646444,0.008548169219273243
mlp_V0-vpinn,169.9517084382795,0.005153783643488419,0.0031369148020818213,0.008548983978162379
mlp_V0-vpinn,170.15070374663526,0.005148162862233395,0.003127564963612188,0.008549798659408511
mlp_V0-vpinn,170.34969905499105,0.005142343132927885,0.0031217815102273297,0.008549082782794629
mlp_V0-vpinn,170.5486943633468,0.005136515755258842,0.0031238087354283554,0.008529587479322136
mlp_V0-vpinn,170.74768967170257,0.0051306806962105565,0.0031258346458953603,0.008510047515010848
mlp_V0-vpinn,170.94668498005834,0.005124837922518537,0.0031278592441829995,0.008490462581513194
mlp_V0-vpinn,171.1456802884141,0.005118035954695661,0.0031298825328376647,0.008470832366917024
mlp_V0-vpinn,171.34467559676986,0.005110813088915034,0.0031319045143975233,0.008451156555687655
mlp_V0-vpinn,171.54367090512562,0.005104579666442306,0.003132202688291724,0.00843156842065953
mlp_V0-vpinn,171.74266621348139,0.005098336747221275,0.003127227479617906,0.008431454270488711
mlp_V0-vpinn,171.94166152183715,0.005092084281883642,0.0031222443430988576,0.008431340118772435
mlp_V0-vpinn,172.1406568301929,0.005085822220607589,0.003117253240715017,0.00843122596551064
mlp_V0-vpinn,172.33965213854867,0.005080740294669746,0.003112254134141962,0.008431111810703266
mlp_V0-vpinn,172.53864744690446,0.0050806394177697655,0.0031072469847469777,0.008430997654350247
mlp_V0-vpinn,172.73764275526023,0.0050821703490097755,0.003103214941070722,0.00843088349645152
mlp_V0-vpinn,172.936638063616,0.005083700239990826,0.003103813752584413,0.008426831099377212
mlp_V0-vpinn,173.13563337197175,0.0050852290925917955,0.0031044124485930832,0.008422542407823882
mlp_V0-vpinn,173.3346286803275,0.005086756908685844,0.003105011029163548,0.00841825153139014
mlp_V0-vpinn,173.53362398868327,0.005087453086369549,0.0031056094943625544,0.008413958466733314
mlp_V0-vpinn,173.73261929703904,0.005082828340335667,0.0031062078442567896,0.008409663210502188
mlp_V0-vpinn,173.9316146053948,0.0050754865348904,0.003106214966663662,0.008405365759336992
mlp_V0-vpinn,174.13060991375056,0.00506813389105496,0.0031011845244136352,0.008400772175772847
mlp_V0-vpinn,174.32960522210632,0.005060770359791137,0.0030961459089971707,0.008396138850826277
mlp_V0-vpinn,174.52860053046209,0.005053395891683335,0.003091099080446502,0.0083915029676137
mlp_V0-vpinn,174.72759583881785,0.005046420393808046,0.0030860439984670505,0.008386864521892832
mlp_V0-vpinn,174.92659114717364,0.0050424687745991015,0.0030809806224336737,0.00838222350940965
mlp_V0-vpinn,175.1255864555294,0.00504004979202757,0.0030760124485631137,0.008377579925898347
mlp_V0-vpinn,175.32458176388516,0.005037629500213147,0.0030738511001198506,0.008374903245521238
mlp_V0-vpinn,175.52357707224093,0.0050368821613420295,0.003071688230875781,0.008372681600063844
mlp_V0-vpinn,175.7225723805967,0.0050391004575441895,0.0030695238376161143,0.008370459364948445
mlp_V0-vpinn,175.92156768895245,0.005041314242498263,0.003067357917114716,0.00836823653970528
mlp_V0-vpinn,176.1205629973082,0.00504430506395856,0.0030651904661340543,0.008366013123863964
mlp_V0-vpinn,176.31955830566397,0.005047677112713846,0.0030630214814251423,0.008363789116953485
mlp_V0-vpinn,176.51855361401974,0.005041991835678279,0.003062376068762605,0.008363899722347691
mlp_V0-vpinn,176.7175489223755,0.005036284562953555,0.0030617860769437304,0.008364824149350275
mlp_V0-vpinn,176.91654423073126,0.0050375768570059725,0.0030611959714142854,0.008365748474202373
mlp_V0-vpinn,177.11553953908705,0.005039133655731646,0.0030606057521084975,0.00836667269693784
mlp_V0-vpinn,177.31453484744281,0.00503731705275067,0.003060015418960531,0.008367596817590512
mlp_V0-vpinn,177.51353015579858,0.005031239754796018,0.0030594249719044864,0.00836852083619421
mlp_V0-vpinn,177.71252546415434,0.005025153497356119,0.0030577601106725532,0.00836375338422474
mlp_V0-vpinn,177.9115207725101,0.005019058236604238,0.0030559682371272675,0.00835612624270066
mlp_V0-vpinn,178.11051608086586,0.005012953928340965,0.003054175312296472,0.008348492133060348
mlp_V0-vpinn,178.30951138922163,0.005006863862776718,0.003052381334327637,0.008340851036170735
mlp_V0-vpinn,178.5085066975774,0.0050028175681931485,0.0030505863013627855,0.008333202932811026
mlp_V0-vpinn,178.70750200593315,0.005000971779097872,0.0030487902115384708,0.008325547803672149
mlp_V0-vpinn,178.9064973142889,0.004999124642350159,0.0030478391898470006,0.008320706663649834
mlp_V0-vpinn,179.10549262264468,0.0049972761551084505,0.0030470666095114124,0.00831771084591239
mlp_V0-vpinn,179.30448793100047,0.004995426314521172,0.0030462938332392574,0.008314713948772406
mlp_V0-vpinn,179.50348323935623,0.004993575117726686,0.003045520860881383,0.00831171597106231
mlp_V0-vpinn,179.702478547712,0.005034749184650354,0.0030447476922884488,0.008308716911612413
mlp_V0-vpinn,179.90147385606775,0.005077960256384415,0.0030439743273109232,0.008305716769250921
mlp_V0-vpinn,180.10046916442352,0.00512038216694374,0.0030426257954128733,0.00829931140127376
mlp_V0-vpinn,180.29946447277928,0.005162056297333128,0.0030410915229508967,0.00829007312762376
mlp_V0-vpinn,180.49845978113504,0.005203020533531649,0.0030395564760365597,0.008280824547554827
mlp_V0-vpinn,180.6974550894908,0.005243309666304588,0.003038020653495919,0.008271565626495603
mlp_V0-vpinn,180.89645039784656,0.005206715319628144,0.003036484054152064,0.00826229632968103
mlp_V0-vpinn,181.09544570620233,0.00515884388897277,0.0030349466768251035,0.008253016622150812
mlp_V0-vpinn,181.2944410145581,0.0051101704337755665,0.0030353000635368367,0.00824652335542682
mlp_V0-vpinn,181.49343632291388,0.005060649861486372,0.0030365169855418937,0.008243041251496873
mlp_V0-vpinn,181.69243163126964,0.005010232658328342,0.0030377334200456315,0.008239557676001681
mlp_V0-vpinn,181.8914269396254,0.0049588642571476455,0.0030389493676334645,0.008236072627073982
mlp_V0-vpinn,182.09042224798117,0.004947435752757073,0.0030401648288896333,0.00823258610284256
mlp_V0-vpinn,182.28941755633693,0.00494791347023585,0.003041379804397214,0.008229098101432231
mlp_V0-vpinn,182.4884128646927,0.004948389985234627,0.00303970858205683,0.00823156144419521
mlp_V0-vpinn,182.68740817304845,0.0049488652984741085,0.0030362328166296934,0.008242871244534204
mlp_V0-vpinn,182.88640348140422,0.004949339410670425,0.0030327530677139243,0.008254165548277825
mlp_V0-vpinn,183.08539878975998,0.004949812322535141,0.0030292693215819154,0.00826544441895197
mlp_V0-vpinn,183.28439409811574,0.004950915861444425,0.003025781564427032,0.008276707919649696
mlp_V0-vpinn,183.4833894064715,0.004947669934458698,0.0030222897823629744,0.00828795611303533
mlp_V0-vpinn,183.68238471482726,0.0049443826926056575,0.0030206191825155695,0.008289929072887899
mlp_V0-vpinn,183.88138002318306,0.004941091874023655,0.0030204989491068673,0.008272653980163315
mlp_V0-vpinn,184.08037533153882,0.004937797466388722,0.003020378710911986,0.008255342737737294
mlp_V0-vpinn,184.27937063989458,0.004934499457305664,0.0030202584679303547,0.00823799511771595
mlp_V0-vpinn,184.47836594825034,0.0049297427826309635,0.003020138220161401,0.008220610889800816
mlp_V0-vpinn,184.6773612566061,0.00493543464123127,0.0030200179676045536,0.008203189821253178
mlp_V0-vpinn,184.87635656496187,0.004941891392822159,0.0030221383556210267,0.008190785381863852
mlp_V0-vpinn,185.07535187331763,0.004948318890223574,0.0030267916634273053,0.008193820300901256
mlp_V0-vpinn,185.2743471816734,0.004954717385499931,0.0030314378283366303,0.008196854096247447
mlp_V0-vpinn,185.47334249002915,0.004961087126648151,0.003036076883141726,0.008199886769149655
mlp_V0-vpinn,185.67233779838492,0.004968807851142704,0.0030407088603851646,0.008202918320852804
mlp_V0-vpinn,185.87133310674068,0.004961577188877462,0.0030453337923620322,0.008205948752599519
mlp_V0-vpinn,186.07032841509647,0.004951996530390679,0.003044454985818492,0.00820794394314307
mlp_V0-vpinn,186.26932372345223,0.004942383100155306,0.0030352004133672146,0.008205239675255018
mlp_V0-vpinn,186.468319031808,0.004932736553649025,0.00302591753653895,0.008202534515805413
mlp_V0-vpinn,186.66731434016376,0.004923056540268074,0.003016606094034052,0.008199828463911865
mlp_V0-vpinn,186.86630964851952,0.004914024746529985,0.003007265820507528,0.008197121518690526
mlp_V0-vpinn,187.06530495687528,0.004913511734236719,0.002997896446480807,0.008194413679256092
mlp_V0-vpinn,187.26430026523104,0.004914941047100634,0.0029912266435097447,0.008192884857634898
mlp_V0-vpinn,187.4632955735868,0.004916369900787263,0.002990188770899122,0.008199468006664322
mlp_V0-vpinn,187.66229088194257,0.004917798295775037,0.0029891505379254207,0.008206045874485493
mlp_V0-vpinn,187.86128619029833,0.004919226232541515,0.0029881119442130106,0.008212618473788305
mlp_V0-vpinn,188.0602814986541,0.004919011904080358,0.0029870729893856102,0.008219185817211918
mlp_V0-vpinn,188.25927680700988,0.004914395251477743,0.0029860336730662823,0.008225747917345032
mlp_V0-vpinn,188.45827211536565,0.004908660202488835,0.0029863447954959705,0.008230949953346127
mlp_V0-vpinn,188.6572674237214,0.004902918010881603,0.0029906018770245197,0.008217746695817926
mlp_V0-vpinn,188.85626273207717,0.004897168648535656,0.002994852907262607,0.008204522190765545
mlp_V0-vpinn,189.05525804043293,0.004891412087138856,0.0029990979119421898,0.008191276335279017
mlp_V0-vpinn,189.2542533487887,0.004886091341634013,0.0030033369166133713,0.008178009025614967
mlp_V0-vpinn,189.45324865714446,0.004882887448658905,0.0030075699466462,0.008164720157187121
mlp_V0-vpinn,189.65224396550022,0.004880472746907852,0.0030101791771553776,0.008151409624556695
mlp_V0-vpinn,189.85123927385598,0.00487805684893847,0.003005632367635532,0.008206705013297984
mlp_V0-vpinn,190.05023458221174,0.004875639752969868,0.003001078669441527,0.008262102259147079
mlp_V0-vpinn,190.2492298905675,0.004873221457216727,0.002996518051167968,0.00831713053317767
mlp_V0-vpinn,190.4482251989233,0.004871443898971461,0.002991950481170105,0.008371797111207927
mlp_V0-vpinn,190.64722050727906,0.0048714631098954655,0.002987375927561272,0.008426109033031936
mlp_V0-vpinn,190.84621581563482,0.004872110396556535,0.002983459190743193,0.008480073113001762
mlp_V0-vpinn,191.04521112399058,0.0048727575971634525,0.002984651903776155,0.008449029395051369
mlp_V0-vpinn,191.24420643234635,0.004873404711750559,0.0029858441403729074,0.00841018422864137
mlp_V0-vpinn,191.4432017407021,0.004874051740352171,0.00298703590110394,0.008371158808727379
mlp_V0-vpinn,191.64219704905787,0.0048743487997133135,0.002988227186538605,0.008331950602480787
mlp_V0-vpinn,191.84119235741363,0.004872536652010816,0.0029894179972451205,0.00829255701719475
mlp_V0-vpinn,192.0401876657694,0.004869518779884345,0.0029904381284639255,0.008252975398283449
mlp_V0-vpinn,192.23918297412516,0.004866498509877467,0.002987789726101889,0.008231547222642676
mlp_V0-vpinn,192.43817828248092,0.004863475835647763,0.0029851389740896783,0.008213546734312165
mlp_V0-vpinn,192.63717359083668,0.004860450750823862,0.002982485866162378,0.008195506710073741
mlp_V0-vpinn,192.83616889919247,0.004856698458529203,0.002979830396027184,0.008177426888269767
mlp_V0-vpinn,193.03516420754823,0.0048523156049282735,0.002977172557363227,0.00815930700434363
mlp_V0-vpinn,193.234159515904,0.004848822455833925,0.002974512343821399,0.00814114679079457
mlp_V0-vpinn,193.43315482425976,0.0048453254699017,0.0029890931511604244,0.008134957517704228
mlp_V0-vpinn,193.63215013261552,0.004841824632738086,0.003004074879836268,0.008132097886733245
mlp_V0-vpinn,193.83114544097128,0.004838598030148812,0.0030189822624540905,0.008129237249826707
mlp_V0-vpinn,194.03014074932705,0.0048393074528920894,0.0030338163949655142,0.00812637560592229
mlp_V0-vpinn,194.2291360576828,0.004839741188380809,0.00304857834665778,0.008123512953955797
mlp_V0-vpinn,194.42813136603857,0.004839168923327016,0.003063269161053239,0.008120649292861158
mlp_V0-vpinn,194.62712667439433,0.0048361549149350215,0.003049143166734793,0.008117766511015164
mlp_V0-vpinn,194.8261219827501,0.004833138906138162,0.0030319170742177616,0.008114875505129794
mlp_V0-vpinn,195.0251172911059,0.004830120892725875,0.00301459254935404,0.00811198346892742
mlp_V0-vpinn,195.22411259946165,0.004827100870472171,0.002997167885239097,0.00810909040130568
mlp_V0-vpinn,195.4231079078174,0.004823913094112663,0.0029796413250584896,0.008106196301160249
mlp_V0-vpinn,195.62210321617317,0.004820652460308257,0.0029620110600205437,0.008103301167384828
mlp_V0-vpinn,195.82109852452894,0.004818455687956821,0.002956588499097524,0.008101687486445878
mlp_V0-vpinn,196.0200938328847,0.00481625770666733,0.0029535997276949476,0.008100744482020182
mlp_V0-vpinn,196.21908914124046,0.004814058514238544,0.0029506079288654373,0.008099801367806938
mlp_V0-vpinn,196.41808444959622,0.0048118581084622605,0.002947613093390566,0.00809885814376779
mlp_V0-vpinn,196.61707975795198,0.0048102930876701665,0.002944615212005029,0.008097914809864363
mlp_V0-vpinn,196.81607506630775,0.00481007966603989,0.002941614275396307,0.008096971366058255
mlp_V0-vpinn,197.0150703746635,0.004810214248189046,0.0029445864158482156,0.008095659730405956
mlp_V0-vpinn,197.2140656830193,0.004810348798171546,0.002949379177915639,0.008094085046446292
mlp_V0-vpinn,197.41306099137506,0.00481048331599373,0.0029541641643359663,0.008092510056076191
mlp_V0-vpinn,197.61205629973082,0.004810617801661937,0.0029589414128318435,0.00809093475911672
mlp_V0-vpinn,197.8110516080866,0.004810194060407449,0.002963710960821887,0.008089359155388762
mlp_V0-vpinn,198.01004691644235,0.004808168667740262,0.0029684728454241046,0.008087783244713029
mlp_V0-vpinn,198.2090422247981,0.004804771762041306,0.00296650760679295,0.008085141340862174
mlp_V0-vpinn,198.40803753315387,0.0048013724529732005,0.002961619378583861,0.00808148047361599
mlp_V0-vpinn,198.60703284150964,0.004797970735427217,0.0029567230688798828,0.008077817947264872
mlp_V0-vpinn,198.8060281498654,0.004794566604276499,0.0029518186374656373,0.008074153759551055
mlp_V0-vpinn,199.00502345822116,0.0047909603509753785,0.0029469060437910997,0.008070487908211644
mlp_V0-vpinn,199.20401876657692,0.004786562913064124,0.0029419852469676883,0.00806682039097861
mlp_V0-vpinn,199.4030140749327,0.004784772118920361,0.002938542708390701,0.008068083479676906
mlp_V0-vpinn,199.60200938328848,0.004783045554360316,0.0029359999803718175,0.008075449456435561
mlp_V0-vpinn,199.80100469164424,0.004781315256810371,0.002933455048309156,0.00808280872047925
mlp_V0-vpinn,200.0,0.004782020014194505,0.0029309079064613456,0.008090161290126754
