plot-name,time,median,low,high
kan_V0-fosls,1.303076982498169,0.39834318903592597,0.3828162368280625,0.41512744635665494
kan_V0-fosls,1.501972801334507,0.39279341811181934,0.3796739343715121,0.405659049112087
kan_V0-fosls,1.7008686201708452,0.38549161859015135,0.3764784969895321,0.3959643058843155
kan_V0-fosls,1.8997644390071835,0.3780561695699275,0.3732557045107965,0.3860261635464272
kan_V0-fosls,2.0986602578435214,0.37025157257538754,0.3669073238617374,0.3805567161224092
kan_V0-fosls,2.29755607667986,0.3643942396503901,0.35790135289654645,0.37572333334857094
kan_V0-fosls,2.496451895516198,0.3554019507718277,0.3480614923647351,0.37082695729848275
kan_V0-fosls,2.695347714352536,0.3490950902463065,0.34036724962439463,0.3651859192993308
kan_V0-fosls,2.8942435331888743,0.3435083799117634,0.3359573404138933,0.35852113028577803
kan_V0-fosls,3.0931393520252124,0.33794585111301745,0.33148876985363807,0.3517300755811
kan_V0-fosls,3.2920351708615505,0.33245716262367875,0.32695913276765926,0.3448052947319411
kan_V0-fosls,3.4909309896978886,0.3277289443845785,0.3212700813265441,0.337738562326062
kan_V0-fosls,3.689826808534227,0.32154203689760247,0.31388364896817705,0.33052077346056435
kan_V0-fosls,3.8887226273705653,0.31523005186206704,0.30562661839995425,0.32439524213383464
kan_V0-fosls,4.087618446206903,0.3128333226669751,0.30201549153383755,0.3192285841515228
kan_V0-fosls,4.286514265043241,0.310071152286522,0.29907367431263676,0.31370486308326784
kan_V0-fosls,4.48541008387958,0.30654644459784064,0.29610263120630453,0.31028508268080013
kan_V0-fosls,4.684305902715918,0.3028152738408813,0.2927298265590502,0.30918247943388166
kan_V0-fosls,4.883201721552256,0.29748080771787816,0.2887979133217165,0.30807592999702904
kan_V0-fosls,5.0820975403885935,0.29200084454203545,0.28481172398738047,0.30696539169454595
kan_V0-fosls,5.280993359224932,0.2877621484283498,0.2815877270628938,0.3050255094735968
kan_V0-fosls,5.479889178061271,0.2856163986910518,0.27996538905481405,0.3008811131763889
kan_V0-fosls,5.678784996897608,0.28364209664009754,0.2783335949984838,0.2966788282013036
kan_V0-fosls,5.877680815733947,0.2820069631818497,0.2766921775926212,0.2924161588208392
kan_V0-fosls,6.076576634570285,0.28036012383161474,0.2729405477404444,0.28809042465200035
kan_V0-fosls,6.275472453406623,0.2772005317779686,0.26884835026757664,0.2846569209346723
kan_V0-fosls,6.474368272242962,0.2738683572502747,0.2646928942800342,0.28422750244256817
kan_V0-fosls,6.673264091079299,0.2726831165876149,0.26314052227108325,0.28257381511464713
kan_V0-fosls,6.872159909915638,0.27231932283042726,0.2625938438424851,0.28039879864192996
kan_V0-fosls,7.0710557287519755,0.27096698027567256,0.2620460249399797,0.27820677844227376
kan_V0-fosls,7.269951547588314,0.2698338304459138,0.26149705839591664,0.27599734937607506
kan_V0-fosls,7.468847366424652,0.2688661410802053,0.26094693696725096,0.2763724182650199
kan_V0-fosls,7.66774318526099,0.26821541996519005,0.25944851812931785,0.27740768345388944
kan_V0-fosls,7.866639004097329,0.26753079453841877,0.2568167721155408,0.27777282529873637
kan_V0-fosls,8.065534822933667,0.2669626791512151,0.25905014649515146,0.27366522058823944
kan_V0-fosls,8.264430641770005,0.26551511450236376,0.2592332933963106,0.26976125018244335
kan_V0-fosls,8.463326460606343,0.26435968089893935,0.25647454012227117,0.270308837377879
kan_V0-fosls,8.66222227944268,0.26278139556802266,0.2536857880464794,0.2708553175205657
kan_V0-fosls,8.861118098279018,0.2624728122660103,0.25086603672597074,0.2714006972978373
kan_V0-fosls,9.060013917115358,0.26216267961315975,0.24801422884267932,0.27194498332997086
kan_V0-fosls,9.258909735951695,0.260840434540484,0.24585380492969777,0.2692806635838438
kan_V0-fosls,9.457805554788035,0.258783137851026,0.2441518157459694,0.2664876772361973
kan_V0-fosls,9.656701373624372,0.2563063242293516,0.24243787836412384,0.26366510663592196
kan_V0-fosls,9.85559719246071,0.25343316150026496,0.24071173756038905,0.2608119912809235
kan_V0-fosls,10.054493011297048,0.25015118143238024,0.2389731288931572,0.25792731754218856
kan_V0-fosls,10.253388830133387,0.24820509354599335,0.23722177823005508,0.255084354538558
kan_V0-fosls,10.452284648969725,0.2457055858399531,0.2355574724999075,0.25596457913408927
kan_V0-fosls,10.651180467806062,0.24524413056159688,0.2357976168507097,0.2521608202001567
kan_V0-fosls,10.850076286642402,0.24425558691228944,0.23400382499706696,0.24928834872711672
kan_V0-fosls,11.04897210547874,0.24352734897662048,0.2321961759246732,0.24860680246295505
kan_V0-fosls,11.247867924315077,0.2419613220437985,0.2303743434387294,0.24913687485034822
kan_V0-fosls,11.446763743151415,0.24093824103696726,0.22853798834244052,0.2501186441850912
kan_V0-fosls,11.645659561987754,0.24074696812580607,0.22668675769967978,0.2510965749025233
kan_V0-fosls,11.844555380824092,0.2400367783565015,0.2266697291678204,0.24945506794438482
kan_V0-fosls,12.04345119966043,0.23883279648298256,0.22852420255298636,0.2456781663650502
kan_V0-fosls,12.242347018496767,0.23759676680371922,0.23036374754709918,0.24512048065966952
kan_V0-fosls,12.441242837333107,0.23663207146114565,0.23021141665858644,0.24592197457112286
kan_V0-fosls,12.640138656169444,0.23490321821402108,0.22713237929450356,0.24743032875915902
kan_V0-fosls,12.839034475005782,0.23556784159884264,0.22401102447873225,0.24892954345109589
kan_V0-fosls,13.037930293842122,0.23492805225160535,0.22084555791783567,0.2504197827961612
kan_V0-fosls,13.23682611267846,0.23391679068350937,0.22272780330787714,0.248110684690195
kan_V0-fosls,13.435721931514797,0.23306122662617956,0.22511565191556882,0.24515830142809233
kan_V0-fosls,13.634617750351135,0.23116511306220558,0.22747843657892206,0.24216992724278835
kan_V0-fosls,13.833513569187474,0.22992270713408336,0.22712174144335723,0.2391442128976727
kan_V0-fosls,14.032409388023812,0.23159616253694698,0.22467055656075124,0.23822452259141397
kan_V0-fosls,14.23130520686015,0.23253138468017387,0.22065630628269786,0.2383258365042177
kan_V0-fosls,14.430201025696489,0.23108756529983066,0.21769972449988406,0.2378983392064633
kan_V0-fosls,14.629096844532826,0.22959513092839773,0.2170280088369893,0.23608059853977115
kan_V0-fosls,14.827992663369164,0.22807566099776086,0.21635420770618535,0.23424875286028676
kan_V0-fosls,15.026888482205502,0.22871234094013615,0.2156783015618263,0.23240246863211853
kan_V0-fosls,15.225784301041841,0.22745094313317904,0.215000270551032,0.2313653123247467
kan_V0-fosls,15.424680119878179,0.22661118862203108,0.21432009450688436,0.2334598968862503
kan_V0-fosls,15.623575938714517,0.22535131141088294,0.21363775294142826,0.23553585536208635
kan_V0-fosls,15.822471757550856,0.22392832113872677,0.21385293981810305,0.23394739793011587
kan_V0-fosls,16.021367576387192,0.22257152210492573,0.21383744620204678,0.23160680034481884
kan_V0-fosls,16.220263395223533,0.22137017103863504,0.21256762263602008,0.23148639941027982
kan_V0-fosls,16.419159214059867,0.22136366684563247,0.21129016775052653,0.23304770281071113
kan_V0-fosls,16.61805503289621,0.22057949165530696,0.2100049422822278,0.23459861563692894
kan_V0-fosls,16.816950851732546,0.21873327151178173,0.2087118026798629,0.23613934261824626
kan_V0-fosls,17.015846670568884,0.21823913280863794,0.20818632368542703,0.236868784650971
kan_V0-fosls,17.21474248940522,0.21833677027594672,0.20921741186632817,0.23331300745026906
kan_V0-fosls,17.41363830824156,0.21923731270556795,0.21024344338512957,0.229702193609357
kan_V0-fosls,17.6125341270779,0.22080461123268058,0.21126449191671465,0.22667175532737638
kan_V0-fosls,17.811429945914238,0.2209240625468508,0.2122638797340888,0.22734988014483587
kan_V0-fosls,18.010325764750576,0.21963224384582486,0.2112119486802224,0.23149014824723932
kan_V0-fosls,18.209221583586913,0.21845114676616653,0.21015475224421187,0.23555765635866402
kan_V0-fosls,18.40811740242325,0.2189403888209221,0.20925798656345135,0.23540043085753842
kan_V0-fosls,18.60701322125959,0.21939081659792015,0.20844764146320888,0.23199056364678108
kan_V0-fosls,18.805909040095926,0.2185835259497816,0.20763413380886914,0.2285298238619801
kan_V0-fosls,19.004804858932268,0.21700272290245853,0.20681742628111455,0.22942927230318472
kan_V0-fosls,19.203700677768605,0.21555851910426124,0.20599748082083222,0.23084381685015157
kan_V0-fosls,19.402596496604943,0.21402989264103153,0.20517425860841812,0.23224974610604796
kan_V0-fosls,19.60149231544128,0.2130666576404594,0.20446393565899038,0.23328553058159432
kan_V0-fosls,19.80038813427762,0.21240157529572318,0.20497781323877454,0.23122849554535913
kan_V0-fosls,19.999283953113956,0.21225242938274302,0.20549040574960212,0.22915299589052804
kan_V0-fosls,20.198179771950294,0.2121031771453738,0.2060017227843551,0.22705852527275552
kan_V0-fosls,20.397075590786635,0.21282097353704532,0.20651177381715666,0.22494455377375275
kan_V0-fosls,20.595971409622972,0.21274080722601552,0.20663433321148658,0.22281052633550988
kan_V0-fosls,20.79486722845931,0.2128466099093737,0.20535974842879856,0.2206558610582124
kan_V0-fosls,20.993763047295648,0.21302199822797102,0.20582192132179156,0.218952997048099
kan_V0-fosls,21.192658866131985,0.21226028820101345,0.2078829114955916,0.2176411120594858
kan_V0-fosls,21.391554684968323,0.21203500246693247,0.2070222648971742,0.21984862463268423
kan_V0-fosls,21.59045050380466,0.21292621404643913,0.20543725896945142,0.22221153995612322
kan_V0-fosls,21.789346322641,0.21331047687620197,0.20383992882310162,0.22454959190891574
kan_V0-fosls,21.98824214147734,0.21226440724548293,0.2022299824267727,0.2268635492168133
kan_V0-fosls,22.187137960313677,0.21203748419814783,0.20055101955706947,0.22915414179114965
kan_V0-fosls,22.386033779150015,0.21316906683054415,0.20163293536852245,0.22601568376288
kan_V0-fosls,22.584929597986353,0.21332023284451399,0.2029941556630883,0.22187934972936688
kan_V0-fosls,22.78382541682269,0.21272454324032283,0.20434630860725989,0.2195868287381021
kan_V0-fosls,22.982721235659028,0.21196549641841406,0.20493377316422015,0.22050203732585744
kan_V0-fosls,23.181617054495366,0.21135404650912937,0.20480931530059698,0.2223457236906988
kan_V0-fosls,23.380512873331707,0.21080690405329117,0.20449907568110112,0.22417424745547232
kan_V0-fosls,23.579408692168045,0.21028305503990796,0.20151064947023462,0.22365143217955682
kan_V0-fosls,23.778304511004382,0.21009256005470123,0.20256126999322555,0.21958958521643365
kan_V0-fosls,23.97720032984072,0.20965232680591034,0.20257263371773396,0.21591247026335839
kan_V0-fosls,24.176096148677058,0.20834982569609573,0.2009055813474869,0.21394647006600057
kan_V0-fosls,24.374991967513395,0.2063035698916751,0.19922458006431873,0.21196223553307447
kan_V0-fosls,24.573887786349733,0.20492344067679685,0.197529273747049,0.21079146697024148
kan_V0-fosls,24.772783605186074,0.2043312289905708,0.19581929085835514,0.2111240899906105
kan_V0-fosls,24.971679424022412,0.2031494293153691,0.19750069621004876,0.21191163915896943
kan_V0-fosls,25.17057524285875,0.20212987850075836,0.19773134576114182,0.21289154004637842
kan_V0-fosls,25.369471061695087,0.20331573598313382,0.1975484581668945,0.21386695124678856
kan_V0-fosls,25.568366880531425,0.20286637059858292,0.19645447751434017,0.21483793391269085
kan_V0-fosls,25.767262699367762,0.20241358726926498,0.19525939211552407,0.21580454782082606
kan_V0-fosls,25.9661585182041,0.2019573302744448,0.19285916605379394,0.21676685141512916
kan_V0-fosls,26.16505433704044,0.20176933723928053,0.19236879807598042,0.21723539839081613
kan_V0-fosls,26.36395015587678,0.20287087637312307,0.19378393074368444,0.2144260114707302
kan_V0-fosls,26.562845974713117,0.20435123071374833,0.19404450346281624,0.2128558026433071
kan_V0-fosls,26.761741793549454,0.20502166328430121,0.19430472674072735,0.21336527460176163
kan_V0-fosls,26.960637612385792,0.20362610964727834,0.19456460197951359,0.21387353294141795
kan_V0-fosls,27.15953343122213,0.20261367990420745,0.19482413057191955,0.21438058629410087
kan_V0-fosls,27.358429250058467,0.20324397818719292,0.19287782686591506,0.2148864431897952
kan_V0-fosls,27.55732506889481,0.20227645889572987,0.1930559323340251,0.21263386263062928
kan_V0-fosls,27.756220887731146,0.2013396534060411,0.1944732374646021,0.21194572498758354
kan_V0-fosls,27.955116706567484,0.20125091521096122,0.1940747427461588,0.2112553458348533
kan_V0-fosls,28.15401252540382,0.19966619932837393,0.19367542811108462,0.21056270312449574
kan_V0-fosls,28.35290834424016,0.19859861207246365,0.19327528847743602,0.20986777444473367
kan_V0-fosls,28.551804163076497,0.19742324045230242,0.19170142106949992,0.20917053701149374
kan_V0-fosls,28.750699981912835,0.19547575429629677,0.18793965461803272,0.20807552548604932
kan_V0-fosls,28.949595800749176,0.19721502247958622,0.1889692665966495,0.20484943904991276
kan_V0-fosls,29.148491619585513,0.1983627777052025,0.18909540738495437,0.2016677701127146
kan_V0-fosls,29.34738743842185,0.19874962130168122,0.1874762508500487,0.2024493608587152
kan_V0-fosls,29.54628325725819,0.19665422168308627,0.18584298795353812,0.20448678390681996
kan_V0-fosls,29.745179076094526,0.1958967500239393,0.184195243451636,0.2065041061892152
kan_V0-fosls,29.944074894930864,0.19567531013976486,0.18253262516305402,0.20850191115061475
kan_V0-fosls,30.142970713767202,0.19593896724798637,0.1833661608162932,0.20865049074222267
kan_V0-fosls,30.341866532603543,0.19567278096890173,0.18594324391785236,0.20668693547656075
kan_V0-fosls,30.54076235143988,0.19540376805247783,0.18848509486132095,0.2047045463745582
kan_V0-fosls,30.73965817027622,0.19564216015661162,0.1909931203239226,0.20276716648697543
kan_V0-fosls,30.938553989112556,0.19587093360536503,0.1930318447122404,0.20273716449293389
kan_V0-fosls,31.137449807948894,0.19638024144033622,0.19231127861340605,0.2027071580583997
kan_V0-fosls,31.33634562678523,0.19693356770627138,0.1913271162754927,0.20247342582558564
kan_V0-fosls,31.53524144562157,0.19629295031406452,0.19167199446201105,0.20148370428034565
kan_V0-fosls,31.73413726445791,0.19504451216322216,0.19015962375897774,0.2004890969990902
kan_V0-fosls,31.933033083294248,0.19482022552247158,0.1886351281052041,0.20015795719379975
kan_V0-fosls,32.13192890213058,0.1938523747137641,0.18709821111485156,0.20145326274694336
kan_V0-fosls,32.33082472096692,0.19288390430283264,0.18554856412672222,0.20274029277571604
kan_V0-fosls,32.529720539803265,0.19191040802347015,0.18342509607091764,0.2040192038955576
kan_V0-fosls,32.7286163586396,0.1923785498238805,0.1822675773476759,0.20473077504673742
kan_V0-fosls,32.92751217747593,0.1943765254106588,0.18281148988011792,0.20427770390255715
kan_V0-fosls,33.126407996312274,0.19620127370859994,0.1833537889223615,0.2038236256476756
kan_V0-fosls,33.325303815148615,0.19545224326548638,0.1838944887488022,0.2033685335361073
kan_V0-fosls,33.52419963398495,0.19469250413753264,0.184433603424595,0.205250816958409
kan_V0-fosls,33.72309545282129,0.19530461085070777,0.18497114680992338,0.20853044185750885
kan_V0-fosls,33.92199127165763,0.19665088824798094,0.18550713256415688,0.21175927960890278
kan_V0-fosls,34.120887090493966,0.1964091143724438,0.1864329992363568,0.21124465129894338
kan_V0-fosls,34.31978290933031,0.19565963711309645,0.18741765002906885,0.21043086750728132
kan_V0-fosls,34.51867872816664,0.19596868731177458,0.1855764772501477,0.20961392438796098
kan_V0-fosls,34.71757454700298,0.19577433713944312,0.1830442154707535,0.20879378485667774
kan_V0-fosls,34.91647036583932,0.19488668844846513,0.18047642706467987,0.20797041109790465
kan_V0-fosls,35.11536618467566,0.19402562543142673,0.17787157343083737,0.20714376454454592
kan_V0-fosls,35.314262003512,0.19382863918182336,0.1772675862567264,0.2063317974737263
kan_V0-fosls,35.51315782234833,0.19432121091553584,0.18142111762146962,0.2049553069526655
kan_V0-fosls,35.712053641184674,0.1946122121964552,0.18548166135971597,0.20356950912988875
kan_V0-fosls,35.91094946002101,0.19359258759144926,0.18550970336285483,0.20217421261552226
kan_V0-fosls,36.10984527885735,0.1921553700242376,0.18327603110607157,0.20141780398276612
kan_V0-fosls,36.308741097693684,0.19218475937758625,0.18101479805312345,0.2033739341410659
kan_V0-fosls,36.507636916530025,0.19205191644480601,0.17872495810723354,0.20531142787187767
kan_V0-fosls,36.706532735366366,0.19256701417551036,0.17903740362539058,0.20388563429646095
kan_V0-fosls,36.9054285542027,0.19343945361999812,0.1798834492806217,0.2014036222315063
kan_V0-fosls,37.10432437303904,0.19363676683244158,0.1805979561210857,0.20006370658391123
kan_V0-fosls,37.303220191875376,0.19203198247461603,0.18130964724783175,0.2017218327795921
kan_V0-fosls,37.50211601071172,0.19040585615277938,0.18201855568911865,0.20661006086532752
kan_V0-fosls,37.70101182954805,0.18850683883605474,0.1827247138325092,0.21138528019138628
kan_V0-fosls,37.89990764838439,0.18800193779129834,0.18138830116020155,0.213795444715016
kan_V0-fosls,38.09880346722073,0.1880647599468812,0.1811459303158064,0.20878071102731266
kan_V0-fosls,38.29769928605707,0.18842357336994087,0.18091142075588976,0.20364252604318453
kan_V0-fosls,38.49659510489341,0.1889610230503208,0.1806766068140814,0.19837129714106289
kan_V0-fosls,38.69549092372974,0.1886328357195461,0.18044148730207737,0.19810779278312282
kan_V0-fosls,38.894386742566084,0.18773638219321917,0.18020606102382167,0.19957981733364094
kan_V0-fosls,39.09328256140242,0.18821367652693824,0.1778957240954848,0.2010410639955385
kan_V0-fosls,39.29217838023876,0.18774017507087917,0.17470725450199412,0.19911072018849324
kan_V0-fosls,39.4910741990751,0.18680491901327748,0.17433864879139974,0.1967241424742861
kan_V0-fosls,39.689970017911435,0.18587286901881594,0.17396926208154564,0.19430825399479565
kan_V0-fosls,39.888865836747776,0.1849326927723648,0.17359908938696655,0.1929534324468713
kan_V0-fosls,40.08776165558411,0.1843434339066799,0.17322812566892967,0.19372116583550922
kan_V0-fosls,40.28665747442045,0.1839559833974147,0.17285636583463446,0.19448586861854103
kan_V0-fosls,40.485553293256785,0.18359373280774682,0.17248380473639682,0.19527158094836444
kan_V0-fosls,40.68444911209313,0.1836424474574026,0.17521700594718362,0.19673586190398606
kan_V0-fosls,40.88334493092946,0.18299378352012013,0.17556124275224275,0.19818932461698052
kan_V0-fosls,41.0822407497658,0.18488664369824034,0.17590480590458138,0.1996322053807088
kan_V0-fosls,41.28113656860214,0.18521159592336434,0.17549721578824218,0.20106473200985828
kan_V0-fosls,41.48003238743848,0.18512991421041436,0.17451884380476892,0.2024871242603508
kan_V0-fosls,41.67892820627482,0.18493862889786344,0.1735349559497504,0.2038995942228855
kan_V0-fosls,41.87782402511115,0.18493229312379278,0.17360617530597636,0.2041680046306294
kan_V0-fosls,42.076719843947494,0.18511004845836193,0.17628595068161618,0.20127549438221773
kan_V0-fosls,42.27561566278383,0.18576354028545738,0.1780329474651582,0.19834080559168765
kan_V0-fosls,42.47451148162017,0.18554644398855058,0.17707270556347945,0.19536203747584402
kan_V0-fosls,42.67340730045651,0.1846119167980122,0.17610722792665154,0.19233714204663263
kan_V0-fosls,42.872303119292845,0.18580852548254675,0.17513642796531084,0.18997345641740968
kan_V0-fosls,43.071198938129186,0.18416208245251597,0.1741602166767354,0.19051053456777822
kan_V0-fosls,43.27009475696552,0.18414961271655433,0.17480460216917698,0.1892914541053578
kan_V0-fosls,43.46899057580186,0.18340456080053155,0.17594082761466612,0.18874595793880417
kan_V0-fosls,43.667886394638195,0.1833610851282513,0.17706976225189625,0.19036340525243434
kan_V0-fosls,43.866782213474536,0.18346106617162905,0.1758566930230356,0.19196722501606436
kan_V0-fosls,44.06567803231088,0.18416090432918722,0.1719982693399051,0.19355775598367023
kan_V0-fosls,44.26457385114721,0.18473593670440364,0.16805128036062966,0.19513532310296805
kan_V0-fosls,44.46346966998355,0.18517406620538585,0.17058908139557288,0.19529998276251267
kan_V0-fosls,44.66236548881989,0.18466221116955978,0.17624735699114644,0.19306425403555186
kan_V0-fosls,44.86126130765623,0.18560202563044004,0.18165394771869106,0.19089467499293358
kan_V0-fosls,45.06015712649256,0.1863867622650145,0.18114044932070858,0.1930194323080397
kan_V0-fosls,45.259052945328904,0.1860960481665952,0.17961651086154218,0.1954777512427482
kan_V0-fosls,45.457948764165245,0.18573991904279358,0.17807953158081025,0.197905536085592
kan_V0-fosls,45.65684458300158,0.18646156429289348,0.17652917085288516,0.20139143083845323
kan_V0-fosls,45.85574040183792,0.18856720330095567,0.17778481929963402,0.19897351763119414
kan_V0-fosls,46.054636220674254,0.1912673062643848,0.17926885092251407,0.19652585840520526
kan_V0-fosls,46.253532039510596,0.18893788964561223,0.17829729039281977,0.19428364364822626
kan_V0-fosls,46.45242785834693,0.1872878910501617,0.17732040664222615,0.19696382302249948
kan_V0-fosls,46.65132367718327,0.18573676530297595,0.17633811120148518,0.19969742077553104
kan_V0-fosls,46.85021949601961,0.18558133886227343,0.17535031312333113,0.20244067606401941
kan_V0-fosls,47.049115314855946,0.18499220722752785,0.1750546512447324,0.2051472514710225
kan_V0-fosls,47.24801113369229,0.18582387060395184,0.17430769484770192,0.20274366543327738
kan_V0-fosls,47.44690695252862,0.18418801189575834,0.1732239323509476,0.2002874939808057
kan_V0-fosls,47.64580277136496,0.1830474460360605,0.17213334655182813,0.19780082562239673
kan_V0-fosls,47.8446985902013,0.18320011865417715,0.17103580692690598,0.19615482503175188
kan_V0-fosls,48.04359440903764,0.1843767466185486,0.16993117873758173,0.198766454029317
kan_V0-fosls,48.24249022787398,0.1846400065359558,0.16881932283702014,0.20134421052401777
kan_V0-fosls,48.44138604671031,0.18355753369383493,0.1685490788455147,0.20051956310337574
kan_V0-fosls,48.640281865546655,0.1829690659258426,0.16936752474670405,0.1974033533406109
kan_V0-fosls,48.83917768438299,0.18291479525943194,0.17018203459231315,0.19423715564501948
kan_V0-fosls,49.03807350321933,0.18270516339541454,0.16974915570296795,0.1910184843307498
kan_V0-fosls,49.236969322055664,0.18330750194694223,0.16889874234965327,0.18778688375224986
kan_V0-fosls,49.435865140892005,0.1835703657277099,0.1676003497761787,0.18693008638474085
kan_V0-fosls,49.63476095972835,0.18176128822891263,0.16410287316745317,0.18759317918852966
kan_V0-fosls,49.83365677856468,0.18061382492721773,0.16713154839903657,0.18582509412300177
kan_V0-fosls,50.03255259740102,0.1794569659241952,0.17074205083862204,0.18626593054388704
kan_V0-fosls,50.231448416237356,0.1782904467836644,0.1723100507636423,0.1867057260957409
kan_V0-fosls,50.4303442350737,0.1773379021240752,0.17338896966645365,0.18714448811679038
kan_V0-fosls,50.62924005391003,0.17785039340127956,0.17273270485731698,0.18758222385944032
kan_V0-fosls,50.82813587274637,0.17796065119130872,0.17135382875502894,0.1880189404916719
kan_V0-fosls,51.027031691582714,0.17809826669517476,0.17143866824488743,0.188180772501723
kan_V0-fosls,51.22592751041905,0.17799359457766478,0.17239629858891056,0.1876424919794018
kan_V0-fosls,51.42482332925539,0.1783454218910917,0.172790577271888,0.18710266287023955
kan_V0-fosls,51.62371914809172,0.17892150229134451,0.17318395832393885,0.18656127173137832
kan_V0-fosls,51.822614966928064,0.17960652504681346,0.17306592871287477,0.18601830492433757
kan_V0-fosls,52.0215107857644,0.17900267187622593,0.17211542345401093,0.18547374861100555
kan_V0-fosls,52.22040660460074,0.17824907246711416,0.17124996360942232,0.18613324097387665
kan_V0-fosls,52.41930242343708,0.17811152804171046,0.1716032081905961,0.18510255977916099
kan_V0-fosls,52.618198242273415,0.17864230050695604,0.17195572711131682,0.18406610735862405
kan_V0-fosls,52.817094061109756,0.17847803963311482,0.172307524825407,0.184842007493321
kan_V0-fosls,53.01598987994609,0.1777051835223158,0.1718362278541005,0.18627616949525472
kan_V0-fosls,53.21488569878243,0.17647731181160267,0.17015624087467635,0.18769937375891482
kan_V0-fosls,53.413781517618766,0.17655573593576457,0.1669319138783518,0.18911186767929908
kan_V0-fosls,53.61267733645511,0.17681631634256126,0.16618363686334361,0.1887379834376529
kan_V0-fosls,53.81157315529145,0.17729038448788137,0.16881764472637362,0.18680615617579263
kan_V0-fosls,54.01046897412778,0.17776177552524008,0.1697547469622566,0.18532128518655822
kan_V0-fosls,54.209364792964124,0.1778365054788367,0.16957543915162682,0.18382442030704366
kan_V0-fosls,54.40826061180046,0.17732236604943724,0.1693959415414502,0.18231526611681118
kan_V0-fosls,54.6071564306368,0.1775776462551058,0.1692162535277322,0.18231284865685798
kan_V0-fosls,54.80605224947313,0.17809243751834547,0.16817322129351156,0.18281166244453712
kan_V0-fosls,55.004948068309474,0.17766569349878603,0.1681109855990576,0.18223148571758394
kan_V0-fosls,55.203843887145815,0.17712371532788435,0.16883557632470872,0.18214313686525915
kan_V0-fosls,55.40273970598215,0.17668223125307836,0.16955707058895103,0.1833245207861444
kan_V0-fosls,55.60163552481849,0.17772542747352774,0.1702755077529253,0.18449834019801492
kan_V0-fosls,55.800531343654825,0.1772423344637759,0.17026355035976504,0.18566473857514088
kan_V0-fosls,55.999427162491166,0.1766241765073383,0.16948132414383987,0.1868238549129323
kan_V0-fosls,56.1983229813275,0.17601865542740874,0.1688932838688375,0.1867963479453477
kan_V0-fosls,56.39721880016384,0.17623276901426826,0.16955055599224297,0.18529015311310876
kan_V0-fosls,56.59611461900018,0.17655717592214415,0.16855189104975365,0.18464349316761478
kan_V0-fosls,56.79501043783652,0.1778386427452716,0.16689134617742907,0.18399456051089857
kan_V0-fosls,56.99390625667286,0.17808706716891592,0.1652141122343394,0.18334333101058908
kan_V0-fosls,57.19280207550919,0.1780932670957554,0.16351967567802764,0.18416116880658437
kan_V0-fosls,57.39169789434553,0.17694794997557062,0.16180749607578065,0.18588466859964364
kan_V0-fosls,57.59059371318187,0.17763502697905503,0.16371752261615144,0.18690331657018822
kan_V0-fosls,57.78948953201821,0.17876553956281693,0.1672188063000698,0.18720207083305382
kan_V0-fosls,57.98838535085455,0.17840715614886893,0.17064826734916025,0.1875003490754921
kan_V0-fosls,58.187281169690884,0.17817013401791454,0.1727683248514303,0.18779815356568097
kan_V0-fosls,58.386176988527225,0.1774743164811725,0.1738688521698543,0.18809548655384262
kan_V0-fosls,58.58507280736356,0.17865432360221678,0.17197468281332984,0.188392350272442
kan_V0-fosls,58.7839686261999,0.17831008185624242,0.17005941697720875,0.18868874693638246
kan_V0-fosls,58.982864445036235,0.17728299529217167,0.17228713402364432,0.18657101770713272
kan_V0-fosls,59.181760263872576,0.17737483848823582,0.17236847269208447,0.18421937815213885
kan_V0-fosls,59.38065608270892,0.17794286977379614,0.17092823675772043,0.18183732819541265
kan_V0-fosls,59.57955190154525,0.176697532714402,0.16941163252611086,0.18076878238892016
kan_V0-fosls,59.77844772038159,0.17581320647434473,0.16759074080450925,0.18350890459358274
kan_V0-fosls,59.97734353921793,0.17406052367898825,0.16574984636990286,0.1862087093664002
kan_V0-fosls,60.17623935805427,0.17303016240300942,0.1650302315326813,0.1873385100379569
kan_V0-fosls,60.3751351768906,0.17167839968017784,0.1675296679923698,0.18463106441095609
kan_V0-fosls,60.57403099572694,0.17241969255401676,0.16762178185817078,0.18188332124690132
kan_V0-fosls,60.772926814563284,0.17401959036409426,0.1643579779326431,0.18076711260117756
kan_V0-fosls,60.97182263339962,0.17565592517648426,0.1610280350339848,0.18141290791876014
kan_V0-fosls,61.17071845223596,0.17694509007194636,0.1576277615894651,0.1826965135875593
kan_V0-fosls,61.369614271072294,0.1782574142373496,0.15536352392929445,0.18397116348644948
kan_V0-fosls,61.568510089908635,0.17740549975774983,0.15962878984677695,0.1815298367236927
kan_V0-fosls,61.76740590874497,0.17758206381936448,0.1637830166047886,0.1803247615600897
kan_V0-fosls,61.96630172758131,0.17610649622851365,0.16783444970679437,0.18057991326674938
kan_V0-fosls,62.16519754641765,0.17477940463278877,0.16739638414042649,0.18109605698866782
kan_V0-fosls,62.364093365253986,0.17469502999173991,0.16636767857868584,0.18251182524236545
kan_V0-fosls,62.56298918409033,0.1750354154295215,0.1653325724956598,0.18391669540788486
kan_V0-fosls,62.76188500292666,0.17601010866376668,0.16489464835543133,0.18158973481594098
kan_V0-fosls,62.960780821763,0.17715508962961124,0.1666750337045377,0.1811356246139659
kan_V0-fosls,63.159676640599336,0.17711499777459258,0.16843660132096047,0.18093196010370174
kan_V0-fosls,63.35857245943568,0.17708516096924803,0.1701799355644008,0.18193549600612463
kan_V0-fosls,63.55746827827202,0.1763395593561543,0.16995019691020943,0.18313858204685887
kan_V0-fosls,63.75636409710835,0.17688924654953825,0.1669135370173515,0.18556054405732728
kan_V0-fosls,63.955259915944694,0.17743605901686202,0.16506876866658637,0.18795129897813576
kan_V0-fosls,64.15415573478103,0.17761248514709274,0.16570730606749406,0.18573338803343353
kan_V0-fosls,64.35305155361738,0.17759675492850047,0.1663433923520538,0.1864271817642499
kan_V0-fosls,64.5519473724537,0.17722668995954086,0.16697705553228695,0.1871184030787547
kan_V0-fosls,64.75084319129004,0.17559698140533364,0.1669156348799668,0.18780708038017632
kan_V0-fosls,64.94973901012638,0.1752092611254467,0.16103870215776164,0.18849324155287023
kan_V0-fosls,65.14863482896271,0.17563880596673803,0.1549390138665215,0.18917691397549372
kan_V0-fosls,65.34753064779906,0.17599322231312617,0.15221046073749672,0.18985812453375292
kan_V0-fosls,65.5464264666354,0.1754116004241654,0.15603895345005575,0.18782686369896548
kan_V0-fosls,65.74532228547173,0.1743668628430707,0.15977573542204807,0.18576642008795297
kan_V0-fosls,65.94421810430808,0.17447732412316114,0.16342709770880723,0.18368286511702128
kan_V0-fosls,66.14311392314441,0.17459859234684436,0.16699864341183035,0.1829139107954612
kan_V0-fosls,66.34200974198075,0.17446305283271782,0.165778174344106,0.18360795412602324
kan_V0-fosls,66.5409055608171,0.17423937388436084,0.16330542633252096,0.1863980586097583
kan_V0-fosls,66.73980137965343,0.1743569708319315,0.16274331683057286,0.1875894092274018
kan_V0-fosls,66.93869719848976,0.17366034981502237,0.16314457688611675,0.1882900339502974
kan_V0-fosls,67.1375930173261,0.17278905344583373,0.1635448524463057,0.18898806130473605
kan_V0-fosls,67.33648883616245,0.17251692431027782,0.16394415072218269,0.18968351996533914
kan_V0-fosls,67.53538465499878,0.17218522313345322,0.16434247883718803,0.1903764380829722
kan_V0-fosls,67.73428047383511,0.17222852644978826,0.16473984382864224,0.1910668432980413
kan_V0-fosls,67.93317629267146,0.17238012031034525,0.16517139053782615,0.19112380608312582
kan_V0-fosls,68.1320721115078,0.17155995217633474,0.16592403381585163,0.1890904181606206
kan_V0-fosls,68.33096793034413,0.17049823585817606,0.16659800139000863,0.18703492515735246
kan_V0-fosls,68.52986374918046,0.17087216584528284,0.1670279664162046,0.18495659008825424
kan_V0-fosls,68.72875956801681,0.17052158079922963,0.1658174555709614,0.1828546340827394
kan_V0-fosls,68.92765538685315,0.16938364477844278,0.1635414546369299,0.1807282329742384
kan_V0-fosls,69.12655120568948,0.16911195335975526,0.16123332843273516,0.17857651352417167
kan_V0-fosls,69.32544702452583,0.16962701217593684,0.1615820105272341,0.17839077748986829
kan_V0-fosls,69.52434284336216,0.16987382113715024,0.16373093187547139,0.1791790660385993
kan_V0-fosls,69.7232386621985,0.17032409141734084,0.16469227173648926,0.1799639017122316
kan_V0-fosls,69.92213448103483,0.170740933008245,0.16379617246428183,0.1807453294901829
kan_V0-fosls,70.12103029987118,0.1708900368698904,0.16289514375257438,0.18152339338371745
kan_V0-fosls,70.31992611870751,0.17214012471056506,0.1619891033446232,0.1822981364648714
kan_V0-fosls,70.51882193754385,0.17321140962973566,0.16201656803143272,0.18278417301371194
kan_V0-fosls,70.7177177563802,0.17318557470044624,0.16438153804211142,0.18087441853886094
kan_V0-fosls,70.91661357521653,0.17320392325309278,0.16494846443842387,0.17894428367297893
kan_V0-fosls,71.11550939405286,0.1726320458232182,0.16551344897650414,0.17952561291331703
kan_V0-fosls,71.3144052128892,0.17267856411622762,0.16555819259895013,0.18207082592362347
kan_V0-fosls,71.51330103172555,0.1709909111778235,0.16339376973931444,0.18458094596441618
kan_V0-fosls,71.71219685056188,0.16918139363667756,0.16120028797312116,0.1870573857770042
kan_V0-fosls,71.91109266939822,0.16935763976841414,0.16154332402300883,0.1857273194060089
kan_V0-fosls,72.10998848823456,0.17068350178388086,0.16477134998586807,0.18436526212789422
kan_V0-fosls,72.3088843070709,0.1705965717487405,0.16420972317907423,0.18299306704143925
kan_V0-fosls,72.50778012590723,0.17124517806085898,0.16312713997967523,0.18161050435197357
kan_V0-fosls,72.70667594474357,0.17235460054944446,0.16203732412425517,0.18021733545007193
kan_V0-fosls,72.90557176357991,0.17345467760283442,0.16020296951624577,0.17881331243078422
kan_V0-fosls,73.10446758241625,0.17425449961348782,0.15704572601844183,0.18008003234997572
kan_V0-fosls,73.30336340125258,0.17468317067252798,0.15813509057304173,0.17976886501700734
kan_V0-fosls,73.50225922008893,0.17450110955816722,0.159217001857304,0.1801246401988278
kan_V0-fosls,73.70115503892526,0.173989272888108,0.16029161079206036,0.1804797140512233
kan_V0-fosls,73.9000508577616,0.17425686591491524,0.16135906327255983,0.18083409070544604
kan_V0-fosls,74.09894667659793,0.17489140419085997,0.16241950039968286,0.181275763578391
kan_V0-fosls,74.29784249543428,0.1750429921533098,0.1634730586976558,0.1825273075519737
kan_V0-fosls,74.49673831427062,0.17531051179105367,0.16259472342793527,0.18348511919184401
kan_V0-fosls,74.69563413310695,0.17463709042247866,0.16019005813883255,0.1843979092993881
kan_V0-fosls,74.8945299519433,0.1739191857016925,0.15774874125151775,0.18624773479774456
kan_V0-fosls,75.09342577077963,0.17329231290023123,0.1552690439410061,0.18807936750371257
kan_V0-fosls,75.29232158961597,0.17357971662999108,0.1527490970391311,0.1898933338585169
kan_V0-fosls,75.4912174084523,0.17224057226252487,0.15018687454696458,0.19169013539357665
kan_V0-fosls,75.69011322728865,0.17138231999467468,0.1475979129292581,0.1934702503500561
kan_V0-fosls,75.88900904612498,0.1716372461844542,0.1501553257991691,0.19022490922996013
kan_V0-fosls,76.08790486496132,0.17156727154092394,0.15266990479670958,0.18602316009451872
kan_V0-fosls,76.28680068379767,0.1712352513585021,0.1551437326978379,0.1817242859156563
kan_V0-fosls,76.485696502634,0.17065275810024377,0.15757872876819362,0.17732122290227859
kan_V0-fosls,76.68459232147033,0.17115740860277218,0.15997666618910922,0.17572615352318446
kan_V0-fosls,76.88348814030667,0.1698992469132441,0.16233918716614124,0.17629998292243965
kan_V0-fosls,77.08238395914302,0.17019915210640468,0.16236787406272277,0.17625657090070398
kan_V0-fosls,77.28127977797935,0.17164458561001172,0.16155792992251417,0.17495982426022957
kan_V0-fosls,77.48017559681568,0.17119692985146495,0.16032287820764868,0.17449706024082656
kan_V0-fosls,77.67907141565203,0.1709729097774611,0.15894476265843913,0.17588575408895488
kan_V0-fosls,77.87796723448837,0.17161823647277807,0.1575545933202538,0.17759539892442175
kan_V0-fosls,78.0768630533247,0.1713727268796783,0.15615204826089726,0.17955547051866705
kan_V0-fosls,78.27575887216103,0.17084467402350886,0.15473679095753734,0.181494375304678
kan_V0-fosls,78.47465469099738,0.17049097800740104,0.1563748366491978,0.17952007223616664
kan_V0-fosls,78.67355050983372,0.17009290066330063,0.1582744114903001,0.17580187756481577
kan_V0-fosls,78.87244632867005,0.1688675903723112,0.16015145684051207,0.17222519701622963
kan_V0-fosls,79.07134214750639,0.1681483544562266,0.16200675579640483,0.17105417127408035
kan_V0-fosls,79.27023796634273,0.16760407004213423,0.1617780770047067,0.1727016956095562
kan_V0-fosls,79.46913378517907,0.16703500633841126,0.15850199048693595,0.17618730708661004
kan_V0-fosls,79.6680296040154,0.16762397260618228,0.15545585749415575,0.1786056230206903
kan_V0-fosls,79.86692542285175,0.16740455746952332,0.15671283277587786,0.17889067410677842
kan_V0-fosls,80.06582124168808,0.1669980384330152,0.1583951072188361,0.17917527170384387
kan_V0-fosls,80.26471706052442,0.16659040041942275,0.15986722874288234,0.17945941796939757
kan_V0-fosls,80.46361287936075,0.16648393122889293,0.16131087964390683,0.17974311504389703
kan_V0-fosls,80.6625086981971,0.16649627306944548,0.16274172469607465,0.18076041408243465
kan_V0-fosls,80.86140451703344,0.16650815789043305,0.16416009875306142,0.18253565220626677
kan_V0-fosls,81.06030033586977,0.16714931240065287,0.16425550763416855,0.18192041278549698
kan_V0-fosls,81.25919615470612,0.16927221186644598,0.16568420740272083,0.18130308560453134
kan_V0-fosls,81.45809197354245,0.17161360143437207,0.16710069233003547,0.18068364926412808
kan_V0-fosls,81.65698779237879,0.17114131428244833,0.16826856120590994,0.18006208199696258
kan_V0-fosls,81.85588361121512,0.17259175994285048,0.16785979513218152,0.17985404203574562
kan_V0-fosls,82.05477943005147,0.17382530011502717,0.16511059507528217,0.1829340121543318
kan_V0-fosls,82.2536752488878,0.17445488061460007,0.1633793373549838,0.18596297795305008
kan_V0-fosls,82.45257106772414,0.17433524859674876,0.16584621678234832,0.18468315893388426
kan_V0-fosls,82.65146688656048,0.17345261758807973,0.1682769365286931,0.18119440149079416
kan_V0-fosls,82.85036270539682,0.17346266273549377,0.1690863424653926,0.1799546811846555
kan_V0-fosls,83.04925852423315,0.17352156962944787,0.16643970694386492,0.18096003553153947
kan_V0-fosls,83.24815434306949,0.17353088582240955,0.1634181031655221,0.18195983523536466
kan_V0-fosls,83.44705016190584,0.17434231150328777,0.16033956728416957,0.1829541713604423
kan_V0-fosls,83.64594598074217,0.17368983337785332,0.15811017900483768,0.18340995032350743
kan_V0-fosls,83.8448417995785,0.1721829301905063,0.16062549448506414,0.18326361667697397
kan_V0-fosls,84.04373761841485,0.17065485548892137,0.16260035242980964,0.18311716609148976
kan_V0-fosls,84.24263343725119,0.16907628164205485,0.16240781393292797,0.1829705982862592
kan_V0-fosls,84.44152925608752,0.1691328943273021,0.16221504690578742,0.18282391297936118
kan_V0-fosls,84.64042507492385,0.1701407775181163,0.16190027654957426,0.1826771098877427
kan_V0-fosls,84.8393208937602,0.16951272287734837,0.1595734089886511,0.1825301887272125
kan_V0-fosls,85.03821671259654,0.1682669156977753,0.15865017215345703,0.17994521720854703
kan_V0-fosls,85.23711253143287,0.16694333003782053,0.16104327376534083,0.17706635996601597
kan_V0-fosls,85.43600835026922,0.1663005715633068,0.16133154883954648,0.17413991635176077
kan_V0-fosls,85.63490416910555,0.16592401943348423,0.16110431197203479,0.17313268840147203
kan_V0-fosls,85.83379998794189,0.16643730453390612,0.16060279513804598,0.1730055980979739
kan_V0-fosls,86.03269580677822,0.16431519614455728,0.1595925517250983,0.1728784143649927
kan_V0-fosls,86.23159162561457,0.16271610292612435,0.15973232909836227,0.17274929077704548
kan_V0-fosls,86.4304874444509,0.16366255803190655,0.16022619717146597,0.17256232563057528
kan_V0-fosls,86.62938326328724,0.16672183803084395,0.1607185476566767,0.17237515769417933
kan_V0-fosls,86.82827908212359,0.1676436088680651,0.16001658359907786,0.1721877863065603
kan_V0-fosls,87.02717490095992,0.1674957102753719,0.15911483938202933,0.17336690636219879
kan_V0-fosls,87.22607071979625,0.16650996099270707,0.15820795554085548,0.17642852018073296
kan_V0-fosls,87.42496653863259,0.16616801728353336,0.15729584317859652,0.1794379035898692
kan_V0-fosls,87.62386235746894,0.16675107815385398,0.1577442565998928,0.1785706378412594
kan_V0-fosls,87.82275817630527,0.16782667425092135,0.1585713546960744,0.17755269385193428
kan_V0-fosls,88.0216539951416,0.1688881620645432,0.15939416102870158,0.17652888004268077
kan_V0-fosls,88.22054981397795,0.16908258029393092,0.1602127417215593,0.17652275650372973
kan_V0-fosls,88.41944563281429,0.16884441255978275,0.16102716121771035,0.17718572699042573
kan_V0-fosls,88.61834145165062,0.168146899492147,0.16131561211947984,0.1778462260903399
kan_V0-fosls,88.81723727048696,0.16708247855414854,0.1610077741202475,0.1781649688765726
kan_V0-fosls,89.0161330893233,0.16712182898486616,0.16067399740781316,0.17811485979541083
kan_V0-fosls,89.21502890815964,0.16613221459939181,0.160339525878229,0.17855653562831567
kan_V0-fosls,89.41392472699597,0.1662252482621423,0.16000435517417821,0.17899712162834647
kan_V0-fosls,89.61282054583232,0.16633650961007662,0.15966848089261038,0.17943662582338135
kan_V0-fosls,89.81171636466865,0.16450036545056723,0.15933189858406632,0.179875056143222
kan_V0-fosls,90.01061218350499,0.16264147024245057,0.15811800386832853,0.18031242042126316
kan_V0-fosls,90.20950800234132,0.16188207168542623,0.15724303538955817,0.1807380812048664
kan_V0-fosls,90.40840382117767,0.16234914619386248,0.15687080356424427,0.18115611495233286
kan_V0-fosls,90.607299640014,0.16311563090579895,0.15592505175673263,0.1815731862683165
kan_V0-fosls,90.80619545885034,0.16217253388190261,0.15493669935828483,0.18198930176973235
kan_V0-fosls,91.00509127768669,0.16110543585005235,0.15394200158091784,0.18240446799801985
kan_V0-fosls,91.20398709652302,0.16134135189094,0.15294083461730915,0.18375222245543285
kan_V0-fosls,91.40288291535936,0.16157612737905125,0.15243446820655351,0.18454805930649143
kan_V0-fosls,91.60177873419569,0.16311075515021303,0.15531499779587096,0.1813581764643205
kan_V0-fosls,91.80067455303204,0.16499852502053844,0.15736985671224168,0.17954796181982438
kan_V0-fosls,91.99957037186837,0.16556692414523794,0.15912009432222962,0.17771930963416063
kan_V0-fosls,92.1984661907047,0.16637880025983384,0.16085128856368863,0.17587164478685072
kan_V0-fosls,92.39736200954106,0.16723420779764608,0.16256404783371642,0.17646169007784585
kan_V0-fosls,92.59625782837739,0.1687764496610397,0.16351881827190237,0.17988007528800284
kan_V0-fosls,92.79515364721372,0.16941159339676456,0.16253699522505555,0.17983943207700354
kan_V0-fosls,92.99404946605006,0.16866981695698485,0.1626033216987004,0.1766811668954165
kan_V0-fosls,93.1929452848864,0.16845752653634388,0.16266962112856959,0.17441416041617988
kan_V0-fosls,93.39184110372274,0.1685242969274825,0.16204140334206257,0.17716478557563708
kan_V0-fosls,93.59073692255907,0.1669680713623271,0.15928967340685832,0.17987335306387658
kan_V0-fosls,93.78963274139542,0.16732367590714162,0.15648956422414276,0.18254173505481588
kan_V0-fosls,93.98852856023176,0.1676715642168072,0.153638430635244,0.18517166881357183
kan_V0-fosls,94.18742437906809,0.16751403114804142,0.1535878422878809,0.18422636016754126
kan_V0-fosls,94.38632019790442,0.1670642176574379,0.15401914414322881,0.17820286687930462
kan_V0-fosls,94.58521601674077,0.16620390074217456,0.1544492415862843,0.17331997989211187
kan_V0-fosls,94.78411183557711,0.16593071305068946,0.154878144651026,0.17452894739110553
kan_V0-fosls,94.98300765441344,0.1651345328781481,0.15530586323287945,0.17572959774919106
kan_V0-fosls,95.18190347324979,0.1658707235599064,0.15173628998263064,0.1769221002948409
kan_V0-fosls,95.38079929208612,0.1653884486301833,0.14436347072966732,0.17713627472251242
kan_V0-fosls,95.57969511092246,0.16431699484078038,0.144914346001745,0.17493788417049208
kan_V0-fosls,95.77859092975879,0.1644588061040482,0.14692061164923031,0.1727115132628037
kan_V0-fosls,95.97748674859514,0.1649693718737658,0.14889984747357699,0.1705186924918003
kan_V0-fosls,96.17638256743147,0.16508419131128732,0.14966928521568437,0.1683063867289943
kan_V0-fosls,96.37527838626781,0.16363390241385334,0.14703865998039134,0.16870335712318846
kan_V0-fosls,96.57417420510416,0.16203329936898453,0.14436010571028388,0.17099368032085047
kan_V0-fosls,96.77307002394049,0.1621347545257925,0.14495341015315372,0.17117047398578286
kan_V0-fosls,96.97196584277683,0.16260670385328985,0.1479563924071347,0.17054935840799376
kan_V0-fosls,97.17086166161316,0.16304989216850352,0.15089962555698955,0.1699259725358047
kan_V0-fosls,97.36975748044951,0.1640272735108838,0.1537865401533741,0.16930029129065247
kan_V0-fosls,97.56865329928584,0.16487281784997132,0.15662025051522221,0.16867228912883264
kan_V0-fosls,97.76754911812218,0.16567895193874746,0.15751976796917178,0.1691130960266693
kan_V0-fosls,97.96644493695852,0.16597718496930047,0.15705430362668868,0.1714770074749073
kan_V0-fosls,98.16534075579486,0.1654917027831913,0.15877379527234872,0.17122402822356753
kan_V0-fosls,98.36423657463119,0.1655379614553184,0.15948808405365136,0.1698622313381137
kan_V0-fosls,98.56313239346753,0.1658963541397464,0.15815555145767513,0.16911259417220803
kan_V0-fosls,98.76202821230387,0.16624677416883127,0.15681169586053859,0.16935994861430817
kan_V0-fosls,98.96092403114021,0.16623661682005128,0.1554562236143501,0.16960694231554402
kan_V0-fosls,99.15981984997654,0.16622595441651816,0.15408882815509883,0.1698535768496367
kan_V0-fosls,99.35871566881289,0.16644228835498956,0.15582707841068777,0.17071173387438104
kan_V0-fosls,99.55761148764923,0.16588172737840623,0.15413837325291185,0.1705266419479867
kan_V0-fosls,99.75650730648556,0.16578058227885575,0.15206989176709593,0.17034134890189234
kan_V0-fosls,99.9554031253219,0.16552477804627086,0.14997288373255538,0.17222111621914446
kan_V0-fosls,100.15429894415824,0.16571760919469414,0.14784613531662177,0.17734934744834557
kan_V0-fosls,100.35319476299458,0.1659095417413136,0.14568834408099757,0.1823334012432714
kan_V0-fosls,100.55209058183091,0.1661423418171523,0.1472249075357905,0.18718479472843305
kan_V0-fosls,100.75098640066726,0.16780427189103467,0.14978657878974272,0.1824606018616025
kan_V0-fosls,100.94988221950359,0.16846617162441693,0.1504565551902376,0.1760072468978503
kan_V0-fosls,101.14877803833993,0.1690103258168959,0.15056279582829776,0.1752498500006851
kan_V0-fosls,101.34767385717626,0.16694655602103875,0.15066896155331508,0.17823424316124364
kan_V0-fosls,101.54656967601261,0.16628228331505457,0.1507750525235359,0.1811694812744688
kan_V0-fosls,101.74546549484894,0.16561338951343813,0.14739494521865748,0.1840579160353034
kan_V0-fosls,101.94436131368528,0.16520358339233054,0.14257529435010163,0.1834228042672203
kan_V0-fosls,102.14325713252163,0.16482365617599976,0.14517352301643818,0.17863135941782973
kan_V0-fosls,102.34215295135796,0.1655432925261544,0.14772606070355507,0.17370780065867178
kan_V0-fosls,102.5410487701943,0.16692499073064593,0.1502352363361424,0.17297477687892368
kan_V0-fosls,102.73994458903063,0.16401981209395206,0.15270318746824738,0.17245089467008687
kan_V0-fosls,102.93884040786698,0.16482112352331685,0.15513188160062033,0.17192541612197237
kan_V0-fosls,103.13773622670331,0.16439720698075294,0.1524314592809393,0.17315661473578878
kan_V0-fosls,103.33663204553964,0.16448459939031917,0.1534996279540592,0.17209467462521943
kan_V0-fosls,103.535527864376,0.16459472755671278,0.1553236626794668,0.16987422984028341
kan_V0-fosls,103.73442368321233,0.1647044808795087,0.15712652415901948,0.16976912015843404
kan_V0-fosls,103.93331950204866,0.16419885093991313,0.15852108463485873,0.17304061265095155
kan_V0-fosls,104.132215320885,0.16492287077911932,0.15814892449693632,0.176251391750149
kan_V0-fosls,104.33111113972134,0.16503151119706921,0.15638991120381152,0.17940471722090368
kan_V0-fosls,104.53000695855768,0.16457960909161826,0.1553772680137365,0.18250356716612487
kan_V0-fosls,104.72890277739401,0.1637551261640674,0.1557635660906446,0.17988744829757006
kan_V0-fosls,104.92779859623036,0.16255799465038828,0.15555470483065056,0.17614152295859178
kan_V0-fosls,105.1266944150667,0.162146957449403,0.1530951219289899,0.17231418445773233
kan_V0-fosls,105.32559023390303,0.16198652147073433,0.14980809915446505,0.1736223788467621
kan_V0-fosls,105.52448605273936,0.16182404572657194,0.14644731744247066,0.17557486025345895
kan_V0-fosls,105.72338187157571,0.16074778801743722,0.1430075767220655,0.17750586657807887
kan_V0-fosls,105.92227769041205,0.1594564849781336,0.1442138693865346,0.1783271857777929
kan_V0-fosls,106.12117350924838,0.15919671561090443,0.1468255079205141,0.1775416057383603
kan_V0-fosls,106.32006932808473,0.15893552330924776,0.14939149717703978,0.1767525342078106
kan_V0-fosls,106.51896514692106,0.15891613272126948,0.15088508985937776,0.17595992421460963
kan_V0-fosls,106.7178609657574,0.15940650269156892,0.1488943136725829,0.1751637277244894
kan_V0-fosls,106.91675678459373,0.16020051624568168,0.1468765568298308,0.17436389560647858
kan_V0-fosls,107.11565260343008,0.16096616776150677,0.14483069166562548,0.17356037759752324
kan_V0-fosls,107.31454842226641,0.16216947654750158,0.145013654320879,0.17507728299615724
kan_V0-fosls,107.51344424110275,0.16255427710423248,0.14616683724352825,0.17703240123145028
kan_V0-fosls,107.7123400599391,0.1620422495956177,0.1473109930726719,0.17896616202575816
kan_V0-fosls,107.91123587877543,0.16152837754084542,0.14844633053847264,0.1808792503707559
kan_V0-fosls,108.11013169761176,0.16122207752018247,0.14957305044899688,0.1827723154067466
kan_V0-fosls,108.3090275164481,0.16131730282759432,0.15069134610487372,0.1846459729958927
kan_V0-fosls,108.50792333528445,0.16195246512233874,0.15199697468228165,0.18497508593949902
kan_V0-fosls,108.70681915412078,0.16307642867134411,0.1535418875231483,0.18098870198395714
kan_V0-fosls,108.90571497295711,0.16296021221945378,0.15429073600961932,0.17691251531011104
kan_V0-fosls,109.10461079179346,0.1615818135640039,0.1550359674804817,0.17274016875313852
kan_V0-fosls,109.3035066106298,0.1613161730604613,0.1557776338465439,0.17066108859372947
kan_V0-fosls,109.50240242946613,0.16182763368322173,0.15651578578867634,0.17252820525940807
kan_V0-fosls,109.70129824830246,0.15964598052130002,0.1544749994009263,0.17437533099629693
kan_V0-fosls,109.90019406713881,0.1608781066303412,0.15252517942457236,0.17221516008673735
kan_V0-fosls,110.09908988597515,0.16210083905888967,0.15055010885774822,0.1688180263849718
kan_V0-fosls,110.29798570481148,0.16251270586356176,0.14854878052566328,0.16783479417340982
kan_V0-fosls,110.49688152364783,0.16157206152946674,0.1465201184624265,0.16822028598135286
kan_V0-fosls,110.69577734248416,0.16136121122572838,0.1444629711477143,0.16860489641782478
kan_V0-fosls,110.8946731613205,0.1614353374718612,0.14237610386370034,0.16845252095289887
kan_V0-fosls,111.09356898015683,0.1614838644365938,0.14380641525636642,0.167215272434463
kan_V0-fosls,111.29246479899318,0.1610461299562549,0.1456738266207208,0.1660419104476698
kan_V0-fosls,111.49136061782951,0.15945722207064394,0.14751760049485993,0.1662646406265225
kan_V0-fosls,111.69025643666585,0.1587591551536139,0.1493386123854055,0.16743102643564528
kan_V0-fosls,111.8891522555022,0.15899980216870863,0.15113768505119995,0.16858934279461693
kan_V0-fosls,112.08804807433853,0.15850260236833658,0.15291559284805784,0.16973975490305132
kan_V0-fosls,112.28694389317486,0.1578363976605796,0.15008863344908788,0.1708824223996576
kan_V0-fosls,112.4858397120112,0.15821510978745867,0.148956664190842,0.17037174983794848
kan_V0-fosls,112.68473553084755,0.15894978694409895,0.1504327473419049,0.168530201931911
kan_V0-fosls,112.88363134968388,0.15898442687544756,0.15189448686112175,0.16666830767598548
kan_V0-fosls,113.08252716852022,0.1599010225604593,0.15334229294220686,0.16810942445818874
kan_V0-fosls,113.28142298735656,0.16024031796439683,0.15477655659286293,0.17157775937648095
kan_V0-fosls,113.4803188061929,0.1598062665601963,0.15481870655093005,0.17497735977446807
kan_V0-fosls,113.67921462502923,0.15979442960322138,0.15541715007465612,0.176002133676688
kan_V0-fosls,113.87811044386557,0.16004946753761376,0.15635413275677654,0.17312698897335568
kan_V0-fosls,114.07700626270191,0.16056103189055046,0.15453774521434363,0.1702032830565087
kan_V0-fosls,114.27590208153825,0.16274309500585776,0.1526997529852066,0.16757806890141452
kan_V0-fosls,114.47479790037458,0.16431192411221834,0.15083936630585812,0.16807290389517346
kan_V0-fosls,114.67369371921093,0.16303509287123807,0.14895574609044973,0.1698930844239563
kan_V0-fosls,114.87258953804727,0.16079876572338647,0.14704799950754943,0.17012463993044027
kan_V0-fosls,115.0714853568836,0.1599839223011006,0.14679018598469004,0.16995947711891937
kan_V0-fosls,115.27038117571993,0.16040559179995711,0.15129867447521364,0.169404575913081
kan_V0-fosls,115.46927699455628,0.16093448528017032,0.152155120616281,0.16884785109099007
kan_V0-fosls,115.66817281339262,0.16061515908573976,0.1518255916123615,0.168289284554304
kan_V0-fosls,115.86706863222895,0.1626935024816071,0.15149534582663632,0.1677288579033252
kan_V0-fosls,116.0659644510653,0.16288276802313978,0.15116437856128898,0.16812795628361135
kan_V0-fosls,116.26486026990163,0.1630433449664601,0.15138192301389508,0.17207829578607725
kan_V0-fosls,116.46375608873797,0.16398751410786294,0.15328616682324614,0.17260941450073858
kan_V0-fosls,116.6626519075743,0.16477552560718764,0.1551670430966036,0.17159711304173175
kan_V0-fosls,116.86154772641065,0.16580304231186582,0.15702539153691822,0.17187393313107435
kan_V0-fosls,117.06044354524698,0.16645972343323825,0.15815259328731193,0.17300234563668987
kan_V0-fosls,117.25933936408332,0.16701691391926965,0.15909749773961024,0.17412344558286338
kan_V0-fosls,117.45823518291967,0.16654967159228962,0.16013153574926073,0.17523737331830816
kan_V0-fosls,117.657131001756,0.16587231132042396,0.16123384232582302,0.17548164860268023
kan_V0-fosls,117.85602682059233,0.16599489535353937,0.16163164180242595,0.17414211431420645
kan_V0-fosls,118.05492263942867,0.16468065853212488,0.15863850922376868,0.17491275262580724
kan_V0-fosls,118.25381845826502,0.16476167718905116,0.1555878066743396,0.1756800104862575
kan_V0-fosls,118.45271427710135,0.1653879381937894,0.15247607865735427,0.1764439319947451
kan_V0-fosls,118.65161009593768,0.16529914631234532,0.14929950950929374,0.1772045602999001
kan_V0-fosls,118.85050591477403,0.16425525426331494,0.14605386854413555,0.17755788925457916
kan_V0-fosls,119.04940173361037,0.1629105653274233,0.14614660514421057,0.17675743781905945
kan_V0-fosls,119.2482975524467,0.16219014177236615,0.14697857257589614,0.17595334498717535
kan_V0-fosls,119.44719337128303,0.1615919674302067,0.14780585711573863,0.17514556060600917
kan_V0-fosls,119.64608919011938,0.15990997220275374,0.14862853696039782,0.17433403336070236
kan_V0-fosls,119.84498500895572,0.15913521113323956,0.1494466881541994,0.1735187107364153
kan_V0-fosls,120.04388082779205,0.1589493630907124,0.1502603846711724,0.17269953897866966
kan_V0-fosls,120.2427766466284,0.15842834361529629,0.15125284545335954,0.17172016274413396
kan_V0-fosls,120.44167246546473,0.1591537537704224,0.15244472275213625,0.17066704752808548
kan_V0-fosls,120.64056828430107,0.1598012824861391,0.1512577125180922,0.1696073935034547
kan_V0-fosls,120.8394641031374,0.16043504110263407,0.1491597450767072,0.1685410773375964
kan_V0-fosls,121.03835992197375,0.16038841010866337,0.14703184521215357,0.16746797177131978
kan_V0-fosls,121.23725574081008,0.1600333305210741,0.14487269398210673,0.16690864941979944
kan_V0-fosls,121.43615155964642,0.16044630056506942,0.14506709718676625,0.16772994827396978
kan_V0-fosls,121.63504737848277,0.15996116867127758,0.14553670259169738,0.1678948156022526
kan_V0-fosls,121.8339431973191,0.1596638642317316,0.14600479757985232,0.16809706658731857
kan_V0-fosls,122.03283901615544,0.15986907359945768,0.1464713966322542,0.16932388195302592
kan_V0-fosls,122.23173483499177,0.1594372919229019,0.14693651400000138,0.1705418722895439
kan_V0-fosls,122.43063065382812,0.1593730147503163,0.14740016370934628,0.17175122534760554
kan_V0-fosls,122.62952647266445,0.15910617045852943,0.148080817450826,0.1729521223136184
kan_V0-fosls,122.82842229150079,0.1581517934756249,0.1491754366323607,0.1730536332711407
kan_V0-fosls,123.02731811033713,0.15737156472412964,0.150262082016742,0.1723331373859774
kan_V0-fosls,123.22621392917347,0.15736165468469399,0.15134092536243032,0.17160961655526732
kan_V0-fosls,123.4251097480098,0.15794723258024226,0.1502522053579644,0.17088303235604643
kan_V0-fosls,123.62400556684614,0.15868136698293042,0.14876545023054485,0.1701533455449799
kan_V0-fosls,123.82290138568248,0.15918506003013738,0.1472636857805124,0.17027699266360521
kan_V0-fosls,124.02179720451882,0.15928935464085492,0.14574644804257259,0.17071537975348486
kan_V0-fosls,124.22069302335515,0.16063278147515542,0.14700202744817908,0.16859702043297647
kan_V0-fosls,124.4195888421915,0.15955664488603122,0.1495627520783507,0.16599849229765506
kan_V0-fosls,124.61848466102784,0.15819208675017526,0.15185998010486393,0.16806698663499997
kan_V0-fosls,124.81738047986417,0.15638254778134014,0.1520470539811045,0.17140780341142017
kan_V0-fosls,125.0162762987005,0.15692136777661622,0.14966975975994048,0.1746847392993643
kan_V0-fosls,125.21517211753685,0.15532728875470397,0.147012563845324,0.17690154386827286
kan_V0-fosls,125.41406793637319,0.1542482959374859,0.14479812744344814,0.17581700438999853
kan_V0-fosls,125.61296375520952,0.15424965263592658,0.1463259504776191,0.17472573320025606
kan_V0-fosls,125.81185957404587,0.1554981190824195,0.1471630777460471,0.17362760337014774
kan_V0-fosls,126.0107553928822,0.15702289919351933,0.14728139899079865,0.17252248393109704
kan_V0-fosls,126.20965121171854,0.15713968270006035,0.14739962525625547,0.1714102396925281
kan_V0-fosls,126.40854703055487,0.1580922744641582,0.1475177567707775,0.1702907310488279
kan_V0-fosls,126.60744284939122,0.15939995386970368,0.147635793761811,0.17284689166491568
kan_V0-fosls,126.80633866822755,0.15925274030829673,0.1490188910588155,0.17138063755412297
kan_V0-fosls,127.00523448706389,0.1592690264911723,0.15087993847285147,0.16914441321486198
kan_V0-fosls,127.20413030590024,0.15928530857792678,0.15153621282061003,0.16687822540745764
kan_V0-fosls,127.40302612473657,0.1593015865713177,0.15013421181300138,0.16458083639502064
kan_V0-fosls,127.6019219435729,0.15947247223990788,0.14871899447417306,0.16225092080424955
kan_V0-fosls,127.80081776240924,0.1587377809330185,0.1472901798427413,0.16154588083909013
kan_V0-fosls,127.99971358124559,0.1583135820782503,0.14584736829578035,0.16096329964476236
kan_V0-fosls,128.19860940008192,0.15919216638428074,0.14638385385896216,0.1613460848881563
kan_V0-fosls,128.39750521891824,0.15869146708128745,0.1476406042933637,0.16248155597694802
kan_V0-fosls,128.5964010377546,0.15809848264671256,0.14888674689715425,0.16496801344262343
kan_V0-fosls,128.79529685659094,0.15783738007080994,0.14795860235114802,0.16741754652879454
kan_V0-fosls,128.99419267542726,0.15808064882880724,0.14532503440798514,0.16983175295637876
kan_V0-fosls,129.1930884942636,0.15795213706271155,0.14264285205245605,0.17221211844336612
kan_V0-fosls,129.39198431309995,0.1570199872179164,0.14274183009450506,0.17279673931083384
kan_V0-fosls,129.59088013193627,0.1560809762097481,0.14477881745683366,0.17099097325107848
kan_V0-fosls,129.78977595077262,0.15559956498543892,0.14678754003548752,0.16916593259355062
kan_V0-fosls,129.98867176960897,0.1541515607708519,0.14876914275191797,0.16863206501359138
kan_V0-fosls,130.1875675884453,0.1536525440216575,0.14727310989407538,0.1692691694511748
kan_V0-fosls,130.38646340728164,0.15372292908349655,0.1457190137972265,0.16990388489564612
kan_V0-fosls,130.585359226118,0.15412649326121322,0.14396572105134017,0.17041455540295294
kan_V0-fosls,130.7842550449543,0.15448742951772276,0.144122232930729,0.16825057774625457
kan_V0-fosls,130.98315086379066,0.15445397757867338,0.14514299190022656,0.17158285173088408
kan_V0-fosls,131.182046682627,0.15520527102473336,0.14615662205510618,0.1748516316888597
kan_V0-fosls,131.38094250146332,0.1539730982044906,0.1471632707008411,0.17806041446770415
kan_V0-fosls,131.57983832029967,0.1536575044362399,0.1481630801386734,0.1812123872602662
kan_V0-fosls,131.77873413913602,0.15339080586521875,0.14495387005294977,0.1843104646858631
kan_V0-fosls,131.97762995797234,0.15392994536230675,0.14221574191627778,0.1835995296370113
kan_V0-fosls,132.1765257768087,0.1547754914878095,0.1417111210936616,0.17827207832838843
kan_V0-fosls,132.375421595645,0.1571085004315419,0.14120469692771392,0.17278044027063544
kan_V0-fosls,132.57431741448136,0.16016845233881796,0.14069644994552152,0.1684784526115405
kan_V0-fosls,132.7732132333177,0.16062757740615377,0.140186360321173,0.16670470182902952
kan_V0-fosls,132.97210905215402,0.1593319624333202,0.13967440786673432,0.166542948100168
kan_V0-fosls,133.17100487099037,0.15920129245556056,0.13916057202292592,0.16904763857182564
kan_V0-fosls,133.36990068982672,0.1592559028124191,0.14310724031948582,0.16913156212228606
kan_V0-fosls,133.56879650866304,0.1580397285772231,0.1474350814292451,0.1668237833139853
kan_V0-fosls,133.7676923274994,0.15914916210998958,0.1516394547610792,0.16873121391287657
kan_V0-fosls,133.96658814633574,0.1583490018170466,0.1512656654695655,0.1710399144244887
kan_V0-fosls,134.16548396517206,0.15884488083517814,0.14801110147857022,0.17331786435379307
kan_V0-fosls,134.3643797840084,0.15802360515805797,0.14468334656016424,0.1740185980781135
kan_V0-fosls,134.56327560284475,0.15782295599259508,0.141277228819076,0.17249503142567377
kan_V0-fosls,134.76217142168107,0.15702623758120177,0.1428794273003025,0.16974994808338528
kan_V0-fosls,134.96106724051742,0.15666482044949778,0.14462849030810615,0.16881512416219835
kan_V0-fosls,135.15996305935374,0.15631835075200118,0.14635665229821776,0.16851348711637026
kan_V0-fosls,135.3588588781901,0.15597103894887018,0.1454743975634604,0.1682113091749176
kan_V0-fosls,135.55775469702644,0.15562287842604955,0.14407007319317508,0.1679085874175599
kan_V0-fosls,135.75665051586276,0.15511810716337102,0.14265192474454028,0.16760531889764418
kan_V0-fosls,135.9555463346991,0.15405793076956276,0.14361219498699726,0.16737801216566148
kan_V0-fosls,136.15444215353546,0.15318101013063531,0.1448863003888351,0.16719979923313577
kan_V0-fosls,136.35333797237178,0.15275529770163404,0.14614929877267333,0.16702139614634257
kan_V0-fosls,136.55223379120812,0.1519502385714649,0.1474014756477172,0.1671396885844615
kan_V0-fosls,136.75112961004447,0.152180245599697,0.14747968625140634,0.1699215634585753
kan_V0-fosls,136.9500254288808,0.1527807013359313,0.14586929260662382,0.1726586225947096
kan_V0-fosls,137.14892124771714,0.15401736705851432,0.14475340770726405,0.1753529645725964
kan_V0-fosls,137.3478170665535,0.15445012883069065,0.1449797841079312,0.17327497405568662
kan_V0-fosls,137.5467128853898,0.15538797324947198,0.14672823649540187,0.16954623018146778
kan_V0-fosls,137.74560870422616,0.1550737152656373,0.14845609778691776,0.16573361669708253
kan_V0-fosls,137.94450452306248,0.15680801438886982,0.150164078777806,0.16649924693671359
kan_V0-fosls,138.14340034189883,0.1550784976795944,0.14737001334955305,0.17067253630234658
kan_V0-fosls,138.34229616073517,0.1536262652100065,0.14435765316844967,0.17389159618040786
kan_V0-fosls,138.5411919795715,0.1525116419655496,0.14450277197372002,0.17118441274808205
kan_V0-fosls,138.74008779840784,0.1527874733578926,0.14639556653089442,0.16843372320779845
kan_V0-fosls,138.9389836172442,0.15395036671091758,0.14826419895481896,0.16563736009541088
kan_V0-fosls,139.1378794360805,0.15509696305203002,0.14675863576004786,0.16631737858982337
kan_V0-fosls,139.33677525491686,0.15642473134581575,0.14520563507961307,0.16777521493280773
kan_V0-fosls,139.5356710737532,0.156144067068555,0.1436358442297643,0.16878596933767623
kan_V0-fosls,139.73456689258953,0.15629126277607264,0.14228750443062846,0.16697181435427116
kan_V0-fosls,139.93346271142588,0.1570042707932919,0.14420217048249334,0.16513773079540398
kan_V0-fosls,140.13235853026222,0.15697628344071957,0.14609174523780608,0.16328304711681932
kan_V0-fosls,140.33125434909854,0.15747437088295316,0.147957190029393,0.1622082085260992
kan_V0-fosls,140.5301501679349,0.15748688180346126,0.14979940632779515,0.16269484696836997
kan_V0-fosls,140.7290459867712,0.15706198526765658,0.15161924083349632,0.1643252520500477
kan_V0-fosls,140.92794180560756,0.15773383302549787,0.15081017649138664,0.16593963870203574
kan_V0-fosls,141.1268376244439,0.15902591539295408,0.14995881948516268,0.16739670194138032
kan_V0-fosls,141.32573344328023,0.15877558595270608,0.15178467163153977,0.16635101960599127
kan_V0-fosls,141.52462926211658,0.15857192000185433,0.15284199050958078,0.16811437781360128
kan_V0-fosls,141.72352508095292,0.1581090029234164,0.15180460638106183,0.16985943109334745
kan_V0-fosls,141.92242089978924,0.1578686427445301,0.15076008415388836,0.17227530037222907
kan_V0-fosls,142.1213167186256,0.15760240228688815,0.14970827441950507,0.17478261163121286
kan_V0-fosls,142.32021253746194,0.15730988636371426,0.14864902248331194,0.1727227029554087
kan_V0-fosls,142.51910835629826,0.1566903185766117,0.15026849119312002,0.16935813058023372
kan_V0-fosls,142.7180041751346,0.15611463747362725,0.15067985467360903,0.16728109675422384
kan_V0-fosls,142.91689999397096,0.15552521385094537,0.15035678964183782,0.16774390389403965
kan_V0-fosls,143.11579581280728,0.15492162952308958,0.15003302895809248,0.16820543765267992
kan_V0-fosls,143.31469163164363,0.1539616200999499,0.14970856810910904,0.16866570848351603
kan_V0-fosls,143.51358745047995,0.15218085980500823,0.14790975274428472,0.16912472669767478
kan_V0-fosls,143.7124832693163,0.1524463900507082,0.1445768213823012,0.16839715717390064
kan_V0-fosls,143.91137908815264,0.1547583713453434,0.14694168363837673,0.1667260851206796
kan_V0-fosls,144.11027490698896,0.1570199428172343,0.1490339996257412,0.16503809370895217
kan_V0-fosls,144.3091707258253,0.15815270160730938,0.14937447855637345,0.16497939966356245
kan_V0-fosls,144.50806654466166,0.16115668025187369,0.14971418317424542,0.16717066261057156
kan_V0-fosls,144.70696236349798,0.16149885222840168,0.15005311873824725,0.16933357186915274
kan_V0-fosls,144.90585818233433,0.1614788596865325,0.14998140550459843,0.17146920040133617
kan_V0-fosls,145.10475400117068,0.16233529118547846,0.14957525162090385,0.17259734737051852
kan_V0-fosls,145.303649820007,0.1630694158834577,0.14916799186748686,0.1704828488267237
kan_V0-fosls,145.50254563884334,0.16205353273442874,0.14875961716171676,0.1683417926981043
kan_V0-fosls,145.7014414576797,0.1612491233861942,0.1483501182959503,0.1661731524451152
kan_V0-fosls,145.900337276516,0.1615152895778844,0.14793948593510922,0.16595273418204917
kan_V0-fosls,146.09923309535236,0.16099998646682273,0.1475277106141971,0.16716382298544818
kan_V0-fosls,146.29812891418868,0.15904051983378387,0.14456416138579098,0.16836620043144818
kan_V0-fosls,146.49702473302503,0.15789769957409197,0.14617433813454703,0.16738137648186419
kan_V0-fosls,146.69592055186138,0.15739084823819705,0.147766970263888,0.1661607429060825
kan_V0-fosls,146.8948163706977,0.15687699464306692,0.14934261907729007,0.16660099713532978
kan_V0-fosls,147.09371218953405,0.15635596039933766,0.14922181607698035,0.16704009102569087
kan_V0-fosls,147.2926080083704,0.15579966640941512,0.14678620690084945,0.1674780337036951
kan_V0-fosls,147.4915038272067,0.15580249976305582,0.14430949615103614,0.16870875525917525
kan_V0-fosls,147.69039964604306,0.15522554186173182,0.14442923914231717,0.17011910850232967
kan_V0-fosls,147.8892954648794,0.1548449981153776,0.1458035945087025,0.17151786511659517
kan_V0-fosls,148.08819128371573,0.15478116303574171,0.1471651155134517,0.17290530654286346
kan_V0-fosls,148.28708710255208,0.15509433152327984,0.1485141551385493,0.1742817030190166
kan_V0-fosls,148.48598292138843,0.15540640427452335,0.14912602630331898,0.1756473141944841
kan_V0-fosls,148.68487874022475,0.15571739348068117,0.14901079834936412,0.17578193438065481
kan_V0-fosls,148.8837745590611,0.1563782943274541,0.14930463530646207,0.1722202622780218
kan_V0-fosls,149.08267037789741,0.15784316646864552,0.15051128758121793,0.17177728214743215
kan_V0-fosls,149.28156619673376,0.1595730569170228,0.15170834273274686,0.17147812880524943
kan_V0-fosls,149.4804620155701,0.15956813720329066,0.15218307618244378,0.1711784526602017
kan_V0-fosls,149.67935783440643,0.15901506558109768,0.15213220303668723,0.17087825096170703
kan_V0-fosls,149.87825365324278,0.15966548229461994,0.1520813128732132,0.1705775209349794
kan_V0-fosls,150.07714947207913,0.1606852079504906,0.15152983911919365,0.1702762597807297
kan_V0-fosls,150.27604529091545,0.15916612161282623,0.15094131908428218,0.16997446467486155
kan_V0-fosls,150.4749411097518,0.1577529246247592,0.1503504954109478,0.16937099208639406
kan_V0-fosls,150.67383692858814,0.15631776897466163,0.14975734083420347,0.16870998469689694
kan_V0-fosls,150.87273274742446,0.15485952542203268,0.1491618275469504,0.16804637726688743
kan_V0-fosls,151.0716285662608,0.15498120290694206,0.14856392718476621,0.16738013887144104
kan_V0-fosls,151.27052438509716,0.15536476235101776,0.1482357960190927,0.16671123796769288
kan_V0-fosls,151.46942020393348,0.15557918000863266,0.14816028219852678,0.16603964237741115
kan_V0-fosls,151.66831602276983,0.15548532074203295,0.14926406967425723,0.16512944843415897
kan_V0-fosls,151.86721184160615,0.15595327680465979,0.15035975449000935,0.16359513076941254
kan_V0-fosls,152.0661076604425,0.15748583805455457,0.15144751250803132,0.16290228229437703
kan_V0-fosls,152.26500347927885,0.15785307116071196,0.1515329473548868,0.1629723202906875
kan_V0-fosls,152.46389929811517,0.15746369637318938,0.15037652799345969,0.1652088060203194
kan_V0-fosls,152.66279511695151,0.15738889787934607,0.1492111463955578,0.16817786300021711
kan_V0-fosls,152.86169093578786,0.15773981054118036,0.1493402302077509,0.1674994323482848
kan_V0-fosls,153.06058675462418,0.15820384418646338,0.1511804114419607,0.16563037114205104
kan_V0-fosls,153.25948257346053,0.1590581276822131,0.1527287045198728,0.1686023189621989
kan_V0-fosls,153.45837839229688,0.15792010175407523,0.15152788293772923,0.17226911048274712
kan_V0-fosls,153.6572742111332,0.157308826254395,0.15031746881471156,0.1758594634746809
kan_V0-fosls,153.85617002996955,0.15856405470246238,0.14909722852599688,0.17937796787980542
kan_V0-fosls,154.0550658488059,0.1593254416487096,0.1478669188067598,0.18282877188171007
kan_V0-fosls,154.25396166764222,0.15920723075685725,0.1490482960492378,0.18079527337854617
kan_V0-fosls,154.45285748647856,0.1586668984972591,0.1506351723832489,0.1777241062492791
kan_V0-fosls,154.65175330531488,0.15812471459688632,0.15139572586569602,0.17459892613698114
kan_V0-fosls,154.85064912415123,0.15807374990301531,0.15209134014486858,0.171416778858631
kan_V0-fosls,155.04954494298758,0.15840730596728902,0.15278378737196974,0.1681744306972692
kan_V0-fosls,155.2484407618239,0.15911449710634204,0.15347311041477057,0.16486832990733108
kan_V0-fosls,155.44733658066025,0.15848354215176386,0.15375661700443136,0.16299946125834885
kan_V0-fosls,155.6462323994966,0.1577644030084846,0.15362457771557383,0.16272564360802694
kan_V0-fosls,155.84512821833292,0.15756433848359666,0.1534924248421706,0.16293538639476188
kan_V0-fosls,156.04402403716927,0.1563161799179312,0.1533601580905888,0.16314485953156513
kan_V0-fosls,156.2429198560056,0.15558700302879735,0.15208267532630895,0.1633540640557739
kan_V0-fosls,156.44181567484193,0.15468586683188779,0.14926169576789594,0.16356300099809137
kan_V0-fosls,156.64071149367828,0.15369929123140896,0.1463594879538292,0.16377167138264603
kan_V0-fosls,156.8396073125146,0.15318756263138164,0.14761116605755809,0.16356962503775235
kan_V0-fosls,157.03850313135095,0.1530100344186161,0.14890306448952395,0.16337400144802902
kan_V0-fosls,157.2373989501873,0.15377778632306402,0.1489060565024601,0.1631781433381636
kan_V0-fosls,157.43629476902362,0.15444873783417418,0.14861129770225498,0.1629820498626765
kan_V0-fosls,157.63519058785997,0.15491941298109552,0.14736824269921103,0.1627857201709955
kan_V0-fosls,157.83408640669631,0.15399405774930155,0.1456116655448893,0.1625891534074132
kan_V0-fosls,158.03298222553263,0.1532452177257714,0.14301535253740744,0.1632700733778416
kan_V0-fosls,158.23187804436898,0.1541158397409159,0.14506483029037678,0.16352141277440932
kan_V0-fosls,158.43077386320533,0.15495414308235245,0.14708575360296694,0.16105235852490044
kan_V0-fosls,158.62966968204165,0.15372275733358892,0.14907928373429188,0.16146389229448474
kan_V0-fosls,158.828565500878,0.15454737871785462,0.14915683319967304,0.16209576350835417
kan_V0-fosls,159.02746131971435,0.1549562843322065,0.14569343896067216,0.16272518114854748
kan_V0-fosls,159.22635713855067,0.15619588897035463,0.14214568379736073,0.1616582255643902
kan_V0-fosls,159.42525295738702,0.15621447318139006,0.14285893742011985,0.16230162374476376
kan_V0-fosls,159.62414877622334,0.15454025711319283,0.14632561564475874,0.163603197230999
kan_V0-fosls,159.82304459505968,0.15338952174103446,0.14971204222382964,0.16743075583160655
kan_V0-fosls,160.02194041389603,0.1535280716888273,0.14691354939140716,0.17117274856845915
kan_V0-fosls,160.22083623273235,0.1542157233391297,0.14338530971692848,0.17483466963568367
kan_V0-fosls,160.4197320515687,0.15532125669448948,0.14108552517313575,0.1784214492732209
kan_V0-fosls,160.61862787040505,0.15621602432739617,0.14241199495004303,0.18178956069027052
kan_V0-fosls,160.81752368924137,0.15653415360331968,0.1429085103484883,0.178510478799522
kan_V0-fosls,161.01641950807772,0.15684487999297642,0.1441388512340992,0.17517002513702928
kan_V0-fosls,161.21531532691407,0.157148328414701,0.1453587786827736,0.171764619091885
kan_V0-fosls,161.4142111457504,0.15664940091239604,0.14314631581384274,0.1682903177163006
kan_V0-fosls,161.61310696458673,0.15607445847873774,0.1408638720093971,0.16574628990212467
kan_V0-fosls,161.81200278342308,0.15556491610248066,0.13854383112893626,0.16639576319559843
kan_V0-fosls,162.0108986022594,0.1560403704650497,0.1397946777800296,0.16676691186405718
kan_V0-fosls,162.20979442109575,0.15710530329487918,0.14533027935870968,0.16620433428262998
kan_V0-fosls,162.40869023993207,0.15784308144360112,0.1497161577433267,0.16584339023759376
kan_V0-fosls,162.60758605876842,0.15819512948597286,0.14984587533422292,0.16548165891320216
kan_V0-fosls,162.80648187760477,0.15878041857434327,0.14997548072913205,0.16511913513530754
kan_V0-fosls,163.0053776964411,0.15936313512445233,0.15008218414268368,0.16563285528515564
kan_V0-fosls,163.20427351527744,0.15870879444722868,0.15006191572225477,0.1703307984856867
kan_V0-fosls,163.40316933411378,0.15792140802437898,0.15004164456386024,0.1698002054631431
kan_V0-fosls,163.6020651529501,0.15781032307353476,0.15002137066639026,0.16859808045291616
kan_V0-fosls,163.80096097178645,0.15669915214486696,0.15000109402873413,0.16839069488988956
kan_V0-fosls,163.9998567906228,0.1558934017221946,0.14881066097255521,0.16957812491338767
kan_V0-fosls,164.19875260945912,0.15617094841710616,0.1461321965414052,0.17075729786097313
kan_V0-fosls,164.39764842829547,0.15612317061419084,0.14340371303750424,0.17192838362650226
kan_V0-fosls,164.59654424713182,0.15586137778877823,0.14580015389236603,0.1730915463564364
kan_V0-fosls,164.79544006596814,0.1552821579109675,0.1483329658615968,0.1698876542327222
kan_V0-fosls,164.99433588480449,0.15420957382728517,0.15053669159187846,0.16605952366211005
kan_V0-fosls,165.1932317036408,0.1534933619894128,0.15119119485378907,0.16233034875661748
kan_V0-fosls,165.39212752247715,0.1537050414606363,0.15079801545205623,0.16200718495171157
kan_V0-fosls,165.5910233413135,0.15324851106118698,0.14861447237069486,0.1616833752261224
kan_V0-fosls,165.78991916014982,0.15237509140531713,0.14639836519497598,0.1613589156912134
kan_V0-fosls,165.98881497898617,0.15173752938666982,0.14526017814135328,0.15911244753872963
kan_V0-fosls,166.18771079782252,0.1515806593486369,0.14808435643072534,0.15895653734808105
kan_V0-fosls,166.38660661665884,0.15294248419397938,0.14835704749781992,0.1599013208813376
kan_V0-fosls,166.5855024354952,0.15364266934817108,0.14811335324284697,0.16084055481594542
kan_V0-fosls,166.78439825433153,0.15264463057586886,0.1467157996483333,0.1617743358119754
kan_V0-fosls,166.98329407316785,0.1526306022130951,0.1453048048897883,0.16270275775570123
kan_V0-fosls,167.1821898920042,0.15321130547672734,0.1446017418675786,0.16507200405337036
kan_V0-fosls,167.38108571084055,0.15406529210908404,0.14318699660710768,0.16507564385679155
kan_V0-fosls,167.57998152967687,0.1549679269912946,0.1412947155882863,0.16317846216550663
kan_V0-fosls,167.77887734851322,0.15586406911880196,0.13937674594058183,0.16125896202898302
kan_V0-fosls,167.97777316734954,0.1558911337949351,0.13743201215436068,0.16065216379278768
kan_V0-fosls,168.1766689861859,0.15523858753357486,0.13545936150966872,0.1638691467013817
kan_V0-fosls,168.37556480502224,0.15550166987433323,0.13345755608588783,0.1670241801356116
kan_V0-fosls,168.57446062385856,0.15504805479987854,0.1355064394416385,0.17012071084764302
kan_V0-fosls,168.7733564426949,0.15584653783036417,0.1381362910749357,0.16848187951864005
kan_V0-fosls,168.97225226153125,0.15686622946580442,0.1407170021487392,0.16602544048821988
kan_V0-fosls,169.17114808036757,0.15735440302173803,0.14325122853056824,0.16353210709974186
kan_V0-fosls,169.37004389920392,0.15848191181175544,0.14574139513983664,0.16337487131190973
kan_V0-fosls,169.56893971804027,0.158230336766618,0.14818972312240453,0.16573413566105166
kan_V0-fosls,169.7678355368766,0.15671275173870702,0.14844456491074165,0.16806028344153348
kan_V0-fosls,169.96673135571294,0.15682235676016526,0.14871391376294255,0.1685622585641984
kan_V0-fosls,170.1656271745493,0.15752633650534453,0.15049604230586922,0.16711347182405883
kan_V0-fosls,170.3645229933856,0.15754079470959903,0.1518172867171366,0.1656520145302115
kan_V0-fosls,170.56341881222195,0.15708163504949255,0.15104663727044607,0.16417754831506115
kan_V0-fosls,170.76231463105827,0.15641883758640368,0.14989549480673883,0.16537862293420674
kan_V0-fosls,170.96121044989462,0.15668502239250504,0.14925668522903313,0.1668884660480154
kan_V0-fosls,171.16010626873097,0.157674959445139,0.14872490040683925,0.16665063144642736
kan_V0-fosls,171.3590020875673,0.1580329853517205,0.14819120728467614,0.16469877171454542
kan_V0-fosls,171.55789790640364,0.15797632405993442,0.14765558517020416,0.16272350121315246
kan_V0-fosls,171.75679372524,0.15770993875030598,0.14711801299440183,0.16177111671711752
kan_V0-fosls,171.9556895440763,0.1569358304628439,0.14657846930189503,0.16149507212017206
kan_V0-fosls,172.15458536291266,0.15573639254128968,0.1464220418633768,0.16121855486976638
kan_V0-fosls,172.353481181749,0.1546745663794795,0.14730822530001408,0.16217406152193625
kan_V0-fosls,172.55237700058532,0.15460817403114518,0.1481891093793296,0.16042576722626795
kan_V0-fosls,172.75127281942167,0.15382438586584468,0.14906478804948592,0.15999937987062982
kan_V0-fosls,172.95016863825802,0.15349953039464484,0.14993535251513368,0.15957185318167955
kan_V0-fosls,173.14906445709434,0.15270745398894536,0.14783174553148004,0.1614522994837874
kan_V0-fosls,173.3479602759307,0.15215162986343395,0.14477473109011965,0.16354571360017944
kan_V0-fosls,173.546856094767,0.15224556352021884,0.14165175797549698,0.16561266819111745
kan_V0-fosls,173.74575191360336,0.15200443912708395,0.1384583631019844,0.1659319983283636
kan_V0-fosls,173.9446477324397,0.15230003845932347,0.1405658333928738,0.16354880754447665
kan_V0-fosls,174.14354355127603,0.15251579449347058,0.14418060267363952,0.16154399411078726
kan_V0-fosls,174.34243937011237,0.15288808798534143,0.14770693571134297,0.16258974037443594
kan_V0-fosls,174.54133518894872,0.15367537953723845,0.15099955959140654,0.16362880344483027
kan_V0-fosls,174.74023100778504,0.1541730553811656,0.15086698396029363,0.16466130984098018
kan_V0-fosls,174.9391268266214,0.15551707965066197,0.15051641810766958,0.16445727459926113
kan_V0-fosls,175.13802264545774,0.15467779428412043,0.15016503384826346,0.16299891468993272
kan_V0-fosls,175.33691846429406,0.15425061706218374,0.14996660753723107,0.1615273884255398
kan_V0-fosls,175.5358142831304,0.15455349179843902,0.14799737949185482,0.16004233262813433
kan_V0-fosls,175.73471010196675,0.15399645435750983,0.14590292858006518,0.15854336710986547
kan_V0-fosls,175.93360592080307,0.15343181195233496,0.1437779704962593,0.15893627798353627
kan_V0-fosls,176.13250173963942,0.15351201169785356,0.14162113201004548,0.1606043831199095
kan_V0-fosls,176.33139755847574,0.1535733496202279,0.14062465952793202,0.16128714826143317
kan_V0-fosls,176.5302933773121,0.1543987158913584,0.1434209054601729,0.15918505473319589
kan_V0-fosls,176.72918919614844,0.1554666887574588,0.14616366641092748,0.16108640923120668
kan_V0-fosls,176.92808501498476,0.15501962173268083,0.14885589889001316,0.162975512922569
kan_V0-fosls,177.1269808338211,0.15625606315162338,0.1505506718273591,0.16484296886960395
kan_V0-fosls,177.32587665265746,0.15824440469519874,0.1504833262352705,0.16668950464596133
kan_V0-fosls,177.52477247149378,0.15795733087368535,0.14822809764324707,0.1678291705761886
kan_V0-fosls,177.72366829033012,0.15805340373488494,0.14788003891459264,0.1678405081568755
kan_V0-fosls,177.92256410916647,0.15729774586178658,0.1483706149465713,0.16785184497176367
kan_V0-fosls,178.1214599280028,0.15653762684562222,0.14885957426335064,0.1678631810210082
kan_V0-fosls,178.32035574683914,0.1557729572941531,0.14732246304533647,0.16787451630476424
kan_V0-fosls,178.5192515656755,0.15500364463868604,0.14509394268393153,0.1678858508231868
kan_V0-fosls,178.7181473845118,0.15422959297073913,0.14283065598600173,0.16789718457643094
kan_V0-fosls,178.91704320334816,0.15364516364574343,0.14053092319918434,0.16600302635033004
kan_V0-fosls,179.11593902218448,0.15575671024704346,0.14007275546398765,0.16581829576556717
kan_V0-fosls,179.31483484102083,0.15594974694926822,0.14059895590628543,0.16429137578009173
kan_V0-fosls,179.51373065985717,0.1574063190400543,0.14112319433955964,0.1644268784000156
kan_V0-fosls,179.7126264786935,0.15709630509833394,0.14164549254834977,0.16854688480597274
kan_V0-fosls,179.91152229752984,0.15775964987675706,0.14216587191702562,0.1725685556966343
kan_V0-fosls,180.1104181163662,0.1579830667216,0.14268435344000285,0.17128762235632808
kan_V0-fosls,180.3093139352025,0.15688332361462348,0.14247801950222116,0.16960018503603239
kan_V0-fosls,180.50820975403886,0.1564748422598586,0.14353090655932008,0.1678957889764621
kan_V0-fosls,180.7071055728752,0.15636999182395114,0.14457612608658876,0.16617391235630508
kan_V0-fosls,180.90600139171153,0.15626407335639317,0.14561384319723905,0.16443400603151803
kan_V0-fosls,181.10489721054788,0.15615708058889177,0.14664421716227022,0.16267549148948524
kan_V0-fosls,181.30379302938422,0.1560490071138173,0.1476674016958381,0.16146559017581627
kan_V0-fosls,181.50268884822054,0.15583117173893868,0.14814698376492147,0.16181228771572984
kan_V0-fosls,181.7015846670569,0.1563570562371323,0.14771921431503726,0.16249569776834774
kan_V0-fosls,181.9004804858932,0.15537942821472184,0.14729020251550995,0.16318395394251167
kan_V0-fosls,182.09937630472956,0.1548154690046696,0.146859937478769,0.16386931944510347
kan_V0-fosls,182.2982721235659,0.15424608699690134,0.14642840815728328,0.1648725867570571
kan_V0-fosls,182.49716794240223,0.15503471300558128,0.14540671404429836,0.1678678843359169
kan_V0-fosls,182.69606376123858,0.15507893687132157,0.1422324525842065,0.17081066512039106
kan_V0-fosls,182.89495958007493,0.15536446291956288,0.1389857138236759,0.17157404975365415
kan_V0-fosls,183.09385539891124,0.15471057709094752,0.14006556217764662,0.16938365512789852
kan_V0-fosls,183.2927512177476,0.15500414251471464,0.14438925638059197,0.16716456173514838
kan_V0-fosls,183.49164703658394,0.15530701377183398,0.14858718991938852,0.16491561107342625
kan_V0-fosls,183.69054285542026,0.15487609367589777,0.1502638712795801,0.162635564534142
kan_V0-fosls,183.8894386742566,0.1553149478386028,0.14878747208058854,0.1626930691072494
kan_V0-fosls,184.08833449309296,0.15538252088804622,0.1472962751882668,0.16324602810824035
kan_V0-fosls,184.28723031192928,0.1544966013117887,0.14711567642060525,0.1643098767820747
kan_V0-fosls,184.48612613076563,0.15424556165287573,0.1488505996046322,0.16439600595736784
kan_V0-fosls,184.68502194960195,0.15539725984347547,0.14738459159937056,0.16446097374070176
kan_V0-fosls,184.8839177684383,0.15537635828940985,0.14590385422999594,0.16452591586964244
kan_V0-fosls,185.08281358727464,0.15549193878041545,0.144407934399127,0.16459083237455707
kan_V0-fosls,185.28170940611096,0.15620234237958577,0.14289635529178932,0.16465572328575284
kan_V0-fosls,185.4806052249473,0.15623114438329516,0.14136861460003045,0.16543699643088025
kan_V0-fosls,185.67950104378366,0.15593370060259343,0.14222599060886254,0.1641497595282384
kan_V0-fosls,185.87839686261998,0.1563643462278717,0.14439987899442205,0.16270755390778308
kan_V0-fosls,186.07729268145633,0.15615581245222482,0.14654152211074953,0.16125245004070393
kan_V0-fosls,186.27618850029268,0.15432280103927132,0.14865231364316822,0.15978409554647577
kan_V0-fosls,186.475084319129,0.15375348905905906,0.15009978931017745,0.16079873058671218
kan_V0-fosls,186.67398013796534,0.15433117135289137,0.14733202575512763,0.16211021013238613
kan_V0-fosls,186.8728759568017,0.15528347334164003,0.14567085739612126,0.1610418643698708
kan_V0-fosls,187.071771775638,0.15543526994059953,0.14467262877590675,0.15983973471614393
kan_V0-fosls,187.27066759447436,0.15629567191468413,0.1436674644425157,0.15868974167156585
kan_V0-fosls,187.46956341331068,0.1564892017001192,0.1426552177866332,0.16037169119539293
kan_V0-fosls,187.66845923214703,0.15536234653118472,0.1416357369598575,0.1620361828788642
kan_V0-fosls,187.86735505098338,0.15422719593105044,0.14060886460878683,0.1636837493065056
kan_V0-fosls,188.0662508698197,0.15316863704010097,0.1402625478888835,0.16293080462519433
kan_V0-fosls,188.26514668865605,0.15354336679474187,0.1443094355692758,0.16193100922213124
kan_V0-fosls,188.4640425074924,0.15465902679573673,0.14824589049401868,0.16092500240665736
kan_V0-fosls,188.6629383263287,0.15455489053536822,0.14819565556471648,0.15991266695126885
kan_V0-fosls,188.86183414516506,0.1544628998675104,0.1480092936163889,0.16147897447210774
kan_V0-fosls,189.0607299640014,0.15282758541100652,0.14782269671937648,0.1638819656533393
kan_V0-fosls,189.25962578283773,0.1526300168001189,0.14730466971492848,0.1662502274772604
kan_V0-fosls,189.45852160167408,0.15256975398811223,0.1449629445691792,0.1660463773869592
kan_V0-fosls,189.65741742051043,0.15348447052214848,0.1449725681293926,0.16416479148790916
kan_V0-fosls,189.85631323934675,0.15438801278708458,0.14463192787214565,0.16343073199104816
kan_V0-fosls,190.0552090581831,0.1554625950145819,0.14397415379447753,0.16298567611071088
kan_V0-fosls,190.25410487701942,0.15720872705039426,0.14331336072278197,0.1625394016089678
kan_V0-fosls,190.45300069585576,0.15632721308127892,0.14264950670254892,0.16209189842042404
kan_V0-fosls,190.6518965146921,0.15494821350004875,0.14211072842462846,0.16319137057018893
kan_V0-fosls,190.85079233352843,0.15510904035242024,0.14411517520969536,0.16373510597653082
kan_V0-fosls,191.04968815236478,0.15409433295459557,0.14609212271051428,0.1628642594038338
kan_V0-fosls,191.24858397120113,0.15587324753826087,0.14804267259951345,0.16346986405371963
kan_V0-fosls,191.44747979003745,0.15564048199031838,0.14718237096850623,0.1640732333938838
kan_V0-fosls,191.6463756088738,0.15358065413652627,0.14400799957400645,0.16467439199494915
kan_V0-fosls,191.84527142771014,0.15380965311587544,0.14163630380262954,0.1652733639806744
kan_V0-fosls,192.04416724654646,0.153433768511555,0.14213127346555135,0.1661409233093118
kan_V0-fosls,192.2430630653828,0.15499660445981245,0.14262452537697692,0.16598848584365825
kan_V0-fosls,192.44195888421916,0.1576791929770393,0.1431160772976835,0.16397400482959074
kan_V0-fosls,192.64085470305548,0.15601823465639486,0.14360594668447782,0.16322234501193522
kan_V0-fosls,192.83975052189183,0.15427664670519858,0.14409415069743003,0.1671198248907172
kan_V0-fosls,193.03864634072815,0.15379488980261072,0.14355268003268817,0.1709284582268633
kan_V0-fosls,193.2375421595645,0.15401520288887152,0.14142096987493047,0.17465405747397145
kan_V0-fosls,193.43643797840085,0.15372067124167937,0.14056579746516015,0.1742673958727234
kan_V0-fosls,193.63533379723717,0.15367926651006725,0.1380149435126878,0.17161806979762134
kan_V0-fosls,193.83422961607351,0.15261239856613124,0.1354160472344555,0.16892719881020293
kan_V0-fosls,194.03312543490986,0.15143023249804213,0.13276628737898097,0.16619276492874901
kan_V0-fosls,194.23202125374618,0.15163680605420932,0.13006255525781485,0.16341258131326106
kan_V0-fosls,194.43091707258253,0.15190204305261257,0.1279260615795528,0.16058427179603785
kan_V0-fosls,194.62981289141888,0.1519168810517541,0.13042493789213422,0.157748077985314
kan_V0-fosls,194.8287087102552,0.1519735541306595,0.13287682874406098,0.1564084813596762
kan_V0-fosls,195.02760452909155,0.15158393467190528,0.1352842888512559,0.15601605441761207
kan_V0-fosls,195.2265003479279,0.14993199148503372,0.13764964948339525,0.15834728416250618
kan_V0-fosls,195.42539616676422,0.14990464310643714,0.1399750449037721,0.16097112451549608
kan_V0-fosls,195.62429198560056,0.15069110542867795,0.14226243491774118,0.16355287662993068
kan_V0-fosls,195.82318780443688,0.1513242676608765,0.14269159814730345,0.16609450316030083
kan_V0-fosls,196.02208362327323,0.1512277676267726,0.14285386505186431,0.1685978188062027
kan_V0-fosls,196.22097944210958,0.15252407790134498,0.14474005411910554,0.16733922590634967
kan_V0-fosls,196.4198752609459,0.15380497105687566,0.14419437766890195,0.16542530188113377
kan_V0-fosls,196.61877107978225,0.15507104872807148,0.14283000364819493,0.16348897356700257
kan_V0-fosls,196.8176668986186,0.15576864475267663,0.14145247022574342,0.16152943525413527
kan_V0-fosls,197.01656271745492,0.15627671764897946,0.1400613891255771,0.1601736798608209
kan_V0-fosls,197.21545853629127,0.15646992478590102,0.14058549004024756,0.1604536232781262
kan_V0-fosls,197.4143543551276,0.15638222682385866,0.1435197531308367,0.16129025839040456
kan_V0-fosls,197.61325017396393,0.15709939307461673,0.14639521531667607,0.16214280965772
kan_V0-fosls,197.81214599280028,0.15707020000389138,0.14918316415724736,0.1629909015735412
kan_V0-fosls,198.01104181163663,0.15766172569725834,0.14971618431461117,0.16383460338955255
kan_V0-fosls,198.20993763047295,0.15829304216083948,0.15024731353167356,0.16467398258337024
kan_V0-fosls,198.4088334493093,0.15892180792170163,0.14974443104728205,0.16550910492152482
kan_V0-fosls,198.60772926814562,0.15878522161411363,0.14794200930066512,0.16520094259218734
kan_V0-fosls,198.80662508698197,0.15728873406733668,0.14611735558160738,0.1650415307037718
kan_V0-fosls,199.00552090581832,0.15541235603721504,0.1442696263542874,0.164800663593377
kan_V0-fosls,199.20441672465464,0.15553972980942224,0.14239792335090276,0.16455944392404465
kan_V0-fosls,199.40331254349098,0.1560250903438553,0.14050128846702217,0.16431787014309845
kan_V0-fosls,199.60220836232733,0.15611988452854647,0.13857869802800568,0.16407594068643197
kan_V0-fosls,199.80110418116365,0.15521115154778764,0.139414673359361,0.16383365397839028
kan_V0-fosls,200.0,0.15557206823615718,0.1405940685991712,0.16288116388198376
mlp_V0-fosls,0.5388679504394531,0.6099677659469215,0.5308321824453065,0.6844914890245034
mlp_V0-fosls,0.7385287432818561,0.5580836886998849,0.5010956361838401,0.6182666726663288
mlp_V0-fosls,0.938189536124259,0.49919297848680344,0.4692230873546706,0.5435770235805389
mlp_V0-fosls,1.137850328966662,0.4500227950269694,0.43253955345791295,0.47853614885295415
mlp_V0-fosls,1.337511121809065,0.43941780858195956,0.42369201621419805,0.4627164594165492
mlp_V0-fosls,1.537171914651468,0.4283876438531793,0.41465574143105005,0.4463364178183956
mlp_V0-fosls,1.7368327074938708,0.41966940286311716,0.405852749244925,0.4342280430445909
mlp_V0-fosls,1.9364935003362738,0.4122342630269228,0.39417098115802246,0.4255164686445205
mlp_V0-fosls,2.1361542931786768,0.4056233304541875,0.382132268598835,0.42500837255787394
mlp_V0-fosls,2.33581508602108,0.39832419186443524,0.3737834168898008,0.4167640915963288
mlp_V0-fosls,2.535475878863483,0.3914977423156448,0.36594162620286474,0.4068810999745527
mlp_V0-fosls,2.735136671705886,0.38601391138990654,0.3580361107960701,0.4001096647904923
mlp_V0-fosls,2.9347974645482884,0.3825221585177503,0.35061062997470305,0.39405489478320976
mlp_V0-fosls,3.1344582573906914,0.37597136795707564,0.3430244467505785,0.39310907468925416
mlp_V0-fosls,3.3341190502330944,0.36983930729887227,0.33634340143978264,0.38889015637170826
mlp_V0-fosls,3.5337798430754974,0.36565006247938403,0.33097029238391523,0.38234919746112783
mlp_V0-fosls,3.7334406359179004,0.36353427199143673,0.325508502483892,0.3804604048319141
mlp_V0-fosls,3.9331014287603034,0.35686539977041914,0.31328977624467913,0.3735207500589991
mlp_V0-fosls,4.1327622216027065,0.34808410887897817,0.29782803584074224,0.3657469785194825
mlp_V0-fosls,4.3324230144451095,0.3418671829425037,0.2816199007248946,0.36281806526896876
mlp_V0-fosls,4.5320838072875125,0.3355755154358799,0.27896125653896076,0.34961599309691915
mlp_V0-fosls,4.7317446001299155,0.3288736866046153,0.27627702911261415,0.34378662576608054
mlp_V0-fosls,4.9314053929723185,0.3236225621370631,0.2720922569259731,0.33792120065630554
mlp_V0-fosls,5.1310661858147215,0.32034301101549867,0.2642342713153362,0.33791552490447135
mlp_V0-fosls,5.330726978657124,0.31465076202849207,0.2561353236006773,0.3379098490573036
mlp_V0-fosls,5.530387771499527,0.30657095411196467,0.2541750149243356,0.3321200902143058
mlp_V0-fosls,5.73004856434193,0.2979286693593458,0.25668887363802845,0.32244146325238837
mlp_V0-fosls,5.929709357184333,0.29235900033276196,0.25917835073040585,0.31246318203065787
mlp_V0-fosls,6.129370150026736,0.2907178296273891,0.2531664989892015,0.30637286563202887
mlp_V0-fosls,6.329030942869139,0.2880912468225312,0.24572056557598226,0.30060503012007866
mlp_V0-fosls,6.528691735711542,0.2822885796291341,0.2392579787685032,0.2960764727539086
mlp_V0-fosls,6.728352528553945,0.2745954229849838,0.23900720953130083,0.2969534493846345
mlp_V0-fosls,6.928013321396348,0.2666798649213929,0.23875617690750697,0.297827843702481
mlp_V0-fosls,7.127674114238751,0.26395214762911334,0.2396550262961725,0.29220943343465583
mlp_V0-fosls,7.327334907081154,0.26464451184780896,0.24010141599002902,0.2825427937658956
mlp_V0-fosls,7.526995699923557,0.26151000661967727,0.23904371112032793,0.28061997358632707
mlp_V0-fosls,7.72665649276596,0.2583976740272346,0.238164276455857,0.27524151061620367
mlp_V0-fosls,7.926317285608363,0.2552933622512122,0.22884562643507153,0.2745516925815386
mlp_V0-fosls,8.125978078450766,0.2529272012372734,0.21948142413406604,0.2753185434954639
mlp_V0-fosls,8.325638871293169,0.2488123462747268,0.22329441079473264,0.2699218529157631
mlp_V0-fosls,8.525299664135572,0.2454761755779971,0.22704337084446188,0.2644150392290386
mlp_V0-fosls,8.724960456977975,0.24371178314957886,0.22885683477590946,0.25974523410197015
mlp_V0-fosls,8.924621249820378,0.24434174785439333,0.22651237382972966,0.2583240975601448
mlp_V0-fosls,9.12428204266278,0.24081605913099352,0.22049303285804078,0.25996859590664045
mlp_V0-fosls,9.323942835505184,0.2418481341831687,0.2213314864480031,0.25732146813999224
mlp_V0-fosls,9.523603628347587,0.2424867233234523,0.22137578008129766,0.25860395101158945
mlp_V0-fosls,9.72326442118999,0.23729072593787098,0.2202347602775399,0.2598801050328557
mlp_V0-fosls,9.922925214032393,0.23454958297689316,0.21936030091721442,0.25412714530592384
mlp_V0-fosls,10.122586006874794,0.23140424129081383,0.21851674215593395,0.2480693407013474
mlp_V0-fosls,10.322246799717197,0.23171143837109132,0.21742349544653958,0.2428061519924108
mlp_V0-fosls,10.5219075925596,0.2308018837407126,0.21170027711371253,0.2400228879436692
mlp_V0-fosls,10.721568385402003,0.22923811522207532,0.2058179736754153,0.23977996383313255
mlp_V0-fosls,10.921229178244406,0.22916295383323776,0.2050907515089784,0.23773831435998008
mlp_V0-fosls,11.12088997108681,0.22763156820561553,0.20790280620029009,0.23564231926161996
mlp_V0-fosls,11.320550763929212,0.22381597144307896,0.21067732981361145,0.23543640525593565
mlp_V0-fosls,11.520211556771615,0.22488392503297538,0.20839160605160414,0.23404021868078853
mlp_V0-fosls,11.719872349614018,0.22412748824252182,0.20415620459813102,0.23198726376235768
mlp_V0-fosls,11.919533142456421,0.22110564252708304,0.1944234598679758,0.23264576879233345
mlp_V0-fosls,12.119193935298824,0.21679248512631566,0.19722074393064723,0.2294897206123516
mlp_V0-fosls,12.318854728141227,0.21204467784590425,0.19997890370256924,0.23341775786517893
mlp_V0-fosls,12.51851552098363,0.21145865174638245,0.20203068622472112,0.2338282282482892
mlp_V0-fosls,12.718176313826033,0.21317065175999353,0.2027000623886458,0.22933896412181615
mlp_V0-fosls,12.917837106668436,0.2176592813559029,0.2033672353362018,0.2258580204486522
mlp_V0-fosls,13.11749789951084,0.21728121075661944,0.19976661955214653,0.2245011239601877
mlp_V0-fosls,13.317158692353242,0.2142597852654461,0.19335036365788394,0.22602557872980983
mlp_V0-fosls,13.516819485195645,0.21288305413836478,0.18671374873313396,0.22753417477633006
mlp_V0-fosls,13.716480278038048,0.21310566204551007,0.1869758648368133,0.2265183371365551
mlp_V0-fosls,13.916141070880451,0.21294811469964767,0.1879734633388743,0.22968964990838558
mlp_V0-fosls,14.115801863722854,0.2128733664962723,0.1893388188476926,0.23312248564864194
mlp_V0-fosls,14.315462656565257,0.2134211610939568,0.1922349281500334,0.23182376490468587
mlp_V0-fosls,14.51512344940766,0.21200440826680172,0.19508804904211238,0.2305177273750652
mlp_V0-fosls,14.714784242250063,0.20847989652329682,0.1974500640738689,0.2244998652139439
mlp_V0-fosls,14.914445035092466,0.208606264408802,0.19827383308382518,0.21959946269545136
mlp_V0-fosls,15.11410582793487,0.20527554919982344,0.19492345469835382,0.2245385500092883
mlp_V0-fosls,15.313766620777272,0.20609719770145862,0.19627950525949858,0.2192259200171005
mlp_V0-fosls,15.513427413619675,0.20608774744287872,0.19546652479706497,0.22733250889116033
mlp_V0-fosls,15.713088206462078,0.20432046018792102,0.1947390774248286,0.2339894447066698
mlp_V0-fosls,15.912748999304482,0.204295460237087,0.19453936654023568,0.22132393225221458
mlp_V0-fosls,16.112409792146885,0.20419652467186136,0.19300361799971683,0.2118970492541251
mlp_V0-fosls,16.312070584989286,0.20177959285580868,0.18430219061057546,0.21169459424621623
mlp_V0-fosls,16.51173137783169,0.19844109898798606,0.18294981342061223,0.2095100127741663
mlp_V0-fosls,16.71139217067409,0.19682409043700197,0.18158736464142208,0.21009965550700788
mlp_V0-fosls,16.911052963516497,0.19777986294934324,0.1858282471559822,0.21025402870105583
mlp_V0-fosls,17.110713756358898,0.20018621691051358,0.1844443218147703,0.21097451503246012
mlp_V0-fosls,17.310374549201303,0.20058995401599614,0.1836338580688523,0.21194502775176768
mlp_V0-fosls,17.510035342043704,0.19919051643234303,0.18713194937175767,0.20733973554300855
mlp_V0-fosls,17.70969613488611,0.1980661535616532,0.19056583933668905,0.2026774507520817
mlp_V0-fosls,17.90935692772851,0.19711344700613165,0.1845109656146794,0.202200098694709
mlp_V0-fosls,18.109017720570915,0.19794117793465354,0.18130325699463604,0.20552249568805522
mlp_V0-fosls,18.308678513413316,0.19741326837798773,0.172890659727165,0.20951988363267365
mlp_V0-fosls,18.50833930625572,0.19791575519659005,0.17860227871318995,0.20776483524276648
mlp_V0-fosls,18.708000099098122,0.1988540279608579,0.1834595129581435,0.21261523142816788
mlp_V0-fosls,18.907660891940527,0.2004118250426007,0.179492355919311,0.21896484118362988
mlp_V0-fosls,19.107321684782928,0.19981077473795472,0.18244893531325998,0.21090912188040092
mlp_V0-fosls,19.306982477625333,0.20188879367847354,0.18724950393013998,0.2133444183886179
mlp_V0-fosls,19.506643270467734,0.19710841664759665,0.18243275073341997,0.21648562564306315
mlp_V0-fosls,19.706304063310135,0.19609261216398838,0.17946858402142912,0.2093777940702784
mlp_V0-fosls,19.90596485615254,0.19765217438764987,0.17645463088610447,0.21483015625623492
mlp_V0-fosls,20.10562564899494,0.19759534476995894,0.17490965388963284,0.21508431167236788
mlp_V0-fosls,20.305286441837346,0.19269952858808953,0.176122003783346,0.20736185695269896
mlp_V0-fosls,20.504947234679747,0.1876522525038837,0.17732606522880587,0.20321646495088125
mlp_V0-fosls,20.704608027522152,0.188116072760349,0.17934466494203224,0.19970932954105933
mlp_V0-fosls,20.904268820364553,0.18923751122706817,0.17646966282030876,0.1979160765776241
mlp_V0-fosls,21.103929613206958,0.1878100617440499,0.17367954780806494,0.20241044737198252
mlp_V0-fosls,21.30359040604936,0.18928682784578077,0.1790180398633293,0.19800065571804082
mlp_V0-fosls,21.503251198891764,0.19025976323051383,0.17567312418293687,0.1973634145588235
mlp_V0-fosls,21.702911991734165,0.18853429903010427,0.17400962149953447,0.1975308789181777
mlp_V0-fosls,21.90257278457657,0.18553525871185997,0.1795819798759991,0.2001367356220021
mlp_V0-fosls,22.10223357741897,0.18479700638631455,0.17835278587664385,0.20305113879241676
mlp_V0-fosls,22.301894370261376,0.18597957036284313,0.17783304201917557,0.19843553812606785
mlp_V0-fosls,22.501555163103777,0.1889480788375053,0.179930273612422,0.1958253379617117
mlp_V0-fosls,22.701215955946182,0.18409346303332333,0.17551869523404437,0.1974833270403299
mlp_V0-fosls,22.900876748788583,0.18538832522220308,0.17304012229237464,0.19712383786258064
mlp_V0-fosls,23.100537541630988,0.18761879702432596,0.1711841176673647,0.1967636918957054
mlp_V0-fosls,23.30019833447339,0.1881710548397431,0.16955304653429684,0.19758884104830415
mlp_V0-fosls,23.499859127315794,0.18556297094556792,0.1705870966902731,0.19634243285506509
mlp_V0-fosls,23.699519920158195,0.18504141967649196,0.1716149163836633,0.19894293082265369
mlp_V0-fosls,23.8991807130006,0.1843453752265349,0.17374942806106478,0.20123707323109222
mlp_V0-fosls,24.098841505843,0.18663061732262862,0.1776995112191108,0.20223120301173728
mlp_V0-fosls,24.298502298685406,0.18843054456762037,0.1777761084362338,0.2032204696887915
mlp_V0-fosls,24.498163091527807,0.18638206614797118,0.1765492484127355,0.19752087790301318
mlp_V0-fosls,24.697823884370212,0.1840538066544224,0.17210595568776674,0.19394302198966465
mlp_V0-fosls,24.897484677212613,0.18125747456801403,0.169174066822089,0.1961237718235168
mlp_V0-fosls,25.09714547005502,0.18363522179643071,0.1717236545473276,0.19469049007763733
mlp_V0-fosls,25.29680626289742,0.18316374812469502,0.16976720550570307,0.19324657818201682
mlp_V0-fosls,25.496467055739824,0.1844923946089058,0.17136376163335687,0.19221712243283642
mlp_V0-fosls,25.696127848582226,0.18306348748495138,0.17632774513075836,0.19259455879181303
mlp_V0-fosls,25.89578864142463,0.18401669824054034,0.17004035138246998,0.192971256916843
mlp_V0-fosls,26.09544943426703,0.18446441638487,0.16878166245847107,0.19288726087024163
mlp_V0-fosls,26.295110227109433,0.18670110022516392,0.1713809920693733,0.19527224675323648
mlp_V0-fosls,26.494771019951838,0.18847868234584442,0.16477458092935907,0.19919809498961616
mlp_V0-fosls,26.69443181279424,0.18706085516152132,0.16643328851274064,0.1922596270173279
mlp_V0-fosls,26.894092605636644,0.18060245661654387,0.16807562741184232,0.19432369334881122
mlp_V0-fosls,27.093753398479045,0.1800333874144836,0.16816582622616336,0.19431251289345558
mlp_V0-fosls,27.29341419132145,0.1820911181677347,0.1730345411625937,0.19356456397931587
mlp_V0-fosls,27.49307498416385,0.18296398704228917,0.17098842415362264,0.19492112070098805
mlp_V0-fosls,27.692735777006256,0.18190573951821443,0.16920896561561835,0.1988541369200091
mlp_V0-fosls,27.892396569848657,0.17932111875398016,0.1712129617610163,0.2004858516633985
mlp_V0-fosls,28.09205736269106,0.177713371425952,0.17098515659417526,0.20210439298588917
mlp_V0-fosls,28.291718155533463,0.17964884806604448,0.1707961765417379,0.19795309391083055
mlp_V0-fosls,28.491378948375868,0.1778926605494422,0.16983393697227023,0.19276140588355956
mlp_V0-fosls,28.69103974121827,0.1754361714905296,0.16740198075098944,0.1885013802070179
mlp_V0-fosls,28.890700534060674,0.17602362766915608,0.1693226109267884,0.19005424637967916
mlp_V0-fosls,29.090361326903075,0.18130891838379024,0.1702335000326611,0.19159452704590715
mlp_V0-fosls,29.29002211974548,0.18177705724750948,0.17071500287075164,0.19071198346705534
mlp_V0-fosls,29.48968291258788,0.1787543710172293,0.17009940769474993,0.18892282868397328
mlp_V0-fosls,29.689343705430286,0.1793573524082541,0.16781570388931685,0.1915218500805443
mlp_V0-fosls,29.889004498272687,0.17998845454627682,0.16508898239673314,0.18810191030215187
mlp_V0-fosls,30.088665291115092,0.18132401832597497,0.16195784941471372,0.1874187709509001
mlp_V0-fosls,30.288326083957493,0.18055069504918664,0.15876497682199728,0.19149464261408028
mlp_V0-fosls,30.487986876799898,0.1795537379131884,0.1639173571477529,0.19101260019945826
mlp_V0-fosls,30.6876476696423,0.1799820653959342,0.17059035050835214,0.1917743819502879
mlp_V0-fosls,30.887308462484704,0.1806864924567295,0.16945876710780708,0.1930985497434094
mlp_V0-fosls,31.086969255327105,0.18075961277538027,0.16320490119607525,0.1971864308251908
mlp_V0-fosls,31.28663004816951,0.1784981527219619,0.1564414312433722,0.201191269915341
mlp_V0-fosls,31.48629084101191,0.17777814253486987,0.1603837754447423,0.19664440516313134
mlp_V0-fosls,31.685951633854316,0.17809737296250305,0.16617341839690725,0.1862923799041711
mlp_V0-fosls,31.885612426696717,0.17568187824940065,0.16937266632700188,0.18188228381277727
mlp_V0-fosls,32.08527321953912,0.17498396595839932,0.1698747375026689,0.18521586110246888
mlp_V0-fosls,32.28493401238153,0.1753178048483232,0.16632544488475712,0.1886726351218314
mlp_V0-fosls,32.48459480522393,0.1757403183668842,0.16037083915664269,0.18927058101825098
mlp_V0-fosls,32.68425559806633,0.17558769629277438,0.16453565548570306,0.18147044050835545
mlp_V0-fosls,32.88391639090873,0.17181541841463405,0.1600552818671935,0.1827468339171551
mlp_V0-fosls,33.08357718375113,0.1720527068100905,0.15501076242313827,0.18587478295359736
mlp_V0-fosls,33.28323797659354,0.17413545256800694,0.15878229596551421,0.1869104152571923
mlp_V0-fosls,33.48289876943594,0.17619537846819566,0.16246629975831187,0.1881934487809685
mlp_V0-fosls,33.68255956227834,0.17924454755181946,0.16526365725761719,0.18595019948299352
mlp_V0-fosls,33.882220355120744,0.17917754915534723,0.16737310104432065,0.1896693874788068
mlp_V0-fosls,34.08188114796315,0.18096036833501603,0.16945628786274533,0.19530849453227792
mlp_V0-fosls,34.28154194080555,0.17992989916154367,0.1698643549182211,0.1888059845466652
mlp_V0-fosls,34.481202733647955,0.1776672573481233,0.16884925107219717,0.19134614214911877
mlp_V0-fosls,34.680863526490356,0.17469177643488124,0.1637147236001951,0.19287611083865597
mlp_V0-fosls,34.880524319332764,0.1738878085590764,0.16754929820357176,0.19267446667669458
mlp_V0-fosls,35.080185112175165,0.17398468393673044,0.16127982378581035,0.1924726112621011
mlp_V0-fosls,35.27984590501757,0.17301779605062345,0.16281251467100114,0.18799048261052617
mlp_V0-fosls,35.47950669785997,0.17186191059614014,0.16422976126332037,0.18103651889865024
mlp_V0-fosls,35.679167490702376,0.17169318776899084,0.16177735493315482,0.17900670545686362
mlp_V0-fosls,35.87882828354478,0.17411930198777253,0.16150712468618628,0.18002531385299647
mlp_V0-fosls,36.07848907638718,0.1739401826085427,0.16218522585024053,0.18307363874827995
mlp_V0-fosls,36.27814986922958,0.17395483910741888,0.16255645064879948,0.1864193740567678
mlp_V0-fosls,36.47781066207199,0.17413303644853662,0.1619377509450758,0.186716348348242
mlp_V0-fosls,36.67747145491439,0.1740843521437797,0.16098805060453758,0.18797176371123445
mlp_V0-fosls,36.87713224775679,0.17316596396539702,0.16044500988609203,0.1873228036643631
mlp_V0-fosls,37.07679304059919,0.1710750635403968,0.15909758521670336,0.18840365590244676
mlp_V0-fosls,37.2764538334416,0.1708798633689881,0.1577386510853449,0.18947834267308128
mlp_V0-fosls,37.476114626284,0.16935730558195833,0.1556652673791762,0.19050437008352983
mlp_V0-fosls,37.6757754191264,0.16811809361887484,0.15354831827856,0.19152190561156032
mlp_V0-fosls,37.875436211968804,0.1688389052702155,0.1531507963189417,0.19133284202483858
mlp_V0-fosls,38.07509700481121,0.173053742192829,0.1573184321918936,0.1869816956828166
mlp_V0-fosls,38.27475779765361,0.17299508227605723,0.161378473786019,0.185271796313771
mlp_V0-fosls,38.474418590496015,0.17618275654743265,0.16376237213470138,0.18708253740460928
mlp_V0-fosls,38.674079383338416,0.17777244700033845,0.16283400133486742,0.18318826690343326
mlp_V0-fosls,38.87374017618082,0.17443483349340355,0.15627160897130524,0.18949658121439494
mlp_V0-fosls,39.073400969023226,0.1739174047566656,0.1528592063804141,0.1812013617976404
mlp_V0-fosls,39.27306176186563,0.17124185308346246,0.15399187994728164,0.18401316766750195
mlp_V0-fosls,39.47272255470803,0.1696670511757415,0.14892689101903764,0.18598582736802968
mlp_V0-fosls,39.67238334755043,0.16705674847633337,0.15327276979381305,0.18043910512099318
mlp_V0-fosls,39.87204414039284,0.16642015193599596,0.15755619180822997,0.17542525722259705
mlp_V0-fosls,40.07170493323524,0.16794494083583478,0.15392665697106142,0.17293478439513568
mlp_V0-fosls,40.27136572607764,0.16856950009563987,0.1606863744102884,0.17430969500499205
mlp_V0-fosls,40.47102651892004,0.1710665036121178,0.16439271379079176,0.17636500249398163
mlp_V0-fosls,40.67068731176245,0.17100043250485553,0.16285162003393186,0.17726605507923845
mlp_V0-fosls,40.87034810460485,0.17152707629507402,0.16069696327591665,0.17762450370139263
mlp_V0-fosls,41.07000889744725,0.17023009056500227,0.15841889539174342,0.17887616333737533
mlp_V0-fosls,41.26966969028965,0.1712536305984237,0.15378476566133437,0.1792494954018988
mlp_V0-fosls,41.46933048313206,0.17246125429567988,0.1490065833508132,0.1848249389530442
mlp_V0-fosls,41.66899127597446,0.17255303928018798,0.14775842703997188,0.19652475535926434
mlp_V0-fosls,41.868652068816864,0.17493236035725684,0.15364913236287978,0.1839830411456824
mlp_V0-fosls,42.068312861659265,0.16890813910252134,0.15807139609631266,0.19109722568219853
mlp_V0-fosls,42.267973654501674,0.1686976706172929,0.15156479034204798,0.18928333743876485
mlp_V0-fosls,42.467634447344075,0.17002431913943095,0.15826737771845004,0.18180496155138942
mlp_V0-fosls,42.667295240186476,0.1671376002518355,0.16311332565557915,0.18053067042295762
mlp_V0-fosls,42.86695603302888,0.17090512972868566,0.16321792331589696,0.1785919591823185
mlp_V0-fosls,43.066616825871286,0.17125919243796184,0.15871030173014833,0.1807498239045348
mlp_V0-fosls,43.26627761871369,0.17300460216156538,0.15490298497159077,0.18788011768837376
mlp_V0-fosls,43.46593841155609,0.16883213728161364,0.15437079217188415,0.17917237090013013
mlp_V0-fosls,43.66559920439849,0.1685416297414154,0.1538367582811118,0.18345685942015164
mlp_V0-fosls,43.8652599972409,0.16678606707135452,0.15414129316611785,0.1855550415435542
mlp_V0-fosls,44.0649207900833,0.1671749313530089,0.15524159201497137,0.18403336220743557
mlp_V0-fosls,44.2645815829257,0.1670223407358229,0.15254914830410024,0.18249899552741716
mlp_V0-fosls,44.4642423757681,0.16815061056127906,0.15237710468960483,0.18485406649651537
mlp_V0-fosls,44.66390316861051,0.1672789474740499,0.15477642129994393,0.18913540797368836
mlp_V0-fosls,44.86356396145291,0.16710231506318068,0.15713910763157804,0.19332195736244992
mlp_V0-fosls,45.06322475429531,0.1688154486510796,0.1617002357869604,0.18484419590101298
mlp_V0-fosls,45.262885547137714,0.1688435697860417,0.1597611072879278,0.17717784714327564
mlp_V0-fosls,45.462546339980115,0.1687504831883671,0.15647595662462124,0.1783461764738908
mlp_V0-fosls,45.66220713282252,0.17070837914595482,0.15295483367241083,0.1728506618505111
mlp_V0-fosls,45.861867925664924,0.16865111570116273,0.14932862501675195,0.17513338403063267
mlp_V0-fosls,46.061528718507326,0.16716756610834027,0.14673992687703744,0.17524203893577528
mlp_V0-fosls,46.26118951134973,0.1639509552460709,0.14951103217603712,0.17630108847180953
mlp_V0-fosls,46.460850304192135,0.16399117577742522,0.15223170282437803,0.17862835639187502
mlp_V0-fosls,46.66051109703454,0.16620475578634047,0.15513525163840824,0.17576233014451287
mlp_V0-fosls,46.86017188987694,0.16529397648131156,0.15776424922245597,0.17907707117413055
mlp_V0-fosls,47.05983268271934,0.16452637069787085,0.15884242837704177,0.1853102434254816
mlp_V0-fosls,47.25949347556175,0.1654401370250352,0.15850918901918512,0.17875936435633943
mlp_V0-fosls,47.45915426840415,0.16849077989659977,0.15417888598966656,0.1756539817851514
mlp_V0-fosls,47.65881506124655,0.16699226077396737,0.1515191014660534,0.1776152880690186
mlp_V0-fosls,47.85847585408895,0.16939787571898446,0.1508808287108605,0.17594383543678396
mlp_V0-fosls,48.05813664693136,0.17041521897878142,0.15023984436850252,0.1759485730000983
mlp_V0-fosls,48.25779743977376,0.17105373536915802,0.15135592075226623,0.17885162110035188
mlp_V0-fosls,48.45745823261616,0.17367206679507566,0.1560305871604328,0.1809757544816038
mlp_V0-fosls,48.65711902545856,0.17214421354828333,0.15995734389383864,0.18307524423074692
mlp_V0-fosls,48.85677981830097,0.17309731636269632,0.16196654107610006,0.18362085952985807
mlp_V0-fosls,49.05644061114337,0.17114541313585696,0.15826061803616825,0.18581919528627064
mlp_V0-fosls,49.256101403985774,0.16918872100220494,0.15099333422668698,0.18699130819552032
mlp_V0-fosls,49.455762196828175,0.16770231099293167,0.15206424002847474,0.18470503028895394
mlp_V0-fosls,49.65542298967058,0.16693226066048325,0.1540516149120037,0.18239009591371647
mlp_V0-fosls,49.855083782512985,0.16712794127650482,0.15255933846008277,0.18018072896700071
mlp_V0-fosls,50.054744575355386,0.16795237646131544,0.1495722023560302,0.17807283491749934
mlp_V0-fosls,50.25440536819779,0.1664797057520434,0.14511655690188116,0.17638591399333967
mlp_V0-fosls,50.454066161040195,0.16589293856474413,0.14589733377376113,0.1778925828301212
mlp_V0-fosls,50.6537269538826,0.16724514615031938,0.14667395446202297,0.1807933429423672
mlp_V0-fosls,50.853387746725,0.1653711289797361,0.14812582747611042,0.18321057226523263
mlp_V0-fosls,51.0530485395674,0.16538302074911024,0.15085813745235707,0.18146829874383313
mlp_V0-fosls,51.25270933240981,0.16590296608167177,0.15354183308045438,0.17970913473779815
mlp_V0-fosls,51.45237012525221,0.16573520993325325,0.15471662179950163,0.175518101376027
mlp_V0-fosls,51.65203091809461,0.1631763569194317,0.15698892783025906,0.17517900139178583
mlp_V0-fosls,51.85169171093701,0.16183448745151452,0.15098368101565138,0.18022580000808866
mlp_V0-fosls,52.05135250377941,0.16249540044454475,0.152480830241725,0.1772162271605809
mlp_V0-fosls,52.25101329662182,0.1627538795730643,0.15416163621784243,0.17254247567568745
mlp_V0-fosls,52.45067408946422,0.16549836025980003,0.15582431315914405,0.18189941719069658
mlp_V0-fosls,52.65033488230662,0.1633239210511629,0.1566885901330557,0.17715870349596485
mlp_V0-fosls,52.849995675149025,0.1645913193056642,0.15644406635435817,0.17182901961288216
mlp_V0-fosls,53.04965646799143,0.16444670467408962,0.15527735703869713,0.1696781914899974
mlp_V0-fosls,53.249317260833834,0.16479288481939003,0.15204079590987465,0.17192935119973862
mlp_V0-fosls,53.448978053676235,0.1646135039357055,0.14582391899200858,0.1779979247160772
mlp_V0-fosls,53.64863884651864,0.16380386609397612,0.14158844748318164,0.1796647268010625
mlp_V0-fosls,53.848299639361045,0.16184773932380864,0.14607282654029108,0.17645252032937178
mlp_V0-fosls,54.047960432203446,0.16109508381284138,0.1484569987515607,0.17752938372284474
mlp_V0-fosls,54.24762122504585,0.16164601801417441,0.14998185943717457,0.18180071571292986
mlp_V0-fosls,54.44728201788825,0.16013846734744888,0.15149137217064174,0.1888367161706133
mlp_V0-fosls,54.64694281073066,0.1599138494413248,0.15139030582997592,0.19163597790235035
mlp_V0-fosls,54.84660360357306,0.16742642396686974,0.14972467228794628,0.179068619328169
mlp_V0-fosls,55.04626439641546,0.16556165313976517,0.1480402995274333,0.17497343145064376
mlp_V0-fosls,55.24592518925786,0.16396167316483934,0.15346750505484458,0.17602839816312416
mlp_V0-fosls,55.44558598210027,0.16643783089587336,0.15638162104176057,0.17249284357938346
mlp_V0-fosls,55.64524677494267,0.16364921747881375,0.15139287595706966,0.1812372662576482
mlp_V0-fosls,55.84490756778507,0.16325525842383898,0.1476610239161562,0.17693190872880912
mlp_V0-fosls,56.04456836062747,0.16300027396724376,0.15184867489745713,0.17568071680803404
mlp_V0-fosls,56.24422915346988,0.15946473184249071,0.15012217833190758,0.17442054979259083
mlp_V0-fosls,56.44388994631228,0.15731944661582836,0.15180196709899738,0.1741992627256849
mlp_V0-fosls,56.64355073915468,0.15759114735004276,0.1509554624269493,0.1793291398235897
mlp_V0-fosls,56.843211531997085,0.16086701948424928,0.15153044389396123,0.180137070505405
mlp_V0-fosls,57.04287232483949,0.1625220719927808,0.15462104806071533,0.1712733773367148
mlp_V0-fosls,57.242533117681894,0.16150459514637355,0.14787908170689407,0.17968219551677694
mlp_V0-fosls,57.442193910524296,0.16095602434902181,0.14341442776803537,0.17496546522339612
mlp_V0-fosls,57.6418547033667,0.16356980251364567,0.14814535394028344,0.16832113132480223
mlp_V0-fosls,57.841515496209105,0.16290658398431396,0.15231496154516508,0.17026442780937334
mlp_V0-fosls,58.041176289051506,0.16351576010427654,0.15475080631596203,0.16965486790593307
mlp_V0-fosls,58.24083708189391,0.16398083709647307,0.15434999055631737,0.17344655314322127
mlp_V0-fosls,58.44049787473631,0.16418677504543952,0.15394813124565732,0.17483155577733767
mlp_V0-fosls,58.64015866757871,0.16498106388009243,0.1519968956266173,0.17596672656632334
mlp_V0-fosls,58.83981946042112,0.16336582197745686,0.14960527483975714,0.18007468942009872
mlp_V0-fosls,59.03948025326352,0.16430249948212272,0.14773285402774233,0.1764979928688367
mlp_V0-fosls,59.23914104610592,0.16153481296437372,0.15221390664184006,0.17719261868161404
mlp_V0-fosls,59.43880183894832,0.15708310398810063,0.15217557419550956,0.17788453205314905
mlp_V0-fosls,59.63846263179073,0.1595223935120761,0.15296494474646763,0.17522870297010987
mlp_V0-fosls,59.83812342463313,0.16644515435875595,0.15439328668428082,0.1751707938702768
mlp_V0-fosls,60.03778421747553,0.16789551921758616,0.1543934102242079,0.17762118200950416
mlp_V0-fosls,60.237445010317934,0.16762868480403348,0.15558383401815445,0.17407476765107813
mlp_V0-fosls,60.43710580316034,0.16566017135497857,0.1549616567224465,0.17476644206053518
mlp_V0-fosls,60.636766596002744,0.16543351835798503,0.15391712921966885,0.174933975390105
mlp_V0-fosls,60.836427388845145,0.16378233009960222,0.156916962334347,0.17099542643060356
mlp_V0-fosls,61.036088181687546,0.16207345923830047,0.15479022435679368,0.16777718717941964
mlp_V0-fosls,61.235748974529955,0.16064631514777516,0.15570835569582497,0.1706956439111261
mlp_V0-fosls,61.435409767372356,0.16100473655947195,0.15896623169939048,0.17382396532439778
mlp_V0-fosls,61.63507056021476,0.16236372128361715,0.15751140930015411,0.1782115806441487
mlp_V0-fosls,61.83473135305716,0.1643420384031299,0.16079112422287054,0.17656200942127123
mlp_V0-fosls,62.03439214589957,0.1664392448192178,0.15575410919312907,0.17564795436159125
mlp_V0-fosls,62.23405293874197,0.16789018862234234,0.15054866134322092,0.1750636208193084
mlp_V0-fosls,62.43371373158437,0.16376773804744166,0.15027561610139384,0.1733845281477389
mlp_V0-fosls,62.63337452442677,0.16329198687948587,0.14897966274838625,0.1716890149883257
mlp_V0-fosls,62.83303531726918,0.16360505602791436,0.15116517448302352,0.17057210904849537
mlp_V0-fosls,63.03269611011158,0.16501464736277882,0.1520917416057709,0.17130739914602844
mlp_V0-fosls,63.23235690295398,0.16379897564676543,0.1495644737150989,0.17717556631860457
mlp_V0-fosls,63.43201769579638,0.16237506459135212,0.14962661649857584,0.1770039152775792
mlp_V0-fosls,63.63167848863879,0.16395605889426246,0.15378622941108253,0.1854372778096797
mlp_V0-fosls,63.83133928148119,0.16366772181637484,0.15783625802756562,0.18895724853561272
mlp_V0-fosls,64.0310000743236,0.16345070882835866,0.15977639314605213,0.18161149485821054
mlp_V0-fosls,64.230660867166,0.16369941179086328,0.1608788745392951,0.1739558229985951
mlp_V0-fosls,64.4303216600084,0.1643382029234773,0.15904341536803465,0.17091643095553646
mlp_V0-fosls,64.6299824528508,0.1631915298758714,0.15680004559144342,0.17118143699408586
mlp_V0-fosls,64.8296432456932,0.16031484474232416,0.15011273693112243,0.1716851790326787
mlp_V0-fosls,65.02930403853561,0.159736342417113,0.14653426189955687,0.17147058847487726
mlp_V0-fosls,65.22896483137801,0.1595691506206073,0.1529505859660382,0.1709487159785994
mlp_V0-fosls,65.42862562422042,0.15977748752522525,0.15082479256907763,0.1703405743267567
mlp_V0-fosls,65.62828641706281,0.1610969494863422,0.15214377766408177,0.1683837869377867
mlp_V0-fosls,65.82794720990522,0.16154185320267422,0.14984300323789773,0.16641115619854635
mlp_V0-fosls,66.02760800274763,0.16230650126207136,0.1414674274793976,0.17037736386825883
mlp_V0-fosls,66.22726879559002,0.1609478531532165,0.14682988129368169,0.17933432708823194
mlp_V0-fosls,66.42692958843243,0.16191743404182768,0.14199240578100455,0.1878647269331874
mlp_V0-fosls,66.62659038127484,0.16307475759006285,0.14405789830980495,0.18571055063102876
mlp_V0-fosls,66.82625117411723,0.16298564991474318,0.14704045600926688,0.17763695896795742
mlp_V0-fosls,67.02591196695964,0.1630496370865995,0.14657378282686087,0.17282703714336034
mlp_V0-fosls,67.22557275980203,0.16472210109551988,0.14959468818425595,0.17140038758560966
mlp_V0-fosls,67.42523355264444,0.16528021923427233,0.14978957064033066,0.17089244642491122
mlp_V0-fosls,67.62489434548685,0.16552601460298233,0.14989828123872792,0.17716114532987276
mlp_V0-fosls,67.82455513832925,0.16464170845219694,0.1499221202049202,0.17484559979333247
mlp_V0-fosls,68.02421593117165,0.16337141295791124,0.14994595538110495,0.17480559166807214
mlp_V0-fosls,68.22387672401406,0.16176964637324381,0.14886075203447535,0.17756865141671282
mlp_V0-fosls,68.42353751685646,0.16053980148393932,0.15014390650656734,0.17174732294910877
mlp_V0-fosls,68.62319830969886,0.1590950726853731,0.15161252295047387,0.17115217352137696
mlp_V0-fosls,68.82285910254126,0.15934909748111664,0.15110374557179893,0.16830709864285842
mlp_V0-fosls,69.02251989538367,0.16159264206500806,0.14855316929300344,0.17076305426143473
mlp_V0-fosls,69.22218068822608,0.15882989001014558,0.14518575912058482,0.1730082032297235
mlp_V0-fosls,69.42184148106847,0.1617468966250689,0.14611029626877908,0.1685449535406678
mlp_V0-fosls,69.62150227391088,0.1629889987409655,0.14627194612088248,0.1695184871961767
mlp_V0-fosls,69.82116306675329,0.16227487296692533,0.14460234445176623,0.173299415223421
mlp_V0-fosls,70.02082385959568,0.16229024789341165,0.1513037200787792,0.16957339428541784
mlp_V0-fosls,70.22048465243809,0.1605815363681521,0.15576953914881794,0.17542837009126938
mlp_V0-fosls,70.42014544528048,0.1608959131977371,0.15393991859199585,0.17502445283341753
mlp_V0-fosls,70.61980623812289,0.16321315050188095,0.15205236505042083,0.17239012237788862
mlp_V0-fosls,70.8194670309653,0.1625182444120249,0.14975480218221807,0.17501653539408682
mlp_V0-fosls,71.0191278238077,0.16315909929799927,0.1486584758655784,0.17026559415418363
mlp_V0-fosls,71.2187886166501,0.16271528385801154,0.14755400406874167,0.16980106653986257
mlp_V0-fosls,71.4184494094925,0.1624112122655032,0.14807816775249477,0.17015123070330548
mlp_V0-fosls,71.6181102023349,0.16025466827759233,0.149865560906,0.16638886111032325
mlp_V0-fosls,71.81777099517731,0.15917384316301253,0.14951013759269297,0.16532040358945907
mlp_V0-fosls,72.0174317880197,0.15760469567443297,0.1508908921785113,0.16728717359775727
mlp_V0-fosls,72.21709258086211,0.15961547382695143,0.15615955549726873,0.1697329584872296
mlp_V0-fosls,72.41675337370452,0.16173443361929368,0.1546000460318862,0.17132260997487656
mlp_V0-fosls,72.61641416654692,0.16061253594713415,0.15116197254123565,0.16819476545873652
mlp_V0-fosls,72.81607495938933,0.15807208404356388,0.15389531386322983,0.16500764093470044
mlp_V0-fosls,73.01573575223172,0.1583995916540863,0.1513383905902402,0.16514148483064042
mlp_V0-fosls,73.21539654507413,0.1600345615932121,0.1560949096228322,0.1694164000729425
mlp_V0-fosls,73.41505733791654,0.1649571183432415,0.1532388463582133,0.17358606860944226
mlp_V0-fosls,73.61471813075893,0.1664291914910082,0.14846023574024192,0.17498772229058238
mlp_V0-fosls,73.81437892360134,0.1643710988001148,0.14875419454896827,0.17542886410467437
mlp_V0-fosls,74.01403971644375,0.16285695668574468,0.14517834062757531,0.1756593243055424
mlp_V0-fosls,74.21370050928614,0.16374948435126238,0.14547105730274396,0.1717709629416996
mlp_V0-fosls,74.41336130212855,0.16435457149737145,0.14683145090592056,0.16851456947247126
mlp_V0-fosls,74.61302209497094,0.1623114190234729,0.14817935563868967,0.17164407139436044
mlp_V0-fosls,74.81268288781335,0.1634366016464499,0.14975822748155818,0.1701069897245523
mlp_V0-fosls,75.01234368065576,0.16181493208677383,0.1516444639074024,0.17140087769018453
mlp_V0-fosls,75.21200447349815,0.160888977360428,0.15350752479637203,0.1726305681492802
mlp_V0-fosls,75.41166526634056,0.15742438099608572,0.1541475974880286,0.17373924824450854
mlp_V0-fosls,75.61132605918297,0.15944130408037138,0.14787653222507655,0.1781172866929704
mlp_V0-fosls,75.81098685202537,0.1615822287432181,0.1486234441746453,0.1759812695044254
mlp_V0-fosls,76.01064764486777,0.16258561007641678,0.15219240197069586,0.1708421943890078
mlp_V0-fosls,76.21030843771017,0.1625919909141517,0.1527676958500412,0.1701351533599231
mlp_V0-fosls,76.40996923055258,0.1644997053505105,0.1535566738117286,0.16975130776396605
mlp_V0-fosls,76.60963002339498,0.1637652379727632,0.14968412341658766,0.17161161708474987
mlp_V0-fosls,76.80929081623738,0.1631669313621062,0.14489516902539787,0.17469529414835366
mlp_V0-fosls,77.00895160907979,0.16349448528084892,0.14464596682053343,0.16780917312805183
mlp_V0-fosls,77.20861240192218,0.16053842973604454,0.1476967920186925,0.16967251247191942
mlp_V0-fosls,77.40827319476459,0.16188680073321354,0.15068586206999984,0.17095707178470326
mlp_V0-fosls,77.607933987607,0.16035531468032144,0.15236651917858776,0.16840485600966054
mlp_V0-fosls,77.80759478044939,0.159241973930491,0.1492783632701172,0.17040725967315346
mlp_V0-fosls,78.0072555732918,0.15981587999436975,0.15685431040589037,0.16822234479039735
mlp_V0-fosls,78.20691636613421,0.15954155535525655,0.15483295997185192,0.170141467744552
mlp_V0-fosls,78.4065771589766,0.1579587203959688,0.14884081898869794,0.17527447427319057
mlp_V0-fosls,78.60623795181901,0.16009647085550605,0.14485885599162435,0.1737823445396533
mlp_V0-fosls,78.8058987446614,0.1627082788823955,0.14362116325868926,0.17227729164243968
mlp_V0-fosls,79.00555953750381,0.1625093807316245,0.1423727112629241,0.1718557475178815
mlp_V0-fosls,79.20522033034622,0.16307574283173412,0.14560684929618242,0.17328858244467796
mlp_V0-fosls,79.40488112318862,0.16021612317442596,0.1493889432587565,0.17470966675156255
mlp_V0-fosls,79.60454191603102,0.1594510816199649,0.15039371248864802,0.17259534901247994
mlp_V0-fosls,79.80420270887343,0.16212983761130859,0.1499385180031852,0.17023097609894905
mlp_V0-fosls,80.00386350171583,0.16019518685511755,0.14496822826008365,0.17906319578550947
mlp_V0-fosls,80.20352429455824,0.15890574927918588,0.14255582423511123,0.1790038530943294
mlp_V0-fosls,80.40318508740063,0.1583208817296167,0.13803568095406435,0.17288059607262543
mlp_V0-fosls,80.60284588024304,0.1586331514374979,0.13867861079943983,0.1665323439282475
mlp_V0-fosls,80.80250667308545,0.15948285418961278,0.14462231779743598,0.16452974037499063
mlp_V0-fosls,81.00216746592784,0.15724687202666898,0.1450577836379283,0.17016586128702302
mlp_V0-fosls,81.20182825877025,0.15894017525188822,0.14708981096724574,0.17198755388677275
mlp_V0-fosls,81.40148905161266,0.15928815604262853,0.15010147865733112,0.167918906422516
mlp_V0-fosls,81.60114984445505,0.1622591883661525,0.1513482820013212,0.16982332757360713
mlp_V0-fosls,81.80081063729746,0.16234077700796617,0.15436359163904373,0.17140303154772776
mlp_V0-fosls,82.00047143013985,0.1630249112489766,0.15603665580151607,0.17350477242648507
mlp_V0-fosls,82.20013222298226,0.16317628392654165,0.15567176403554342,0.17485328915152507
mlp_V0-fosls,82.39979301582467,0.1624989690985925,0.1513541931939568,0.17324627671808482
mlp_V0-fosls,82.59945380866706,0.16286041306374405,0.14690978686544126,0.17231640102967358
mlp_V0-fosls,82.79911460150947,0.161434107577608,0.14588073078685107,0.1698993597383926
mlp_V0-fosls,82.99877539435188,0.1608382301520429,0.14758169661585116,0.16705500189020236
mlp_V0-fosls,83.19843618719428,0.1599788884557112,0.14522105342992678,0.16858807601836442
mlp_V0-fosls,83.39809698003668,0.16218607316645098,0.1460293888816827,0.16912818685269276
mlp_V0-fosls,83.59775777287908,0.16125361225866183,0.14683327441359392,0.17046834177236825
mlp_V0-fosls,83.79741856572149,0.1597335487385484,0.14703345619690072,0.17754401190769512
mlp_V0-fosls,83.9970793585639,0.15739495946150678,0.1459719625980159,0.17345284679409662
mlp_V0-fosls,84.19674015140629,0.15602333376127275,0.1449026931710629,0.1687549195678615
mlp_V0-fosls,84.3964009442487,0.15849454720096706,0.14779730614455722,0.16709124200708156
mlp_V0-fosls,84.59606173709109,0.16097893298923732,0.15220625991220071,0.16533482317970072
mlp_V0-fosls,84.7957225299335,0.1618688748031955,0.1531425594329858,0.17077973815378278
mlp_V0-fosls,84.99538332277591,0.1627801908636201,0.15452636858305993,0.17065208608905807
mlp_V0-fosls,85.1950441156183,0.1653919078503167,0.15524222034039714,0.17130092146646306
mlp_V0-fosls,85.39470490846071,0.16335068748211196,0.1496829183475192,0.17593726010978006
mlp_V0-fosls,85.59436570130312,0.16212276981982104,0.14598540787478698,0.17365873089848932
mlp_V0-fosls,85.79402649414551,0.1620428519116546,0.1498616778347971,0.17076821570257125
mlp_V0-fosls,85.99368728698792,0.15996529727244108,0.14848330858394596,0.17345264744963276
mlp_V0-fosls,86.19334807983032,0.15853062284945107,0.15049584118656464,0.16724587453064088
mlp_V0-fosls,86.39300887267272,0.1593300533012502,0.15050333351785383,0.16082958902219852
mlp_V0-fosls,86.59266966551513,0.15849525942725368,0.14968127744854645,0.16235379923224774
mlp_V0-fosls,86.79233045835753,0.15591010122904803,0.1501914792508538,0.16613254144639272
mlp_V0-fosls,86.99199125119993,0.1544192122436086,0.14778314210925728,0.17354195851187695
mlp_V0-fosls,87.19165204404234,0.15320592683677592,0.14727356893090274,0.17177685030355352
mlp_V0-fosls,87.39131283688474,0.1565139537780799,0.14890150879810798,0.17197684402527424
mlp_V0-fosls,87.59097362972715,0.15708942843450957,0.14768497091505006,0.17195939060821977
mlp_V0-fosls,87.79063442256954,0.15877819828984074,0.15017111916198111,0.16768853939908074
mlp_V0-fosls,87.99029521541195,0.1597508985004169,0.15261677308390692,0.16602503961718695
mlp_V0-fosls,88.18995600825436,0.16049505867403008,0.1536470266452464,0.1668142057756005
mlp_V0-fosls,88.38961680109675,0.16128842892449513,0.15286906700579636,0.16637210319500878
mlp_V0-fosls,88.58927759393916,0.16028492945163914,0.15161303408364207,0.1722540480917806
mlp_V0-fosls,88.78893838678157,0.15998090757885175,0.1429967222405618,0.17710149396033786
mlp_V0-fosls,88.98859917962396,0.16302051580542543,0.14157266766829488,0.17017761470242357
mlp_V0-fosls,89.18825997246637,0.15977665010900305,0.1407688927770612,0.16693989312370658
mlp_V0-fosls,89.38792076530876,0.1575980706678834,0.14098140382014981,0.16747029419740367
mlp_V0-fosls,89.58758155815117,0.1562350554858264,0.14495182186753613,0.16677825751263664
mlp_V0-fosls,89.78724235099358,0.15399249697151135,0.1488163468921869,0.16608333727179783
mlp_V0-fosls,89.98690314383597,0.15490907405080004,0.15204145944243377,0.1645664629019817
mlp_V0-fosls,90.18656393667838,0.157035491433151,0.14917525530711734,0.16935533859289253
mlp_V0-fosls,90.38622472952078,0.1590667080446625,0.14983815611527718,0.16733136358305895
mlp_V0-fosls,90.58588552236318,0.15892132743308351,0.15570292799805818,0.1640162442285765
mlp_V0-fosls,90.7855463152056,0.15878958295216555,0.15444609955839794,0.164922191387428
mlp_V0-fosls,90.98520710804799,0.15959841632381438,0.1525484986913928,0.1648295447935372
mlp_V0-fosls,91.1848679008904,0.15729752937853098,0.1506936606558445,0.16847163308716911
mlp_V0-fosls,91.3845286937328,0.1568192101376773,0.1466483392527886,0.17167702259325684
mlp_V0-fosls,91.5841894865752,0.1574100475195696,0.14349990030566845,0.16915818117026415
mlp_V0-fosls,91.7838502794176,0.16021164791851475,0.1407679896489161,0.17215344661657486
mlp_V0-fosls,91.98351107226,0.1598387791029351,0.14033963459167748,0.17403622405081842
mlp_V0-fosls,92.18317186510241,0.15874982082843497,0.14806357246776514,0.1723208727096929
mlp_V0-fosls,92.38283265794482,0.16049184207539463,0.15304251475418382,0.17058827351548433
mlp_V0-fosls,92.58249345078721,0.1608881335131271,0.1565408016064368,0.1686948526915432
mlp_V0-fosls,92.78215424362962,0.16023495678307365,0.15623386432790057,0.16664720646598455
mlp_V0-fosls,92.98181503647203,0.15852358977488756,0.15336029376336444,0.1646886734193924
mlp_V0-fosls,93.18147582931442,0.15979161503328493,0.15333636666025133,0.16551241928594948
mlp_V0-fosls,93.38113662215683,0.16060600989038526,0.15254885432194848,0.1671908030988526
mlp_V0-fosls,93.58079741499922,0.15771808312362545,0.14246948180811583,0.16841294948800747
mlp_V0-fosls,93.78045820784163,0.15688741622408178,0.13679678691683655,0.16909391931772885
mlp_V0-fosls,93.98011900068404,0.15639899458997025,0.1358233625391609,0.17133411179529953
mlp_V0-fosls,94.17977979352644,0.15625826022311345,0.13484291124163078,0.17214206227178558
mlp_V0-fosls,94.37944058636884,0.1595416125125898,0.14340035448297184,0.17306912894871673
mlp_V0-fosls,94.57910137921125,0.1584864594463925,0.15362023392083982,0.17895638943254424
mlp_V0-fosls,94.77876217205365,0.15966440610208338,0.1513328989592797,0.17766380941675433
mlp_V0-fosls,94.97842296489605,0.15903826610725194,0.15614330097971774,0.17308235390428697
mlp_V0-fosls,95.17808375773845,0.16083962778046706,0.1502040605437607,0.17019729583184862
mlp_V0-fosls,95.37774455058086,0.15929085388304287,0.14714114643047838,0.17348863923005026
mlp_V0-fosls,95.57740534342327,0.15901077698960264,0.14826097459789178,0.17671869277276603
mlp_V0-fosls,95.77706613626566,0.1584219973968969,0.1391443055839766,0.17396138847439013
mlp_V0-fosls,95.97672692910807,0.15681936006056674,0.14631550408665317,0.16757288123184683
mlp_V0-fosls,96.17638772195048,0.15881704367488886,0.150949014335694,0.16358194384981173
mlp_V0-fosls,96.37604851479287,0.15837287840810127,0.15209295411120607,0.16389322772302667
mlp_V0-fosls,96.57570930763528,0.15755167788038726,0.15358784955466093,0.16420392149172564
mlp_V0-fosls,96.77537010047767,0.15754130656553486,0.15206327736389494,0.16670916316679965
mlp_V0-fosls,96.97503089332008,0.1576479215536904,0.15283105589383095,0.167272035831641
mlp_V0-fosls,97.17469168616249,0.16075378855120614,0.14463432621357972,0.17043621553140342
mlp_V0-fosls,97.37435247900488,0.16097510098477555,0.14730699536612762,0.16864346749742232
mlp_V0-fosls,97.57401327184729,0.1595102606705652,0.1506493312925337,0.16679952793992928
mlp_V0-fosls,97.77367406468969,0.15637464331773632,0.14151204071650297,0.1656835833322936
mlp_V0-fosls,97.9733348575321,0.1533729603258743,0.14280785051271463,0.1643781013346534
mlp_V0-fosls,98.1729956503745,0.15410317411912844,0.14396203081953077,0.1620096029536814
mlp_V0-fosls,98.3726564432169,0.15611383565604264,0.14042596186734996,0.17544374532970666
mlp_V0-fosls,98.5723172360593,0.16111210738954918,0.1395758276919082,0.17293138968588995
mlp_V0-fosls,98.77197802890171,0.16375476673915124,0.13872048365469347,0.17332808201324124
mlp_V0-fosls,98.97163882174411,0.16299278530351438,0.14243597115778472,0.1788597280992629
mlp_V0-fosls,99.17129961458652,0.15849817843431244,0.1440699628908995,0.17651668880956117
mlp_V0-fosls,99.37096040742891,0.15605756464149695,0.14076400772358402,0.1753258165198291
mlp_V0-fosls,99.57062120027132,0.15573310889621508,0.137378519184861,0.17099123253605553
mlp_V0-fosls,99.77028199311373,0.1590919289255181,0.14061134794546157,0.16513711884399174
mlp_V0-fosls,99.96994278595612,0.15687726872666052,0.14621708219049098,0.17251473178120103
mlp_V0-fosls,100.16960357879853,0.15851823132396958,0.14564446635528425,0.17157105899856517
mlp_V0-fosls,100.36926437164094,0.15737856784367998,0.14312315747777143,0.16946028336771388
mlp_V0-fosls,100.56892516448333,0.15873839347900218,0.14092996355925266,0.16727293812508512
mlp_V0-fosls,100.76858595732574,0.15965554875030583,0.13915662976305573,0.16521124778323754
mlp_V0-fosls,100.96824675016813,0.15901743507432414,0.13736040399333455,0.16668132380111617
mlp_V0-fosls,101.16790754301054,0.1592816319517184,0.14502773341031813,0.16555886567076158
mlp_V0-fosls,101.36756833585295,0.1585962237860724,0.15067376455396836,0.16569550667238853
mlp_V0-fosls,101.56722912869535,0.1567748071560326,0.1499734056730733,0.16706753485565035
mlp_V0-fosls,101.76688992153775,0.156920431225857,0.150873999791628,0.16819073879105542
mlp_V0-fosls,101.96655071438016,0.1586748471404421,0.1467251576004084,0.16917954569483695
mlp_V0-fosls,102.16621150722256,0.15978933092569145,0.14151857301887685,0.17016260678522113
mlp_V0-fosls,102.36587230006496,0.1563548473677742,0.14410481049561455,0.16755648710934387
mlp_V0-fosls,102.56553309290736,0.15818792391846254,0.13615075931715495,0.1646883023272237
mlp_V0-fosls,102.76519388574977,0.15957913764623663,0.1406221372441667,0.1617765397592409
mlp_V0-fosls,102.96485467859218,0.1579631045902734,0.14455210294774068,0.16552832090881758
mlp_V0-fosls,103.16451547143457,0.1579608472513175,0.1429779721100317,0.1694665872906195
mlp_V0-fosls,103.36417626427698,0.1585514804738592,0.1468811250352292,0.16933599062316518
mlp_V0-fosls,103.56383705711937,0.15834230382017095,0.1510539671310941,0.16797797273823725
mlp_V0-fosls,103.76349784996178,0.15697954852486096,0.14970950003361647,0.17341161640135505
mlp_V0-fosls,103.96315864280419,0.15696709524922325,0.1497140321896414,0.1738527067326117
mlp_V0-fosls,104.16281943564658,0.15667513109927333,0.15193750344686008,0.17022444707382356
mlp_V0-fosls,104.36248022848899,0.15745949871770254,0.14983814030991793,0.1665171496420784
mlp_V0-fosls,104.5621410213314,0.15980577319381872,0.14805418825844244,0.16604739445855177
mlp_V0-fosls,104.7618018141738,0.16095595653045008,0.14673262759999994,0.1682377627413093
mlp_V0-fosls,104.9614626070162,0.15797494066411813,0.14631279916643006,0.16673552099535469
mlp_V0-fosls,105.1611233998586,0.15571956529576678,0.14415045813069832,0.17159345803159237
mlp_V0-fosls,105.360784192701,0.15269058177600087,0.13736703784914114,0.17631759899932697
mlp_V0-fosls,105.56044498554341,0.15426944597168712,0.13760611036441112,0.17455575238353274
mlp_V0-fosls,105.7601057783858,0.15731232083249938,0.13663620498848175,0.1666310494588322
mlp_V0-fosls,105.95976657122822,0.15666355396512335,0.13609783843457818,0.16502159004058853
mlp_V0-fosls,106.15942736407062,0.15718202834036504,0.13650829405281778,0.16757171322364173
mlp_V0-fosls,106.35908815691302,0.15761478124106365,0.14290896695723868,0.1674739543777126
mlp_V0-fosls,106.55874894975543,0.15820969457686548,0.14565918969136477,0.17069156025211518
mlp_V0-fosls,106.75840974259782,0.15819704932129725,0.1500467839762065,0.1691805073573917
mlp_V0-fosls,106.95807053544023,0.1581331514662639,0.15167799109446256,0.17206665896836787
mlp_V0-fosls,107.15773132828264,0.15884345046851106,0.1471868366812674,0.171756742871345
mlp_V0-fosls,107.35739212112503,0.15914836503257646,0.14810976741733448,0.16601666998624545
mlp_V0-fosls,107.55705291396744,0.15999051036378598,0.13964101298442486,0.17284373351423998
mlp_V0-fosls,107.75671370680985,0.15719149826588574,0.1470190800073401,0.1684873935072403
mlp_V0-fosls,107.95637449965224,0.15636419026847434,0.1500012707431922,0.16226814494657363
mlp_V0-fosls,108.15603529249465,0.15555941931805836,0.14832407757440896,0.16834918342516908
mlp_V0-fosls,108.35569608533704,0.15752816880874762,0.14889844398322877,0.16700180930374992
mlp_V0-fosls,108.55535687817945,0.1593691504109241,0.15349120854509513,0.1692091483338705
mlp_V0-fosls,108.75501767102186,0.1600585058751354,0.15427236443649386,0.17136687277422963
mlp_V0-fosls,108.95467846386425,0.15911243472229403,0.1542098421129362,0.1689007212804414
mlp_V0-fosls,109.15433925670666,0.156698291631759,0.15438809912213872,0.16639802346688987
mlp_V0-fosls,109.35400004954906,0.15762412847463042,0.1520713909258988,0.16597293608976973
mlp_V0-fosls,109.55366084239147,0.15865056734364913,0.14897236157774696,0.16595014834500774
mlp_V0-fosls,109.75332163523387,0.15825788269126673,0.14713150940437858,0.16699119772507448
mlp_V0-fosls,109.95298242807627,0.16079592955486416,0.14668557969333842,0.16535583376749358
mlp_V0-fosls,110.15264322091868,0.16093899187037053,0.14623829019901297,0.16727455299691454
mlp_V0-fosls,110.35230401376108,0.1592125444480734,0.14715147429497602,0.17115579058000704
mlp_V0-fosls,110.55196480660348,0.15983001899075683,0.14844311093567775,0.16899996636444023
mlp_V0-fosls,110.75162559944589,0.158401869424263,0.14971819527735197,0.16732499225558162
mlp_V0-fosls,110.95128639228828,0.15743925618971616,0.14740429856480392,0.16851053819656014
mlp_V0-fosls,111.15094718513069,0.15632766511164686,0.1463470732487796,0.1691556897777514
mlp_V0-fosls,111.3506079779731,0.15359031111213972,0.1459243373164906,0.16979839011333228
mlp_V0-fosls,111.55026877081549,0.1555142981432105,0.1455120481715649,0.16934427909945307
mlp_V0-fosls,111.7499295636579,0.15931423756682722,0.14621585521226066,0.16840576537828753
mlp_V0-fosls,111.94959035650031,0.16103039669767674,0.14691629068221715,0.1695426564781245
mlp_V0-fosls,112.1492511493427,0.15988550428914078,0.14716711259213427,0.1669858045526111
mlp_V0-fosls,112.34891194218511,0.15769566448405342,0.14636678348216095,0.1654620030172372
mlp_V0-fosls,112.5485727350275,0.15533136325386113,0.14556205407015133,0.16444103319737458
mlp_V0-fosls,112.74823352786991,0.15509579786297212,0.14559166418936753,0.166559721008122
mlp_V0-fosls,112.94789432071232,0.15683727114552784,0.14500071721385158,0.16841842628481776
mlp_V0-fosls,113.14755511355472,0.1571157653934964,0.14561464122836537,0.17025684116124587
mlp_V0-fosls,113.34721590639712,0.15715995218106366,0.14828745927495013,0.16592282324143554
mlp_V0-fosls,113.54687669923953,0.15711425748023783,0.1498545641470388,0.16891061331925467
mlp_V0-fosls,113.74653749208193,0.15998750943859652,0.14211583524309762,0.16550433079724247
mlp_V0-fosls,113.94619828492434,0.15604454693813458,0.14288098098327554,0.16576772765958486
mlp_V0-fosls,114.14585907776673,0.15645554653804944,0.13942542363656518,0.17010466113506387
mlp_V0-fosls,114.34551987060914,0.1598684012163755,0.14380808628192882,0.1646340652104288
mlp_V0-fosls,114.54518066345155,0.15889901929677291,0.1432202112222007,0.16722222687939992
mlp_V0-fosls,114.74484145629394,0.15850353222629657,0.1426299131493562,0.16518054340300892
mlp_V0-fosls,114.94450224913635,0.15596960663835688,0.14633324751769847,0.16221431217643367
mlp_V0-fosls,115.14416304197876,0.15327653846782305,0.15024731234683955,0.16091617351368742
mlp_V0-fosls,115.34382383482115,0.1560213803696728,0.14862203051384337,0.1631878742045242
mlp_V0-fosls,115.54348462766356,0.1555431091953719,0.148399546007498,0.1680280050810849
mlp_V0-fosls,115.74314542050595,0.153967446800177,0.148176727445322,0.17383710735323948
mlp_V0-fosls,115.94280621334836,0.15677904079604613,0.15093197154444818,0.1727939949858468
mlp_V0-fosls,116.14246700619077,0.16011755168984615,0.14930938380943606,0.17174454725957383
mlp_V0-fosls,116.34212779903316,0.1613768501895279,0.14766896814433592,0.16773970778369682
mlp_V0-fosls,116.54178859187557,0.16031819058564717,0.14832073794814432,0.16664080305287796
mlp_V0-fosls,116.74144938471797,0.16012690239944027,0.14742779213059334,0.16823205270284733
mlp_V0-fosls,116.94111017756038,0.16091008380702632,0.15249674568450688,0.16743476974745025
mlp_V0-fosls,117.14077097040278,0.1604607385298722,0.15355724451752428,0.16708237522596814
mlp_V0-fosls,117.34043176324518,0.16007348044509684,0.1527187494308146,0.16846396905314268
mlp_V0-fosls,117.54009255608759,0.16015008302257328,0.1527098070451575,0.16752817514201876
mlp_V0-fosls,117.73975334893,0.1555871913428224,0.15114111655873524,0.16925493724524446
mlp_V0-fosls,117.93941414177239,0.1541222182704961,0.14421389128210982,0.16665748358235263
mlp_V0-fosls,118.1390749346148,0.15476599995200657,0.14161841521451302,0.16182504999381003
mlp_V0-fosls,118.33873572745719,0.15497669000693565,0.13801293838701081,0.16158411732707134
mlp_V0-fosls,118.5383965202996,0.1559293293430427,0.14063132952137525,0.16136187187629913
mlp_V0-fosls,118.73805731314201,0.15818424795089453,0.14565581465069158,0.16718705349986882
mlp_V0-fosls,118.9377181059844,0.15905611503572387,0.14928957738480078,0.16942585722789708
mlp_V0-fosls,119.13737889882681,0.15867145272915323,0.1481831906350575,0.16481651852658388
mlp_V0-fosls,119.33703969166922,0.15669575631781507,0.1441970636136979,0.17072947851175999
mlp_V0-fosls,119.53670048451161,0.15795506592863684,0.14553609778676913,0.17410337033875858
mlp_V0-fosls,119.73636127735402,0.15984893790239113,0.14730153002624363,0.16718055306203558
mlp_V0-fosls,119.93602207019642,0.16163450069070745,0.14909673474327423,0.17430978364000094
mlp_V0-fosls,120.13568286303882,0.16533545307405695,0.14820773318993694,0.17088192050818854
mlp_V0-fosls,120.33534365588123,0.16216072154722322,0.14929641053426435,0.17234648292816454
mlp_V0-fosls,120.53500444872363,0.15774557966670782,0.15061313517779498,0.17427035388511858
mlp_V0-fosls,120.73466524156603,0.15565034968010621,0.14614797408521224,0.17284803613348385
mlp_V0-fosls,120.93432603440844,0.15656576147372525,0.14401654523078947,0.16497544975204143
mlp_V0-fosls,121.13398682725084,0.15586129811677474,0.1471675133952553,0.1656879750319873
mlp_V0-fosls,121.33364762009325,0.157077986670425,0.15219457225902994,0.16705914167878305
mlp_V0-fosls,121.53330841293564,0.1561346351700921,0.15039539380821232,0.17090122485907905
mlp_V0-fosls,121.73296920577805,0.15647009228148917,0.14610833843357132,0.17035769767235867
mlp_V0-fosls,121.93262999862046,0.15807491921349592,0.1459937938477478,0.16458808593122498
mlp_V0-fosls,122.13229079146285,0.15710115442666808,0.14678204879199006,0.17029617765131855
mlp_V0-fosls,122.33195158430526,0.15647293982269278,0.15378461921975606,0.17095222460047815
mlp_V0-fosls,122.53161237714765,0.155990875479913,0.1526228759313514,0.17031467672306844
mlp_V0-fosls,122.73127316999006,0.15519867782367633,0.1390975930900844,0.17308089624784279
mlp_V0-fosls,122.93093396283247,0.15909374232893497,0.1416550703826549,0.17064807443548113
mlp_V0-fosls,123.13059475567486,0.1581299922301942,0.14825824527544162,0.16818006413103356
mlp_V0-fosls,123.33025554851727,0.15598360067810546,0.1525839734113118,0.16641101252300133
mlp_V0-fosls,123.52991634135968,0.15624077570737532,0.15448375434297631,0.1662854164068092
mlp_V0-fosls,123.72957713420207,0.15730274526882732,0.15194092146477006,0.16615972535557874
mlp_V0-fosls,123.92923792704448,0.1587616641819083,0.14920958597386577,0.1660097291934259
mlp_V0-fosls,124.12889871988688,0.15811134583156888,0.14978258536135544,0.1680914124256676
mlp_V0-fosls,124.32855951272929,0.15720855176727822,0.1526824328303836,0.171327400832079
mlp_V0-fosls,124.5282203055717,0.1587993871540609,0.15234605307276594,0.16855618660692107
mlp_V0-fosls,124.72788109841409,0.15871364443064964,0.1503683251720746,0.16753965510004787
mlp_V0-fosls,124.9275418912565,0.15758620852133448,0.14800373001382636,0.1733957303592989
mlp_V0-fosls,125.1272026840989,0.1584849070695411,0.14591366585406748,0.16681726410701309
mlp_V0-fosls,125.3268634769413,0.1568978914941634,0.1451593174106088,0.16476344200768764
mlp_V0-fosls,125.5265242697837,0.15553096197044514,0.1444010283178596,0.16574586421118642
mlp_V0-fosls,125.7261850626261,0.1570149090954175,0.14565854536720993,0.1656795789193734
mlp_V0-fosls,125.92584585546851,0.1566313797426011,0.14757984865831655,0.1656275694756945
mlp_V0-fosls,126.12550664831092,0.1568450730779739,0.14870996895852745,0.16644390248817437
mlp_V0-fosls,126.32516744115331,0.15538194710310288,0.1470479723399799,0.16751699003492915
mlp_V0-fosls,126.52482823399572,0.1558395719725889,0.14805376091772607,0.16887643267302482
mlp_V0-fosls,126.72448902683813,0.15739773993174783,0.14814377358276443,0.1692236995493977
mlp_V0-fosls,126.92414981968052,0.1595157016334472,0.14415145245065675,0.16988535890053996
mlp_V0-fosls,127.12381061252293,0.16210691844956296,0.13730882482139709,0.16882553734425307
mlp_V0-fosls,127.32347140536532,0.1624060563589599,0.13477590576148307,0.17086337570087734
mlp_V0-fosls,127.52313219820773,0.1622271398228029,0.14610715607744976,0.17287719413567132
mlp_V0-fosls,127.72279299105014,0.16130066238921878,0.15292222528284077,0.17202496570368045
mlp_V0-fosls,127.92245378389254,0.16006554459188907,0.1493650619099652,0.17380474588507885
mlp_V0-fosls,128.12211457673493,0.1589158220349019,0.14628532822712623,0.1734566045171708
mlp_V0-fosls,128.32177536957735,0.1595663903598637,0.14313934745438878,0.16741880763787167
mlp_V0-fosls,128.52143616241975,0.15950104069525078,0.1427631710304998,0.1688177279014517
mlp_V0-fosls,128.72109695526214,0.1578048752274711,0.14259386580264716,0.17101123788066913
mlp_V0-fosls,128.92075774810456,0.1580603220794132,0.14384436697940092,0.16759077496245267
mlp_V0-fosls,129.12041854094696,0.15807782276657306,0.14999114094408855,0.16409903175690058
mlp_V0-fosls,129.32007933378935,0.15873576730840702,0.1534244922603434,0.1671077297263859
mlp_V0-fosls,129.51974012663177,0.15859858205757082,0.1524715272744998,0.16825476758041555
mlp_V0-fosls,129.71940091947417,0.15816054527791953,0.14888195835444953,0.16981219117427976
mlp_V0-fosls,129.91906171231656,0.15658539039602581,0.14879818380429866,0.16594313703649602
mlp_V0-fosls,130.11872250515898,0.15779808333699508,0.1434060087936293,0.16299590940352135
mlp_V0-fosls,130.31838329800138,0.15476580759930306,0.14216676403498651,0.16468651340889304
mlp_V0-fosls,130.51804409084377,0.15630217801282115,0.14341532043199923,0.16541578019300232
mlp_V0-fosls,130.71770488368617,0.15809239027404198,0.14465310046122928,0.16315486129240173
mlp_V0-fosls,130.9173656765286,0.1588896810753769,0.15058324839288253,0.16380399300218215
mlp_V0-fosls,131.11702646937098,0.15920334759810056,0.14990415024352177,0.1639847989066193
mlp_V0-fosls,131.31668726221338,0.15620870269206194,0.14586444891452394,0.16625000285729544
mlp_V0-fosls,131.5163480550558,0.15807339386139596,0.14893989709498945,0.16249422450441842
mlp_V0-fosls,131.7160088478982,0.15557160090691308,0.15161966021488396,0.17231748372818287
mlp_V0-fosls,131.9156696407406,0.1573930456108108,0.14963209483566964,0.1756586551271599
mlp_V0-fosls,132.115330433583,0.156207554013651,0.14785866549246468,0.16834337055611662
mlp_V0-fosls,132.3149912264254,0.1534018539116866,0.14636357005213382,0.16118322889285291
mlp_V0-fosls,132.5146520192678,0.15266099969774283,0.144853043860318,0.16145430994882182
mlp_V0-fosls,132.71431281211022,0.15407457970957855,0.14883587229072082,0.166506349842592
mlp_V0-fosls,132.91397360495262,0.15602859974201355,0.1453649683780809,0.1714095530440378
mlp_V0-fosls,133.113634397795,0.16065141799225263,0.14485155635591856,0.16742433396307954
mlp_V0-fosls,133.31329519063743,0.1610878286386574,0.1497403582342703,0.16609909533182662
mlp_V0-fosls,133.51295598347983,0.15945980237002688,0.15136448779706546,0.16738638537080883
mlp_V0-fosls,133.71261677632222,0.1565373674508424,0.14675600195138885,0.1632469190362308
mlp_V0-fosls,133.91227756916462,0.15253638158347285,0.14815828263223113,0.161414087545984
mlp_V0-fosls,134.11193836200704,0.15162337228230005,0.1471554529791119,0.16104887634374246
mlp_V0-fosls,134.31159915484943,0.15429065334808195,0.1460208564470682,0.16103496844266288
mlp_V0-fosls,134.51125994769183,0.1569668570242751,0.14503538317064893,0.1666446132423576
mlp_V0-fosls,134.71092074053425,0.15855196018397733,0.14451528178573667,0.170377536283297
mlp_V0-fosls,134.91058153337664,0.16020668873994973,0.144384079360419,0.1699633863526547
mlp_V0-fosls,135.11024232621904,0.1565705310674513,0.14439675908792693,0.17383192807718184
mlp_V0-fosls,135.30990311906146,0.15232480583223526,0.1471422732110368,0.175865756757617
mlp_V0-fosls,135.50956391190385,0.1564880629814091,0.14552404253057682,0.1731827200860985
mlp_V0-fosls,135.70922470474625,0.16042845928626237,0.14696251722402714,0.17045745707627633
mlp_V0-fosls,135.90888549758867,0.16103254630240857,0.1494208807526291,0.17237168107484957
mlp_V0-fosls,136.10854629043106,0.15978208838014923,0.14894734069531324,0.17517681396508347
mlp_V0-fosls,136.30820708327346,0.15931192047778503,0.1431551418758843,0.17304150672982632
mlp_V0-fosls,136.50786787611585,0.15632638016358846,0.14061912579762637,0.16701427526297508
mlp_V0-fosls,136.70752866895828,0.1533748606436704,0.14434007126675155,0.16833033852013726
mlp_V0-fosls,136.90718946180067,0.15646273666863936,0.14791694419713197,0.1685813316803153
mlp_V0-fosls,137.10685025464306,0.15988568674635217,0.1518644429606891,0.16723449417723002
mlp_V0-fosls,137.3065110474855,0.1602848857438014,0.15419487187959707,0.16825620600045232
mlp_V0-fosls,137.50617184032788,0.15988457176247495,0.14623566487378148,0.17014189959415982
mlp_V0-fosls,137.70583263317027,0.15801278313736933,0.15031237579393214,0.17167720650592064
mlp_V0-fosls,137.9054934260127,0.1584284147982135,0.14793425299900656,0.17179819594659884
mlp_V0-fosls,138.1051542188551,0.15992066425991971,0.1466301817636142,0.16824726205524662
mlp_V0-fosls,138.30481501169749,0.15682568505117617,0.1453144080870407,0.1737789722725942
mlp_V0-fosls,138.5044758045399,0.1557716516638103,0.1417444731223038,0.16740850426548798
mlp_V0-fosls,138.7041365973823,0.15530875700251473,0.14172539732216446,0.16078583083312117
mlp_V0-fosls,138.9037973902247,0.15512369131426385,0.14871958897877585,0.16392762156789198
mlp_V0-fosls,139.10345818306712,0.1575848552813908,0.1512627527319732,0.16785220090215044
mlp_V0-fosls,139.3031189759095,0.1588562194208017,0.1511561306544395,0.1717978954959674
mlp_V0-fosls,139.5027797687519,0.1602501272348676,0.15023408794408155,0.1775407836079294
mlp_V0-fosls,139.7024405615943,0.16110150022328737,0.14882913783071086,0.17403619483452634
mlp_V0-fosls,139.90210135443672,0.1611919590952139,0.1474107979575288,0.1732830448413057
mlp_V0-fosls,140.10176214727912,0.15847605778178697,0.14806216305245487,0.17135652127141424
mlp_V0-fosls,140.3014229401215,0.15890145811296558,0.1488745295748323,0.16584191105928858
mlp_V0-fosls,140.50108373296393,0.15589902956163437,0.15037662373176366,0.16084822298335846
mlp_V0-fosls,140.70074452580633,0.15641771060236848,0.14518556953686354,0.16945933432333882
mlp_V0-fosls,140.90040531864872,0.15754181027403108,0.1408529840280642,0.17201190767660507
mlp_V0-fosls,141.10006611149115,0.15716250480470956,0.14184891099233762,0.16982299032077472
mlp_V0-fosls,141.29972690433354,0.15713847881032408,0.14283789409611894,0.16760548827659283
mlp_V0-fosls,141.49938769717593,0.15578472340984728,0.14829203321732087,0.1690344244892447
mlp_V0-fosls,141.69904849001836,0.15648502808267423,0.14895003131402573,0.169596394822006
mlp_V0-fosls,141.89870928286075,0.1597858776453712,0.1500301106556675,0.16538498345510458
mlp_V0-fosls,142.09837007570314,0.15732169902084275,0.1525309208162583,0.16911688743067746
mlp_V0-fosls,142.29803086854554,0.15749120317989734,0.1518431481036165,0.16616122671006692
mlp_V0-fosls,142.49769166138796,0.1574418902153678,0.15080586820071715,0.16749154399794877
mlp_V0-fosls,142.69735245423036,0.15637043684145335,0.15131466337146143,0.1683820031882304
mlp_V0-fosls,142.89701324707275,0.15981977497531352,0.14762987131296934,0.166117616608278
mlp_V0-fosls,143.09667403991517,0.1587050151052941,0.1508214582748062,0.16713696766825287
mlp_V0-fosls,143.29633483275757,0.15788628751785005,0.15408717603949398,0.175752143238376
mlp_V0-fosls,143.49599562559996,0.1589980383063353,0.15224349134054446,0.17229278655262345
mlp_V0-fosls,143.69565641844238,0.156960630578094,0.14961854232283128,0.17195822481652678
mlp_V0-fosls,143.89531721128478,0.15552702354703124,0.14416073656952508,0.1715860092732609
mlp_V0-fosls,144.09497800412717,0.15428120547079316,0.14500580282860448,0.16681226728461915
mlp_V0-fosls,144.2946387969696,0.15529114680880596,0.1444177759300733,0.16189782720884993
mlp_V0-fosls,144.494299589812,0.1570708977239087,0.14382734494945537,0.1654773005293102
mlp_V0-fosls,144.69396038265438,0.15458450215627365,0.14251743172440157,0.16708875748422228
mlp_V0-fosls,144.8936211754968,0.15310832216123854,0.14068268751720178,0.17090253051464135
mlp_V0-fosls,145.0932819683392,0.1516864800589633,0.13882369678410778,0.17064437205930721
mlp_V0-fosls,145.2929427611816,0.15287553853414992,0.1467636520779499,0.1729856091314323
mlp_V0-fosls,145.492603554024,0.15485353265076401,0.14517447342677212,0.17475474814727573
mlp_V0-fosls,145.6922643468664,0.15435541064425662,0.14415168746357832,0.17077510958742467
mlp_V0-fosls,145.8919251397088,0.15534040902365212,0.1441482378434141,0.17123979529627611
mlp_V0-fosls,146.0915859325512,0.15483907728909777,0.14414478814069484,0.16897268524945014
mlp_V0-fosls,146.29124672539362,0.15311986594201202,0.14489173114706172,0.16661927927859863
mlp_V0-fosls,146.490907518236,0.15461098948409036,0.14385654854761662,0.1650003312701298
mlp_V0-fosls,146.6905683110784,0.15302598170770843,0.14829094433565512,0.17050100811484767
mlp_V0-fosls,146.89022910392083,0.15764992984141238,0.15015848095416046,0.17005852994511775
mlp_V0-fosls,147.08988989676322,0.16085447715933326,0.14951453143834198,0.16631773968347724
mlp_V0-fosls,147.28955068960562,0.16094296474378358,0.14605507645670984,0.17288570898703925
mlp_V0-fosls,147.48921148244804,0.16052634153937656,0.14036208053639068,0.16811085374652926
mlp_V0-fosls,147.68887227529044,0.1585096280623296,0.1460385536401924,0.17008676170964632
mlp_V0-fosls,147.88853306813283,0.15764939052750765,0.14604530389086168,0.17172509053809223
mlp_V0-fosls,148.08819386097522,0.15744319825272607,0.1530874552670502,0.17611322353674794
mlp_V0-fosls,148.28785465381765,0.15875417203399755,0.15083808855645603,0.1699022841450596
mlp_V0-fosls,148.48751544666004,0.15891851911637694,0.14834623910451747,0.17115537610847664
mlp_V0-fosls,148.68717623950243,0.15820583099313862,0.1482756694518056,0.17065846781365443
mlp_V0-fosls,148.88683703234486,0.15977951390294587,0.14922047712573547,0.16773639919208055
mlp_V0-fosls,149.08649782518725,0.16056496583429322,0.15015934015532678,0.17336332433633436
mlp_V0-fosls,149.28615861802965,0.16022344601861976,0.15248485563453687,0.17753078370920805
mlp_V0-fosls,149.48581941087207,0.16076887245266547,0.15477553642573177,0.17252717003498058
mlp_V0-fosls,149.68548020371446,0.16164547919387431,0.1545368995648248,0.16737404110599963
mlp_V0-fosls,149.88514099655686,0.16147783102324081,0.1536512416104086,0.17389756774789272
mlp_V0-fosls,150.08480178939928,0.16109234561392172,0.15230338665444818,0.16958590001592153
mlp_V0-fosls,150.28446258224167,0.15946389909757752,0.15073762409354133,0.17323230278368074
mlp_V0-fosls,150.48412337508407,0.15716819288470357,0.1471207293331649,0.17328013417308324
mlp_V0-fosls,150.6837841679265,0.1577991930351338,0.1385316952782794,0.17184004604649336
mlp_V0-fosls,150.88344496076888,0.1584683079367762,0.1402827730145517,0.17038778697864543
mlp_V0-fosls,151.08310575361128,0.15828822486394556,0.14476822472093884,0.16822473332751878
mlp_V0-fosls,151.28276654645367,0.15671330202628744,0.14913015162576376,0.1677740052947863
mlp_V0-fosls,151.4824273392961,0.1556867261116125,0.1521801493743154,0.16732206310643896
mlp_V0-fosls,151.6820881321385,0.15831504102896027,0.14745217724970078,0.1610631012990708
mlp_V0-fosls,151.88174892498088,0.15749581478792385,0.14303311003722785,0.16576740818712127
mlp_V0-fosls,152.0814097178233,0.1574720625130799,0.14302495589253972,0.16642553425627135
mlp_V0-fosls,152.2810705106657,0.15673818584805688,0.14596904316432113,0.16633108973899347
mlp_V0-fosls,152.4807313035081,0.15396309575805417,0.1468723272660489,0.1672999834330869
mlp_V0-fosls,152.68039209635052,0.15485338396988874,0.1461595661757135,0.16813420108419827
mlp_V0-fosls,152.8800528891929,0.15431859747911184,0.147398786761118,0.1697808677854346
mlp_V0-fosls,153.0797136820353,0.15708219458297168,0.1451419350290739,0.16898276205815135
mlp_V0-fosls,153.27937447487773,0.15802350607791293,0.14206594537102485,0.16906042807529198
mlp_V0-fosls,153.47903526772012,0.1575108487402751,0.14134229892736358,0.17039615704090216
mlp_V0-fosls,153.67869606056252,0.15686594563060985,0.1474045220718179,0.16771985512503382
mlp_V0-fosls,153.8783568534049,0.15674865432528962,0.1501964564439515,0.16861667996303067
mlp_V0-fosls,154.07801764624733,0.15746677747327625,0.1499633697159982,0.1717105793525725
mlp_V0-fosls,154.27767843908973,0.15997456662566545,0.14621424217705578,0.17202877185832108
mlp_V0-fosls,154.47733923193212,0.16339242991609357,0.14794324325885627,0.1714046865035248
mlp_V0-fosls,154.67700002477454,0.165006564265627,0.1513048612170933,0.17059857596195452
mlp_V0-fosls,154.87666081761694,0.16194979974361634,0.14746476756517166,0.1682567710457965
mlp_V0-fosls,155.07632161045933,0.15801556600477878,0.14036274323948736,0.17087618533646762
mlp_V0-fosls,155.27598240330175,0.1570013639752838,0.14505387644977427,0.17002991943610138
mlp_V0-fosls,155.47564319614415,0.16040013836594536,0.1495979761109699,0.166344356403588
mlp_V0-fosls,155.67530398898654,0.16048455982939092,0.151075055604266,0.17054824903020913
mlp_V0-fosls,155.87496478182896,0.1591553361551351,0.14959994456525275,0.1741983031578517
mlp_V0-fosls,156.07462557467136,0.16070123395307073,0.14643517864316175,0.17958312654686698
mlp_V0-fosls,156.27428636751375,0.16100021910395962,0.14009639537750712,0.17683027572986434
mlp_V0-fosls,156.47394716035618,0.16120528743809548,0.1441964168975722,0.17583013887487592
mlp_V0-fosls,156.67360795319857,0.159677952035518,0.14255503112964302,0.16826026204689012
mlp_V0-fosls,156.87326874604096,0.15979272472306616,0.1483428870563266,0.1701497045800172
mlp_V0-fosls,157.07292953888336,0.15876011417963623,0.14398667406710883,0.17227424074452746
mlp_V0-fosls,157.27259033172578,0.16100950028988842,0.14704087979147862,0.1743728937637378
mlp_V0-fosls,157.47225112456817,0.15737149587055904,0.15003292422263909,0.17022019675629013
mlp_V0-fosls,157.67191191741057,0.155500990540377,0.1494662905191326,0.17021375492539279
mlp_V0-fosls,157.871572710253,0.14999266570400388,0.14518158338933365,0.1682029054770767
mlp_V0-fosls,158.07123350309539,0.15207188129386123,0.14076651700357767,0.16385095004414807
mlp_V0-fosls,158.27089429593778,0.1576363490457765,0.1390796158369517,0.16245552907316632
mlp_V0-fosls,158.4705550887802,0.1577387788312027,0.14172180466631784,0.1646447845720264
mlp_V0-fosls,158.6702158816226,0.1575045364674186,0.14268751875157865,0.1670039503943048
mlp_V0-fosls,158.869876674465,0.1581586937003106,0.14200404404047134,0.17115611220688595
mlp_V0-fosls,159.0695374673074,0.15907714563200614,0.1395549756176629,0.1690392536505123
mlp_V0-fosls,159.2691982601498,0.1572505046632335,0.13643931252772903,0.17508619199219688
mlp_V0-fosls,159.4688590529922,0.1563265082614086,0.14027376728650426,0.18093114706411004
mlp_V0-fosls,159.66851984583462,0.15523717604399012,0.14400615811296938,0.17677686192626293
mlp_V0-fosls,159.86818063867702,0.15770765130087952,0.14806398692146086,0.1738263642904372
mlp_V0-fosls,160.0678414315194,0.1580768187965248,0.14462579112560886,0.17409982042361125
mlp_V0-fosls,160.2675022243618,0.15707446858623697,0.14929027983172508,0.17437284771613834
mlp_V0-fosls,160.46716301720423,0.15826456497393157,0.14506589590488683,0.16822082207946962
mlp_V0-fosls,160.66682381004662,0.1552354955736635,0.14771170579499912,0.17525263083766957
mlp_V0-fosls,160.86648460288902,0.15768382732411795,0.13619402835524863,0.16944308590282098
mlp_V0-fosls,161.06614539573144,0.15752269743770558,0.1396113761509263,0.1634271522881579
mlp_V0-fosls,161.26580618857383,0.15700517861433155,0.14294705083309858,0.1606226290256631
mlp_V0-fosls,161.46546698141623,0.155819875025133,0.14724871723890035,0.16078194751512756
mlp_V0-fosls,161.66512777425865,0.15509185110172724,0.14749562928370089,0.16150758325291303
mlp_V0-fosls,161.86478856710104,0.15636816179866908,0.15010300279086758,0.16462852728298122
mlp_V0-fosls,162.06444935994344,0.1561788677039705,0.14493838989676183,0.16769139674571842
mlp_V0-fosls,162.26411015278586,0.15948527741457408,0.14891562343156328,0.16722808779044682
mlp_V0-fosls,162.46377094562826,0.1610730623733841,0.14920697098342797,0.16561466145421627
mlp_V0-fosls,162.66343173847065,0.16177368176189308,0.1440938996358928,0.1707336976634159
mlp_V0-fosls,162.86309253131304,0.16258227743138393,0.14638611251474787,0.17136602676900026
mlp_V0-fosls,163.06275332415547,0.1631088267619144,0.14520391357676665,0.1706617373708641
mlp_V0-fosls,163.26241411699786,0.1601518302396846,0.1439445064604499,0.1752716723977215
mlp_V0-fosls,163.46207490984025,0.15967312094625744,0.14825862712669485,0.17555616583162081
mlp_V0-fosls,163.66173570268268,0.15967164735455114,0.1510299033723075,0.17397792637799278
mlp_V0-fosls,163.86139649552507,0.1588575703907235,0.15210187006362597,0.17238523826613775
mlp_V0-fosls,164.06105728836746,0.15872710704673926,0.15236792900897628,0.17283396234851026
mlp_V0-fosls,164.2607180812099,0.1592889192024747,0.15057480200752066,0.17330574879860514
mlp_V0-fosls,164.46037887405228,0.16074416841257655,0.14876006254611399,0.17366379752360472
mlp_V0-fosls,164.66003966689468,0.1613797800162189,0.145582555610754,0.1737322522512378
mlp_V0-fosls,164.8597004597371,0.15964931586580172,0.14319938906268517,0.17845635642010793
mlp_V0-fosls,165.0593612525795,0.1604081012768296,0.1477420139141488,0.1783203434995131
mlp_V0-fosls,165.2590220454219,0.16054904986411023,0.15214907269809694,0.17818422675654566
mlp_V0-fosls,165.4586828382643,0.1581705171794998,0.1507653926378114,0.17230973567990715
mlp_V0-fosls,165.6583436311067,0.15633044206436736,0.14599110297938814,0.16569920570249042
mlp_V0-fosls,165.8580044239491,0.15438802708871802,0.14363583175590833,0.1644948342251812
mlp_V0-fosls,166.0576652167915,0.15379943253733244,0.15068887450931862,0.16303198845470712
mlp_V0-fosls,166.2573260096339,0.15869933100145095,0.1533025283112394,0.1618257856690347
mlp_V0-fosls,166.4569868024763,0.15804461302271214,0.15466610002916056,0.16956446346644935
mlp_V0-fosls,166.6566475953187,0.15874923534745547,0.15060848709457322,0.17270173780524448
mlp_V0-fosls,166.85630838816112,0.1607564909243135,0.1486104227070928,0.16879536369581968
mlp_V0-fosls,167.05596918100352,0.16012800769231944,0.1510619864780967,0.17052462217395928
mlp_V0-fosls,167.2556299738459,0.1580682340241803,0.14625301411269181,0.16991419437342137
mlp_V0-fosls,167.45529076668834,0.15424723558759548,0.13689270641909046,0.17890340778869654
mlp_V0-fosls,167.65495155953073,0.15240659356889386,0.14345740800599813,0.18323671531736951
mlp_V0-fosls,167.85461235237312,0.1541243845062712,0.1435318837254186,0.17415920463104076
mlp_V0-fosls,168.05427314521555,0.15722667636450094,0.1443820333511627,0.16592969961228762
mlp_V0-fosls,168.25393393805794,0.16008817419940313,0.14666548232810445,0.16197631906249596
mlp_V0-fosls,168.45359473090033,0.1560289617349761,0.14891392096931294,0.16489632526581477
mlp_V0-fosls,168.65325552374273,0.15360320275728112,0.14261468623188714,0.16802531064287257
mlp_V0-fosls,168.85291631658515,0.1570866123329907,0.14295763290146907,0.1685132928980519
mlp_V0-fosls,169.05257710942755,0.15653377940451058,0.1478204837504759,0.16970281044590285
mlp_V0-fosls,169.25223790226994,0.15721621123479454,0.14699608547677723,0.1697805686079099
mlp_V0-fosls,169.45189869511236,0.15560647271698694,0.1457668271897181,0.16684349631166526
mlp_V0-fosls,169.65155948795476,0.15594635418663216,0.14532602312628196,0.1680305313044439
mlp_V0-fosls,169.85122028079715,0.15608636597681044,0.1496980958121246,0.16395710720457446
mlp_V0-fosls,170.05088107363957,0.15726970998100764,0.14895590284148089,0.16709818257337886
mlp_V0-fosls,170.25054186648197,0.1577115712107826,0.14537529581452124,0.1720476507197408
mlp_V0-fosls,170.45020265932436,0.15536287399296303,0.14728636530001704,0.16863003870718052
mlp_V0-fosls,170.64986345216678,0.15662009568795315,0.14581756767949025,0.16829606663765914
mlp_V0-fosls,170.84952424500918,0.15717542330581433,0.14391022885046806,0.16425013620628015
mlp_V0-fosls,171.04918503785157,0.1588937716593794,0.1429397388272257,0.16514739118740487
mlp_V0-fosls,171.248845830694,0.15979854629419665,0.13676975457828472,0.1659517116665703
mlp_V0-fosls,171.4485066235364,0.1594926428842309,0.13712118971274928,0.16835824453789427
mlp_V0-fosls,171.64816741637878,0.1569104995587195,0.13812835277292912,0.16767035795682178
mlp_V0-fosls,171.84782820922118,0.15626874203443597,0.1396102745226089,0.16697963759349843
mlp_V0-fosls,172.0474890020636,0.1577498231173829,0.14252367916814027,0.1647628781997047
mlp_V0-fosls,172.247149794906,0.15842510388908262,0.14537871059741733,0.17028589481222864
mlp_V0-fosls,172.4468105877484,0.1593811243526418,0.14924836400198657,0.17563532079667818
mlp_V0-fosls,172.6464713805908,0.1624896006212967,0.15156857167745097,0.17219607952402186
mlp_V0-fosls,172.8461321734332,0.1602716604132618,0.1491095025649638,0.16396422893000237
mlp_V0-fosls,173.0457929662756,0.15486124991254663,0.14959499037062132,0.1641608760910362
mlp_V0-fosls,173.24545375911802,0.1560078462359131,0.14581084199186328,0.1648724490581355
mlp_V0-fosls,173.44511455196042,0.15796422648545422,0.1452870453240015,0.17517346978477194
mlp_V0-fosls,173.6447753448028,0.15673234117188684,0.14381494581082713,0.18110466260009414
mlp_V0-fosls,173.84443613764523,0.15726858916427425,0.14232762113575767,0.17457781734317768
mlp_V0-fosls,174.04409693048763,0.1562223170787792,0.14574580718607985,0.1677972878240951
mlp_V0-fosls,174.24375772333002,0.156939659509088,0.14780680671692534,0.16785863118542374
mlp_V0-fosls,174.44341851617241,0.15881981664934697,0.14992922864625347,0.16877828670190895
mlp_V0-fosls,174.64307930901484,0.1594870852739288,0.15135166995995303,0.16940561776008292
mlp_V0-fosls,174.84274010185723,0.1586493049325366,0.15124562481953782,0.1654588623211623
mlp_V0-fosls,175.04240089469963,0.15781899704460492,0.1546593532385655,0.1623248953698203
mlp_V0-fosls,175.24206168754205,0.15944639804433983,0.15269948898032268,0.16399859778489112
mlp_V0-fosls,175.44172248038444,0.15984800724526052,0.14604521150843178,0.16919885734893
mlp_V0-fosls,175.64138327322684,0.15875162057497155,0.14504213718038045,0.1712570643399682
mlp_V0-fosls,175.84104406606926,0.1607033058801851,0.14416944301309312,0.17345003468834233
mlp_V0-fosls,176.04070485891165,0.15810257706453268,0.14411200322241716,0.17603042139012223
mlp_V0-fosls,176.24036565175405,0.15576884006579694,0.14535301547334906,0.17673154720373083
mlp_V0-fosls,176.44002644459647,0.15668393782184148,0.14676242569923834,0.1715409224609151
mlp_V0-fosls,176.63968723743886,0.15941733345181353,0.14286453033036575,0.17147361420966034
mlp_V0-fosls,176.83934803028126,0.15658218468944646,0.14180095738764212,0.1717880300614869
mlp_V0-fosls,177.03900882312368,0.15589888531793505,0.14072934663952558,0.16807092988199593
mlp_V0-fosls,177.23866961596607,0.1537417238437913,0.1436558429541523,0.16778475346303676
mlp_V0-fosls,177.43833040880847,0.1539105661781201,0.14340695244498697,0.16539511505187854
mlp_V0-fosls,177.63799120165086,0.15669204224906536,0.1457117899729829,0.16451489913788342
mlp_V0-fosls,177.83765199449329,0.15596686972065987,0.14408976379756502,0.16690310175101486
mlp_V0-fosls,178.03731278733568,0.1564392314345382,0.14538187397549157,0.16589204120328593
mlp_V0-fosls,178.23697358017807,0.1563947321465935,0.1372197681158331,0.16883383889946735
mlp_V0-fosls,178.4366343730205,0.15511457580967114,0.14126731241962612,0.17192843116871945
mlp_V0-fosls,178.6362951658629,0.1550582821212143,0.14239186184222485,0.16411150463828605
mlp_V0-fosls,178.83595595870528,0.15412897001536263,0.14637699165788995,0.16362916098147784
mlp_V0-fosls,179.0356167515477,0.15403078350798977,0.1489233275432896,0.16796663365773276
mlp_V0-fosls,179.2352775443901,0.15824873582316784,0.14887585360524774,0.1650339721935558
mlp_V0-fosls,179.4349383372325,0.1595664325754303,0.1473759630910149,0.16662077469928013
mlp_V0-fosls,179.63459913007492,0.15950254735955616,0.14797156938535755,0.1681926072834156
mlp_V0-fosls,179.8342599229173,0.15814667493355633,0.14856478787292487,0.1668382967527908
mlp_V0-fosls,180.0339207157597,0.15701824004270828,0.14602536472947902,0.17227293112822237
mlp_V0-fosls,180.2335815086021,0.15512255814669001,0.1432218138039362,0.16809580224234086
mlp_V0-fosls,180.43324230144452,0.15525348120311105,0.14528552476653478,0.16225691582746193
mlp_V0-fosls,180.63290309428692,0.1557898904719514,0.14193539168372693,0.16395061620687407
mlp_V0-fosls,180.8325638871293,0.15685886847684538,0.1357034963605628,0.1661984854401694
mlp_V0-fosls,181.03222467997173,0.1578991183540171,0.14062261539682902,0.1720919928604739
mlp_V0-fosls,181.23188547281413,0.16008921063466597,0.14714354662672938,0.16969112436237843
mlp_V0-fosls,181.43154626565652,0.1606788860991652,0.15212456008998948,0.16725579621659445
mlp_V0-fosls,181.63120705849894,0.15947206503446365,0.14946518972449657,0.16452340425089437
mlp_V0-fosls,181.83086785134134,0.15962727382339847,0.1459143917857199,0.16749650402942542
mlp_V0-fosls,182.03052864418373,0.15908068115939636,0.14578003763132388,0.17063834406851233
mlp_V0-fosls,182.23018943702616,0.16132350957678487,0.14711721618073742,0.1728311807084482
mlp_V0-fosls,182.42985022986855,0.1599013632686198,0.14720370070760783,0.16730684753819206
mlp_V0-fosls,182.62951102271094,0.15611966246073522,0.14610219592652451,0.16301193404958883
mlp_V0-fosls,182.82917181555337,0.15674416006826808,0.13944845981422338,0.16499643511078893
mlp_V0-fosls,183.02883260839576,0.1567746416374813,0.14790890423292807,0.16689852610549993
mlp_V0-fosls,183.22849340123815,0.1573670526386039,0.15324043091880943,0.16877918246367857
mlp_V0-fosls,183.42815419408055,0.15950132364573155,0.15300382088549788,0.1690658819484806
mlp_V0-fosls,183.62781498692297,0.16004648267841903,0.14844833949826527,0.16712129719021812
mlp_V0-fosls,183.82747577976536,0.1592201784976689,0.1379574551657929,0.16515381772779256
mlp_V0-fosls,184.02713657260776,0.15860391188304546,0.14563243911536103,0.1675508806401263
mlp_V0-fosls,184.22679736545018,0.15853676511616038,0.14487645960838028,0.17295941321376215
mlp_V0-fosls,184.42645815829258,0.15778535611925545,0.14985292539320436,0.1772440118846892
mlp_V0-fosls,184.62611895113497,0.1590843178041,0.1522747617275699,0.1699816275762729
mlp_V0-fosls,184.8257797439774,0.16055054532120086,0.15288745149806202,0.17075024410701473
mlp_V0-fosls,185.0254405368198,0.15989826819462996,0.1568926133082659,0.17095922259720747
mlp_V0-fosls,185.22510132966218,0.1594925437029588,0.15544992658581083,0.16977154127977073
mlp_V0-fosls,185.4247621225046,0.15846350175336715,0.15265599284567516,0.16857549248326756
mlp_V0-fosls,185.624422915347,0.15688028469570883,0.14902691104254598,0.16748716025222665
mlp_V0-fosls,185.8240837081894,0.15707910261275176,0.145873854027485,0.16647742513613675
mlp_V0-fosls,186.02374450103179,0.15782323962074934,0.14395775144268452,0.1675894902077527
mlp_V0-fosls,186.2234052938742,0.15637636921790704,0.1437199764527632,0.16971487044809708
mlp_V0-fosls,186.4230660867166,0.1559090930763703,0.1469369062535823,0.17163854256161515
mlp_V0-fosls,186.622726879559,0.15555367139289947,0.14314764616631986,0.1698140684155283
mlp_V0-fosls,186.82238767240142,0.15498223711137998,0.14919102657585429,0.17116443817075805
mlp_V0-fosls,187.0220484652438,0.15520827263631265,0.14495185385753656,0.17046355581073316
mlp_V0-fosls,187.2217092580862,0.15643561403223002,0.13625393860881585,0.16847617522144848
mlp_V0-fosls,187.42137005092863,0.1586356623857683,0.13209601719692687,0.16778585508041
mlp_V0-fosls,187.62103084377102,0.15797451313305763,0.1389265419203495,0.17772578135820685
mlp_V0-fosls,187.82069163661342,0.1608998934313864,0.14543661966850868,0.1698115386381451
mlp_V0-fosls,188.02035242945584,0.1596857847128906,0.14534284210116138,0.17176643505455413
mlp_V0-fosls,188.22001322229823,0.15832915300080563,0.14481897259151613,0.17069748691451167
mlp_V0-fosls,188.41967401514063,0.1605076598027979,0.1442932011387975,0.168601814856237
mlp_V0-fosls,188.61933480798305,0.15997756263303686,0.1436637652433525,0.1674690011015332
mlp_V0-fosls,188.81899560082545,0.15543792497879716,0.14285564142408144,0.16840432341723985
mlp_V0-fosls,189.01865639366784,0.15710866883415364,0.1420429200258653,0.1716278270368975
mlp_V0-fosls,189.21831718651023,0.15734289328829898,0.1444105331320583,0.17479189306485604
mlp_V0-fosls,189.41797797935266,0.15955948132430384,0.14532174537314335,0.1767278445082473
mlp_V0-fosls,189.61763877219505,0.16424009547593502,0.14518270593707214,0.1784948891200303
mlp_V0-fosls,189.81729956503744,0.16634684213819012,0.14564620521354768,0.17873534057207557
mlp_V0-fosls,190.01696035787987,0.16345525527157295,0.14610823413826937,0.17339059028287876
mlp_V0-fosls,190.21662115072226,0.15967697316727486,0.14490130604672571,0.17329353741082676
mlp_V0-fosls,190.41628194356466,0.159571808812353,0.1484178937615423,0.1658256959163595
mlp_V0-fosls,190.61594273640708,0.16013186856098516,0.1494491945432628,0.16486078106681154
mlp_V0-fosls,190.81560352924947,0.15811222734513497,0.14501783829036746,0.16771820471353685
mlp_V0-fosls,191.01526432209187,0.15979984882242676,0.14044673401397534,0.16955455840387648
mlp_V0-fosls,191.2149251149343,0.16161965266258244,0.14030751145263784,0.17105960422761304
mlp_V0-fosls,191.41458590777668,0.16134975225784118,0.1492470478900155,0.17837689204566745
mlp_V0-fosls,191.61424670061908,0.16064736510481425,0.15706500320972439,0.17461630225918137
mlp_V0-fosls,191.8139074934615,0.15722253459354502,0.15437000582732308,0.17008902752604027
mlp_V0-fosls,192.0135682863039,0.15702150209106538,0.14979210133372162,0.1688120541239963
mlp_V0-fosls,192.2132290791463,0.15777166336880644,0.14253097169630538,0.16719373322962505
mlp_V0-fosls,192.41288987198868,0.15918577009252244,0.14065492952869105,0.16719293231955076
mlp_V0-fosls,192.6125506648311,0.16046689130837,0.13937796828908436,0.17098830566354134
mlp_V0-fosls,192.8122114576735,0.15941344776607436,0.1390053285854146,0.17054301304276462
mlp_V0-fosls,193.0118722505159,0.1579523215856501,0.14399971189648816,0.17009655470267626
mlp_V0-fosls,193.21153304335832,0.15727962913979626,0.14851225037655574,0.16760137591234275
mlp_V0-fosls,193.4111938362007,0.1573845945313404,0.15103964907160272,0.1643228531606603
mlp_V0-fosls,193.6108546290431,0.15535007195080497,0.15160542762344076,0.16350870172744622
mlp_V0-fosls,193.81051542188553,0.15696247887413822,0.1457215769731305,0.164249797193158
mlp_V0-fosls,194.01017621472792,0.157294970487048,0.14740945373661457,0.1681983639564445
mlp_V0-fosls,194.20983700757031,0.15728645488063267,0.15195571058257687,0.16808842312607095
mlp_V0-fosls,194.40949780041274,0.1563678517966376,0.1518198590114982,0.1688124534494495
mlp_V0-fosls,194.60915859325513,0.15542737720246264,0.15029368909799434,0.17214310796558036
mlp_V0-fosls,194.80881938609753,0.1575306058389662,0.14490171849948885,0.17263115887654468
mlp_V0-fosls,195.00848017893992,0.15804145362996663,0.14874646819837384,0.1725276355112946
mlp_V0-fosls,195.20814097178234,0.158352234460809,0.1505619143878743,0.17151407099239016
mlp_V0-fosls,195.40780176462474,0.15782491226329265,0.14956337842283562,0.16729738663070784
mlp_V0-fosls,195.60746255746713,0.15614049549825,0.1480733185964491,0.17133413004687406
mlp_V0-fosls,195.80712335030955,0.1545432328203269,0.1469850719425891,0.17118005219293425
mlp_V0-fosls,196.00678414315195,0.15628788425215326,0.13824826825423292,0.16330131360006722
mlp_V0-fosls,196.20644493599434,0.1560321700800975,0.14672845476487284,0.1606819470843409
mlp_V0-fosls,196.40610572883676,0.15694026046847304,0.14884163966903122,0.16151079669648852
mlp_V0-fosls,196.60576652167916,0.1578170362380371,0.14742351272429396,0.16403057619621295
mlp_V0-fosls,196.80542731452155,0.15822703564266624,0.14874725979446735,0.1628083285664641
mlp_V0-fosls,197.00508810736397,0.15835126891913323,0.15080224699115902,0.16562844713511785
mlp_V0-fosls,197.20474890020637,0.155882260850212,0.1483911142725789,0.1687226717204522
mlp_V0-fosls,197.40440969304876,0.15539603986075073,0.14234915564905262,0.16969431477154578
mlp_V0-fosls,197.60407048589119,0.15691128625697542,0.13494197293217133,0.16383001566068503
mlp_V0-fosls,197.80373127873358,0.1565820155445084,0.13896731148314348,0.16245582006532117
mlp_V0-fosls,198.00339207157597,0.1572181232516866,0.14592223362905365,0.1682178201219834
mlp_V0-fosls,198.20305286441837,0.15935660522490153,0.14127013897060128,0.1687960526837726
mlp_V0-fosls,198.4027136572608,0.15812132678171933,0.1445347677313469,0.1694949632854454
mlp_V0-fosls,198.60237445010318,0.15838595283725615,0.1503954501425149,0.16830741568435317
mlp_V0-fosls,198.80203524294558,0.1592675497403589,0.15409621042786012,0.16809696674864547
mlp_V0-fosls,199.001696035788,0.16272027817820767,0.15415131839271,0.16915071910175541
mlp_V0-fosls,199.2013568286304,0.16052013170550622,0.1543654394579818,0.16725518702494077
mlp_V0-fosls,199.4010176214728,0.1571437529280731,0.15262095254821526,0.166143259244314
mlp_V0-fosls,199.6006784143152,0.1541378235691932,0.14837913867366118,0.16644800851298505
mlp_V0-fosls,199.8003392071576,0.15360915753361998,0.14401243845706785,0.16541319117602318
mlp_V0-fosls,200.0,0.15474528142144894,0.14576367785195626,0.16437185918560523
