plot-name,time,median,low,high
kan_V0-fosls,1.303076982498169,0.420729758239006,0.41966939033526374,0.42102215358183515
kan_V0-fosls,1.501972801334507,0.4129826285452493,0.4118753888636461,0.41337112628971745
kan_V0-fosls,1.7008686201708452,0.4049509581161392,0.40389905834301076,0.4055669382340367
kan_V0-fosls,1.8997644390071835,0.3967455548593892,0.39576200260909583,0.3976096008989627
kan_V0-fosls,2.0986602578435214,0.3883885817296159,0.3874540954590016,0.38948972780489843
kan_V0-fosls,2.29755607667986,0.3798789848762979,0.37896410049864127,0.3811969325742736
kan_V0-fosls,2.496451895516198,0.37117434701433294,0.3702794928773877,0.37271967313590615
kan_V0-fosls,2.695347714352536,0.3636042574444569,0.36279075670988675,0.36528541747414095
kan_V0-fosls,2.8942435331888743,0.3577147030078246,0.3570015377444437,0.3594624674950109
kan_V0-fosls,3.0931393520252124,0.35174273696215286,0.3511168790440908,0.35354362511003656
kan_V0-fosls,3.2920351708615505,0.3457375325863775,0.3451318987683229,0.347523990789543
kan_V0-fosls,3.4909309896978886,0.3396739421077659,0.3390412841309936,0.3413982329957709
kan_V0-fosls,3.689826808534227,0.33336382621807126,0.3328392361831134,0.33516053289577363
kan_V0-fosls,3.8887226273705653,0.3269319076256259,0.32651940515185857,0.32880451963031665
kan_V0-fosls,4.087618446206903,0.32283018131676533,0.32248951276275745,0.32462028670312093
kan_V0-fosls,4.286514265043241,0.319092083812879,0.31873502254053826,0.32081286215529103
kan_V0-fosls,4.48541008387958,0.3153096730657059,0.3149228015999641,0.31695970486691694
kan_V0-fosls,4.684305902715918,0.3114813347518933,0.31106386376630657,0.313059126195638
kan_V0-fosls,4.883201721552256,0.30760535408472456,0.307156448271685,0.30910933094850074
kan_V0-fosls,5.0820975403885935,0.30367990683701745,0.30319868088190827,0.3051084077249972
kan_V0-fosls,5.280993359224932,0.3001930090720148,0.29969633748225594,0.30153993726999273
kan_V0-fosls,5.479889178061271,0.2978791364991592,0.2973838236039649,0.2992121125812842
kan_V0-fosls,5.678784996897608,0.29554714684655403,0.2950531856841237,0.29686603521103433
kan_V0-fosls,5.877680815733947,0.2931966077222652,0.2927039907882806,0.2945012689420591
kan_V0-fosls,6.076576634570285,0.29082706925408786,0.2903357884664267,0.29211735990017257
kan_V0-fosls,6.275472453406623,0.28844134851295966,0.28794810974454677,0.28971383553708807
kan_V0-fosls,6.474368272242962,0.28603489359677287,0.2855404660402679,0.28729020353672846
kan_V0-fosls,6.673264091079299,0.28406228567003045,0.2835459981091115,0.28533712010723045
kan_V0-fosls,6.872159909915638,0.2822357318664589,0.2817011440708282,0.2835752599775873
kan_V0-fosls,7.0710557287519755,0.28039467239551563,0.2798441282177183,0.2818023847159999
kan_V0-fosls,7.269951547588314,0.2785414442804201,0.27797470680811237,0.2800182851027636
kan_V0-fosls,7.468847366424652,0.2766758029907575,0.2760926278482953,0.27822274520995005
kan_V0-fosls,7.66774318526099,0.27479749569481515,0.2741976306959974,0.2764155420963679
kan_V0-fosls,7.866639004097329,0.2729670402794453,0.27235349370376843,0.27464627200505337
kan_V0-fosls,8.065534822933667,0.2714535813393273,0.27082207126077174,0.27317550069679786
kan_V0-fosls,8.264430641770005,0.2699356454819597,0.26928193966788866,0.27169827755814674
kan_V0-fosls,8.463326460606343,0.2684114788050929,0.26773294862722136,0.2702386187648951
kan_V0-fosls,8.66222227944268,0.26686303827711194,0.2661749434675478,0.2687710328808758
kan_V0-fosls,8.861118098279018,0.2653055598847524,0.2646077649640656,0.2672953893349965
kan_V0-fosls,9.060013917115358,0.2637388834891547,0.2630312491484692,0.2658115539318069
kan_V0-fosls,9.258909735951695,0.26232086883490746,0.2616141720515845,0.26445186436334556
kan_V0-fosls,9.457805554788035,0.2609937169018127,0.26030350213700426,0.2631668786455494
kan_V0-fosls,9.656701373624372,0.25965977737241186,0.25898619930672506,0.2618755877641773
kan_V0-fosls,9.85559719246071,0.2583189449550207,0.25766216182803414,0.26057789798374176
kan_V0-fosls,10.054493011297048,0.25697111160539343,0.2563312853407664,0.2592737132229516
kan_V0-fosls,10.253388830133387,0.25561907441240267,0.2549934627613083,0.2579629349716919
kan_V0-fosls,10.452284648969725,0.25428299908162993,0.25364044713904366,0.25665947646867515
kan_V0-fosls,10.651180467806062,0.25318686875104723,0.2525171906428755,0.2555829409137288
kan_V0-fosls,10.850076286642402,0.2520859694811272,0.2513889152596961,0.25450185168490774
kan_V0-fosls,11.04897210547874,0.25098023844339046,0.2502555531066653,0.2534161505034415
kan_V0-fosls,11.247867924315077,0.2498703296236462,0.24911703475675706,0.2523257778367464
kan_V0-fosls,11.446763743151415,0.24874896913954903,0.24797328918912948,0.25123067286033224
kan_V0-fosls,11.645659561987754,0.2476122462084211,0.24682424373742534,0.2501307734182091
kan_V0-fosls,11.844555380824092,0.24656681477894513,0.24576924754026325,0.24910421936416402
kan_V0-fosls,12.04345119966043,0.24562627654193364,0.2448324785142435,0.24815350570008396
kan_V0-fosls,12.242347018496767,0.24468212275171114,0.2438921114639582,0.24719913567295024
kan_V0-fosls,12.441242837333107,0.24373431138623503,0.24294810460933444,0.2462410667692652
kan_V0-fosls,12.640138656169444,0.24278279960303936,0.24200041535540476,0.24527925564522937
kan_V0-fosls,12.839034475005782,0.24182754371663212,0.24104900026988027,0.2443136581038601
kan_V0-fosls,13.037930293842122,0.24086849917508524,0.2400938150599241,0.24334422907129294
kan_V0-fosls,13.23682611267846,0.24006556759051217,0.2392830572945142,0.24253007827255998
kan_V0-fosls,13.435721931514797,0.23927428789937202,0.2384880144509223,0.24172476260465403
kan_V0-fosls,13.634617750351135,0.23848038250168863,0.23769031230842558,0.24091675501230425
kan_V0-fosls,13.833513569187474,0.23768382508147778,0.23688992400228936,0.24010602831882608
kan_V0-fosls,14.032409388023812,0.23688458888016875,0.2360868222123886,0.23929255488715728
kan_V0-fosls,14.23130520686015,0.236082646686112,0.2352809791523266,0.23847630660886515
kan_V0-fosls,14.430201025696489,0.23532606298477832,0.23451909110026808,0.23770328888930128
kan_V0-fosls,14.629096844532826,0.23465412660714888,0.2338504273406502,0.23700674265649208
kan_V0-fosls,14.827992663369164,0.23396839460589086,0.2331768532636733,0.23630814328010513
kan_V0-fosls,15.026888482205502,0.23327883784629275,0.23249997978561374,0.23560747249682198
kan_V0-fosls,15.225784301041841,0.23258723672569004,0.23182112997454082,0.23490471177094502
kan_V0-fosls,15.424680119878179,0.23189934575732302,0.23114028641722137,0.23419984228867616
kan_V0-fosls,15.623575938714517,0.23121498570627386,0.23045743144320013,0.23349284495224004
kan_V0-fosls,15.822471757550856,0.23059373143170442,0.22986044423170626,0.23287823412220388
kan_V0-fosls,16.021367576387192,0.2299938380250755,0.22928763384259138,0.2322848786958963
kan_V0-fosls,16.220263395223533,0.22939237452303923,0.2287046904592857,0.23169000369817108
kan_V0-fosls,16.419159214059867,0.22878932852218162,0.2281181279606181,0.2310935973941074
kan_V0-fosls,16.61805503289621,0.22818468745477868,0.22753005333457854,0.2304956478969637
kan_V0-fosls,16.816950851732546,0.22757843858573074,0.22694045482596398,0.22989614316541357
kan_V0-fosls,17.015846670568884,0.22698490523676607,0.22636851180711848,0.22931946851122834
kan_V0-fosls,17.21474248940522,0.22646615536495301,0.2258679180680622,0.22881776594070896
kan_V0-fosls,17.41363830824156,0.22595041997326665,0.225366212390039,0.22831496092442538
kan_V0-fosls,17.6125341270779,0.22543874328523353,0.2248564917868239,0.22781104616270628
kan_V0-fosls,17.811429945914238,0.22492589643258584,0.22433460306326083,0.22730601427496705
kan_V0-fosls,18.010325764750576,0.22441187130772933,0.2238114973910491,0.22679985779844822
kan_V0-fosls,18.209221583586913,0.2238966597085248,0.22328716621717506,0.22629256918692922
kan_V0-fosls,18.40811740242325,0.22340984633225944,0.22282133833707352,0.2258328723758617
kan_V0-fosls,18.60701322125959,0.22294025564504205,0.22238771935614982,0.22539527996785175
kan_V0-fosls,18.805909040095926,0.2224696737256472,0.22195325323710563,0.22495683634430919
kan_V0-fosls,19.004804858932268,0.22199809427032213,0.2215179349954306,0.22451753651840725
kan_V0-fosls,19.203700677768605,0.2215255109082135,0.22108175959754095,0.2240773754544362
kan_V0-fosls,19.402596496604943,0.22105946023527262,0.2206352965166245,0.22363634806712973
kan_V0-fosls,19.60149231544128,0.22059852296970145,0.22018806068184704,0.22319755426628848
kan_V0-fosls,19.80038813427762,0.22019012552966416,0.21978775296135217,0.22278093731460458
kan_V0-fosls,19.999283953113956,0.21978096919512197,0.21938671481374616,0.22236353979709614
kan_V0-fosls,20.198179771950294,0.21937350480245552,0.21898494222602521,0.22194535730989223
kan_V0-fosls,20.397075590786635,0.218967376043542,0.21858243114830433,0.22152638540755526
kan_V0-fosls,20.595971409622972,0.21856049244474715,0.21817917749334106,0.22110661960252953
kan_V0-fosls,20.79486722845931,0.2181528497804964,0.2177751771360511,0.22068605536458047
kan_V0-fosls,20.993763047295648,0.21774754544939107,0.21739006090954707,0.22028926143599092
kan_V0-fosls,21.192658866131985,0.2173469430959593,0.21702221717753425,0.21991137417485127
kan_V0-fosls,21.391554684968323,0.2169455967634182,0.2166537489060577,0.2195328364480551
kan_V0-fosls,21.59045050380466,0.21654428530024208,0.21628465290317148,0.2191536448850112
kan_V0-fosls,21.789346322641,0.21614649196441738,0.21591492594964717,0.21877379608591765
kan_V0-fosls,21.98824214147734,0.21574795919881182,0.21554456479864642,0.2183932866214064
kan_V0-fosls,22.187137960313677,0.21536562473790155,0.21517356617538816,0.21801211303218188
kan_V0-fosls,22.386033779150015,0.21503889158331674,0.21481922551613297,0.2176704702829339
kan_V0-fosls,22.584929597986353,0.2147163272496528,0.21446500143940084,0.2173284982955076
kan_V0-fosls,22.78382541682269,0.2143932775882718,0.2141101913348667,0.21698598735763397
kan_V0-fosls,22.982721235659028,0.21406974040182714,0.21375479228429997,0.21664293491308256
kan_V0-fosls,23.181617054495366,0.21374571347634022,0.21339880134516978,0.2162993383853519
kan_V0-fosls,23.380512873331707,0.2134211945810242,0.21304221555036046,0.2159551951774437
kan_V0-fosls,23.579408692168045,0.21310097665583944,0.21270584073388013,0.21562865559436922
kan_V0-fosls,23.778304511004382,0.21279045610880604,0.21240000052387617,0.21532553747761024
kan_V0-fosls,23.97720032984072,0.21247948174195927,0.21209371929120963,0.2150219920533906
kan_V0-fosls,24.176096148677058,0.2121680515596238,0.21178699512249152,0.2147180175094652
kan_V0-fosls,24.374991967513395,0.2118561635514537,0.21147982609045732,0.21441361202074283
kan_V0-fosls,24.573887786349733,0.21154381569228142,0.21117221025382552,0.21410877374915832
kan_V0-fosls,24.772783605186074,0.21123100594196403,0.21085106064148634,0.21380350084354302
kan_V0-fosls,24.971679424022412,0.21093732984422384,0.21054138132856645,0.2134940816499741
kan_V0-fosls,25.17057524285875,0.21064850700105392,0.2102402655333213,0.2131836551170089
kan_V0-fosls,25.369471061695087,0.2103592873148078,0.20993871784714244,0.21287277589802261
kan_V0-fosls,25.568366880531425,0.21006966914398228,0.20963673640629568,0.21256144200680363
kan_V0-fosls,25.767262699367762,0.20977965083571812,0.20933431933360405,0.21224965144257296
kan_V0-fosls,25.9661585182041,0.20948923072568937,0.20903146473831144,0.2119374021898346
kan_V0-fosls,26.16505433704044,0.20920346751419822,0.20873367880505211,0.21163361786665516
kan_V0-fosls,26.36395015587678,0.20893999620062315,0.20845270776872718,0.21134963678078478
kan_V0-fosls,26.562845974713117,0.2086761922287747,0.2081713575032312,0.21106527360845007
kan_V0-fosls,26.761741793549454,0.20841205433540688,0.20788962646885922,0.21078052680323703
kan_V0-fosls,26.960637612385792,0.20814758124925822,0.2076075131154591,0.21049539480827215
kan_V0-fosls,27.15953343122213,0.2078827716909803,0.20732501588233207,0.21020987605612299
kan_V0-fosls,27.358429250058467,0.20761762437306552,0.2070421331981318,0.20992396896869786
kan_V0-fosls,27.55732506889481,0.207359266063328,0.20676465226291352,0.20966821179937795
kan_V0-fosls,27.756220887731146,0.20710434112164416,0.20648946715777658,0.2094227356478564
kan_V0-fosls,27.955116706567484,0.20684910184972874,0.2062139148282711,0.20917697142208336
kan_V0-fosls,28.15401252540382,0.20659354708138963,0.20593799380031938,0.20893091810547862
kan_V0-fosls,28.35290834424016,0.2063376756432021,0.20566170258995556,0.2086845746754689
kan_V0-fosls,28.551804163076497,0.2060814863544459,0.20538503970323221,0.2084379401034382
kan_V0-fosls,28.750699981912835,0.2058255216285435,0.2051132504785876,0.20819183978722614
kan_V0-fosls,28.949595800749176,0.20559740062426546,0.20487792591243464,0.20794921426290736
kan_V0-fosls,29.148491619585513,0.20536911275310593,0.20464233073943983,0.20770630532348092
kan_V0-fosls,29.34738743842185,0.2051405698098584,0.20440646402391366,0.207463111973434
kan_V0-fosls,29.54628325725819,0.20491177093417928,0.2041703248247618,0.20721963321141204
kan_V0-fosls,29.745179076094526,0.20468271526085868,0.20393391219544135,0.2069758680301708
kan_V0-fosls,29.944074894930864,0.20445340191978129,0.20369722518391656,0.20673181541652752
kan_V0-fosls,30.142970713767202,0.2042240823393588,0.2034637721879049,0.2064983554590297
kan_V0-fosls,30.341866532603543,0.20399091504245137,0.20323275687838688,0.20627148722919755
kan_V0-fosls,30.54076235143988,0.20375748003114508,0.20300147867404159,0.20604436920286426
kan_V0-fosls,30.73965817027622,0.20352377637810135,0.2027699366753001,0.20581700055308227
kan_V0-fosls,30.938553989112556,0.20328980315059808,0.20253812997745158,0.20558938044833128
kan_V0-fosls,31.137449807948894,0.20305648436772894,0.20230605767060195,0.2053615080524827
kan_V0-fosls,31.33634562678523,0.20283511309389896,0.20207371883963232,0.20513373886510902
kan_V0-fosls,31.53524144562157,0.20262073258308316,0.2018447137700733,0.20491230954805692
kan_V0-fosls,31.73413726445791,0.20240616538715334,0.2016155027739873,0.20469064069433823
kan_V0-fosls,31.933033083294248,0.2021913700940366,0.20138603089760854,0.20446873152489267
kan_V0-fosls,32.13192890213058,0.20197777011893553,0.20115629724812845,0.20424658125642792
kan_V0-fosls,32.33082472096692,0.20176702945886377,0.20092630092763433,0.20402418910138714
kan_V0-fosls,32.529720539803265,0.20155606835395334,0.20069604103306854,0.20380155426791657
kan_V0-fosls,32.7286163586396,0.2013487675390882,0.2004785312377499,0.203581619466734
kan_V0-fosls,32.92751217747593,0.20115509672727983,0.20027851645272543,0.20336452442726163
kan_V0-fosls,33.126407996312274,0.2009678813170011,0.20007830171651236,0.20314719738739812
kan_V0-fosls,33.325303815148615,0.20078049099253786,0.19987788642824625,0.20292963760176255
kan_V0-fosls,33.52419963398495,0.200592925261733,0.1996772699840471,0.20271184432097422
kan_V0-fosls,33.72309545282129,0.20040518363011253,0.19947645177699846,0.20249381679162226
kan_V0-fosls,33.92199127165763,0.20021726560087025,0.1992754311971256,0.20227555425623553
kan_V0-fosls,34.120887090493966,0.2000268269935996,0.1990824149384329,0.20207634445282863
kan_V0-fosls,34.31978290933031,0.1998358106881363,0.19889064611224908,0.20187847626912417
kan_V0-fosls,34.51867872816664,0.19964461160641528,0.1986986922055035,0.20168041395749967
kan_V0-fosls,34.71757454700298,0.1994532292227108,0.1985065526812829,0.2014821569454564
kan_V0-fosls,34.91647036583932,0.19926166300877168,0.19831422700007298,0.20128370465767623
kan_V0-fosls,35.11536618467566,0.19906991243380434,0.19812171461974074,0.201085056516002
kan_V0-fosls,35.314262003512,0.1988775398805779,0.1979308466040389,0.20089393126574231
kan_V0-fosls,35.51315782234833,0.19868393262287457,0.19774448309727846,0.2007161818839741
kan_V0-fosls,35.712053641184674,0.19849013648829877,0.19755794378720415,0.2005382749520808
kan_V0-fosls,35.91094946002101,0.1982961509228879,0.19737122817535077,0.20036021005037935
kan_V0-fosls,36.10984527885735,0.1981019753699656,0.19718433576089314,0.20018198675732018
kan_V0-fosls,36.308741097693684,0.19790760927012324,0.1969972660406304,0.20000360464947547
kan_V0-fosls,36.507636916530025,0.197713052061201,0.19681001850897015,0.1998250633015275
kan_V0-fosls,36.706532735366366,0.19754017703192908,0.19662447408441347,0.19964395561367798
kan_V0-fosls,36.9054285542027,0.19737522521679096,0.19643952186906308,0.19946208709367413
kan_V0-fosls,37.10432437303904,0.1972101353054993,0.19625439535286854,0.19928005259546844
kan_V0-fosls,37.303220191875376,0.197044906950316,0.19606909404211043,0.19909785166380098
kan_V0-fosls,37.50211601071172,0.1968795398020398,0.1958836174407341,0.19891548384132676
kan_V0-fosls,37.70101182954805,0.19671403350999755,0.1956979650503341,0.19873294866860242
kan_V0-fosls,37.89990764838439,0.19654763220246424,0.1955135273936791,0.19855164012035456
kan_V0-fosls,38.09880346722073,0.19637724404415363,0.19533780765504397,0.19837468353911417
kan_V0-fosls,38.29769928605707,0.19620670784382493,0.19516192970207843,0.19819756896593005
kan_V0-fosls,38.49659510489341,0.19603602321473015,0.19498589310665285,0.1980202959768657
kan_V0-fosls,38.69549092372974,0.19586518976843378,0.19480969743870322,0.1978428641460854
kan_V0-fosls,38.894386742566084,0.19569420711480215,0.19463334226621898,0.19766527304584208
kan_V0-fosls,39.09328256140242,0.19552307486199316,0.19445682715523052,0.1974875222464655
kan_V0-fosls,39.29217838023876,0.1953586156806818,0.1942948173235137,0.19731514617697166
kan_V0-fosls,39.4910741990751,0.1951985559401609,0.1941438975799012,0.1971455775616882
kan_V0-fosls,39.689970017911435,0.1950383645850679,0.19399286042597746,0.19697586297164318
kan_V0-fosls,39.888865836747776,0.19487804128955122,0.19384170558729194,0.19680600202919493
kan_V0-fosls,40.08776165558411,0.1947175857264099,0.19369043278832326,0.19663599435507073
kan_V0-fosls,40.28665747442045,0.19455699756708567,0.19353904175247322,0.19646583956835686
kan_V0-fosls,40.485553293256785,0.19439662374239575,0.19338753220206098,0.19629650922806632
kan_V0-fosls,40.68444911209313,0.19424627373631775,0.19321499698692204,0.19613801745738701
kan_V0-fosls,40.88334493092946,0.19409580683597405,0.19304218829002132,0.195979397511841
kan_V0-fosls,41.0822407497658,0.19394522276728945,0.19286922475849738,0.19582064907995306
kan_V0-fosls,41.28113656860214,0.19379452125511204,0.1926961059754128,0.19566177184898445
kan_V0-fosls,41.48003238743848,0.1936437020232074,0.1925228315219555,0.19550276550492574
kan_V0-fosls,41.67892820627482,0.1934927647942527,0.19234940097742703,0.1953436297324894
kan_V0-fosls,41.87782402511115,0.1933448044171872,0.19218909053777783,0.19518727593390042
kan_V0-fosls,42.076719843947494,0.19320019371306515,0.192046617071452,0.1950335180253766
kan_V0-fosls,42.27561566278383,0.19305547453095748,0.1919040378299521,0.1948796388035785
kan_V0-fosls,42.47451148162017,0.19291064662602642,0.19176135257733884,0.19472563798090775
kan_V0-fosls,42.67340730045651,0.1927657097525105,0.1916185610767945,0.1945715152686278
kan_V0-fosls,42.872303119292845,0.19262066366371966,0.1914756630906184,0.19441727037685766
kan_V0-fosls,43.071198938129186,0.19247550811203024,0.19132428164996612,0.19426290301456553
kan_V0-fosls,43.27009475696552,0.19233080271325825,0.1911866752137523,0.19411308410379305
kan_V0-fosls,43.46899057580186,0.19218604919275714,0.19104182714593315,0.1939634065360871
kan_V0-fosls,43.667886394638195,0.19204118645749046,0.1908960728596154,0.19381361337604888
kan_V0-fosls,43.866782213474536,0.1918962142596427,0.19075020720091126,0.19366370435545666
kan_V0-fosls,44.06567803231088,0.19175113235045887,0.19060422991412748,0.1935136792050497
kan_V0-fosls,44.26457385114721,0.19160594048023943,0.19045814074259088,0.19336353765452277
kan_V0-fosls,44.46346966998355,0.1914654308847697,0.19031693468917185,0.19322100367418338
kan_V0-fosls,44.66236548881989,0.19133411261384092,0.19018745527188607,0.19309075449640928
kan_V0-fosls,44.86126130765623,0.19120270413191454,0.19005788764507728,0.1929604173998554
kan_V0-fosls,45.06015712649256,0.1910712052527751,0.18992823162821787,0.19282999220624428
kan_V0-fosls,45.259052945328904,0.19093961578956542,0.18978636810896007,0.19269947873669518
kan_V0-fosls,45.457948764165245,0.1908079355547835,0.18964321735051895,0.19256887681172116
kan_V0-fosls,45.65684458300158,0.19067616436027954,0.1894999584541449,0.19243818625122627
kan_V0-fosls,45.85574040183792,0.1905442826376787,0.1893624150982853,0.1922998466685828
kan_V0-fosls,46.054636220674254,0.19041233220579273,0.18922562507169793,0.1921597659370747
kan_V0-fosls,46.253532039510596,0.19028029000246643,0.18908873608889104,0.192019583014916
kan_V0-fosls,46.45242785834693,0.19014815583538974,0.18895174793479358,0.19187929767813172
kan_V0-fosls,46.65132367718327,0.1900159295115779,0.18881466039355432,0.19173890970192767
kan_V0-fosls,46.85021949601961,0.18988361083736843,0.18867747324853792,0.19159841886068593
kan_V0-fosls,47.049115314855946,0.1897538096812983,0.18854340289636273,0.19146131278378717
kan_V0-fosls,47.24801113369229,0.18963373835168978,0.1884162978038727,0.19133418045155512
kan_V0-fosls,47.44690695252862,0.1895135901627681,0.18828910690875122,0.1912069635898372
kan_V0-fosls,47.64580277136496,0.18939336496526535,0.18816183003699938,0.19107966202979948
kan_V0-fosls,47.8446985902013,0.18927306260942525,0.18803446701402945,0.19095227560204528
kan_V0-fosls,48.04359440903764,0.18915268294500082,0.18790701766466208,0.1908248041366125
kan_V0-fosls,48.24249022787398,0.18903222582125218,0.18777948181312334,0.19069724746297098
kan_V0-fosls,48.44138604671031,0.18891769968579725,0.18765676531107695,0.1905672721905995
kan_V0-fosls,48.640281865546655,0.18880651054702974,0.18753559074609508,0.19043611210151898
kan_V0-fosls,48.83917768438299,0.18869525508826354,0.1874143378345347,0.19030486161556298
kan_V0-fosls,49.03807350321933,0.18858393318928074,0.18729300642423186,0.1901735205455661
kan_V0-fosls,49.236969322055664,0.18847254472949573,0.1871715963625293,0.19004208870371617
kan_V0-fosls,49.435865140892005,0.18836108958795358,0.1870501074962745,0.18991056590155114
kan_V0-fosls,49.63476095972835,0.18824879010458834,0.186931072147525,0.18978161140170538
kan_V0-fosls,49.83365677856468,0.18812687356558289,0.18682260107143164,0.18967277566975155
kan_V0-fosls,50.03255259740102,0.18800487780536956,0.18671406697934517,0.1895638774511322
kan_V0-fosls,50.231448416237356,0.18788280266899932,0.1866054697613109,0.18945491663809585
kan_V0-fosls,50.4303442350737,0.18776064800101638,0.18649680930705387,0.1893458931225809
kan_V0-fosls,50.62924005391003,0.18763841364545586,0.18638808550597788,0.1892368067962145
kan_V0-fosls,50.82813587274637,0.18751609944584133,0.18627929824716385,0.18912765755031122
kan_V0-fosls,51.027031691582714,0.18739903308944914,0.186158800380311,0.1890110486876268
kan_V0-fosls,51.22592751041905,0.18728699962896447,0.18603131570061301,0.18888846514290716
kan_V0-fosls,51.42482332925539,0.1871748990681774,0.18590374359750217,0.18876580199307838
kan_V0-fosls,51.62371914809172,0.18706273128630108,0.1857760838908779,0.18864305908285336
kan_V0-fosls,51.822614966928064,0.1869504961621855,0.1856483364000205,0.18852023625643938
kan_V0-fosls,52.0215107857644,0.1868381935743162,0.18552050094358807,0.188397333357536
kan_V0-fosls,52.22040660460074,0.18672582340081245,0.18539424477925048,0.18827435022933256
kan_V0-fosls,52.41930242343708,0.1866093724606725,0.1852904676465208,0.18816788740853518
kan_V0-fosls,52.618198242273415,0.18649261678700035,0.18518663235791097,0.18806166429939336
kan_V0-fosls,52.817094061109756,0.18637578736441882,0.18508273881554108,0.1879553811582001
kan_V0-fosls,53.01598987994609,0.18625888405186453,0.18497878692125622,0.18784903788305873
kan_V0-fosls,53.21488569878243,0.18614190670782021,0.1848747765766256,0.18774263437178404
kan_V0-fosls,53.413781517618766,0.1860248551903129,0.18477070768294132,0.18763617052190107
kan_V0-fosls,53.61267733645511,0.1859130787046208,0.18466811538974556,0.18753050417680417
kan_V0-fosls,53.81157315529145,0.1858100359751214,0.18456694657237316,0.18742596379947335
kan_V0-fosls,54.01046897412778,0.18570693595154553,0.18446572226974342,0.18732136508021882
kan_V0-fosls,54.209364792964124,0.18560377853801796,0.18436444239046473,0.187216707921253
kan_V0-fosls,54.40826061180046,0.18550056363839526,0.18426310684289424,0.18711199222451483
kan_V0-fosls,54.6071564306368,0.18539729115626477,0.184161715535137,0.1870072178916686
kan_V0-fosls,54.80605224947313,0.1852939609949434,0.18406026837504502,0.18690238482410318
kan_V0-fosls,55.004948068309474,0.18519763360248248,0.1839545453096932,0.18679243854214342
kan_V0-fosls,55.203843887145815,0.18510280250066954,0.1838485392290242,0.186681585391578
kan_V0-fosls,55.40273970598215,0.185007922492636,0.18374247199054475,0.18657066637632408
kan_V0-fosls,55.60163552481849,0.18491299350218143,0.18363634348828173,0.18645968137883917
kan_V0-fosls,55.800531343654825,0.18481801545290613,0.18353015361595562,0.18634863028123075
kan_V0-fosls,55.999427162491166,0.18472083177783122,0.1834239022669792,0.18623751296525476
kan_V0-fosls,56.1983229813275,0.1846201542922937,0.18332022381652818,0.18613047027034627
kan_V0-fosls,56.39721880016384,0.18451756808062153,0.18322058673111355,0.18603331811294574
kan_V0-fosls,56.59611461900018,0.1844149246350008,0.18312089543262125,0.1859361151932692
kan_V0-fosls,56.79501043783652,0.18431222385925072,0.18302114983246204,0.1858388614316631
kan_V0-fosls,56.99390625667286,0.18420946565692015,0.18292134984180503,0.18574155674826534
kan_V0-fosls,57.19280207550919,0.18410664993128634,0.18282149537157696,0.18564420106300464
kan_V0-fosls,57.39169789434553,0.18400377658535405,0.18272158633246113,0.18554679429559945
kan_V0-fosls,57.59059371318187,0.18390531264875684,0.18261990477200254,0.18544827626480465
kan_V0-fosls,57.78948953201821,0.1838083293278756,0.182517820408067,0.18534931573266897
kan_V0-fosls,57.98838535085455,0.18371129480308057,0.182415678915184,0.18525030233592038
kan_V0-fosls,58.187281169690884,0.18361420899317565,0.1823134801973338,0.18515123598974761
kan_V0-fosls,58.386176988527225,0.18351707181675014,0.18221122415822724,0.18505211660911233
kan_V0-fosls,58.58507280736356,0.18341988319217756,0.18210891070130492,0.1849529441087484
kan_V0-fosls,58.7839686261999,0.18332252506642083,0.1820087579849875,0.18485565394971795
kan_V0-fosls,58.982864445036235,0.18322490430722563,0.18191449833977388,0.18476834540848752
kan_V0-fosls,59.181760263872576,0.18312723149857002,0.18182018982826254,0.18468099559186493
kan_V0-fosls,59.38065608270892,0.18302950655709363,0.18172583237437454,0.18459360444125553
kan_V0-fosls,59.57955190154525,0.18293172939921318,0.18163142590183315,0.18450617189792592
kan_V0-fosls,59.77844772038159,0.18283389994112184,0.18153697033416347,0.18441869790300353
kan_V0-fosls,59.97734353921793,0.1827360180987883,0.18144246559469143,0.184331182397476
kan_V0-fosls,60.17623935805427,0.18264568682260704,0.18135328243145984,0.18424180187359798
kan_V0-fosls,60.3751351768906,0.18256058604207825,0.1812662180215317,0.18415115485354666
kan_V0-fosls,60.57403099572694,0.18247544550937106,0.1811791117733887,0.1840604631912017
kan_V0-fosls,60.772926814563284,0.18239026516863693,0.18109196362665764,0.18396972682054102
kan_V0-fosls,60.97182263339962,0.18230504496389624,0.1810047735208199,0.18387894567537982
kan_V0-fosls,61.17071845223596,0.18221978483903778,0.18091754139521107,0.18378811968936964
kan_V0-fosls,61.369614271072294,0.18213452486913773,0.18082960608092352,0.18369749543863323
kan_V0-fosls,61.568510089908635,0.18205220541137512,0.18073800658168282,0.18361316986377302
kan_V0-fosls,61.76740590874497,0.18196989464643396,0.18064636063552145,0.18352880554403128
kan_V0-fosls,61.96630172758131,0.18188754660954526,0.18055466817171278,0.18344440242595286
kan_V0-fosls,62.16519754641765,0.1818051612499989,0.1804629291193506,0.18335996045595948
kan_V0-fosls,62.364093365253986,0.18172273851696974,0.18037114340734833,0.1832754795803495
kan_V0-fosls,62.56298918409033,0.18164027835951696,0.18027931096443836,0.18319095974529748
kan_V0-fosls,62.76188500292666,0.18155752568549463,0.18019047549811115,0.18310489247321174
kan_V0-fosls,62.960780821763,0.1814754126764851,0.18010365821111834,0.18301711753470537
kan_V0-fosls,63.159676640599336,0.18139326181856633,0.18001679905447515,0.18292930047916842
kan_V0-fosls,63.35857245943568,0.18131107305844602,0.1799298979675452,0.18284144124591561
kan_V0-fosls,63.55746827827202,0.18122884634270459,0.1798429548895457,0.18275353977411582
kan_V0-fosls,63.75636409710835,0.18114658161779493,0.17975596975954683,0.18266559600279156
kan_V0-fosls,63.955259915944694,0.18106427883004186,0.1796694795193224,0.18257760987081842
kan_V0-fosls,64.15415573478103,0.18097528289864512,0.17959667982928934,0.1824936800221085
kan_V0-fosls,64.35305155361738,0.1808848694151261,0.17952385061786166,0.182410100956616
kan_V0-fosls,64.5519473724537,0.18079441071004834,0.17945099184909613,0.18232648357820638
kan_V0-fosls,64.75084319129004,0.18070390671547928,0.17937810348697636,0.18224282783414297
kan_V0-fosls,64.94973901012638,0.18061335736331607,0.17930518549541297,0.18215913367156805
kan_V0-fosls,65.14863482896271,0.18052276258528493,0.179232237838243,0.18207540103750236
kan_V0-fosls,65.34753064779906,0.18043602978920165,0.17915357273058896,0.18199564383590058
kan_V0-fosls,65.5464264666354,0.18035772270665418,0.1790686796988042,0.1819232916220798
kan_V0-fosls,65.74532228547173,0.18027938160247914,0.17898374640176526,0.18185091062180742
kan_V0-fosls,65.94421810430808,0.18020100643228426,0.17889877278212366,0.1817785008006967
kan_V0-fosls,66.14311392314441,0.1801225971515807,0.1788137587823946,0.18170606212429238
kan_V0-fosls,66.34200974198075,0.18004415371578253,0.1787287043449566,0.1816335945580704
kan_V0-fosls,66.5409055608171,0.17996567608020672,0.17864360941205087,0.1815610980674379
kan_V0-fosls,66.73980137965343,0.17988361452941853,0.17856508845679955,0.1814851668966039
kan_V0-fosls,66.93869719848976,0.17980039677732612,0.17848712025371383,0.18140829038509595
kan_V0-fosls,67.1375930173261,0.1797171404763649,0.1784091179770326,0.18133138128133924
kan_V0-fosls,67.33648883616245,0.17963384557289325,0.17833108158204442,0.18125443954384554
kan_V0-fosls,67.53538465499878,0.1795505120131453,0.17825301102393987,0.18117746513103852
kan_V0-fosls,67.73428047383511,0.17946713974323003,0.17817490625781138,0.18110045800125357
kan_V0-fosls,67.93317629267146,0.17938649853218586,0.17809841862705547,0.18102249408020202
kan_V0-fosls,68.1320721115078,0.17931678465694434,0.17802483194568103,0.18094123099976656
kan_V0-fosls,68.33096793034413,0.179247043659444,0.17795121483462273,0.18085993140661363
kan_V0-fosls,68.52986374918046,0.17917727550799417,0.1778775672560993,0.18077859525148185
kan_V0-fosls,68.72875956801681,0.17910748017084244,0.17780388917225123,0.18069722248499895
kan_V0-fosls,68.92765538685315,0.17903765761617435,0.1777301805451406,0.1806158130576814
kan_V0-fosls,69.12655120568948,0.17896780781211347,0.1776564413367507,0.18053436691993419
kan_V0-fosls,69.32544702452583,0.17889662864698674,0.17758886322962156,0.18045976300090166
kan_V0-fosls,69.52434284336216,0.1788245949705266,0.17752282338834205,0.18038871011282154
kan_V0-fosls,69.7232386621985,0.17875253224120757,0.1774567589705947,0.18031762922685496
kan_V0-fosls,69.92213448103483,0.17868044042381817,0.17739066994892094,0.1802465203098787
kan_V0-fosls,70.12103029987118,0.17860831948307576,0.177324556295811,0.18017538332870414
kan_V0-fosls,70.31992611870751,0.1785361693836262,0.17725841798370398,0.18010421825007725
kan_V0-fosls,70.51882193754385,0.1784634189115272,0.17719215081453768,0.18003301702605468
kan_V0-fosls,70.7177177563802,0.1783888754096577,0.17712552729096567,0.17996171002862058
kan_V0-fosls,70.91661357521653,0.17831430039854657,0.17705887869836798,0.1798903747657082
kan_V0-fosls,71.11550939405286,0.17823969383777255,0.17699220500842447,0.1798190112036783
kan_V0-fosls,71.3144052128892,0.17816505568682703,0.1769255061927616,0.17974761930882482
kan_V0-fosls,71.51330103172555,0.17809038590511372,0.17685878222295234,0.17967619904737478
kan_V0-fosls,71.71219685056188,0.17801568445194843,0.17679203307051608,0.17960475038548804
kan_V0-fosls,71.91109266939822,0.1779459877938211,0.17672189821766235,0.1795368646375076
kan_V0-fosls,72.10998848823456,0.17787997697983143,0.1766501523342402,0.1794720956173209
kan_V0-fosls,72.3088843070709,0.1778139413751057,0.17657837729961934,0.17940730321444226
kan_V0-fosls,72.50778012590723,0.17774788095137734,0.17650657307823747,0.17934248740352876
kan_V0-fosls,72.70667594474357,0.17768179568032538,0.17643473963445985,0.17927764815919167
kan_V0-fosls,72.90557176357991,0.17761568553357454,0.17636287693257927,0.17921278545599634
kan_V0-fosls,73.10446758241625,0.17754955048269472,0.17629172854880953,0.17914789926846203
kan_V0-fosls,73.30336340125258,0.1774790415339147,0.1762259655937249,0.17907313038654846
kan_V0-fosls,73.50225922008893,0.17740865993173027,0.17616017808844955,0.17899803500211967
kan_V0-fosls,73.70115503892526,0.17733825036167844,0.17609436600546827,0.17892290809955647
kan_V0-fosls,73.9000508577616,0.1772678127903498,0.17602852931721433,0.17884774963914024
kan_V0-fosls,74.09894667659793,0.17719734718426827,0.17596266799606938,0.178772559581069
kan_V0-fosls,74.29784249543428,0.17712685350989105,0.17589678201436346,0.17869733788545683
kan_V0-fosls,74.49673831427062,0.17705918995774594,0.17582812088399472,0.17862615111635016
kan_V0-fosls,74.69563413310695,0.17699577652453055,0.17575729285344394,0.17856081213544142
kan_V0-fosls,74.8945299519433,0.17693234033400856,0.1756864362685573,0.1784954492369361
kan_V0-fosls,75.09342577077963,0.17686888136162973,0.1756155510947719,0.17843006239454962
kan_V0-fosls,75.29232158961597,0.17680539958279934,0.175544637297455,0.1783646515819491
kan_V0-fosls,75.4912174084523,0.17674189497287854,0.17547369484190392,0.17829921677275348
kan_V0-fosls,75.69011322728865,0.17667836750718394,0.1754027508697056,0.1782337579405332
kan_V0-fosls,75.88900904612498,0.17661395862267587,0.175339735031657,0.17817215129043348
kan_V0-fosls,76.08790486496132,0.17654983253132817,0.17527669653802633,0.17811123305545393
kan_V0-fosls,76.28680068379767,0.17648568290786326,0.17521363536436038,0.17805029397787392
kan_V0-fosls,76.485696502634,0.17642150972610487,0.17515055148616213,0.17798933403628553
kan_V0-fosls,76.68459232147033,0.17635731295982765,0.17508744487889016,0.17792835320924413
kan_V0-fosls,76.88348814030667,0.17629309258275724,0.17502431551795905,0.1778673514752683
kan_V0-fosls,77.08238395914302,0.17623073967779787,0.17496166011263453,0.1778058672179582
kan_V0-fosls,77.28127977797935,0.17617274389170529,0.174899607383136,0.17774314595868845
kan_V0-fosls,77.48017559681568,0.17611472899384548,0.17483753263009977,0.1776804025587883
kan_V0-fosls,77.67907141565203,0.1760566949652986,0.1747754358300596,0.17761763699479424
kan_V0-fosls,77.87796723448837,0.1759986417871136,0.1747133169595076,0.17755484924320128
kan_V0-fosls,78.0768630533247,0.17594056944030814,0.17465117599489402,0.17749203928046287
kan_V0-fosls,78.27575887216103,0.1758824779058684,0.17458901291262724,0.17742920708299073
kan_V0-fosls,78.47465469099738,0.17582209062348453,0.17453100057341867,0.1773697466928017
kan_V0-fosls,78.67355050983372,0.1757608749001809,0.1744735359663698,0.1773117398775113
kan_V0-fosls,78.87244632867005,0.1756996378167846,0.17441605242654012,0.17725371407931578
kan_V0-fosls,79.07134214750639,0.1756383793508871,0.1743585499352041,0.1771956692795663
kan_V0-fosls,79.27023796634273,0.17557709948004047,0.17430102847360518,0.17713760545958337
kan_V0-fosls,79.46913378517907,0.17551579818175764,0.17424348802295592,0.1770795226006571
kan_V0-fosls,79.6680296040154,0.17545556721334507,0.1741845976433933,0.17702190747731128
kan_V0-fosls,79.86692542285175,0.17540163464191516,0.17412287616214076,0.1769674408316177
kan_V0-fosls,80.06582124168808,0.17534768542370782,0.17406113279466381,0.17691295741713908
kan_V0-fosls,80.26471706052442,0.17529371954324519,0.17399936751766362,0.17685845721837792
kan_V0-fosls,80.46361287936075,0.17523973698502526,0.17393758030779996,0.17680394021981288
kan_V0-fosls,80.6625086981971,0.17518573773352186,0.17387577114169112,0.17674940640589865
kan_V0-fosls,80.86140451703344,0.17513172177318473,0.17381393999591382,0.1766948557610659
kan_V0-fosls,81.06030033586977,0.175073039429816,0.173753777337637,0.17664000705646413
kan_V0-fosls,81.25919615470612,0.17501068201665104,0.17369412318428148,0.17658492923881092
kan_V0-fosls,81.45809197354245,0.17494830237087194,0.1736344485360424,0.17652983423672053
kan_V0-fosls,81.65698779237879,0.1748859004686748,0.17357475337178152,0.1764747220340981
kan_V0-fosls,81.85588361121512,0.1748234762862132,0.1735150376703241,0.1764195926148237
kan_V0-fosls,82.05477943005147,0.17476102979959807,0.1734553014104591,0.17636444596275214
kan_V0-fosls,82.2536752488878,0.17469851737201622,0.17339606388123863,0.1763092798272308
kan_V0-fosls,82.45257106772414,0.17463933278809313,0.1733388751350837,0.1762490193219842
kan_V0-fosls,82.65146688656048,0.174580470083736,0.17328166751473073,0.17618873820629272
kan_V0-fosls,82.85036270539682,0.17452158736775136,0.17322444100148005,0.17612843645899418
kan_V0-fosls,83.04925852423315,0.17446268461955594,0.17316719557660104,0.1760681140588901
kan_V0-fosls,83.24815434306949,0.17440376181853084,0.17310993122133214,0.17600777098474582
kan_V0-fosls,83.44705016190584,0.17434481894402143,0.17305264791688077,0.1759474072152901
kan_V0-fosls,83.64594598074217,0.1742912048432278,0.17300495195037632,0.1758937274850007
kan_V0-fosls,83.8448417995785,0.17424465957333787,0.17296262621201788,0.17584873452162914
kan_V0-fosls,84.04373761841485,0.17419810182974602,0.17292029011357923,0.17580373004333302
kan_V0-fosls,84.24263343725119,0.17415153160238878,0.17287794364744916,0.1757587140412669
kan_V0-fosls,84.44152925608752,0.1741049488811891,0.17283558680600705,0.1757136865065739
kan_V0-fosls,84.64042507492385,0.1740583536560564,0.17279321958162303,0.17566864743038596
kan_V0-fosls,84.8393208937602,0.1740117459168864,0.17274978847332215,0.17562359680382347
kan_V0-fosls,85.03821671259654,0.17395713388689577,0.17269449758758817,0.1755668335402843
kan_V0-fosls,85.23711253143287,0.17390113276965685,0.17263918899392874,0.1755083414048506
kan_V0-fosls,85.43600835026922,0.17384511357531465,0.17258386267531906,0.17544982976908613
kan_V0-fosls,85.63490416910555,0.173789076286316,0.17252851861470708,0.17539129861347458
kan_V0-fosls,85.83379998794189,0.1737330208850792,0.1724731567950134,0.17533274791846706
kan_V0-fosls,86.03269580677822,0.17367694735399403,0.17241777719913115,0.17527417766448206
kan_V0-fosls,86.23159162561457,0.17362066496701306,0.17236504822971738,0.1752173858970036
kan_V0-fosls,86.4304874444509,0.17356313236413712,0.17231474146919265,0.17516460173850146
kan_V0-fosls,86.62938326328724,0.17350558066833077,0.17226442001747375,0.1751118016692084
kan_V0-fosls,86.82827908212359,0.17344800986055692,0.17221408386168222,0.1750589856747277
kan_V0-fosls,87.02717490095992,0.17339041992174697,0.17216373298892082,0.175006153740641
kan_V0-fosls,87.22607071979625,0.1733328108328004,0.17211336738627345,0.174953305852508
kan_V0-fosls,87.42496653863259,0.17327518257458502,0.17206298704080505,0.1749004419958668
kan_V0-fosls,87.62386235746894,0.1732228075474701,0.17201184880846687,0.1748512565903115
kan_V0-fosls,87.82275817630527,0.17317242265876984,0.17196066737349236,0.17480334013609342
kan_V0-fosls,88.0216539951416,0.17312202309499047,0.17190947070061874,0.17475541054358973
kan_V0-fosls,88.22054981397795,0.17307160884329192,0.17185825877622787,0.17470746780198723
kan_V0-fosls,88.41944563281429,0.17302117989081545,0.17180703158668134,0.17465951190045798
kan_V0-fosls,88.61834145165062,0.17297073622468342,0.17175578911832035,0.1746115428281591
kan_V0-fosls,88.81723727048696,0.17291997179935056,0.17170422191973117,0.17456306309375508
kan_V0-fosls,89.0161330893233,0.17286815552640195,0.17165218336128474,0.1745122893128778
kan_V0-fosls,89.21502890815964,0.17281632371687078,0.17160012902189772,0.17446150075523487
kan_V0-fosls,89.41392472699597,0.17276447635677306,0.17154805888720448,0.17441069740791723
kan_V0-fosls,89.61282054583232,0.17271261343210365,0.17149597294281754,0.17435987925799706
kan_V0-fosls,89.81171636466865,0.17266073492883643,0.17144387117432758,0.1743090462925277
kan_V0-fosls,90.01061218350499,0.17260884083292416,0.1713917535673034,0.17425819849854357
kan_V0-fosls,90.20950800234132,0.17255760972054912,0.17134118193388334,0.17420881603262178
kan_V0-fosls,90.40840382117767,0.17250723071371243,0.17129088483837004,0.17416034338441833
kan_V0-fosls,90.607299640014,0.17245683685977153,0.17124057296950213,0.17411185724145598
kan_V0-fosls,90.80619545885034,0.17240642814547863,0.1711902463142542,0.1740633575924577
kan_V0-fosls,91.00509127768669,0.17235600455756628,0.17113990485958164,0.17401484442613063
kan_V0-fosls,91.20398709652302,0.172305566082747,0.17108954859242073,0.17396631773116628
kan_V0-fosls,91.40288291535936,0.17225576051758162,0.17104021359092436,0.17391818384855118
kan_V0-fosls,91.60177873419569,0.17221489925167627,0.17099346492950873,0.1738805852352241
kan_V0-fosls,91.80067455303204,0.17217407162252366,0.17094670348377364,0.1738429784901007
kan_V0-fosls,91.99957037186837,0.17213323430947533,0.17089992924322506,0.17380536360790252
kan_V0-fosls,92.1984661907047,0.1720923873056371,0.17085314219735448,0.17376774058334532
kan_V0-fosls,92.39736200954106,0.17205153060410666,0.17080634233563907,0.17373010941113914
kan_V0-fosls,92.59625782837739,0.17201066419797356,0.17075952964754157,0.17369247008598837
kan_V0-fosls,92.79515364721372,0.17196464692807123,0.1707081336403954,0.17364718835453477
kan_V0-fosls,92.99404946605006,0.1719124558712245,0.17065498598443246,0.17359332517040146
kan_V0-fosls,93.1929452848864,0.1718602488965823,0.17060182177135913,0.1735394452682104
kan_V0-fosls,93.39184110372274,0.17180802598950934,0.1705486409856916,0.17348554863238508
kan_V0-fosls,93.59073692255907,0.1717557871353478,0.17049544361192198,0.1734316352473248
kan_V0-fosls,93.78963274139542,0.17170353231941737,0.17044222963451813,0.17337770509740452
kan_V0-fosls,93.98852856023176,0.17165126152701496,0.1703914333136113,0.17332375816697498
kan_V0-fosls,94.18742437906809,0.1716086188427534,0.17035289001759601,0.17328200033757246
kan_V0-fosls,94.38632019790442,0.17156716759036045,0.17031433799897025,0.17324147450279836
kan_V0-fosls,94.58521601674077,0.17152570631969466,0.17027577725180934,0.1732009391857244
kan_V0-fosls,94.78411183557711,0.17148423502348786,0.17023720777018198,0.17316039437969144
kan_V0-fosls,94.98300765441344,0.171442753694463,0.17019862954815007,0.1731198400780325
kan_V0-fosls,95.18190347324979,0.17140126232533437,0.1701600425797688,0.17307927627407277
kan_V0-fosls,95.38079929208612,0.17135888051867898,0.17011829492244046,0.17303716102736827
kan_V0-fosls,95.57969511092246,0.17131548534938343,0.1700744755067359,0.17299202726632157
kan_V0-fosls,95.77859092975879,0.17127207905848185,0.17003064479811925,0.17294688172676637
kan_V0-fosls,95.97748674859514,0.17122866163732361,0.1699868027878549,0.17290172439947635
kan_V0-fosls,96.17638256743147,0.17118523307724684,0.16994294946719607,0.1728565552752132
kan_V0-fosls,96.37527838626781,0.17114179336957822,0.16989908482738464,0.17281137434472654
kan_V0-fosls,96.57417420510416,0.17109834250563305,0.16985511727994007,0.17276618159875382
kan_V0-fosls,96.77307002394049,0.17105413404635167,0.1698092103317259,0.172726028480338
kan_V0-fosls,96.97196584277683,0.1710092537862253,0.16976329096947448,0.17268742326677433
kan_V0-fosls,97.17086166161316,0.17096436172800036,0.16971735918310946,0.172648809420875
kan_V0-fosls,97.36975748044951,0.17091945786235457,0.16967141496254082,0.17261018693684665
kan_V0-fosls,97.56865329928584,0.17087454217995326,0.16962545829766487,0.17257155580888958
kan_V0-fosls,97.76754911812218,0.17082961467144958,0.1695794891783643,0.17253291603119744
kan_V0-fosls,97.96644493695852,0.17078523162813974,0.1695350191954235,0.17249278571279308
kan_V0-fosls,98.16534075579486,0.17074430273128088,0.16949213968552898,0.17244675232950157
kan_V0-fosls,98.36423657463119,0.17070336393988625,0.16944924932487937,0.17240070665465773
kan_V0-fosls,98.56313239346753,0.17066241524671838,0.16940634810523303,0.17235464867841033
kan_V0-fosls,98.76202821230387,0.170621456644531,0.16936343601833792,0.17230857839089483
kan_V0-fosls,98.96092403114021,0.17058048812606874,0.1693205130559316,0.1722624957822336
kan_V0-fosls,99.15981984997654,0.1705395096840675,0.16927757920974107,0.17221640084253573
kan_V0-fosls,99.35871566881289,0.1704983446984591,0.169235717778101,0.1721755323717108
kan_V0-fosls,99.55761148764923,0.17045670460196818,0.16919393227687266,0.17213770490971197
kan_V0-fosls,99.75650730648556,0.1704150543292874,0.16915213645340957,0.1720998691332568
kan_V0-fosls,99.9554031253219,0.17037339387295125,0.1691103303000583,0.17206202503686038
kan_V0-fosls,100.15429894415824,0.17033172322548495,0.16906851380915586,0.17202417261503167
kan_V0-fosls,100.35319476299458,0.17029004237940476,0.16902668697302992,0.17198631186227367
kan_V0-fosls,100.55209058183091,0.17024794137849442,0.16898537872594843,0.1719483716876549
kan_V0-fosls,100.75098640066726,0.1702014761080553,0.16894497777379602,0.1719094569191136
kan_V0-fosls,100.94988221950359,0.17015499814682036,0.1689045671579802,0.17187053333952634
kan_V0-fosls,101.14877803833993,0.17010850748438355,0.16886414687156315,0.17183160094290545
kan_V0-fosls,101.34767385717626,0.17006200411032463,0.1688237169075988,0.1717926597232564
kan_V0-fosls,101.54656967601261,0.17001548801420913,0.16878327725913272,0.17175370967457798
kan_V0-fosls,101.74546549484894,0.16996895918558824,0.16874282791920217,0.17171475079086213
kan_V0-fosls,101.94436131368528,0.16992751460599376,0.1687045383999127,0.17167323398038856
kan_V0-fosls,102.14325713252163,0.16989086214452176,0.1686667645927512,0.1716292192075525
kan_V0-fosls,102.34215295135796,0.16985420176949995,0.1686289823240521,0.17158519314411422
kan_V0-fosls,102.5410487701943,0.16981753347579748,0.16859119158812658,0.1715411557813805
kan_V0-fosls,102.73994458903063,0.16978085725827793,0.16855339237927944,0.17149710711064697
kan_V0-fosls,102.93884040786698,0.16974417311179937,0.16851558469180902,0.1714530471231981
kan_V0-fosls,103.13773622670331,0.16970750925160455,0.16847717955339836,0.17140897581030715
kan_V0-fosls,103.33663204553964,0.16967070588796623,0.16843694246736501,0.17137175129920848
kan_V0-fosls,103.535527864376,0.1696337161036346,0.1683966957669919,0.171334933059328
kan_V0-fosls,103.73442368321233,0.1695967182193654,0.16835643944538392,0.17129810690585892
kan_V0-fosls,103.93331950204866,0.16955971222981409,0.1683161734956377,0.1712612728336962
kan_V0-fosls,104.132215320885,0.16952269812963022,0.1682758979108417,0.1712244308377294
kan_V0-fosls,104.33111113972134,0.16948567591345748,0.16823561268407594,0.17118758091284259
kan_V0-fosls,104.53000695855768,0.1694489688967837,0.1682005391864339,0.17115086822494427
kan_V0-fosls,104.72890277739401,0.16941291776957584,0.16816788702966495,0.17111438530545664
kan_V0-fosls,104.92779859623036,0.1693768589596354,0.1681352285317899,0.17107789460586748
kan_V0-fosls,105.1266944150667,0.16934079246204256,0.16810256368911297,0.17104139612119731
kan_V0-fosls,105.32559023390303,0.16930471827187224,0.16806989249793475,0.1710048898464613
kan_V0-fosls,105.52448605273936,0.1692686363841941,0.1680372149545523,0.1709683757766693
kan_V0-fosls,105.72338187157571,0.16923254679407246,0.1680034878492388,0.17093185390682578
kan_V0-fosls,105.92227769041205,0.16919722320739722,0.1679623228387542,0.1708945039229671
kan_V0-fosls,106.12117350924838,0.16916253730309133,0.16792114773687813,0.17085696240696363
kan_V0-fosls,106.32006932808473,0.1691278441279346,0.1678799625361854,0.1708194126403441
kan_V0-fosls,106.51896514692106,0.16909314367725808,0.16783876722924168,0.17078185461766632
kan_V0-fosls,106.7178609657574,0.16905843594638764,0.16779756180860356,0.17074428833348212
kan_V0-fosls,106.91675678459373,0.1690237209306442,0.16775634626681843,0.17070671378233737
kan_V0-fosls,107.11565260343008,0.168987911532035,0.16771948453395,0.17066896162017187
kan_V0-fosls,107.31454842226641,0.16894823007227336,0.167685981249345,0.17063070673995168
kan_V0-fosls,107.51344424110275,0.1689085392791765,0.16765247126952076,0.1705924432811814
kan_V0-fosls,107.7123400599391,0.1688688391461478,0.16761895459046178,0.17055417123808725
kan_V0-fosls,107.91123587877543,0.16882912966658278,0.16758543120814853,0.17051589060488906
kan_V0-fosls,108.11013169761176,0.16878941083386922,0.16755190111855753,0.17047760137580006
kan_V0-fosls,108.3090275164481,0.16874968264138712,0.16751836627138383,0.1704393035450271
kan_V0-fosls,108.50792333528445,0.16871164256157767,0.1674853995339448,0.17040352605341091
kan_V0-fosls,108.70681915412078,0.16867406083610226,0.16745242630626986,0.1703689264351717
kan_V0-fosls,108.90571497295711,0.1686364707256609,0.16741944658452418,0.17033431978879185
kan_V0-fosls,109.10461079179346,0.1685988722246323,0.1673864603648693,0.17029970610998676
kan_V0-fosls,109.3035066106298,0.16856126532738885,0.16735346764346284,0.17026508539446755
kan_V0-fosls,109.50240242946613,0.16852365002829664,0.16732046841645878,0.17023045763794087
kan_V0-fosls,109.70129824830246,0.16848588711605034,0.16728618676526932,0.17019583016819614
kan_V0-fosls,109.90019406713881,0.16844787123050262,0.1672503031116801,0.170161251108287
kan_V0-fosls,110.09908988597515,0.1684098467634642,0.16721441175757895,0.17012666502001836
kan_V0-fosls,110.29798570481148,0.1683718137091211,0.1671785126980063,0.17009207189910286
kan_V0-fosls,110.49688152364783,0.16833377206165268,0.16714260592799715,0.17005747174124872
kan_V0-fosls,110.69577734248416,0.1682957218152317,0.16710669144258122,0.17002286454215987
kan_V0-fosls,110.8946731613205,0.16825766296402445,0.16707076923678285,0.1699882502975358
kan_V0-fosls,111.09356898015683,0.1682250308435691,0.16703340034543906,0.16995411114844727
kan_V0-fosls,111.29246479899318,0.16819671320701807,0.16699583567268572,0.16992035252829457
kan_V0-fosls,111.49136061782951,0.16816839076953982,0.16695826254809187,0.1698865871998759
kan_V0-fosls,111.69025643666585,0.16814006352867542,0.16692068096595014,0.16985281515919062
kan_V0-fosls,111.8891522555022,0.16811173148196368,0.16688309092054665,0.1698190364022341
kan_V0-fosls,112.08804807433853,0.1680833946269414,0.16684549240616112,0.16978525092499774
kan_V0-fosls,112.28694389317486,0.16805510336893453,0.1668099974475931,0.16975145872346897
kan_V0-fosls,112.4858397120112,0.16802246762433326,0.1667789152374479,0.16972095271598023
kan_V0-fosls,112.68473553084755,0.16798952612691165,0.16674782723350148,0.16969047022260483
kan_V0-fosls,112.88363134968388,0.16795657809445386,0.16671673343251264,0.16965998225249668
kan_V0-fosls,113.08252716852022,0.1679236235230258,0.16668563383123725,0.16962948880270268
kan_V0-fosls,113.28142298735656,0.16789066240868938,0.16665452842642806,0.16959898987026714
kan_V0-fosls,113.4803188061929,0.16785769474750262,0.16662341721483492,0.16956848545223172
kan_V0-fosls,113.67921462502923,0.1678222444427166,0.16658850023432423,0.16953848727812051
kan_V0-fosls,113.87811044386557,0.1677848532546085,0.16655238969537622,0.1695091653834463
kan_V0-fosls,114.07700626270191,0.16774745364078908,0.16651627132553587,0.16947983841575864
kan_V0-fosls,114.27590208153825,0.1677100455954995,0.16648014511970638,0.16945050637242356
kan_V0-fosls,114.47479790037458,0.1676726291129742,0.1664440110727854,0.1694211692508049
kan_V0-fosls,114.67369371921093,0.16763520418744104,0.16640786917966507,0.169391827048264
kan_V0-fosls,114.87258953804727,0.16759777081312127,0.1663730688982056,0.1693624797621601
kan_V0-fosls,115.0714853568836,0.16756925259514172,0.16634358493962711,0.16933168571817847
kan_V0-fosls,115.27038117571993,0.1675414303719029,0.16631409575416872,0.16930066299332408
kan_V0-fosls,115.46927699455628,0.16751360349018413,0.16628460133904963,0.16926963458281058
kan_V0-fosls,115.66817281339262,0.1674857719476261,0.16625510169148655,0.1692386004835107
kan_V0-fosls,115.86706863222895,0.16745793574186746,0.1662255968086937,0.16920756069229434
kan_V0-fosls,116.0659644510653,0.16743009487054483,0.16619608668788283,0.16917651520602853
kan_V0-fosls,116.26486026990163,0.16740043208774447,0.16616449634872307,0.16914421386008763
kan_V0-fosls,116.46375608873797,0.1673672636939329,0.16613174578486226,0.16910892437003464
kan_V0-fosls,116.6626519075743,0.16733408872406677,0.16609898876340995,0.1690736275142671
kan_V0-fosls,116.86154772641065,0.1673009071742323,0.16606622528054485,0.16903832328817087
kan_V0-fosls,117.06044354524698,0.16726771904051171,0.16603345533244188,0.16900301168712706
kan_V0-fosls,117.25933936408332,0.1672345243189835,0.1660006789152721,0.16896769270651193
kan_V0-fosls,117.45823518291967,0.1672013230057221,0.16596797339941238,0.1689323663416969
kan_V0-fosls,117.657131001756,0.16716690385289085,0.16593612439872285,0.16890168933240146
kan_V0-fosls,117.85602682059233,0.16713234782220093,0.165904269283912,0.16887272028000394
kan_V0-fosls,118.05492263942867,0.1670977846113761,0.16587240805145725,0.1688437462572951
kan_V0-fosls,118.25381845826502,0.16706321421591772,0.16584054069783272,0.16881476726171574
kan_V0-fosls,118.45271427710135,0.16702863663132259,0.16580866721950896,0.16878578329070446
kan_V0-fosls,118.65161009593768,0.1669940518530827,0.1657767876129533,0.16875679434169766
kan_V0-fosls,118.85050591477403,0.1669613549156878,0.1657482918549206,0.16872676705661313
kan_V0-fosls,119.04940173361037,0.16693539003225238,0.1657229162300427,0.16869140335331087
kan_V0-fosls,119.2482975524467,0.16690942109655554,0.1656975367190338,0.16865603223496706
kan_V0-fosls,119.44719337128303,0.16688344810669337,0.16567215332010798,0.16862065369691542
kan_V0-fosls,119.64608919011938,0.1668574710607603,0.16564676603147788,0.16858526773448476
kan_V0-fosls,119.84498500895572,0.16683148995684943,0.1656213748513548,0.16854987434299895
kan_V0-fosls,120.04388082779205,0.16680550479305234,0.16559597977794868,0.16851447351777699
kan_V0-fosls,120.2427766466284,0.1667763777721455,0.16556543018373865,0.16848112252267308
kan_V0-fosls,120.44167246546473,0.1667455074470494,0.16553465555557798,0.16844916769860585
kan_V0-fosls,120.64056828430107,0.1667146314054817,0.16550387520502732,0.168417206811555
kan_V0-fosls,120.8394641031374,0.16668374964426538,0.1654730891288933,0.16838523985806816
kan_V0-fosls,121.03835992197375,0.16665286216022052,0.1654422973239796,0.1683532668346896
kan_V0-fosls,121.23725574081008,0.16662196895016423,0.165411499787087,0.16832128773796037
kan_V0-fosls,121.43615155964642,0.166590892706394,0.1653796119997969,0.16828945950260205
kan_V0-fosls,121.63504737848277,0.16656052436843563,0.16534607026498294,0.16826574999142113
kan_V0-fosls,121.8339431973191,0.16653018202148806,0.1653125217245868,0.16824203713897712
kan_V0-fosls,122.03283901615544,0.1664998340911193,0.16527896637446426,0.16821832094385697
kan_V0-fosls,122.23173483499177,0.16646948057421673,0.16524540421046693,0.1681946014046467
kan_V0-fosls,122.43063065382812,0.16643912146766476,0.16521183522844213,0.16817087851993132
kan_V0-fosls,122.62952647266445,0.16640875676834496,0.165178259424233,0.16814715228829483
kan_V0-fosls,122.82842229150079,0.16638048225239427,0.165151554152592,0.16812249005299343
kan_V0-fosls,123.02731811033713,0.16635331203090462,0.16512619667811632,0.16809670365981313
kan_V0-fosls,123.22621392917347,0.16632613728782114,0.16510083530904193,0.16807091331033813
kan_V0-fosls,123.4251097480098,0.16629895802084566,0.16507547004357373,0.16804511900274685
kan_V0-fosls,123.62400556684614,0.16627177422767794,0.16505010087991537,0.1680193207352164
kan_V0-fosls,123.82290138568248,0.16624458590601585,0.165024727816269,0.16799351850592234
kan_V0-fosls,124.02179720451882,0.16621736665623305,0.16499782963778414,0.167967712313039
kan_V0-fosls,124.22069302335515,0.16618798698500825,0.16496690667728528,0.1679393015159345
kan_V0-fosls,124.4195888421915,0.16615869308174663,0.16493597791920675,0.16791052666588155
kan_V0-fosls,124.61848466102784,0.16612939401203,0.1649050433602865,0.16788174688383328
kan_V0-fosls,124.81738047986417,0.16610008977312332,0.16487410299725935,0.16785296216725287
kan_V0-fosls,125.0162762987005,0.1660707803622891,0.16484315682685707,0.16782417251360118
kan_V0-fosls,125.21517211753685,0.1660414657767874,0.16481220484580839,0.16779537792033702
kan_V0-fosls,125.41406793637319,0.16601268246609202,0.1647836190466203,0.16776820409724372
kan_V0-fosls,125.61296375520952,0.1659851208789827,0.16475597571693784,0.16774459214702261
kan_V0-fosls,125.81185957404587,0.16595755470846446,0.16472832774838314,0.16772097687268428
kan_V0-fosls,126.0107553928822,0.1659299839522469,0.16470067513862008,0.1676973582728244
kan_V0-fosls,126.20965121171854,0.16590240860803768,0.1646730178853105,0.1676737363460377
kan_V0-fosls,126.40854703055487,0.16587482867354258,0.16464535598611435,0.16765011109091785
kan_V0-fosls,126.60744284939122,0.1658472441464654,0.16461851523851248,0.16762648250605758
kan_V0-fosls,126.80633866822755,0.16581806425589146,0.16459615962792215,0.16760004172350298
kan_V0-fosls,127.00523448706389,0.1657887640784988,0.16457380098055857,0.16757259347640144
kan_V0-fosls,127.20413030590024,0.1657594586327818,0.16455143929518382,0.16754514073256394
kan_V0-fosls,127.40302612473657,0.16573014791585106,0.1645290745705592,0.1675176834897797
kan_V0-fosls,127.6019219435729,0.16570083192481463,0.16450670680544516,0.16749022174583614
kan_V0-fosls,127.80081776240924,0.16567151065677777,0.1644843359986013,0.16746275549851888
kan_V0-fosls,127.99971358124559,0.16564395236152712,0.1644603880043724,0.16743493637406817
kan_V0-fosls,128.19860940008192,0.16562030870433672,0.16443537360087612,0.16740528916842906
kan_V0-fosls,128.39750521891824,0.16559666166082737,0.16441035539153456,0.16737563671138775
kan_V0-fosls,128.5964010377546,0.1655730112295392,0.16438533337461003,0.16734597900015272
kan_V0-fosls,128.79529685659094,0.16554935740901122,0.1643603075483636,0.16731631603192992
kan_V0-fosls,128.99419267542726,0.1655257001977814,0.16433527791105493,0.16728664780392294
kan_V0-fosls,129.1930884942636,0.16550203959438675,0.1643102707799172,0.16725697431333275
kan_V0-fosls,129.39198431309995,0.16547831689156028,0.16428595035266788,0.16723005949495195
kan_V0-fosls,129.59088013193627,0.16545436917002415,0.16426162632455826,0.16720501196480725
kan_V0-fosls,129.78977595077262,0.1654304179316008,0.1642372986939884,0.16717996068194743
kan_V0-fosls,129.98867176960897,0.16540646317471877,0.16421296745935723,0.16715490564468533
kan_V0-fosls,130.1875675884453,0.16538250489780554,0.1641886326190625,0.16712984685133236
kan_V0-fosls,130.38646340728164,0.16535854309928733,0.16416429417150072,0.16710478430019882
kan_V0-fosls,130.585359226118,0.1653341585406532,0.1641403633786633,0.16707978924935563
kan_V0-fosls,130.7842550449543,0.16530873150300748,0.16411687538883832,0.1670573879189009
kan_V0-fosls,130.98315086379066,0.1652833005533753,0.16409338403699078,0.16703498358416774
kan_V0-fosls,131.182046682627,0.16525786568995038,0.16406988932167654,0.16701257624394708
kan_V0-fosls,131.38094250146332,0.16523242691092496,0.16404639124145048,0.16699016589702903
kan_V0-fosls,131.57983832029967,0.16520698421449004,0.16402288979486643,0.16696775254220297
kan_V0-fosls,131.77873413913602,0.16518153759883508,0.16399938498047714,0.1669453361782574
kan_V0-fosls,131.97762995797234,0.1651560092881182,0.1639694488674467,0.16692014818882459
kan_V0-fosls,132.1765257768087,0.16513072930056183,0.16393894160748548,0.1668917303204803
kan_V0-fosls,132.375421595645,0.16510544541081468,0.16390842866939717,0.1668633076123948
kan_V0-fosls,132.57431741448136,0.1650801576170548,0.16387791005001007,0.16683488006209451
kan_V0-fosls,132.7732132333177,0.1650548659174589,0.1638473857461495,0.16680644766710376
kan_V0-fosls,132.97210905215402,0.16502957031020216,0.1638168557546379,0.16677801042494478
kan_V0-fosls,133.17100487099037,0.165004347253215,0.16378881053025093,0.1667495683331377
kan_V0-fosls,133.36990068982672,0.16497862401228086,0.16376515769113462,0.1667267936209497
kan_V0-fosls,133.56879650866304,0.16495271968228903,0.1637415014353109,0.16670466283359472
kan_V0-fosls,133.7676923274994,0.16492681128154357,0.16371784176129878,0.16668252910788894
kan_V0-fosls,133.96658814633574,0.16490089880812378,0.16369417866761607,0.16666039244266165
kan_V0-fosls,134.16548396517206,0.1648749822601075,0.16367051215277953,0.16663825283674136
kan_V0-fosls,134.3643797840084,0.16484906163557095,0.1636468422153049,0.16661611028895582
kan_V0-fosls,134.56327560284475,0.16482370173205452,0.1636224027123015,0.16659185850062103
kan_V0-fosls,134.76217142168107,0.1647996013197584,0.1635977719293603,0.16656341960762866
kan_V0-fosls,134.96106724051742,0.1647754973634865,0.1635731374375249,0.16653497585817525
kan_V0-fosls,135.15996305935374,0.16475138986166663,0.16354849923511938,0.166506527249772
kan_V0-fosls,135.3588588781901,0.16472727881272542,0.16352385732046643,0.16647807377992785
kan_V0-fosls,135.55775469702644,0.1647031642150883,0.16349921169188764,0.16644961544614978
kan_V0-fosls,135.75665051586276,0.16467904606717965,0.16347433819765858,0.16642115224594253
kan_V0-fosls,135.9555463346991,0.16465593814945512,0.16344876559589608,0.16639632365704946
kan_V0-fosls,136.15444215353546,0.16463277155307954,0.16342318899251085,0.16637257719196305
kan_V0-fosls,136.35333797237178,0.16460960169434324,0.16339760838562373,0.1663488273370445
kan_V0-fosls,136.55223379120812,0.16458642857186673,0.1633720237733541,0.1663250740908417
kan_V0-fosls,136.75112961004447,0.16456325218426957,0.16334643515381997,0.16630131745190152
kan_V0-fosls,136.9500254288808,0.1645400725301704,0.16332084252513773,0.16627755741876973
kan_V0-fosls,137.14892124771714,0.16451668470550865,0.16329842088737806,0.16625476125086266
kan_V0-fosls,137.3478170665535,0.16449173094742695,0.1632774541519211,0.1662356369280175
kan_V0-fosls,137.5467128853898,0.16446677329695425,0.1632564847237442,0.1662165104047909
kan_V0-fosls,137.74560870422616,0.1644418117522215,0.16323551260180966,0.1661973816804232
kan_V0-fosls,137.94450452306248,0.1644168463113581,0.16321453778507902,0.16617825075415427
kan_V0-fosls,138.14340034189883,0.16439187697249186,0.16319356027251325,0.16615911762522353
kan_V0-fosls,138.34229616073517,0.16436690373374915,0.1631723303986874,0.16613998229287008
kan_V0-fosls,138.5411919795715,0.16434484416876866,0.16314938527671852,0.1661171993496277
kan_V0-fosls,138.74008779840784,0.16432427836095526,0.16312643692732295,0.16609240122916435
kan_V0-fosls,138.9389836172442,0.16430370997629018,0.1631034853491384,0.1660675994057103
kan_V0-fosls,139.1378794360805,0.1642831390138036,0.16308053054080168,0.1660427938776063
kan_V0-fosls,139.33677525491686,0.16426256547252505,0.16305757250094854,0.16601798464319162
kan_V0-fosls,139.5356710737532,0.16424198935148343,0.16303461122821383,0.16599317170080452
kan_V0-fosls,139.73456689258953,0.16422125345447197,0.1630123940566167,0.16596828603629488
kan_V0-fosls,139.93346271142588,0.16420050369082978,0.1629907423263773,0.16594260583182396
kan_V0-fosls,140.13235853026222,0.16417975130018836,0.1629690877195346,0.16591692165263552
kan_V0-fosls,140.33125434909854,0.1641589962815479,0.16294743023494176,0.16589123349688342
kan_V0-fosls,140.5301501679349,0.16413823863390803,0.16292576987145113,0.16586554136272005
kan_V0-fosls,140.7290459867712,0.16411747835626772,0.16290410662791438,0.1658398452482964
kan_V0-fosls,140.92794180560756,0.16409671544762539,0.16288248280379244,0.16581414515176202
kan_V0-fosls,141.1268376244439,0.1640726228633242,0.16286457955125835,0.1657909422043176
kan_V0-fosls,141.32573344328023,0.16404623346224675,0.16284667433045288,0.16577007947837455
kan_V0-fosls,141.52462926211658,0.16401983981476748,0.1628287671407267,0.16574921412645624
kan_V0-fosls,141.72352508095292,0.16399344191883553,0.16281085798143013,0.1657283461475709
kan_V0-fosls,141.92242089978924,0.16396703977239846,0.1627929468519132,0.165707475540726
kan_V0-fosls,142.1213167186256,0.16394345870510982,0.16277503375152547,0.16568660230492852
kan_V0-fosls,142.32021253746194,0.1639221210162387,0.16275656639082395,0.1656657264391847
kan_V0-fosls,142.51910835629826,0.16390141075748055,0.16273742978945102,0.16564789297108767
kan_V0-fosls,142.7180041751346,0.1638802381059073,0.1627182909375044,0.16563024707096904
kan_V0-fosls,142.91689999397096,0.16385906271845824,0.16269914983418982,0.1656125992906928
kan_V0-fosls,143.11579581280728,0.1638378845940725,0.16268000647871256,0.16559494962965782
kan_V0-fosls,143.31469163164363,0.16381769592715506,0.16266086087027753,0.16557729808726268
kan_V0-fosls,143.51358745047995,0.16379835920610852,0.16264171300808905,0.16555964466290563
kan_V0-fosls,143.7124832693163,0.1637781210072472,0.16261988427192953,0.1655402923336685
kan_V0-fosls,143.91137908815264,0.16375623084661706,0.16259774858462936,0.16551813945774263
kan_V0-fosls,144.11027490698896,0.16373661443774085,0.1625756098834168,0.1654959836164886
kan_V0-fosls,144.3091707258253,0.16371743250217935,0.16255346816706043,0.16547382480871523
kan_V0-fosls,144.50806654466166,0.16369824831244914,0.16253132343432794,0.16545166303323064
kan_V0-fosls,144.70696236349798,0.163679061867753,0.16250917568398626,0.16542949828884213
kan_V0-fosls,144.90585818233433,0.16365987316729333,0.1624884918995894,0.16540733057435617
kan_V0-fosls,145.10475400117068,0.16363835700938323,0.1624706624997383,0.16538627757747362
kan_V0-fosls,145.303649820007,0.1636164478914737,0.16245283114308845,0.16536547647157895
kan_V0-fosls,145.50254563884334,0.16359453582596956,0.16243499782899543,0.1653446727488113
kan_V0-fosls,145.7014414576797,0.16357262081167545,0.16241716255681443,0.16532386640818278
kan_V0-fosls,145.900337276516,0.16355070284739515,0.16239932532590037,0.1653030574487049
kan_V0-fosls,146.09923309535236,0.16352878193193165,0.16238148613560774,0.16528224586938856
kan_V0-fosls,146.29812891418868,0.16350808854357923,0.1623613992120565,0.16526158898052873
kan_V0-fosls,146.49702473302503,0.16348862897287242,0.16234068448276603,0.16524143742110062
kan_V0-fosls,146.69592055186138,0.16346916706309805,0.16231996710993135,0.16522128340384543
kan_V0-fosls,146.8948163706977,0.16344970281340437,0.16229924709254015,0.16520112692786362
kan_V0-fosls,147.09371218953405,0.16343023622293928,0.16227852442957943,0.1651809679922551
kan_V0-fosls,147.2926080083704,0.16341076729084997,0.16225779912003557,0.16516080659611923
kan_V0-fosls,147.4915038272067,0.16339129601628322,0.16223696591690182,0.1651406427385548
kan_V0-fosls,147.69039964604306,0.16337204906407338,0.1622157625324586,0.16512176602291673
kan_V0-fosls,147.8892954648794,0.16335393968159034,0.16219455637613742,0.1651035164248599
kan_V0-fosls,148.08819128371573,0.16333582826200208,0.162173347446851,0.1650852648093739
kan_V0-fosls,148.28708710255208,0.16331771480461127,0.1621521357435112,0.16506701117578956
kan_V0-fosls,148.48598292138843,0.16329959930872034,0.16213092126502926,0.16504875552343726
kan_V0-fosls,148.68487874022475,0.16328148177363128,0.16210970401031563,0.16503049785164706
kan_V0-fosls,148.8837745590611,0.16326369414553427,0.1620906338344212,0.16501203600945813
kan_V0-fosls,149.08267037789741,0.163245554123399,0.16207264319851308,0.1649919271897885
kan_V0-fosls,149.28156619673376,0.16322735682809617,0.1620546505653591,0.1649718159190055
kan_V0-fosls,149.4804620155701,0.16320915750384435,0.16203665593429392,0.16495170219621255
kan_V0-fosls,149.67935783440643,0.16319095614996473,0.1620186593046519,0.16493158602051264
kan_V0-fosls,149.87825365324278,0.16317275276577814,0.16200066067576693,0.1649114673910081
kan_V0-fosls,150.07714947207913,0.16315454735060497,0.16198230844046685,0.16489134630680072
kan_V0-fosls,150.27604529091545,0.16313584320801894,0.16196098791085758,0.16486967996369603
kan_V0-fosls,150.4749411097518,0.16311724754898593,0.16193966457424622,0.16484673272012595
kan_V0-fosls,150.67383692858814,0.16309864975615934,0.16191833842952377,0.16482378228177433
kan_V0-fosls,150.87273274742446,0.16308004982879987,0.16189700947558056,0.16480082864730639
kan_V0-fosls,151.0716285662608,0.16306144776616774,0.1618756777113061,0.16477787181538647
kan_V0-fosls,151.27052438509716,0.16304284356752274,0.16185434313558922,0.16475491178467802
kan_V0-fosls,151.46942020393348,0.16302421451524285,0.16183729939148392,0.16473194855384346
kan_V0-fosls,151.66831602276983,0.1630046281261088,0.16182378461964708,0.16471275460338877
kan_V0-fosls,151.86721184160615,0.16298484611301067,0.16181026871902493,0.16469362378143185
kan_V0-fosls,152.0661076604425,0.16296506169660602,0.16179675168933455,0.1646744907369792
kan_V0-fosls,152.26500347927885,0.1629452748760179,0.16178323353029297,0.16465535546925614
kan_V0-fosls,152.46389929811517,0.16292548565036896,0.16176971424161704,0.16463621797748737
kan_V0-fosls,152.66279511695151,0.16290569401878124,0.1617561938230236,0.16461707826089728
kan_V0-fosls,152.86169093578786,0.16288723369544045,0.16173639222637562,0.16459912866409462
kan_V0-fosls,153.06058675462418,0.16286898318363158,0.1617164877308954,0.16458289084722932
kan_V0-fosls,153.25948257346053,0.16285073057157567,0.16169658078521532,0.16456665142817611
kan_V0-fosls,153.45837839229688,0.16283247585852945,0.16167667138843034,0.16455041040646068
kan_V0-fosls,153.6572742111332,0.1628142190437493,0.16165675953963482,0.1645341677816084
kan_V0-fosls,153.85617002996955,0.16279596012649106,0.16163684523792257,0.16451792355314446
kan_V0-fosls,154.0550658488059,0.1627775485407012,0.1616157140124674,0.1645016777205938
kan_V0-fosls,154.25396166764222,0.16275920110171443,0.16159294798776835,0.1644796957699403
kan_V0-fosls,154.45285748647856,0.16274209243701526,0.1615701787552256,0.16445666823422955
kan_V0-fosls,154.65175330531488,0.16272498189591963,0.1615474063134828,0.16443363747370784
kan_V0-fosls,154.85064912415123,0.1627078694777866,0.1615246306611826,0.16441060348702
kan_V0-fosls,155.04954494298758,0.1626907551819748,0.16150185179696674,0.16438756627280982
kan_V0-fosls,155.2484407618239,0.16267363900784249,0.1614790697194759,0.16436452582972025
kan_V0-fosls,155.44733658066025,0.16265799973310713,0.16146580838184824,0.1643436634496872
kan_V0-fosls,155.6462323994966,0.16264318158889032,0.16145398037837153,0.16432832771482447
kan_V0-fosls,155.84512821833292,0.16262836209234965,0.1614421515083202,0.16431299054864
kan_V0-fosls,156.04402403716927,0.16261354124311417,0.1614303217715038,0.16429765195073287
kan_V0-fosls,156.2429198560056,0.1625987190408128,0.16141849116773174,0.16428231192070208
kan_V0-fosls,156.44181567484193,0.16258389548507435,0.16140665969681342,0.16426697045814645
kan_V0-fosls,156.64071149367828,0.16256907057552739,0.16139280770353237,0.16425162756266454
kan_V0-fosls,156.8396073125146,0.1625518751591612,0.16137452918056996,0.1642335987650235
kan_V0-fosls,157.03850313135095,0.16253446485963552,0.1613562485870066,0.16421449037074526
kan_V0-fosls,157.2373989501873,0.1625170526742355,0.16133796592213845,0.16419537975270937
kan_V0-fosls,157.43629476902362,0.16249963860234157,0.16131968118526133,0.1641762669101393
kan_V0-fosls,157.63519058785997,0.16248222264333378,0.16130139437567054,0.16415715184225807
kan_V0-fosls,157.83408640669631,0.16246480479659198,0.1612831054926611,0.16413803454828813
kan_V0-fosls,158.03298222553263,0.1624472317047101,0.16126425250872717,0.1641188862870409
kan_V0-fosls,158.23187804436898,0.162428152355061,0.16124521458709806,0.16409957357392702
kan_V0-fosls,158.43077386320533,0.16240903330173348,0.16122617441743162,0.1640802585876519
kan_V0-fosls,158.62966968204165,0.16238991199148123,0.16120713199893136,0.16406094132741267
kan_V0-fosls,158.828565500878,0.1623707884235027,0.16118808733080017,0.16404162179240597
kan_V0-fosls,159.02746131971435,0.16235166259699588,0.16116904041224062,0.16402229998182805
kan_V0-fosls,159.22635713855067,0.16233253451115828,0.16115044628789682,0.16400297589487456
kan_V0-fosls,159.42525295738702,0.16231713081759006,0.16113370049704392,0.16398571470756065
kan_V0-fosls,159.62414877622334,0.16230411889100782,0.16111695296570686,0.16396997418930592
kan_V0-fosls,159.82304459505968,0.16229110591755863,0.16110020369334277,0.16395423215987387
kan_V0-fosls,160.02194041389603,0.16227809189698889,0.16108345267940863,0.16393848861882923
kan_V0-fosls,160.22083623273235,0.16226507682904495,0.16106669992336098,0.16392274356573638
kan_V0-fosls,160.4197320515687,0.16225206071347303,0.16104994542465623,0.16390699700015965
kan_V0-fosls,160.61862787040505,0.16223885945511599,0.16103226251323513,0.16389124583866121
kan_V0-fosls,160.81752368924137,0.16222372989902917,0.16101405136666536,0.1638752519366292
kan_V0-fosls,161.01641950807772,0.16220830723073423,0.16099583816013016,0.1638592564734714
kan_V0-fosls,161.21531532691407,0.16219288309583646,0.16097762289293038,0.1638432594487307
kan_V0-fosls,161.4142111457504,0.16217745749391738,0.1609594055643664,0.1638272608619496
kan_V0-fosls,161.61310696458673,0.16216203042455823,0.16094118617373818,0.1638112607126704
kan_V0-fosls,161.81200278342308,0.16214660188734017,0.16092312800039882,0.1637952590004353
kan_V0-fosls,162.0108986022594,0.1621298956298985,0.16090693533849465,0.16377830472493424
kan_V0-fosls,162.20979442109575,0.16211305918410046,0.16089074104689885,0.16376017443308957
kan_V0-fosls,162.40869023993207,0.16209622093912113,0.16087454512511923,0.16374204213377344
kan_V0-fosls,162.60758605876842,0.1620793808943683,0.16085834757266337,0.16372390782631882
kan_V0-fosls,162.80648187760477,0.16206253904924944,0.16084214838903868,0.1637057715100584
kan_V0-fosls,163.0053776964411,0.16204569540317176,0.1608259475737522,0.16368763318432447
kan_V0-fosls,163.20427351527744,0.16202899467395265,0.16081066965459437,0.1636694928484489
kan_V0-fosls,163.40316933411378,0.1620113416161918,0.16079623691595535,0.16365365065634419
kan_V0-fosls,163.6020651529501,0.1619927612485816,0.1607818028817472,0.16363810294375833
kan_V0-fosls,163.80096097178645,0.16197417873744901,0.16076736755162094,0.16362255375380053
kan_V0-fosls,163.9998567906228,0.16195559408204785,0.16075293092522744,0.16360700308604958
kan_V0-fosls,164.19875260945912,0.16193700728163146,0.16073849300221746,0.1635914509400841
kan_V0-fosls,164.39764842829547,0.16191841833545284,0.16072405378224155,0.1635758973154824
kan_V0-fosls,164.59654424713182,0.16190157742555658,0.16070879386695688,0.163559502435113
kan_V0-fosls,164.79544006596814,0.16188966290420248,0.160693503811404,0.16354134175014934
kan_V0-fosls,164.99433588480449,0.16187774750195527,0.16067821230085735,0.16352317904828217
kan_V0-fosls,165.1932317036408,0.16186583121861853,0.16066291933490148,0.16350501432883932
kan_V0-fosls,165.39212752247715,0.16185391405399602,0.16064762491312073,0.16348684759114832
kan_V0-fosls,165.5910233413135,0.16184199600789126,0.1606323290350993,0.16346867883453628
kan_V0-fosls,165.78991916014982,0.16183007708010777,0.1606166844486113,0.16345050805832992
kan_V0-fosls,165.98881497898617,0.1618139562910339,0.1606005317162378,0.1634346543630864
kan_V0-fosls,166.18771079782252,0.16179676434586443,0.16058437735910627,0.1634195349381016
kan_V0-fosls,166.38660661665884,0.1617795705616746,0.16056822137672627,0.16340441411415207
kan_V0-fosls,166.5855024354952,0.16176237493787032,0.16055206376860717,0.16338929189084941
kan_V0-fosls,166.78439825433153,0.16174517747385714,0.16053590453425814,0.16337416826780507
kan_V0-fosls,166.98329407316785,0.1617279781690403,0.160519743673188,0.16335904324463024
kan_V0-fosls,167.1821898920042,0.16171173861134608,0.16050752058919213,0.16334435509036133
kan_V0-fosls,167.38108571084055,0.16169738338346207,0.1604960032290908,0.1633314681711117
kan_V0-fosls,167.57998152967687,0.16168303368922296,0.16048448504243246,0.16331858023499865
kan_V0-fosls,167.77887734851322,0.16166868272098295,0.16047296602903904,0.16330569128178146
kan_V0-fosls,167.97777316734954,0.16165433047840252,0.16046144618873256,0.1632928013112193
kan_V0-fosls,168.1766689861859,0.16163997696114207,0.16044992552133489,0.16327991032307115
kan_V0-fosls,168.37556480502224,0.16162562216886184,0.16043716602704625,0.16326701831709609
kan_V0-fosls,168.57446062385856,0.161611579218087,0.16042134150505366,0.1632506082574049
kan_V0-fosls,168.7733564426949,0.16159760728540912,0.16040551542192086,0.16323215879608646
kan_V0-fosls,168.97225226153125,0.1615836341429226,0.16038968777718576,0.16321370724926534
kan_V0-fosls,169.17114808036757,0.16156965979031268,0.16037385857038602,0.1631952536162342
kan_V0-fosls,169.37004389920392,0.16155568422726446,0.16035802780105904,0.1631767978962852
kan_V0-fosls,169.56893971804027,0.16154170745346294,0.16034219546874198,0.16315834008871016
kan_V0-fosls,169.7678355368766,0.16152782064618898,0.1603259356412418,0.16314007751888865
kan_V0-fosls,169.96673135571294,0.16151488912367912,0.16030951692036488,0.16312449784229985
kan_V0-fosls,170.1656271745493,0.1615020768560265,0.16029309651772872,0.16310891667758687
kan_V0-fosls,170.3645229933856,0.16148926357185953,0.16027667443281643,0.16309333402432322
kan_V0-fosls,170.56341881222195,0.1614764492709362,0.16026025066511088,0.16307774988208215
kan_V0-fosls,170.76231463105827,0.16146363395301444,0.16024382521409464,0.16306216425043682
kan_V0-fosls,170.96121044989462,0.16145081761785213,0.1602276472168171,0.16304657712896006
kan_V0-fosls,171.16010626873097,0.16143706598583984,0.1602126668226876,0.16303257042602948
kan_V0-fosls,171.3590020875673,0.16142213918426213,0.16019768502771256,0.16302010757725746
kan_V0-fosls,171.55789790640364,0.16140721100010322,0.16018270183149896,0.16300764377563076
kan_V0-fosls,171.75679372524,0.1613922814329783,0.16016771723365358,0.16299517902093077
kan_V0-fosls,171.9556895440763,0.16137735048250235,0.16015273123378296,0.16298271331293884
kan_V0-fosls,172.15458536291266,0.1613624181482901,0.16013774383149346,0.1629702466514362
kan_V0-fosls,172.353481181749,0.16134745557653693,0.16012486136675563,0.16295777903620398
kan_V0-fosls,172.55237700058532,0.161334222671216,0.16011329772703228,0.16294189857348912
kan_V0-fosls,172.75127281942167,0.16132170325017114,0.16010173325210397,0.16292580615639346
kan_V0-fosls,172.95016863825802,0.1613091828286362,0.1600901679417897,0.16290971214966954
kan_V0-fosls,173.14906445709434,0.16129666140636478,0.16007860179590838,0.16289361655284618
kan_V0-fosls,173.3479602759307,0.16128413898311034,0.16006703481427892,0.16287751936545192
kan_V0-fosls,173.546856094767,0.1612716155586262,0.16005523706129782,0.1628614205870152
kan_V0-fosls,173.74575191360336,0.1612594562021796,0.160039506353311,0.16284649929309705
kan_V0-fosls,173.9446477324397,0.16124793469155319,0.1600237740989591,0.16283349734773345
kan_V0-fosls,174.14354355127603,0.16123641232625469,0.16000804029778604,0.1628204943641063
kan_V0-fosls,174.34243937011237,0.1612248891060874,0.15999230494933542,0.16280749034196684
kan_V0-fosls,174.54133518894872,0.16121336503085448,0.15997656805315072,0.16279448528106621
kan_V0-fosls,174.74023100778504,0.1612018401003592,0.15996082960877514,0.16278147918115543
kan_V0-fosls,174.9391268266214,0.1611903351097465,0.15994668269338372,0.16276847204198544
kan_V0-fosls,175.13802264545774,0.16117694705162483,0.15993414453461238,0.16275437973629783
kan_V0-fosls,175.33691846429406,0.1611619050982929,0.15992160539282552,0.16274004191672375
kan_V0-fosls,175.5358142831304,0.1611468617080454,0.1599090652677918,0.1627257028338393
kan_V0-fosls,175.73471010196675,0.16113181688046152,0.15989652415928,0.1627113624873105
kan_V0-fosls,175.93360592080307,0.1611167706151202,0.15988398206705862,0.16269702087680316
kan_V0-fosls,176.13250173963942,0.1611017229116001,0.15987143899089615,0.16268267800198302
kan_V0-fosls,176.33139755847574,0.1610865057468221,0.15985277571174356,0.1626685134398573
kan_V0-fosls,176.5302933773121,0.1610742248072812,0.15983369891666746,0.16265487570753187
kan_V0-fosls,176.72918919614844,0.16106194291784465,0.15981461984442732,0.1626412368316604
kan_V0-fosls,176.92808501498476,0.16104966007828886,0.1597955384942075,0.16262759681195516
kan_V0-fosls,177.1269808338211,0.16103737628839027,0.15977645486519176,0.16261395564812836
kan_V0-fosls,177.32587665265746,0.16102509154792527,0.1597573689565636,0.162600313339892
kan_V0-fosls,177.52477247149378,0.16101280585667005,0.1597423610955207,0.16258666988695802
kan_V0-fosls,177.72366829033012,0.16100131903552917,0.15973402065566217,0.1625721104139566
kan_V0-fosls,177.92256410916647,0.16098952813426698,0.15972567978028862,0.16255714051463618
kan_V0-fosls,178.1214599280028,0.16097773636760654,0.15971733846933175,0.16254216923660963
kan_V0-fosls,178.32035574683914,0.160965943735357,0.1597089967227234,0.16252719657949594
kan_V0-fosls,178.5192515656755,0.16095415023732718,0.15970065454039523,0.16251222254291395
kan_V0-fosls,178.7181473845118,0.16094235587332612,0.15969231192227895,0.1624972471264823
kan_V0-fosls,178.91704320334816,0.16093080501488005,0.15967693795305465,0.16248296957809616
kan_V0-fosls,179.11593902218448,0.16091869054271188,0.1596599949786386,0.16247348149792548
kan_V0-fosls,179.31483484102083,0.16090644612186294,0.15964305020605854,0.16246399286364024
kan_V0-fosls,179.51373065985717,0.160894200733396,0.1596261036347419,0.16245450367514336
kan_V0-fosls,179.7126264786935,0.16088195437707375,0.15960915526411568,0.16244501393233765
kan_V0-fosls,179.91152229752984,0.1608697070526588,0.15959220509360666,0.16243552363512603
kan_V0-fosls,180.1104181163662,0.1608574587599136,0.1595768026696837,0.1624260327834113
kan_V0-fosls,180.3093139352025,0.16084478115766648,0.15956582899575422,0.16241196091376484
kan_V0-fosls,180.50820975403886,0.16083440384844044,0.15955485456709045,0.1623941346921908
kan_V0-fosls,180.7071055728752,0.16082402577459787,0.15954387938353667,0.16237630651359372
kan_V0-fosls,180.90600139171153,0.160813646935954,0.15953290344493704,0.16235847637732892
kan_V0-fosls,181.10489721054788,0.1608032673323239,0.15952192675113575,0.16234064428275136
kan_V0-fosls,181.30379302938422,0.16079288696352256,0.15951094930197685,0.1623228102292156
kan_V0-fosls,181.50268884822054,0.1607824899455203,0.15949961897813386,0.16230497421607593
kan_V0-fosls,181.7015846670569,0.16076983895878227,0.15948813638789386,0.1622965552366018
kan_V0-fosls,181.9004804858932,0.16075644434025826,0.15947665297088787,0.1622882687131985
kan_V0-fosls,182.09937630472956,0.16074304859869598,0.15946516872693722,0.16227998176665942
kan_V0-fosls,182.2982721235659,0.1607296517338112,0.15945368365586324,0.16227169439691969
kan_V0-fosls,182.49716794240223,0.16071625374531961,0.15944219775748725,0.1622634066039145
kan_V0-fosls,182.69606376123858,0.16070285463293674,0.15943042052343726,0.162255118387579
kan_V0-fosls,182.89495958007493,0.16069156643451893,0.15941689077146268,0.1622442674599639
kan_V0-fosls,183.09385539891124,0.16068249036481724,0.15940335987111715,0.1622299021674525
kan_V0-fosls,183.2927512177476,0.16067341378186512,0.1593898278221082,0.16221553560279647
kan_V0-fosls,183.49164703658394,0.1606643366855754,0.15937629462414324,0.16220116776565774
kan_V0-fosls,183.69054285542026,0.1606552590758608,0.15936276027692958,0.16218679865569813
kan_V0-fosls,183.8894386742566,0.16064618095263425,0.1593492247801744,0.16217242827257933
kan_V0-fosls,184.08833449309296,0.1606368808342107,0.15933536645924473,0.1621580566159628
kan_V0-fosls,184.28723031192928,0.16062298992020793,0.15932127576338548,0.1621439556940433
kan_V0-fosls,184.48612613076563,0.16060785861480942,0.15930718382120637,0.16212989821675503
kan_V0-fosls,184.68502194960195,0.16059272587855905,0.1592930906323766,0.16211583952050712
kan_V0-fosls,184.8839177684383,0.16057759171104935,0.15927899619656527,0.16210177960498243
kan_V0-fosls,185.08281358727464,0.16056245611187273,0.15926490051344133,0.1620877184698636
kan_V0-fosls,185.28170940611096,0.16054731908062128,0.1592508696882808,0.1620736561148333
kan_V0-fosls,185.4806052249473,0.16053315211458236,0.15923941555185148,0.16206076769776726
kan_V0-fosls,185.67950104378366,0.16052501501829797,0.15922796059146355,0.16205069778626427
kan_V0-fosls,185.87839686261998,0.16051687743017873,0.15921650480693925,0.16204062724897303
kan_V0-fosls,186.07729268145633,0.1605087393501256,0.15920504819810063,0.1620305560857769
kan_V0-fosls,186.27618850029268,0.16050060077803968,0.15919359076476974,0.16202048429655913
kan_V0-fosls,186.475084319129,0.16049246171382192,0.15918213250676855,0.162010411881203
kan_V0-fosls,186.67398013796534,0.1604843221573733,0.1591721226146221,0.16200033883959167
kan_V0-fosls,186.8728759568017,0.16047300160138384,0.15916377641682583,0.16198805310870285
kan_V0-fosls,187.071771775638,0.16045945464929956,0.1591554297813504,0.16197495045644253
kan_V0-fosls,187.27066759447436,0.1604459065514458,0.15914708270812689,0.16196184674418262
kan_V0-fosls,187.46956341331068,0.16043235730753128,0.1591387351970865,0.16194874197166578
kan_V0-fosls,187.66845923214703,0.16041880691726462,0.15913038724816025,0.1619356361386346
kan_V0-fosls,187.86735505098338,0.16040525538035427,0.15912203886127926,0.1619225292448316
kan_V0-fosls,188.0662508698197,0.16039228375748693,0.15911103403329593,0.16191022963896684
kan_V0-fosls,188.26514668865605,0.1603815325527035,0.15909976073261106,0.16190194082444706
kan_V0-fosls,188.4640425074924,0.16037091138007567,0.15908848663307953,0.16189365158554717
kan_V0-fosls,188.6629383263287,0.1603602895024594,0.15907721173453152,0.161885361922202
kan_V0-fosls,188.86183414516506,0.16034966691971403,0.15906593603679703,0.16187707183434627
kan_V0-fosls,189.0607299640014,0.16033904363169874,0.15905465953970616,0.16186878132191485
kan_V0-fosls,189.25962578283773,0.1603284196382728,0.15904268333361712,0.16186049038484243
kan_V0-fosls,189.45852160167408,0.1603172844278296,0.15902940507009491,0.1618498384614396
kan_V0-fosls,189.65741742051043,0.160305975220669,0.15901612569780288,0.16183764758396094
kan_V0-fosls,189.85631323934675,0.16029466520984376,0.15900284521646324,0.16182545578810084
kan_V0-fosls,190.0552090581831,0.16028335439518138,0.15898956362579805,0.16181326307365174
kan_V0-fosls,190.25410487701942,0.16027204277650914,0.1589762809255293,0.16180106944040593
kan_V0-fosls,190.45300069585576,0.1602607303536544,0.15896299711537878,0.16178887488815571
kan_V0-fosls,190.6518965146921,0.1602497488673175,0.1589520163509288,0.16177678986069158
kan_V0-fosls,190.85079233352843,0.16023895741280392,0.15894164213160258,0.161767290114345
kan_V0-fosls,191.04968815236478,0.16022794788359412,0.15893126723510048,0.1617577898100953
kan_V0-fosls,191.24858397120113,0.1602169375872765,0.1589208916612898,0.16174828894784413
kan_V0-fosls,191.44747979003745,0.16020592652368862,0.15891051541003795,0.16173878752749318
kan_V0-fosls,191.6463756088738,0.1601949146926679,0.15890013848121218,0.16172928554894406
kan_V0-fosls,191.84527142771014,0.16018390209405164,0.15888930171722745,0.1617197830120984
kan_V0-fosls,192.04416724654646,0.16017239125294325,0.15887694293501511,0.16170928137579743
kan_V0-fosls,192.2430630653828,0.16016172769703446,0.15886458319135813,0.16169766078562042
kan_V0-fosls,192.44195888421916,0.1601510634178252,0.15885222248603215,0.1616860393602562
kan_V0-fosls,192.64085470305548,0.16014039841516572,0.15883986081881263,0.16167441709952465
kan_V0-fosls,192.83975052189183,0.16012973268890615,0.15882749818947497,0.16166279400324557
kan_V0-fosls,193.03864634072815,0.16011906623889655,0.15881513459779448,0.16165117007123875
kan_V0-fosls,193.2375421595645,0.16010845609705052,0.15880615243759877,0.16163954530332392
kan_V0-fosls,193.43643797840085,0.16009793290895857,0.15879879666026492,0.16163009927881625
kan_V0-fosls,193.63533379723717,0.16008683481568664,0.15879144054218564,0.16162087437573489
kan_V0-fosls,193.83422961607351,0.16007573595280267,0.15878408408331351,0.1616116489460898
kan_V0-fosls,194.03312543490986,0.1600646363201465,0.15877672728360126,0.16160242298979072
kan_V0-fosls,194.23202125374618,0.16005353591755794,0.15876937014300144,0.16159319650674753
kan_V0-fosls,194.43091707258253,0.16004243474487667,0.158761424575022,0.16158396949686996
kan_V0-fosls,194.62981289141888,0.16003249851166196,0.1587490637227251,0.1615734143839353
kan_V0-fosls,194.8287087102552,0.16002301024079602,0.15873670190788663,0.16156032663174977
kan_V0-fosls,195.02760452909155,0.16001352133773272,0.15872433913028175,0.16154723781925975
kan_V0-fosls,195.2265003479279,0.1600040318023349,0.15871197538968546,0.16153414794620755
kan_V0-fosls,195.42539616676422,0.15999454163446528,0.15869961068587268,0.1615210570123353
kan_V0-fosls,195.62429198560056,0.15998505083398648,0.15868724501861825,0.16150796501738504
kan_V0-fosls,195.82318780443688,0.15997554414223875,0.15867507543721582,0.16149487196109874
kan_V0-fosls,196.02208362327323,0.15996440950280827,0.15866305852742038,0.16148383759083831
kan_V0-fosls,196.22097944210958,0.15995390195666576,0.15865104070741268,0.16147337988768845
kan_V0-fosls,196.4198752609459,0.15994339368090954,0.15863902197698587,0.16146292150720937
kan_V0-fosls,196.61877107978225,0.15993288467538025,0.15862700233593302,0.16145246244926942
kan_V0-fosls,196.8176668986186,0.15992237493991857,0.15861498178404707,0.16144200271373696
kan_V0-fosls,197.01656271745492,0.15991186447436503,0.15860299152876528,0.1614315423004803
kan_V0-fosls,197.21545853629127,0.15990297597176423,0.15859710089604376,0.1614208813257792
kan_V0-fosls,197.4143543551276,0.15989605902513587,0.15859121004452353,0.16140950091480824
kan_V0-fosls,197.61325017396393,0.15988914176691077,0.15858531897418024,0.16139811970138834
kan_V0-fosls,197.81214599280028,0.15988222419704537,0.15857942768498942,0.1613867376853497
kan_V0-fosls,198.01104181163663,0.15987530631549596,0.1585735361769267,0.16137535486652252
kan_V0-fosls,198.20993763047295,0.15986838812221893,0.15856764444996774,0.16136397124473686
kan_V0-fosls,198.4088334493093,0.15986146961717052,0.1585586209973706,0.16135258681982284
kan_V0-fosls,198.60772926814562,0.15985003137106135,0.1585457028247013,0.16134365008933163
kan_V0-fosls,198.80662508698197,0.1598372395072783,0.1585327835993842,0.1613360046271996
kan_V0-fosls,199.00552090581832,0.15982444661926817,0.1585198633211619,0.16132835880274385
kan_V0-fosls,199.20441672465464,0.15981165270678482,0.158506941989777,0.16132071261591285
kan_V0-fosls,199.40331254349098,0.15979885776958197,0.1584940196049719,0.1613130660666551
kan_V0-fosls,199.60220836232733,0.15978606180741325,0.15848109616648887,0.16130541915491903
kan_V0-fosls,199.80110418116365,0.1597738822369642,0.15847392929651727,0.16129754677883998
kan_V0-fosls,200.0,0.1597639983928647,0.15846749474970048,0.1612874738306304
mlp_V0-fosls,0.5388679504394531,0.5773441366691296,0.49953607553890306,0.671169753650203
mlp_V0-fosls,0.7385287432818561,0.5322823425564709,0.4774386777589033,0.6023658466927714
mlp_V0-fosls,0.938189536124259,0.48294797754105134,0.4540813233398717,0.5241276057570013
mlp_V0-fosls,1.137850328966662,0.4452170206239333,0.435122048242298,0.45787903670705465
mlp_V0-fosls,1.337511121809065,0.44169936016874084,0.430196217465766,0.4508328633436572
mlp_V0-fosls,1.537171914651468,0.43831985035451415,0.425213327845133,0.4436748010485845
mlp_V0-fosls,1.7368327074938708,0.4340534894592817,0.4189727110693961,0.43895548927181505
mlp_V0-fosls,1.9364935003362738,0.42937287225314913,0.41170997553191574,0.4361139740961977
mlp_V0-fosls,2.1361542931786768,0.4251078023742083,0.4043168006454118,0.43325382311307936
mlp_V0-fosls,2.33581508602108,0.4197922666581933,0.39547968391633,0.42918373005131816
mlp_V0-fosls,2.535475878863483,0.4146170274512201,0.38621532783891155,0.424879813939918
mlp_V0-fosls,2.735136671705886,0.40927839133532196,0.3767271441589775,0.4208717445862573
mlp_V0-fosls,2.9347974645482884,0.40283212111333144,0.3670178112239412,0.4161522878568115
mlp_V0-fosls,3.1344582573906914,0.39608304819897777,0.3570445439508158,0.41137869170125624
mlp_V0-fosls,3.3341190502330944,0.38924565058017774,0.34749976427888796,0.40607325772842284
mlp_V0-fosls,3.5337798430754974,0.3824979697845955,0.3386531644195186,0.400122862458961
mlp_V0-fosls,3.7334406359179004,0.37628618460198,0.32956918146092523,0.3940826302725497
mlp_V0-fosls,3.9331014287603034,0.3700005839430187,0.32104367254526817,0.3870361774174074
mlp_V0-fosls,4.1327622216027065,0.3636178122086716,0.31261169413211165,0.37954734829622766
mlp_V0-fosls,4.3324230144451095,0.357129087734975,0.3039608624264798,0.3734025908374075
mlp_V0-fosls,4.5320838072875125,0.3507424574347395,0.2971806641475628,0.36711261115218047
mlp_V0-fosls,4.7317446001299155,0.3442366765110681,0.2902421203053127,0.3607129657911617
mlp_V0-fosls,4.9314053929723185,0.33770718356897916,0.2836780575641718,0.3542002988877448
mlp_V0-fosls,5.1310661858147215,0.3312612949279964,0.2782848489141532,0.34757123183345773
mlp_V0-fosls,5.330726978657124,0.3246872466322846,0.27278503244673197,0.3408132489565021
mlp_V0-fosls,5.530387771499527,0.31861735593758655,0.26820076223109407,0.33429736742647764
mlp_V0-fosls,5.73004856434193,0.31282822654781417,0.264278468743742,0.3278966509992314
mlp_V0-fosls,5.929709357184333,0.30676477148653736,0.260297078780639,0.32136847637058324
mlp_V0-fosls,6.129370150026736,0.3011847557676147,0.2572257763319051,0.3155470383107421
mlp_V0-fosls,6.329030942869139,0.2956123976252076,0.254260084982726,0.3097056444995675
mlp_V0-fosls,6.528691735711542,0.29020960125239026,0.2513917572604431,0.30409236381205884
mlp_V0-fosls,6.728352528553945,0.28582741496200736,0.24918455759549518,0.30019425414086043
mlp_V0-fosls,6.928013321396348,0.281370202615073,0.24695763172988153,0.2962448560052468
mlp_V0-fosls,7.127674114238751,0.27728527235478334,0.24490634574473952,0.29249122719967563
mlp_V0-fosls,7.327334907081154,0.2735933391276568,0.2430793934276639,0.28892870927897063
mlp_V0-fosls,7.526995699923557,0.2698505802423835,0.24123860560092808,0.2853217133385603
mlp_V0-fosls,7.72665649276596,0.2667146504554415,0.23959805669684547,0.28211046838136694
mlp_V0-fosls,7.926317285608363,0.2637184139916632,0.2380230632544314,0.2789704825785776
mlp_V0-fosls,8.125978078450766,0.2607269447049564,0.2364423420939747,0.27583230507687156
mlp_V0-fosls,8.325638871293169,0.2581466475045403,0.23503461356718583,0.2730076185513254
mlp_V0-fosls,8.525299664135572,0.2555400562501388,0.2336184025595342,0.2701533991089352
mlp_V0-fosls,8.724960456977975,0.2531354707942667,0.23224874576846666,0.2674584565570578
mlp_V0-fosls,8.924621249820378,0.25116400519109816,0.23099299699301634,0.26503422058003734
mlp_V0-fosls,9.12428204266278,0.24919577710369079,0.2297303841650152,0.2625876047589684
mlp_V0-fosls,9.323942835505184,0.24736525828562445,0.2285068546174817,0.260324845975906
mlp_V0-fosls,9.523603628347587,0.24559226420000901,0.22730755386145524,0.25813882254999254
mlp_V0-fosls,9.72326442118999,0.24380633201104496,0.22610189180496,0.2559341282100023
mlp_V0-fosls,9.922925214032393,0.24233402409688637,0.2249900811742397,0.25404605875700403
mlp_V0-fosls,10.122586006874794,0.2408592078829123,0.22388543071058728,0.25215180656933645
mlp_V0-fosls,10.322246799717197,0.2394128386823692,0.22278859722001235,0.25030809385763586
mlp_V0-fosls,10.5219075925596,0.23805923015949182,0.2217488531351148,0.2486272943930862
mlp_V0-fosls,10.721568385402003,0.23669785340095417,0.22070421083934155,0.2469350545868481
mlp_V0-fosls,10.921229178244406,0.2354343554354249,0.21970343294095582,0.24534975087183522
mlp_V0-fosls,11.12088997108681,0.2342451767685192,0.21875468325089845,0.2438470608596779
mlp_V0-fosls,11.320550763929212,0.23304991220915733,0.21780180082442097,0.24233505302975733
mlp_V0-fosls,11.520211556771615,0.23194174595231754,0.2168559029273392,0.2409671933120377
mlp_V0-fosls,11.719872349614018,0.23084281500187673,0.21590955329103578,0.23961778933925895
mlp_V0-fosls,11.919533142456421,0.22968953157391597,0.21496364408817575,0.23828775948700576
mlp_V0-fosls,12.119193935298824,0.22863900439267282,0.21412419987175496,0.2371078397769532
mlp_V0-fosls,12.318854728141227,0.22758362452098774,0.21328145175277347,0.23592201899366985
mlp_V0-fosls,12.51851552098363,0.22655638815676077,0.21244487042939394,0.23475037646624483
mlp_V0-fosls,12.718176313826033,0.22556814465158453,0.21162451717592914,0.23359870562386473
mlp_V0-fosls,12.917837106668436,0.22457554980705635,0.21080097145916638,0.23244132869876294
mlp_V0-fosls,13.11749789951084,0.22365092014278648,0.21000798984654226,0.23139507963202446
mlp_V0-fosls,13.317158692353242,0.22275037188517297,0.20923308886774378,0.23038706229915548
mlp_V0-fosls,13.516819485195645,0.22184746814760908,0.20845530733202483,0.22937483509671694
mlp_V0-fosls,13.716480278038048,0.2209952742277944,0.20769067784465914,0.22836700162415427
mlp_V0-fosls,13.916141070880451,0.22014030639172194,0.206924921857597,0.2273547006023119
mlp_V0-fosls,14.115801863722854,0.2193166949579844,0.2061715037989955,0.22637968585079346
mlp_V0-fosls,14.315462656565257,0.21856716814479965,0.205479010717678,0.22549120401781045
mlp_V0-fosls,14.51512344940766,0.21781506179846316,0.20478417593235085,0.22459920750728327
mlp_V0-fosls,14.714784242250063,0.21706943814198365,0.20410123861187815,0.22373964362805504
mlp_V0-fosls,14.914445035092466,0.2163258324448366,0.20343146083654337,0.22289997331054356
mlp_V0-fosls,15.11410582793487,0.215579661189659,0.20275947058837313,0.22205712794880733
mlp_V0-fosls,15.313766620777272,0.2148904124645576,0.20212140600778591,0.22128580045773263
mlp_V0-fosls,15.513427413619675,0.21420602103167932,0.2014922107816984,0.22051994479488815
mlp_V0-fosls,15.713088206462078,0.21352537597428195,0.2008634351433045,0.21975270641469682
mlp_V0-fosls,15.912748999304482,0.21286660570114335,0.20027199856456754,0.21898812038648258
mlp_V0-fosls,16.112409792146885,0.2122057901261445,0.19967881019408093,0.21822085547496423
mlp_V0-fosls,16.312070584989286,0.21156852649019037,0.19910364636641148,0.21748893399628605
mlp_V0-fosls,16.51173137783169,0.2109579534624394,0.19856440345613027,0.21679485821401792
mlp_V0-fosls,16.71139217067409,0.210345607780381,0.19802369212641383,0.2160985531770896
mlp_V0-fosls,16.911052963516497,0.20975919850316693,0.1974915810609754,0.21543382649782988
mlp_V0-fosls,17.110713756358898,0.20917932359692046,0.19696399518667645,0.21477666851781252
mlp_V0-fosls,17.310374549201303,0.20860084256375988,0.19643499232527384,0.21412168075567184
mlp_V0-fosls,17.510035342043704,0.20805994071172623,0.19595138613214072,0.2135183528545454
mlp_V0-fosls,17.70969613488611,0.2075176280839283,0.1954708520317379,0.21291331532293245
mlp_V0-fosls,17.90935692772851,0.20698518311329978,0.19498911549364756,0.2123093070090925
mlp_V0-fosls,18.109017720570915,0.20646788804971938,0.19450611480393454,0.21170838006457435
mlp_V0-fosls,18.308678513413316,0.2059492930464403,0.1940219117297005,0.21111361243711263
mlp_V0-fosls,18.50833930625572,0.20545579778262985,0.1935615427687202,0.2105539180137408
mlp_V0-fosls,18.708000099098122,0.20497616950574138,0.19312595405303934,0.21002444770555806
mlp_V0-fosls,18.907660891940527,0.20449541612835356,0.19268938065909658,0.20949503482452675
mlp_V0-fosls,19.107321684782928,0.20401160861042383,0.1922588009814719,0.2089496550702039
mlp_V0-fosls,19.306982477625333,0.20352599385436168,0.19182922017703083,0.20844166502553102
mlp_V0-fosls,19.506643270467734,0.20304966365104538,0.19139968805943372,0.20793564206397766
mlp_V0-fosls,19.706304063310135,0.20260662398500767,0.19098294278685948,0.2074407565446135
mlp_V0-fosls,19.90596485615254,0.20216261332574495,0.1905652861404961,0.20694468756420056
mlp_V0-fosls,20.10562564899494,0.20172876920863755,0.1901578998461249,0.2064618902268216
mlp_V0-fosls,20.305286441837346,0.20130482097140018,0.18976989390971688,0.20599250139381436
mlp_V0-fosls,20.504947234679747,0.2008799767287281,0.18938109302441342,0.20552204053319706
mlp_V0-fosls,20.704608027522152,0.2004781868537261,0.18900186474287115,0.205066995891467
mlp_V0-fosls,20.904268820364553,0.20007783977762783,0.18862761760559438,0.2046152933347784
mlp_V0-fosls,21.103929613206958,0.1996762657097776,0.18825262646465815,0.2041647437781766
mlp_V0-fosls,21.30359040604936,0.19928089526652942,0.1879022101091314,0.20373681224799603
mlp_V0-fosls,21.503251198891764,0.19888473872782825,0.18755299629548403,0.20330797999080574
mlp_V0-fosls,21.702911991734165,0.19850012973543615,0.1872031524927041,0.20288289588669833
mlp_V0-fosls,21.90257278457657,0.19813216166871567,0.18685272995833624,0.20246463523837954
mlp_V0-fosls,22.10223357741897,0.19776350874860882,0.1865016490076139,0.2020455087376289
mlp_V0-fosls,22.301894370261376,0.19740022734118415,0.18617212599842603,0.20163366757499804
mlp_V0-fosls,22.501555163103777,0.19703907974427493,0.1858635300594123,0.20122502572943898
mlp_V0-fosls,22.701215955946182,0.196677993424327,0.1855544208945675,0.2008155523356743
mlp_V0-fosls,22.900876748788583,0.19633910667518045,0.18524470340991456,0.20041720234518934
mlp_V0-fosls,23.100537541630988,0.19600029165712018,0.18493444360179445,0.20001853495127203
mlp_V0-fosls,23.30019833447339,0.19565692832908443,0.18462528186189267,0.19961848370116758
mlp_V0-fosls,23.499859127315794,0.19530599736082768,0.18433331229019914,0.19921590199052724
mlp_V0-fosls,23.699519920158195,0.1949544342933694,0.18404087952726386,0.19881250508115783
mlp_V0-fosls,23.8991807130006,0.19462121257254972,0.18374920279038612,0.19843941318687622
mlp_V0-fosls,24.098841505843,0.1942996137106891,0.18345912865132627,0.19809143930260897
mlp_V0-fosls,24.298502298685406,0.1939774807812619,0.18316859513820954,0.19774285307946438
mlp_V0-fosls,24.498163091527807,0.1936628047016538,0.18287109014257755,0.19740499057174812
mlp_V0-fosls,24.697823884370212,0.19334912562484968,0.18256973754073813,0.19706871894094038
mlp_V0-fosls,24.897484677212613,0.19303587910658643,0.18226788669826974,0.19673315743892034
mlp_V0-fosls,25.09714547005502,0.19272375487506305,0.18202248572571691,0.19640559956728956
mlp_V0-fosls,25.29680626289742,0.1924111222076692,0.1817798970007267,0.19607749449359552
mlp_V0-fosls,25.496467055739824,0.19210081117757347,0.18153008340141666,0.19575454495265718
mlp_V0-fosls,25.696127848582226,0.1917940465187794,0.18125745319491318,0.1954388642836981
mlp_V0-fosls,25.89578864142463,0.19148678824447285,0.18098441230583093,0.19512267288908708
mlp_V0-fosls,26.09544943426703,0.19119477450773298,0.18073458351173963,0.19480047697927136
mlp_V0-fosls,26.295110227109433,0.19091411428956956,0.1805059793299962,0.19447556053793666
mlp_V0-fosls,26.494771019951838,0.1906349771972599,0.1802770852621044,0.19415038165015333
mlp_V0-fosls,26.69443181279424,0.1903562018254722,0.18004503647039477,0.1938594509141696
mlp_V0-fosls,26.894092605636644,0.19007513866084724,0.17981202108836816,0.19356808291292876
mlp_V0-fosls,27.093753398479045,0.189796562458463,0.1795782889656576,0.19327924336279442
mlp_V0-fosls,27.29341419132145,0.1895349105400611,0.1793404758087524,0.1929968889482266
mlp_V0-fosls,27.49307498416385,0.18927289686030258,0.1791023468824074,0.192714120843528
mlp_V0-fosls,27.692735777006256,0.1890148060688081,0.17886522580641567,0.1924241422164606
mlp_V0-fosls,27.892396569848657,0.18875660282720563,0.17862989225819526,0.192129058586488
mlp_V0-fosls,28.09205736269106,0.18849805371450046,0.17839424826369496,0.19183352105124804
mlp_V0-fosls,28.291718155533463,0.1882509480788043,0.17817642136176712,0.19155356888097888
mlp_V0-fosls,28.491378948375868,0.18800627548972473,0.17796705346696562,0.19127527863738855
mlp_V0-fosls,28.69103974121827,0.18776446795955745,0.17775743897272378,0.19100240203210261
mlp_V0-fosls,28.890700534060674,0.18752594421235397,0.1775510141247249,0.19075597960964744
mlp_V0-fosls,29.090361326903075,0.18728711477094748,0.17734447979360105,0.19050923844170786
mlp_V0-fosls,29.29002211974548,0.18704688418212084,0.1771402241038465,0.19027193065205625
mlp_V0-fosls,29.48968291258788,0.18680884171839335,0.17694327083235578,0.190045295738114
mlp_V0-fosls,29.689343705430286,0.18657049536435422,0.17674609809029407,0.18981839023212035
mlp_V0-fosls,29.889004498272687,0.18634485340658757,0.17654268089334035,0.1895690796186063
mlp_V0-fosls,30.088665291115092,0.1861244558246139,0.17633387333906358,0.1893135078133172
mlp_V0-fosls,30.288326083957493,0.18590629901708006,0.17612481822987364,0.18909394119800618
mlp_V0-fosls,30.487986876799898,0.18569666462575068,0.17594506143989003,0.18888435202497247
mlp_V0-fosls,30.6876476696423,0.1854865488917683,0.1757713907668118,0.18867453002987028
mlp_V0-fosls,30.887308462484704,0.1852704520295639,0.17559627999337402,0.18847648628393632
mlp_V0-fosls,31.086969255327105,0.18504805295930843,0.17541104261993984,0.18830096400541207
mlp_V0-fosls,31.28663004816951,0.18482538624624398,0.17522560942544127,0.18812527796337242
mlp_V0-fosls,31.48629084101191,0.1846180718072984,0.17504590786465377,0.18794174565780652
mlp_V0-fosls,31.685951633854316,0.18441684374144235,0.17487488204699153,0.18775366425034687
mlp_V0-fosls,31.885612426696717,0.18421477946532822,0.17470368880403628,0.18756539424414176
mlp_V0-fosls,32.08527321953912,0.184009239157836,0.17452996681091368,0.18736983969944773
mlp_V0-fosls,32.28493401238153,0.18380508365021958,0.17435500466791717,0.18717354526763108
mlp_V0-fosls,32.48459480522393,0.18360903504864254,0.17417986677707678,0.18697764677231132
mlp_V0-fosls,32.68425559806633,0.18343056886706893,0.17401478144654633,0.1867836549664003
mlp_V0-fosls,32.88391639090873,0.18325192719725186,0.17384977712419036,0.18658946147278338
mlp_V0-fosls,33.08357718375113,0.18305748354799958,0.17368676067775177,0.18640915732821167
mlp_V0-fosls,33.28323797659354,0.18285563304858304,0.17352953083453657,0.18624202433407697
mlp_V0-fosls,33.48289876943594,0.18265355886865106,0.17337215840087514,0.18607474122055326
mlp_V0-fosls,33.68255956227834,0.18247169353197673,0.1732159697987499,0.18590290145825342
mlp_V0-fosls,33.882220355120744,0.18229260447931833,0.1730607112822588,0.1857298376852064
mlp_V0-fosls,34.08188114796315,0.1821135292904962,0.172905313353064,0.18555793919792063
mlp_V0-fosls,34.28154194080555,0.18193020653924097,0.17275273957240433,0.18539816735167877
mlp_V0-fosls,34.481202733647955,0.1817464467679328,0.17260059181934978,0.185238257698951
mlp_V0-fosls,34.680863526490356,0.18157083020538625,0.17244966789648355,0.18507500602701937
mlp_V0-fosls,34.880524319332764,0.18140966750224635,0.17230775014076066,0.1849065775183893
mlp_V0-fosls,35.080185112175165,0.18124836141900363,0.17216571540098843,0.18473799545092767
mlp_V0-fosls,35.27984590501757,0.18108288692738858,0.17202265628342345,0.18457416650029795
mlp_V0-fosls,35.47950669785997,0.1809138701505701,0.17187817661006577,0.1844124801127427
mlp_V0-fosls,35.679167490702376,0.18074490948594446,0.17173357538581982,0.18425065183978515
mlp_V0-fosls,35.87882828354478,0.18058270988888242,0.1715965090107916,0.1840934011196415
mlp_V0-fosls,36.07848907638718,0.1804215414034146,0.17146263482970575,0.18393614073223347
mlp_V0-fosls,36.27814986922958,0.18025993063058693,0.17132865604095354,0.18378051979424942
mlp_V0-fosls,36.47781066207199,0.1801013767485227,0.17118776313916187,0.18362964068569476
mlp_V0-fosls,36.67747145491439,0.17994268315356562,0.17104666263905122,0.18347863750548793
mlp_V0-fosls,36.87713224775679,0.1797885624202068,0.17090896366651956,0.1833306189095587
mlp_V0-fosls,37.07679304059919,0.1796392353344813,0.1707804507854436,0.1831849313457202
mlp_V0-fosls,37.2764538334416,0.17948982666673113,0.1706518411251251,0.18303912782383608
mlp_V0-fosls,37.476114626284,0.17934722909172163,0.17052321494227254,0.18289523013375716
mlp_V0-fosls,37.6757754191264,0.17920391451734802,0.17039455432450296,0.1827515703211075
mlp_V0-fosls,37.875436211968804,0.1790593756894055,0.17026579648491794,0.18260584159681134
mlp_V0-fosls,38.07509700481121,0.17891844903250473,0.17014339504551645,0.18244838082801976
mlp_V0-fosls,38.27475779765361,0.1787775465980757,0.1700220430898381,0.1822907840464035
mlp_V0-fosls,38.474418590496015,0.17863556006966083,0.16989960475941984,0.18214710370753812
mlp_V0-fosls,38.674079383338416,0.17848652404047055,0.16977082964313736,0.182021461854799
mlp_V0-fosls,38.87374017618082,0.17833736289226265,0.16964195677376295,0.18189573321678398
mlp_V0-fosls,39.073400969023226,0.17820144634471574,0.16952473280976554,0.18175814469800589
mlp_V0-fosls,39.27306176186563,0.17807181119045598,0.16942329002431014,0.18161606377844397
mlp_V0-fosls,39.47272255470803,0.17794188698180868,0.16932178646323284,0.18147432569781685
mlp_V0-fosls,39.67238334755043,0.17781458834842756,0.16920462234580697,0.18135420324068774
mlp_V0-fosls,39.87204414039284,0.17768783896103424,0.1690811247364987,0.18123400116603958
mlp_V0-fosls,40.07170493323524,0.17756148928912718,0.1689575684095883,0.18111577901110756
mlp_V0-fosls,40.27136572607764,0.17743579614332067,0.1688456192489111,0.18100201392503856
mlp_V0-fosls,40.47102651892004,0.17731001389495832,0.16873359581368436,0.1808881772892838
mlp_V0-fosls,40.67068731176245,0.17717673114290056,0.1686231572284809,0.18076954903012624
mlp_V0-fosls,40.87034810460485,0.1770385619442002,0.16851670242696823,0.1806477556898351
mlp_V0-fosls,41.07000889744725,0.1769010199828091,0.1684101803336655,0.1805258801806364
mlp_V0-fosls,41.26966969028965,0.17678250249675323,0.1683043917099375,0.1804020979499609
mlp_V0-fosls,41.46933048313206,0.17666703240770432,0.16819911589048256,0.18027802237667337
mlp_V0-fosls,41.66899127597446,0.1765511951916845,0.16809377413761606,0.18015553259831105
mlp_V0-fosls,41.868652068816864,0.17643858508646126,0.1679861666698565,0.18004005915234195
mlp_V0-fosls,42.068312861659265,0.1763259029306356,0.16787815954608928,0.17992451159688186
mlp_V0-fosls,42.267973654501674,0.17621636440412658,0.16777131150930782,0.17981689769556322
mlp_V0-fosls,42.467634447344075,0.17610582694472565,0.16767095111005276,0.17971778040413117
mlp_V0-fosls,42.667295240186476,0.17599521975883742,0.16757053060352287,0.17961860841772037
mlp_V0-fosls,42.86695603302888,0.17587957799020845,0.16747248705441642,0.1795052139559915
mlp_V0-fosls,43.066616825871286,0.1757644575372328,0.16737740927843087,0.17938770302728316
mlp_V0-fosls,43.26627761871369,0.17565110220079755,0.16728227746335544,0.1792713737297655
mlp_V0-fosls,43.46593841155609,0.17554765073930326,0.1671842843517798,0.1791714223427241
mlp_V0-fosls,43.66559920439849,0.175444702368817,0.1670852156493856,0.1790714151663307
mlp_V0-fosls,43.8652599972409,0.17533626993745885,0.16698639080126945,0.17896478460470353
mlp_V0-fosls,44.0649207900833,0.17521639724875415,0.16690077742172904,0.17884662204811652
mlp_V0-fosls,44.2645815829257,0.175096442406112,0.16681512010342706,0.17872838137082692
mlp_V0-fosls,44.4642423757681,0.1749876775355516,0.16672834142600815,0.17861711450655154
mlp_V0-fosls,44.66390316861051,0.17488451299977775,0.1666391165750175,0.17850946629964312
mlp_V0-fosls,44.86356396145291,0.17478177449092724,0.1665498439240848,0.17840175313746304
mlp_V0-fosls,45.06322475429531,0.17468977506529498,0.16646255551655123,0.17830906735554386
mlp_V0-fosls,45.262885547137714,0.17460016181881152,0.16637659251693995,0.17821714443338466
mlp_V0-fosls,45.462546339980115,0.17450740055907987,0.1662905850792367,0.17812482988905423
mlp_V0-fosls,45.66220713282252,0.1744011175575544,0.1662094443021148,0.17803138604729404
mlp_V0-fosls,45.861867925664924,0.17429476967568275,0.16612890396305963,0.17793789313363464
mlp_V0-fosls,46.061528718507326,0.1741949620167466,0.1660470550018713,0.1778441915620179
mlp_V0-fosls,46.26118951134973,0.17410435978915284,0.16595905031130725,0.17775030190028981
mlp_V0-fosls,46.460850304192135,0.1740137102382423,0.16587099892888912,0.17765636261879456
mlp_V0-fosls,46.66051109703454,0.17391746689871437,0.16578844502524143,0.1775562971970658
mlp_V0-fosls,46.86017188987694,0.17381778197886893,0.16571235955874594,0.17745490624649293
mlp_V0-fosls,47.05983268271934,0.1737196892345277,0.1656362391421838,0.1773551442782576
mlp_V0-fosls,47.25949347556175,0.17363081432170868,0.16554802132164279,0.1772677780228445
mlp_V0-fosls,47.45915426840415,0.1735423922716045,0.16545570562935433,0.1771803686878187
mlp_V0-fosls,47.65881506124655,0.17345315218879925,0.16536414702244856,0.17709303529105322
mlp_V0-fosls,47.85847585408895,0.17336580079529168,0.16529381821868616,0.17700582889586647
mlp_V0-fosls,48.05813664693136,0.17327840532715202,0.16522345947885891,0.17691857951506196
mlp_V0-fosls,48.25779743977376,0.17319624420855864,0.1651517260382588,0.17682462929292903
mlp_V0-fosls,48.45745823261616,0.17311314456464916,0.16507716639372055,0.17672783231389216
mlp_V0-fosls,48.65711902545856,0.17302788352651907,0.16500257305794996,0.17663098228836469
mlp_V0-fosls,48.85677981830097,0.17293399489393363,0.16492955220573968,0.17655085139474982
mlp_V0-fosls,49.05644061114337,0.17284036113903878,0.16485751407748922,0.17647075864020165
mlp_V0-fosls,49.256101403985774,0.17275310867095686,0.16478544445682483,0.17638857922403456
mlp_V0-fosls,49.455762196828175,0.17267384392729979,0.16471177611998974,0.1763012940603399
mlp_V0-fosls,49.65542298967058,0.17259454240332928,0.16463790203671771,0.17621396566114547
mlp_V0-fosls,49.855083782512985,0.17251306451815637,0.1645643247167152,0.17613072196328375
mlp_V0-fosls,50.054744575355386,0.17243221300625353,0.16449213330546875,0.17605042681426866
mlp_V0-fosls,50.25440536819779,0.1723513917499172,0.16441991019733504,0.1759700950265833
mlp_V0-fosls,50.454066161040195,0.17227227108075627,0.16434950028043008,0.17589136543602615
mlp_V0-fosls,50.6537269538826,0.17219350854883486,0.16428108846852696,0.17581283774721113
mlp_V0-fosls,50.853387746725,0.17211479353389414,0.16421264815592276,0.17573563429235195
mlp_V0-fosls,51.0530485395674,0.17203973212746893,0.16414740722553178,0.17566525022273963
mlp_V0-fosls,51.25270933240981,0.17196482565963955,0.16408313866329308,0.17559483794092634
mlp_V0-fosls,51.45237012525221,0.17188944342741594,0.16401870221849935,0.17552118310857662
mlp_V0-fosls,51.65203091809461,0.17181026346675835,0.16395162559538637,0.17544368648968703
mlp_V0-fosls,51.85169171093701,0.17173104685508844,0.16388452151835065,0.175366155624022
mlp_V0-fosls,52.05135250377941,0.17165258165079328,0.16381880670851903,0.1752913563663153
mlp_V0-fosls,52.25101329662182,0.1715766744292843,0.16375584405760607,0.17521744871796122
mlp_V0-fosls,52.45067408946422,0.17150184587525202,0.1636928571888061,0.17514362463965083
mlp_V0-fosls,52.65033488230662,0.17143298517274386,0.16363134530933937,0.1750724215403742
mlp_V0-fosls,52.849995675149025,0.17136465910337279,0.16357070720616226,0.1750011894705463
mlp_V0-fosls,53.04965646799143,0.17129812076778134,0.1635100466151969,0.17493017270606737
mlp_V0-fosls,53.249317260833834,0.17122833012795774,0.1634503901501078,0.17485961527537458
mlp_V0-fosls,53.448978053676235,0.17115851056516757,0.163390808671946,0.17478902936262752
mlp_V0-fosls,53.64863884651864,0.17108712943124588,0.16333124876513297,0.17472187115126328
mlp_V0-fosls,53.848299639361045,0.1710188276689581,0.16327183833361877,0.17465675252959814
mlp_V0-fosls,54.047960432203446,0.17095083603140399,0.16321240627630287,0.17459160962019887
mlp_V0-fosls,54.24762122504585,0.1708852110124103,0.16315423875411583,0.17452287129139302
mlp_V0-fosls,54.44728201788825,0.1708195863325127,0.16309738912974728,0.17445379157252225
mlp_V0-fosls,54.64694281073066,0.17075322603341409,0.16304051968282413,0.17438606551228492
mlp_V0-fosls,54.84660360357306,0.170690044764629,0.16298751346805013,0.17432343878545056
mlp_V0-fosls,55.04626439641546,0.17062692053882506,0.16293559987875428,0.17426078955150678
mlp_V0-fosls,55.24592518925786,0.1705664710065954,0.1628828325510027,0.17419541654169968
mlp_V0-fosls,55.44558598210027,0.17050434063631179,0.16281806921946576,0.17412736728499764
mlp_V0-fosls,55.64524677494267,0.17044218375565867,0.1627532801170886,0.17405929142413704
mlp_V0-fosls,55.84490756778507,0.1703779530388606,0.16269107739884567,0.17399477578480738
mlp_V0-fosls,56.04456836062747,0.17031235434049852,0.16263363689305585,0.17393114384797237
mlp_V0-fosls,56.24422915346988,0.1702467574222658,0.16257617609270883,0.17386770941213114
mlp_V0-fosls,56.44388994631228,0.1701861378970465,0.16252429148259434,0.17380645478721532
mlp_V0-fosls,56.64355073915468,0.17012634704550997,0.16247553164391337,0.17374517856671406
mlp_V0-fosls,56.843211531997085,0.1700631437590595,0.16242675716773178,0.17368457499913795
mlp_V0-fosls,57.04287232483949,0.16999674518481978,0.16237256339690734,0.1736250635486849
mlp_V0-fosls,57.242533117681894,0.16993032060192073,0.16231793632915084,0.1735655316931866
mlp_V0-fosls,57.442193910524296,0.1698723836055242,0.16226422869796947,0.17351063528336777
mlp_V0-fosls,57.6418547033667,0.16981577487778418,0.1622139056183096,0.17345793865843678
mlp_V0-fosls,57.841515496209105,0.1697588399761831,0.16216356692224296,0.17340522601937394
mlp_V0-fosls,58.041176289051506,0.1697016585055542,0.1621128831265307,0.17335178370356055
mlp_V0-fosls,58.24083708189391,0.1696448736659162,0.16206185939437945,0.17329830252672485
mlp_V0-fosls,58.44049787473631,0.1695879118933657,0.16201081959280078,0.17324321501707904
mlp_V0-fosls,58.64015866757871,0.1695365086371548,0.16195639850974325,0.173183621584842
mlp_V0-fosls,58.83981946042112,0.1694850896857355,0.16190107429316727,0.17312400763911867
mlp_V0-fosls,59.03948025326352,0.16943472984505198,0.16184647362575932,0.17307065282116596
mlp_V0-fosls,59.23914104610592,0.16938090019325724,0.16180043245536088,0.17302233441763787
mlp_V0-fosls,59.43880183894832,0.16932683300036838,0.16175437817997382,0.1729740025168906
mlp_V0-fosls,59.63846263179073,0.1692716431430778,0.16170964428015205,0.17292712732318613
mlp_V0-fosls,59.83812342463313,0.1692175291668715,0.16166718831217675,0.17288050302412436
mlp_V0-fosls,60.03778421747553,0.1691639608388336,0.16162472119176668,0.1728316192404533
mlp_V0-fosls,60.237445010317934,0.16911255292158994,0.16157451196170258,0.17276905126384384
mlp_V0-fosls,60.43710580316034,0.1690612940649488,0.16152023670537022,0.17270646062015274
mlp_V0-fosls,60.636766596002744,0.16901200686765244,0.16146594320492255,0.172650800285489
mlp_V0-fosls,60.836427388845145,0.1689606404746761,0.16142837683710712,0.17260422721477842
mlp_V0-fosls,61.036088181687546,0.16890925804702206,0.16139178925532788,0.17255764157406042
mlp_V0-fosls,61.235748974529955,0.16885495278833618,0.1613525101136032,0.17251069267729158
mlp_V0-fosls,61.435409767372356,0.16880256408775934,0.161304422879295,0.17246359831339853
mlp_V0-fosls,61.63507056021476,0.16874996976844708,0.16125632130519546,0.17241642792405792
mlp_V0-fosls,61.83473135305716,0.16870052685728285,0.1612145698881798,0.17236569994467696
mlp_V0-fosls,62.03439214589957,0.16865231024038374,0.16117862961171792,0.17231495703143407
mlp_V0-fosls,62.23405293874197,0.16860539309363903,0.16114268131935713,0.17226374452773552
mlp_V0-fosls,62.43371373158437,0.1685549360471969,0.16109208073516712,0.1722115031969027
mlp_V0-fosls,62.63337452442677,0.16850446387786955,0.1610380222334099,0.17215924601355784
mlp_V0-fosls,62.83303531726918,0.16845935886124344,0.16098581619071256,0.1721117726148327
mlp_V0-fosls,63.03269611011158,0.16841782887475237,0.16095081261624952,0.1720674649765714
mlp_V0-fosls,63.23235690295398,0.16837602023616727,0.16091580142755477,0.1720231459260857
mlp_V0-fosls,63.43201769579638,0.16832896620068086,0.1608777931949472,0.17198638789272838
mlp_V0-fosls,63.63167848863879,0.16827966715197684,0.16083501480616172,0.17195051791864893
mlp_V0-fosls,63.83133928148119,0.16823014251367752,0.16079222503628815,0.1719120265269593
mlp_V0-fosls,64.0310000743236,0.1681892506448605,0.16075450052186757,0.1718621474590724
mlp_V0-fosls,64.230660867166,0.1681492511832296,0.16071922289432253,0.17181225391072064
mlp_V0-fosls,64.4303216600084,0.16810957867382553,0.16068393752169113,0.17176790133472225
mlp_V0-fosls,64.6299824528508,0.16806739833574383,0.1606464077256953,0.17172957110126658
mlp_V0-fosls,64.8296432456932,0.16802519212943567,0.16060877892587053,0.17169123231054945
mlp_V0-fosls,65.02930403853561,0.1679838791002134,0.16056948691700867,0.17164351880064482
mlp_V0-fosls,65.22896483137801,0.16794404461681267,0.16052520325481287,0.17159301993158824
mlp_V0-fosls,65.42862562422042,0.16790423315290107,0.16048090737282905,0.17154330067958504
mlp_V0-fosls,65.62828641706281,0.16786037075978033,0.16044234513667635,0.17150523925332214
mlp_V0-fosls,65.82794720990522,0.1678153217545162,0.16040871901066328,0.17146716937837406
mlp_V0-fosls,66.02760800274763,0.1677718334981667,0.16037508583420146,0.17142715362360253
mlp_V0-fosls,66.22726879559002,0.16773228378053645,0.16034006634783454,0.1713836227686114
mlp_V0-fosls,66.42692958843243,0.16769272472247046,0.16030474885350005,0.1713400808541223
mlp_V0-fosls,66.62659038127484,0.16765260334006388,0.160268975856218,0.1713006274935162
mlp_V0-fosls,66.82625117411723,0.167615971035572,0.16022969145650748,0.17126338216018203
mlp_V0-fosls,67.02591196695964,0.16758008638868946,0.1601903974228611,0.17122612872519402
mlp_V0-fosls,67.22557275980203,0.16754251295760525,0.16015602326381037,0.17117756646095852
mlp_V0-fosls,67.42523355264444,0.16750245320365653,0.16012914825591,0.17112829447303415
mlp_V0-fosls,67.62489434548685,0.1674628337354061,0.16010226873673042,0.1710842655841167
mlp_V0-fosls,67.82455513832925,0.16742780691542458,0.16007135806428824,0.17105747283530098
mlp_V0-fosls,68.02421593117165,0.16739304116790912,0.16003858021537268,0.1710306758892769
mlp_V0-fosls,68.22387672401406,0.1673557409357579,0.16000579565177933,0.17099487410425374
mlp_V0-fosls,68.42353751685646,0.16731499955407603,0.15997376156436577,0.17095093552359142
mlp_V0-fosls,68.62319830969886,0.1672744440706494,0.1599417430658155,0.1709069856467331
mlp_V0-fosls,68.82285910254126,0.167237015923685,0.15990945854608377,0.1708751396989395
mlp_V0-fosls,69.02251989538367,0.16720063035782662,0.15987642830138316,0.17084599627759675
mlp_V0-fosls,69.22218068822608,0.1671643476898953,0.15984339123127028,0.17081575176649288
mlp_V0-fosls,69.42184148106847,0.16713028552654702,0.15981178536595683,0.17077659838998147
mlp_V0-fosls,69.62150227391088,0.1670966996460309,0.15978135634315402,0.17073743603484834
mlp_V0-fosls,69.82116306675329,0.1670651453429829,0.15975092152429443,0.17069972426648886
mlp_V0-fosls,70.02082385959568,0.1670348248943152,0.15971740279167895,0.17066418737778946
mlp_V0-fosls,70.22048465243809,0.16700449891138297,0.15968327637768454,0.17062864308780967
mlp_V0-fosls,70.42014544528048,0.1669682919622496,0.15965005757288842,0.1705961011261336
mlp_V0-fosls,70.61980623812289,0.16693218767827833,0.15962321832990253,0.17056488666590905
mlp_V0-fosls,70.8194670309653,0.16689716769303775,0.15959637457337453,0.17053366649219387
mlp_V0-fosls,71.0191278238077,0.16686383866514834,0.15956879596106008,0.17049782169912772
mlp_V0-fosls,71.2187886166501,0.16682987958337922,0.15954017620778485,0.17046189992618782
mlp_V0-fosls,71.4184494094925,0.1667971232026647,0.15951155131951933,0.1704277381367211
mlp_V0-fosls,71.6181102023349,0.16676784313025073,0.15947979153939573,0.17039817407579133
mlp_V0-fosls,71.81777099517731,0.16673864754238804,0.15944669597745634,0.17036860488461067
mlp_V0-fosls,72.0174317880197,0.16670780971066096,0.1594135935446086,0.17033966891735391
mlp_V0-fosls,72.21709258086211,0.1666786956351137,0.15938559745044373,0.17031120963338536
mlp_V0-fosls,72.41675337370452,0.16664992057782485,0.15935765125818568,0.17028274559302864
mlp_V0-fosls,72.61641416654692,0.16662121049314438,0.1593299425193218,0.17025435903184188
mlp_V0-fosls,72.81607495938933,0.16659091191983394,0.15930286204963157,0.1702259808049302
mlp_V0-fosls,73.01573575223172,0.16656096781112567,0.15927577697565157,0.170196125400685
mlp_V0-fosls,73.21539654507413,0.16653236123997553,0.15924736948597323,0.17015827003038186
mlp_V0-fosls,73.41505733791654,0.16650392940785586,0.15921793926548677,0.17012040623646243
mlp_V0-fosls,73.61471813075893,0.16647066307881392,0.15918850360404294,0.1700893452046632
mlp_V0-fosls,73.81437892360134,0.1664328117730958,0.15916779424544852,0.1700666492160867
mlp_V0-fosls,74.01403971644375,0.1663950757145309,0.1591486138748366,0.1700439501982469
mlp_V0-fosls,74.21370050928614,0.16636313572111294,0.15912819614863005,0.17001405371656367
mlp_V0-fosls,74.41336130212855,0.1663342625848056,0.15910017734008539,0.16998164185023007
mlp_V0-fosls,74.61302209497094,0.16630674049554767,0.1590721535963361,0.16994921454137749
mlp_V0-fosls,74.81268288781335,0.16628124628152735,0.15904557560207466,0.16991651317963116
mlp_V0-fosls,75.01234368065576,0.16625543074068966,0.1590209315894184,0.1698838055231174
mlp_V0-fosls,75.21200447349815,0.16622990798102322,0.15899628375700395,0.16985246814789234
mlp_V0-fosls,75.41166526634056,0.16620332539534527,0.158972129103436,0.16982398084882075
mlp_V0-fosls,75.61132605918297,0.16617672884606927,0.15894816839059608,0.16979548877031597
mlp_V0-fosls,75.81098685202537,0.16614791214554492,0.1589242104609557,0.16976764557434923
mlp_V0-fosls,76.01064764486777,0.16612128645357402,0.15890215949692535,0.16974020278919533
mlp_V0-fosls,76.21030843771017,0.16609456345972218,0.15888010547244255,0.16971275556650553
mlp_V0-fosls,76.40996923055258,0.16606458180986736,0.15885535308776624,0.1696844817520801
mlp_V0-fosls,76.60963002339498,0.16603241092034282,0.1588240911172936,0.169656120908968
mlp_V0-fosls,76.80929081623738,0.16600114276308392,0.15879282299219283,0.1696296100334834
mlp_V0-fosls,77.00895160907979,0.1659765108222986,0.1587697316011329,0.16961045259495863
mlp_V0-fosls,77.20861240192218,0.16595281143888863,0.15875253077255655,0.16959129299236375
mlp_V0-fosls,77.40827319476459,0.1659327711627836,0.15873532808006932,0.16956908630525072
mlp_V0-fosls,77.607933987607,0.16591427145849375,0.15871614714808294,0.16954375105637992
mlp_V0-fosls,77.80759478044939,0.16589571106522374,0.15869666510676697,0.16951841202104825
mlp_V0-fosls,78.0072555732918,0.16587402262758494,0.1586759105574758,0.16949581554107895
mlp_V0-fosls,78.20691636613421,0.1658490251291307,0.15864831079201802,0.1694739634808845
mlp_V0-fosls,78.4065771589766,0.1658224942851132,0.15862070622424243,0.16945113862666214
mlp_V0-fosls,78.60623795181901,0.16579619076425078,0.15859600162317505,0.1694168135392551
mlp_V0-fosls,78.8058987446614,0.16577085768243688,0.15857492354744954,0.16938248149592447
mlp_V0-fosls,79.00555953750381,0.16574741412773036,0.15855384266961428,0.16935357964892295
mlp_V0-fosls,79.20522033034622,0.16572512197104294,0.15853321085061145,0.16933392866927655
mlp_V0-fosls,79.40488112318862,0.16570282681283188,0.15851274140589316,0.16931427540889513
mlp_V0-fosls,79.60454191603102,0.16567941772676603,0.15849228874586566,0.16928894362523875
mlp_V0-fosls,79.80420270887343,0.16565489673550426,0.15847277608766988,0.16926070732178986
mlp_V0-fosls,80.00386350171583,0.16563098073816135,0.1584532610265963,0.1692324663071361
mlp_V0-fosls,80.20352429455824,0.16560989641991386,0.15843418468689033,0.16920969429869695
mlp_V0-fosls,80.40318508740063,0.1655896641685172,0.15841609764283943,0.16918717843117953
mlp_V0-fosls,80.60284588024304,0.16556679704184624,0.15839800853347744,0.16916408649133216
mlp_V0-fosls,80.80250667308545,0.16554334152657219,0.15837892780939225,0.16913924508590983
mlp_V0-fosls,81.00216746592784,0.16552006788014778,0.15835917201502003,0.16911440003150544
mlp_V0-fosls,81.20182825877025,0.16550008886502116,0.15833941375574412,0.16909252384213244
mlp_V0-fosls,81.40148905161266,0.16548083441733907,0.15831850424622468,0.1690731795227027
mlp_V0-fosls,81.60114984445505,0.16546172786059649,0.15829744184030564,0.16905383298976095
mlp_V0-fosls,81.80081063729746,0.16544172392262774,0.15827694064124492,0.1690348404643275
mlp_V0-fosls,82.00047143013985,0.16541976209323883,0.1582591409969251,0.16901591764266172
mlp_V0-fosls,82.20013222298226,0.16539757528549548,0.15824133935042717,0.1689964212072553
mlp_V0-fosls,82.39979301582467,0.16537962049293603,0.15822140030404064,0.16897292475596282
mlp_V0-fosls,82.59945380866706,0.16536316795901337,0.15819895559456196,0.1689494250369278
mlp_V0-fosls,82.79911460150947,0.16534553230548493,0.1581765077002552,0.16892755544162147
mlp_V0-fosls,82.99877539435188,0.16532221469058905,0.15816105143202616,0.16890796362851238
mlp_V0-fosls,83.19843618719428,0.16529902097957305,0.1581479342593003,0.1688883695426646
mlp_V0-fosls,83.39809698003668,0.1652779689350603,0.15813464018615342,0.16886835280451162
mlp_V0-fosls,83.59775777287908,0.16525626811856847,0.15811680754162916,0.1688481620670487
mlp_V0-fosls,83.79741856572149,0.16523307198509926,0.15809897288568636,0.16882797308782452
mlp_V0-fosls,83.9970793585639,0.16520983437854558,0.158079244771231,0.16880944506062345
mlp_V0-fosls,84.19674015140629,0.1651883290203222,0.15805558611056342,0.16879091499961746
mlp_V0-fosls,84.3964009442487,0.16517096912955204,0.15803192390800253,0.16877172148956238
mlp_V0-fosls,84.59606173709109,0.1651575089835719,0.1580168730078454,0.16875094321006182
mlp_V0-fosls,84.7957225299335,0.1651442119802216,0.15800726512036645,0.1687301623718196
mlp_V0-fosls,84.99538332277591,0.16512521549100412,0.15799765664862883,0.16870952591714775
mlp_V0-fosls,85.1950441156183,0.16510378724744357,0.15798033439048423,0.1686889902035591
mlp_V0-fosls,85.39470490846071,0.16508337201377107,0.1579621828656444,0.16866845198970723
mlp_V0-fosls,85.59436570130312,0.16506548469941462,0.1579442062902462,0.16865234600491186
mlp_V0-fosls,85.79402649414551,0.16504671180488104,0.15792696930547467,0.1686368452167572
mlp_V0-fosls,85.99368728698792,0.16502673062759748,0.1579097304391621,0.16862051619968377
mlp_V0-fosls,86.19334807983032,0.1650072587003859,0.15789365390968313,0.16860020610473983
mlp_V0-fosls,86.39300887267272,0.16498824101388782,0.15787883274793604,0.16857989356288514
mlp_V0-fosls,86.59266966551513,0.16497027479815357,0.15786401019469487,0.1685595568264555
mlp_V0-fosls,86.79233045835753,0.16495414466507363,0.15785017647493763,0.16853919258098318
mlp_V0-fosls,86.99199125119993,0.16493809020172157,0.15783663910559553,0.16851882587464342
mlp_V0-fosls,87.19165204404234,0.16492212967147518,0.15782292628267677,0.16850381067051917
mlp_V0-fosls,87.39131283688474,0.16490534903112727,0.15780635575761465,0.1684905150394578
mlp_V0-fosls,87.59097362972715,0.16488928564864097,0.15778978349237455,0.1684768542370615
mlp_V0-fosls,87.79063442256954,0.16487551101588616,0.157772059234138,0.1684561548873536
mlp_V0-fosls,87.99029521541195,0.16486243368702352,0.1577521574684,0.1684354529938637
mlp_V0-fosls,88.18995600825436,0.16484648303084953,0.1577322531915695,0.16841815765837312
mlp_V0-fosls,88.38961680109675,0.164826049564759,0.15771671022638714,0.16840743130025382
mlp_V0-fosls,88.58927759393916,0.16480542445275798,0.15770368342209082,0.16839670425889813
mlp_V0-fosls,88.78893838678157,0.16478820296439362,0.15769065554165193,0.16837993290694114
mlp_V0-fosls,88.98859917962396,0.16477283951480967,0.15768012309758894,0.16835966953701978
mlp_V0-fosls,89.18825997246637,0.16475769472193313,0.15766979863214,0.1683394037279538
mlp_V0-fosls,89.38792076530876,0.1647425484521609,0.15765877432702666,0.1683266600286618
mlp_V0-fosls,89.58758155815117,0.16472693464804006,0.15764512755090251,0.1683145094122846
mlp_V0-fosls,89.78724235099358,0.16471073535534217,0.15763147959332335,0.16830163214186028
mlp_V0-fosls,89.98690314383597,0.16469507342999984,0.15761574934087125,0.16828617529622458
mlp_V0-fosls,90.18656393667838,0.1646796308617389,0.15759793119103688,0.16827071703076918
mlp_V0-fosls,90.38622472952078,0.16466534970620061,0.15758011102644023,0.16825467209699596
mlp_V0-fosls,90.58588552236318,0.16465411376459332,0.1575667863517291,0.16823806680438982
mlp_V0-fosls,90.7855463152056,0.164642803596177,0.157554675850161,0.16822145987266024
mlp_V0-fosls,90.98520710804799,0.16462894458019817,0.15754246688332837,0.1682096778105893
mlp_V0-fosls,91.1848679008904,0.16461158098905543,0.15752905436823603,0.16819906869178194
mlp_V0-fosls,91.3845286937328,0.16459415217799056,0.15751564071106303,0.16818779795414737
mlp_V0-fosls,91.5841894865752,0.16457977309491073,0.15750253288129587,0.1681703951813219
mlp_V0-fosls,91.7838502794176,0.16456685622223632,0.1574899647998093,0.16815299060741934
mlp_V0-fosls,91.98351107226,0.16455437399712344,0.15747739571527933,0.16813754561292638
mlp_V0-fosls,92.18317186510241,0.1645413354994235,0.15746749182593148,0.16812517529457474
mlp_V0-fosls,92.38283265794482,0.16452817006206738,0.15745902225644026,0.1681128040659725
mlp_V0-fosls,92.58249345078721,0.16451312059251227,0.15745055223135457,0.16809850229993306
mlp_V0-fosls,92.78215424362962,0.16449646374535465,0.15743782971145842,0.16808329975164416
mlp_V0-fosls,92.98181503647203,0.16448075804909948,0.157424827569768,0.16806809582821336
mlp_V0-fosls,93.18147582931442,0.16446792861440618,0.1574115650082302,0.16805311656038327
mlp_V0-fosls,93.38113662215683,0.16445611077916078,0.15739741260475998,0.16803814185978835
mlp_V0-fosls,93.58079741499922,0.16444426146232627,0.15738325892866065,0.16802383177077626
mlp_V0-fosls,93.78045820784163,0.16443201946075997,0.15737220049916342,0.16801134605397913
mlp_V0-fosls,93.98011900068404,0.164419706588215,0.15736408064075091,0.16799885940924045
mlp_V0-fosls,94.17977979352644,0.16440366553641744,0.1573559603633387,0.1679849543674148
mlp_V0-fosls,94.37944058636884,0.1643871960989604,0.15734396298901449,0.16796993482211195
mlp_V0-fosls,94.57910137921125,0.16437185172585875,0.15733100590590848,0.16795491393367046
mlp_V0-fosls,94.77876217205365,0.16436095922689947,0.15731824042754763,0.16794348563845005
mlp_V0-fosls,94.97842296489605,0.16435169902124497,0.1573074343013937,0.16793267864722078
mlp_V0-fosls,95.17808375773845,0.16434197521744168,0.1572966274328694,0.1679210651299041
mlp_V0-fosls,95.37774455058086,0.16433001882771792,0.15728691727842323,0.16790470124626317
mlp_V0-fosls,95.57740534342327,0.16431731455675916,0.15727901549044093,0.16788833576765327
mlp_V0-fosls,95.77706613626566,0.16430459732651242,0.15727111330544832,0.1678744234946939
mlp_V0-fosls,95.97672692910807,0.16429355239871576,0.1572590184485499,0.16786366557060042
mlp_V0-fosls,96.17638772195048,0.16428250514490575,0.15724481680593047,0.16785290695701677
mlp_V0-fosls,96.37604851479287,0.16427128492603565,0.15723061388056686,0.16784077700403158
mlp_V0-fosls,96.57570930763528,0.16425967118954232,0.15722083479358817,0.16782813816190056
mlp_V0-fosls,96.77537010047767,0.1642480370442772,0.15721126982105574,0.16781562791113608
mlp_V0-fosls,96.97503089332008,0.1642355022540942,0.15720250350423617,0.16780899676603792
mlp_V0-fosls,97.17469168616249,0.1642223402614783,0.15719624438715862,0.1678023653588929
mlp_V0-fosls,97.37435247900488,0.16420909856763577,0.15718998502085055,0.16779506600539043
mlp_V0-fosls,97.57401327184729,0.16419773387781436,0.15717989236019494,0.16778630254158203
mlp_V0-fosls,97.77367406468969,0.16418668499095473,0.15716638497579702,0.16777753862003478
mlp_V0-fosls,97.9733348575321,0.16417675126576287,0.15715287643043127,0.16776631917302934
mlp_V0-fosls,98.1729956503745,0.16416631788258507,0.15714501990998514,0.1677534957955301
mlp_V0-fosls,98.3726564432169,0.16415584673933095,0.15713842936685588,0.16774067143771398
mlp_V0-fosls,98.5723172360593,0.16414524113182696,0.15713160784582333,0.1677271497201269
mlp_V0-fosls,98.77197802890171,0.16413456556829203,0.15712281548051305,0.16771354736034627
mlp_V0-fosls,98.97163882174411,0.16412492029357378,0.1571140226231672,0.1676996809731904
mlp_V0-fosls,99.17129961458652,0.16411706498422773,0.15710453738647343,0.1676846904375831
mlp_V0-fosls,99.37096040742891,0.16410960975785116,0.1570939849370465,0.16766969856174466
mlp_V0-fosls,99.57062120027132,0.16409864595839477,0.15708343177873393,0.16765864275552633
mlp_V0-fosls,99.77028199311373,0.16408533314405377,0.15707182711959886,0.16765182040451745
mlp_V0-fosls,99.96994278595612,0.16407247001934083,0.15705972967999743,0.1676449977758715
mlp_V0-fosls,100.16960357879853,0.16406174879672075,0.15704763130852553,0.16763604394944606
mlp_V0-fosls,100.36926437164094,0.16405202234565813,0.15704048414407074,0.16762646637102788
mlp_V0-fosls,100.56892516448333,0.1640428582592729,0.15703349675888936,0.16761705502372898
mlp_V0-fosls,100.76858595732574,0.16403387925981028,0.157025431524265,0.16761000772628096
mlp_V0-fosls,100.96824675016813,0.16402467491691197,0.15701423497945097,0.1676029601325112
mlp_V0-fosls,101.16790754301054,0.16401333699650628,0.1570030376361644,0.16759297945024407
mlp_V0-fosls,101.36756833585295,0.16400267610616728,0.15699382133282877,0.16757774719683358
mlp_V0-fosls,101.56722912869535,0.1639924669108581,0.15698626719748437,0.16756251355873664
mlp_V0-fosls,101.76688992153775,0.16398541406712597,0.15697871269861963,0.16755448381496876
mlp_V0-fosls,101.96655071438016,0.163978700182159,0.1569708765905573,0.16755032397268071
mlp_V0-fosls,102.16621150722256,0.16397156546383085,0.15696298302165893,0.16754616402711195
mlp_V0-fosls,102.36587230006496,0.1639625220888833,0.15695523485057752,0.16753598709577977
mlp_V0-fosls,102.56553309290736,0.16395216149800862,0.15694856214395433,0.16752544860735027
mlp_V0-fosls,102.76519388574977,0.16394126537162346,0.1569418891536273,0.16751604160192418
mlp_V0-fosls,102.96485467859218,0.16393211976703123,0.156933558373578,0.16751030493292968
mlp_V0-fosls,103.16451547143457,0.16392354915197382,0.15692281288007406,0.1675045680674667
mlp_V0-fosls,103.36417626427698,0.16391439047791756,0.1569120666507081,0.1675007224881825
mlp_V0-fosls,103.56383705711937,0.16390519449002852,0.15690409988471926,0.1674985682821502
mlp_V0-fosls,103.76349784996178,0.16389650981734352,0.15689735107164418,0.1674964140484122
mlp_V0-fosls,103.96315864280419,0.163889293141052,0.15689060196826188,0.16749087622635125
mlp_V0-fosls,104.16281943564658,0.16388227452565235,0.15688180386697254,0.16748459735830853
mlp_V0-fosls,104.36248022848899,0.16387451234852315,0.15687296953478333,0.16747738377668442
mlp_V0-fosls,104.5621410213314,0.16386425645451214,0.15686495360057953,0.1674628422470216
mlp_V0-fosls,104.7618018141738,0.16385293761463984,0.15685914373168244,0.16744829945454462
mlp_V0-fosls,104.9614626070162,0.16384368694885676,0.15685333364758705,0.1674347187480764
mlp_V0-fosls,105.1611233998586,0.16383821540490529,0.1568481763689624,0.16742254939302811
mlp_V0-fosls,105.360784192701,0.16383262615695715,0.15684353512448243,0.16741037915336798
mlp_V0-fosls,105.56044498554341,0.16382471382376645,0.15683889374265672,0.1674048004052111
mlp_V0-fosls,105.7601057783858,0.16381535583439608,0.15682982119354083,0.16740206555953488
mlp_V0-fosls,105.95976657122822,0.1638062388600839,0.1568199431512529,0.16739933066917878
mlp_V0-fosls,106.15942736407062,0.1637984158871858,0.15681028110366801,0.16739424341591524
mlp_V0-fosls,106.35908815691302,0.16379153558371418,0.15680202224865716,0.16738913471478795
mlp_V0-fosls,106.55874894975543,0.16378545740476547,0.15679376295862463,0.16738315616893581
mlp_V0-fosls,106.75840974259782,0.16377946710820218,0.15678664563560646,0.1673749804156948
mlp_V0-fosls,106.95807053544023,0.16377338962876933,0.15678112212124398,0.16736680426307382
mlp_V0-fosls,107.15773132828264,0.16376629272697935,0.15677559841227715,0.16735979739366605
mlp_V0-fosls,107.35739212112503,0.16375851431355704,0.1567708423278594,0.16735365020589074
mlp_V0-fosls,107.55705291396744,0.16375033297181246,0.15676640703721414,0.16734750279231037
mlp_V0-fosls,107.75671370680985,0.16374193290218605,0.1567619716210805,0.1673405133378408
mlp_V0-fosls,107.95637449965224,0.16373442887032874,0.1567531690806481,0.16733339626785373
mlp_V0-fosls,108.15603529249465,0.16372913386394072,0.1567443407073778,0.16732562280467111
mlp_V0-fosls,108.35569608533704,0.16372361288543197,0.15673556846514936,0.16731441858764295
mlp_V0-fosls,108.55535687817945,0.16371737797907662,0.15672693941484028,0.1673032136202737
mlp_V0-fosls,108.75501767102186,0.16371090349684453,0.15671830988940796,0.16729395999938643
mlp_V0-fosls,108.95467846386425,0.16370364755517192,0.15671111088877263,0.1672870624962545
mlp_V0-fosls,109.15433925670666,0.16369592817607503,0.15670499012572914,0.16728016470871615
mlp_V0-fosls,109.35400004954906,0.1636874044140686,0.15669886912360453,0.16727160320352016
mlp_V0-fosls,109.55366084239147,0.1636809551729427,0.15669518170067662,0.16726247483956455
mlp_V0-fosls,109.75332163523387,0.1636750388728756,0.15669189592698043,0.16725358880305097
mlp_V0-fosls,109.95298242807627,0.1636682824241505,0.15668803153420885,0.16725078162460866
mlp_V0-fosls,110.15264322091868,0.16366041890856714,0.15668075528649453,0.1672479743990492
mlp_V0-fosls,110.35230401376108,0.16365189538289573,0.15667347870085588,0.16724351049772027
mlp_V0-fosls,110.55196480660348,0.1636453403102936,0.15666618487902917,0.16723569456109694
mlp_V0-fosls,110.75162559944589,0.16363934485629614,0.15665886865320322,0.1672278782591705
mlp_V0-fosls,110.95128639228828,0.16363451292469136,0.1566515520856816,0.16722312838124964
mlp_V0-fosls,111.15094718513069,0.1636292253066181,0.15664764230881958,0.16722023184881235
mlp_V0-fosls,111.3506079779731,0.1636235493283647,0.15664504802087265,0.16721733526620142
mlp_V0-fosls,111.55026877081549,0.16361714699235935,0.15664242526475095,0.16721069690847107
mlp_V0-fosls,111.7499295636579,0.16361054059665064,0.1566370793514552,0.16720368068176747
mlp_V0-fosls,111.94959035650031,0.163604448432775,0.156631733255701,0.16719676615387008
mlp_V0-fosls,112.1492511493427,0.1635983902771212,0.1566276111889988,0.16719025606169965
mlp_V0-fosls,112.34891194218511,0.16359225484276174,0.1566263615375889,0.1671837457160279
mlp_V0-fosls,112.5485727350275,0.16358674949543664,0.15662511187620856,0.16717642082542744
mlp_V0-fosls,112.74823352786991,0.16358196527832503,0.15662040818685488,0.1671682615987315
mlp_V0-fosls,112.94789432071232,0.16357671485988973,0.15661327048361418,0.16716010197377676
mlp_V0-fosls,113.14755511355472,0.16357044234070434,0.1566061324550554,0.167151636858042
mlp_V0-fosls,113.34721590639712,0.16356442499302334,0.15659742706932844,0.16714308828625418
mlp_V0-fosls,113.54687669923953,0.16355935474146377,0.15658850045162537,0.1671349860178394
mlp_V0-fosls,113.74653749208193,0.16355410405303927,0.15658049456851547,0.16713212374406436
mlp_V0-fosls,113.94619828492434,0.16354825604703185,0.1565771324012109,0.1671292614212697
mlp_V0-fosls,114.14585907776673,0.16354199585204443,0.15657377016170926,0.16712526047223888
mlp_V0-fosls,114.34551987060914,0.16353661033902628,0.15656926803011212,0.16711932512020777
mlp_V0-fosls,114.54518066345155,0.16353098679249523,0.1565634021093422,0.16711338955737126
mlp_V0-fosls,114.74484145629394,0.16352375842173703,0.15655753596878708,0.16710776336766395
mlp_V0-fosls,114.94450224913635,0.16351681194520123,0.15655405817726886,0.16710229453377332
mlp_V0-fosls,115.14416304197876,0.16351176232570414,0.1565514035078147,0.16709682552089578
mlp_V0-fosls,115.34382383482115,0.16350867347823866,0.15654860221194838,0.16708981536997272
mlp_V0-fosls,115.54348462766356,0.16350542733951662,0.15654104886899048,0.16708273231359452
mlp_V0-fosls,115.74314542050595,0.1634994526192225,0.15653349516155476,0.1670760271729266
mlp_V0-fosls,115.94280621334836,0.16349327248641515,0.15652749188404305,0.16707046898171352
mlp_V0-fosls,116.14246700619077,0.16348742077142261,0.1565247766724037,0.16706491060558135
mlp_V0-fosls,116.34212779903316,0.163483277520096,0.15652206141366312,0.16706053696338263
mlp_V0-fosls,116.54178859187557,0.1634776889104358,0.15651773480824885,0.16705716811554272
mlp_V0-fosls,116.74144938471797,0.16347249138124953,0.1565123769648488,0.1670537991997658
mlp_V0-fosls,116.94111017756038,0.16346907334583136,0.15650701893802896,0.16705176249248738
mlp_V0-fosls,117.14077097040278,0.16346785922569906,0.1565018486911006,0.1670499912648915
mlp_V0-fosls,117.34043176324518,0.16346460794190176,0.15649669891307177,0.16704713063764795
mlp_V0-fosls,117.54009255608759,0.16345790196270604,0.15649167337929298,0.16703677513957219
mlp_V0-fosls,117.73975334893,0.16344974877945273,0.15648717783974392,0.16702641899946424
mlp_V0-fosls,117.93941414177239,0.16344313072178587,0.156482682171044,0.167018633915309
mlp_V0-fosls,118.1390749346148,0.1634371295143989,0.15647819080131134,0.16701441010137222
mlp_V0-fosls,118.33873572745719,0.16343172545794304,0.1564737041218319,0.16701018618061197
mlp_V0-fosls,118.5383965202996,0.16342843023099413,0.1564692173136991,0.16700510136567132
mlp_V0-fosls,118.73805731314201,0.16342661113551826,0.15646530043481022,0.1669996652709891
mlp_V0-fosls,118.9377181059844,0.16342377921611845,0.15646155499300685,0.1669942339574962
mlp_V0-fosls,119.13737889882681,0.16341977884575085,0.15645783118120707,0.1669912841776854
mlp_V0-fosls,119.33703969166922,0.16341547149236274,0.1564544633873973,0.16698833434576799
mlp_V0-fosls,119.53670048451161,0.1634118567811994,0.1564510955210918,0.16698482712305462
mlp_V0-fosls,119.73636127735402,0.16340716442911057,0.15644741420123814,0.1669799851024518
mlp_V0-fosls,119.93602207019642,0.1634020433217541,0.15644314076418966,0.16697514294143787
mlp_V0-fosls,120.13568286303882,0.16339665002760095,0.15643886721040381,0.16697124836471056
mlp_V0-fosls,120.33534365588123,0.16339337375812013,0.15643632662763696,0.16696803459441678
mlp_V0-fosls,120.53500444872363,0.1633906714063431,0.15643478094844812,0.16696482076226377
mlp_V0-fosls,120.73466524156603,0.16338813756291568,0.1564332352539868,0.1669634460983594
mlp_V0-fosls,120.93432603440844,0.1633844226097813,0.15642887792647336,0.16696233561740323
mlp_V0-fosls,121.13398682725084,0.1633780894461604,0.15642428834744915,0.16696042955619064
mlp_V0-fosls,121.33364762009325,0.1633708536379609,0.15642028488875678,0.1669545540238039
mlp_V0-fosls,121.53330841293564,0.1633637196334206,0.15641847051993074,0.1669486782846358
mlp_V0-fosls,121.73296920577805,0.16335767866530893,0.15641665613005878,0.16694271021775992
mlp_V0-fosls,121.93262999862046,0.16335421526746155,0.15641229072090176,0.16693663348193638
mlp_V0-fosls,122.13229079146285,0.16335154165742363,0.1564052079397815,0.16693055652490277
mlp_V0-fosls,122.33195158430526,0.16334999388186724,0.15639812483790425,0.16692712777853966
mlp_V0-fosls,122.53161237714765,0.16334740018879498,0.156393822257847,0.16692457268909192
mlp_V0-fosls,122.73127316999006,0.1633451253355007,0.15639033614601472,0.16692198948400747
mlp_V0-fosls,122.93093396283247,0.16334239977330522,0.15638697545426816,0.1669188003605749
mlp_V0-fosls,123.13059475567486,0.16333904831346285,0.1563855112805013,0.1669156111762103
mlp_V0-fosls,123.33025554851727,0.1633330782193435,0.15638404709302584,0.16691236819965546
mlp_V0-fosls,123.52991634135968,0.1633277665979137,0.15638183291270089,0.16690901898841026
mlp_V0-fosls,123.72957713420207,0.1633230851704645,0.15637822068606616,0.16690566970995813
mlp_V0-fosls,123.92923792704448,0.16332020857691515,0.15637460837598965,0.16690186620087133
mlp_V0-fosls,124.12889871988688,0.16331763736918503,0.15637155602080796,0.16689779447845834
mlp_V0-fosls,124.32855951272929,0.16331435361008373,0.1563688227089964,0.16689372265670713
mlp_V0-fosls,124.5282203055717,0.16331009696877508,0.156366089349406,0.16688877036455016
mlp_V0-fosls,124.72788109841409,0.16330554671740416,0.15636299002767196,0.16688374216014115
mlp_V0-fosls,124.9275418912565,0.16330155288396045,0.15635986155514459,0.16687948393582705
mlp_V0-fosls,125.1272026840989,0.16329772351514438,0.1563568484980665,0.16687807603878654
mlp_V0-fosls,125.3268634769413,0.1632939048039356,0.1563542564159278,0.16687666812986798
mlp_V0-fosls,125.5265242697837,0.1632902510322843,0.15635166429081612,0.16687350941198842
mlp_V0-fosls,125.7261850626261,0.1632862834559515,0.15634852847300687,0.1668686367552846
mlp_V0-fosls,125.92584585546851,0.1632829907064225,0.1563448568666456,0.16686376395629235
mlp_V0-fosls,126.12550664831092,0.16328091022343236,0.15634118517405823,0.16685876055295407
mlp_V0-fosls,126.32516744115331,0.16327879634142606,0.15633951435154939,0.16685372389931902
mlp_V0-fosls,126.52482823399572,0.1632758193684648,0.15633837208196597,0.16684889960465807
mlp_V0-fosls,126.72448902683813,0.16327264356356375,0.15633695032374464,0.16684621564386384
mlp_V0-fosls,126.92414981968052,0.16326968338414594,0.1563322781707433,0.16684353163989357
mlp_V0-fosls,127.12381061252293,0.16326601654416034,0.15632760587810562,0.16683966808943926
mlp_V0-fosls,127.32347140536532,0.16326238746499128,0.15632341495249696,0.16683390043691237
mlp_V0-fosls,127.52313219820773,0.16325883448765796,0.15632005392764772,0.1668281325849838
mlp_V0-fosls,127.72279299105014,0.16325547612500313,0.15631669283053182,0.1668252885597929
mlp_V0-fosls,127.92245378389254,0.16325213795225954,0.1563145610480116,0.16682384951624568
mlp_V0-fosls,128.12211457673493,0.16324890169736483,0.1563130715034991,0.166822410460285
mlp_V0-fosls,128.32177536957735,0.16324583779981633,0.15631158194479222,0.1668203526786474
mlp_V0-fosls,128.52143616241975,0.16324289084512872,0.15630989787860652,0.16681827416138792
mlp_V0-fosls,128.72109695526214,0.1632407346368151,0.15630820245565685,0.1668158441417733
mlp_V0-fosls,128.92075774810456,0.1632397547439009,0.15630649128984814,0.16681241454320422
mlp_V0-fosls,129.12041854094696,0.16323914382423238,0.1563047280161529,0.16680898487412246
mlp_V0-fosls,129.32007933378935,0.16323816460853813,0.15630296472256594,0.16680624771730446
mlp_V0-fosls,129.51974012663177,0.16323516223454548,0.15629941311712728,0.16680407038301134
mlp_V0-fosls,129.71940091947417,0.16323177005844147,0.15629420024572366,0.16680189302029658
mlp_V0-fosls,129.91906171231656,0.16322754634410283,0.15628898720044967,0.16679851622129102
mlp_V0-fosls,130.11872250515898,0.16322265317455542,0.1562855319615332,0.16679491951541
mlp_V0-fosls,130.31838329800138,0.16321905151226815,0.15628249998903276,0.1667912886879598
mlp_V0-fosls,130.51804409084377,0.16321660290635887,0.15627965960263845,0.16678744457703104
mlp_V0-fosls,130.71770488368617,0.16321459823691203,0.15627867468508627,0.1667836003775013
mlp_V0-fosls,130.9173656765286,0.16321085144542494,0.15627768976132678,0.16678070699606828
mlp_V0-fosls,131.11702646937098,0.16320851109308446,0.1562760364775203,0.1667790735102229
mlp_V0-fosls,131.31668726221338,0.16320687823524693,0.15627330620124255,0.1667774400083785
mlp_V0-fosls,131.5163480550558,0.16320641168577127,0.15627057587726287,0.16677570685135734
mlp_V0-fosls,131.7160088478982,0.16320580225821057,0.15626817416406316,0.16677393543005603
mlp_V0-fosls,131.9156696407406,0.16320454577938226,0.1562659328611424,0.1667721303408452
mlp_V0-fosls,132.115330433583,0.16320213306530187,0.1562636915260745,0.16676806559525836
mlp_V0-fosls,132.3149912264254,0.1631988561035391,0.15626121832708897,0.16676400075059641
mlp_V0-fosls,132.5146520192678,0.16319527786527116,0.15625873535234366,0.16676113910731355
mlp_V0-fosls,132.71431281211022,0.16319207872940938,0.1562558123985742,0.16676099677897968
mlp_V0-fosls,132.91397360495262,0.16318933689254192,0.15625155007372082,0.16676085445052435
mlp_V0-fosls,133.113634397795,0.16318805072590878,0.156247287632594,0.16675835957596333
mlp_V0-fosls,133.31329519063743,0.16318711859512042,0.15624517121365195,0.1667542916124286
mlp_V0-fosls,133.51295598347983,0.16318573070792775,0.15624491397966958,0.1667502235496537
mlp_V0-fosls,133.71261677632222,0.16318357614930712,0.15624465674526372,0.16674779478391266
mlp_V0-fosls,133.91227756916462,0.16318087437732465,0.15624200521190812,0.16674556464225604
mlp_V0-fosls,134.11193836200704,0.16317728994285202,0.1562388446169064,0.16674349022143176
mlp_V0-fosls,134.31159915484943,0.16317389294639667,0.1562358880072212,0.16674210365543013
mlp_V0-fosls,134.51125994769183,0.16317084784168928,0.1562345388771417,0.16674071707789823
mlp_V0-fosls,134.71092074053425,0.16316868789449657,0.15623318973541195,0.16673724532256365
mlp_V0-fosls,134.91058153337664,0.1631682034594476,0.15623176584810697,0.1667314932176256
mlp_V0-fosls,135.11024232621904,0.1631682904679491,0.15623022971721995,0.16672574091423759
mlp_V0-fosls,135.30990311906146,0.16316838865427838,0.1562286935712288,0.16672322474071158
mlp_V0-fosls,135.50956391190385,0.1631655430615339,0.15622763022973948,0.1667216734120482
mlp_V0-fosls,135.70922470474625,0.16316189984571638,0.15622678605931362,0.1667200722936621
mlp_V0-fosls,135.90888549758867,0.1631586602065394,0.15622594188432626,0.16671772466063997
mlp_V0-fosls,136.10854629043106,0.16315633208997274,0.15622354177644215,0.16671537699455924
mlp_V0-fosls,136.30820708327346,0.16315372462525984,0.15622109606871448,0.16671341322587116
mlp_V0-fosls,136.50786787611585,0.16315084493289128,0.15621916585386525,0.1667121480900849
mlp_V0-fosls,136.70752866895828,0.16314804729879406,0.15621869529960342,0.16671088294469777
mlp_V0-fosls,136.90718946180067,0.16314572128657745,0.1562182247439242,0.16670916886639817
mlp_V0-fosls,137.10685025464306,0.16314273198515128,0.1562155543886145,0.1667072107514886
mlp_V0-fosls,137.3065110474855,0.1631399090340605,0.156211082244192,0.16670525261357905
mlp_V0-fosls,137.50617184032788,0.1631375666905567,0.1562066099717335,0.16670465842386778
mlp_V0-fosls,137.70583263317027,0.16313585460607433,0.15620596741216367,0.16670415077471196
mlp_V0-fosls,137.9054934260127,0.1631339649121652,0.1562060641393474,0.1667026742164668
mlp_V0-fosls,138.1051542188551,0.16313240584334604,0.15620595404393728,0.16669801005640947
mlp_V0-fosls,138.30481501169749,0.16313097789478853,0.15620441051949582,0.16669334576584668
mlp_V0-fosls,138.5044758045399,0.16312896571527435,0.15620286697980196,0.16668945675428182
mlp_V0-fosls,138.7041365973823,0.16312700014825238,0.15620073815407365,0.16668626628953825
mlp_V0-fosls,138.9037973902247,0.16312528482054878,0.15619778248098395,0.16668307576372635
mlp_V0-fosls,139.10345818306712,0.16312377316052712,0.15619482675196408,0.16668255290495282
mlp_V0-fosls,139.3031189759095,0.16312173187030315,0.156194113494832,0.1666826210024805
mlp_V0-fosls,139.5027797687519,0.16312027409177993,0.1561943464595519,0.1666825897538364
mlp_V0-fosls,139.7024405615943,0.16311945483007115,0.15619457942392437,0.16668176284423022
mlp_V0-fosls,139.90210135443672,0.16311902896748848,0.15619241420652097,0.16668093593052172
mlp_V0-fosls,140.10176214727912,0.16311819581868325,0.15619022535567495,0.1666799522464066
mlp_V0-fosls,140.3014229401215,0.16311759623296385,0.1561883371247894,0.16667873482079032
mlp_V0-fosls,140.50108373296393,0.16311686815664192,0.15618723350983751,0.16667751738628184
mlp_V0-fosls,140.70074452580633,0.1631155699310367,0.15618612988708744,0.16667526439541666
mlp_V0-fosls,140.90040531864872,0.16311286997137103,0.15618520469977157,0.1666725538645744
mlp_V0-fosls,141.10006611149115,0.1631107310500622,0.15618441705200983,0.16666984328965115
mlp_V0-fosls,141.29972690433354,0.1631093119337076,0.15618362940027594,0.1666674715769141
mlp_V0-fosls,141.49938769717593,0.16310845751262168,0.15618230080156045,0.1666651043423327
mlp_V0-fosls,141.69904849001836,0.1631061966277345,0.15618088004255884,0.16666296227509902
mlp_V0-fosls,141.89870928286075,0.16310418460706438,0.15617951026661897,0.16666140121995893
mlp_V0-fosls,142.09837007570314,0.1631023428370758,0.15617844580781837,0.16665984015019683
mlp_V0-fosls,142.29803086854554,0.16310026485706103,0.15617738134176276,0.1666583787330229
mlp_V0-fosls,142.49769166138796,0.16309826153176515,0.15617503076871037,0.1666569915506933
mlp_V0-fosls,142.69735245423036,0.16309721858932907,0.156170987166631,0.16665560435681728
mlp_V0-fosls,142.89701324707275,0.16309679563785198,0.1561669434598514,0.1666550591367614
mlp_V0-fosls,143.09667403991517,0.16309495328122414,0.1561657077068994,0.1666546442622421
mlp_V0-fosls,143.29633483275757,0.16309229967575703,0.15616555813046265,0.16665423593352222
mlp_V0-fosls,143.49599562559996,0.1630902414001721,0.15616538902877927,0.16665386236527138
mlp_V0-fosls,143.69565641844238,0.16308888291825244,0.15616326429828062,0.1666534887961832
mlp_V0-fosls,143.89531721128478,0.16308675305691073,0.15616113953887287,0.16665211666664165
mlp_V0-fosls,144.09497800412717,0.163084307513667,0.15615899653518625,0.16664952815685102
mlp_V0-fosls,144.2946387969696,0.1630823801689242,0.1561568106934527,0.16664693960685334
mlp_V0-fosls,144.494299589812,0.16308146239693028,0.15615462482112186,0.16664492675279566
mlp_V0-fosls,144.69396038265438,0.16308008874626012,0.15615398893981636,0.166643112488896
mlp_V0-fosls,144.8936211754968,0.1630780687757814,0.15615444626954672,0.166641321485266
mlp_V0-fosls,145.0932819683392,0.16307592952360414,0.15615490359793774,0.16664015708655316
mlp_V0-fosls,145.2929427611816,0.16307413922283293,0.1561536755263713,0.16663899267970403
mlp_V0-fosls,145.492603554024,0.1630735281352252,0.15615220412177858,0.16663747604610288
mlp_V0-fosls,145.6922643468664,0.16307360474206167,0.1561506022243934,0.16663524028833107
mlp_V0-fosls,145.8919251397088,0.16307358965682156,0.15614832599694792,0.1666330045005615
mlp_V0-fosls,146.0915859325512,0.16307237775882943,0.15614604973632065,0.1666312085321508
mlp_V0-fosls,146.29124672539362,0.16306913880702778,0.15614380977348824,0.16662968043657478
mlp_V0-fosls,146.490907518236,0.16306588391536778,0.15614161415451192,0.16662815232698502
mlp_V0-fosls,146.6905683110784,0.16306319197601016,0.15613941850466104,0.16662621441924888
mlp_V0-fosls,146.89022910392083,0.16306197659288985,0.15613768177466655,0.16662423835598333
mlp_V0-fosls,147.08988989676322,0.16306192421511728,0.15613610710021275,0.16662223145930777
mlp_V0-fosls,147.28955068960562,0.16306151159869722,0.15613454173765376,0.16662010720630277
mlp_V0-fosls,147.48921148244804,0.16306048735242945,0.15613331440070702,0.16661798292621513
mlp_V0-fosls,147.68887227529044,0.1630585683483381,0.15613208705411233,0.16661651247646675
mlp_V0-fosls,147.88853306813283,0.1630562451019285,0.1561310065239622,0.16661569479868013
mlp_V0-fosls,148.08819386097522,0.16305408249828496,0.15613024534227382,0.16661487711688067
mlp_V0-fosls,148.28785465381765,0.16305239546659445,0.15612948415687442,0.1666133521362955
mlp_V0-fosls,148.48751544666004,0.16305161622473918,0.15612949834730216,0.16661164291905112
mlp_V0-fosls,148.68717623950243,0.16305036369503645,0.1561300219246971,0.16661018507188718
mlp_V0-fosls,148.88683703234486,0.16304891963743182,0.15613054550033628,0.16661141582094358
mlp_V0-fosls,149.08649782518725,0.16304748346994294,0.15613002718704594,0.16661264656090857
mlp_V0-fosls,149.28615861802965,0.1630471193058608,0.15612938273810373,0.1666138365529872
mlp_V0-fosls,149.48581941087207,0.16304631542160963,0.15612867174540973,0.16661495967107207
mlp_V0-fosls,149.68548020371446,0.1630453041455453,0.15612765758776398,0.16661608278158624
mlp_V0-fosls,149.88514099655686,0.16304422553725995,0.15612664342353053,0.16661602814979182
mlp_V0-fosls,150.08480178939928,0.16304415976498798,0.15612501824570857,0.1666153964292712
mlp_V0-fosls,150.28446258224167,0.16304386811450425,0.1561226997501925,0.16661476470635542
mlp_V0-fosls,150.48412337508407,0.16304289683279355,0.15612038122024519,0.16661267297035312
mlp_V0-fosls,150.6837841679265,0.16304063750352954,0.156120283003676,0.16661052600319962
mlp_V0-fosls,150.88344496076888,0.16303894861772203,0.15612089903469076,0.16660891036552686
mlp_V0-fosls,151.08310575361128,0.16303829046597434,0.15612136919192154,0.1666088401697748
mlp_V0-fosls,151.28276654645367,0.16303819350438464,0.1561187578343462,0.16660876997399318
mlp_V0-fosls,151.4824273392961,0.16303745843770562,0.15611614643309063,0.16660810434209644
mlp_V0-fosls,151.6820881321385,0.16303578213519918,0.1561140729717331,0.16660694825663616
mlp_V0-fosls,151.88174892498088,0.16303400021424458,0.1561130965749436,0.1666057921631538
mlp_V0-fosls,152.0814097178233,0.16303236311579483,0.1561121201720473,0.1666041415119905
mlp_V0-fosls,152.2810705106657,0.16303128030158123,0.15611176850592395,0.16660239708011765
mlp_V0-fosls,152.4807313035081,0.1630305018169717,0.1561118058950471,0.16660083029502876
mlp_V0-fosls,152.68039209635052,0.16302970962929025,0.15611184328416136,0.16660042361002225
mlp_V0-fosls,152.8800528891929,0.1630287638558646,0.15611100520149768,0.166600016924023
mlp_V0-fosls,153.0797136820353,0.1630275114016376,0.15611007387481815,0.16659941638796955
mlp_V0-fosls,153.27937447487773,0.16302626988221017,0.15610926865556515,0.16659855348880376
mlp_V0-fosls,153.47903526772012,0.16302508755495673,0.15610900907272202,0.16659769058516855
mlp_V0-fosls,153.67869606056252,0.16302401066313998,0.15610874948944725,0.16659695787358345
mlp_V0-fosls,153.8783568534049,0.1630231502675341,0.15610740291146671,0.16659627656222342
mlp_V0-fosls,154.07801764624733,0.16302225556216332,0.15610485879097077,0.1665955908253596
mlp_V0-fosls,154.27767843908973,0.1630215131133374,0.15610231462901134,0.1665944304107635
mlp_V0-fosls,154.47733923193212,0.1630211479410963,0.15610139366511686,0.16659326998808446
mlp_V0-fosls,154.67700002477454,0.16302119815338384,0.15610097135499762,0.1665923581946793
mlp_V0-fosls,154.87666081761694,0.16302053245901837,0.15610062749626444,0.16659202167361123
mlp_V0-fosls,155.07632161045933,0.1630193844328752,0.15610169861513476,0.16659168515186337
mlp_V0-fosls,155.27598240330175,0.1630182654719632,0.1561027697266555,0.16659062977765862
mlp_V0-fosls,155.47564319614415,0.16301788517831192,0.15610287480057344,0.166589082953012
mlp_V0-fosls,155.67530398898654,0.16301692180634708,0.1561011040766559,0.16658753611400257
mlp_V0-fosls,155.87496478182896,0.16301535157671326,0.156099333332652,0.16658771832605346
mlp_V0-fosls,156.07462557467136,0.16301371923497704,0.15609748972911483,0.1665881209779721
mlp_V0-fosls,156.27428636751375,0.1630129041195812,0.15609560288997587,0.16658840652294038
mlp_V0-fosls,156.47394716035618,0.16301255153002317,0.15609371602802907,0.16658815665627502
mlp_V0-fosls,156.67360795319857,0.16301249448376273,0.1560919006023331,0.16658790678923488
mlp_V0-fosls,156.87326874604096,0.16301219314531012,0.15609009237362428,0.16658718212020798
mlp_V0-fosls,157.07292953888336,0.16301101314966854,0.1560888742287038,0.16658592671670122
mlp_V0-fosls,157.27259033172578,0.16300990885362432,0.15609007764303237,0.16658467130373358
mlp_V0-fosls,157.47225112456817,0.16300933700254977,0.15609128104808304,0.16658362587988995
mlp_V0-fosls,157.67191191741057,0.1630092361111386,0.15609126368972367,0.16658264509696596
mlp_V0-fosls,157.871572710253,0.1630088646135941,0.15608991812699838,0.16658166539321656
mlp_V0-fosls,158.07123350309539,0.1630085533198311,0.15608857255267367,0.16658070363866662
mlp_V0-fosls,158.27089429593778,0.16300858219327846,0.15608837775903783,0.16657974187856392
mlp_V0-fosls,158.4705550887802,0.1630082604674204,0.1560885361444495,0.16657846304864535
mlp_V0-fosls,158.6702158816226,0.16300758278832278,0.15608867117818806,0.16657659033359318
mlp_V0-fosls,158.869876674465,0.16300666411453418,0.15608838740383238,0.16657471759748702
mlp_V0-fosls,159.0695374673074,0.16300568307444835,0.15608810362896078,0.1665738115890698
mlp_V0-fosls,159.2691982601498,0.163005118994916,0.15608768349670435,0.16657344878662023
mlp_V0-fosls,159.4688590529922,0.1630048298568338,0.15608699921444283,0.16657308598338041
mlp_V0-fosls,159.66851984583462,0.16300466197586644,0.15608631492918143,0.16657309050198374
mlp_V0-fosls,159.86818063867702,0.1630043346564913,0.1560859336156856,0.16657312353808842
mlp_V0-fosls,160.0678414315194,0.16300353648579705,0.15608573126156913,0.1665728611306308
mlp_V0-fosls,160.2675022243618,0.16300290637063708,0.15608552890719032,0.1665715518196311
mlp_V0-fosls,160.46716301720423,0.16300247346954938,0.15608399084218175,0.16657024249833965
mlp_V0-fosls,160.66682381004662,0.16300187909547212,0.15608233010696052,0.16656905386669643
mlp_V0-fosls,160.86648460288902,0.16300096513032045,0.15608101811161157,0.16656797992549194
mlp_V0-fosls,161.06614539573144,0.16300027224681674,0.15608107311935301,0.1665669059773632
mlp_V0-fosls,161.26580618857383,0.16299988205280008,0.15608112812707506,0.1665665141635684
mlp_V0-fosls,161.46546698141623,0.1629990204011618,0.15608087934258652,0.16656628707506632
mlp_V0-fosls,161.66512777425865,0.16299852784921806,0.15608031614750364,0.1665661225418916
mlp_V0-fosls,161.86478856710104,0.16299828226036361,0.15607975295038856,0.16656653966911134
mlp_V0-fosls,162.06444935994344,0.16299822971315378,0.1560788330145482,0.16656695679528646
mlp_V0-fosls,162.26411015278586,0.16299751826770395,0.15607781195369158,0.16656678121939877
mlp_V0-fosls,162.46377094562826,0.1629968110264507,0.15607678896994784,0.1665656763814073
mlp_V0-fosls,162.66343173847065,0.16299608162400703,0.156075739531492,0.16656457153608734
mlp_V0-fosls,162.86309253131304,0.16299530874090531,0.15607469008597977,0.1665636358060761
mlp_V0-fosls,163.06275332415547,0.1629945438770065,0.15607413004248083,0.16656277895297567
mlp_V0-fosls,163.26241411699786,0.16299409317085972,0.15607445788851032,0.16656192209546725
mlp_V0-fosls,163.46207490984025,0.1629938194597222,0.15607478573385117,0.16656262767416935
mlp_V0-fosls,163.66173570268268,0.1629935802488979,0.15607407466060588,0.16656337521116316
mlp_V0-fosls,163.86139649552507,0.16299284267062894,0.1560727876847061,0.1665634060697381
mlp_V0-fosls,164.06105728836746,0.16299208219395217,0.1560715006981938,0.1665614609916133
mlp_V0-fosls,164.2607180812099,0.16299146578556759,0.15607203649627244,0.16655951589077397
mlp_V0-fosls,164.46037887405228,0.16299128691122944,0.1560727074909196,0.1665576203454348
mlp_V0-fosls,164.66003966689468,0.16299104554249444,0.15607298761442293,0.16655576401267272
mlp_V0-fosls,164.8597004597371,0.16299059751202805,0.1560718700793401,0.16655390765922082
mlp_V0-fosls,165.0593612525795,0.16298996908594865,0.15607075253625524,0.16655479567286766
mlp_V0-fosls,165.2590220454219,0.1629892156395749,0.1560700501682412,0.16655616691365327
mlp_V0-fosls,165.4586828382643,0.16298847365027008,0.15606975313360993,0.16655720448487701
mlp_V0-fosls,165.6583436311067,0.162988275376323,0.15606945609841333,0.16655623607472878
mlp_V0-fosls,165.8580044239491,0.1629889967224958,0.1560690996474914,0.1665552676589499
mlp_V0-fosls,166.0576652167915,0.16299033670352842,0.15606872777018366,0.16655491210396345
mlp_V0-fosls,166.2573260096339,0.1629910204451901,0.1560682875014788,0.16655535388505888
mlp_V0-fosls,166.4569868024763,0.16299127088436016,0.1560670816551088,0.1665557956649825
mlp_V0-fosls,166.6566475953187,0.162991341402284,0.15606587579942177,0.16655553745012014
mlp_V0-fosls,166.85630838816112,0.16299027659004361,0.15606492556753834,0.16655501500848657
mlp_V0-fosls,167.05596918100352,0.1629888333238944,0.15606441042351257,0.16655449507277809
mlp_V0-fosls,167.2556299738459,0.1629876956902205,0.1560638952777864,0.16655411101129272
mlp_V0-fosls,167.45529076668834,0.16298779785235348,0.15606306976433798,0.1665537269489217
mlp_V0-fosls,167.65495155953073,0.16298792101778725,0.15606208392198012,0.1665535471290434
mlp_V0-fosls,167.85461235237312,0.162987687219321,0.15606109807339472,0.1665538217621821
mlp_V0-fosls,168.05427314521555,0.16298728130526163,0.15606161746860667,0.16655409639486796
mlp_V0-fosls,168.25393393805794,0.16298713883347005,0.15606222027073569,0.16655379776604776
mlp_V0-fosls,168.45359473090033,0.16298707806382912,0.15606246537693808,0.1665531202888638
mlp_V0-fosls,168.65325552374273,0.16298694793771118,0.1560615456794617,0.1665524428089241
mlp_V0-fosls,168.85291631658515,0.1629866728998846,0.1560606259765654,0.16655193922477177
mlp_V0-fosls,169.05257710942755,0.16298582776193832,0.15606014901002335,0.16655145607014368
mlp_V0-fosls,169.25223790226994,0.162984995854488,0.15606007639172798,0.16655107158245547
mlp_V0-fosls,169.45189869511236,0.16298433270590418,0.15606000377339876,0.16655111701412484
mlp_V0-fosls,169.65155948795476,0.16298396062625678,0.156059717036469,0.16655116244578183
mlp_V0-fosls,169.85122028079715,0.1629838643541854,0.1560593803167718,0.16655072622286096
mlp_V0-fosls,170.05088107363957,0.16298440577072934,0.1560590734763611,0.1665497658221562
mlp_V0-fosls,170.25054186648197,0.16298495257204776,0.15605903826362402,0.1665488054159133
mlp_V0-fosls,170.45020265932436,0.1629852255270499,0.156059003050879,0.16654771131316942
mlp_V0-fosls,170.64986345216678,0.1629848631787398,0.15605895334677,0.16654657759462047
mlp_V0-fosls,170.84952424500918,0.16298495209832772,0.15605888073367338,0.16654545187397193
mlp_V0-fosls,171.04918503785157,0.16298525446639223,0.156058808120543,0.16654444409130592
mlp_V0-fosls,171.248845830694,0.16298572206398412,0.1560589138089407,0.16654343630254162
mlp_V0-fosls,171.4485066235364,0.16298565467193335,0.15605910521461736,0.1665430544205596
mlp_V0-fosls,171.64816741637878,0.1629856973724812,0.15605929662005924,0.16654380613647304
mlp_V0-fosls,171.84782820922118,0.1629858412321318,0.1560591766194944,0.16654455784899355
mlp_V0-fosls,172.0474890020636,0.16298602018811975,0.1560590445864868,0.16654484794757246
mlp_V0-fosls,172.247149794906,0.1629852201853756,0.15605866308701316,0.16654488719231728
mlp_V0-fosls,172.4468105877484,0.16298425903539507,0.15605753660736768,0.16654492643705285
mlp_V0-fosls,172.6464713805908,0.16298342254149129,0.15605641011959082,0.16654369906640767
mlp_V0-fosls,172.8461321734332,0.16298328817934168,0.15605635577213844,0.16654239166721405
mlp_V0-fosls,173.0457929662756,0.1629835556042737,0.15605722056084526,0.16654144964679934
mlp_V0-fosls,173.24545375911802,0.16298360152688926,0.15605808534475987,0.16654170992389547
mlp_V0-fosls,173.44511455196042,0.16298310838263091,0.15605812641895694,0.16654197020058484
mlp_V0-fosls,173.6447753448028,0.1629818980613874,0.1560579944039527,0.16654235100470913
mlp_V0-fosls,173.84443613764523,0.1629810793581648,0.15605781998567983,0.1665428404522362
mlp_V0-fosls,174.04409693048763,0.16298101978729862,0.1560573161053058,0.16654332989832485
mlp_V0-fosls,174.24375772333002,0.16298149337944484,0.1560568122233048,0.16654417428210802
mlp_V0-fosls,174.44341851617241,0.16298245796397592,0.15605674421822885,0.1665450975672445
mlp_V0-fosls,174.64307930901484,0.1629827692804463,0.15605732509752776,0.1665458238156081
mlp_V0-fosls,174.84274010185723,0.16298269723268755,0.15605790597466454,0.16654496873068628
mlp_V0-fosls,175.04240089469963,0.16298218847136403,0.15605784964113706,0.16654411364137423
mlp_V0-fosls,175.24206168754205,0.16298247900150195,0.15605750640400498,0.16654335353280814
mlp_V0-fosls,175.44172248038444,0.1629827447979591,0.15605716316611798,0.1665427339235353
mlp_V0-fosls,175.64138327322684,0.16298252304622554,0.15605736177053955,0.16654211431195726
mlp_V0-fosls,175.84104406606926,0.1629816670930288,0.15605757302306458,0.16654227362474638
mlp_V0-fosls,176.04070485891165,0.1629812570906715,0.15605729872862467,0.16654277347443544
mlp_V0-fosls,176.24036565175405,0.16298145088402988,0.15605567923201183,0.16654327332262428
mlp_V0-fosls,176.44002644459647,0.16298169167825466,0.15605405971859215,0.16654411825094836
mlp_V0-fosls,176.63968723743886,0.1629811870613137,0.1560538664405274,0.16654496722071316
mlp_V0-fosls,176.83934803028126,0.16298021702225907,0.1560548257664783,0.16654538809268707
mlp_V0-fosls,177.03900882312368,0.16297971760718047,0.1560557850865319,0.1665447147724616
mlp_V0-fosls,177.23866961596607,0.16297981484210308,0.15605589164318348,0.16654404144951396
mlp_V0-fosls,177.43833040880847,0.16298007814628201,0.15605583662867342,0.16654330525999855
mlp_V0-fosls,177.63799120165086,0.16298005804477178,0.15605572806363677,0.16654252236307396
mlp_V0-fosls,177.83765199449329,0.1629799441174583,0.15605525713706553,0.16654173946246906
mlp_V0-fosls,178.03731278733568,0.16297981777452325,0.15605478620907318,0.16654155985531355
mlp_V0-fosls,178.23697358017807,0.16297954736285056,0.15605463265385186,0.16654147310260078
mlp_V0-fosls,178.4366343730205,0.16297897439866055,0.15605492316919936,0.1665416294259351
mlp_V0-fosls,178.6362951658629,0.16297847873653315,0.15605521368400602,0.1665430688486139
mlp_V0-fosls,178.83595595870528,0.1629783628474668,0.1560552325925627,0.16654450825885192
mlp_V0-fosls,179.0356167515477,0.16297894489590148,0.15605513795448428,0.16654477662725123
mlp_V0-fosls,179.2352775443901,0.16297932804285525,0.15605504331634842,0.16654362208697612
mlp_V0-fosls,179.4349383372325,0.16297935209485698,0.15605436064425893,0.16654246753869728
mlp_V0-fosls,179.63459913007492,0.16297911956297773,0.15605367418018487,0.1665427619903997
mlp_V0-fosls,179.8342599229173,0.1629791309374048,0.1560531324624216,0.16654355523140899
mlp_V0-fosls,180.0339207157597,0.16297883665261703,0.1560529608479798,0.1665442964033447
mlp_V0-fosls,180.2335815086021,0.16297833097896913,0.15605278923334925,0.16654367674866113
mlp_V0-fosls,180.43324230144452,0.16297739287272692,0.15605265389193396,0.16654305709167205
mlp_V0-fosls,180.63290309428692,0.1629765535572193,0.15605254606527444,0.1665422850245943
mlp_V0-fosls,180.8325638871293,0.1629760240115232,0.15605243823854043,0.16654120283258123
mlp_V0-fosls,181.03222467997173,0.16297577181083628,0.1560524925072514,0.16654012063353593
mlp_V0-fosls,181.23188547281413,0.1629754748265504,0.15605257391282887,0.16654055096652007
mlp_V0-fosls,181.43154626565652,0.1629749559186147,0.1560526068167388,0.16654190130842675
mlp_V0-fosls,181.63120705849894,0.1629747635316872,0.15605235152285452,0.1665432516393848
mlp_V0-fosls,181.83086785134134,0.16297475750556356,0.15605209622855257,0.1665427895673423
mlp_V0-fosls,182.03052864418373,0.16297469079124224,0.15605213302107268,0.16654215564149125
mlp_V0-fosls,182.23018943702616,0.16297477605106708,0.15605255335806997,0.1665415810366591
mlp_V0-fosls,182.42985022986855,0.16297501864195182,0.15605297369393506,0.16654123616854902
mlp_V0-fosls,182.62951102271094,0.16297531889646774,0.1560526916213699,0.16654089129972482
mlp_V0-fosls,182.82917181555337,0.1629750523980398,0.1560521370210914,0.16654060083756228
mlp_V0-fosls,183.02883260839576,0.16297471067360492,0.156051586081928,0.16654036537899156
mlp_V0-fosls,183.22849340123815,0.1629744902527922,0.1560514518298991,0.16654012992008796
mlp_V0-fosls,183.42815419408055,0.16297439956980586,0.15605131757775467,0.1665402582384313
mlp_V0-fosls,183.62781498692297,0.16297421286963681,0.15605132645969097,0.16654048339693478
mlp_V0-fosls,183.82747577976536,0.1629741407596448,0.15605167411152046,0.16654063010258033
mlp_V0-fosls,184.02713657260776,0.16297412841340808,0.15605202176257546,0.1665399051211084
mlp_V0-fosls,184.22679736545018,0.16297425350923436,0.15605209154096006,0.16653918013648042
mlp_V0-fosls,184.42645815829258,0.16297448781230944,0.15605196393129808,0.1665388944678298
mlp_V0-fosls,184.62611895113497,0.16297444633333164,0.15605183632153177,0.16653934063460735
mlp_V0-fosls,184.8257797439774,0.1629742908643599,0.15605219031216008,0.16653978680018958
mlp_V0-fosls,185.0254405368198,0.16297430093359488,0.15605261490665548,0.16653972812716836
mlp_V0-fosls,185.22510132966218,0.1629747405698371,0.15605291817215844,0.1665394183093806
mlp_V0-fosls,185.4247621225046,0.16297487627844726,0.15605258147886156,0.16653910849101647
mlp_V0-fosls,185.624422915347,0.16297487272709799,0.15605224478483823,0.16653880663577775
mlp_V0-fosls,185.8240837081894,0.16297492375005196,0.15605185202665778,0.16653850510925527
mlp_V0-fosls,186.02374450103179,0.16297523492464125,0.15605139002057167,0.16653844610090487
mlp_V0-fosls,186.2234052938742,0.16297534640322342,0.15605092801311773,0.16653910495794197
mlp_V0-fosls,186.4230660867166,0.16297501511338922,0.15605096059890378,0.16653976381237257
mlp_V0-fosls,186.622726879559,0.16297437771931114,0.15605117179425584,0.16654006926782913
mlp_V0-fosls,186.82238767240142,0.16297406758033264,0.15605137692647172,0.16654007959455666
mlp_V0-fosls,187.0220484652438,0.16297408743227632,0.156051310916303,0.16654008992128352
mlp_V0-fosls,187.2217092580862,0.1629742217334692,0.15605124490610633,0.1665401313782867
mlp_V0-fosls,187.42137005092863,0.1629740920478186,0.15605104332098432,0.16654017888445766
mlp_V0-fosls,187.62103084377102,0.16297391005220085,0.1560505393188738,0.16654014030248565
mlp_V0-fosls,187.82069163661342,0.1629737326381056,0.15605003531513548,0.16653952486147405
mlp_V0-fosls,188.02035242945584,0.16297358232480152,0.1560500786417732,0.1665389094181881
mlp_V0-fosls,188.22001322229823,0.16297344209471187,0.15605049011211858,0.16653890424290152
mlp_V0-fosls,188.41967401514063,0.16297361753153433,0.15605090158137896,0.16653973463531155
mlp_V0-fosls,188.61933480798305,0.16297409808232877,0.15605145164955606,0.16654056502358117
mlp_V0-fosls,188.81899560082545,0.1629746377650974,0.1560520196268961,0.16654099814710976
mlp_V0-fosls,189.01865639366784,0.16297451632844256,0.15605238852999376,0.16654127280530234
mlp_V0-fosls,189.21831718651023,0.16297435408209252,0.15605181645799407,0.16654153560274015
mlp_V0-fosls,189.41797797935266,0.1629742721840526,0.15605124438389723,0.16654009621251192
mlp_V0-fosls,189.61763877219505,0.16297452307170307,0.15605116455042106,0.16653865680984306
mlp_V0-fosls,189.81729956503744,0.16297445516174675,0.15605165742266397,0.1665377978824889
mlp_V0-fosls,190.01696035787987,0.16297410729263023,0.15605215029335023,0.16653829980850193
mlp_V0-fosls,190.21662115072226,0.16297354413963105,0.15605211354921494,0.16653880173300223
mlp_V0-fosls,190.41628194356466,0.16297321374996537,0.15605190014364348,0.16653918755395314
mlp_V0-fosls,190.61594273640708,0.16297341445710128,0.15605168411651604,0.16653949322791775
mlp_V0-fosls,190.81560352924947,0.16297369323666733,0.15605140024703132,0.16653979890132128
mlp_V0-fosls,191.01526432209187,0.16297391676031708,0.15605111637703023,0.16653926831948432
mlp_V0-fosls,191.2149251149343,0.1629742582281482,0.15605088186036686,0.16653862799535657
mlp_V0-fosls,191.41458590777668,0.16297444032965003,0.15605074979300984,0.16653794318040072
mlp_V0-fosls,191.61424670061908,0.16297452318001573,0.15605061772554102,0.1665370509829786
mlp_V0-fosls,191.8139074934615,0.1629744092259417,0.15605068556055735,0.16653615878077668
mlp_V0-fosls,192.0135682863039,0.1629743485762835,0.15605087920480812,0.16653564034310384
mlp_V0-fosls,192.2132290791463,0.16297418624074378,0.15605107284881858,0.16653554530539835
mlp_V0-fosls,192.41288987198868,0.16297416206163867,0.1560511792025251,0.16653545026763864
mlp_V0-fosls,192.6125506648311,0.16297429588073928,0.1560512760293195,0.16653571251585086
mlp_V0-fosls,192.8122114576735,0.16297459932580488,0.1560513836983251,0.16653608630890845
mlp_V0-fosls,193.0118722505159,0.1629742578359627,0.1560515377108169,0.16653643304563673
mlp_V0-fosls,193.21153304335832,0.16297383902464166,0.15605169172315672,0.16653630704953498
mlp_V0-fosls,193.4111938362007,0.16297364111987162,0.1560515811946462,0.16653618105333787
mlp_V0-fosls,193.6108546290431,0.16297387976462574,0.15605118069249657,0.1665359905966563
mlp_V0-fosls,193.81051542188553,0.16297408563568563,0.15605078018931906,0.16653567865468524
mlp_V0-fosls,194.01017621472792,0.162974299766784,0.15605078203580364,0.16653536671212987
mlp_V0-fosls,194.20983700757031,0.16297456985282738,0.15605090747341818,0.16653520276618058
mlp_V0-fosls,194.40949780041274,0.1629746084087678,0.15605101796390297,0.16653512220673233
mlp_V0-fosls,194.60915859325513,0.16297436927945258,0.15605086171852092,0.1665350416472451
mlp_V0-fosls,194.80881938609753,0.1629740715725162,0.15605070547298244,0.16653500153164694
mlp_V0-fosls,195.00848017893992,0.16297401401371955,0.15605058750632117,0.16653496435381582
mlp_V0-fosls,195.20814097178234,0.16297423583423382,0.15605054348511654,0.16653498380299822
mlp_V0-fosls,195.40780176462474,0.16297442827901298,0.15605049946389948,0.16653519864846963
mlp_V0-fosls,195.60746255746713,0.16297444424703905,0.15605018241615895,0.16653541349366388
mlp_V0-fosls,195.80712335030955,0.162974220785495,0.15604970476735688,0.16653561549120924
mlp_V0-fosls,196.00678414315195,0.16297398085008896,0.1560492271170928,0.1665358055151818
mlp_V0-fosls,196.20644493599434,0.1629739388526063,0.1560492749892349,0.1665359955389375
mlp_V0-fosls,196.40610572883676,0.16297402185131898,0.15604936963324473,0.16653602830137032
mlp_V0-fosls,196.60576652167916,0.16297416070527165,0.15604951568175482,0.16653602419542315
mlp_V0-fosls,196.80542731452155,0.16297399294373668,0.15604985895867865,0.1665360200873274
mlp_V0-fosls,197.00508810736397,0.16297374650797689,0.15605020223484733,0.1665360159564192
mlp_V0-fosls,197.20474890020637,0.16297336436352244,0.15605041708730874,0.1665360118255109
mlp_V0-fosls,197.40440969304876,0.16297320409030214,0.15605050070000076,0.1665361155798891
mlp_V0-fosls,197.60407048589119,0.16297312233125294,0.15605058431264796,0.1665363964636555
mlp_V0-fosls,197.80373127873358,0.16297313256414564,0.1560501790896727,0.16653667734694813
mlp_V0-fosls,198.00339207157597,0.16297315534019188,0.15604963776842173,0.16653690005038432
mlp_V0-fosls,198.20305286441837,0.16297319550890998,0.15604916628252755,0.16653709420235713
mlp_V0-fosls,198.4027136572608,0.16297309456549192,0.1560496218711062,0.16653728835410359
mlp_V0-fosls,198.60237445010318,0.1629729619405169,0.15605007745835475,0.16653737106106736
mlp_V0-fosls,198.80203524294558,0.16297290608626053,0.1560504084222846,0.16653744951763283
mlp_V0-fosls,199.001696035788,0.16297305004600665,0.15605051628181238,0.16653755215690041
mlp_V0-fosls,199.2013568286304,0.16297316834091835,0.1560506241412656,0.16653772556808166
mlp_V0-fosls,199.4010176214728,0.16297323555295812,0.15605052402512054,0.16653789897908233
mlp_V0-fosls,199.6006784143152,0.16297329108397696,0.15605031049903642,0.16653796196524268
mlp_V0-fosls,199.8003392071576,0.16297348129293796,0.15605009697266015,0.16653793305725229
mlp_V0-fosls,200.0,0.1629737768560724,0.1560500008822319,0.16653790414925687
