plot-name,time,median,low,high
kan_V0-fosls,1.303076982498169,0.5840678075132648,0.5824109061709453,0.584486372427429
kan_V0-fosls,1.501972801334507,0.5730985136054969,0.571464790008074,0.5737670808892728
kan_V0-fosls,1.7008686201708452,0.5617511781277721,0.5602599571944686,0.5627322366044201
kan_V0-fosls,1.8997644390071835,0.5501698453680293,0.548826414317062,0.5514766333358365
kan_V0-fosls,2.0986602578435214,0.5383891529740481,0.5371495568914668,0.5399864666054551
kan_V0-fosls,2.29755607667986,0.5263752352821567,0.5252131566186007,0.5282464302942897
kan_V0-fosls,2.496451895516198,0.5140806319794942,0.5129990967846341,0.516239477491092
kan_V0-fosls,2.695347714352536,0.5035134271557975,0.5025776838617677,0.5058628853503919
kan_V0-fosls,2.8942435331888743,0.49549955440860827,0.4946996383270384,0.4979962380704038
kan_V0-fosls,3.0931393520252124,0.48739340550366206,0.4866940887312544,0.49000331375361617
kan_V0-fosls,3.2920351708615505,0.47923913437146437,0.4785546362234826,0.4818778287561852
kan_V0-fosls,3.4909309896978886,0.47101090278376145,0.4702743281277783,0.4736129603421193
kan_V0-fosls,3.689826808534227,0.462636340408687,0.46184558841790063,0.46520127962128005
kan_V0-fosls,3.8887226273705653,0.4539169968618223,0.4532601365508779,0.4566346733643065
kan_V0-fosls,4.087618446206903,0.4483496696528819,0.44765436494012234,0.4509877661128068
kan_V0-fosls,4.286514265043241,0.4432911052335713,0.44250124896654924,0.4458482713203408
kan_V0-fosls,4.48541008387958,0.43831199241316793,0.43728741146295047,0.4406488362576858
kan_V0-fosls,4.684305902715918,0.43319600612379366,0.4320106539322606,0.4353873134935942
kan_V0-fosls,4.883201721552256,0.42794020434854946,0.4266686419201571,0.4300614242257562
kan_V0-fosls,5.0820975403885935,0.42261904399495553,0.42125889294471036,0.4246687467462168
kan_V0-fosls,5.280993359224932,0.41789934841083004,0.41646412061674326,0.41979843828466157
kan_V0-fosls,5.479889178061271,0.4147361790291197,0.41327518988054973,0.4164349839440534
kan_V0-fosls,5.678784996897608,0.4114431113699637,0.4100614604916336,0.41304414161046665
kan_V0-fosls,5.877680815733947,0.4080481066310607,0.4068223447529139,0.40962523113813487
kan_V0-fosls,6.076576634570285,0.404499397138636,0.4035572313811089,0.40617754375545384
kan_V0-fosls,6.275472453406623,0.4009192415218521,0.40026548415984237,0.40270034034931834
kan_V0-fosls,6.474368272242962,0.39747528085180317,0.3968991524048931,0.39919284961494494
kan_V0-fosls,6.673264091079299,0.39473332938785677,0.39415393928532266,0.3963698114352475
kan_V0-fosls,6.872159909915638,0.3921911744234823,0.3915603624674769,0.3938247769287823
kan_V0-fosls,7.0710557287519755,0.38963243104049616,0.3889454924827446,0.39126318818513534
kan_V0-fosls,7.269951547588314,0.3870863039625737,0.3863129234048838,0.38894934140311016
kan_V0-fosls,7.468847366424652,0.38456438887678834,0.38366229089736,0.3866354003918634
kan_V0-fosls,7.66774318526099,0.38202582191371626,0.38099321794960256,0.38430752724145273
kan_V0-fosls,7.866639004097329,0.3795730384064778,0.37840652012879294,0.3819506261071072
kan_V0-fosls,8.065534822933667,0.37762786246093616,0.3763160049856154,0.3800966276442902
kan_V0-fosls,8.264430641770005,0.3758618430455975,0.37421381153116856,0.3784756332098828
kan_V0-fosls,8.463326460606343,0.37400761463383436,0.37209974183414335,0.376847666200391
kan_V0-fosls,8.66222227944268,0.3719398767233704,0.3699735923081366,0.3752126358583102
kan_V0-fosls,8.861118098279018,0.36960592127467073,0.36783515348283186,0.3735704494399958
kan_V0-fosls,9.060013917115358,0.36725705227285677,0.36557574960598854,0.3719210121542745
kan_V0-fosls,9.258909735951695,0.3653112719103592,0.3637985203539591,0.36994647785703094
kan_V0-fosls,9.457805554788035,0.3636259565296158,0.3621144895692077,0.36776505721576586
kan_V0-fosls,9.656701373624372,0.361932777380351,0.36034181454755626,0.3655706199067541
kan_V0-fosls,9.85559719246071,0.36009742219972574,0.3584403461122174,0.36336293009758347
kan_V0-fosls,10.054493011297048,0.3582749021573629,0.3565103213280612,0.36114174474739724
kan_V0-fosls,10.253388830133387,0.35666103573104824,0.3545697910226261,0.3589068132946031
kan_V0-fosls,10.452284648969725,0.3550408382940385,0.35261858175402494,0.3567034651369587
kan_V0-fosls,10.651180467806062,0.35352282867345486,0.35106635989131824,0.35524659093789895
kan_V0-fosls,10.850076286642402,0.3519664357858765,0.34951177014462514,0.35378371741119496
kan_V0-fosls,11.04897210547874,0.350397642278418,0.3479502347921581,0.35231476982603166
kan_V0-fosls,11.247867924315077,0.34882177690495847,0.34638165989874037,0.35083967188711007
kan_V0-fosls,11.446763743151415,0.34723874293064216,0.3448059493925465,0.3494156452224022
kan_V0-fosls,11.645659561987754,0.34564154367098987,0.3432230049964367,0.3479967089156068
kan_V0-fosls,11.844555380824092,0.3441807461465029,0.341824791947297,0.3465771999280291
kan_V0-fosls,12.04345119966043,0.34289946302528657,0.3406890010415123,0.34521904623665994
kan_V0-fosls,12.242347018496767,0.3415956588953445,0.33954941094267005,0.34394364302229213
kan_V0-fosls,12.441242837333107,0.34020483608488356,0.3384059832691569,0.34266349275395924
kan_V0-fosls,12.640138656169444,0.3388348462484624,0.3371282830063221,0.341378542028112
kan_V0-fosls,12.839034475005782,0.3376630305552366,0.33554502884199877,0.3400887364323262
kan_V0-fosls,13.037930293842122,0.33648701687612603,0.333939917178531,0.3387940205184161
kan_V0-fosls,13.23682611267846,0.33528707600772933,0.3329204691526874,0.3376733686220458
kan_V0-fosls,13.435721931514797,0.3340720818324361,0.33196004892755787,0.3365620086890086
kan_V0-fosls,13.634617750351135,0.33285263661653575,0.33099684195944784,0.3354469667607692
kan_V0-fosls,13.833513569187474,0.3316286909015315,0.330030823848726,0.3343282059970724
kan_V0-fosls,14.032409388023812,0.3304001943028009,0.3289774388885383,0.33320568893919145
kan_V0-fosls,14.23130520686015,0.3291670954850459,0.3277719998145528,0.3320793774952933
kan_V0-fosls,14.430201025696489,0.32800065479879087,0.32665389960864305,0.3310539474719889
kan_V0-fosls,14.629096844532826,0.3269934002107229,0.3257800122267471,0.33003967115743005
kan_V0-fosls,14.827992663369164,0.32614207784455584,0.32490377437540724,0.3290669567300627
kan_V0-fosls,15.026888482205502,0.3253440444466415,0.3239688956519717,0.3280913584437502
kan_V0-fosls,15.225784301041841,0.32454399083991237,0.32300798707856065,0.32711285049558325
kan_V0-fosls,15.424680119878179,0.323741901183085,0.32204421137963196,0.32613140669556223
kan_V0-fosls,15.623575938714517,0.32293775942178204,0.3210775427365087,0.3251470004584182
kan_V0-fosls,15.822471757550856,0.32194418765898025,0.3202713173126475,0.3245376227265566
kan_V0-fosls,16.021367576387192,0.32089277249781056,0.3195012450159646,0.3240184841932091
kan_V0-fosls,16.220263395223533,0.31983784923975844,0.31869668116687233,0.32349851256647993
kan_V0-fosls,16.419159214059867,0.31877938202100825,0.3178900810135584,0.32297770382270213
kan_V0-fosls,16.61805503289621,0.31785620626734123,0.317081429016009,0.3224560539057147
kan_V0-fosls,16.816950851732546,0.31702676422427534,0.31624751946582697,0.3219335587264945
kan_V0-fosls,17.015846670568884,0.3162370764658848,0.31521125302913744,0.3212824523759599
kan_V0-fosls,17.21474248940522,0.3156722002575999,0.31480697360186466,0.3202295851881647
kan_V0-fosls,17.41363830824156,0.31538372843496004,0.31430562987714233,0.31917324489195065
kan_V0-fosls,17.6125341270779,0.31511146033161175,0.3135639370037708,0.31811339688848406
kan_V0-fosls,17.811429945914238,0.3148388940830975,0.312820485592204,0.3170809130790298
kan_V0-fosls,18.010325764750576,0.3144241237340397,0.3120752630744383,0.31663220990970914
kan_V0-fosls,18.209221583586913,0.31384050788777573,0.3113282567320503,0.31618286997492595
kan_V0-fosls,18.40811740242325,0.31323765222924216,0.310621287086864,0.31542149618482807
kan_V0-fosls,18.60701322125959,0.31245809393946977,0.3099354437188224,0.3144412871347289
kan_V0-fosls,18.805909040095926,0.31135061935101427,0.30924807930667364,0.3139174911147226
kan_V0-fosls,19.004804858932268,0.31023915850159267,0.3085591836853184,0.3136742036098328
kan_V0-fosls,19.203700677768605,0.30925659600357436,0.3078687465759287,0.3134307272632403
kan_V0-fosls,19.402596496604943,0.30832751775682743,0.30717675758415836,0.3131870616345199
kan_V0-fosls,19.60149231544128,0.30760883504393055,0.3065084969843753,0.3128671138366752
kan_V0-fosls,19.80038813427762,0.30734990804447093,0.30611911350227783,0.3119821123911157
kan_V0-fosls,19.999283953113956,0.30709055308351857,0.3055316725599225,0.3110945933049213
kan_V0-fosls,20.198179771950294,0.3068307680100743,0.3049343979820237,0.31020453496860106
kan_V0-fosls,20.397075590786635,0.30623733489586813,0.3043359512250479,0.30931191546175146
kan_V0-fosls,20.595971409622972,0.30558406378066416,0.30373632536041895,0.3084167125467576
kan_V0-fosls,20.79486722845931,0.30492933147653534,0.30313551339103406,0.3075189036623293
kan_V0-fosls,20.993763047295648,0.3043992811492028,0.3025669890009712,0.3070203839464148
kan_V0-fosls,21.192658866131985,0.3039227239551371,0.3020462437764934,0.3068415968001469
kan_V0-fosls,21.391554684968323,0.30344535315994475,0.3015245992052124,0.30666270541936447
kan_V0-fosls,21.59045050380466,0.30292003239682475,0.30100205061135227,0.3064837096215456
kan_V0-fosls,21.789346322641,0.302215599877083,0.3004785932784799,0.3063046092236351
kan_V0-fosls,21.98824214147734,0.30177440212018897,0.29995422244900843,0.3061254040420425
kan_V0-fosls,22.187137960313677,0.3011977627040652,0.29931129848051313,0.30594609389263944
kan_V0-fosls,22.386033779150015,0.30079935622387366,0.29889419955497254,0.30515213223267823
kan_V0-fosls,22.584929597986353,0.30041218768794414,0.2985344264896627,0.30435291535490994
kan_V0-fosls,22.78382541682269,0.3000244058652932,0.2981742193272516,0.3035515942371511
kan_V0-fosls,22.982721235659028,0.29963600748965846,0.2978135764926106,0.30274815217074247
kan_V0-fosls,23.181617054495366,0.29924698926427595,0.29741867992548954,0.3019425722247231
kan_V0-fosls,23.380512873331707,0.2987330911769767,0.29700767867403155,0.3011348372416668
kan_V0-fosls,23.579408692168045,0.2981693968539693,0.2966134386550522,0.3004790841157144
kan_V0-fosls,23.778304511004382,0.2975988458460129,0.29610941023045945,0.3000250324354618
kan_V0-fosls,23.97720032984072,0.29702701097687334,0.2955588033533763,0.2995702925604961
kan_V0-fosls,24.176096148677058,0.29635367041283267,0.2950064033931357,0.29911486135206083
kan_V0-fosls,24.374991967513395,0.29561185197782824,0.2944529671207735,0.29865873564746753
kan_V0-fosls,24.573887786349733,0.2950733279527985,0.29389848868189355,0.2982019122598399
kan_V0-fosls,24.772783605186074,0.29453370121095224,0.2933429621667697,0.2977443879778535
kan_V0-fosls,24.971679424022412,0.2941805949682822,0.29294205074439117,0.29736704234885986
kan_V0-fosls,25.17057524285875,0.2938708718951095,0.29257738614265705,0.2970013841669477
kan_V0-fosls,25.369471061695087,0.2935608147123867,0.2922122664602044,0.2966352752436181
kan_V0-fosls,25.568366880531425,0.29325042231368426,0.291846689989024,0.29626871390788345
kan_V0-fosls,25.767262699367762,0.29300038758748687,0.29148065501039605,0.29590169847840603
kan_V0-fosls,25.9661585182041,0.29275050664741037,0.2911141597947952,0.2955342272634081
kan_V0-fosls,26.16505433704044,0.2924654024411464,0.2907288360719528,0.295113881489965
kan_V0-fosls,26.36395015587678,0.2920786619352405,0.2902855088832566,0.2945740330437086
kan_V0-fosls,26.562845974713117,0.2916913713052548,0.2898415036040734,0.29412627120608864
kan_V0-fosls,26.761741793549454,0.29130352805788096,0.2893968171133348,0.2939356632445221
kan_V0-fosls,26.960637612385792,0.2909151296801139,0.28895144626595626,0.293844985147205
kan_V0-fosls,27.15953343122213,0.29052617363902744,0.2885053878925776,0.2937542790587485
kan_V0-fosls,27.358429250058467,0.29014017969231054,0.2880586387992999,0.29366354495321534
kan_V0-fosls,27.55732506889481,0.2897836306869568,0.2877033727329763,0.293059345157929
kan_V0-fosls,27.756220887731146,0.289389948109061,0.28739014872039403,0.2923794300465011
kan_V0-fosls,27.955116706567484,0.28899571809894276,0.28707658295502003,0.29169793013362205
kan_V0-fosls,28.15401252540382,0.2886009383216227,0.2867626743157673,0.29101483428540564
kan_V0-fosls,28.35290834424016,0.2882056064251786,0.2864484216754059,0.2903301312369847
kan_V0-fosls,28.551804163076497,0.28773137054433323,0.2861338239005159,0.28964380959034397
kan_V0-fosls,28.750699981912835,0.28727176854707437,0.2858181145400861,0.28927619704528745
kan_V0-fosls,28.949595800749176,0.2870435709977362,0.28549668526326144,0.2890697825268612
kan_V0-fosls,29.148491619585513,0.28690426904550625,0.2851748936939747,0.28886322050975916
kan_V0-fosls,29.34738743842185,0.2865241065310917,0.2848527386044055,0.2886565106773319
kan_V0-fosls,29.54628325725819,0.28614341351965245,0.2845302187597827,0.2884496527117956
kan_V0-fosls,29.745179076094526,0.28576218768708,0.28420733291832884,0.28856432631057116
kan_V0-fosls,29.944074894930864,0.285380426691657,0.28388407983120467,0.2889889153118996
kan_V0-fosls,30.142970713767202,0.28504909251845334,0.2836551806480915,0.28881806949964084
kan_V0-fosls,30.341866532603543,0.2847573506240888,0.2834990860554701,0.2878409533409611
kan_V0-fosls,30.54076235143988,0.28456532735632345,0.28331263097262993,0.28689148079895027
kan_V0-fosls,30.73965817027622,0.28437880505818747,0.2828356937749858,0.28648337242782046
kan_V0-fosls,30.938553989112556,0.2841921467157559,0.2823579509730893,0.28607468185811225
kan_V0-fosls,31.137449807948894,0.283836102953394,0.28187939847080956,0.28566540659103784
kan_V0-fosls,31.33634562678523,0.283276917364473,0.2814114718717795,0.28525739671427885
kan_V0-fosls,31.53524144562157,0.2829545274234261,0.2812401475765021,0.2848830889535671
kan_V0-fosls,31.73413726445791,0.28269446491277245,0.2810687188512162,0.2845082887426034
kan_V0-fosls,31.933033083294248,0.28243408656108726,0.28089718550472403,0.2841329941326124
kan_V0-fosls,32.13192890213058,0.2821733910702431,0.2804864374516426,0.2838166285824547
kan_V0-fosls,32.33082472096692,0.28197391318692955,0.27992444157253343,0.28356014298516524
kan_V0-fosls,32.529720539803265,0.281830824945811,0.2793613151191037,0.2833034251815951
kan_V0-fosls,32.7286163586396,0.2816172470909689,0.27891504680082774,0.28302792935782806
kan_V0-fosls,32.92751217747593,0.2812353763060097,0.27862883722583376,0.28278975224990865
kan_V0-fosls,33.126407996312274,0.28085288518617574,0.278342333351814,0.28277518734625895
kan_V0-fosls,33.325303815148615,0.28046977036332577,0.27805553426904595,0.282760621692376
kan_V0-fosls,33.52419963398495,0.2801707751925262,0.2777684390631103,0.28274605528814384
kan_V0-fosls,33.72309545282129,0.27993395639723806,0.27748104681485725,0.2827314881334465
kan_V0-fosls,33.92199127165763,0.2796969351935325,0.2771933566003724,0.282716920228168
kan_V0-fosls,34.120887090493966,0.2793560102353932,0.2771126146212202,0.28221036828705126
kan_V0-fosls,34.31978290933031,0.27899778308326206,0.27706803909940436,0.28166360046321837
kan_V0-fosls,34.51867872816664,0.27863907608227734,0.2769353867297139,0.28111576918254505
kan_V0-fosls,34.71757454700298,0.2782798872271071,0.2767045348593833,0.2807751965274022
kan_V0-fosls,34.91647036583932,0.27804414339180056,0.2764734902307256,0.28046435934780634
kan_V0-fosls,35.11536618467566,0.27784838314025506,0.2762422523600808,0.2801531772865508
kan_V0-fosls,35.314262003512,0.27765982434590614,0.2759874891367555,0.27975017526101903
kan_V0-fosls,35.51315782234833,0.27731580991624616,0.27569015103689815,0.279271574459989
kan_V0-fosls,35.712053641184674,0.2769598100972799,0.275392491904708,0.2787921520490695
kan_V0-fosls,35.91094946002101,0.2766270140478456,0.2750945106980901,0.27852694644378784
kan_V0-fosls,36.10984527885735,0.2764206528536992,0.2747962063692994,0.2783520729256582
kan_V0-fosls,36.308741097693684,0.276214130063275,0.27437555661277924,0.2781770894748905
kan_V0-fosls,36.507636916530025,0.2759954435293072,0.27390303873223193,0.2780019958838993
kan_V0-fosls,36.706532735366366,0.2757183668519089,0.27364995743351334,0.27777186732924936
kan_V0-fosls,36.9054285542027,0.2753986466203535,0.27348643458465466,0.27752793674851584
kan_V0-fosls,37.10432437303904,0.2750785546025498,0.2733228139037968,0.2772837915785889
kan_V0-fosls,37.303220191875376,0.27475808949784875,0.2730339554753609,0.27703943125213865
kan_V0-fosls,37.50211601071172,0.27443724999799646,0.2727424768608223,0.2767948551993309
kan_V0-fosls,37.70101182954805,0.27411603478707147,0.27245068641101094,0.27669792711249064
kan_V0-fosls,37.89990764838439,0.27379835452554224,0.2721701508829583,0.2764919422541629
kan_V0-fosls,38.09880346722073,0.2735005351908647,0.2719270993580634,0.27606094943769816
kan_V0-fosls,38.29769928605707,0.27320238672205654,0.27168383039652516,0.27578372742792595
kan_V0-fosls,38.49659510489341,0.2729039080109357,0.27144034341373363,0.2755243139221892
kan_V0-fosls,38.69549092372974,0.27260509794300947,0.27119663782245423,0.27526465594141497
kan_V0-fosls,38.894386742566084,0.2723059553974238,0.2709527130328117,0.2750047527931073
kan_V0-fosls,39.09328256140242,0.2720064792469116,0.27070856845227304,0.2747446037814948
kan_V0-fosls,39.29217838023876,0.2717791815838311,0.2705089231484675,0.27449541373616254
kan_V0-fosls,39.4910741990751,0.2716109486872755,0.2703307668307455,0.274251986348355
kan_V0-fosls,39.689970017911435,0.27149576431710876,0.2701508443554598,0.2740083427011842
kan_V0-fosls,39.888865836747776,0.2713804877562,0.26985579442650026,0.27376448221725336
kan_V0-fosls,40.08776165558411,0.27127420021825566,0.26956042154802196,0.27355090282741185
kan_V0-fosls,40.28665747442045,0.2711262656070138,0.26926472465723583,0.2734903074704071
kan_V0-fosls,40.485553293256785,0.27090750984156675,0.26896870268551093,0.2733339630800084
kan_V0-fosls,40.68444911209313,0.2707738466653229,0.2688805123040247,0.27298498920600156
kan_V0-fosls,40.88334493092946,0.2707209702684914,0.2687934793437838,0.2726355686453589
kan_V0-fosls,41.0822407497658,0.2705493923271023,0.26848326279961504,0.2722856996783995
kan_V0-fosls,41.28113656860214,0.27036368010104406,0.26816923116645464,0.27193538057438016
kan_V0-fosls,41.48003238743848,0.27013755347644414,0.267854831364468,0.271715948172126
kan_V0-fosls,41.67892820627482,0.2699621433350907,0.26754006209569403,0.2715882289382318
kan_V0-fosls,41.87782402511115,0.26978289254779564,0.26735112159713426,0.2713740240700526
kan_V0-fosls,42.076719843947494,0.26958570988536723,0.2672645877967868,0.2710885957744802
kan_V0-fosls,42.27561566278383,0.2693730965895614,0.2671780259698148,0.27105168383464656
kan_V0-fosls,42.47451148162017,0.26910697728347177,0.26709143608896885,0.27101476686744375
kan_V0-fosls,42.67340730045651,0.2688405035988941,0.2668487278137376,0.270977844870817
kan_V0-fosls,42.872303119292845,0.2685736739382637,0.2664980619703357,0.2709409178427101
kan_V0-fosls,43.071198938129186,0.2682509852273064,0.26614693410234797,0.27082517621716495
kan_V0-fosls,43.27009475696552,0.26802182564261173,0.26596102292344387,0.27042988056359135
kan_V0-fosls,43.46899057580186,0.267734592196343,0.2658024793942374,0.27003400624776525
kan_V0-fosls,43.667886394638195,0.26744698394661043,0.26564384124192175,0.2697027274537002
kan_V0-fosls,43.866782213474536,0.26731875536351934,0.2654851082968736,0.2695907822140982
kan_V0-fosls,44.06567803231088,0.26722509279895446,0.26532628038896194,0.2694787904708899
kan_V0-fosls,44.26457385114721,0.2671313835890612,0.2650951614724424,0.26936675216607225
kan_V0-fosls,44.46346966998355,0.2670187111799441,0.2648797980998661,0.2691804928273904
kan_V0-fosls,44.66236548881989,0.2667711776508761,0.2647634417732091,0.26887508202247873
kan_V0-fosls,44.86126130765623,0.2665233671336208,0.2646470342886259,0.26868618656250703
kan_V0-fosls,45.06015712649256,0.26627527859126265,0.2644892614941186,0.26882654047745197
kan_V0-fosls,45.259052945328904,0.26602691098007597,0.26431725467555656,0.2689668211520668
kan_V0-fosls,45.457948764165245,0.26589813473725404,0.2641451358491044,0.26910702870088826
kan_V0-fosls,45.65684458300158,0.2658018705874954,0.2639729047956638,0.26917127790168105
kan_V0-fosls,45.85574040183792,0.26559897246712383,0.2637576741536536,0.2686094276165603
kan_V0-fosls,46.054636220674254,0.265325497486075,0.2635262418253948,0.2680463996433608
kan_V0-fosls,46.253532039510596,0.2650847363437875,0.26329460607138916,0.26748218654527334
kan_V0-fosls,46.45242785834693,0.26495799967232503,0.2630627663542668,0.2669167808068885
kan_V0-fosls,46.65132367718327,0.26483114584566175,0.2628307221342876,0.2667472104566051
kan_V0-fosls,46.85021949601961,0.26465454335113364,0.26259847286932697,0.2666349170261441
kan_V0-fosls,47.049115314855946,0.264437893608761,0.26237988852675065,0.26651076951187114
kan_V0-fosls,47.24801113369229,0.264261412901743,0.2622175889401786,0.2663524737364975
kan_V0-fosls,47.44690695252862,0.26403545299802,0.26205518883603673,0.2661940838284981
kan_V0-fosls,47.64580277136496,0.2637597359080779,0.2618926880273316,0.26603559961974144
kan_V0-fosls,47.8446985902013,0.2634836909353,0.26173008632648953,0.2658770209415948
kan_V0-fosls,48.04359440903764,0.2632073167996639,0.26156738354535347,0.26571834762492247
kan_V0-fosls,48.24249022787398,0.26302426322929334,0.2614045794951811,0.2655595795000833
kan_V0-fosls,48.44138604671031,0.2630345789089734,0.26117299696198065,0.26540380360268717
kan_V0-fosls,48.640281865546655,0.2629761856044557,0.2609184903231888,0.2652493863744121
kan_V0-fosls,48.83917768438299,0.26277058853300744,0.2606637351895372,0.2650948791984307
kan_V0-fosls,49.03807350321933,0.26256483020709026,0.2604087308317261,0.2649402819173766
kan_V0-fosls,49.236969322055664,0.2623871072222996,0.26015347651688153,0.26478559437342397
kan_V0-fosls,49.435865140892005,0.2622675128678327,0.25989797150853033,0.26504263589669486
kan_V0-fosls,49.63476095972835,0.26215346521428534,0.2596696232935906,0.26537050769305764
kan_V0-fosls,49.83365677856468,0.2619676151104058,0.259556229373465,0.2646735057844101
kan_V0-fosls,50.03255259740102,0.261763975440988,0.2594427858925861,0.2640006918496695
kan_V0-fosls,50.231448416237356,0.2615929447309753,0.259329292785913,0.26376729130270243
kan_V0-fosls,50.4303442350737,0.2614720264784082,0.2592157499882623,0.26353368404290406
kan_V0-fosls,50.62924005391003,0.2613510513696575,0.2591021574343078,0.2632998695200697
kan_V0-fosls,50.82813587274637,0.26108258042124455,0.25898851505858,0.26306584718154924
kan_V0-fosls,51.027031691582714,0.2608254868436195,0.2588405771944079,0.26286205859544653
kan_V0-fosls,51.22592751041905,0.26072673252843803,0.25867224140955675,0.2626824060819445
kan_V0-fosls,51.42482332925539,0.26062791986645895,0.2585037960056947,0.2625026306172249
kan_V0-fosls,51.62371914809172,0.2604507821871115,0.258335240768393,0.26232273194850425
kan_V0-fosls,51.822614966928064,0.2602821590418857,0.2581665754825232,0.2621427098221319
kan_V0-fosls,52.0215107857644,0.26016455648465386,0.2579977999322536,0.26196256398358536
kan_V0-fosls,52.22040660460074,0.26004684630115155,0.25783147705198123,0.26180866991203605
kan_V0-fosls,52.41930242343708,0.25986878741953645,0.2576997318478183,0.26164062420576484
kan_V0-fosls,52.618198242273415,0.259634586143929,0.25756791925639455,0.26149957720316674
kan_V0-fosls,52.817094061109756,0.25950522642032814,0.257436039174199,0.26135845408191344
kan_V0-fosls,53.01598987994609,0.2592598415959768,0.2573040914974553,0.26121725471863516
kan_V0-fosls,53.21488569878243,0.25901418510568186,0.257172076122121,0.26107597898962864
kan_V0-fosls,53.413781517618766,0.2587682559519572,0.25703999294388635,0.2609346267708556
kan_V0-fosls,53.61267733645511,0.25860647353472743,0.25695447755169654,0.2607862535456206
kan_V0-fosls,53.81157315529145,0.25858212795893915,0.2569138887102873,0.26062819943978344
kan_V0-fosls,54.01046897412778,0.25855777218298015,0.2568732934553892,0.2604700494261986
kan_V0-fosls,54.209364792964124,0.25847426715898836,0.2568326917839609,0.26031180333006254
kan_V0-fosls,54.40826061180046,0.25834409397390573,0.25673700728042836,0.26015346097604
kan_V0-fosls,54.6071564306368,0.25821384099866107,0.2566087981254197,0.25999502218826187
kan_V0-fosls,54.80605224947313,0.2580835080695132,0.25648052488139145,0.2598364867903228
kan_V0-fosls,55.004948068309474,0.25788823855645493,0.25631546289857243,0.2597547657592909
kan_V0-fosls,55.203843887145815,0.25767877528035404,0.2561399899412832,0.25968582733220036
kan_V0-fosls,55.40273970598215,0.25746914148373345,0.2559481227254537,0.2596168705992634
kan_V0-fosls,55.60163552481849,0.2572593367491851,0.2556897468802741,0.2595478955458895
kan_V0-fosls,55.800531343654825,0.25704936065759376,0.2554311096806992,0.2594789021574687
kan_V0-fosls,55.999427162491166,0.256904943233742,0.255172210332019,0.25940989041937185
kan_V0-fosls,56.1983229813275,0.25683949452471266,0.2549714079818571,0.2593207304806862
kan_V0-fosls,56.39721880016384,0.2566300552037968,0.25486126802026327,0.2591831640030797
kan_V0-fosls,56.59611461900018,0.2564980042387226,0.2547510804403827,0.2590455244706188
kan_V0-fosls,56.79501043783652,0.2564148217946366,0.25464084518039953,0.25890781176679195
kan_V0-fosls,56.99390625667286,0.2563316116978436,0.2545305621783641,0.25877002577477787
kan_V0-fosls,57.19280207550919,0.25624837392011973,0.25442023137219244,0.2586321663774439
kan_V0-fosls,57.39169789434553,0.2561651084331922,0.254309852699666,0.2584942334573452
kan_V0-fosls,57.59059371318187,0.2560075702272292,0.2542822839960294,0.25833335215573383
kan_V0-fosls,57.78948953201821,0.2558204783927383,0.2542713976510404,0.2581639510266755
kan_V0-fosls,57.98838535085455,0.2556332494753493,0.2542605108399447,0.25799443866755933
kan_V0-fosls,58.187281169690884,0.25544588317295513,0.2542496235626825,0.2578248148589937
kan_V0-fosls,58.386176988527225,0.2552583791823363,0.254093271696348,0.25765507938086474
kan_V0-fosls,58.58507280736356,0.255070737199155,0.25387444333094383,0.2574852320123332
kan_V0-fosls,58.7839686261999,0.2548936021015069,0.25366457975829065,0.2573169479974357
kan_V0-fosls,58.982864445036235,0.2547897774304846,0.25355915548621943,0.25715723979782024
kan_V0-fosls,59.181760263872576,0.2547833787577317,0.25345368736283835,0.2569974323493373
kan_V0-fosls,59.38065608270892,0.25477695553128643,0.2532705874188617,0.25683752546672534
kan_V0-fosls,59.57955190154525,0.2547705077456107,0.252979715372852,0.2566775189641457
kan_V0-fosls,59.77844772038159,0.2547640353951304,0.2526885085016,0.25651741265518013
kan_V0-fosls,59.97734353921793,0.25475753847423444,0.2523969656461764,0.2563572063528282
kan_V0-fosls,60.17623935805427,0.2546904654300385,0.25219968214738253,0.2562154021180147
kan_V0-fosls,60.3751351768906,0.2544740964640904,0.25204033656194036,0.2560859301049852
kan_V0-fosls,60.57403099572694,0.2542574778567139,0.2518808901708733,0.255956392600331
kan_V0-fosls,60.772926814563284,0.2540406086334438,0.25172134278262326,0.2558267895045673
kan_V0-fosls,60.97182263339962,0.2538234878132383,0.25156169420502456,0.25569712071795714
kan_V0-fosls,61.17071845223596,0.2535388398977132,0.2514019442453015,0.2555673861405108
kan_V0-fosls,61.369614271072294,0.25325740105995453,0.2512500612881535,0.25543778180536697
kan_V0-fosls,61.568510089908635,0.25319994819697306,0.25114173671428974,0.2553131561454407
kan_V0-fosls,61.76740590874497,0.25314458797169387,0.25103336539679016,0.25518846962244607
kan_V0-fosls,61.96630172758131,0.2530892082396264,0.2509249472750908,0.25506372214712536
kan_V0-fosls,62.16519754641765,0.252993531362096,0.2508164822884968,0.2549389136300025
kan_V0-fosls,62.364093365253986,0.25288065713251906,0.25070797037618203,0.2548140439813822
kan_V0-fosls,62.56298918409033,0.25276888531311653,0.2505994114771886,0.2546891131113493
kan_V0-fosls,62.76188500292666,0.25268650974088547,0.2504772253932766,0.25462185821200933
kan_V0-fosls,62.960780821763,0.25264721470247237,0.2503457793580332,0.25461837100327117
kan_V0-fosls,63.159676640599336,0.25260790092780805,0.2502142642697409,0.2546148837467722
kan_V0-fosls,63.35857245943568,0.2525569537696929,0.2500826800194577,0.25461139644251035
kan_V0-fosls,63.55746827827202,0.2524592479886836,0.24995102649795456,0.25460790909048375
kan_V0-fosls,63.75636409710835,0.25236145203374566,0.24981930359571478,0.2546044216906904
kan_V0-fosls,63.955259915944694,0.252263565678133,0.2496893315940914,0.25460093424312835
kan_V0-fosls,64.15415573478103,0.25212012902130265,0.24960584200157676,0.254371309611155
kan_V0-fosls,64.35305155361738,0.25196785174066444,0.2495223244736392,0.2541199729024807
kan_V0-fosls,64.5519473724537,0.25181544604759043,0.24943877898221853,0.25386838736365147
kan_V0-fosls,64.75084319129004,0.2516104560817207,0.2493552054992076,0.2536165522541548
kan_V0-fosls,64.94973901012638,0.25139410243543653,0.24927160399645207,0.2533644668297982
kan_V0-fosls,65.14863482896271,0.2511775582472414,0.2491879744457505,0.25311213034268304
kan_V0-fosls,65.34753064779906,0.2509968439534781,0.24909560357598814,0.25294280961529686
kan_V0-fosls,65.5464264666354,0.2508912514077519,0.24899371123988684,0.252927681797724
kan_V0-fosls,65.74532228547173,0.2507967342732458,0.24889177719068672,0.2529125530752895
kan_V0-fosls,65.94421810430808,0.25070553101651705,0.24878980137711584,0.252897423447831
kan_V0-fosls,66.14311392314441,0.25056408146036,0.24868778374779701,0.252882292915186
kan_V0-fosls,66.34200974198075,0.25040937001717023,0.2485857242512477,0.25286716147719207
kan_V0-fosls,66.5409055608171,0.25025455598680674,0.24848362283587958,0.25285202913368665
kan_V0-fosls,66.73980137965343,0.25016909592225384,0.24851925597137728,0.25272464751835405
kan_V0-fosls,66.93869719848976,0.25013199459116126,0.24856710641940213,0.25256708119139165
kan_V0-fosls,67.1375930173261,0.25009488374158856,0.24861494765774206,0.25240941650382576
kan_V0-fosls,67.33648883616245,0.25004324909118203,0.24856786987899662,0.2522516532712214
kan_V0-fosls,67.53538465499878,0.24995090303645992,0.2484133390774543,0.25209379130856685
kan_V0-fosls,67.73428047383511,0.24985849256895548,0.24825871208688483,0.25193583043027046
kan_V0-fosls,67.93317629267146,0.24977314939432355,0.24811146215724555,0.2517792585507258
kan_V0-fosls,68.1320721115078,0.2496278100215303,0.24803294060393738,0.2516278491254641
kan_V0-fosls,68.33096793034413,0.24945954181589783,0.24795439418462897,0.25147634853930384
kan_V0-fosls,68.52986374918046,0.24929112747986704,0.24787582287568186,0.2513247566273874
kan_V0-fosls,68.72875956801681,0.2491225665848033,0.2476668036165603,0.2511730732243598
kan_V0-fosls,68.92765538685315,0.24895385869988368,0.24740871645735277,0.2510212981643663
kan_V0-fosls,69.12655120568948,0.24885318420596556,0.24715035979036268,0.25090557718109024
kan_V0-fosls,69.32544702452583,0.2487810867895776,0.24706995317046615,0.2508131520025736
kan_V0-fosls,69.52434284336216,0.24871712543325203,0.24703451593699458,0.25065956664199857
kan_V0-fosls,69.7232386621985,0.2486531399600552,0.2469990736193035,0.2505642912733538
kan_V0-fosls,69.92213448103483,0.24858913033950836,0.246963626215204,0.25046897966311443
kan_V0-fosls,70.12103029987118,0.248525096541067,0.24692252715054755,0.2503736317698914
kan_V0-fosls,70.31992611870751,0.24846103853412072,0.24677205531029994,0.25027824755221684
kan_V0-fosls,70.51882193754385,0.24838757820012358,0.246621491662277,0.25018372117160254
kan_V0-fosls,70.7177177563802,0.2482552388069788,0.24665125797787016,0.2500978170104803
kan_V0-fosls,70.91661357521653,0.24812280685688726,0.24648392061449192,0.25001188333266317
kan_V0-fosls,71.11550939405286,0.24799028213114396,0.24631321122431837,0.24992592010770448
kan_V0-fosls,71.3144052128892,0.24785766441014734,0.24614238344052047,0.24983992730510507
kan_V0-fosls,71.51330103172555,0.24772495347339385,0.24597143701642418,0.2497539048943133
kan_V0-fosls,71.71219685056188,0.24759214909947297,0.24580037170449776,0.24966785284472487
kan_V0-fosls,71.91109266939822,0.24746871767575046,0.2457498512704779,0.24962709097173041
kan_V0-fosls,72.10998848823456,0.2473465580503591,0.2457561351808658,0.2494843783894751
kan_V0-fosls,72.3088843070709,0.2472243369941472,0.24576241893058012,0.24939087358433815
kan_V0-fosls,72.50778012590723,0.24710205441278452,0.24576870251963318,0.249297333708036
kan_V0-fosls,72.70667594474357,0.2469797102116955,0.2457749859480373,0.24920375872107628
kan_V0-fosls,72.90557176357991,0.24685730429605823,0.24574997289398226,0.24911014858389238
kan_V0-fosls,73.10446758241625,0.2467348365708036,0.24554600640272176,0.24901650325684338
kan_V0-fosls,73.30336340125258,0.24666020373334868,0.24543263754990904,0.24890696354455105
kan_V0-fosls,73.50225922008893,0.2465896796977438,0.24533681859403442,0.24879690062850138
kan_V0-fosls,73.70115503892526,0.2465191354865635,0.2451962726715117,0.24868678900120192
kan_V0-fosls,73.9000508577616,0.2464485710824823,0.24500675071223946,0.24857662859792
kan_V0-fosls,74.09894667659793,0.2463779864681498,0.24481708203705185,0.24846641935377944
kan_V0-fosls,74.29784249543428,0.24630738162619076,0.24462726630468587,0.2483561612037602
kan_V0-fosls,74.49673831427062,0.2462352869057387,0.24452292644738868,0.2482664714233315
kan_V0-fosls,74.69563413310695,0.2461621197794916,0.24448514453150058,0.2482065376064823
kan_V0-fosls,74.8945299519433,0.2460931120425698,0.24444735677601914,0.24814658931406727
kan_V0-fosls,75.09342577077963,0.2460286070670274,0.24440956317823584,0.2480866265355926
kan_V0-fosls,75.29232158961597,0.24596408350896948,0.24437176373544006,0.24802664926055193
kan_V0-fosls,75.4912174084523,0.24589954135114406,0.244333958444919,0.24796665747842608
kan_V0-fosls,75.69011322728865,0.24583498057627107,0.24429564910383084,0.24790665117868324
kan_V0-fosls,75.88900904612498,0.24575037537397765,0.24411145717592408,0.2478655051203483
kan_V0-fosls,76.08790486496132,0.2456503217483063,0.24392712616280296,0.24782780740098176
kan_V0-fosls,76.28680068379767,0.24555022710904895,0.2437426557489168,0.2477901039464466
kan_V0-fosls,76.485696502634,0.24545009140542928,0.24355804561751995,0.24775239475412447
kan_V0-fosls,76.68459232147033,0.24534991458656563,0.24337329545066547,0.24771467982139497
kan_V0-fosls,76.88348814030667,0.2452496966014706,0.24318840492919863,0.24767695914563578
kan_V0-fosls,77.08238395914302,0.24515810291978546,0.24304594736722562,0.24760250718741697
kan_V0-fosls,77.28127977797935,0.2450568978395516,0.24295698541607388,0.24743128504495326
kan_V0-fosls,77.48017559681568,0.24495048102392447,0.24286799087837918,0.24725994433490223
kan_V0-fosls,77.67907141565203,0.24484480663269528,0.24277896371830612,0.2470884848106058
kan_V0-fosls,77.87796723448837,0.24478297064662885,0.24268990389995365,0.24691690622454956
kan_V0-fosls,78.0768630533247,0.2447211182473625,0.24260081138735473,0.2467452083283585
kan_V0-fosls,78.27575887216103,0.2446592494212509,0.24251168614447635,0.24657339087279284
kan_V0-fosls,78.47465469099738,0.24460014355965984,0.2425755203775723,0.2464760123089208
kan_V0-fosls,78.67355050983372,0.24454712357025463,0.24266010722375672,0.246410959864666
kan_V0-fosls,78.87244632867005,0.24449408098158437,0.24274466459479646,0.24634589024204323
kan_V0-fosls,79.07134214750639,0.24444101576448288,0.2428291925214828,0.2462808034274364
kan_V0-fosls,79.27023796634273,0.24438792788972102,0.24278396750580722,0.2462156994072115
kan_V0-fosls,79.46913378517907,0.24433481732800688,0.24269135316593818,0.24615057816771646
kan_V0-fosls,79.6680296040154,0.24427865390691922,0.24259870346967521,0.24608479430349064
kan_V0-fosls,79.86692542285175,0.24416033853278396,0.242591157435229,0.24601479387937514
kan_V0-fosls,80.06582124168808,0.24404196142125198,0.2425842755820745,0.24594477353184713
kan_V0-fosls,80.26471706052442,0.24392352246968146,0.24244455411689653,0.2458747332438852
kan_V0-fosls,80.46361287936075,0.24380502157513356,0.24226032019192364,0.2458046729984437
kan_V0-fosls,80.6625086981971,0.24368645863437102,0.2420759460542207,0.2457345927784527
kan_V0-fosls,80.86140451703344,0.24356783354385722,0.24189143138316946,0.24566449256681785
kan_V0-fosls,81.06030033586977,0.24345856166399432,0.24174332698495038,0.24558951750180677
kan_V0-fosls,81.25919615470612,0.24335786047017643,0.24160657904551355,0.24551085822680635
kan_V0-fosls,81.45809197354245,0.24325711526965138,0.24146975366368215,0.2454321737420662
kan_V0-fosls,81.65698779237879,0.2431563260019475,0.24133285070773663,0.2453534640233321
kan_V0-fosls,81.85588361121512,0.24305549260644937,0.2411958700455836,0.245274729046311
kan_V0-fosls,82.05477943005147,0.2429546150223973,0.2410588115447544,0.2451959687866708
kan_V0-fosls,82.2536752488878,0.24285266248982573,0.24097850403880391,0.24511717872727445
kan_V0-fosls,82.45257106772414,0.24277960803748427,0.24112445359153462,0.2450281548938109
kan_V0-fosls,82.65146688656048,0.24271088852725625,0.2412703148562882,0.24493909870437627
kan_V0-fosls,82.85036270539682,0.2426421285863043,0.2414160879930928,0.24485001012366522
kan_V0-fosls,83.04925852423315,0.24257332814457302,0.24156177316149388,0.24476088911630828
kan_V0-fosls,83.24815434306949,0.2425044871318045,0.2414361002276066,0.24467173564687145
kan_V0-fosls,83.44705016190584,0.24243560547753734,0.24129234441782063,0.2445825496798562
kan_V0-fosls,83.64594598074217,0.24237668098391832,0.24116106386811828,0.24451887825045637
kan_V0-fosls,83.8448417995785,0.24232217472571688,0.24109595472124415,0.24448834777186615
kan_V0-fosls,84.04373761841485,0.2422676560909,0.2410308279865748,0.24445781348030668
kan_V0-fosls,84.24263343725119,0.24221312507095683,0.24095227116843326,0.24442727537434905
kan_V0-fosls,84.44152925608752,0.24215858165736664,0.24086260465478382,0.24439673345256338
kan_V0-fosls,84.64042507492385,0.2421040258415989,0.2407729047483275,0.24436618771351892
kan_V0-fosls,84.8393208937602,0.2420494576151131,0.24068317141172893,0.24433563815578402
kan_V0-fosls,85.03821671259654,0.24194819716569588,0.24056625714970475,0.24423743893733144
kan_V0-fosls,85.23711253143287,0.24183802671255772,0.2404175942863855,0.24412930949054967
kan_V0-fosls,85.43600835026922,0.24172780457023055,0.240268839440091,0.2440211321299827
kan_V0-fosls,85.63490416910555,0.24161753066392627,0.2401199924398704,0.24391290679188002
kan_V0-fosls,85.83379998794189,0.24150720491867195,0.2399710531142425,0.24380463341234973
kan_V0-fosls,86.03269580677822,0.24139682725930933,0.23982202129119373,0.24369631192735788
kan_V0-fosls,86.23159162561457,0.24129536565883974,0.23971115916018101,0.24359470730845162
kan_V0-fosls,86.4304874444509,0.24121511123490483,0.2396352097108466,0.2435082087691866
kan_V0-fosls,86.62938326328724,0.24113482807666076,0.23955923618263023,0.2434216794931489
kan_V0-fosls,86.82827908212359,0.2410545161513496,0.2394832385526156,0.24333511944754885
kan_V0-fosls,87.02717490095992,0.2409741754261485,0.23940721679785007,0.2432485285995383
kan_V0-fosls,87.22607071979625,0.24089380586816939,0.23933117089534445,0.24316190691621078
kan_V0-fosls,87.42496653863259,0.24081340744445898,0.2392551008220731,0.24307525436460106
kan_V0-fosls,87.62386235746894,0.24075527464160817,0.23922839454372316,0.24300879021950245
kan_V0-fosls,87.82275817630527,0.24070750980725586,0.23920354526223617,0.24294932814348746
kan_V0-fosls,88.0216539951416,0.2406597354171789,0.23917869339905273,0.2428898515105103
kan_V0-fosls,88.22054981397795,0.24061195146559525,0.23915383895336798,0.24283036030987465
kan_V0-fosls,88.41944563281429,0.24056415794671687,0.23912898192437668,0.24277085453087102
kan_V0-fosls,88.61834145165062,0.24051635485474995,0.23910412231127312,0.24271133416277688
kan_V0-fosls,88.81723727048696,0.2404604759698905,0.23904605518512667,0.2426519879537078
kan_V0-fosls,89.0161330893233,0.24036356123018232,0.23893905047413186,0.24259349250841142
kan_V0-fosls,89.21502890815964,0.24026660727111054,0.23883199782145784,0.24253498295497702
kan_V0-fosls,89.41392472699597,0.2401696140448687,0.2387248971626084,0.2424764592831917
kan_V0-fosls,89.61282054583232,0.24007258150355265,0.23861774843294256,0.24241792148283023
kan_V0-fosls,89.81171636466865,0.2399755095991607,0.2385105515676742,0.24235936954365508
kan_V0-fosls,90.01061218350499,0.23987839828359295,0.2384033065018715,0.24230080345541635
kan_V0-fosls,90.20950800234132,0.23979328624433127,0.2383022716137872,0.2422281895127182
kan_V0-fosls,90.40840382117767,0.23971650570832725,0.23820235394736908,0.24214679431322036
kan_V0-fosls,90.607299640014,0.23963970028270376,0.2381023943513466,0.24206537174434678
kan_V0-fosls,90.80619545885034,0.23956286994296483,0.2380023927728893,0.24198392177846967
kan_V0-fosls,91.00509127768669,0.2394860146645738,0.23790234915905548,0.2419024443879149
kan_V0-fosls,91.20398709652302,0.23941011901401843,0.23780226345679226,0.24182093954496164
kan_V0-fosls,91.40288291535936,0.2393567489741564,0.23770856075688065,0.2417402498266385
kan_V0-fosls,91.60177873419569,0.23928905408370205,0.2376309492399292,0.24168140745045233
kan_V0-fosls,91.80067455303204,0.2392269328666683,0.2375533123663654,0.24162255074437383
kan_V0-fosls,91.99957037186837,0.2391647940521734,0.23747565011132016,0.24156367969792863
kan_V0-fosls,92.1984661907047,0.2391026376242163,0.23739796244988356,0.2415047943006296
kan_V0-fosls,92.39736200954106,0.2390404635667706,0.23732024935710502,0.2414458945419768
kan_V0-fosls,92.59625782837739,0.23897827186378445,0.237242510807993,0.24138698041145742
kan_V0-fosls,92.79515364721372,0.23890694831961917,0.23720005243815565,0.24132077580099773
kan_V0-fosls,92.99404946605006,0.23882031362537037,0.23717099461885716,0.2412463854232782
kan_V0-fosls,93.1929452848864,0.23875544223277662,0.23714193323900382,0.24117197209957542
kan_V0-fosls,93.39184110372274,0.23869055246986967,0.2371128682972865,0.24109753580864293
kan_V0-fosls,93.59073692255907,0.23862564432045577,0.23708379979239513,0.24102307652920155
kan_V0-fosls,93.78963274139542,0.23856071776831655,0.23705472772301903,0.2409485942399391
kan_V0-fosls,93.98852856023176,0.23849577279720924,0.23701392626502987,0.24087408891951062
kan_V0-fosls,94.18742437906809,0.23845099507726875,0.23691401848163882,0.24082229788973092
kan_V0-fosls,94.38632019790442,0.23840593654300496,0.23681406854887563,0.24077280935822834
kan_V0-fosls,94.58521601674077,0.23836086682947155,0.23671407641334904,0.24072331065274344
kan_V0-fosls,94.78411183557711,0.2383157859273037,0.23661404202155484,0.24067380176699893
kan_V0-fosls,94.98300765441344,0.23827069382712296,0.23651396531987576,0.24062428269471092
kan_V0-fosls,95.18190347324979,0.23822559051953726,0.236413846254581,0.24057475342958917
kan_V0-fosls,95.38079929208612,0.23818595128826364,0.23636155023942207,0.24051167361354134
kan_V0-fosls,95.57969511092246,0.2381715351025972,0.2363405423786901,0.24042215812613515
kan_V0-fosls,95.77859092975879,0.23815709984250233,0.2363195326504434,0.24033260929734448
kan_V0-fosls,95.97748674859514,0.2381426454978993,0.23629852105418384,0.24024302708988607
kan_V0-fosls,96.17638256743147,0.23812817205868136,0.23627750758941302,0.2401534114664071
kan_V0-fosls,96.37527838626781,0.23810416336535908,0.23625649225563242,0.24006376238948504
kan_V0-fosls,96.57417420510416,0.23803153757836254,0.23623327342839273,0.23997407982162747
kan_V0-fosls,96.77307002394049,0.23797194734239696,0.2361637047519885,0.23991263354735226
kan_V0-fosls,96.97196584277683,0.23789132635084487,0.23609411557613003,0.2398598861391678
kan_V0-fosls,97.17086166161316,0.23777278063674595,0.23602450588268514,0.23980712712878857
kan_V0-fosls,97.36975748044951,0.2376541668725005,0.23595487565349504,0.23975435650855514
kan_V0-fosls,97.56865329928584,0.23753548492941784,0.23588522487037408,0.23970157427079986
kan_V0-fosls,97.76754911812218,0.23741673467838015,0.23581555351510977,0.2396487804078464
kan_V0-fosls,97.96644493695852,0.23730784551464035,0.23574193030022195,0.23960163898662237
kan_V0-fosls,98.16534075579486,0.23725204386811188,0.23566411702761003,0.23957701272581758
kan_V0-fosls,98.36423657463119,0.2371962278425731,0.23558627805356455,0.23955238393340483
kan_V0-fosls,98.56313239346753,0.2371403974261026,0.23550841335260148,0.2395277526086032
kan_V0-fosls,98.76202821230387,0.2370845526067617,0.23543052289919453,0.23950311875063143
kan_V0-fosls,98.96092403114021,0.2370286933725944,0.23535260666777524,0.23947848235870772
kan_V0-fosls,99.15981984997654,0.23697281971162748,0.2352746646327328,0.23945384343205
kan_V0-fosls,99.35871566881289,0.23690984154341668,0.23519461786531978,0.23939580186284126
kan_V0-fosls,99.55761148764923,0.23684073101601102,0.2351143782395391,0.2393182936461151
kan_V0-fosls,99.75650730648556,0.23677159993863645,0.2350341112202999,0.2392407603186037
kan_V0-fosls,99.9554031253219,0.2367024482926256,0.23495381677952704,0.23916320185588544
kan_V0-fosls,100.15429894415824,0.23663327605928228,0.2348734948890973,0.239085618233499
kan_V0-fosls,100.35319476299458,0.2365640832198815,0.2347931455208394,0.23900800942694336
kan_V0-fosls,100.55209058183091,0.23649586914659634,0.23472654900152937,0.23893456139273195
kan_V0-fosls,100.75098640066726,0.23643848110199067,0.23468383330657558,0.23891798574056972
kan_V0-fosls,100.94988221950359,0.23638107878625506,0.23464110983536057,0.23890140893834205
kan_V0-fosls,101.14877803833993,0.23632366218849646,0.23459837858363583,0.2388848309858096
kan_V0-fosls,101.34767385717626,0.2362662312978077,0.23455563954714906,0.2388682518827328
kan_V0-fosls,101.54656967601261,0.23620878610326745,0.23451289272164397,0.23885167162887214
kan_V0-fosls,101.74546549484894,0.23615132659394023,0.2344701381028605,0.23883509022398788
kan_V0-fosls,101.94436131368528,0.23609994948707969,0.2344208109905164,0.23878417128955487
kan_V0-fosls,102.14325713252163,0.2360567624755891,0.2343698866998577,0.23869972571620776
kan_V0-fosls,102.34215295135796,0.23601356666512535,0.2343189513418768,0.23861525025770286
kan_V0-fosls,102.5410487701943,0.23597036204987143,0.23426800490935493,0.2385307448822887
kan_V0-fosls,102.73994458903063,0.23592714862400355,0.2342170473950653,0.2384462095581577
kan_V0-fosls,102.93884040786698,0.2358839263816912,0.23416607879177326,0.2383616442534457
kan_V0-fosls,103.13773622670331,0.23584061315639782,0.23411193279960812,0.23827704893623208
kan_V0-fosls,103.33663204553964,0.23579337127009758,0.2340479725475338,0.2382107621213134
kan_V0-fosls,103.535527864376,0.2357461473263266,0.23398399481172644,0.23814556489021568
kan_V0-fosls,103.73442368321233,0.2356989123656042,0.23391999957784054,0.23808034980515064
kan_V0-fosls,103.93331950204866,0.23565166637943386,0.23385598683151096,0.23801511685144258
kan_V0-fosls,104.132215320885,0.23560440935930754,0.2337919565583528,0.23794986601439563
kan_V0-fosls,104.33111113972134,0.23555714129670585,0.23372790874396154,0.23788459727929384
kan_V0-fosls,104.53000695855768,0.23550243299278414,0.23367714523310357,0.237826199851978
kan_V0-fosls,104.72890277739401,0.23543061832192136,0.23363255781531791,0.2377790656762935
kan_V0-fosls,104.92779859623036,0.23535878041582847,0.23358796188665795,0.23773192215550104
kan_V0-fosls,105.1266944150667,0.2352869192507986,0.23354335744224813,0.23768476928404
kan_V0-fosls,105.32559023390303,0.23521503480308292,0.23349874447720823,0.23763760705634415
kan_V0-fosls,105.52448605273936,0.23514312704889068,0.23345412298665336,0.23759043546684186
kan_V0-fosls,105.72338187157571,0.23507119596438902,0.23340887424713289,0.23754325450995584
kan_V0-fosls,105.92227769041205,0.23505191987861557,0.23335920947245242,0.23752678060501348
kan_V0-fosls,106.12117350924838,0.2350469959433162,0.23330953412559452,0.2375171701482217
kan_V0-fosls,106.32006932808473,0.23504206822370854,0.23325984819980483,0.23750755930255443
kan_V0-fosls,106.51896514692106,0.2350371367190903,0.23321015168832174,0.2374979480679644
kan_V0-fosls,106.7178609657574,0.2350322014287582,0.2331604445843764,0.2374883364444044
kan_V0-fosls,106.91675678459373,0.23502726235200802,0.23311072688119286,0.2374787244318272
kan_V0-fosls,107.11565260343008,0.23500524099460313,0.23304688978403826,0.23744855434166556
kan_V0-fosls,107.31454842226641,0.2349189895623352,0.23297214957261264,0.2373583600957137
kan_V0-fosls,107.51344424110275,0.23483269769893633,0.2328973853759503,0.23726813156365117
kan_V0-fosls,107.7123400599391,0.23474636534050508,0.23282259717094478,0.23717786870634805
kan_V0-fosls,107.91123587877543,0.23465999242296398,0.23274778493445245,0.2370875714845999
kan_V0-fosls,108.11013169761176,0.23457357888205926,0.23267294864329252,0.2369972398591276
kan_V0-fosls,108.3090275164481,0.2344871246533599,0.23259820132392275,0.23690687379057715
kan_V0-fosls,108.50792333528445,0.23441082775507183,0.2325566931571362,0.2368488462207378
kan_V0-fosls,108.70681915412078,0.234343970162456,0.23251517758039084,0.23680597770991704
kan_V0-fosls,108.90571497295711,0.23427709311990907,0.23247365458971686,0.2367631014372906
kan_V0-fosls,109.10461079179346,0.23421019661013498,0.23243212418114084,0.23672021739864085
kan_V0-fosls,109.3035066106298,0.23414328061581147,0.23239058635068582,0.23667732558974638
kan_V0-fosls,109.50240242946613,0.23407634511959027,0.23234904109437135,0.23663442600638196
kan_V0-fosls,109.70129824830246,0.2340129700131552,0.23230347562524412,0.23658804052645266
kan_V0-fosls,109.90019406713881,0.23396258968749617,0.23225288496907065,0.2365153376362464
kan_V0-fosls,110.09908988597515,0.23391219811621883,0.23220228329054893,0.23644261239089048
kan_V0-fosls,110.29798570481148,0.23386179529154327,0.2321516705824714,0.23636986476975042
kan_V0-fosls,110.49688152364783,0.2338113812056803,0.23210104683762264,0.2362970947521601
kan_V0-fosls,110.69577734248416,0.2337609558508314,0.23205041204877935,0.23622430231742156
kan_V0-fosls,110.8946731613205,0.23371051921918898,0.23199976620871035,0.2361514874448048
kan_V0-fosls,111.09356898015683,0.23366507770759493,0.23195845528140607,0.23609795040097062
kan_V0-fosls,111.29246479899318,0.23362823594833138,0.23191835418501927,0.23605990765823273
kan_V0-fosls,111.49136061782951,0.23359138421560519,0.23187824615353647,0.23602185878364645
kan_V0-fosls,111.69025643666585,0.23355452250075295,0.23183813118335828,0.2359838037742458
kan_V0-fosls,111.8891522555022,0.23351765079509865,0.2317980092708823,0.2359457426270623
kan_V0-fosls,112.08804807433853,0.23348076908995358,0.23175788041250298,0.2359076753391252
kan_V0-fosls,112.28694389317486,0.2334447530700159,0.2317160890337369,0.23586960190746137
kan_V0-fosls,112.4858397120112,0.23339269549823066,0.23167082515148896,0.23585067456411518
kan_V0-fosls,112.68473553084755,0.23333902881710006,0.23162555242384822,0.23583191433912631
kan_V0-fosls,112.88363134968388,0.23328534952941216,0.23158027084562696,0.235813152621659
kan_V0-fosls,113.08252716852022,0.23323165762610243,0.23153498041163248,0.23579438941135705
kan_V0-fosls,113.28142298735656,0.23317795309809525,0.23148968111666687,0.235775624707864
kan_V0-fosls,113.4803188061929,0.23312423593630402,0.23144437295552728,0.23575685851082331
kan_V0-fosls,113.67921462502923,0.23306807536562496,0.23139174947677696,0.23571014793540332
kan_V0-fosls,113.87811044386557,0.23300973400747743,0.2313368331106052,0.23562620426395361
kan_V0-fosls,114.07700626270191,0.2329513780163618,0.23128190370490403,0.235542230676257
kan_V0-fosls,114.27590208153825,0.23289300738124563,0.23122696125038059,0.23545822714030556
kan_V0-fosls,114.47479790037458,0.2328346220910827,0.23117200573773095,0.2353741936240343
kan_V0-fosls,114.67369371921093,0.23277622213481275,0.23111703715764012,0.23529013009532093
kan_V0-fosls,114.87258953804727,0.23271780750136167,0.23106895984973472,0.23520603652198582
kan_V0-fosls,115.0714853568836,0.23268409295425463,0.23104810855447885,0.23515387833519286
kan_V0-fosls,115.27038117571993,0.23265444404355756,0.23102725537729563,0.23510665459783325
kan_V0-fosls,115.46927699455628,0.23262479114308476,0.23100640031767541,0.23505942137316482
kan_V0-fosls,115.66817281339262,0.23259513425114897,0.2309855433751083,0.2350121786554672
kan_V0-fosls,115.86706863222895,0.23256547336606154,0.23096468454908417,0.23496492643901434
kan_V0-fosls,116.0659644510653,0.23253580848613273,0.2309438238390927,0.23491766471807438
kan_V0-fosls,116.26486026990163,0.23250589048330866,0.2308976784591416,0.2348780151685347
kan_V0-fosls,116.46375608873797,0.23246782871179938,0.23083745896664612,0.23485653707433538
kan_V0-fosls,116.6626519075743,0.23242975764279716,0.2307772237603505,0.23483505701574228
kan_V0-fosls,116.86154772641065,0.23239167726871962,0.2307169728279473,0.2348135749922163
kan_V0-fosls,117.06044354524698,0.2323535875819736,0.23065670615711273,0.23479209100321807
kan_V0-fosls,117.25933936408332,0.23231548857495568,0.230596423735507,0.23477060504820807
kan_V0-fosls,117.45823518291967,0.23227738024005162,0.23053886436317986,0.23474911712664642
kan_V0-fosls,117.657131001756,0.2322390660318781,0.2305118363211141,0.2347102034534787
kan_V0-fosls,117.85602682059233,0.23220339992260325,0.23048480510957667,0.23466487159962837
kan_V0-fosls,118.05492263942867,0.2321677283130647,0.23045777072745235,0.23461953098701477
kan_V0-fosls,118.25381845826502,0.23213205120070726,0.2304307331736252,0.23457418161055893
kan_V0-fosls,118.45271427710135,0.23209636858297378,0.2304036924469786,0.2345288234651771
kan_V0-fosls,118.65161009593768,0.2320606804573051,0.2303766485463953,0.23448345654578043
kan_V0-fosls,118.85050591477403,0.23201843033860828,0.23033297709901912,0.2344374579001739
kan_V0-fosls,119.04940173361037,0.231953459939497,0.23027397065691285,0.2343882364236142
kan_V0-fosls,119.2482975524467,0.2318884700692756,0.23021494909085347,0.23433900460838422
kan_V0-fosls,119.44719337128303,0.23182346070943455,0.2301559123892057,0.2342897624479665
kan_V0-fosls,119.64608919011938,0.23175843184143372,0.23009686054031944,0.23424050993583673
kan_V0-fosls,119.84498500895572,0.23169338344670237,0.2300377935325296,0.23419124706546374
kan_V0-fosls,120.04388082779205,0.23162831550663907,0.22997871135415598,0.2341419738303095
kan_V0-fosls,120.2427766466284,0.2315757672125264,0.22994418898334051,0.23409107702087267
kan_V0-fosls,120.44167246546473,0.23152786523403934,0.22991070811347813,0.23403906912123287
kan_V0-fosls,120.64056828430107,0.23147995311163724,0.229877222367236,0.23398704966188685
kan_V0-fosls,120.8394641031374,0.2314320308387327,0.22984373174248282,0.23393501863512306
kan_V0-fosls,121.03835992197375,0.2313840984087311,0.22981023623708566,0.23388297603322147
kan_V0-fosls,121.23725574081008,0.23133615581503034,0.22977673584891017,0.23383092184845342
kan_V0-fosls,121.43615155964642,0.23128863123785798,0.22973247963253424,0.23377939762093883
kan_V0-fosls,121.63504737848277,0.23125318801576042,0.22967187922454677,0.23375589801126812
kan_V0-fosls,121.8339431973191,0.23121789857014297,0.22961126282252975,0.23373239603893112
kan_V0-fosls,122.03283901615544,0.23118260373317884,0.22955063041381277,0.23370889170321504
kan_V0-fosls,122.23173483499177,0.23114730350239418,0.2294899819857087,0.2336853850034068
kan_V0-fosls,122.43063065382812,0.23111199787531334,0.22942931752551357,0.23366187593879284
kan_V0-fosls,122.62952647266445,0.2310766868494587,0.22936863702050672,0.23363836450865938
kan_V0-fosls,122.82842229150079,0.23103805142662498,0.22932654396828817,0.23362009200919268
kan_V0-fosls,123.02731811033713,0.23099771979965428,0.22928810070621203,0.23360811461609526
kan_V0-fosls,123.22621392917347,0.23095738069020266,0.2292496509975203,0.2335961366088698
kan_V0-fosls,123.4251097480098,0.23091703409388797,0.2292111948389687,0.23358415798742177
kan_V0-fosls,123.62400556684614,0.2308766800063236,0.22917273222731036,0.2335721787516567
kan_V0-fosls,123.82290138568248,0.23083631842311847,0.22913426315929558,0.23356019890148005
kan_V0-fosls,124.02179720451882,0.23079602081763112,0.22910119314720484,0.23354821843679727
kan_V0-fosls,124.22069302335515,0.23076175961449735,0.22908240341435782,0.2334745135602332
kan_V0-fosls,124.4195888421915,0.23072728277098425,0.22906361214021814,0.23339225657823065
kan_V0-fosls,124.61848466102784,0.2306928007670383,0.22904481932440648,0.23330997059527864
kan_V0-fosls,124.81738047986417,0.23065831360033814,0.2290260249665433,0.23322765558068137
kan_V0-fosls,125.0162762987005,0.23062382126856057,0.22900722906624899,0.23314531150368878
kan_V0-fosls,125.21517211753685,0.23058932376938063,0.22898843162314367,0.23306293833349653
kan_V0-fosls,125.41406793637319,0.23056017630780684,0.22894084659557132,0.23299680786474047
kan_V0-fosls,125.61296375520952,0.23054122301553076,0.2288817523502288,0.2329663545463618
kan_V0-fosls,125.81185957404587,0.23052226801924597,0.22882264284359194,0.23293589724661057
kan_V0-fosls,126.0107553928822,0.2305033113184603,0.22876351806383072,0.2329054359639248
kan_V0-fosls,126.20965121171854,0.2304843529126811,0.2287043779990999,0.23287497069674157
kan_V0-fosls,126.40854703055487,0.2304653928014157,0.2286452226375389,0.23284450144349683
kan_V0-fosls,126.60744284939122,0.23044643098417097,0.22859208294160527,0.23281402820262564
kan_V0-fosls,126.80633866822755,0.23039381900960818,0.2285717186934245,0.23278080707846335
kan_V0-fosls,127.00523448706389,0.23033038812104883,0.22855135263076046,0.23274660114535833
kan_V0-fosls,127.20413030590024,0.230266938234641,0.22853098475312805,0.23271239018439105
kan_V0-fosls,127.40302612473657,0.2302034693321528,0.22851061506004197,0.23267817419334372
kan_V0-fosls,127.6019219435729,0.23013998139532177,0.22849024355101666,0.23264395316999695
kan_V0-fosls,127.80081776240924,0.23007647440585494,0.2284698702255664,0.23260972711212977
kan_V0-fosls,127.99971358124559,0.23002930429170806,0.22843110572578906,0.2325739597928118
kan_V0-fosls,128.19860940008192,0.22999439753960305,0.2283799164232545,0.23253014599788122
kan_V0-fosls,128.39750521891824,0.22995143651501435,0.228328715644526,0.23248632394591187
kan_V0-fosls,128.5964010377546,0.22991848524212208,0.22827750338188146,0.23244249363223365
kan_V0-fosls,128.79529685659094,0.22988552796011508,0.2282262796275902,0.23239865505217214
kan_V0-fosls,128.99419267542726,0.2298525646653017,0.22817504437391284,0.23235480820104842
kan_V0-fosls,129.1930884942636,0.22981959535398627,0.22812488443982168,0.23231095307417926
kan_V0-fosls,129.39198431309995,0.22980593428892654,0.22810322784222734,0.23226840690683193
kan_V0-fosls,129.59088013193627,0.22979738405706163,0.22808156918831507,0.23222674495130555
kan_V0-fosls,129.78977595077262,0.22978883220381335,0.22805990847749905,0.23218507552019743
kan_V0-fosls,129.98867176960897,0.22978027872870982,0.2280382457091931,0.232143398609482
kan_V0-fosls,130.1875675884453,0.22977172363127885,0.2280165808828108,0.2321017142151301
kan_V0-fosls,130.38646340728164,0.22976316691104798,0.22799491399776547,0.23206002233310885
kan_V0-fosls,130.585359226118,0.22974778028610388,0.2279603463209394,0.2320190330124963
kan_V0-fosls,130.7842550449543,0.229693194343184,0.22791177508986876,0.23200391772670492
kan_V0-fosls,130.98315086379066,0.22963859536411468,0.22786319350537332,0.2319888014560735
kan_V0-fosls,131.182046682627,0.22958398333950847,0.2278146015608295,0.23197368420040954
kan_V0-fosls,131.38094250146332,0.22952935825996645,0.22776599924960658,0.23195856595952036
kan_V0-fosls,131.57983832029967,0.2294747201160784,0.22771738656506682,0.23194344673321335
kan_V0-fosls,131.77873413913602,0.2294200688984227,0.22766876350056536,0.23192832652129583
kan_V0-fosls,131.97762995797234,0.22938046434640869,0.22763470814035985,0.2318943770043187
kan_V0-fosls,132.1765257768087,0.22934915808503453,0.22760193049358277,0.23183848173017826
kan_V0-fosls,132.375421595645,0.22931784509430664,0.22756914812571705,0.2317825729766742
kan_V0-fosls,132.57431741448136,0.22928652536945504,0.22753636103472213,0.23172665073405005
kan_V0-fosls,132.7732132333177,0.22925519890570412,0.22750356921855594,0.23167071499253744
kan_V0-fosls,132.97210905215402,0.22922386569827252,0.22747077267517501,0.2316147657423564
kan_V0-fosls,133.17100487099037,0.22919038410615342,0.22743885206399056,0.23155880297371492
kan_V0-fosls,133.36990068982672,0.22914103270915698,0.2274084818569875,0.23152878469034333
kan_V0-fosls,133.56879650866304,0.22909324131266387,0.22737810759352767,0.2315017234176361
kan_V0-fosls,133.7676923274994,0.22904543754260487,0.22734772927198518,0.23147465898124572
kan_V0-fosls,133.96658814633574,0.2289976213882218,0.22731734689073313,0.23144759138006238
kan_V0-fosls,134.16548396517206,0.22894979283874012,0.22728696044814345,0.23142052061297558
kan_V0-fosls,134.3643797840084,0.22890195188336895,0.22725656994258703,0.23139344667887415
kan_V0-fosls,134.56327560284475,0.22885879256585295,0.22721563278298296,0.23136540669087918
kan_V0-fosls,134.76217142168107,0.22881790475306535,0.2271721062066094,0.23133545087054724
kan_V0-fosls,134.96106724051742,0.2287770096100697,0.2271285712888686,0.23130549117070878
kan_V0-fosls,135.15996305935374,0.22873610713291015,0.2270850280249632,0.23127552758985612
kan_V0-fosls,135.3588588781901,0.22869519731762716,0.22704147641009115,0.2312455601264806
kan_V0-fosls,135.55775469702644,0.2286545245461733,0.2269979164394458,0.2312155887790726
kan_V0-fosls,135.75665051586276,0.22862878819428656,0.22696229169558274,0.23118561354612158
kan_V0-fosls,135.9555463346991,0.22860617045619872,0.22695130096223337,0.23114927870783908
kan_V0-fosls,136.15444215353546,0.22858175252222873,0.2269403096966021,0.23111104186977832
kan_V0-fosls,136.35333797237178,0.2285573311021073,0.22692931789861157,0.23107279870446584
kan_V0-fosls,136.55223379120812,0.22853290619415406,0.22691832556818442,0.23103454920875957
kan_V0-fosls,136.75112961004447,0.22850847779668718,0.2269073327052433,0.23099629337951488
kan_V0-fosls,136.9500254288808,0.22848466071576135,0.22689633930971081,0.23095803121358452
kan_V0-fosls,137.14892124771714,0.22846087366406725,0.2268651725782116,0.2309215954384062
kan_V0-fosls,137.3478170665535,0.2284233349808251,0.22682473735024825,0.23089211722318614
kan_V0-fosls,137.5467128853898,0.22838578952139105,0.22678429491275728,0.23086263524397385
kan_V0-fosls,137.74560870422616,0.22835069127830085,0.22674384526188102,0.2308331494993271
kan_V0-fosls,137.94450452306248,0.2283155909372549,0.22670338839375828,0.23080365998780278
kan_V0-fosls,138.14340034189883,0.2282804843104833,0.22666292430452445,0.23077416670795683
kan_V0-fosls,138.34229616073517,0.22824537139426526,0.2266217648937169,0.23074466965834428
kan_V0-fosls,138.5411919795715,0.2282130785390334,0.2265758779767158,0.23070800126514374
kan_V0-fosls,138.74008779840784,0.2281805236804806,0.2265299817646576,0.23066737084638797
kan_V0-fosls,138.9389836172442,0.22814796415789937,0.22648407625189151,0.2306267332696116
kan_V0-fosls,139.1378794360805,0.22811794657443815,0.22643816143276096,0.23058608853103016
kan_V0-fosls,139.33677525491686,0.2280893590235992,0.22639223730160365,0.2305454366268558
kan_V0-fosls,139.5356710737532,0.22806076787323104,0.22634630385275153,0.23050477755329735
kan_V0-fosls,139.73456689258953,0.22803332562267728,0.22630730447583833,0.23046426137636428
kan_V0-fosls,139.93346271142588,0.2280101578338014,0.22627358002445497,0.23042545774501458
kan_V0-fosls,140.13235853026222,0.227986987579206,0.22623985054593512,0.23038664757803531
kan_V0-fosls,140.33125434909854,0.22796381485807124,0.22620611603803,0.23034783087212304
kan_V0-fosls,140.5301501679349,0.22794063966957684,0.22617237649848915,0.23030900762397147
kan_V0-fosls,140.7290459867712,0.22791746201290208,0.22613863192506042,0.23027017783027157
kan_V0-fosls,140.92794180560756,0.22789428188722566,0.22610499905076653,0.23023134148771154
kan_V0-fosls,141.1268376244439,0.22785791144768136,0.22608163665352574,0.23020248349269176
kan_V0-fosls,141.32573344328023,0.22781590720832576,0.22605827184185612,0.2301829769689019
kan_V0-fosls,141.52462926211658,0.22777389388449348,0.226034904615009,0.23016346879191973
kan_V0-fosls,141.72352508095292,0.22773187146967455,0.22601153497223525,0.23014395896132492
kan_V0-fosls,141.92242089978924,0.22768983995735065,0.22598816291278534,0.23012444747669683
kan_V0-fosls,142.1213167186256,0.22764779934099533,0.22596478843590945,0.23010493433761475
kan_V0-fosls,142.32021253746194,0.2276170303917733,0.22594106418214666,0.23008541954365772
kan_V0-fosls,142.51910835629826,0.2275855066693585,0.22591691784460244,0.2300581990619151
kan_V0-fosls,142.7180041751346,0.2275549896924025,0.2258927689259857,0.23003049592895408
kan_V0-fosls,142.91689999397096,0.22752446760574596,0.2258686174254686,0.2300027894592354
kan_V0-fosls,143.11579581280728,0.2274939404065137,0.2258444633422228,0.22997507965155306
kan_V0-fosls,143.31469163164363,0.22746340809182763,0.22582030667541958,0.22994736650470032
kan_V0-fosls,143.51358745047995,0.22743287065880702,0.2257961474242297,0.22991965001746978
kan_V0-fosls,143.7124832693163,0.2274068766143874,0.22577340506264473,0.22988704141634364
kan_V0-fosls,143.91137908815264,0.22738335319634478,0.22575082151150985,0.2298463665894639
kan_V0-fosls,144.11027490698896,0.2273598265355718,0.22572823570094663,0.22980568456327782
kan_V0-fosls,144.3091707258253,0.22733629663055915,0.22570564763027673,0.22976499533396133
kan_V0-fosls,144.50806654466166,0.22731276347979656,0.22568305729882157,0.2297242988976869
kan_V0-fosls,144.70696236349798,0.22729321229864818,0.22566046470590215,0.22968359525062365
kan_V0-fosls,144.90585818233433,0.22727769918312452,0.22563584569461242,0.22964288438893732
kan_V0-fosls,145.10475400117068,0.22723896383881767,0.22560728183015705,0.22961423131159808
kan_V0-fosls,145.303649820007,0.22719698392089216,0.22557871434880744,0.22958832256896508
kan_V0-fosls,145.50254563884334,0.2271549961662102,0.22555014324918932,0.22956241090223428
kan_V0-fosls,145.7014414576797,0.22711300057033812,0.22552156852992747,0.2295364963104154
kan_V0-fosls,145.900337276516,0.227070997128838,0.22549299018964586,0.22951057879251757
kan_V0-fosls,146.09923309535236,0.22702898583726774,0.2254644082269676,0.22948465834754947
kan_V0-fosls,146.29812891418868,0.22699417147768958,0.2254325866264848,0.22945966516373487
kan_V0-fosls,146.49702473302503,0.2269717191022893,0.22539985947130747,0.2294376724960959
kan_V0-fosls,146.69592055186138,0.22694926413013355,0.22536712756358845,0.22941567772015536
kan_V0-fosls,146.8948163706977,0.2269268065602285,0.22533439090125665,0.22939368083530687
kan_V0-fosls,147.09371218953405,0.22690434639157958,0.22530164948223955,0.22937168184094364
kan_V0-fosls,147.2926080083704,0.22688400853984883,0.22526890330446303,0.22934968073645864
kan_V0-fosls,147.4915038272067,0.2268679016909339,0.22524087468258303,0.2293276775212446
kan_V0-fosls,147.69039964604306,0.22684160067085335,0.22522933144067964,0.2292996860275805
kan_V0-fosls,147.8892954648794,0.22681288054169488,0.22521778760714256,0.2292687700075809
kan_V0-fosls,148.08819128371573,0.22678415665274582,0.22520624318188082,0.22923784981811157
kan_V0-fosls,148.28708710255208,0.22675542900248413,0.2251946981648034,0.22920692545748506
kan_V0-fosls,148.48598292138843,0.22672669758938674,0.22518315255581922,0.22917599692401286
kan_V0-fosls,148.68487874022475,0.22669796241192947,0.22517160635483732,0.2291450642160053
kan_V0-fosls,148.8837745590611,0.22667046558160298,0.22514390881963556,0.22911542342282365
kan_V0-fosls,149.08267037789741,0.22663928718792603,0.22510808043855743,0.2290963250351228
kan_V0-fosls,149.28156619673376,0.2266077782945759,0.22507224635409787,0.22907722505517109
kan_V0-fosls,149.4804620155701,0.2265762648835999,0.2250364065635323,0.22905812348257018
kan_V0-fosls,149.67935783440643,0.22654474695299937,0.225000561064134,0.22903902031692164
kan_V0-fosls,149.87825365324278,0.2265132245007741,0.22496470985317402,0.22901991555782678
kan_V0-fosls,150.07714947207913,0.22648169752492245,0.2249310330640521,0.2290008092048868
kan_V0-fosls,150.27604529091545,0.226453561132205,0.224915742887536,0.22896946041617275
kan_V0-fosls,150.4749411097518,0.22643127065160346,0.22490045167149555,0.22892796660021572
kan_V0-fosls,150.67383692858814,0.2264089778927521,0.2248851594157187,0.22888646526202824
kan_V0-fosls,150.87273274742446,0.22638668285492838,0.22486986611999332,0.22884495639751787
kan_V0-fosls,151.0716285662608,0.22636438553740945,0.22485457178410723,0.22880344000258832
kan_V0-fosls,151.27052438509716,0.22634208593947203,0.22483927640784812,0.2287619160731397
kan_V0-fosls,151.46942020393348,0.226320032491544,0.22480990856311373,0.22872038460506838
kan_V0-fosls,151.66831602276983,0.22629461907661,0.2247689643731911,0.22869133523834664
kan_V0-fosls,151.86721184160615,0.2262681889857715,0.22472801272346568,0.22866249858681
kan_V0-fosls,152.0661076604425,0.22624175577979433,0.22468705360985858,0.22863365829822155
kan_V0-fosls,152.26500347927885,0.22621531945756718,0.22464608702828714,0.22860481437120472
kan_V0-fosls,152.46389929811517,0.22618888001797804,0.2246051129746651,0.22857596680438214
kan_V0-fosls,152.66279511695151,0.22616243745991432,0.22456413144490234,0.22854711559637556
kan_V0-fosls,152.86169093578786,0.2261332084770709,0.22453091683176513,0.22852358192103017
kan_V0-fosls,153.06058675462418,0.22610428365050306,0.22449782168525304,0.22850769365980403
kan_V0-fosls,153.25948257346053,0.22607535492501213,0.22446472165918258,0.22849180429378182
kan_V0-fosls,153.45837839229688,0.22604642229894892,0.22443161675139475,0.22847591382273308
kan_V0-fosls,153.6572742111332,0.22601748577066313,0.22439850695972907,0.2284600222464272
kan_V0-fosls,153.85617002996955,0.22598854533850316,0.22436539228202335,0.2284441295646335
kan_V0-fosls,154.0550658488059,0.22596048794041856,0.2243353603143724,0.2284282357771213
kan_V0-fosls,154.25396166764222,0.22594770940835357,0.22430947342938068,0.22839814845285225
kan_V0-fosls,154.45285748647856,0.2259350669208546,0.2242835835565162,0.22836547666605567
kan_V0-fosls,154.65175330531488,0.2259224233867704,0.22425769069474416,0.22833280020430374
kan_V0-fosls,154.85064912415123,0.22590977880581137,0.22423179484302908,0.22830011906558914
kan_V0-fosls,155.04954494298758,0.22589713317768775,0.224205896000335,0.22826743324790302
kan_V0-fosls,155.2484407618239,0.22588448650210963,0.22417999416562528,0.22823474274923514
kan_V0-fosls,155.44733658066025,0.2258638084519034,0.22416166645917546,0.22820424502044595
kan_V0-fosls,155.6462323994966,0.22583253434995698,0.2241444784768666,0.22817931354480103
kan_V0-fosls,155.84512821833292,0.22580125585489474,0.22412728917643743,0.22815437934477945
kan_V0-fosls,156.04402403716927,0.22576997296483972,0.22411009855758462,0.22812944241948782
kan_V0-fosls,156.2429198560056,0.2257386856779134,0.2240929066200048,0.2281045027680324
kan_V0-fosls,156.44181567484193,0.225707393992236,0.22407571336339438,0.2280795603895189
kan_V0-fosls,156.64071149367828,0.2256760979059264,0.22405469000477624,0.22805461528305251
kan_V0-fosls,156.8396073125146,0.22564368477306498,0.22402527515783915,0.22802601350951585
kan_V0-fosls,157.03850313135095,0.2256116530227805,0.22399585644818232,0.22799594133716353
kan_V0-fosls,157.2373989501873,0.2255796165235637,0.22396643387428364,0.22796586519783338
kan_V0-fosls,157.43629476902362,0.22554757527322006,0.22393700743461994,0.22793578508995502
kan_V0-fosls,157.63519058785997,0.2255155292695533,0.2239075771276671,0.2279057010119571
kan_V0-fosls,157.83408640669631,0.22548347851036538,0.22387814295189995,0.2278756129622672
kan_V0-fosls,158.03298222553263,0.22545713387663724,0.2238554895977723,0.22784652997392904
kan_V0-fosls,158.23187804436898,0.22544474449701515,0.22383503979326264,0.2278231384727891
kan_V0-fosls,158.43077386320533,0.22543247756388324,0.22381458812026664,0.22779974456970475
kan_V0-fosls,158.62966968204165,0.22542020986687034,0.22379413457827205,0.22777634826393592
kan_V0-fosls,158.828565500878,0.22540794140582038,0.22377367916676633,0.22775294955474212
kan_V0-fosls,159.02746131971435,0.22539567218057704,0.22375322188523677,0.22772954844138255
kan_V0-fosls,159.22635713855067,0.22538340219098407,0.22373227388120134,0.22770614492311594
kan_V0-fosls,159.42525295738702,0.22535927372147224,0.22370933597747805,0.2276826372145702
kan_V0-fosls,159.62414877622334,0.2253302031275105,0.22368639572158924,0.22765905204046455
kan_V0-fosls,159.82304459505968,0.22530112871428115,0.22366345311281116,0.22763546442271312
kan_V0-fosls,160.02194041389603,0.22527205048025242,0.2236405081504197,0.22761187436055627
kan_V0-fosls,160.22083623273235,0.2252429684238917,0.22361756083369033,0.22758828185323385
kan_V0-fosls,160.4197320515687,0.2252138825436651,0.22359461116189822,0.22756468689998535
kan_V0-fosls,160.61862787040505,0.22518584366350058,0.22356446312973005,0.22754109415808682
kan_V0-fosls,160.81752368924137,0.2251620584010711,0.2235302239417301,0.227517863435628
kan_V0-fosls,161.01641950807772,0.2251385533332188,0.2234959795083473,0.22749463034095288
kan_V0-fosls,161.21531532691407,0.22511555676966738,0.22346172982717014,0.22747139487333465
kan_V0-fosls,161.4142111457504,0.22509255785649274,0.2234274748957853,0.22744815703204604
kan_V0-fosls,161.61310696458673,0.2250695565929745,0.22339321471177753,0.22742491681635943
kan_V0-fosls,161.81200278342308,0.22504655297839182,0.22336119493733728,0.22740167422554686
kan_V0-fosls,162.0108986022594,0.22502454000796784,0.2233548550261874,0.2273759585831027
kan_V0-fosls,162.20979442109575,0.22500579880728466,0.2233485149350745,0.22734718928220715
kan_V0-fosls,162.40869023993207,0.2249870558986377,0.2233421746639832,0.22731841634028385
kan_V0-fosls,162.60758605876842,0.2249683112815266,0.22333583421289827,0.22728963975595
kan_V0-fosls,162.80648187760477,0.22494956495545082,0.22332949358180434,0.22726085952782196
kan_V0-fosls,163.0053776964411,0.22493081691990946,0.22332315277068607,0.2272320756545152
kan_V0-fosls,163.20427351527744,0.22491206717440154,0.2233089435820848,0.22720328813464435
kan_V0-fosls,163.40316933411378,0.22489096734953698,0.22328752817014536,0.2271811064718787
kan_V0-fosls,163.6020651529501,0.22486872385733064,0.22326611070406582,0.22715977323205386
kan_V0-fosls,163.80096097178645,0.2248464781522052,0.223244691183255,0.22713843798857375
kan_V0-fosls,163.9998567906228,0.22482423023349637,0.2232232696071214,0.22711710074087377
kan_V0-fosls,164.19875260945912,0.22480198010053953,0.22320184597507328,0.22709576148838898
kan_V0-fosls,164.39764842829547,0.22477972775266974,0.22318042028651852,0.22707442023055413
kan_V0-fosls,164.59654424713182,0.22475913596870917,0.22315016303666396,0.2270510313993113
kan_V0-fosls,164.79544006596814,0.224741275005912,0.22311959250129174,0.22702334289457263
kan_V0-fosls,164.99433588480449,0.22472341255285555,0.22308901777675041,0.22699565101244198
kan_V0-fosls,165.1932317036408,0.2247055486091507,0.22305843886131732,0.2269679557516832
kan_V0-fosls,165.39212752247715,0.22468768317440824,0.22302785575326867,0.22694025711105925
kan_V0-fosls,165.5910233413135,0.22466981624823865,0.22299726845087944,0.22691255508933245
kan_V0-fosls,165.78991916014982,0.22465194783025233,0.22296731541385348,0.22688484968526432
kan_V0-fosls,165.98881497898617,0.22463093108432636,0.22293828986234526,0.22686298658860538
kan_V0-fosls,166.18771079782252,0.22460891017096818,0.22290926053135016,0.22684297609994128
kan_V0-fosls,166.38660661665884,0.22458688709677094,0.22288022741939137,0.22682296384593714
kan_V0-fosls,166.5855024354952,0.22456486186109798,0.22285119052499108,0.2268029498261257
kan_V0-fosls,166.78439825433153,0.22454283446331227,0.22282214984667062,0.22678293404003944
kan_V0-fosls,166.98329407316785,0.22452080490277643,0.2227931053829503,0.22676291648721064
kan_V0-fosls,167.1821898920042,0.22449770043999145,0.2227808422082999,0.22674379850025436
kan_V0-fosls,167.38108571084055,0.22446969872291056,0.22277158913068326,0.22672838595608785
kan_V0-fosls,167.57998152967687,0.22444168227254752,0.2227623356687133,0.22671297236413607
kan_V0-fosls,167.77887734851322,0.22441366227444925,0.2227530818223421,0.22669755772418526
kan_V0-fosls,167.97777316734954,0.2243856387272492,0.22274382759152178,0.22668214203602163
kan_V0-fosls,168.1766689861859,0.2243576116295799,0.2227345729762044,0.22666672529943135
kan_V0-fosls,168.37556480502224,0.22432958098007294,0.22272093885120522,0.22665130751420046
kan_V0-fosls,168.57446062385856,0.22430904049245332,0.22269646565841664,0.22663817984240864
kan_V0-fosls,168.7733564426949,0.22429376919929642,0.2226719897758548,0.22662637880778466
kan_V0-fosls,168.97225226153125,0.2242784968455256,0.22264751120263265,0.22661457715861766
kan_V0-fosls,169.17114808036757,0.2242632234309157,0.22262302993786262,0.22660277489481154
kan_V0-fosls,169.37004389920392,0.22424794895524147,0.22259854598065668,0.22659097201627032
kan_V0-fosls,169.56893971804027,0.2242326734182776,0.22257405933012625,0.2265791685228979
kan_V0-fosls,169.7678355368766,0.22421752959260288,0.2225546934669069,0.2265663447311169
kan_V0-fosls,169.96673135571294,0.22420595522866138,0.22253721732923493,0.22653964597400697
kan_V0-fosls,170.1656271745493,0.22419473236235304,0.2225197398190313,0.22651294406995273
kan_V0-fosls,170.3645229933856,0.22418350892837188,0.22250226093597258,0.22648623901784112
kan_V0-fosls,170.56341881222195,0.22417228492663088,0.2224847806797352,0.22645953081655842
kan_V0-fosls,170.76231463105827,0.22416106035704303,0.2224672990499955,0.2264328194649903
kan_V0-fosls,170.96121044989462,0.22414983521952125,0.2224484610418578,0.22640610496202176
kan_V0-fosls,171.16010626873097,0.22412840227962644,0.22242309901376017,0.22638276777978084
kan_V0-fosls,171.3590020875673,0.2240933183964181,0.22239773409340075,0.2263627299549894
kan_V0-fosls,171.55789790640364,0.2240582289491508,0.22237236627978982,0.22634269035627538
kan_V0-fosls,171.75679372524,0.22402313393514373,0.2223469955719371,0.22632264898316748
kan_V0-fosls,171.9556895440763,0.22398803335171386,0.2223216219688518,0.22630260583519435
kan_V0-fosls,172.15458536291266,0.223952927196176,0.22229624546954244,0.2262825609118843
kan_V0-fosls,172.353481181749,0.22392085394679162,0.22227484181454193,0.22626251421276553
kan_V0-fosls,172.55237700058532,0.22390243443738345,0.22225592738191624,0.22624542153962396
kan_V0-fosls,172.75127281942167,0.2238901189782473,0.2222370113394968,0.2262285098477819
kan_V0-fosls,172.95016863825802,0.22387780283938652,0.22221809368687243,0.22621159689161333
kan_V0-fosls,173.14906445709434,0.22386548602068818,0.22219917442363193,0.2261946826708346
kan_V0-fosls,173.3479602759307,0.2238531685220392,0.22218025354936385,0.22617776718516205
kan_V0-fosls,173.546856094767,0.2238408503433267,0.2221615793008857,0.22616085043431186
kan_V0-fosls,173.74575191360336,0.2238277506386419,0.2221471484896888,0.22614154574589937
kan_V0-fosls,173.9446477324397,0.22381522368733797,0.22213271674099694,0.22611835145186257
kan_V0-fosls,174.14354355127603,0.2238026958940219,0.2221182840546273,0.22609515477840605
kan_V0-fosls,174.34243937011237,0.22379016725850498,0.22210385043039715,0.22607195572479735
kan_V0-fosls,174.54133518894872,0.22377763778059837,0.2220894158681236,0.22604875429030366
kan_V0-fosls,174.74023100778504,0.22376510746011322,0.22207498036762377,0.2260255504741918
kan_V0-fosls,174.9391268266214,0.22375257629686057,0.22205422275642508,0.22600234427572816
kan_V0-fosls,175.13802264545774,0.22374037745183364,0.22202707457539556,0.22598350300469888
kan_V0-fosls,175.33691846429406,0.22372731715520042,0.22199992307443814,0.22596564425907414
kan_V0-fosls,175.5358142831304,0.22371425609563428,0.22197276825233464,0.22594778410190738
kan_V0-fosls,175.73471010196675,0.22370119427300145,0.22194561010786595,0.2259299225328638
kan_V0-fosls,175.93360592080307,0.22368813168716808,0.22191844863981242,0.2259120595516086
kan_V0-fosls,176.13250173963942,0.22367506833800027,0.22189128384695342,0.22589419515780668
kan_V0-fosls,176.33139755847574,0.22366048828378937,0.22186898208938852,0.22587239517802188
kan_V0-fosls,176.5302933773121,0.2236393086959783,0.22184700519307923,0.2258390237731489
kan_V0-fosls,176.72918919614844,0.2236181270665189,0.2218250261194504,0.22580564743637693
kan_V0-fosls,176.92808501498476,0.2235969433948108,0.2218030448678547,0.22577226616551865
kan_V0-fosls,177.1269808338211,0.22357575768025306,0.2217810614376446,0.2257388799583852
kan_V0-fosls,177.32587665265746,0.22355456992224465,0.22175907582817217,0.22570548881278601
kan_V0-fosls,177.52477247149378,0.2235333801201842,0.2217385239120525,0.22567209272652905
kan_V0-fosls,177.72366829033012,0.2235124673475184,0.22172031691814442,0.22565566287423777
kan_V0-fosls,177.92256410916647,0.22349023235564447,0.2217021084290109,0.2256468205823662
kan_V0-fosls,178.1214599280028,0.2234679950690575,0.22168389844428354,0.2256379779439833
kan_V0-fosls,178.32035574683914,0.22344575548702328,0.22166568696359373,0.22562913495904824
kan_V0-fosls,178.5192515656755,0.22342351360880708,0.22164747398657275,0.22562029162752034
kan_V0-fosls,178.7181473845118,0.22340126943367383,0.22162925951285167,0.22561144794935883
kan_V0-fosls,178.91704320334816,0.22337812714163063,0.22160997548364234,0.22560138259450854
kan_V0-fosls,179.11593902218448,0.22335291747880104,0.22159045166321772,0.22558294919933813
kan_V0-fosls,179.31483484102083,0.22332819183902036,0.221570926122443,0.22556451429776916
kan_V0-fosls,179.51373065985717,0.22330346324745654,0.22155139886086336,0.2255460778894323
kan_V0-fosls,179.7126264786935,0.22327873170298657,0.22153186987802373,0.22552763997395797
kan_V0-fosls,179.91152229752984,0.22325417288139848,0.22151233917346885,0.2255092005509765
kan_V0-fosls,180.1104181163662,0.2232371168036951,0.22149469872611702,0.22549075962011814
kan_V0-fosls,180.3093139352025,0.22321941250696853,0.22148246606349475,0.22547312830815983
kan_V0-fosls,180.50820975403886,0.22320302337460465,0.22147023272521493,0.22545616021257944
kan_V0-fosls,180.7071055728752,0.223186632979675,0.2214579987111656,0.2254391908398641
kan_V0-fosls,180.90600139171153,0.22317093631020213,0.22144576402123473,0.22542222018972544
kan_V0-fosls,181.10489721054788,0.22315776297411005,0.22143352865531032,0.22540524826187486
kan_V0-fosls,181.30379302938422,0.22314458885957308,0.2214212926132803,0.22538827505602377
kan_V0-fosls,181.50268884822054,0.22313141058044705,0.2214130577867637,0.2253713005718834
kan_V0-fosls,181.7015846670569,0.22311266426431953,0.22140654395502507,0.22535908709918476
kan_V0-fosls,181.9004804858932,0.22309247529083936,0.2214000299316424,0.22534694015721568
kan_V0-fosls,182.09937630472956,0.22307228441933727,0.2213935157165987,0.22533479256045114
kan_V0-fosls,182.2982721235659,0.22305209164925935,0.2213870013098771,0.2253226443087852
kan_V0-fosls,182.49716794240223,0.22303189698005138,0.22138048671146068,0.225310495402112
kan_V0-fosls,182.69606376123858,0.22301170041115895,0.22137089132218646,0.22529834584032554
kan_V0-fosls,182.89495958007493,0.22299474789646637,0.22134272051738477,0.22528289018147574
kan_V0-fosls,183.09385539891124,0.22298549209307256,0.2213145461267626,0.22526290074185815
kan_V0-fosls,183.2927512177476,0.22297623587708243,0.22128636814895025,0.22524290952825485
kan_V0-fosls,183.49164703658394,0.2229669792484376,0.22125818658257723,0.22522291654019352
kan_V0-fosls,183.69054285542026,0.22295772220707955,0.22123000142627214,0.2252029217772015
kan_V0-fosls,183.8894386742566,0.2229484647529498,0.22120181267866273,0.22518292523880604
kan_V0-fosls,184.08833449309296,0.22293920688598984,0.22117772571750485,0.2251629269245341
kan_V0-fosls,184.28723031192928,0.22292360702720393,0.22115658645346367,0.22514714714595874
kan_V0-fosls,184.48612613076563,0.2229062664779587,0.22113544516863165,0.2251320593301795
kan_V0-fosls,184.68502194960195,0.222888924579285,0.22111430186242914,0.22511697050318294
kan_V0-fosls,184.8839177684383,0.22287158133086774,0.22109315653427625,0.22510188066476566
kan_V0-fosls,185.08281358727464,0.22285423673239158,0.22107200918359277,0.2250867898147243
kan_V0-fosls,185.28170940611096,0.22283689078354113,0.22105096913510383,0.2250716979528553
kan_V0-fosls,185.4806052249473,0.22282013297338404,0.2210341904738484,0.2250526877077251
kan_V0-fosls,185.67950104378366,0.2228046485545695,0.22101741053883145,0.22502427655551718
kan_V0-fosls,185.87839686261998,0.2227891630374325,0.22100062932976286,0.22499586181571632
kan_V0-fosls,186.07729268145633,0.22277367642173485,0.22098384684635233,0.22496744348696313
kan_V0-fosls,186.27618850029268,0.22275818870723815,0.22096706308830955,0.22493902156789733
kan_V0-fosls,186.475084319129,0.222742699893704,0.22095027805534403,0.22491059605715782
kan_V0-fosls,186.67398013796534,0.2227272099808938,0.2209329620882981,0.22488216695338262
kan_V0-fosls,186.8728759568017,0.2227147383841764,0.2209150364600135,0.2248634218913553
kan_V0-fosls,187.071771775638,0.22270526979305783,0.22089710937707815,0.22484824874628845
kan_V0-fosls,187.27066759447436,0.2226958007570213,0.22087918083913785,0.22483307457724264
kan_V0-fosls,187.46956341331068,0.22268633127599924,0.22086125084583827,0.22481789938401056
kan_V0-fosls,187.66845923214703,0.22267686134992404,0.22084331939682492,0.22480272316638483
kan_V0-fosls,187.86735505098338,0.22266739097872817,0.2208253864917432,0.22478754592415792
kan_V0-fosls,188.0662508698197,0.22265635597888084,0.22080836830614034,0.22477280223019885
kan_V0-fosls,188.26514668865605,0.22263290187599405,0.22079144115431665,0.2247602142933345
kan_V0-fosls,188.4640425074924,0.22260891085654894,0.22077451270465992,0.22474762565142972
kan_V0-fosls,188.6629383263287,0.22258491709553696,0.2207575829568715,0.22473503630436611
kan_V0-fosls,188.86183414516506,0.2225609205919707,0.22074065191065273,0.2247224462520251
kan_V0-fosls,189.0607299640014,0.22253692134486197,0.22072371956570486,0.22470985549428815
kan_V0-fosls,189.25962578283773,0.2225129193532222,0.22070746055199433,0.2246972640310367
kan_V0-fosls,189.45852160167408,0.2224951389792972,0.220692456280071,0.2246814347562054
kan_V0-fosls,189.65741742051043,0.2224822097157579,0.22067745098797917,0.22466349490611368
kan_V0-fosls,189.85631323934675,0.2224692796940858,0.2206624446755108,0.22464555362337302
kan_V0-fosls,190.0552090581831,0.2224563489141464,0.22064743734245765,0.22462761090764008
kan_V0-fosls,190.25410487701942,0.22244341737580503,0.22063242898861143,0.2246096667585715
kan_V0-fosls,190.45300069585576,0.22243048507892715,0.2206174196137639,0.22459172117582366
kan_V0-fosls,190.6518965146921,0.222417271685033,0.2206003714729907,0.22457356726181274
kan_V0-fosls,190.85079233352843,0.22239934359299704,0.22058278491609812,0.22455056699865233
kan_V0-fosls,191.04968815236478,0.2223816662073661,0.22056519695695812,0.22452756437937985
kan_V0-fosls,191.24858397120113,0.22236398726530907,0.22054760759523517,0.22450455940327108
kan_V0-fosls,191.44747979003745,0.2223463067663825,0.22053001683059373,0.22448155206960144
kan_V0-fosls,191.6463756088738,0.22232862471014286,0.22051242466269802,0.224458542377646
kan_V0-fosls,191.84527142771014,0.2223109410961463,0.22049572007318444,0.22443553032667937
kan_V0-fosls,192.04416724654646,0.222296411838943,0.22048195956870814,0.22441763183976382
kan_V0-fosls,192.2430630653828,0.22228488796982848,0.22046819820537109,0.22440546118647167
kan_V0-fosls,192.44195888421916,0.2222733634872528,0.22045443598301245,0.2243932898730671
kan_V0-fosls,192.64085470305548,0.22226183839111546,0.22044067290147135,0.22438111789944265
kan_V0-fosls,192.83975052189183,0.22225031268131618,0.2204269089605868,0.22436894526549092
kan_V0-fosls,193.03864634072815,0.22223878635775435,0.22041314416019786,0.22435677197110437
kan_V0-fosls,193.2375421595645,0.22222432759982957,0.22040066615944662,0.22434459801617557
kan_V0-fosls,193.43643797840085,0.2222071513092495,0.22038880680799888,0.22434243624176928
kan_V0-fosls,193.63533379723717,0.22219041840957543,0.2203769468183527,0.22434129273248465
kan_V0-fosls,193.83422961607351,0.22217368422512812,0.2203650861904051,0.2243401492173713
kan_V0-fosls,194.03312543490986,0.22215686833697493,0.22035322492405296,0.22433900569642917
kan_V0-fosls,194.23202125374618,0.222139025750965,0.22034136301919321,0.22433786216965815
kan_V0-fosls,194.43091707258253,0.22212118172486403,0.22032884059276972,0.22433671863705815
kan_V0-fosls,194.62981289141888,0.2221042664943761,0.2203113635580144,0.22432714913453733
kan_V0-fosls,194.8287087102552,0.22209030370018548,0.22029388513671697,0.22430150892628792
kan_V0-fosls,195.02760452909155,0.22207492659332434,0.2202764053285474,0.22427586578673658
kan_V0-fosls,195.2265003479279,0.2220588672645912,0.2202589241331755,0.22425021971487774
kan_V0-fosls,195.42539616676422,0.2220428067632248,0.22024144155027095,0.22422457070970522
kan_V0-fosls,195.62429198560056,0.2220267450889658,0.22022395757950328,0.2241989187702123
kan_V0-fosls,195.82318780443688,0.22201068224155485,0.22020673513676017,0.2241732638953917
kan_V0-fosls,196.02208362327323,0.22199419970165082,0.22018971629702053,0.22415941067218553
kan_V0-fosls,196.22097944210958,0.2219777029642327,0.220172696141764,0.22414886573613196
kan_V0-fosls,196.4198752609459,0.2219612049740215,0.22015567467068542,0.22413832030397549
kan_V0-fosls,196.61877107978225,0.22194470573072594,0.2201386518834796,0.22412777437564604
kan_V0-fosls,196.8176668986186,0.22192876940085357,0.22012162777984123,0.22411722795107364
kan_V0-fosls,197.01656271745492,0.22191423688875012,0.22010466461087375,0.22410668103018813
kan_V0-fosls,197.21545853629127,0.22190584422174475,0.22009986907214413,0.22409552549028283
kan_V0-fosls,197.4143543551276,0.22190907778165347,0.220095073428927,0.224082182764048
kan_V0-fosls,197.61325017396393,0.2219030759630773,0.2200902776812155,0.224068839243288
kan_V0-fosls,197.81214599280028,0.2218970733556967,0.2200854818290028,0.22405549492786078
kan_V0-fosls,198.01104181163663,0.2218910699593461,0.22008068587228208,0.22404214981762444
kan_V0-fosls,198.20993763047295,0.2218850657738599,0.2200758898110465,0.22402880391243685
kan_V0-fosls,198.4088334493093,0.2218790607990724,0.22006442531820042,0.22401545721215602
kan_V0-fosls,198.60772926814562,0.2218601233145271,0.22004466772622017,0.224004291643428
kan_V0-fosls,198.80662508698197,0.22184263521585745,0.22002490836006605,0.22399427664404806
kan_V0-fosls,199.00552090581832,0.22182514520764246,0.22000514721926007,0.22398426119686787
kan_V0-fosls,199.20441672465464,0.22180765328917912,0.21998538430332393,0.22397424530182733
kan_V0-fosls,199.40331254349098,0.22179015945976405,0.21996561961177924,0.22396422895886636
kan_V0-fosls,199.60220836232733,0.22177266371869325,0.21994585314414722,0.22395421216792488
kan_V0-fosls,199.80110418116365,0.2217499379868516,0.21993641165717484,0.22394376101725882
kan_V0-fosls,200.0,0.2217338758543386,0.21992828381560964,0.22392906824027545
mlp_V0-fosls,0.5388679504394531,0.8432083280610954,0.7309262480079697,0.9625319611828601
mlp_V0-fosls,0.7385287432818561,0.772273630503734,0.6894063305482524,0.8661994046059857
mlp_V0-fosls,0.938189536124259,0.6935988974703934,0.6448617584673002,0.7570392388209123
mlp_V0-fosls,1.137850328966662,0.6319366657609736,0.6080965627542394,0.6628339564562079
mlp_V0-fosls,1.337511121809065,0.6220041554570684,0.5984056996887468,0.6449615676751276
mlp_V0-fosls,1.537171914651468,0.6119103995428119,0.5885552932447694,0.62657959887354
mlp_V0-fosls,1.7368327074938708,0.6026571380697474,0.5782855194383908,0.614795249242492
mlp_V0-fosls,1.9364935003362738,0.5949576185953407,0.5676350755611655,0.6081987728098971
mlp_V0-fosls,2.1361542931786768,0.5871888558998223,0.5567809407859888,0.6015299626816539
mlp_V0-fosls,2.33581508602108,0.579253152533411,0.5446551469796219,0.5942176185886012
mlp_V0-fosls,2.535475878863483,0.5711974987721375,0.5320713029398455,0.5867209302832007
mlp_V0-fosls,2.735136671705886,0.5634899004985607,0.5192269515490644,0.5792242992622099
mlp_V0-fosls,2.9347974645482884,0.5547979261162306,0.5063283843717541,0.5724564486132326
mlp_V0-fosls,3.1344582573906914,0.5455460369450682,0.49309252521822616,0.5658402196088247
mlp_V0-fosls,3.3341190502330944,0.5363022243377158,0.4803899857088329,0.5587140481046576
mlp_V0-fosls,3.5337798430754974,0.5274152380089363,0.4685572189224113,0.5509747899176406
mlp_V0-fosls,3.7334406359179004,0.5193464261441021,0.45641778716355513,0.5433083326274928
mlp_V0-fosls,3.9331014287603034,0.5110910987125391,0.4449639365204246,0.5343229287143313
mlp_V0-fosls,4.1327622216027065,0.5026812383860786,0.4336137448102337,0.524593817044527
mlp_V0-fosls,4.3324230144451095,0.4941359618697432,0.4219785558890003,0.5159454084190717
mlp_V0-fosls,4.5320838072875125,0.4856476165676892,0.4128762368835099,0.5076124026087641
mlp_V0-fosls,4.7317446001299155,0.47700763167059645,0.4035686711527669,0.49914029900996915
mlp_V0-fosls,4.9314053929723185,0.46828178145852695,0.39473099697485137,0.49047076648663906
mlp_V0-fosls,5.1310661858147215,0.459543737661733,0.38737016940020313,0.48153442026890464
mlp_V0-fosls,5.330726978657124,0.4506361033469118,0.37986673493413975,0.4724290666644348
mlp_V0-fosls,5.530387771499527,0.4424067182126523,0.37360887692203276,0.4636293448715287
mlp_V0-fosls,5.73004856434193,0.4345555457954453,0.36825120577102183,0.45497223046295526
mlp_V0-fosls,5.929709357184333,0.42655933721590417,0.36281442665456437,0.44614716356698947
mlp_V0-fosls,6.129370150026736,0.4191545614243418,0.3585751852699224,0.43815385115306194
mlp_V0-fosls,6.329030942869139,0.4116546956610906,0.3544732269878762,0.4301192831760014
mlp_V0-fosls,6.528691735711542,0.40438074028606935,0.3505041046928035,0.4235341545926807
mlp_V0-fosls,6.728352528553945,0.3984052897850355,0.3474380561571972,0.4181905828495123
mlp_V0-fosls,6.928013321396348,0.3923384762001281,0.34434470857859806,0.4127778422608134
mlp_V0-fosls,7.127674114238751,0.38672832461625434,0.34144000669277885,0.4076292166599084
mlp_V0-fosls,7.327334907081154,0.38160000521843274,0.33877776365835005,0.4027382632759584
mlp_V0-fosls,7.526995699923557,0.37640133546414595,0.33609443334923134,0.39778717819746257
mlp_V0-fosls,7.72665649276596,0.37201207571336875,0.3337485406528462,0.3933912364473931
mlp_V0-fosls,7.926317285608363,0.3678071974907596,0.33151477359993187,0.389096826315211
mlp_V0-fosls,8.125978078450766,0.363613162294286,0.32927437235382023,0.3848063029124598
mlp_V0-fosls,8.325638871293169,0.3600473574957991,0.32734704127437225,0.3809496450992663
mlp_V0-fosls,8.525299664135572,0.3564456411510187,0.3254082951818667,0.37705354187616136
mlp_V0-fosls,8.724960456977975,0.35311491054393884,0.3234857024305962,0.3733760681207105
mlp_V0-fosls,8.924621249820378,0.3502728110101705,0.3216130419315202,0.3700693456883124
mlp_V0-fosls,9.12428204266278,0.34744879746247814,0.31972941341683797,0.3667328087191953
mlp_V0-fosls,9.323942835505184,0.3448732042721655,0.3179645483256421,0.36361887952800126
mlp_V0-fosls,9.523603628347587,0.3423748610529932,0.31627675722039783,0.36059627206153533
mlp_V0-fosls,9.72326442118999,0.3398581173797337,0.31457991087126225,0.3575481132661093
mlp_V0-fosls,9.922925214032393,0.33776765777772333,0.31300831904764503,0.35493363519424836
mlp_V0-fosls,10.122586006874794,0.3356731886543013,0.31144579579919934,0.3523106496199597
mlp_V0-fosls,10.322246799717197,0.33361994578485643,0.3098943034611093,0.34975135072088265
mlp_V0-fosls,10.5219075925596,0.33170081729886236,0.30842393327929457,0.34740009124368004
mlp_V0-fosls,10.721568385402003,0.3297705019113851,0.3069465196435616,0.34503280925319635
mlp_V0-fosls,10.921229178244406,0.3280077246268852,0.30553567367297635,0.3428285208773403
mlp_V0-fosls,11.12088997108681,0.32637148059527743,0.3042037365601829,0.34075046272507686
mlp_V0-fosls,11.320550763929212,0.3247269910669949,0.30286594194058014,0.338659653587142
mlp_V0-fosls,11.520211556771615,0.3231333450369901,0.3015579646970126,0.33676913781445783
mlp_V0-fosls,11.719872349614018,0.3215431154881261,0.3002561049615543,0.33490440738496197
mlp_V0-fosls,11.919533142456421,0.31998067948743897,0.2989533252681547,0.3330600911519016
mlp_V0-fosls,12.119193935298824,0.318608978902968,0.2977589185772202,0.33138547545012986
mlp_V0-fosls,12.318854728141227,0.31718475733885587,0.296559701402035,0.3297023541931484
mlp_V0-fosls,12.51851552098363,0.3157299721940907,0.2953914543931862,0.3280217506309146
mlp_V0-fosls,12.718176313826033,0.3143219288662766,0.29429218227761067,0.3263467903641627
mlp_V0-fosls,12.917837106668436,0.3129075469047944,0.2931887886173601,0.32466318897437635
mlp_V0-fosls,13.11749789951084,0.3115919510405265,0.2920818864804617,0.323169708670281
mlp_V0-fosls,13.317158692353242,0.3103103924631406,0.29097118526617205,0.32174241808120735
mlp_V0-fosls,13.516819485195645,0.3090266089031638,0.28985622798279964,0.3203091720066028
mlp_V0-fosls,13.716480278038048,0.30787511541445345,0.288794140292688,0.3188858135940781
mlp_V0-fosls,13.916141070880451,0.306720679656953,0.2877341783181164,0.3174560734204951
mlp_V0-fosls,14.115801863722854,0.3055804679181402,0.28668774434794786,0.3160835255332769
mlp_V0-fosls,14.315462656565257,0.30447532760161167,0.28571066837133047,0.3148431587054168
mlp_V0-fosls,14.51512344940766,0.3033661611017138,0.2847302394953343,0.3135978859202702
mlp_V0-fosls,14.714784242250063,0.3022941340899181,0.2837750542523051,0.31238536315487003
mlp_V0-fosls,14.914445035092466,0.30124410990568407,0.2828476612584103,0.31119243859246676
mlp_V0-fosls,15.11410582793487,0.3001904108967909,0.28191721753522986,0.3099949234436789
mlp_V0-fosls,15.313766620777272,0.29922581318802866,0.2810440910707158,0.30889598748677294
mlp_V0-fosls,15.513427413619675,0.2982691567613337,0.2801864317816438,0.3078044137526837
mlp_V0-fosls,15.713088206462078,0.29731993335765017,0.27933537431690575,0.30672162451523727
mlp_V0-fosls,15.912748999304482,0.29641690679422517,0.27863355345881885,0.30568759522010763
mlp_V0-fosls,16.112409792146885,0.2955111201728706,0.27792996038824436,0.3046500562902271
mlp_V0-fosls,16.312070584989286,0.29462616063695785,0.2771746006334472,0.30363987147938815
mlp_V0-fosls,16.51173137783169,0.2937623540921318,0.2763222342444716,0.3026590561266578
mlp_V0-fosls,16.71139217067409,0.2928960000212258,0.275467230427509,0.30167505193326716
mlp_V0-fosls,16.911052963516497,0.29208134586658874,0.2747069417382254,0.3007232132060836
mlp_V0-fosls,17.110713756358898,0.2912802031615236,0.27400213195405126,0.29977842219108136
mlp_V0-fosls,17.310374549201303,0.29047873133835245,0.27329550452131823,0.29883743901631715
mlp_V0-fosls,17.510035342043704,0.28971097062554685,0.2725935403242402,0.2979805849885101
mlp_V0-fosls,17.70969613488611,0.2889411681416574,0.2718903560243355,0.2971212599299456
mlp_V0-fosls,17.90935692772851,0.28819635178928527,0.2711991831408406,0.2962800186195465
mlp_V0-fosls,18.109017720570915,0.28749435899309994,0.2705602182759035,0.2954722834485366
mlp_V0-fosls,18.308678513413316,0.2867906478606005,0.2699197408318811,0.2946623341036073
mlp_V0-fosls,18.50833930625572,0.28610829547325256,0.26929877770079297,0.2938915826332378
mlp_V0-fosls,18.708000099098122,0.28543522688836964,0.2686981157381721,0.2931403424847953
mlp_V0-fosls,18.907660891940527,0.28476056686557644,0.2680961080123081,0.29238717215626425
mlp_V0-fosls,19.107321684782928,0.28406975088730474,0.26749812772742726,0.29162573509205886
mlp_V0-fosls,19.306982477625333,0.28337751497056507,0.2669003220800774,0.290861985462109
mlp_V0-fosls,19.506643270467734,0.28270393974345837,0.2663042537538422,0.29010352076345086
mlp_V0-fosls,19.706304063310135,0.2820943750092001,0.26574865836265116,0.2893655105924202
mlp_V0-fosls,19.90596485615254,0.2814834891439846,0.2651918989631987,0.2886256133496716
mlp_V0-fosls,20.10562564899494,0.2809003465550939,0.2646418311471654,0.287905467638298
mlp_V0-fosls,20.305286441837346,0.2803422930459655,0.26410485285863605,0.2872019703402513
mlp_V0-fosls,20.504947234679747,0.2797831234496413,0.2635667805586258,0.28649674559865096
mlp_V0-fosls,20.704608027522152,0.27922551373899357,0.2630381006617069,0.2858606291723003
mlp_V0-fosls,20.904268820364553,0.27866372735549594,0.2625141665255963,0.28523724510489223
mlp_V0-fosls,21.103929613206958,0.27809886480533264,0.26198918461176735,0.2846093802259215
mlp_V0-fosls,21.30359040604936,0.27752601681933686,0.2615102805372999,0.2839584717607659
mlp_V0-fosls,21.503251198891764,0.2769519833790246,0.26103395437137883,0.283306067808009
mlp_V0-fosls,21.702911991734165,0.2764114577049045,0.26055740756419915,0.28268968363546754
mlp_V0-fosls,21.90257278457657,0.27591949253713055,0.260082300221711,0.28212383397812957
mlp_V0-fosls,22.10223357741897,0.27542664822138196,0.25960632338341894,0.28155684712526124
mlp_V0-fosls,22.301894370261376,0.27492861967750026,0.25915427225412835,0.28096593812894627
mlp_V0-fosls,22.501555163103777,0.2744291435420656,0.2587254401414423,0.28036472785062316
mlp_V0-fosls,22.701215955946182,0.2739293935389478,0.2582958960672802,0.27976319042391323
mlp_V0-fosls,22.900876748788583,0.27345463153180616,0.2578688459576606,0.27924677607355336
mlp_V0-fosls,23.100537541630988,0.2729799774741666,0.25744190700946223,0.2787294049410283
mlp_V0-fosls,23.30019833447339,0.27250193450631705,0.2570152066905558,0.2782080037130076
mlp_V0-fosls,23.499859127315794,0.2720149820044151,0.2565981626939388,0.27767866535904107
mlp_V0-fosls,23.699519920158195,0.2715271562084234,0.256180439779506,0.2771483159991772
mlp_V0-fosls,23.8991807130006,0.27107063472548104,0.2557762755230211,0.27662848687331426
mlp_V0-fosls,24.098841505843,0.2706368223510568,0.2553955616551192,0.27611536497210504
mlp_V0-fosls,24.298502298685406,0.2702023132893103,0.2550142794155636,0.2756012877283743
mlp_V0-fosls,24.498163091527807,0.2697845776000183,0.2546103838884006,0.27512645126427604
mlp_V0-fosls,24.697823884370212,0.2693487839013018,0.2541944602652961,0.27465552863066056
mlp_V0-fosls,24.897484677212613,0.2689082731272404,0.2537778549742503,0.2741852225689572
mlp_V0-fosls,25.09714547005502,0.26847039114861865,0.2534231062827255,0.2737202593520059
mlp_V0-fosls,25.29680626289742,0.2680317936572787,0.25307131276127093,0.2732545049661033
mlp_V0-fosls,25.496467055739824,0.2676045040864907,0.2527395385634516,0.2728060018247075
mlp_V0-fosls,25.696127848582226,0.26718285785990814,0.25247409536434806,0.27237619591764217
mlp_V0-fosls,25.89578864142463,0.2667605374960226,0.2522083727928663,0.2719457107099673
mlp_V0-fosls,26.09544943426703,0.2663529216967887,0.2518640532105341,0.2715039615263257
mlp_V0-fosls,26.295110227109433,0.26596153788333265,0.25144772617096844,0.27105843626541914
mlp_V0-fosls,26.494771019951838,0.26557118558428494,0.2510307086662146,0.2706139152342718
mlp_V0-fosls,26.69443181279424,0.26517785648281067,0.2506906521012094,0.2701919174262253
mlp_V0-fosls,26.894092605636644,0.2647819644453019,0.25036822158864147,0.26976925949132646
mlp_V0-fosls,27.093753398479045,0.2644067280946283,0.25004650354120245,0.26936710804238245
mlp_V0-fosls,27.29341419132145,0.2640771329327304,0.24973465240728646,0.26900170363072273
mlp_V0-fosls,27.49307498416385,0.26374712318666815,0.24942241136833676,0.2686358021882896
mlp_V0-fosls,27.692735777006256,0.2633746674699675,0.24911768589406877,0.26825598288594715
mlp_V0-fosls,27.892396569848657,0.2629816626407622,0.24882513210720597,0.2678685193094836
mlp_V0-fosls,28.09205736269106,0.2625881713296713,0.24853223394787466,0.26748049446642796
mlp_V0-fosls,28.291718155533463,0.26223974857973587,0.2482091649196301,0.26719070527000327
mlp_V0-fosls,28.491378948375868,0.26189168968887133,0.24787131600737286,0.26690624680005165
mlp_V0-fosls,28.69103974121827,0.2615465449627319,0.24753300597769512,0.26659097193008907
mlp_V0-fosls,28.890700534060674,0.2612202368038371,0.24724714520586352,0.26617767739550297
mlp_V0-fosls,29.090361326903075,0.2608935195256427,0.2469629667684256,0.26576374013905546
mlp_V0-fosls,29.29002211974548,0.26057429456440817,0.2466781137082573,0.26537315308206444
mlp_V0-fosls,29.48968291258788,0.26026301198552765,0.24639189234195,0.26500314661778124
mlp_V0-fosls,29.689343705430286,0.2599513551950421,0.2461053380994208,0.2646326228149767
mlp_V0-fosls,29.889004498272687,0.2596296727747166,0.2458277883567831,0.2643049246872189
mlp_V0-fosls,30.088665291115092,0.2593097703903801,0.24555791633164248,0.26398596951260883
mlp_V0-fosls,30.288326083957493,0.25899504956543146,0.24528774738638803,0.2636643121070647
mlp_V0-fosls,30.487986876799898,0.25869818648990917,0.24503414800762355,0.26332537692270147
mlp_V0-fosls,30.6876476696423,0.25840031229351357,0.2447838655090088,0.26298600492055463
mlp_V0-fosls,30.887308462484704,0.2580991162040138,0.24453423915538972,0.2626619898732349
mlp_V0-fosls,31.086969255327105,0.25780627914308385,0.2442915158520749,0.26235981907231115
mlp_V0-fosls,31.28663004816951,0.25751310881231093,0.24404855114362753,0.26205729984708365
mlp_V0-fosls,31.48629084101191,0.2572236681887141,0.24379942804074778,0.2617629964635396
mlp_V0-fosls,31.685951633854316,0.2569311505657906,0.24354120675223598,0.26147187469131417
mlp_V0-fosls,31.885612426696717,0.2566382296337322,0.24328271138672178,0.2611804167106661
mlp_V0-fosls,32.08527321953912,0.25635122400675747,0.24304387583877754,0.26088510194644227
mlp_V0-fosls,32.28493401238153,0.25606590052905276,0.24281381482810058,0.26058945251497406
mlp_V0-fosls,32.48459480522393,0.2557961984921112,0.24258353563260454,0.26030370901880134
mlp_V0-fosls,32.68425559806633,0.2555717707987174,0.2423454193682492,0.26004201890703055
mlp_V0-fosls,32.88391639090873,0.25534714356282406,0.24210689181081177,0.2597800651811914
mlp_V0-fosls,33.08357718375113,0.2550764502679781,0.24187476489781734,0.2595096857504411
mlp_V0-fosls,33.28323797659354,0.25477558511750054,0.24166079350242337,0.2592656520053502
mlp_V0-fosls,33.48289876943594,0.25447436129946166,0.2414466324844217,0.25902481560966445
mlp_V0-fosls,33.68255956227834,0.2542190665502911,0.2412287631505584,0.2588007776273452
mlp_V0-fosls,33.882220355120744,0.2539674365767093,0.241007856801216,0.25858065965481764
mlp_V0-fosls,34.08188114796315,0.2537180001671793,0.24078674778459605,0.2583620859894814
mlp_V0-fosls,34.28154194080555,0.253481954368878,0.2405745270305677,0.25815936392872196
mlp_V0-fosls,34.481202733647955,0.2532459997644223,0.24036383936249064,0.2579564825534114
mlp_V0-fosls,34.680863526490356,0.2530044989015168,0.2401578853319753,0.2577219198688714
mlp_V0-fosls,34.880524319332764,0.25276312475072593,0.23998484851243626,0.2574376203646758
mlp_V0-fosls,35.080185112175165,0.25252151983490706,0.23981168683770973,0.25715300654893575
mlp_V0-fosls,35.27984590501757,0.25228665882375667,0.23962641431645737,0.2569211939567192
mlp_V0-fosls,35.47950669785997,0.25205427309827827,0.23942380176830688,0.2567139365986786
mlp_V0-fosls,35.679167490702376,0.2518223346349853,0.23922101761387216,0.25650651177666933
mlp_V0-fosls,35.87882828354478,0.2515993224203936,0.23900932128055974,0.25629104342928294
mlp_V0-fosls,36.07848907638718,0.25137707077631083,0.2387936677607911,0.25607518558301223
mlp_V0-fosls,36.27814986922958,0.2511542129183493,0.2385778193091478,0.2558598830979404
mlp_V0-fosls,36.47781066207199,0.25092447782908933,0.23838946510331957,0.2556464253392301
mlp_V0-fosls,36.67747145491439,0.25069453188966984,0.23820133417687575,0.25543278920013657
mlp_V0-fosls,36.87713224775679,0.2504848187766196,0.2380222830062371,0.2552313879111707
mlp_V0-fosls,37.07679304059919,0.2502960318961971,0.23786748310633274,0.25503961218632576
mlp_V0-fosls,37.2764538334416,0.25010713003177754,0.23771258239980014,0.25484769214815417
mlp_V0-fosls,37.476114626284,0.24990386495554476,0.23753271319107838,0.254651024988372
mlp_V0-fosls,37.6757754191264,0.24969158998404378,0.23733334301197778,0.2544534064881392
mlp_V0-fosls,37.875436211968804,0.24947620317864355,0.2371338052125152,0.2542542000997926
mlp_V0-fosls,38.07509700481121,0.24928320938953424,0.23696671669157202,0.2540463198243036
mlp_V0-fosls,38.27475779765361,0.24909069555305707,0.23680525922646295,0.25383826930579106
mlp_V0-fosls,38.474418590496015,0.24889455029664082,0.23664249870791762,0.25363874716949253
mlp_V0-fosls,38.674079383338416,0.24868897007072577,0.23647217040646637,0.25345030497858084
mlp_V0-fosls,38.87374017618082,0.24848321975488874,0.23630171933094973,0.2532617225752078
mlp_V0-fosls,39.073400969023226,0.2482972168251056,0.2361410719629387,0.253075538929682
mlp_V0-fosls,39.27306176186563,0.24811566431588847,0.2359937200031706,0.2528901646202256
mlp_V0-fosls,39.47272255470803,0.2479350676378332,0.23584627598091087,0.25270492154228524
mlp_V0-fosls,39.67238334755043,0.2477700660616458,0.23567320957611046,0.2525323279243275
mlp_V0-fosls,39.87204414039284,0.247606858140684,0.23548978302667598,0.252359616266287
mlp_V0-fosls,40.07170493323524,0.24743872740205597,0.23530632579931188,0.252198682723977
mlp_V0-fosls,40.27136572607764,0.2472616035529372,0.23516436254163103,0.25206383369347335
mlp_V0-fosls,40.47102651892004,0.24708435271439988,0.2350223135322505,0.2519289124828525
mlp_V0-fosls,40.67068731176245,0.24690166446525263,0.23487433401309132,0.2517524602443739
mlp_V0-fosls,40.87034810460485,0.2467157013430698,0.23471197332607352,0.2515487629114523
mlp_V0-fosls,41.07000889744725,0.24652992403878748,0.23454950024919197,0.2513449004962483
mlp_V0-fosls,41.26966969028965,0.24635565785858599,0.2343898990908133,0.25116900308315226
mlp_V0-fosls,41.46933048313206,0.24618388890712364,0.234232348212619,0.25099619483157587
mlp_V0-fosls,41.66899127597446,0.2460159091661107,0.2340746912901811,0.2508261440515194
mlp_V0-fosls,41.868652068816864,0.24586043367044635,0.2339362161631126,0.2506681976704963
mlp_V0-fosls,42.068312861659265,0.2457048597815792,0.23380055835153468,0.2505101517044698
mlp_V0-fosls,42.267973654501674,0.24554955888990976,0.23366534701665279,0.25036049621674483
mlp_V0-fosls,42.467634447344075,0.24539391797585974,0.23353285985156516,0.25021982802563303
mlp_V0-fosls,42.667295240186476,0.2452381782333075,0.23340029748157728,0.2500790807094029
mlp_V0-fosls,42.86695603302888,0.24508473439664497,0.23326110378675238,0.24993229195829783
mlp_V0-fosls,43.066616825871286,0.2449311717024599,0.23311369408449423,0.2497837149161411
mlp_V0-fosls,43.26627761871369,0.2447764290377161,0.23296619110854744,0.24963528616942446
mlp_V0-fosls,43.46593841155609,0.24463286229557263,0.232833016349214,0.24948986359857372
mlp_V0-fosls,43.66559920439849,0.24449118486373328,0.23270499555622637,0.24934435621441162
mlp_V0-fosls,43.8652599972409,0.24435196484681776,0.23257723699716012,0.2491988433450851
mlp_V0-fosls,44.0649207900833,0.24419800971743816,0.23246399638548482,0.24905338423440598
mlp_V0-fosls,44.2645815829257,0.24404395527665218,0.2323507005838119,0.24890784011897468
mlp_V0-fosls,44.4642423757681,0.2438853498849912,0.23223690634702004,0.24876488340749714
mlp_V0-fosls,44.66390316861051,0.24373198600883927,0.23212206872784016,0.2486232421200953
mlp_V0-fosls,44.86356396145291,0.243579667046962,0.232007174266982,0.24848152009328464
mlp_V0-fosls,45.06322475429531,0.24344500056649873,0.2318761532158821,0.24836154959890555
mlp_V0-fosls,45.262885547137714,0.24331347106277607,0.23173421366096525,0.24824269434606858
mlp_V0-fosls,45.462546339980115,0.24318254987234272,0.23159218711333193,0.24811793250187927
mlp_V0-fosls,45.66220713282252,0.2430476695259771,0.2314774763550113,0.24797472769552878
mlp_V0-fosls,45.861867925664924,0.24291271428556713,0.23136627997586207,0.24783144014094777
mlp_V0-fosls,46.061528718507326,0.24277821648473602,0.2312538896460418,0.24769300787684392
mlp_V0-fosls,46.26118951134973,0.24264334441129815,0.23113595112318627,0.24755879207705636
mlp_V0-fosls,46.460850304192135,0.24250839730963136,0.23101795239075304,0.2474245034717139
mlp_V0-fosls,46.66051109703454,0.24237722834532816,0.23092057378443215,0.2472926410864145
mlp_V0-fosls,46.86017188987694,0.242249941035531,0.23084743190205648,0.24716123028356682
mlp_V0-fosls,47.05983268271934,0.24212750854918835,0.23077426683800306,0.24702895649756834
mlp_V0-fosls,47.25949347556175,0.2420000105901391,0.23063733555047164,0.24689075774902625
mlp_V0-fosls,47.45915426840415,0.24187085332296704,0.23047891231147247,0.2467524815994749
mlp_V0-fosls,47.65881506124655,0.24173723790495216,0.23032320613025228,0.24662149564517546
mlp_V0-fosls,47.85847585408895,0.24161273457506635,0.23024176890806883,0.24650096386469045
mlp_V0-fosls,48.05813664693136,0.24148816674797888,0.2301603028710956,0.24638037311884148
mlp_V0-fosls,48.25779743977376,0.24138291536062484,0.23006571711912613,0.24627517812527072
mlp_V0-fosls,48.45745823261616,0.2412786714387622,0.2299438814956276,0.2461764293106894
mlp_V0-fosls,48.65711902545856,0.2411692518229456,0.22982198128336787,0.2460776408690718
mlp_V0-fosls,48.85677981830097,0.24104064398710362,0.22972022310155885,0.2459306191149723
mlp_V0-fosls,49.05644061114337,0.2409131448515489,0.2296311888571645,0.2457832952142727
mlp_V0-fosls,49.256101403985774,0.24079137290863029,0.22954212007838456,0.24564755214949
mlp_V0-fosls,49.455762196828175,0.24067051507636142,0.22942787290409325,0.24554057478873406
mlp_V0-fosls,49.65542298967058,0.24054959644636728,0.22931079638965926,0.24543355079965615
mlp_V0-fosls,49.855083782512985,0.24043841356163825,0.22920090474114158,0.24533228245058175
mlp_V0-fosls,50.054744575355386,0.24033217316794503,0.2291221140731335,0.24523517184509744
mlp_V0-fosls,50.25440536819779,0.2402251833729935,0.22904329630121495,0.2451380227695755
mlp_V0-fosls,50.454066161040195,0.24011471114575444,0.22894574397691508,0.24501856512434977
mlp_V0-fosls,50.6537269538826,0.24000758244519205,0.22882758150870958,0.24489582627833256
mlp_V0-fosls,50.853387746725,0.23990367357330833,0.22870935799198752,0.24477802663474688
mlp_V0-fosls,51.0530485395674,0.23979147677862775,0.2286198108651057,0.24468538267819936
mlp_V0-fosls,51.25270933240981,0.2396784814235982,0.22853911573052257,0.24459270363106272
mlp_V0-fosls,51.45237012525221,0.2395660959778221,0.22845784883305095,0.24449259076962632
mlp_V0-fosls,51.65203091809461,0.23946457577307872,0.22836659845727153,0.24438366502506584
mlp_V0-fosls,51.85169171093701,0.23936301228491946,0.2282753116052286,0.24427469070888866
mlp_V0-fosls,52.05135250377941,0.23926991727229371,0.22818530794075714,0.24416750794651457
mlp_V0-fosls,52.25101329662182,0.2391763127945683,0.22809785695761553,0.2440608925682474
mlp_V0-fosls,52.45067408946422,0.23908035879742823,0.22801037243357045,0.24395424082227765
mlp_V0-fosls,52.65033488230662,0.23897468905088903,0.22792413397113007,0.24384777877339273
mlp_V0-fosls,52.849995675149025,0.23886841711554055,0.22783862840834843,0.24374127022369663
mlp_V0-fosls,53.04965646799143,0.23876809895085133,0.22775309074413302,0.24364101938251606
mlp_V0-fosls,53.249317260833834,0.23867457721798285,0.2276778944893648,0.24355332390635526
mlp_V0-fosls,53.448978053676235,0.23858101861664327,0.22760365112082181,0.24346559684258565
mlp_V0-fosls,53.64863884651864,0.238480687408975,0.22752401707045783,0.24337619363648733
mlp_V0-fosls,53.848299639361045,0.23837961346217365,0.22742313893239186,0.2432857748175567
mlp_V0-fosls,54.047960432203446,0.23827932473140878,0.22732221602792374,0.24319532238135835
mlp_V0-fosls,54.24762122504585,0.23818336871913964,0.22723192154612296,0.2430947577457652
mlp_V0-fosls,54.44728201788825,0.23808676734085082,0.22715269975007457,0.24299326441397737
mlp_V0-fosls,54.64694281073066,0.23799534774186834,0.22707345031498438,0.242897415888598
mlp_V0-fosls,54.84660360357306,0.2379189011851652,0.22700083161916257,0.24282263689684352
mlp_V0-fosls,55.04626439641546,0.23784258042929335,0.22693009278927895,0.24274783486926121
mlp_V0-fosls,55.24592518925786,0.23775088192986743,0.22685870716657136,0.24266947941619363
mlp_V0-fosls,55.44558598210027,0.23765665214412232,0.22677836034848264,0.2425876332178105
mlp_V0-fosls,55.64524677494267,0.23756259417048034,0.2266979850536928,0.24250575939616667
mlp_V0-fosls,55.84490756778507,0.23748104593225322,0.22661879283524708,0.24241564377765332
mlp_V0-fosls,56.04456836062747,0.23739525371799222,0.22654179273703554,0.24232341603262306
mlp_V0-fosls,56.24422915346988,0.23730907395262535,0.22646476645808572,0.24223185762519808
mlp_V0-fosls,56.44388994631228,0.23722959082444983,0.22638996665755665,0.24214729343377647
mlp_V0-fosls,56.64355073915468,0.2371513778749838,0.22631640661435104,0.24206269970000058
mlp_V0-fosls,56.843211531997085,0.23707586696370347,0.2262428226540125,0.24197938344603032
mlp_V0-fosls,57.04287232483949,0.2369978391626847,0.22616828986282858,0.24189813435426039
mlp_V0-fosls,57.242533117681894,0.23691978523265136,0.22609366144978635,0.2418168579632583
mlp_V0-fosls,57.442193910524296,0.2368282905918296,0.22602076367170226,0.24173677717238926
mlp_V0-fosls,57.6418547033667,0.23673678565401013,0.2259542102409633,0.24165725222857953
mlp_V0-fosls,57.841515496209105,0.23664747561316785,0.22588763720154184,0.2415777011059614
mlp_V0-fosls,58.041176289051506,0.23656930114141128,0.22582148491150048,0.24151460201023556
mlp_V0-fosls,58.24083708189391,0.2364917296119261,0.2257557464068626,0.24145200314538393
mlp_V0-fosls,58.44049787473631,0.23641666725472416,0.22568998875405236,0.24137987155920587
mlp_V0-fosls,58.64015866757871,0.23634096093253928,0.22563428385959824,0.24128085035199978
mlp_V0-fosls,58.83981946042112,0.23626523002630037,0.2255812131624334,0.24118178848998845
mlp_V0-fosls,59.03948025326352,0.23618754288511584,0.22552450737012272,0.24110539794746577
mlp_V0-fosls,59.23914104610592,0.23610945185467908,0.22542593217880724,0.2410472573998316
mlp_V0-fosls,59.43880183894832,0.23603118314387153,0.2253273138632595,0.24098910282532587
mlp_V0-fosls,59.63846263179073,0.23595536007284776,0.22524646717354077,0.24093937842106192
mlp_V0-fosls,59.83812342463313,0.2358824978529002,0.22519618846775302,0.24089115764776847
mlp_V0-fosls,60.03778421747553,0.23581016040418773,0.22514589853392064,0.24083567783752324
mlp_V0-fosls,60.237445010317934,0.23574014927400094,0.2250699444744991,0.24073607906466613
mlp_V0-fosls,60.43710580316034,0.2356703085924342,0.22498052360760162,0.24063643906814916
mlp_V0-fosls,60.636766596002744,0.23560762748825734,0.22489106718530877,0.2405487045057182
mlp_V0-fosls,60.836427388845145,0.23554246723998112,0.22482964581809062,0.2404765830869035
mlp_V0-fosls,61.036088181687546,0.235477287663377,0.22476986313247066,0.24040444003163813
mlp_V0-fosls,61.235748974529955,0.23539844216443814,0.22470996106591265,0.24033283787187035
mlp_V0-fosls,61.435409767372356,0.23532088257411196,0.22464970372822046,0.24026142723281038
mlp_V0-fosls,61.63507056021476,0.23524483797081008,0.2245894302234869,0.24019036717894882
mlp_V0-fosls,61.83473135305716,0.23517861568321297,0.2245353435328024,0.24014015193895255
mlp_V0-fosls,62.03439214589957,0.23511419191472152,0.22448691798128642,0.24008992619634872
mlp_V0-fosls,62.23405293874197,0.23505018709301084,0.22443848198132166,0.2400307582542207
mlp_V0-fosls,62.43371373158437,0.23498848782009624,0.22437846979556333,0.23995166300726198
mlp_V0-fosls,62.63337452442677,0.23492677225450193,0.22431572331538377,0.23987254167954505
mlp_V0-fosls,62.83303531726918,0.2348617709772498,0.22425459087530755,0.23979898187935766
mlp_V0-fosls,63.03269611011158,0.2347900620526629,0.22420846053655658,0.23972910038353773
mlp_V0-fosls,63.23235690295398,0.23471887513490103,0.22416232070464853,0.23965919851118608
mlp_V0-fosls,63.43201769579638,0.23465189948203574,0.22411176509367584,0.23961320608494463
mlp_V0-fosls,63.63167848863879,0.23458549700525444,0.22405418037994304,0.23957003588773332
mlp_V0-fosls,63.83133928148119,0.23452118192880955,0.22399658086241667,0.23952036869632604
mlp_V0-fosls,64.0310000743236,0.23447819128565336,0.22393503430093303,0.23944244172575221
mlp_V0-fosls,64.230660867166,0.23443707860676005,0.22387156852401977,0.23936448938544855
mlp_V0-fosls,64.4303216600084,0.2343880466769474,0.22380808474996988,0.23929900241644889
mlp_V0-fosls,64.6299824528508,0.23432664909857648,0.22375210469245752,0.23924706368624718
mlp_V0-fosls,64.8296432456932,0.23426548427544114,0.2236964140727548,0.2391951136780909
mlp_V0-fosls,65.02930403853561,0.23421001573338035,0.22364226237298618,0.2391276754305409
mlp_V0-fosls,65.22896483137801,0.2341517063337143,0.22359277345262868,0.23905563741128616
mlp_V0-fosls,65.42862562422042,0.23409199601331096,0.2235432735762127,0.2389855598570831
mlp_V0-fosls,65.62828641706281,0.23403292342252452,0.2234925056307756,0.23894458243907443
mlp_V0-fosls,65.82794720990522,0.23397485079083202,0.22344064415278478,0.23890359799250369
mlp_V0-fosls,66.02760800274763,0.23391367977873867,0.22338877063474008,0.23885609918624714
mlp_V0-fosls,66.22726879559002,0.23386996510690344,0.22335365945903174,0.23879681611462025
mlp_V0-fosls,66.42692958843243,0.23382623935762106,0.22332207367619242,0.23873751832187834
mlp_V0-fosls,66.62659038127484,0.23377767605295696,0.2232853483593128,0.23867947045421498
mlp_V0-fosls,66.82625117411723,0.23371257405648643,0.2232084338323998,0.2386220924234017
mlp_V0-fosls,67.02591196695964,0.23364802426638592,0.2231314927926713,0.23856470059239793
mlp_V0-fosls,67.22557275980203,0.2335838190958705,0.22306977455748353,0.23850297778025567
mlp_V0-fosls,67.42523355264444,0.23351860842418282,0.22303126086409047,0.23844097313560017
mlp_V0-fosls,67.62489434548685,0.23345798045343114,0.22299274051889098,0.23838223483687557
mlp_V0-fosls,67.82455513832925,0.23341400202654372,0.222957191392465,0.2383342510737925
mlp_V0-fosls,68.02421593117165,0.23337079518203993,0.2229230129544027,0.23828625764820732
mlp_V0-fosls,68.22387672401406,0.23331816182272858,0.2228888292753168,0.23823244141280156
mlp_V0-fosls,68.42353751685646,0.23326663689498006,0.22285198223343253,0.23817336269406467
mlp_V0-fosls,68.62319830969886,0.23321554832904956,0.22281505185256842,0.23811426931726085
mlp_V0-fosls,68.82285910254126,0.233167241485409,0.22277218358075593,0.23809084563537425
mlp_V0-fosls,69.02251989538367,0.23311726069504735,0.22271241647693044,0.23807539610154974
mlp_V0-fosls,69.22218068822608,0.2330688763920115,0.22265263332969906,0.23805356098821998
mlp_V0-fosls,69.42184148106847,0.23302270173119105,0.22260237674766783,0.23797986303028051
mlp_V0-fosls,69.62150227391088,0.2329764311388205,0.2225599596648601,0.2379061422423767
mlp_V0-fosls,69.82116306675329,0.23292983070618034,0.22251753449635756,0.2378412790569665
mlp_V0-fosls,70.02082385959568,0.23288154455242355,0.22246450119691386,0.23778968168490155
mlp_V0-fosls,70.22048465243809,0.2328332483223362,0.22240938672665775,0.23773807311442524
mlp_V0-fosls,70.42014544528048,0.23278357340285366,0.22235506190070134,0.2376931040277333
mlp_V0-fosls,70.61980623812289,0.23273638452951936,0.2223063315123984,0.23765107353984788
mlp_V0-fosls,70.8194670309653,0.23269092098774513,0.22225759043986787,0.23760903561722044
mlp_V0-fosls,71.0191278238077,0.23265032557165138,0.22221520325913952,0.23755998941395703
mlp_V0-fosls,71.2187886166501,0.2326097729837932,0.22218183931916508,0.2375108278294415
mlp_V0-fosls,71.4184494094925,0.23256790726532112,0.22214847036834143,0.2374637319444152
mlp_V0-fosls,71.6181102023349,0.2325189524656704,0.2221137595387503,0.237422034495947
mlp_V0-fosls,71.81777099517731,0.23246977306089212,0.22207847544046797,0.2373803297230422
mlp_V0-fosls,72.0174317880197,0.2324250829099645,0.2220431857353143,0.23734727423197233
mlp_V0-fosls,72.21709258086211,0.23238791854503404,0.22200626860257855,0.23732074460957558
mlp_V0-fosls,72.41675337370452,0.23234887042294694,0.22196932794174293,0.23729421202115256
mlp_V0-fosls,72.61641416654692,0.2322951755236666,0.22193376051104655,0.23724900421805473
mlp_V0-fosls,72.81607495938933,0.2322381451248724,0.22190179056300602,0.23720082049131078
mlp_V0-fosls,73.01573575223172,0.23218891175841938,0.22186981600831107,0.23715222579360457
mlp_V0-fosls,73.21539654507413,0.23215525671672665,0.2218214640617779,0.2371014428845813
mlp_V0-fosls,73.41505733791654,0.23212276507174004,0.22176045665053512,0.2370506490964324
mlp_V0-fosls,73.61471813075893,0.232080834575065,0.2216994324512291,0.23700650478947743
mlp_V0-fosls,73.81437892360134,0.23203652631680852,0.22167344587602525,0.23697053775655924
mlp_V0-fosls,74.01403971644375,0.23199224652649658,0.221653604887663,0.23693456526378995
mlp_V0-fosls,74.21370050928614,0.23194894799727844,0.22163217770082502,0.23690326508885068
mlp_V0-fosls,74.41336130212855,0.231905484916559,0.2216010007990788,0.23687359270837394
mlp_V0-fosls,74.61302209497094,0.2318650332980978,0.22156981951045715,0.23684311055086366
mlp_V0-fosls,74.81268288781335,0.23182522327461244,0.22153797296903627,0.23678931057583655
mlp_V0-fosls,75.01234368065576,0.23178305831359555,0.22150523880350914,0.23673549837434887
mlp_V0-fosls,75.21200447349815,0.23174286093844573,0.22147249979979405,0.23668622462203673
mlp_V0-fosls,75.41166526634056,0.23171759679838305,0.22142835962338592,0.23664638154297526
mlp_V0-fosls,75.61132605918297,0.23169243685702717,0.2213796789836148,0.2366065317545854
mlp_V0-fosls,75.81098685202537,0.23165679692352797,0.22133104943272613,0.2365690511043759
mlp_V0-fosls,76.01064764486777,0.2316161076784024,0.22130086998071455,0.23653303645891083
mlp_V0-fosls,76.21030843771017,0.231576833404385,0.2212706864124807,0.2364970163290016
mlp_V0-fosls,76.40996923055258,0.23153711938377988,0.22123637137372454,0.23645647959700372
mlp_V0-fosls,76.60963002339498,0.2314931196387271,0.2211920886666734,0.23641548424000988
mlp_V0-fosls,76.80929081623738,0.23144761025039973,0.2211477970924387,0.23637577381217012
mlp_V0-fosls,77.00895160907979,0.231409248601465,0.22112016710594687,0.23634118232515872
mlp_V0-fosls,77.20861240192218,0.23137228090657963,0.22110454046670813,0.23630658577450947
mlp_V0-fosls,77.40827319476459,0.23134076359144745,0.2210889127229733,0.236268423370946
mlp_V0-fosls,77.607933987607,0.23131526049624218,0.2210670984494743,0.2362265995029437
mlp_V0-fosls,77.80759478044939,0.23128996607757854,0.22104434691471458,0.23618476822872328
mlp_V0-fosls,78.0072555732918,0.23126433477198816,0.2210205887219073,0.23616090938170933
mlp_V0-fosls,78.20691636613421,0.23123574174116177,0.2209914176049987,0.23614194109208173
mlp_V0-fosls,78.4065771589766,0.23120348016182896,0.22096224263696135,0.2361202433297847
mlp_V0-fosls,78.60623795181901,0.23116667432879023,0.22093025303106223,0.2360662092777738
mlp_V0-fosls,78.8058987446614,0.2311302847298059,0.2208947457980833,0.23601216285488055
mlp_V0-fosls,79.00555953750381,0.23109698583849658,0.22085923285665576,0.23596907049823163
mlp_V0-fosls,79.20522033034622,0.23106066315404633,0.2208242494282177,0.2359446385723504
mlp_V0-fosls,79.40488112318862,0.23102433467537387,0.22078945597321276,0.2359202041162959
mlp_V0-fosls,79.60454191603102,0.23099186517285963,0.22075481492764798,0.23588981016092817
mlp_V0-fosls,79.80420270887343,0.23096292208454994,0.22072782935299626,0.23585636818286793
mlp_V0-fosls,80.00386350171583,0.23093491777153013,0.22070084047875926,0.23582292146241082
mlp_V0-fosls,80.20352429455824,0.23090810740456308,0.22067278002457505,0.23579226307290313
mlp_V0-fosls,80.40318508740063,0.23088042433400358,0.2206423146010742,0.2357617329624451
mlp_V0-fosls,80.60284588024304,0.2308457859756816,0.22061184497044647,0.23572823158566816
mlp_V0-fosls,80.80250667308545,0.23081024375169873,0.22058147270721187,0.23568568304019838
mlp_V0-fosls,81.00216746592784,0.23077527126915584,0.2205511653215397,0.23564312681201485
mlp_V0-fosls,81.20182825877025,0.23075425945523353,0.22052085377055797,0.23561036510237823
mlp_V0-fosls,81.40148905161266,0.23073888632327982,0.2204876270695192,0.2355859571922283
mlp_V0-fosls,81.60114984445505,0.23072117293488514,0.2204540149162724,0.23556154675303198
mlp_V0-fosls,81.80081063729746,0.23068512449347117,0.22042204227980788,0.23554367199271414
mlp_V0-fosls,82.00047143013985,0.23064174070302773,0.22039795046853722,0.23552711434474494
mlp_V0-fosls,82.20013222298226,0.2306025497203844,0.2203738560234906,0.23550849753612174
mlp_V0-fosls,82.39979301582467,0.23057727444150988,0.22034924917846907,0.23547548321047143
mlp_V0-fosls,82.59945380866706,0.23055498699322202,0.22032404204516487,0.23544246425547066
mlp_V0-fosls,82.79911460150947,0.23052989847535144,0.2202988320275986,0.2354128412283704
mlp_V0-fosls,82.99877539435188,0.23049980863427721,0.22028137231751788,0.23538796243686877
mlp_V0-fosls,83.19843618719428,0.23046973011545405,0.2202665055667802,0.2353630810155823
mlp_V0-fosls,83.39809698003668,0.23043724269656396,0.22025106941868633,0.23533194091477633
mlp_V0-fosls,83.59775777287908,0.2303992109126013,0.22022096271072988,0.23529824248232517
mlp_V0-fosls,83.79741856572149,0.23036289113243386,0.22019085188628154,0.23526456808810522
mlp_V0-fosls,83.9970793585639,0.23033983023583082,0.22015900729563978,0.2352423948154562
mlp_V0-fosls,84.19674015140629,0.2303229987430393,0.22012356598250604,0.23522021945262114
mlp_V0-fosls,84.3964009442487,0.23030723966038807,0.22008811896217345,0.23519472433831848
mlp_V0-fosls,84.59606173709109,0.23028598886075685,0.2200653203608513,0.2351612880992365
mlp_V0-fosls,84.7957225299335,0.230264101034797,0.2200505166541323,0.23512784710537074
mlp_V0-fosls,84.99538332277591,0.23023256549056403,0.2200357119514398,0.23509810791835836
mlp_V0-fosls,85.1950441156183,0.23019537614669092,0.2200133161903744,0.2350709697661384
mlp_V0-fosls,85.39470490846071,0.23015958597923936,0.21999010400383592,0.23504382848054828
mlp_V0-fosls,85.59436570130312,0.23013201289468893,0.2199671041927022,0.2350250417078222
mlp_V0-fosls,85.79402649414551,0.2301082035655333,0.21994500191268246,0.23500739685578842
mlp_V0-fosls,85.99368728698792,0.23008558210305236,0.21992289741138066,0.234985964077238
mlp_V0-fosls,86.19334807983032,0.23006568574976877,0.2199046658201816,0.23494630353185983
mlp_V0-fosls,86.39300887267272,0.2300462682526051,0.21989061656550904,0.23490663629037947
mlp_V0-fosls,86.59266966551513,0.23002080904896766,0.21987656641314393,0.2348786330476503
mlp_V0-fosls,86.79233045835753,0.22998902762142787,0.21986477428233206,0.23486407188695083
mlp_V0-fosls,86.99199125119993,0.2299584180703055,0.21985366029983225,0.23484950982342895
mlp_V0-fosls,87.19165204404234,0.22993885627630023,0.21984156211686975,0.2348236853996964
mlp_V0-fosls,87.39131283688474,0.22992397261640915,0.21981334227338542,0.2347942381275324
mlp_V0-fosls,87.59097362972715,0.2299047365432222,0.21978511880654586,0.2347651958975796
mlp_V0-fosls,87.79063442256954,0.2298771712028428,0.2197588132642894,0.23474404979440416
mlp_V0-fosls,87.99029521541195,0.22984836383576107,0.2197361388151034,0.2347229017861838
mlp_V0-fosls,88.18995600825436,0.2298240383856215,0.21971346202591222,0.23470237892411747
mlp_V0-fosls,88.38961680109675,0.22980090406194117,0.21968889266487354,0.23468306286848045
mlp_V0-fosls,88.58927759393916,0.22977774945490317,0.21966322994785176,0.23466374522286626
mlp_V0-fosls,88.78893838678157,0.22975716713763683,0.21963756423236727,0.2346381215630006
mlp_V0-fosls,88.98859917962396,0.22973743416444262,0.21962501728198855,0.2346088541315982
mlp_V0-fosls,89.18825997246637,0.22971621992525937,0.2196135664194675,0.23457958304863108
mlp_V0-fosls,89.38792076530876,0.22968990558665264,0.219599124007594,0.23456265212612493
mlp_V0-fosls,89.58758155815117,0.2296619862060385,0.21957346507521744,0.23454669449261556
mlp_V0-fosls,89.78724235099358,0.22963811402601902,0.21954780314403702,0.23452790251042588
mlp_V0-fosls,89.98690314383597,0.22962101137604113,0.2195214663078698,0.23449904259656537
mlp_V0-fosls,90.18656393667838,0.2296048755764189,0.219494452716255,0.23447017913046372
mlp_V0-fosls,90.38622472952078,0.2295838186312262,0.21946743579961792,0.23444983173800577
mlp_V0-fosls,90.58588552236318,0.22956586035982154,0.21945497242784534,0.23443761722424403
mlp_V0-fosls,90.7855463152056,0.22954965039112202,0.2194464416509602,0.23442540207405657
mlp_V0-fosls,90.98520710804799,0.22953715829197785,0.21943677903365172,0.23440725945068097
mlp_V0-fosls,91.1848679008904,0.2295188645553188,0.21941316448685733,0.2343876740045959
mlp_V0-fosls,91.3845286937328,0.22949500978921628,0.21938954739825167,0.23436763683119202
mlp_V0-fosls,91.5841894865752,0.22947627118203115,0.21936996291728159,0.23434342265797087
mlp_V0-fosls,91.7838502794176,0.22946269346707698,0.21935748595849813,0.23431920598249567
mlp_V0-fosls,91.98351107226,0.22945123454297858,0.21934500828999032,0.23429851769662655
mlp_V0-fosls,92.18317186510241,0.22941802483534587,0.2193306800580994,0.23428336514890244
mlp_V0-fosls,92.38283265794482,0.22938467021573616,0.21931535528072474,0.23426821162110636
mlp_V0-fosls,92.58249345078721,0.22936116616264524,0.21930002943244825,0.23424743714011736
mlp_V0-fosls,92.78215424362962,0.22934857055959562,0.2192776103563154,0.23422404082958567
mlp_V0-fosls,92.98181503647203,0.22933404377547806,0.21925472429841328,0.2342006421817959
mlp_V0-fosls,93.18147582931442,0.2293142088719911,0.21923228636151543,0.23417829559644657
mlp_V0-fosls,93.38113662215683,0.22929274371082442,0.2192113899477619,0.2341559744129274
mlp_V0-fosls,93.58079741499922,0.22927437399870057,0.21919049154185943,0.23413406256622274
mlp_V0-fosls,93.78045820784163,0.2292601423549473,0.2191685299742082,0.2341132766515884
mlp_V0-fosls,93.98011900068404,0.22924638982615708,0.21914555884464482,0.2340924888912979
mlp_V0-fosls,94.17977979352644,0.22922595057883252,0.21912258530696457,0.23407618519897214
mlp_V0-fosls,94.37944058636884,0.22920519184680588,0.21910859442281044,0.2340634037036121
mlp_V0-fosls,94.57910137921125,0.22918498489172795,0.219096824744678,0.23405062151025507
mlp_V0-fosls,94.77876217205365,0.2291647589026842,0.21908517971075384,0.23402802424614286
mlp_V0-fosls,94.97842296489605,0.22914232992722633,0.21907480868352647,0.23400372589885307
mlp_V0-fosls,95.17808375773845,0.229121395733394,0.2190644371653102,0.23398065910120333
mlp_V0-fosls,95.37774455058086,0.22910427032463115,0.21905371953196978,0.23396486361333388
mlp_V0-fosls,95.57740534342327,0.22908818836870465,0.21904243167402435,0.23394906705900392
mlp_V0-fosls,95.77706613626566,0.2290749457599504,0.21903114323435466,0.2339330429088798
mlp_V0-fosls,95.97672692910807,0.22906399057521726,0.21901341633251833,0.23391672647023162
mlp_V0-fosls,96.17638772195048,0.2290529033971165,0.21899245411240137,0.23390040889338032
mlp_V0-fosls,96.37604851479287,0.2290389929117997,0.21897148988556353,0.23389007898731567
mlp_V0-fosls,96.57570930763528,0.2290201821753845,0.21896144363854936,0.23388196818081244
mlp_V0-fosls,96.77537010047767,0.22900147317322594,0.2189519267927746,0.23387386408253216
mlp_V0-fosls,96.97503089332008,0.2289876127185559,0.21894175147793016,0.2338660769537821
mlp_V0-fosls,97.17469168616249,0.2289771287703659,0.2189295109598279,0.23385828956573237
mlp_V0-fosls,97.37435247900488,0.22896406148894966,0.21891726975731052,0.2338438997482447
mlp_V0-fosls,97.57401327184729,0.2289450978377553,0.21890179803425858,0.2338150340042319
mlp_V0-fosls,97.77367406468969,0.228925559717089,0.21888344842510526,0.23378616469614516
mlp_V0-fosls,97.9733348575321,0.22891077390577474,0.21886509727752412,0.2337594535511183
mlp_V0-fosls,98.1729956503745,0.22889686761971748,0.21885356048798113,0.23373415101971753
mlp_V0-fosls,98.3726564432169,0.2288801164496595,0.21884354992783409,0.23370884574893358
mlp_V0-fosls,98.5723172360593,0.22886006671186876,0.2188347026820342,0.23370017020836142
mlp_V0-fosls,98.77197802890171,0.22884309164556332,0.21883579514575568,0.23369339422081728
mlp_V0-fosls,98.97163882174411,0.22883158928362987,0.21883688760402342,0.2336862294042956
mlp_V0-fosls,99.17129961458652,0.22882142200011113,0.2188295502579276,0.23367740452615246
mlp_V0-fosls,99.37096040742891,0.22881057632405588,0.21880921674828266,0.23366857931472332
mlp_V0-fosls,99.57062120027132,0.228797535952403,0.21878888134890906,0.23365722806893655
mlp_V0-fosls,99.77028199311373,0.2287841054486232,0.21876737744177585,0.23364316015168698
mlp_V0-fosls,99.96994278595612,0.2287708470408437,0.2187453252616224,0.2336290913873413
mlp_V0-fosls,100.16960357879853,0.2287564644145009,0.21872327085811774,0.23361833066923998
mlp_V0-fosls,100.36926437164094,0.2287384231694451,0.2187227808561243,0.23360853725119646
mlp_V0-fosls,100.56892516448333,0.22871998461396562,0.2187229880560446,0.23359782707523463
mlp_V0-fosls,100.76858595732574,0.2287046636246236,0.21871701912018243,0.23357412411506984
mlp_V0-fosls,100.96824675016813,0.22869152958505118,0.2186931043247593,0.23355041874929885
mlp_V0-fosls,101.16790754301054,0.22867572480179488,0.21866918691389026,0.23353276612780144
mlp_V0-fosls,101.36756833585295,0.2286589139269437,0.21865344510294454,0.233525953048695
mlp_V0-fosls,101.56722912869535,0.2286423720139168,0.2186445633960431,0.23351913977081232
mlp_V0-fosls,101.76688992153775,0.22862924938726245,0.21863568132833722,0.2335038217389883
mlp_V0-fosls,101.96655071438016,0.22861836143375008,0.21862328226553185,0.233483934155617
mlp_V0-fosls,102.16621150722256,0.2286083951677673,0.2186101689022075,0.23346404487812628
mlp_V0-fosls,102.36587230006496,0.22859663727976826,0.21859901175918536,0.23345134391632655
mlp_V0-fosls,102.56553309290736,0.22858148057210037,0.2186022947040986,0.23343907355759305
mlp_V0-fosls,102.76519388574977,0.22856497896137817,0.21860557759970964,0.23342914154735886
mlp_V0-fosls,102.96485467859218,0.2285505289717405,0.21859514728480975,0.2334267929001574
mlp_V0-fosls,103.16451547143457,0.22853684773181263,0.21856474113912874,0.23342444422932454
mlp_V0-fosls,103.36417626427698,0.2285264189193544,0.218534330762837,0.23341439207953277
mlp_V0-fosls,103.56383705711937,0.2285218210853777,0.21852295127546292,0.23339745024142944
mlp_V0-fosls,103.76349784996178,0.2285171801694514,0.21851991248738475,0.23338050717346384
mlp_V0-fosls,103.96315864280419,0.22851287424574854,0.21851687365704792,0.2333737004160709
mlp_V0-fosls,104.16281943564658,0.22850938243561442,0.21850589857967204,0.23336911307664499
mlp_V0-fosls,104.36248022848899,0.2285038244875012,0.21849478451176454,0.2333639662051638
mlp_V0-fosls,104.5621410213314,0.2284879058851832,0.21848211109739446,0.23335443255449825
mlp_V0-fosls,104.7618018141738,0.22846714495382597,0.21846523676159038,0.23334489851432133
mlp_V0-fosls,104.9614626070162,0.2284509175994333,0.21844836112230567,0.23333460609882622
mlp_V0-fosls,105.1611233998586,0.22844393223096737,0.2184486678354746,0.23332320190684155
mlp_V0-fosls,105.360784192701,0.2284361894131014,0.21846255661659186,0.23331179715742428
mlp_V0-fosls,105.56044498554341,0.2284200379627508,0.21847644451478443,0.2332975798885708
mlp_V0-fosls,105.7601057783858,0.22839968899990115,0.2184585874607909,0.23328214853616996
mlp_V0-fosls,105.95976657122822,0.2283826444389651,0.21843496158640605,0.23326671616293493
mlp_V0-fosls,106.15942736407062,0.2283762852960346,0.21841257141193998,0.23326018827297387
mlp_V0-fosls,106.35908815691302,0.22837621674345368,0.2183982036667295,0.2332537408108882
mlp_V0-fosls,106.55874894975543,0.22837481455851888,0.2183838349762471,0.23324831700495768
mlp_V0-fosls,106.75840974259782,0.22836358968485504,0.21837158346595673,0.23324547939085996
mlp_V0-fosls,106.95807053544023,0.22835005253452395,0.2183622869681618,0.23324264174224005
mlp_V0-fosls,107.15773132828264,0.22833565840149855,0.21835299007456338,0.23322959372886357
mlp_V0-fosls,107.35739212112503,0.22832406041652578,0.21834623959783617,0.23320903770205703
mlp_V0-fosls,107.55705291396744,0.22831328377354212,0.2183405534413044,0.23318847986319602
mlp_V0-fosls,107.75671370680985,0.22830543521894076,0.21833486713668648,0.23317857158901514
mlp_V0-fosls,107.95637449965224,0.22829967834791454,0.2183281776153545,0.23317027385663006
mlp_V0-fosls,108.15603529249465,0.22829632831227423,0.2183214820691941,0.23316029376054545
mlp_V0-fosls,108.35569608533704,0.2282913478546566,0.2183101663883722,0.2331415184239629
mlp_V0-fosls,108.55535687817945,0.22828493250009071,0.2182871275851312,0.2331227415752445
mlp_V0-fosls,108.75501767102186,0.22827280396084104,0.21826408635003594,0.2331148449454673
mlp_V0-fosls,108.95467846386425,0.22825903496691968,0.21825096196598917,0.23312008400940612
mlp_V0-fosls,109.15433925670666,0.22824440629039255,0.21824531298853544,0.2331253229556066
mlp_V0-fosls,109.35400004954906,0.22822868374070285,0.21823966386486196,0.23311547707378988
mlp_V0-fosls,109.55366084239147,0.22821802704499544,0.21823482982923031,0.23310049409450317
mlp_V0-fosls,109.75332163523387,0.2282099689240476,0.21823013025316293,0.23308579901025397
mlp_V0-fosls,109.95298242807627,0.22819917599512596,0.2182257632728934,0.23307833488130356
mlp_V0-fosls,110.15264322091868,0.2281841128482468,0.21822335810337948,0.23307087051331332
mlp_V0-fosls,110.35230401376108,0.22817216379991848,0.21822095290735644,0.23306371916780416
mlp_V0-fosls,110.55196480660348,0.2281668802499125,0.21821543875092803,0.23305720142792175
mlp_V0-fosls,110.75162559944589,0.22816267639765342,0.21820586506545703,0.23305068350575733
mlp_V0-fosls,110.95128639228828,0.22815773492376878,0.21819629095992638,0.23304317472699365
mlp_V0-fosls,111.15094718513069,0.2281521846936631,0.2181918838045954,0.23303506695773263
mlp_V0-fosls,111.3506079779731,0.22814483886768352,0.21818947181031484,0.2330269589063758
mlp_V0-fosls,111.55026877081549,0.22813424480574246,0.21818691043371224,0.23301110686964543
mlp_V0-fosls,111.7499295636579,0.22812286182874822,0.21817004059232722,0.2329944722526506
mlp_V0-fosls,111.94959035650031,0.22811256600410354,0.21815316944639299,0.23298078986278176
mlp_V0-fosls,112.1492511493427,0.22810410939766726,0.21814062598403502,0.2329788260348228
mlp_V0-fosls,112.34891194218511,0.2280962117464566,0.21813823957084136,0.2329768621903102
mlp_V0-fosls,112.5485727350275,0.22809171275114595,0.21813585313154024,0.23296804600233886
mlp_V0-fosls,112.74823352786991,0.22808379237927634,0.21812887413926002,0.23295221104455185
mlp_V0-fosls,112.94789432071232,0.22807570841417768,0.2181186587975767,0.23293637501030828
mlp_V0-fosls,113.14755511355472,0.22806897917168,0.21810844297744694,0.23292470122984482
mlp_V0-fosls,113.34721590639712,0.2280664815854041,0.21809849191881886,0.23291415985096484
mlp_V0-fosls,113.54687669923953,0.2280638950396757,0.21808857776992846,0.2329041737700366
mlp_V0-fosls,113.74653749208193,0.22805790271317058,0.21807869296632104,0.23290070662710358
mlp_V0-fosls,113.94619828492434,0.2280495349969892,0.2180689579224066,0.2328972394325551
mlp_V0-fosls,114.14585907776673,0.22803738715583016,0.2180592224438805,0.23289324784761017
mlp_V0-fosls,114.34551987060914,0.22802815117564457,0.21804982871538758,0.23288836541659505
mlp_V0-fosls,114.54518066345155,0.22801979713099713,0.2180408439676074,0.23288348288321914
mlp_V0-fosls,114.74484145629394,0.2280128081816162,0.21803185884957993,0.23287593970728476
mlp_V0-fosls,114.94450224913635,0.22800349229107153,0.21802445200804688,0.23286704234371636
mlp_V0-fosls,115.14416304197876,0.22799475150788134,0.2180175889909889,0.23285814464018528
mlp_V0-fosls,115.34382383482115,0.22798635628192288,0.2180110487121609,0.2328517814325448
mlp_V0-fosls,115.54348462766356,0.2279776186119109,0.21801497773993725,0.23284553749168727
mlp_V0-fosls,115.74314542050595,0.2279694073001775,0.21801890669690666,0.2328385875994596
mlp_V0-fosls,115.94280621334836,0.2279631480840466,0.21801831899340152,0.2328294966893495
mlp_V0-fosls,116.14246700619077,0.22795710147299675,0.21800815422006367,0.2328204054242677
mlp_V0-fosls,116.34212779903316,0.2279454323177758,0.2179979889727645,0.23281242596921256
mlp_V0-fosls,116.54178859187557,0.22793387590251052,0.21798398694579477,0.23280538945793078
mlp_V0-fosls,116.74144938471797,0.2279257621912288,0.21796752894905125,0.23279835273396496
mlp_V0-fosls,116.94111017756038,0.22792441596089447,0.21795106970952577,0.23279440082038647
mlp_V0-fosls,117.14077097040278,0.2279243555698492,0.21794806066382583,0.2327910636437196
mlp_V0-fosls,117.34043176324518,0.22791957745429225,0.21794652856206628,0.23278682154617433
mlp_V0-fosls,117.54009255608759,0.2279099225333897,0.21794717441094744,0.23277635400104998
mlp_V0-fosls,117.73975334893,0.22789883089819812,0.21795710050510775,0.23276588598519724
mlp_V0-fosls,117.93941414177239,0.22788756413050199,0.21796702614723937,0.23275408949176343
mlp_V0-fosls,118.1390749346148,0.22787881559597267,0.21796187824861352,0.2327404531443978
mlp_V0-fosls,118.33873572745719,0.22787213928128153,0.21794032495154697,0.2327268159980268
mlp_V0-fosls,118.5383965202996,0.2278715471433368,0.21791876952274755,0.2327185239763934
mlp_V0-fosls,118.73805731314201,0.22787203332349382,0.2179149587796844,0.2327124122903887
mlp_V0-fosls,118.9377181059844,0.2278696272383265,0.2179164878238644,0.23270629818222574
mlp_V0-fosls,119.13737889882681,0.22786269205594872,0.21791786317297196,0.23269905188485843
mlp_V0-fosls,119.33703969166922,0.22785356878201446,0.21791671882607686,0.23269180536183287
mlp_V0-fosls,119.53670048451161,0.2278472388387472,0.21791557447317242,0.23268589272473322
mlp_V0-fosls,119.73636127735402,0.22784216381199768,0.21791137415826742,0.2326831748555787
mlp_V0-fosls,119.93602207019642,0.2278365708582941,0.21790140046150758,0.23268045695467765
mlp_V0-fosls,120.13568286303882,0.2278260882845327,0.21789142630821473,0.23267973702318945
mlp_V0-fosls,120.33534365588123,0.2278203475644101,0.2178815374954416,0.2326804525301747
mlp_V0-fosls,120.53500444872363,0.22781691400234208,0.21787169749077437,0.2326811680349597
mlp_V0-fosls,120.73466524156603,0.22781431877045522,0.217861857041671,0.2326808959535015
mlp_V0-fosls,120.93432603440844,0.22780727559731925,0.21785427007810104,0.23268048201102284
mlp_V0-fosls,121.13398682725084,0.22780072335002832,0.2178468689355884,0.2326783334628439
mlp_V0-fosls,121.33364762009325,0.22779645851430663,0.21784222909720174,0.2326675301664476
mlp_V0-fosls,121.53330841293564,0.2277933402998963,0.2178479010935383,0.23265672636840576
mlp_V0-fosls,121.73296920577805,0.2277835421986767,0.21785357294219979,0.2326464457597753
mlp_V0-fosls,121.93262999862046,0.2277745300565801,0.2178501075107016,0.23263678125106824
mlp_V0-fosls,122.13229079146285,0.22776690291123133,0.217836909271942,0.2326271163408485
mlp_V0-fosls,122.33195158430526,0.22776203287295832,0.2178237102334829,0.23262322670042626
mlp_V0-fosls,122.53161237714765,0.22775586851512297,0.21781886581128024,0.23262124239137755
mlp_V0-fosls,122.73127316999006,0.22774889651251437,0.21781647478012892,0.23261895652055384
mlp_V0-fosls,122.93093396283247,0.22774150300489243,0.21781398796764853,0.23261016338353102
mlp_V0-fosls,123.13059475567486,0.2277342347744023,0.21781005402457407,0.2326013699140972
mlp_V0-fosls,123.33025554851727,0.22772743370079818,0.217806120010446,0.2325941385464434
mlp_V0-fosls,123.52991634135968,0.22772014468842922,0.21780330742738754,0.23258999429047994
mlp_V0-fosls,123.72957713420207,0.22771305064939018,0.21780258533610997,0.23258584996067339
mlp_V0-fosls,123.92923792704448,0.22770781740072837,0.2178018632424384,0.23258094390063888
mlp_V0-fosls,124.12889871988688,0.22770614166339465,0.21779331457170986,0.2325755880749343
mlp_V0-fosls,124.32855951272929,0.22770513954482524,0.21778030585320257,0.23257023212589123
mlp_V0-fosls,124.5282203055717,0.2277049212802395,0.21776729635759623,0.23256872119314334
mlp_V0-fosls,124.72788109841409,0.2277047673038778,0.21776507571484213,0.23256754115414907
mlp_V0-fosls,124.9275418912565,0.22770107558171995,0.21776371276821527,0.23256553105613778
mlp_V0-fosls,125.1272026840989,0.22769524371317024,0.21776107270527895,0.2325604487144279
mlp_V0-fosls,125.3268634769413,0.227688853184668,0.21775377623668066,0.23255536626164686
mlp_V0-fosls,125.5265242697837,0.22768173438542993,0.21774647952358492,0.23254864267491065
mlp_V0-fosls,125.7261850626261,0.2276713627004488,0.21774394750868492,0.23254031246362108
mlp_V0-fosls,125.92584585546851,0.22766268960581054,0.2177461107969837,0.23253198195391056
mlp_V0-fosls,126.12550664831092,0.2276586697727589,0.2177482740637906,0.23252852608571303
mlp_V0-fosls,126.32516744115331,0.22765869590427706,0.21774354849600241,0.23252630697908705
mlp_V0-fosls,126.52482823399572,0.22765808928223946,0.21773700301195184,0.23252351022363632
mlp_V0-fosls,126.72448902683813,0.22765373330542554,0.21773028428276717,0.23251489537645173
mlp_V0-fosls,126.92414981968052,0.22764654040700538,0.2177215527464857,0.23250628021006892
mlp_V0-fosls,127.12381061252293,0.2276377474095988,0.21771282086001942,0.23250002647217238
mlp_V0-fosls,127.32347140536532,0.22763310990111393,0.21770353488263247,0.23249758494450443
mlp_V0-fosls,127.52313219820773,0.22762990853469084,0.21769329395780437,0.23249514339119695
mlp_V0-fosls,127.72279299105014,0.22762850419095038,0.2176830525511908,0.23249107154722984
mlp_V0-fosls,127.92245378389254,0.22762640029128273,0.21768103856548376,0.2324862162551841
mlp_V0-fosls,128.12211457673493,0.22762170753949318,0.21768332293754789,0.23248136086173724
mlp_V0-fosls,128.32177536957735,0.22761528512678086,0.21768560728564004,0.23247693709026132
mlp_V0-fosls,128.52143616241975,0.22760957679065175,0.21768510729007157,0.23247252768577054
mlp_V0-fosls,128.72109695526214,0.2276086624607533,0.21768444497274872,0.2324670793474886
mlp_V0-fosls,128.92075774810456,0.2276073413245263,0.21768495261859272,0.23245867651605842
mlp_V0-fosls,129.12041854094696,0.22760553512574636,0.21768933581329009,0.2324502733808748
mlp_V0-fosls,129.32007933378935,0.22760437888289914,0.2176937189197332,0.23244701933496886
mlp_V0-fosls,129.51974012663177,0.22760387526419967,0.21769072250073943,0.23244792781254908
mlp_V0-fosls,129.71940091947417,0.2276014037434328,0.21768087102563138,0.2324488362865787
mlp_V0-fosls,129.91906171231656,0.22759538862515605,0.21767101910465986,0.23243882416323589
mlp_V0-fosls,130.11872250515898,0.227587602081186,0.21766160860391207,0.2324268098888515
mlp_V0-fosls,130.31838329800138,0.22758247099446735,0.2176523041058329,0.2324169592748194
mlp_V0-fosls,130.51804409084377,0.22757941500455625,0.21764420134620766,0.23242066211010676
mlp_V0-fosls,130.71770488368617,0.227577057297225,0.21764773741203053,0.23242436488640295
mlp_V0-fosls,130.9173656765286,0.22757407293058063,0.2176512734204048,0.23242510645491893
mlp_V0-fosls,131.11702646937098,0.227573715717652,0.217650572191832,0.23242192451282576
mlp_V0-fosls,131.31668726221338,0.227573311294235,0.21764304315066835,0.23241874252717
mlp_V0-fosls,131.5163480550558,0.22757157265917852,0.21763551384903954,0.23241358478483753
mlp_V0-fosls,131.7160088478982,0.22756843653563624,0.21763160837506726,0.23240766854201544
mlp_V0-fosls,131.9156696407406,0.22756381757254213,0.2176294720534604,0.23240182853875868
mlp_V0-fosls,132.115330433583,0.22755730509878497,0.21762733571088252,0.2324011181970949
mlp_V0-fosls,132.3149912264254,0.22754974365799185,0.21762711939003115,0.23240040785325997
mlp_V0-fosls,132.5146520192678,0.22754509101211662,0.2176269837064844,0.2324005392632632
mlp_V0-fosls,132.71431281211022,0.22754359870791513,0.21762635316608872,0.23240257295274946
mlp_V0-fosls,132.91397360495262,0.22754374304282698,0.21762421614746322,0.23240460662443965
mlp_V0-fosls,133.113634397795,0.2275467656018526,0.21762207910785247,0.23239773786484594
mlp_V0-fosls,133.31329519063743,0.22754349426488185,0.21761913502228003,0.2323849160139753
mlp_V0-fosls,133.51295598347983,0.22753720778748565,0.21761549175455525,0.23237209345561927
mlp_V0-fosls,133.71261677632222,0.22752931221080253,0.21761184842583473,0.23237573032470724
mlp_V0-fosls,133.91227756916462,0.22752526457504335,0.2176038644936923,0.23238136162165773
mlp_V0-fosls,134.11193836200704,0.22752237306242923,0.21759495746884258,0.23238510036792193
mlp_V0-fosls,134.31159915484943,0.2275154961615689,0.21758673458737327,0.2323804811443025
mlp_V0-fosls,134.51125994769183,0.2275059120500562,0.21758390412602963,0.232375861828861
mlp_V0-fosls,134.71092074053425,0.22749788684448707,0.21758107362786516,0.23236971391095024
mlp_V0-fosls,134.91058153337664,0.22749645218000725,0.21757884167413896,0.23236189429645443
mlp_V0-fosls,135.11024232621904,0.22749640834630128,0.2175775086057776,0.23235407441879832
mlp_V0-fosls,135.30990311906146,0.22749777962303597,0.21757617552924868,0.23235464790051583
mlp_V0-fosls,135.50956391190385,0.22750019018687673,0.21757532188348372,0.23235772379449426
mlp_V0-fosls,135.70922470474625,0.2275004000623592,0.21757469048059064,0.2323600636882478
mlp_V0-fosls,135.90888549758867,0.22749733621600257,0.21757405907586522,0.23235136605264547
mlp_V0-fosls,136.10854629043106,0.22749200690102545,0.21756852995458395,0.23234266809145135
mlp_V0-fosls,136.30820708327346,0.2274890312362634,0.2175628572683716,0.2323362815489587
mlp_V0-fosls,136.50786787611585,0.22748820166167982,0.21755842687445326,0.23233410163990856
mlp_V0-fosls,136.70752866895828,0.2274873208514746,0.21755751427030665,0.23233192171040493
mlp_V0-fosls,136.90718946180067,0.22748424966254682,0.21755660166233184,0.23232923569107994
mlp_V0-fosls,137.10685025464306,0.227479874788307,0.2175553315259329,0.23232627455887814
mlp_V0-fosls,137.3065110474855,0.22747597836695638,0.21755376855841224,0.23232331338893447
mlp_V0-fosls,137.50617184032788,0.2274728152488973,0.21755220557966273,0.23232164404795094
mlp_V0-fosls,137.70583263317027,0.2274702418782753,0.21754680859595002,0.23232005666309513
mlp_V0-fosls,137.9054934260127,0.2274677425420079,0.21754067135339342,0.23231736734146727
mlp_V0-fosls,138.1051542188551,0.22746417666587837,0.21753470978724662,0.2323110527840263
mlp_V0-fosls,138.30481501169749,0.22746002523057024,0.21752996684390344,0.23230473805494167
mlp_V0-fosls,138.5044758045399,0.22745613013349542,0.21752522379714462,0.23230238541426837
mlp_V0-fosls,138.7041365973823,0.2274546441555803,0.217522208331205,0.23230360262408292
mlp_V0-fosls,138.9037973902247,0.22745411128273885,0.21752163350778325,0.23230481982751966
mlp_V0-fosls,139.10345818306712,0.22745423351570804,0.2175210586828425,0.23230153992178668
mlp_V0-fosls,139.3031189759095,0.2274528363063829,0.21751694810370745,0.23229726373433718
mlp_V0-fosls,139.5027797687519,0.22745034925112323,0.21751134549718212,0.232292821256631
mlp_V0-fosls,139.7024405615943,0.22744782204368663,0.21750574274634246,0.23228704748369436
mlp_V0-fosls,139.90210135443672,0.2274456911797576,0.21751142023440795,0.2322812735672401
mlp_V0-fosls,140.10176214727912,0.22744198212344569,0.21751720859008114,0.2322772516284023
mlp_V0-fosls,140.3014229401215,0.22743963359014663,0.2175212673873807,0.23227584200275508
mlp_V0-fosls,140.50108373296393,0.22743819678188443,0.21752081276360763,0.23227443236855316
mlp_V0-fosls,140.70074452580633,0.2274376420386978,0.2175203581388844,0.23227456345702155
mlp_V0-fosls,140.90040531864872,0.2274323254407409,0.21751951257495591,0.2322753752315044
mlp_V0-fosls,141.10006611149115,0.22742747426909632,0.21751836567019162,0.23227618700315023
mlp_V0-fosls,141.29972690433354,0.22742412403930806,0.21751721875938,0.23227280713122073
mlp_V0-fosls,141.49938769717593,0.22742277712213516,0.21751763472160252,0.2322693714056302
mlp_V0-fosls,141.69904849001836,0.22742210848085415,0.21751831691314832,0.23226614375673776
mlp_V0-fosls,141.89870928286075,0.22742302165391476,0.21751850371557058,0.2322634530525098
mlp_V0-fosls,142.09837007570314,0.22742412346768198,0.2175157244803353,0.23226076231711051
mlp_V0-fosls,142.29803086854554,0.2274225694417305,0.21751294520958883,0.23226097174802218
mlp_V0-fosls,142.49769166138796,0.22741955616357412,0.2175085193555022,0.2322633416541744
mlp_V0-fosls,142.69735245423036,0.22741700852908914,0.21750192592189718,0.23226571153614547
mlp_V0-fosls,142.89701324707275,0.2274145699290208,0.21749533228841034,0.232261561110324
mlp_V0-fosls,143.09667403991517,0.2274105458137926,0.21748950932545177,0.23225640117454935
mlp_V0-fosls,143.29633483275757,0.22740592191205328,0.217483984395909,0.23225227534261747
mlp_V0-fosls,143.49599562559996,0.2274021939784178,0.21747853739519787,0.23225364079613658
mlp_V0-fosls,143.69565641844238,0.2273994451180555,0.21748090964117528,0.23225500624162804
mlp_V0-fosls,143.89531721128478,0.22739696130401288,0.2174832818612769,0.23225372346612838
mlp_V0-fosls,144.09497800412717,0.22739342007515717,0.2174863099358085,0.2322492148224408
mlp_V0-fosls,144.2946387969696,0.22739038628908226,0.21749087932698816,0.23224470609122538
mlp_V0-fosls,144.494299589812,0.22738876750407255,0.21749544862216888,0.23224134072580374
mlp_V0-fosls,144.69396038265438,0.22738774824130412,0.2174909195596177,0.23223836977477522
mlp_V0-fosls,144.8936211754968,0.22738597445546369,0.2174799731056262,0.23223545681438773
mlp_V0-fosls,145.0932819683392,0.22738437791495525,0.21746902610063734,0.2322341057645455
mlp_V0-fosls,145.2929427611816,0.22738367294181833,0.21746802316187852,0.23223275470684335
mlp_V0-fosls,145.492603554024,0.2273829163052745,0.21746845588577443,0.23223087770815046
mlp_V0-fosls,145.6922643468664,0.22738286576178332,0.21746876519894698,0.23222792691893404
mlp_V0-fosls,145.8919251397088,0.22738310015352778,0.21746843673887914,0.23222497609222312
mlp_V0-fosls,146.0915859325512,0.22738320319871175,0.2174681082783152,0.23222401017261393
mlp_V0-fosls,146.29124672539362,0.2273810370786929,0.2174654089956724,0.23222425317450418
mlp_V0-fosls,146.490907518236,0.227378858506922,0.21745981384082352,0.23222449617614013
mlp_V0-fosls,146.6905683110784,0.2273773287283441,0.2174542185420098,0.232223329497178
mlp_V0-fosls,146.89022910392083,0.22737749027036802,0.21745163326651074,0.23222203163334038
mlp_V0-fosls,147.08988989676322,0.22737944362528523,0.2174501109702637,0.23222024955692835
mlp_V0-fosls,147.28955068960562,0.22737890777852654,0.21744869408872816,0.23221662349045577
mlp_V0-fosls,147.48921148244804,0.2273755224586756,0.21745109780023975,0.23221299736736123
mlp_V0-fosls,147.68887227529044,0.22736815569076332,0.21745350148518094,0.23220961995077266
mlp_V0-fosls,147.88853306813283,0.22736307967508942,0.21745401482705143,0.23220649084228745
mlp_V0-fosls,148.08819386097522,0.22735904441764127,0.21745041658631042,0.23220336169163522
mlp_V0-fosls,148.28785465381765,0.22735564334347824,0.21744681828602688,0.2322085341627385
mlp_V0-fosls,148.48751544666004,0.22735065618460132,0.21744446690281735,0.2322158686558306
mlp_V0-fosls,148.68717623950243,0.22734642017552942,0.21744293470610299,0.23222220132653842
mlp_V0-fosls,148.88683703234486,0.22734332484212627,0.21744140249859206,0.23221782175938402
mlp_V0-fosls,149.08649782518725,0.2273413671837371,0.21744257253052574,0.23221344210963057
mlp_V0-fosls,149.28615861802965,0.2273405224176423,0.21744406969219127,0.23220915356633315
mlp_V0-fosls,149.48581941087207,0.22734102226960218,0.21744465088133016,0.23220501461817986
mlp_V0-fosls,149.68548020371446,0.22734158491639886,0.2174410589244284,0.2322008755962504
mlp_V0-fosls,149.88514099655686,0.2273409817187281,0.2174374669081893,0.2321988045737123
mlp_V0-fosls,150.08480178939928,0.22733929334207797,0.21743529564668607,0.23219774688289574
mlp_V0-fosls,150.28446258224167,0.22733797509868453,0.21743473652195278,0.23219668918726125
mlp_V0-fosls,150.48412337508407,0.22733654570109094,0.2174341773957817,0.23219100979059032
mlp_V0-fosls,150.6837841679265,0.22733419894330648,0.2174318898970964,0.23218515549960267
mlp_V0-fosls,150.88344496076888,0.2273323165742676,0.21742904637349483,0.23218148426544913
mlp_V0-fosls,151.08310575361128,0.2273317839102253,0.21742630282662045,0.2321841628069812
mlp_V0-fosls,151.28276654645367,0.22733195017932192,0.21742567202652682,0.23218684131761322
mlp_V0-fosls,151.4824273392961,0.22733098663385318,0.2174250412246031,0.23218572467995607
mlp_V0-fosls,151.6820881321385,0.2273271860725821,0.2174230676967403,0.23218148202224484
mlp_V0-fosls,151.88174892498088,0.22732385989693055,0.21741835594961206,0.232177239287006
mlp_V0-fosls,152.0814097178233,0.22732200426696592,0.2174136441003717,0.23217770873423757
mlp_V0-fosls,152.2810705106657,0.22732261990193842,0.2174145257342433,0.23217907158046194
mlp_V0-fosls,152.4807313035081,0.22732183774726372,0.21741889066317982,0.23218060045047764
mlp_V0-fosls,152.68039209635052,0.22731976287931427,0.21742325550448724,0.23218321344665002
mlp_V0-fosls,152.8800528891929,0.22731671358256655,0.21742041733139578,0.23218582641341595
mlp_V0-fosls,153.0797136820353,0.22731541350196613,0.21741681197738819,0.2321855542050156
mlp_V0-fosls,153.27937447487773,0.22731619038522302,0.21741498953741387,0.23218137711400966
mlp_V0-fosls,153.47903526772012,0.22731730761858904,0.21742088117155403,0.2321771999478538
mlp_V0-fosls,153.67869606056252,0.2273176713962712,0.21742677264604798,0.23217554598232618
mlp_V0-fosls,153.8783568534049,0.2273181398441744,0.21742577838873597,0.23217488822608298
mlp_V0-fosls,154.07801764624733,0.22731784078934916,0.21741719819354544,0.23217422811495073
mlp_V0-fosls,154.27767843908973,0.2273159927464254,0.21740861765973102,0.23217331546042197
mlp_V0-fosls,154.47733923193212,0.22731164065451986,0.2174043563730964,0.2321724028023056
mlp_V0-fosls,154.67700002477454,0.2273111850197771,0.21740142198974124,0.23217140255668925
mlp_V0-fosls,154.87666081761694,0.22731283919901285,0.21739901604158654,0.2321701996616862
mlp_V0-fosls,155.07632161045933,0.227315189651245,0.21740614160562932,0.2321689967604508
mlp_V0-fosls,155.27598240330175,0.2273157913049159,0.21741326693613686,0.23216732364219766
mlp_V0-fosls,155.47564319614415,0.22731411761025283,0.2174161102916824,0.23216532905214016
mlp_V0-fosls,155.67530398898654,0.2273112083011264,0.21741063943879288,0.2321633344449465
mlp_V0-fosls,155.87496478182896,0.22730742521976727,0.21740516844823307,0.23216297223495
mlp_V0-fosls,156.07462557467136,0.2273034948116527,0.21740246088372683,0.23216281814326845
mlp_V0-fosls,156.27428636751375,0.22730085536322525,0.21740139282280796,0.23216220027269185
mlp_V0-fosls,156.47394716035618,0.22730041666933187,0.2174003247566418,0.2321594619765409
mlp_V0-fosls,156.67360795319857,0.22730232913424409,0.21739797168267452,0.23215672364809162
mlp_V0-fosls,156.87326874604096,0.22730544849334725,0.2173954887843826,0.23215407917816624
mlp_V0-fosls,157.07292953888336,0.22730458231715092,0.21739355538670727,0.23215153962927837
mlp_V0-fosls,157.27259033172578,0.22730134514813694,0.21739387704253402,0.2321490000526096
mlp_V0-fosls,157.47225112456817,0.2272967590722208,0.21739419869788484,0.2321475322115896
mlp_V0-fosls,157.67191191741057,0.22729562563865818,0.21739524785229192,0.23214639429997141
mlp_V0-fosls,157.871572710253,0.22729542325501356,0.21739708852221468,0.2321452702535018
mlp_V0-fosls,158.07123350309539,0.22729591695188228,0.2173989291765529,0.23214437574965122
mlp_V0-fosls,158.27089429593778,0.22729703851127359,0.2173957600129119,0.23214348124235396
mlp_V0-fosls,158.4705550887802,0.22729813574231236,0.21739105323870858,0.23214273306024555
mlp_V0-fosls,158.6702158816226,0.22729677036399284,0.21738667202468492,0.2321422589534806
mlp_V0-fosls,158.869876674465,0.227293908502306,0.21738813148410477,0.23214178484574732
mlp_V0-fosls,159.0695374673074,0.22729101677799127,0.21738959093372648,0.2321404967979891
mlp_V0-fosls,159.2691982601498,0.22729039452765198,0.21739072453020267,0.23213875139175066
mlp_V0-fosls,159.4688590529922,0.2272900509717765,0.2173912269053939,0.23213700597238876
mlp_V0-fosls,159.66851984583462,0.2272898418681404,0.21739172927942418,0.23213815059060436
mlp_V0-fosls,159.86818063867702,0.22728997620345504,0.21738818882069538,0.2321395195731405
mlp_V0-fosls,160.0678414315194,0.22729030616204263,0.2173822602234575,0.23213976338763767
mlp_V0-fosls,160.2675022243618,0.22728999975982314,0.21737633146452642,0.23213602018440344
mlp_V0-fosls,160.46716301720423,0.2272886578470778,0.2173759485556078,0.2321322769208089
mlp_V0-fosls,160.66682381004662,0.22728568799644494,0.21737607490927924,0.23212974022301186
mlp_V0-fosls,160.86648460288902,0.22728298594587776,0.21737720320788445,0.23212835013136351
mlp_V0-fosls,161.06614539573144,0.2272814226190098,0.21738225871705008,0.23212696003139063
mlp_V0-fosls,161.26580618857383,0.22728105859330586,0.21738731410864592,0.23212563482228923
mlp_V0-fosls,161.46546698141623,0.22728100813226365,0.2173881588877279,0.23212432527783078
mlp_V0-fosls,161.66512777425865,0.22727915624824363,0.2173846459519014,0.23212330922110816
mlp_V0-fosls,161.86478856710104,0.22727689009198387,0.21738113295930495,0.23212502215995814
mlp_V0-fosls,162.06444935994344,0.2272751083108746,0.2173762896730378,0.2321267350861678
mlp_V0-fosls,162.26411015278586,0.22727722332064992,0.2173710692064863,0.23212688876473264
mlp_V0-fosls,162.46377094562826,0.22727801431982164,0.2173665500796834,0.23212459780237782
mlp_V0-fosls,162.66343173847065,0.227276750359043,0.21737171257457646,0.23212230681741206
mlp_V0-fosls,162.86309253131304,0.2272730603397216,0.21737687494686517,0.23212243690887074
mlp_V0-fosls,163.06275332415547,0.22727095567301267,0.21737839528856073,0.23212369623431223
mlp_V0-fosls,163.26241411699786,0.22726930825679065,0.21737330831343762,0.2321249555529216
mlp_V0-fosls,163.46207490984025,0.22726806874769434,0.21736822121926622,0.2321231125613437
mlp_V0-fosls,163.66173570268268,0.22726752209128134,0.21736706551299043,0.23212118623694117
mlp_V0-fosls,163.86139649552507,0.22726850709309,0.21736808909764718,0.23211919211159893
mlp_V0-fosls,164.06105728836746,0.22726828664787677,0.2173691126774839,0.23211701107976637
mlp_V0-fosls,164.2607180812099,0.22726702802025012,0.21736665991319826,0.2321148300274401
mlp_V0-fosls,164.46037887405228,0.2272661646921341,0.21736394927030364,0.23211156044983888
mlp_V0-fosls,164.66003966689468,0.22726576422073255,0.21736238470293245,0.23210742942232232
mlp_V0-fosls,164.8597004597371,0.22726510064997313,0.217364918320638,0.23210329832128077
mlp_V0-fosls,165.0593612525795,0.22726428254236627,0.2173674519088119,0.23210503608296842
mlp_V0-fosls,165.2590220454219,0.2272648469163033,0.21736866991539222,0.2321078072265148
mlp_V0-fosls,165.4586828382643,0.22726452055938706,0.21736860356478777,0.2321104227661465
mlp_V0-fosls,165.6583436311067,0.22726441813072729,0.21736853721416305,0.23211210298359206
mlp_V0-fosls,165.8580044239491,0.22726495821429277,0.21737000608458296,0.2321137831888749
mlp_V0-fosls,166.0576652167915,0.22726565643773192,0.2173718735190686,0.2321135705262249
mlp_V0-fosls,166.2573260096339,0.22726503386488422,0.21737334319022658,0.232110895234831
mlp_V0-fosls,166.4569868024763,0.22726429992619201,0.21737036039737295,0.23210821991260155
mlp_V0-fosls,166.6566475953187,0.22726425157731867,0.21736737756358837,0.2321107978740868
mlp_V0-fosls,166.85630838816112,0.22726452991923218,0.21736555128521734,0.23211535871219618
mlp_V0-fosls,167.05596918100352,0.22726335067229866,0.21736569354071303,0.23211976819694763
mlp_V0-fosls,167.2556299738459,0.22726169391020154,0.21736583579611565,0.2321159811914593
mlp_V0-fosls,167.45529076668834,0.22726036007899042,0.21736578215569877,0.23211219412418443
mlp_V0-fosls,167.65495155953073,0.22726133237721963,0.21736562732278533,0.23210931297311183
mlp_V0-fosls,167.85461235237312,0.22726126540476266,0.21736547248976157,0.23210844765332547
mlp_V0-fosls,168.05427314521555,0.22726021618769487,0.21736502136373095,0.23210758233031314
mlp_V0-fosls,168.25393393805794,0.2272588312085615,0.21736455381845082,0.23210782877333072
mlp_V0-fosls,168.45359473090033,0.2272598531974534,0.2173641508386332,0.23210880993770125
mlp_V0-fosls,168.65325552374273,0.22726115600018099,0.21736395811365686,0.23210979109792423
mlp_V0-fosls,168.85291631658515,0.22726213763848385,0.21736376538850966,0.23210956279887343
mlp_V0-fosls,169.05257710942755,0.2272617442012836,0.2173612439742999,0.23210919240254596
mlp_V0-fosls,169.25223790226994,0.22725993753896653,0.21735659572697733,0.23210804142893116
mlp_V0-fosls,169.45189869511236,0.22725787154907706,0.21735194738024827,0.23210348925562146
mlp_V0-fosls,169.65155948795476,0.22725595415071115,0.2173498095854735,0.23209893699302966
mlp_V0-fosls,169.85122028079715,0.2272552132254071,0.21734825783741027,0.23209672500502235
mlp_V0-fosls,170.05088107363957,0.22725530592718646,0.21734721127563814,0.23209705995805105
mlp_V0-fosls,170.25054186648197,0.2272557316924445,0.21735075723712502,0.23209739491059636
mlp_V0-fosls,170.45020265932436,0.22725615306450586,0.21735430314076234,0.2320962802953906
mlp_V0-fosls,170.64986345216678,0.22725678349546966,0.21735643224850162,0.23209473621082446
mlp_V0-fosls,170.84952424500918,0.22725682380646045,0.21735632165865384,0.2320932913917923
mlp_V0-fosls,171.04918503785157,0.22725617513094262,0.2173562110687498,0.2320933091744704
mlp_V0-fosls,171.248845830694,0.22725427810095522,0.21735631171117273,0.23209332695714716
mlp_V0-fosls,171.4485066235364,0.2272529648032765,0.21735651390221875,0.2320941523394396
mlp_V0-fosls,171.64816741637878,0.22725277472214353,0.21735671609307664,0.23209644036474228
mlp_V0-fosls,171.84782820922118,0.2272541650345748,0.2173587011498072,0.23209872836748965
mlp_V0-fosls,172.0474890020636,0.22725687672897255,0.21736075507519662,0.23209934573604127
mlp_V0-fosls,172.247149794906,0.22725867669674218,0.2173620258616392,0.23209905523908328
mlp_V0-fosls,172.4468105877484,0.2272583708337931,0.21736095802752284,0.2320987647417617
mlp_V0-fosls,172.6464713805908,0.22725690613806326,0.2173598901881605,0.23209682936953302
mlp_V0-fosls,172.8461321734332,0.22725471505414857,0.21735936156544813,0.23209479006474587
mlp_V0-fosls,173.0457929662756,0.22725326265280088,0.21735929521083364,0.23209347342047765
mlp_V0-fosls,173.24545375911802,0.22725285244813748,0.21735922885619888,0.23209453471809424
mlp_V0-fosls,173.44511455196042,0.2272537762001987,0.2173608804187294,0.23209559601085786
mlp_V0-fosls,173.6447753448028,0.22725493226488752,0.21736289295762,0.23209652623102814
mlp_V0-fosls,173.84443613764523,0.22725430798319818,0.21736456539020832,0.23209733830254892
mlp_V0-fosls,174.04409693048763,0.22725367583989942,0.2173635954222493,0.23209815037122838
mlp_V0-fosls,174.24375772333002,0.22725365712908085,0.21736262544996188,0.23210067226251482
mlp_V0-fosls,174.44341851617241,0.22725667270124353,0.21736225216093522,0.23210357423001654
mlp_V0-fosls,174.64307930901484,0.22725737781605287,0.21736276715032726,0.23210617008116477
mlp_V0-fosls,174.84274010185723,0.22725664886961444,0.21736328213849915,0.23210630939125623
mlp_V0-fosls,175.04240089469963,0.22725399528982443,0.2173626969781912,0.23210644870126404
mlp_V0-fosls,175.24206168754205,0.22725278371168167,0.2173616164727106,0.23210629271729655
mlp_V0-fosls,175.44172248038444,0.227251987914499,0.21736053596185878,0.2321056999328742
mlp_V0-fosls,175.64138327322684,0.2272521202368244,0.21736020871399594,0.2321051071469379
mlp_V0-fosls,175.84104406606926,0.2272531348102198,0.21735989904939054,0.23210250757072
mlp_V0-fosls,176.04070485891165,0.22725535924570173,0.21735940670784465,0.23209903060323325
mlp_V0-fosls,176.24036565175405,0.22725695118948,0.21735840826387748,0.23209555358365888
mlp_V0-fosls,176.44002644459647,0.22725791887084973,0.2173574098153239,0.2320968757820895
mlp_V0-fosls,176.63968723743886,0.22725742252455278,0.21735631005185047,0.2320982542389288
mlp_V0-fosls,176.83934803028126,0.2272550914579613,0.217355128409365,0.23209908583410638
mlp_V0-fosls,177.03900882312368,0.22725281246929896,0.2173539467604555,0.23209851969095793
mlp_V0-fosls,177.23866961596607,0.22725126450356214,0.21735556767845432,0.2320979535464285
mlp_V0-fosls,177.43833040880847,0.22725121695992645,0.21735771957566213,0.23209766630020967
mlp_V0-fosls,177.63799120165086,0.2272513409647634,0.21735908053859573,0.23209758625882432
mlp_V0-fosls,177.83765199449329,0.22725052885848843,0.2173550895726132,0.23209750621741135
mlp_V0-fosls,178.03731278733568,0.2272491189305341,0.21735109853334922,0.23209637037094422
mlp_V0-fosls,178.23697358017807,0.22724860636659894,0.2173499986453085,0.23209507201652402
mlp_V0-fosls,178.4366343730205,0.22724952597580095,0.2173529441216766,0.2320941744560561
mlp_V0-fosls,178.6362951658629,0.22725056766051036,0.2173558895581294,0.23209539256655695
mlp_V0-fosls,178.83595595870528,0.22725125633670734,0.21735650159975342,0.23209661067066484
mlp_V0-fosls,179.0356167515477,0.22725079336556248,0.2173561381610073,0.23209644922027184
mlp_V0-fosls,179.2352775443901,0.227250439208371,0.21735577472165352,0.23209461149029806
mlp_V0-fosls,179.4349383372325,0.22725062922873066,0.21735290322227327,0.23209277374577295
mlp_V0-fosls,179.63459913007492,0.22725132558722375,0.21735001552406225,0.23209328896465972
mlp_V0-fosls,179.8342599229173,0.22725202595217753,0.21734834115993,0.2320946141433003
mlp_V0-fosls,180.0339207157597,0.22725175639833217,0.21734976920579194,0.23209602636946527
mlp_V0-fosls,180.2335815086021,0.22725123209106246,0.2173511972422713,0.23209971390877732
mlp_V0-fosls,180.43324230144452,0.22725079334089365,0.21735099744010183,0.23210340138950364
mlp_V0-fosls,180.63290309428692,0.22725067772135182,0.21734956285365387,0.23210380535716815
mlp_V0-fosls,180.8325638871293,0.22724952214338645,0.21734812825773703,0.23209752801634537
mlp_V0-fosls,181.03222467997173,0.22724720176450497,0.21735186013452923,0.23209125050574023
mlp_V0-fosls,181.23188547281413,0.22724463508447207,0.21735645685712415,0.23208946952412607
mlp_V0-fosls,181.43154626565652,0.22724326915546939,0.21736004355826619,0.23209042367553082
mlp_V0-fosls,181.63120705849894,0.22724372824948552,0.21735762921427115,0.23209137782301292
mlp_V0-fosls,181.83086785134134,0.22724494422167962,0.21735521484345802,0.23209264602677215
mlp_V0-fosls,182.03052864418373,0.2272461615316847,0.217353669365817,0.23209394400260705
mlp_V0-fosls,182.23018943702616,0.22724568107587345,0.21735326487567894,0.2320948934832915
mlp_V0-fosls,182.42985022986855,0.22724525597119938,0.21735286038478813,0.23209449339360833
mlp_V0-fosls,182.62951102271094,0.22724504367233478,0.21735216900260973,0.23209409330323547
mlp_V0-fosls,182.82917181555337,0.22724485743247455,0.2173513663075863,0.23209455840395632
mlp_V0-fosls,183.02883260839576,0.22724434875923774,0.21735056908990222,0.23209589817840492
mlp_V0-fosls,183.22849340123815,0.22724384315636356,0.21735039527336233,0.23209723794511972
mlp_V0-fosls,183.42815419408055,0.22724347329994804,0.21735022145668345,0.23209663698838737
mlp_V0-fosls,183.62781498692297,0.22724344751670952,0.21734961972171613,0.23209551939216116
mlp_V0-fosls,183.82747577976536,0.22724297519788983,0.2173480051809887,0.23209458658664206
mlp_V0-fosls,184.02713657260776,0.22724251847719085,0.21734639062826783,0.2320957070425878
mlp_V0-fosls,184.22679736545018,0.22724253165791,0.21734669169178436,0.2320968274931245
mlp_V0-fosls,184.42645815829258,0.22724350488419803,0.21734835351960954,0.23209655913366561
mlp_V0-fosls,184.62611895113497,0.22724325126827,0.21735001533472859,0.23209397722068495
mlp_V0-fosls,184.8257797439774,0.22724159089264442,0.21734901554849298,0.23209139527898165
mlp_V0-fosls,185.0254405368198,0.22723950512526436,0.21734762555139533,0.2320905553426536
mlp_V0-fosls,185.22510132966218,0.2272391613913503,0.2173467773777503,0.2320905820203023
mlp_V0-fosls,185.4247621225046,0.22723896821356926,0.21734878714776978,0.23209060869794793
mlp_V0-fosls,185.624422915347,0.22723867624931196,0.21735079689920558,0.2320913241521054
mlp_V0-fosls,185.8240837081894,0.22723827724038648,0.21735145803220113,0.2320920680816953
mlp_V0-fosls,186.02374450103179,0.22723871533383733,0.21735045343434337,0.23209224616501775
mlp_V0-fosls,186.2234052938742,0.2272392920503526,0.2173494488318423,0.2320907493159345
mlp_V0-fosls,186.4230660867166,0.2272399328471394,0.21734928441590626,0.23208925245719744
mlp_V0-fosls,186.622726879559,0.22724027451105544,0.2173494234125078,0.2320884485146446
mlp_V0-fosls,186.82238767240142,0.2272393977077628,0.21734954997081787,0.2320882232454838
mlp_V0-fosls,187.0220484652438,0.22723750677137172,0.21734912026850686,0.23208799797610438
mlp_V0-fosls,187.2217092580862,0.2272353227662282,0.2173486905653463,0.23208807053139932
mlp_V0-fosls,187.42137005092863,0.2272347868644914,0.21734844082732846,0.23208820095941543
mlp_V0-fosls,187.62103084377102,0.22723547146794135,0.21734859252447106,0.23208847225290236
mlp_V0-fosls,187.82069163661342,0.22723607714663646,0.21734874422150782,0.23208968745200062
mlp_V0-fosls,188.02035242945584,0.227235971471533,0.21734912635809844,0.2320909026447363
mlp_V0-fosls,188.22001322229823,0.22723512375322974,0.21734966349127835,0.2320919677820262
mlp_V0-fosls,188.41967401514063,0.2272348852867966,0.21735020062313087,0.23209282747065443
mlp_V0-fosls,188.61933480798305,0.2272356805334343,0.2173517065869755,0.23209368715609832
mlp_V0-fosls,188.81899560082545,0.2272370312769582,0.21735333774080495,0.2320931780792535
mlp_V0-fosls,189.01865639366784,0.22723724915630988,0.2173544567598282,0.2320921230098145
mlp_V0-fosls,189.21831718651023,0.22723743747893305,0.21735315507174074,0.23209107318542815
mlp_V0-fosls,189.41797797935266,0.22723771061198333,0.21735185337585763,0.23209077681266024
mlp_V0-fosls,189.61763877219505,0.2272381627740298,0.21735110369477356,0.23209048043951386
mlp_V0-fosls,189.81729956503744,0.227237885095948,0.21735099627080007,0.23209036398057925
mlp_V0-fosls,190.01696035787987,0.2272375772392994,0.2173508888467735,0.23209066930161562
mlp_V0-fosls,190.21662115072226,0.22723704860046817,0.21735166742116216,0.23209097462225034
mlp_V0-fosls,190.41628194356466,0.22723623164329515,0.21735274152987824,0.23209061533130315
mlp_V0-fosls,190.61594273640708,0.22723528791287817,0.21735377003402537,0.23208979725118553
mlp_V0-fosls,190.81560352924947,0.22723485598358906,0.21735361836347206,0.2320889791681843
mlp_V0-fosls,191.01526432209187,0.2272347153302673,0.21735346669281289,0.2320888030317739
mlp_V0-fosls,191.2149251149343,0.22723641715133802,0.2173532369134726,0.2320887111368385
mlp_V0-fosls,191.41458590777668,0.22723808777269175,0.21735284499454333,0.2320884611385352
mlp_V0-fosls,191.61424670061908,0.22723937382839432,0.2173524530749074,0.23208747415284928
mlp_V0-fosls,191.8139074934615,0.22723943001984184,0.21735007152013963,0.23208648716296607
mlp_V0-fosls,192.0135682863039,0.22723852457085109,0.2173464377323211,0.23208599630614835
mlp_V0-fosls,192.2132290791463,0.22723714312061238,0.21734280388374871,0.2320860674663897
mlp_V0-fosls,192.41288987198868,0.22723684662739102,0.21734388795208234,0.2320861386266092
mlp_V0-fosls,192.6125506648311,0.2272376247699265,0.21734548692662875,0.23208671343216472
mlp_V0-fosls,192.8122114576735,0.2272390829428878,0.21734707504839282,0.23208744547502375
mlp_V0-fosls,193.0118722505159,0.22723726756542054,0.21734861682063672,0.23208811157095766
mlp_V0-fosls,193.21153304335832,0.2272349845554545,0.2173501585819441,0.23208762543497083
mlp_V0-fosls,193.4111938362007,0.2272336782802453,0.21734965330744063,0.2320871392979657
mlp_V0-fosls,193.6108546290431,0.22723579480148964,0.21734690418474792,0.23208667677198383
mlp_V0-fosls,193.81051542188553,0.22723764947390113,0.2173441550272824,0.23208625874544705
mlp_V0-fosls,194.01017621472792,0.2272382137618675,0.21734465973084396,0.23208584071815733
mlp_V0-fosls,194.20983700757031,0.22723756758236258,0.21734616393064335,0.23208592518390095
mlp_V0-fosls,194.40949780041274,0.2272367697479069,0.21734769293617254,0.2320862927710793
mlp_V0-fosls,194.60915859325513,0.2272364700516294,0.2173496647813417,0.23208666035767544
mlp_V0-fosls,194.80881938609753,0.22723634892026895,0.21735163660862203,0.2320849747003967
mlp_V0-fosls,195.00848017893992,0.22723601606925609,0.21735170148996671,0.23208313988507218
mlp_V0-fosls,195.20814097178234,0.22723511243895986,0.2173480826170918,0.23208174130474774
mlp_V0-fosls,195.40780176462474,0.22723447163984134,0.21734446368396118,0.2320818480356169
mlp_V0-fosls,195.60746255746713,0.22723444890321012,0.21734419205176206,0.23208195476643698
mlp_V0-fosls,195.80712335030955,0.22723462958010932,0.2173458893850213,0.23208270590239108
mlp_V0-fosls,196.00678414315195,0.2272348007021986,0.21734758670502557,0.23208405759747464
mlp_V0-fosls,196.20644493599434,0.22723476849848812,0.21734686925873628,0.23208540928468574
mlp_V0-fosls,196.40610572883676,0.22723461735157674,0.21734593689340267,0.23208502634705477
mlp_V0-fosls,196.60576652167916,0.22723365027042697,0.21734528287098764,0.2320842367419194
mlp_V0-fosls,196.80542731452155,0.22723322433072163,0.21734569680734445,0.2320836477735546
mlp_V0-fosls,197.00508810736397,0.22723288444985396,0.2173461107429129,0.23208518915838763
mlp_V0-fosls,197.20474890020637,0.22723274663396675,0.21734692001641379,0.23208673053298368
mlp_V0-fosls,197.40440969304876,0.22723290570818439,0.21734813329400773,0.23208767947818806
mlp_V0-fosls,197.60407048589119,0.22723329285937427,0.21734934656482896,0.23208765576639223
mlp_V0-fosls,197.80373127873358,0.22723345141393342,0.21734873088360418,0.23208763205459396
mlp_V0-fosls,198.00339207157597,0.2272331634570588,0.21734760600023337,0.23208682690674062
mlp_V0-fosls,198.20305286441837,0.22723270454678043,0.2173465858170508,0.23208563826856823
mlp_V0-fosls,198.4027136572608,0.2272331170283038,0.21734695558327172,0.23208444962430813
mlp_V0-fosls,198.60237445010318,0.22723379247582076,0.21734732534886358,0.2320840805758874
mlp_V0-fosls,198.80203524294558,0.22723478501194505,0.21734733263102465,0.23208374278547864
mlp_V0-fosls,199.001696035788,0.22723502891525843,0.21734669097857862,0.23208349253107496
mlp_V0-fosls,199.2013568286304,0.22723518638719725,0.2173460493242383,0.23208349845658785
mlp_V0-fosls,199.4010176214728,0.2272349750486765,0.21734573289422765,0.2320835043821006
mlp_V0-fosls,199.6006784143152,0.22723441340349712,0.21734559381065804,0.232084315774424
mlp_V0-fosls,199.8003392071576,0.22723389455815335,0.2173454547269994,0.23208579745946256
mlp_V0-fosls,200.0,0.2272341465036978,0.2173440552532666,0.2320872791350418
