plot-name,time,median,low,high
kan_V0-fosls,1.3051791191101074,0.07385096152562148,0.0722228613184173,0.07463831015916836
kan_V0-fosls,1.5040728337055929,0.06967726497765557,0.06809467916168822,0.0703606019943698
kan_V0-fosls,1.7029665483010783,0.06515131942352535,0.06368994014121346,0.06578015365297735
kan_V0-fosls,1.9018602628965635,0.06023832685128108,0.058957031983042106,0.060855919319393284
kan_V0-fosls,2.100753977492049,0.05487796525372955,0.05380943007789197,0.05549646130887715
kan_V0-fosls,2.299647692087534,0.048933848276610806,0.0481142173412978,0.04956078610561876
kan_V0-fosls,2.4985414066830196,0.04218478685163862,0.04160636277540709,0.04280987994617701
kan_V0-fosls,2.697435121278505,0.03710366834651867,0.0365364669313472,0.03768125052796435
kan_V0-fosls,2.8963288358739905,0.03555474096696335,0.03503571443519494,0.03606631030678923
kan_V0-fosls,3.095222550469476,0.03394812279993374,0.03346773305952505,0.03437558489596952
kan_V0-fosls,3.2941162650649614,0.03226359760583554,0.031822586731796734,0.03259728416194216
kan_V0-fosls,3.493009979660447,0.03048341330986533,0.030055721731192094,0.03071620146647046
kan_V0-fosls,3.691903694255932,0.028533152579914307,0.02812699706108895,0.028765261060956154
kan_V0-fosls,3.8907974088514172,0.026484436832898667,0.02605589220437788,0.02671901750220737
kan_V0-fosls,4.089691123446903,0.025487581955693523,0.025074732641604244,0.025677631620093688
kan_V0-fosls,4.288584838042388,0.024656423240982737,0.024284468451882375,0.024865699271629627
kan_V0-fosls,4.4874785526378735,0.023788593568729678,0.023467607439468716,0.024026344601645273
kan_V0-fosls,4.686372267233359,0.022907641590464094,0.022621268529318696,0.023156585878900533
kan_V0-fosls,4.885265981828844,0.02198045793375314,0.02174200958554847,0.02225285833812777
kan_V0-fosls,5.084159696424329,0.021012391357129664,0.020766505106631337,0.021310840876574286
kan_V0-fosls,5.283053411019815,0.020420192422179368,0.019913151627889786,0.02102549726968716
kan_V0-fosls,5.4819471256153,0.020030053696019862,0.01961734601602792,0.024094392687607585
kan_V0-fosls,5.680840840210786,0.019767902996627867,0.019150953607860854,0.026814324204269147
kan_V0-fosls,5.879734554806271,0.019497875693143048,0.018589981293280645,0.02928269465193854
kan_V0-fosls,6.078628269401756,0.01916971936287929,0.01801154587698152,0.031558587256493055
kan_V0-fosls,6.277521983997242,0.01890270505379122,0.0174139072373978,0.0336810429347534
kan_V0-fosls,6.476415698592727,0.018631693860199312,0.016795015500641285,0.035677456141374735
kan_V0-fosls,6.675309413188213,0.018583652243298547,0.016575837425665412,0.03474493904127771
kan_V0-fosls,6.874203127783698,0.01879651335272456,0.016600706307944652,0.03257972622847078
kan_V0-fosls,7.073096842379184,0.018719004468256757,0.016625537990789245,0.030259979069095687
kan_V0-fosls,7.271990556974669,0.01875468909849958,0.016650332640632728,0.027746965697209337
kan_V0-fosls,7.470884271570155,0.018658795848781662,0.0164071130627114,0.024982431377712493
kan_V0-fosls,7.66977798616564,0.018738225152520466,0.016055436276566377,0.02188819345748697
kan_V0-fosls,7.868671700761125,0.018038416226122796,0.015713238610991276,0.02250485132187608
kan_V0-fosls,8.067565415356611,0.01830813239902692,0.015621465724240731,0.022208918485441206
kan_V0-fosls,8.266459129952096,0.018751324647676013,0.015529150495159384,0.02367942401543111
kan_V0-fosls,8.465352844547581,0.018288159452939483,0.01543628319346953,0.025633792571581448
kan_V0-fosls,8.664246559143066,0.018012971611490597,0.01534285379441096,0.027449362861515617
kan_V0-fosls,8.863140273738551,0.01803506231329241,0.015248851966110491,0.02915207919520392
kan_V0-fosls,9.062033988334036,0.01806186860026756,0.014819502835607252,0.03076068791987152
kan_V0-fosls,9.260927702929523,0.01804522035202759,0.014546239327156046,0.03095074597124399
kan_V0-fosls,9.459821417525008,0.018153866988892785,0.014849533827561419,0.030118457864089416
kan_V0-fosls,9.658715132120493,0.018774756820393382,0.014881778728723535,0.029262507275443484
kan_V0-fosls,9.857608846715978,0.019370628803746633,0.014790900449983017,0.02838075333707399
kan_V0-fosls,10.056502561311465,0.019299691442701605,0.014699460334037006,0.027470711456281747
kan_V0-fosls,10.25539627590695,0.0190793917097959,0.01423266492223573,0.026529470704270423
kan_V0-fosls,10.454289990502435,0.018670650113324805,0.013546783838071792,0.02555327524661641
kan_V0-fosls,10.65318370509792,0.018339678549126326,0.013404704013823661,0.024308696379205758
kan_V0-fosls,10.852077419693405,0.01900908046630846,0.01334734474131333,0.02399181546511856
kan_V0-fosls,11.050971134288892,0.018871266332900948,0.013289737905192453,0.025262664287993404
kan_V0-fosls,11.249864848884377,0.01827111360185025,0.013231880272053312,0.026472574573384654
kan_V0-fosls,11.448758563479862,0.017815538133925522,0.013173768537483801,0.027629553057531828
kan_V0-fosls,11.647652278075347,0.017002763421005346,0.01285349176062334,0.028739993037134176
kan_V0-fosls,11.846545992670833,0.016471361008138993,0.012284678319289644,0.02888633163683471
kan_V0-fosls,12.045439707266318,0.01755594347041795,0.01277711456619697,0.027543229161416168
kan_V0-fosls,12.244333421861803,0.01868233002480921,0.012541569308831232,0.026131184241120303
kan_V0-fosls,12.443227136457288,0.01943712495806279,0.012301514736759544,0.024638346272598373
kan_V0-fosls,12.642120851052773,0.01965059395593411,0.012056681504842322,0.023346232627616464
kan_V0-fosls,12.84101456564826,0.01836803074780826,0.01180677233623574,0.0246256355307065
kan_V0-fosls,13.039908280243745,0.01854246582373153,0.011551457790694483,0.025841773791278427
kan_V0-fosls,13.23880199483923,0.017970619727879403,0.011359509052676029,0.02522430811024878
kan_V0-fosls,13.437695709434715,0.01736547071088053,0.01119416993380494,0.02388893364748177
kan_V0-fosls,13.636589424030202,0.017164155813508553,0.011026351848910697,0.022474353872510122
kan_V0-fosls,13.835483138625687,0.01675490546828929,0.010855939834258949,0.021033794530463498
kan_V0-fosls,14.034376853221172,0.016303288999245324,0.010682809755589776,0.020313607901933803
kan_V0-fosls,14.233270567816657,0.015740170222866515,0.010506827250088295,0.019566931789048034
kan_V0-fosls,14.432164282412142,0.014952280097799257,0.010335046378648308,0.019032503332345976
kan_V0-fosls,14.631057997007629,0.01517970601351527,0.010224447458114178,0.01962818474412735
kan_V0-fosls,14.829951711603114,0.015657527193615763,0.01011263902246409,0.020206313112575147
kan_V0-fosls,15.028845426198599,0.016119734030346538,0.009999580499880456,0.020768354360836083
kan_V0-fosls,15.227739140794084,0.016567864519189186,0.009885228998284028,0.021315581064355056
kan_V0-fosls,15.42663285538957,0.0170032096286772,0.009769539115200954,0.021849106374516206
kan_V0-fosls,15.625526569985055,0.01724842995432691,0.009496245768725613,0.02236991065290064
kan_V0-fosls,15.82442028458054,0.016864055019451415,0.010323813377375937,0.02167485202003945
kan_V0-fosls,16.023313999176025,0.016016974744256476,0.010353753612789804,0.021049441661233185
kan_V0-fosls,16.22220771377151,0.015130529639969742,0.010279087458174043,0.021933614144668896
kan_V0-fosls,16.421101428366995,0.01485913902750978,0.01020387495372341,0.02278349983309807
kan_V0-fosls,16.61999514296248,0.015617820107084728,0.010128103927668641,0.023602802796327812
kan_V0-fosls,16.818888857557965,0.014848956079133752,0.010051761749469092,0.02439460462971065
kan_V0-fosls,17.01778257215345,0.013740032010046345,0.010061221227023772,0.02516150174845413
kan_V0-fosls,17.21667628674894,0.013852025995889021,0.010760293796415098,0.02368020551529183
kan_V0-fosls,17.415570001344424,0.01394160735126609,0.011416640162115318,0.02208019990450159
kan_V0-fosls,17.61446371593991,0.014623371631142239,0.012037251455265015,0.02035481079251405
kan_V0-fosls,17.813357430535394,0.014629054532032167,0.012372369743716046,0.01846893112703983
kan_V0-fosls,18.01225114513088,0.01484753047193749,0.011863447952727667,0.01642880522653914
kan_V0-fosls,18.211144859726364,0.014216011084999114,0.011331692794059333,0.016850205704192215
kan_V0-fosls,18.41003857432185,0.014913231223852134,0.011127111315675037,0.017171236783340697
kan_V0-fosls,18.608932288917337,0.014888731945831908,0.011237182490412263,0.020426156153732868
kan_V0-fosls,18.807826003512822,0.01425829017001359,0.011027114427890438,0.02369047551853782
kan_V0-fosls,19.006719718108307,0.013467015019559665,0.01074323773021436,0.02655653225427222
kan_V0-fosls,19.205613432703792,0.01325709425778469,0.01045165351750685,0.02914206891162605
kan_V0-fosls,19.404507147299277,0.013139349795722111,0.010151697669460278,0.031516201476823345
kan_V0-fosls,19.603400861894762,0.013063421827732,0.0089736052121703,0.03372360791204706
kan_V0-fosls,19.802294576490247,0.013964038607643375,0.010735510947651546,0.03177118353579954
kan_V0-fosls,20.001188291085732,0.014748680065646825,0.011907806210955591,0.029357618792364416
kan_V0-fosls,20.200082005681217,0.01458987916643048,0.011911687086693977,0.02672697998371901
kan_V0-fosls,20.398975720276702,0.014814614796656918,0.011733559036421011,0.023807417687402493
kan_V0-fosls,20.59786943487219,0.014965684597755474,0.011552684799259532,0.020848000889752177
kan_V0-fosls,20.796763149467676,0.015341445529987188,0.0113689333044445,0.02223608897944885
kan_V0-fosls,20.99565686406316,0.01510204335133636,0.010302105885878349,0.02275107377107823
kan_V0-fosls,21.194550578658646,0.014846278192498404,0.01033219010937589,0.02189229990148821
kan_V0-fosls,21.39344429325413,0.01418771133608095,0.010362186990627057,0.02099843404200317
kan_V0-fosls,21.592338007849616,0.013600434878340352,0.010392097285974388,0.020064786803153795
kan_V0-fosls,21.7912317224451,0.013557770331946148,0.010421921740907092,0.020199050542785747
kan_V0-fosls,21.990125437040586,0.013686911533934865,0.010451661090277828,0.021303791490417973
kan_V0-fosls,22.18901915163607,0.014000167119411508,0.00992174163979998,0.02235400234643446
kan_V0-fosls,22.38791286623156,0.014026326602365469,0.010366102492482139,0.021827262852943615
kan_V0-fosls,22.586806580827044,0.014294733832399334,0.011472810206624483,0.020828248902817408
kan_V0-fosls,22.78570029542253,0.015079505017372284,0.012481773399233356,0.019778839729972457
kan_V0-fosls,22.984594010018014,0.015241753351092208,0.012121464244964289,0.01867053962182559
kan_V0-fosls,23.1834877246135,0.015348634991246578,0.011401641074305965,0.017866411915069855
kan_V0-fosls,23.382381439208984,0.015593368018920046,0.010633200032570353,0.019047735602565855
kan_V0-fosls,23.58127515380447,0.015521526311884245,0.010130516440254592,0.019781992570255938
kan_V0-fosls,23.780168868399954,0.0155448181734643,0.010625811218816644,0.018888180612911375
kan_V0-fosls,23.97906258299544,0.015301397771453326,0.0110990253972856,0.0179499165369163
kan_V0-fosls,24.177956297590928,0.015118993479559858,0.011552872607332431,0.016959824306240934
kan_V0-fosls,24.376850012186413,0.014913967869422656,0.011989552376669996,0.016558043627073592
kan_V0-fosls,24.575743726781898,0.014677668504120297,0.012166573219756324,0.01687366483826909
kan_V0-fosls,24.774637441377383,0.014024592106296453,0.010357575248292353,0.01739858710822064
kan_V0-fosls,24.973531155972868,0.013768353066115175,0.009241155006017604,0.017247931126814546
kan_V0-fosls,25.172424870568353,0.01397886959523728,0.009250538340181497,0.016870279352679426
kan_V0-fosls,25.371318585163838,0.014321107203941344,0.009259912165949062,0.016607453442284786
kan_V0-fosls,25.570212299759323,0.014368395697218445,0.00926927651216723,0.016340400675560925
kan_V0-fosls,25.769106014354808,0.014379081791500393,0.00927863140753736,0.016182491155454146
kan_V0-fosls,25.967999728950296,0.01407803656904907,0.008625438147804705,0.016788344162321084
kan_V0-fosls,26.16689344354578,0.013922246544616558,0.007621939338204976,0.0172829899849952
kan_V0-fosls,26.365787158141266,0.013707046386753574,0.008271432196975003,0.01731163123692045
kan_V0-fosls,26.56468087273675,0.013409750797674196,0.008000846920657629,0.01881907787087866
kan_V0-fosls,26.763574587332236,0.012841353664614752,0.007720784435951999,0.020214420786588718
kan_V0-fosls,26.96246830192772,0.012041841310854619,0.007430173158485648,0.02151947777164551
kan_V0-fosls,27.161362016523206,0.011517831988228144,0.007127722919959962,0.022749792073586524
kan_V0-fosls,27.36025573111869,0.01151966541221422,0.00681185693349211,0.023916901037101264
kan_V0-fosls,27.559149445714176,0.011200773964289198,0.006823948385524629,0.023662590122347126
kan_V0-fosls,27.758043160309665,0.011429183050068903,0.007305173854309683,0.021958166860605997
kan_V0-fosls,27.95693687490515,0.011450031751478419,0.007756600964022531,0.020109798916404718
kan_V0-fosls,28.155830589500635,0.0115123931872259,0.008183162713062762,0.018073376359669196
kan_V0-fosls,28.35472430409612,0.011978158365078321,0.008588564808036684,0.016330036897268994
kan_V0-fosls,28.553618018691605,0.012118448373129724,0.008559137288199915,0.016647364421787963
kan_V0-fosls,28.75251173328709,0.01082739421717476,0.007336262664140609,0.016958755240802804
kan_V0-fosls,28.951405447882575,0.010991034246677873,0.007858094490514271,0.016567075765363315
kan_V0-fosls,29.15029916247806,0.011401926254142516,0.008470422049703785,0.01594624320519484
kan_V0-fosls,29.349192877073545,0.011944452914226304,0.009041374363356787,0.015300240040703829
kan_V0-fosls,29.548086591669033,0.011888354003289152,0.009231254048166684,0.015415232237893638
kan_V0-fosls,29.74698030626452,0.011814456209659305,0.009161457441509122,0.015545689087638764
kan_V0-fosls,29.945874020860003,0.011950405591702653,0.009091124991076296,0.015675060238189407
kan_V0-fosls,30.14476773545549,0.011971896224452362,0.009326479316304846,0.015892252442949575
kan_V0-fosls,30.343661450050973,0.012006435740475135,0.00988525000700191,0.016324153980682377
kan_V0-fosls,30.54255516464646,0.012209071565006197,0.009573446011388872,0.016744919189402494
kan_V0-fosls,30.741448879241943,0.012400370712615905,0.009251138814493258,0.017155367502161283
kan_V0-fosls,30.94034259383743,0.012514260896923767,0.008917189590732608,0.017556222532447093
kan_V0-fosls,31.139236308432913,0.012114044003842389,0.00857023751299322,0.017948127063384483
kan_V0-fosls,31.338130023028402,0.012128755520383516,0.008208633982652798,0.01833165515053091
kan_V0-fosls,31.537023737623887,0.012393376149405558,0.008220342051349173,0.017766555783370108
kan_V0-fosls,31.735917452219372,0.01256354339152684,0.00866285828785962,0.01674392898731911
kan_V0-fosls,31.934811166814857,0.012440604870431533,0.009083843018783224,0.01565464185030014
kan_V0-fosls,32.13370488141034,0.011875372744015136,0.009223006247128483,0.014791225861473377
kan_V0-fosls,32.33259859600582,0.010705690232501796,0.008389480611908693,0.015323516355766675
kan_V0-fosls,32.53149231060131,0.009866250581506274,0.00746343926354417,0.015837927406254226
kan_V0-fosls,32.73038602519679,0.0095118331239732,0.006449509547440924,0.015922808864600707
kan_V0-fosls,32.92927973979228,0.009677303367848186,0.007177725728897347,0.015026674377892388
kan_V0-fosls,33.12817345438777,0.009764345551916614,0.007250009167842677,0.014073593840231689
kan_V0-fosls,33.327067168983255,0.009816232461152753,0.007185926407653994,0.01305109743662992
kan_V0-fosls,33.52596088357874,0.009862590713767943,0.0071212670037455565,0.013149401297233831
kan_V0-fosls,33.724854598174225,0.009796701288344627,0.007056015103516388,0.01346900264013802
kan_V0-fosls,33.92374831276971,0.009470946020819508,0.00699015411442892,0.013781194061633235
kan_V0-fosls,34.122642027365195,0.009170704577634001,0.007071702556207726,0.013723994025080103
kan_V0-fosls,34.32153574196068,0.009163003522192664,0.00740652706802408,0.013467265284434985
kan_V0-fosls,34.520429456556165,0.009240517602980697,0.007726856370819368,0.013205546428764734
kan_V0-fosls,34.71932317115165,0.009390979854255965,0.00803442440633866,0.013162529154152981
kan_V0-fosls,34.918216885747135,0.009585704962128468,0.00827743347492932,0.013794224586741274
kan_V0-fosls,35.11711060034262,0.009879226721327553,0.00797254655652498,0.01439823218888304
kan_V0-fosls,35.316004314938105,0.0100427150899095,0.007655526909366603,0.014977902001966697
kan_V0-fosls,35.51489802953359,0.009943207346095367,0.008166134913290447,0.014470917752930265
kan_V0-fosls,35.713791744129075,0.009838884455146895,0.00868339032405746,0.013919093284320576
kan_V0-fosls,35.91268545872457,0.009888411400883762,0.008461217819777324,0.013344469082850897
kan_V0-fosls,36.11157917332005,0.009685750321720869,0.008233052074868715,0.012743961407219865
kan_V0-fosls,36.31047288791554,0.009475493155630971,0.00799838020734716,0.0125860714697667
kan_V0-fosls,36.50936660251102,0.009161424289386847,0.007544279655688189,0.012961696261261911
kan_V0-fosls,36.70826031710651,0.009061244009826233,0.007542324892261937,0.012954823598672036
kan_V0-fosls,36.90715403170199,0.009178567009450234,0.00845318267253988,0.012549427397052795
kan_V0-fosls,37.10604774629748,0.009483366769972544,0.008472546137218805,0.01213049057190552
kan_V0-fosls,37.30494146089296,0.00975929218542804,0.008395015171363615,0.012167465522298714
kan_V0-fosls,37.50383517548845,0.01005723455002977,0.008316761473527376,0.012483516611528248
kan_V0-fosls,37.70272889008393,0.010368812623257891,0.008237764447207339,0.01279176128389971
kan_V0-fosls,37.90162260467942,0.010327296038861011,0.008158002498638819,0.013092750914084074
kan_V0-fosls,38.1005163192749,0.009954092321195315,0.007965342212309507,0.013344590404828419
kan_V0-fosls,38.29941003387039,0.009816051238666041,0.0077414753632822925,0.01358183896866242
kan_V0-fosls,38.49830374846587,0.009518948988246562,0.0075109390252759796,0.013815013806316497
kan_V0-fosls,38.69719746306136,0.009123136623424573,0.007273099015036208,0.014044317824898218
kan_V0-fosls,38.89609117765684,0.008842799087140377,0.007027213780982307,0.014269937626520733
kan_V0-fosls,39.09498489225233,0.008594445877849431,0.006772407087936653,0.014492045285701756
kan_V0-fosls,39.29387860684781,0.00848075075509179,0.006859290372952071,0.014500190040945046
kan_V0-fosls,39.4927723214433,0.008580671802088314,0.007295204458439635,0.013807241852465546
kan_V0-fosls,39.69166603603879,0.009154644477683424,0.007228973791907689,0.013077627610596262
kan_V0-fosls,39.890559750634274,0.009403511182112127,0.007162130693986181,0.012304826706231339
kan_V0-fosls,40.08945346522976,0.009380026138440814,0.006947594571157946,0.01228105801099449
kan_V0-fosls,40.288347179825244,0.009568298839171596,0.0064229500736273,0.012458339687548767
kan_V0-fosls,40.48724089442073,0.009272606362118564,0.005851453235858124,0.012633133802477258
kan_V0-fosls,40.686134609016214,0.009128151715323322,0.005928882818245011,0.01253455434828803
kan_V0-fosls,40.8850283236117,0.009156839484425597,0.006248016083387043,0.012194031236077825
kan_V0-fosls,41.083922038207184,0.009208870052900546,0.006551622584066136,0.011843721664354366
kan_V0-fosls,41.28281575280267,0.009194809756099032,0.006841769653373876,0.011482729986329569
kan_V0-fosls,41.481709467398154,0.00936830521702008,0.007120102913273793,0.011196210072787692
kan_V0-fosls,41.68060318199364,0.009495726510136726,0.007387957701651534,0.01113879997520886
kan_V0-fosls,41.879496896589124,0.00984198979065862,0.007463476813849653,0.011028535566263934
kan_V0-fosls,42.07839061118461,0.009863809198489185,0.007508112472677322,0.010789896288582406
kan_V0-fosls,42.277284325780094,0.009497233169400335,0.007421630274527759,0.010607586789090243
kan_V0-fosls,42.47617804037558,0.008939792663496222,0.007292243771624515,0.010977667057024658
kan_V0-fosls,42.675071754971064,0.008713975637647788,0.0071501982541162966,0.011335671596411346
kan_V0-fosls,42.87396546956655,0.008135280788986971,0.007005273079726366,0.011682710604499689
kan_V0-fosls,43.072859184162034,0.007697263954950429,0.0066414421343502575,0.012019733923647895
kan_V0-fosls,43.271752898757526,0.007665823712609731,0.006179491267356273,0.01183711792992699
kan_V0-fosls,43.47064661335301,0.008091516731220919,0.00634093995077076,0.011342238917907425
kan_V0-fosls,43.669540327948496,0.008372548728052962,0.006498378766679343,0.010824758955967033
kan_V0-fosls,43.86843404254398,0.008449140810783528,0.006652092432549115,0.010625708825996548
kan_V0-fosls,44.067327757139466,0.008135686312952528,0.0068023334869091396,0.010924072578316825
kan_V0-fosls,44.26622147173495,0.007759577077220205,0.00694932716189659,0.01121450111854318
kan_V0-fosls,44.465115186330436,0.007505912019436379,0.007093275346341911,0.011367173762177819
kan_V0-fosls,44.66400890092592,0.00762081398278454,0.007110399195115414,0.010780289174121025
kan_V0-fosls,44.862902615521406,0.007891546181505015,0.0071131460395575915,0.010159558554179316
kan_V0-fosls,45.06179633011689,0.008073306648881685,0.007107317559272862,0.009670800760279158
kan_V0-fosls,45.260690044712376,0.008120889363073333,0.007101484295316214,0.00948600167435745
kan_V0-fosls,45.45958375930786,0.008011623303248911,0.007095646235889816,0.009297530219730869
kan_V0-fosls,45.658477473903346,0.007986521849935268,0.0070898033691472575,0.0094779623187407
kan_V0-fosls,45.85737118849883,0.008060168286561762,0.007114095054163417,0.009808698701975399
kan_V0-fosls,46.056264903094316,0.008099181071415886,0.007259220676112394,0.009819722585493318
kan_V0-fosls,46.2551586176898,0.008416104679694902,0.007401501280775608,0.009926947596837295
kan_V0-fosls,46.454052332285286,0.00865205717545886,0.007180762965239292,0.010590911784434134
kan_V0-fosls,46.65294604688077,0.008881731337184524,0.006694251658950216,0.011215638022911487
kan_V0-fosls,46.85183976147626,0.00910560399722805,0.0061694938028790496,0.011807356185712804
kan_V0-fosls,47.05073347607175,0.009324094431598116,0.005595739655681679,0.01237080368980134
kan_V0-fosls,47.24962719066723,0.00944180216619338,0.006010373013072411,0.012138564154631546
kan_V0-fosls,47.44852090526272,0.009148786515846382,0.006535344825407194,0.0116523441784
kan_V0-fosls,47.6474146198582,0.008957775590365086,0.007021173706559612,0.01114493203064419
kan_V0-fosls,47.84630833445369,0.00878799276554586,0.007312506475732602,0.010914252934407969
kan_V0-fosls,48.04520204904917,0.008740104299874207,0.007313234576669179,0.011258957309278292
kan_V0-fosls,48.24409576364466,0.008807966315079605,0.007313962605123711,0.011593417195463519
kan_V0-fosls,48.44298947824014,0.008668804797842766,0.0073412027582037695,0.01162481852046135
kan_V0-fosls,48.64188319283563,0.008408384785104354,0.0072617539376408635,0.011074394979416027
kan_V0-fosls,48.84077690743111,0.00807869112541374,0.00710609080025484,0.010495143766836575
kan_V0-fosls,49.0396706220266,0.007886934203149523,0.006946940526022253,0.009881996823163947
kan_V0-fosls,49.23856433662208,0.007750337044627864,0.006784057700426361,0.00922820024378947
kan_V0-fosls,49.43745805121757,0.007667747079518716,0.006347441776621903,0.009065110009387464
kan_V0-fosls,49.63635176581305,0.0075367500689797655,0.005756431148671136,0.009152192072230433
kan_V0-fosls,49.83524548040854,0.007424438294460535,0.0056492669303715454,0.008916279560218489
kan_V0-fosls,50.03413919500402,0.007409094046885528,0.0057235408541329025,0.008532967170046288
kan_V0-fosls,50.23303290959951,0.007536109235563328,0.005796863200668724,0.008335516468503236
kan_V0-fosls,50.431926624195,0.007509557499987923,0.005869269633063907,0.008350402426826305
kan_V0-fosls,50.630820338790485,0.007408090720562224,0.005940793640915747,0.008703495123337615
kan_V0-fosls,50.82971405338597,0.007373610128001666,0.006011466721382048,0.009247213663656375
kan_V0-fosls,51.028607767981455,0.007396008698167766,0.006081092365561339,0.009722136495818707
kan_V0-fosls,51.22750148257694,0.007455803741256881,0.006148831278364547,0.00927677881920182
kan_V0-fosls,51.426395197172425,0.00751860554003619,0.0062158320296722925,0.008808933674256662
kan_V0-fosls,51.62528891176791,0.007442444925332982,0.00628211823769704,0.008314806052729941
kan_V0-fosls,51.824182626363395,0.00745297613238707,0.006347712287408083,0.008309992722083225
kan_V0-fosls,52.02307634095888,0.007220422965886533,0.006407846994953952,0.008409622215759919
kan_V0-fosls,52.221970055554365,0.007098035219026863,0.00625434021826492,0.008517803583185013
kan_V0-fosls,52.42086377014985,0.00704498776933587,0.006137840736118042,0.008750072811463784
kan_V0-fosls,52.619757484745335,0.00683419129577263,0.006340618787557021,0.009129813330902374
kan_V0-fosls,52.81865119934082,0.006985843397687012,0.006293818906717253,0.009494377742028576
kan_V0-fosls,53.017544913936305,0.006864766383761635,0.005881938421761082,0.009845452044448371
kan_V0-fosls,53.21643862853179,0.0068133234901027635,0.005438956036246933,0.010184431413227621
kan_V0-fosls,53.415332343127275,0.006845371184959194,0.004956539713455815,0.010512485931593084
kan_V0-fosls,53.61422605772276,0.006876078472463104,0.004473708943696508,0.010830608372254419
kan_V0-fosls,53.813119772318245,0.006883297753219837,0.005217859358290145,0.010681390566706014
kan_V0-fosls,54.01201348691373,0.00690608353661203,0.0058484113547823706,0.010303506106438404
kan_V0-fosls,54.21090720150922,0.006897917274450514,0.005906808045990332,0.00991122453243344
kan_V0-fosls,54.40980091610471,0.006979254466805213,0.005839715223556298,0.009601563008002958
kan_V0-fosls,54.60869463070019,0.007121799082144658,0.005623635988001091,0.00959052794621402
kan_V0-fosls,54.80758834529568,0.00715543830724971,0.0053989155910096264,0.009579480172617585
kan_V0-fosls,55.00648205989116,0.007226660790906361,0.0053127141367212945,0.009568419643182186
kan_V0-fosls,55.20537577448665,0.007335825734776553,0.005609464029234676,0.009153558024348253
kan_V0-fosls,55.40426948908213,0.007240460935003323,0.005891285249590039,0.00954651109424832
kan_V0-fosls,55.60316320367762,0.007168922972621113,0.0061602270322445585,0.010185842069128927
kan_V0-fosls,55.8020569182731,0.007404946319439116,0.006367392218005421,0.010787348295195955
kan_V0-fosls,56.00095063286859,0.007119377141608369,0.006191477061200109,0.011357041332428859
kan_V0-fosls,56.19984434746407,0.007022654478398116,0.006010415355099702,0.01188168326420166
kan_V0-fosls,56.39873806205956,0.007063369368627835,0.005817412293507939,0.011224105830283401
kan_V0-fosls,56.59763177665504,0.007097133816982957,0.005965950042328051,0.010525526409068283
kan_V0-fosls,56.79652549125053,0.006895309768848189,0.0058603444539845045,0.009777160154491992
kan_V0-fosls,56.99541920584601,0.006584504624627278,0.005752800564172184,0.008966549792711682
kan_V0-fosls,57.1943129204415,0.006603911023798081,0.005643207558023421,0.008074971806995361
kan_V0-fosls,57.39320663503698,0.006615713774548634,0.005477718707351459,0.007737673299330725
kan_V0-fosls,57.59210034963247,0.006615202308866105,0.005168649496562446,0.00782511429867523
kan_V0-fosls,57.79099406422796,0.006800019317938749,0.00524454184861883,0.0075593483623921
kan_V0-fosls,57.989887778823444,0.0068823472294901305,0.005194484967785697,0.0075370865091394955
kan_V0-fosls,58.18878149341893,0.006977243654447636,0.0051439409949171205,0.007966503981388215
kan_V0-fosls,58.387675208014414,0.006806414910041731,0.005092895427733255,0.00837392968233529
kan_V0-fosls,58.5865689226099,0.006789198008788392,0.00504133302971185,0.008762431795107892
kan_V0-fosls,58.785462637205384,0.0069009695555352305,0.004989237776965637,0.009134425192815331
kan_V0-fosls,58.98435635180087,0.0069013495601571075,0.005031381187620915,0.00925310388246796
kan_V0-fosls,59.183250066396354,0.006833620337950883,0.005093315772425804,0.00896055876558298
kan_V0-fosls,59.38214378099184,0.006723542323360155,0.005154506228547724,0.008658134633001979
kan_V0-fosls,59.581037495587324,0.0066302104295601835,0.005214978749969466,0.0083447574713056
kan_V0-fosls,59.77993121018281,0.006343473343637865,0.0052747580290596185,0.008019143295055462
kan_V0-fosls,59.978824924778294,0.005964928710408469,0.005155355906034993,0.007679735745346665
kan_V0-fosls,60.17771863937378,0.005912638734814528,0.004862802554172173,0.007448853022490591
kan_V0-fosls,60.376612353969264,0.006120939486022581,0.0045844026605772695,0.007313268529152097
kan_V0-fosls,60.57550606856475,0.006455653440733687,0.004561689509347647,0.007174203801754432
kan_V0-fosls,60.774399783160234,0.006514312951760434,0.004538862699518108,0.007032389622221524
kan_V0-fosls,60.97329349775572,0.006531539585797068,0.004515920507544528,0.00735775670220157
kan_V0-fosls,61.172187212351204,0.006372057677301155,0.004492861165877002,0.00774028857370771
kan_V0-fosls,61.371080926946696,0.006149718991228905,0.0044696828613706,0.008104785667724245
kan_V0-fosls,61.56997464154218,0.006193870831710503,0.0044463837336215705,0.007931627270207395
kan_V0-fosls,61.768868356137666,0.006383594670169518,0.004722225009634856,0.007545570842836556
kan_V0-fosls,61.96776207073315,0.006434530551324942,0.005001777777922558,0.0076323099122177565
kan_V0-fosls,62.166655785328636,0.006643023612152511,0.005266512397955493,0.008054317373663357
kan_V0-fosls,62.36554949992412,0.006387482464696113,0.005518561835833492,0.008455288411121965
kan_V0-fosls,62.564443214519606,0.006183160607290522,0.005223979606797625,0.008838086663685267
kan_V0-fosls,62.76333692911509,0.006177582809698698,0.004801669274141187,0.009204979610752506
kan_V0-fosls,62.962230643710576,0.006267617548164192,0.0049677010869259115,0.009009297527553495
kan_V0-fosls,63.16112435830606,0.006448886244574019,0.005128360396838176,0.008699910055691918
kan_V0-fosls,63.360018072901546,0.006538923719474109,0.005284137264556207,0.008379106635810119
kan_V0-fosls,63.55891178749703,0.0063784124010700695,0.005350115270099281,0.008301957344949092
kan_V0-fosls,63.757805502092516,0.006303462084514079,0.005179689098347381,0.00831068928149511
kan_V0-fosls,63.956699216688,0.00632572705552226,0.005003461292718063,0.008336740985268458
kan_V0-fosls,64.15559293128348,0.006313628283313835,0.004905504581385849,0.008686412281668868
kan_V0-fosls,64.35448664587898,0.006227171074087299,0.004910281825610617,0.008586252255162704
kan_V0-fosls,64.55338036047445,0.006138799516415664,0.004915054426539579,0.00834160508396473
kan_V0-fosls,64.75227407506995,0.006048365187531222,0.004919822397685784,0.008089562594131107
kan_V0-fosls,64.95116778966543,0.006071306902446307,0.004924585752496862,0.007829410613315952
kan_V0-fosls,65.15006150426092,0.006090229681590434,0.004929344504355469,0.007560312039819769
kan_V0-fosls,65.3489552188564,0.0058803409786195955,0.0049340986665797285,0.007281275006960184
kan_V0-fosls,65.54784893345189,0.005831772309929799,0.0048400759615349,0.00713004835662136
kan_V0-fosls,65.74674264804737,0.005788873994302531,0.0047294645588126455,0.007039186105272447
kan_V0-fosls,65.94563636264286,0.005743980405808308,0.004616203495590484,0.006947135559463513
kan_V0-fosls,66.14453007723834,0.005696959576362822,0.004500092711527031,0.006863853937997639
kan_V0-fosls,66.34342379183383,0.005722333405895079,0.004380905626919576,0.007053027720014025
kan_V0-fosls,66.54231750642931,0.005763013235916721,0.004258383943658968,0.007237258400555197
kan_V0-fosls,66.7412112210248,0.005752237245596061,0.004239912857270011,0.00741691433775039
kan_V0-fosls,66.94010493562028,0.005683797159569091,0.004462984040804463,0.007377819408615018
kan_V0-fosls,67.13899865021577,0.005610818406731413,0.004675424265209212,0.0073090340918434285
kan_V0-fosls,67.33789236481125,0.005485783971658473,0.00487862250752596,0.007239595257010058
kan_V0-fosls,67.53678607940674,0.0052951897566347,0.005073689296968298,0.007169483915521086
kan_V0-fosls,67.73567979400222,0.005356672130089342,0.004859074583141315,0.00709868014101978
kan_V0-fosls,67.93457350859771,0.005410409733143025,0.00449063951769875,0.0070271630032397595
kan_V0-fosls,68.1334672231932,0.00544284740702663,0.0043924958634414335,0.006927983748005409
kan_V0-fosls,68.33236093778868,0.005501128443214058,0.0045239733945347275,0.006767667796839874
kan_V0-fosls,68.53125465238416,0.005579840452012404,0.004506319105453158,0.006603460911078364
kan_V0-fosls,68.73014836697965,0.005572613203781491,0.004488595380058915,0.006435065236646503
kan_V0-fosls,68.92904208157513,0.0056127337161333635,0.0043412128585359425,0.0064113315096470894
kan_V0-fosls,69.12793579617062,0.005709909598150275,0.004139864089551332,0.006607862539461337
kan_V0-fosls,69.3268295107661,0.005795277300870124,0.0039282082781842845,0.0067561190755575495
kan_V0-fosls,69.52572322536159,0.0056444966652399965,0.004070764294192881,0.006621536332657244
kan_V0-fosls,69.72461693995707,0.0054874659878018876,0.004337866445955758,0.006604421552111412
kan_V0-fosls,69.92351065455256,0.005565708526651975,0.004589449712876481,0.006587262304727777
kan_V0-fosls,70.12240436914804,0.005471129295593711,0.0048279407650772994,0.00657005824209963
kan_V0-fosls,70.32129808374353,0.005436758619327875,0.004814968338798417,0.006552809011246633
kan_V0-fosls,70.52019179833903,0.005484832096393395,0.004566022106652635,0.006840101108467981
kan_V0-fosls,70.71908551293451,0.005571351094506528,0.0043641820080072705,0.00703892666554352
kan_V0-fosls,70.91797922753,0.005578991951482172,0.004504122463116406,0.0070450867107930285
kan_V0-fosls,71.11687294212548,0.005547398226631774,0.004575521889146251,0.007051241374558486
kan_V0-fosls,71.31576665672097,0.005457385486867074,0.0044246033852371365,0.007057390670919273
kan_V0-fosls,71.51466037131645,0.005193714258847655,0.004253346028597617,0.007063534613893479
kan_V0-fosls,71.71355408591194,0.005105862954676719,0.004074897515437941,0.007069673217438287
kan_V0-fosls,71.91244780050742,0.005115212097283392,0.0038882678770446734,0.007075806495450335
kan_V0-fosls,72.11134151510291,0.005006827755216794,0.003886852237124072,0.006794371125365125
kan_V0-fosls,72.31023522969839,0.0048276564592931465,0.003936433816792523,0.006421347149116396
kan_V0-fosls,72.50912894429388,0.004709230563297225,0.003985398609265966,0.006025273390455838
kan_V0-fosls,72.70802265888936,0.00470801270894758,0.004033769075627711,0.006026191035437265
kan_V0-fosls,72.90691637348485,0.004543476373663039,0.004044595829772836,0.006086255956489337
kan_V0-fosls,73.10581008808033,0.0042751730217393145,0.003750347417818947,0.006145733865066027
kan_V0-fosls,73.30470380267582,0.004358774393119275,0.003457023699019787,0.006204641642555748
kan_V0-fosls,73.5035975172713,0.00490168458547141,0.003736557636803713,0.006158506589443767
kan_V0-fosls,73.70249123186679,0.005234685271031333,0.0039079721001839905,0.006049831098118613
kan_V0-fosls,73.90138494646227,0.005219613557354225,0.003957757546996415,0.0060605877373669775
kan_V0-fosls,74.10027866105776,0.005405746568632414,0.004006924464698292,0.0065035769617998816
kan_V0-fosls,74.29917237565324,0.005519796371492582,0.004055495349619861,0.006918258659069159
kan_V0-fosls,74.49806609024873,0.005559607883807141,0.004103491366602217,0.007317250247167978
kan_V0-fosls,74.69695980484421,0.005552520714149913,0.004175522660751289,0.007304665077715551
kan_V0-fosls,74.8958535194397,0.005538745441787802,0.004283153089701208,0.007060673293436879
kan_V0-fosls,75.09474723403518,0.0055244913226229365,0.004301590774889364,0.006807942627233902
kan_V0-fosls,75.29364094863067,0.00551409396686885,0.004173905114345618,0.006545460890935344
kan_V0-fosls,75.49253466322615,0.005372973528705108,0.004042188097121129,0.006272003964748409
kan_V0-fosls,75.69142837782164,0.005114707758800949,0.0039060319150584217,0.005986067924178226
kan_V0-fosls,75.89032209241712,0.004932401373334728,0.0038408240924309354,0.0058383260265152635
kan_V0-fosls,76.08921580701261,0.005055412646499967,0.004062753675577271,0.005928811150774595
kan_V0-fosls,76.28810952160809,0.0051941693578489625,0.0042731727261878065,0.006012753943629731
kan_V0-fosls,76.48700323620358,0.0049923899273518115,0.004473705719786901,0.00609554085473312
kan_V0-fosls,76.68589695079906,0.0048770774946018565,0.004588380681985131,0.006216851492546005
kan_V0-fosls,76.88479066539455,0.004926022360337526,0.0042169886104912145,0.006536512578778575
kan_V0-fosls,77.08368437999003,0.005020566056484287,0.0038095601582349248,0.0068412536062252205
kan_V0-fosls,77.28257809458552,0.005087200033971852,0.003716262504921161,0.006963582875802188
kan_V0-fosls,77.481471809181,0.005171163426268992,0.004063493129740375,0.006568834343432565
kan_V0-fosls,77.68036552377649,0.00524739507620272,0.004066871021947402,0.006148795231161371
kan_V0-fosls,77.87925923837199,0.0051547889898280845,0.004070246110846836,0.005697875126575354
kan_V0-fosls,78.07815295296747,0.004947059352410771,0.004073618403406493,0.005750816399833813
kan_V0-fosls,78.27704666756296,0.004672035894870781,0.004076987906565378,0.005883453100883333
kan_V0-fosls,78.47594038215844,0.004491233150552165,0.003790430299499714,0.005997926028441039
kan_V0-fosls,78.67483409675393,0.004605673174474759,0.0037564644320627017,0.005791641648469936
kan_V0-fosls,78.87372781134941,0.00478442645383439,0.003969100512170716,0.005834967432009695
kan_V0-fosls,79.0726215259449,0.0049459479160547624,0.0041709102989725775,0.005920847818354345
kan_V0-fosls,79.27151524054038,0.005075950961351501,0.004363396219510348,0.006005500215936139
kan_V0-fosls,79.47040895513587,0.005140600872867853,0.004547742342613407,0.006088975841560436
kan_V0-fosls,79.66930266973135,0.0051151359096630045,0.0046241858410423775,0.006171322447790605
kan_V0-fosls,79.86819638432684,0.0051822911385707385,0.004512386414730531,0.006203818876466034
kan_V0-fosls,80.06709009892232,0.0052135161397245874,0.004584576142765863,0.006077834421585026
kan_V0-fosls,80.2659838135178,0.005121711989305301,0.004597427383570499,0.005949182621201948
kan_V0-fosls,80.46487752811329,0.005027065060677299,0.0044539484610132945,0.005993109701003292
kan_V0-fosls,80.66377124270878,0.004976480102353349,0.004305691029268299,0.006039315106890764
kan_V0-fosls,80.86266495730426,0.004970222399881071,0.004152143252066373,0.006085169679834593
kan_V0-fosls,81.06155867189975,0.004937543899703432,0.003992694820774451,0.006203475936770817
kan_V0-fosls,81.26045238649523,0.004825965561179171,0.003940922479150597,0.006123002881459293
kan_V0-fosls,81.45934610109072,0.0048227457242749775,0.003996528589567444,0.006041458009009335
kan_V0-fosls,81.6582398156862,0.0048975454565671735,0.004051371563777556,0.005958797316815473
kan_V0-fosls,81.85713353028169,0.004908820265087555,0.0041054819849002935,0.0058749737064221425
kan_V0-fosls,82.05602724487717,0.004714713118871016,0.00415888844631547,0.005789936669724097
kan_V0-fosls,82.25492095947266,0.004503485852445876,0.004057057459326337,0.005749474503837521
kan_V0-fosls,82.45381467406814,0.004498318904873507,0.003655662344403678,0.005767502468214201
kan_V0-fosls,82.65270838866363,0.004592718474461504,0.0037579554258541765,0.005622806675813692
kan_V0-fosls,82.85160210325911,0.004659930594189982,0.003919576513420419,0.005474287634596226
kan_V0-fosls,83.0504958178546,0.004640255767076117,0.004010170011009824,0.005780356574629153
kan_V0-fosls,83.24938953245008,0.004592732527502887,0.00401542884814638,0.006089590584320277
kan_V0-fosls,83.44828324704557,0.004610114792740341,0.004020680807008908,0.00638386284622609
kan_V0-fosls,83.64717696164105,0.00459183189787548,0.004025925914516242,0.006665155376599226
kan_V0-fosls,83.84607067623654,0.004697284504853719,0.004245470514595144,0.006636686926845669
kan_V0-fosls,84.04496439083202,0.004731449645888746,0.0041930818976085036,0.006318751652187661
kan_V0-fosls,84.2438581054275,0.004865668784643828,0.004065755432282057,0.005983947820551612
kan_V0-fosls,84.44275182002299,0.004813757449103813,0.003934310444056236,0.005629266434993504
kan_V0-fosls,84.64164553461848,0.004747161834676106,0.0037983193790529133,0.005793066187763052
kan_V0-fosls,84.84053924921396,0.004709231351115199,0.0036572751524007368,0.006096101380438036
kan_V0-fosls,85.03943296380946,0.004545240491979385,0.0036018164505710283,0.006262936572159754
kan_V0-fosls,85.23832667840495,0.004633503185779198,0.0036639340829104517,0.006035068906484408
kan_V0-fosls,85.43722039300043,0.004718256611666754,0.0037250159978477445,0.005798253090813961
kan_V0-fosls,85.63611410759592,0.004678891472005315,0.0037851123371084247,0.005627337773927057
kan_V0-fosls,85.8350078221914,0.00455943474110067,0.0038442693226202525,0.005460678065630659
kan_V0-fosls,86.03390153678689,0.004613283369249779,0.0039025296725518884,0.005288769181109465
kan_V0-fosls,86.23279525138237,0.00464069861448084,0.0038910187287138514,0.005427541069448946
kan_V0-fosls,86.43168896597786,0.004599318236353924,0.0038658605859684054,0.0055076877905879985
kan_V0-fosls,86.63058268057334,0.004590931154978545,0.003990199918867088,0.005334764241556873
kan_V0-fosls,86.82947639516883,0.00460416012561811,0.00411078006160751,0.005178379583158623
kan_V0-fosls,87.02837010976431,0.004648616538672922,0.004022593814129415,0.005229630162587882
kan_V0-fosls,87.2272638243598,0.004648902348046926,0.003922130618846203,0.005280383335291467
kan_V0-fosls,87.42615753895528,0.004577017926919802,0.0038190255549170613,0.0053306533087229295
kan_V0-fosls,87.62505125355077,0.0045638858630377655,0.0037931613349625275,0.005427628657417612
kan_V0-fosls,87.82394496814625,0.004618222504279592,0.0039935622573696134,0.005394149275835508
kan_V0-fosls,88.02283868274174,0.0046200721639017535,0.004115972831801971,0.005217822078479706
kan_V0-fosls,88.22173239733722,0.004608359270697681,0.003971935013661603,0.005117262585841296
kan_V0-fosls,88.4206261119327,0.004583988026104283,0.0037795992047836165,0.0052868549086652235
kan_V0-fosls,88.61951982652819,0.004558744309346689,0.0035769361952445963,0.00545117356888441
kan_V0-fosls,88.81841354112368,0.004571768083706415,0.003362078961134142,0.005610681931007177
kan_V0-fosls,89.01730725571916,0.004577565695313973,0.0033006412299634207,0.00557685641318484
kan_V0-fosls,89.21620097031465,0.0044768718104161,0.0035851980529671076,0.005372728540123228
kan_V0-fosls,89.41509468491013,0.004389222846220676,0.0038487735227035426,0.005160532577014553
kan_V0-fosls,89.61398839950562,0.004289705279262981,0.003916604400573621,0.005237095743185339
kan_V0-fosls,89.8128821141011,0.004230066714027401,0.0038855151577928747,0.005500614272812418
kan_V0-fosls,90.01177582869659,0.0042330166238938715,0.0037446920369750974,0.0057520729248893695
kan_V0-fosls,90.21066954329207,0.00403698897671532,0.003545131103767468,0.005924845704312219
kan_V0-fosls,90.40956325788756,0.003949594589869857,0.0035959022726248153,0.005711699785661906
kan_V0-fosls,90.60845697248304,0.0039279412764044105,0.0037816084560957914,0.0054902852624570935
kan_V0-fosls,90.80735068707853,0.004029238554112328,0.0037659668964034275,0.005259557974276628
kan_V0-fosls,91.00624440167401,0.004143720224958557,0.0036145116683529333,0.0050182335444257835
kan_V0-fosls,91.2051381162695,0.004236008146491989,0.0034523052808294154,0.004863504802331454
kan_V0-fosls,91.40403183086498,0.004335671936592527,0.0032820921534024356,0.004799449895963991
kan_V0-fosls,91.60292554546047,0.004416891154473156,0.003237984395871918,0.004734528450166543
kan_V0-fosls,91.80181926005595,0.00438996117968268,0.0033972588629152182,0.004685211551521599
kan_V0-fosls,92.00071297465144,0.004397117211516587,0.003549393274265614,0.0046908543918669976
kan_V0-fosls,92.19960668924692,0.004420199461499244,0.0036952696043926147,0.004805950583724594
kan_V0-fosls,92.39850040384242,0.004503933201784388,0.0038356019453136686,0.004918354104851307
kan_V0-fosls,92.5973941184379,0.004498210844547421,0.003927994253379736,0.005028245537780803
kan_V0-fosls,92.79628783303339,0.00449177357941891,0.003819538757729354,0.005133821067109809
kan_V0-fosls,92.99518154762887,0.004456637050722603,0.0037381273194892085,0.005008470573010632
kan_V0-fosls,93.19407526222436,0.004417633316570779,0.003731877481077379,0.00487990125026382
kan_V0-fosls,93.39296897681984,0.004327126510496163,0.0037256171583823954,0.004889271921570509
kan_V0-fosls,93.59186269141533,0.004179213093024376,0.003719346298463506,0.005057497549664958
kan_V0-fosls,93.79075640601081,0.00405846796726445,0.0037130648479329117,0.005220304876793722
kan_V0-fosls,93.9896501206063,0.003933634054965348,0.003579129948856266,0.005378185990506984
kan_V0-fosls,94.18854383520178,0.003960059015167217,0.0035033669434357535,0.005531562716836433
kan_V0-fosls,94.38743754979727,0.004040496749862859,0.003663597684421913,0.005321794604547896
kan_V0-fosls,94.58633126439275,0.004078042439052746,0.0037525515147627583,0.005057502247027154
kan_V0-fosls,94.78522497898824,0.004131987226823143,0.003826141786420358,0.004870941594949925
kan_V0-fosls,94.98411869358372,0.004172335282459796,0.0037594279810014715,0.005121564387229886
kan_V0-fosls,95.18301240817921,0.0040999426934457996,0.0036915087049716718,0.005369892135142456
kan_V0-fosls,95.3819061227747,0.004095905284787981,0.0036223161503969336,0.00560723294625684
kan_V0-fosls,95.58079983737018,0.00415367056681046,0.0035517759033997756,0.00789966207248041
kan_V0-fosls,95.77969355196566,0.004166534900269277,0.0034807938958413167,0.010832968777181982
kan_V0-fosls,95.97858726656115,0.004256544345808037,0.00340889616597427,0.013126376659056142
kan_V0-fosls,96.17748098115663,0.004250446768642357,0.003335448994582587,0.015074823908206293
kan_V0-fosls,96.37637469575212,0.004234220559516711,0.003260347668658957,0.01679877577478318
kan_V0-fosls,96.5752684103476,0.004159062563471593,0.003183475120932753,0.0183615745294203
kan_V0-fosls,96.77416212494309,0.004068066780417076,0.0031046997875262775,0.019616634342307766
kan_V0-fosls,96.97305583953857,0.004006017600328763,0.003043005046217944,0.01813222202251636
kan_V0-fosls,97.17194955413406,0.0039814792342587665,0.0033016320011227803,0.016514920769650884
kan_V0-fosls,97.37084326872954,0.003923527634861905,0.003541421752681846,0.014720996589289223
kan_V0-fosls,97.56973698332503,0.003866263576598621,0.0036511577247273427,0.012675680381576517
kan_V0-fosls,97.76863069792051,0.003936103370830143,0.003550033185002664,0.010229272001951197
kan_V0-fosls,97.967524412516,0.0038264742878104515,0.0034371202839935553,0.006971595100400015
kan_V0-fosls,98.16641812711148,0.003912597457227317,0.003385807144114141,0.004931559065430362
kan_V0-fosls,98.36531184170697,0.003992076247520996,0.0033944000345449282,0.004974597927025621
kan_V0-fosls,98.56420555630245,0.004049005006363118,0.0034029712270166,0.005017267608500351
kan_V0-fosls,98.76309927089794,0.003977800443121082,0.003411520885072685,0.005059577450246815
kan_V0-fosls,98.96199298549342,0.003913556329569233,0.0034200491702125234,0.005101536405318037
kan_V0-fosls,99.16088670008891,0.003930536245950176,0.003332245084553706,0.005143153061549355
kan_V0-fosls,99.3597804146844,0.0039887148213631225,0.0031868260092859178,0.00521825068069334
kan_V0-fosls,99.5586741292799,0.004030333949316107,0.0031998769138524724,0.005158357487444485
kan_V0-fosls,99.75756784387538,0.004069590396398171,0.003454287853147767,0.005080117555852416
kan_V0-fosls,99.95646155847086,0.004118812832194636,0.00369120534256798,0.005000653636704432
kan_V0-fosls,100.15535527306635,0.00416210363402777,0.0036982060626525592,0.004919906422615232
kan_V0-fosls,100.35424898766183,0.004204801208240643,0.0036501010729346824,0.00483781165614123
kan_V0-fosls,100.55314270225732,0.0042469321043734545,0.0036013535793417584,0.0048241265930576635
kan_V0-fosls,100.7520364168528,0.004290895960740811,0.003551937128418304,0.004907484812029012
kan_V0-fosls,100.95093013144829,0.00433848519483186,0.0036084909316011146,0.004799047003621627
kan_V0-fosls,101.14982384604377,0.004308667770566769,0.0036924151878727175,0.004688101652656862
kan_V0-fosls,101.34871756063926,0.004289315230215883,0.0035564184335890978,0.004583847922494233
kan_V0-fosls,101.54761127523474,0.0042354449333217616,0.003395964010370489,0.004792406822965238
kan_V0-fosls,101.74650498983023,0.0041793870060749,0.0032275425705466532,0.005033935495264803
kan_V0-fosls,101.94539870442571,0.004122794291079816,0.003049834508567667,0.005260659568244945
kan_V0-fosls,102.1442924190212,0.004076738589976222,0.00286110992704046,0.005039245105875287
kan_V0-fosls,102.34318613361668,0.003955138530279612,0.0029103458575371974,0.004807644265251848
kan_V0-fosls,102.54207984821217,0.0038543416837719764,0.003060817182737934,0.0047196050842769404
kan_V0-fosls,102.74097356280765,0.003846426920389145,0.003204230116861716,0.004730546624197855
kan_V0-fosls,102.93986727740314,0.003931808067740747,0.0033414935968012122,0.004822396047007615
kan_V0-fosls,103.13876099199862,0.003798223184585404,0.003255007310418928,0.004912528463498163
kan_V0-fosls,103.33765470659411,0.003732653346786616,0.003150963612065512,0.004906460465507154
kan_V0-fosls,103.5365484211896,0.0038370017095528787,0.00325718129926785,0.00472622065113985
kan_V0-fosls,103.73544213578508,0.003867861096054974,0.003347951385063123,0.004538829032574029
kan_V0-fosls,103.93433585038056,0.0038959139823127927,0.003436324626281977,0.004481317995688307
kan_V0-fosls,104.13322956497605,0.004006948203219531,0.0035224814261593843,0.004446601088314531
kan_V0-fosls,104.33212327957153,0.004002658992691737,0.003556089012865979,0.004423715565779491
kan_V0-fosls,104.53101699416702,0.0039021669986755428,0.0035175224931801997,0.00453056225559203
kan_V0-fosls,104.7299107087625,0.003922969454473656,0.003478528411933869,0.00457551274733845
kan_V0-fosls,104.92880442335799,0.003942843612805931,0.0034189674432138044,0.004423613565009816
kan_V0-fosls,105.12769813795347,0.003966853909588489,0.003339174096772179,0.004266309534483059
kan_V0-fosls,105.32659185254896,0.003956870778973304,0.003257426732768161,0.0041297288735354905
kan_V0-fosls,105.52548556714444,0.003885078335120723,0.003173574355541558,0.004053506132681015
kan_V0-fosls,105.72437928173993,0.0038594747100233256,0.003087445458781317,0.0041173675909164965
kan_V0-fosls,105.92327299633541,0.0037674570852639635,0.002998843899196445,0.004121977689095895
kan_V0-fosls,106.1221667109309,0.003713925737273608,0.0029075436372556986,0.003982818270597739
kan_V0-fosls,106.32106042552638,0.0036760811876463883,0.0029925140758248637,0.003838617288010096
kan_V0-fosls,106.51995414012187,0.003599158934827166,0.0030885041587086393,0.0037158686262005578
kan_V0-fosls,106.71884785471735,0.00348561386502972,0.003181599500677479,0.003793603531015483
kan_V0-fosls,106.91774156931285,0.0033859556865733905,0.003249226145367146,0.0039584043265584856
kan_V0-fosls,107.11663528390834,0.0033617855501475225,0.003112048454142408,0.00411661291288125
kan_V0-fosls,107.31552899850382,0.0033388959034486845,0.0030308374078361956,0.004268962278643882
kan_V0-fosls,107.51442271309931,0.0034004768123338863,0.003059726609974837,0.004340278032068337
kan_V0-fosls,107.71331642769479,0.0034279212403587602,0.00308834558669152,0.004399227631546219
kan_V0-fosls,107.91221014229028,0.0034430131826329625,0.003116701781994208,0.004457397683925512
kan_V0-fosls,108.11110385688576,0.0034740555098162476,0.003144802304268863,0.004514818320948172
kan_V0-fosls,108.30999757148125,0.0035012843427787784,0.0031677804603964113,0.004571517781839422
kan_V0-fosls,108.50889128607673,0.003514533071459848,0.0031634014830876083,0.004627522575653065
kan_V0-fosls,108.70778500067222,0.0035420900827669933,0.0031474981771008543,0.004643508199186421
kan_V0-fosls,108.9066787152677,0.0035787384045787413,0.00311896467247957,0.0045658709967051425
kan_V0-fosls,109.10557242986319,0.0036375978185750526,0.003090167710901462,0.004486890629511144
kan_V0-fosls,109.30446614445867,0.0037351526634397934,0.0030610998570481775,0.004406494875049397
kan_V0-fosls,109.50335985905416,0.0037507849725961534,0.0030317533191443467,0.004324604796565611
kan_V0-fosls,109.70225357364964,0.0037657211959240587,0.0030021199245641654,0.004241133835322813
kan_V0-fosls,109.90114728824513,0.003796547809220314,0.0029982866395601533,0.004248083870749088
kan_V0-fosls,110.10004100284061,0.0037832104903586447,0.003039308028380815,0.0041407781055569715
kan_V0-fosls,110.2989347174361,0.003859858244985197,0.0030797830783669228,0.004056086306148302
kan_V0-fosls,110.49782843203158,0.0038103930860042346,0.003119733053998435,0.004156229170716734
kan_V0-fosls,110.69672214662707,0.0037501042639898115,0.0031591778751164936,0.004412111617522677
kan_V0-fosls,110.89561586122255,0.0036319552356920263,0.003150749119051301,0.00465394638252746
kan_V0-fosls,111.09450957581804,0.003537563715508792,0.0029886826318589457,0.004883820731497247
kan_V0-fosls,111.29340329041352,0.0034539088328528833,0.003029793873966366,0.004797076591319364
kan_V0-fosls,111.49229700500901,0.0034629818594142346,0.0030703546966878155,0.0046028689104232025
kan_V0-fosls,111.69119071960449,0.0034933881746948632,0.003110386633237375,0.004724062967062495
kan_V0-fosls,111.89008443419998,0.003523518330470201,0.0031499098483878133,0.004942014502305685
kan_V0-fosls,112.08897814879546,0.003553380037498866,0.0031889432572122295,0.005150751766997523
kan_V0-fosls,112.28787186339095,0.003537751040766625,0.0032275046308980174,0.005351353117619553
kan_V0-fosls,112.48676557798643,0.003550685024240195,0.003231729848684925,0.005384745994662735
kan_V0-fosls,112.68565929258192,0.0035615195160240178,0.003098531991146989,0.005107936277610287
kan_V0-fosls,112.8845530071774,0.003557445090291692,0.0030450731244854676,0.0048152400360956145
kan_V0-fosls,113.08344672177289,0.003495966101060783,0.00299065881818138,0.0045035608349736946
kan_V0-fosls,113.28234043636837,0.003433346697981442,0.002935235936014073,0.004238269100386205
kan_V0-fosls,113.48123415096386,0.003369518647561745,0.0028787462259412125,0.004394191060493541
kan_V0-fosls,113.68012786555934,0.0033044064020166155,0.0028211256027821834,0.0045447667910415625
kan_V0-fosls,113.87902158015483,0.003259386949452347,0.002762303296159837,0.004501938261841272
kan_V0-fosls,114.07791529475033,0.0033107710347760884,0.002948158290475175,0.004322771754430851
kan_V0-fosls,114.27680900934581,0.0033242575903003756,0.0030806032832528243,0.004135850960610168
kan_V0-fosls,114.4757027239413,0.003369298166249717,0.0030195957570752887,0.003940072422666228
kan_V0-fosls,114.67459643853678,0.003476971628921589,0.002939722426827255,0.0037625214249655137
kan_V0-fosls,114.87349015313227,0.003532812283992548,0.002857617426709734,0.0038843294052798498
kan_V0-fosls,115.07238386772775,0.0033966104685752407,0.002815289718806285,0.004002432058651203
kan_V0-fosls,115.27127758232324,0.003409860036321827,0.0029351266488486295,0.003918414240061224
kan_V0-fosls,115.47017129691872,0.003421174024403154,0.003050259118295756,0.0038139382507393796
kan_V0-fosls,115.6690650115142,0.0034110605207673837,0.003161201185105342,0.003706518555759749
kan_V0-fosls,115.86795872610969,0.0034927690988932635,0.0031651179723898616,0.0037699718980172556
kan_V0-fosls,116.06685244070518,0.0034813999765179035,0.0030509609239990137,0.0039114317293128
kan_V0-fosls,116.26574615530066,0.0034581986654291727,0.002932363098320623,0.004047951115602807
kan_V0-fosls,116.46463986989615,0.003511940194575305,0.0028136189328589662,0.004049002155773425
kan_V0-fosls,116.66353358449163,0.0034612909579578586,0.002879617648197172,0.004162252230081264
kan_V0-fosls,116.86242729908712,0.003555381359293819,0.0029441372420922897,0.004105607179809294
kan_V0-fosls,117.0613210136826,0.00359880317778798,0.003007272917568503,0.00404816958673754
kan_V0-fosls,117.26021472827809,0.003529734076389462,0.0030691100829405185,0.0039899052233194655
kan_V0-fosls,117.45910844287357,0.003471904271626879,0.0029580671057734347,0.0039307773250538015
kan_V0-fosls,117.65800215746906,0.003469032964827083,0.002832056509748561,0.003986232439004671
kan_V0-fosls,117.85689587206454,0.0034506163742317824,0.002793271227679282,0.003963674315847517
kan_V0-fosls,118.05578958666003,0.0034805728917501333,0.0028094074875976015,0.003909269847037704
kan_V0-fosls,118.25468330125551,0.0034879155470068203,0.002825451594233745,0.0038540974808386856
kan_V0-fosls,118.453577015851,0.0033658855836202614,0.0028414051086296296,0.0037981237534677583
kan_V0-fosls,118.65247073044648,0.0033496402115277893,0.00285726954824621,0.0037589577862813975
kan_V0-fosls,118.85136444504197,0.0033621311507332713,0.0028730463886480575,0.0038683483845908554
kan_V0-fosls,119.05025815963745,0.0033524123517914037,0.0028884920019696175,0.003974729526658111
kan_V0-fosls,119.24915187423294,0.0032972164108659476,0.002898876634401777,0.003925821675406839
kan_V0-fosls,119.44804558882842,0.003385370897666342,0.002909224198565435,0.003800205578311975
kan_V0-fosls,119.6469393034239,0.0033828902187722333,0.002919535088598324,0.0037955966045574953
kan_V0-fosls,119.84583301801939,0.0032992771085077815,0.002929809691702679,0.004024828205687669
kan_V0-fosls,120.04472673261488,0.0032124419336094887,0.002922893159064884,0.004241689590961327
kan_V0-fosls,120.24362044721036,0.0031231933825632534,0.002831883089952163,0.004441641829653507
kan_V0-fosls,120.44251416180585,0.003100199434504362,0.002784457977736671,0.004312927909913555
kan_V0-fosls,120.64140787640133,0.003091598082313594,0.002755386122898777,0.00418025264419447
kan_V0-fosls,120.84030159099682,0.0030828366510023894,0.002777614865860311,0.004043226085995985
kan_V0-fosls,121.0391953055923,0.0030739113868281567,0.002765310332518827,0.003970565869932684
kan_V0-fosls,121.23808902018779,0.0030458101004250246,0.0027529508036328184,0.004172713093298946
kan_V0-fosls,121.43698273478329,0.002994139587949584,0.0027405355351299075,0.004365509797320669
kan_V0-fosls,121.63587644937877,0.002983299778325549,0.0027754469172258708,0.004500296841087264
kan_V0-fosls,121.83477016397426,0.0031226494236900764,0.002917989582730636,0.007084744119347137
kan_V0-fosls,122.03366387856974,0.0031604437816458684,0.002924153688611425,0.009835260323197903
kan_V0-fosls,122.23255759316523,0.0032084257810702167,0.002902658648771229,0.011969590302659401
kan_V0-fosls,122.43145130776071,0.0032546803154639686,0.0028769005066327557,0.013777149139134881
kan_V0-fosls,122.6303450223562,0.0033000987362206994,0.0028509096476109505,0.015373632777922468
kan_V0-fosls,122.82923873695168,0.003344887914967222,0.0028076338044903397,0.016819254774777005
kan_V0-fosls,123.02813245154717,0.003344359120458192,0.0027411853577077707,0.017309762951003983
kan_V0-fosls,123.22702616614265,0.0033195574949732532,0.002796799699756846,0.015913242285635145
kan_V0-fosls,123.42591988073814,0.0032660176459303196,0.0028630493059390045,0.014381747691525627
kan_V0-fosls,123.62481359533362,0.003239795899498907,0.002843560494623611,0.01266641438150825
kan_V0-fosls,123.8237073099291,0.0032485715956326417,0.002804461625410568,0.010679018677081488
kan_V0-fosls,124.02260102452459,0.0032815174023912074,0.00276480989042952,0.00822464750167638
kan_V0-fosls,124.22149473912008,0.003311717236662087,0.002724581151669611,0.004609578413283341
kan_V0-fosls,124.42038845371556,0.0032011047016650444,0.002695441295421107,0.0034194907876931658
kan_V0-fosls,124.61928216831105,0.003196019793179724,0.0026871687585365484,0.0034626431018824847
kan_V0-fosls,124.81817588290653,0.0032018795087109557,0.002678870675610955,0.003549310633252376
kan_V0-fosls,125.01706959750202,0.003189901630071868,0.0026705468085097732,0.0036339117616725927
kan_V0-fosls,125.2159633120975,0.0031623731091605396,0.002662196915375565,0.003716587603155135
kan_V0-fosls,125.41485702669299,0.003097772359839801,0.002653820750546015,0.0037974639079562636
kan_V0-fosls,125.61375074128847,0.003090176111343922,0.0026454180644695942,0.0038766533056922283
kan_V0-fosls,125.81264445588396,0.0031482813806812263,0.002685980715144156,0.003810819081794993
kan_V0-fosls,126.01153817047944,0.003149164847052973,0.0027392216482893797,0.003736077187283501
kan_V0-fosls,126.21043188507493,0.0031493302832616378,0.0027914473082592947,0.003659809206025303
kan_V0-fosls,126.40932559967041,0.0031469613710475844,0.002842713652677479,0.0035819176567412772
kan_V0-fosls,126.6082193142659,0.0031782001910093532,0.0028815021198732587,0.0035070595282621258
kan_V0-fosls,126.80711302886138,0.0031780395584933593,0.002854450016878553,0.003584610155845625
kan_V0-fosls,127.00600674345687,0.003222783897373539,0.0028271390717263738,0.003555612438003218
kan_V0-fosls,127.20490045805235,0.003241820521770628,0.0028201757028498437,0.003509642341057589
kan_V0-fosls,127.40379417264784,0.003233653855846814,0.002833110189069003,0.003463062072069342
kan_V0-fosls,127.60268788724332,0.0032428270331621633,0.0028459858910171347,0.0034158466692558397
kan_V0-fosls,127.8015816018388,0.003273027584687952,0.0028588036029658604,0.0034556777108454163
kan_V0-fosls,128.0004753164343,0.003302208757682907,0.002871564101459791,0.0035002114949545284
kan_V0-fosls,128.1993690310298,0.0033068933724919,0.0028842681458655286,0.0035238860851817466
kan_V0-fosls,128.39826274562526,0.0033070814181320888,0.0028969164788989967,0.0034491082732547446
kan_V0-fosls,128.59715646022076,0.0033380861434006764,0.002922199261032228,0.0034376579462716684
kan_V0-fosls,128.79605017481623,0.003320292574943854,0.0029394540190619298,0.0034929285280182903
kan_V0-fosls,128.99494388941173,0.00327934005935968,0.002951311260754124,0.003547774143787887
kan_V0-fosls,129.19383760400723,0.0032373629229073314,0.002931525524515999,0.0036017847032847102
kan_V0-fosls,129.3927313186027,0.0032165999360643234,0.0028324340889729085,0.003654997226031988
kan_V0-fosls,129.59162503319817,0.0032051482238072086,0.0028132232196478105,0.0035645216310708225
kan_V0-fosls,129.79051874779367,0.003270006325210892,0.0028961565866114235,0.003549773779650689
kan_V0-fosls,129.98941246238914,0.0032826494417598677,0.00288856186992712,0.0036228508485703034
kan_V0-fosls,130.18830617698464,0.003197857127589395,0.002844924008327212,0.0036944827317606553
kan_V0-fosls,130.3871998915801,0.003178845164051917,0.002800606282560317,0.0037647519227126643
kan_V0-fosls,130.5860936061756,0.003238354573305514,0.0027555758902044463,0.0038337333532549975
kan_V0-fosls,130.78498732077108,0.0032769705610098433,0.002709797303016551,0.0038688001760926426
kan_V0-fosls,130.98388103536658,0.0032284269265480774,0.00274234852013805,0.0038324482106135847
kan_V0-fosls,131.18277474996205,0.0031499193840046295,0.002760718942322645,0.003682606117074243
kan_V0-fosls,131.38166846455755,0.0030678514511660406,0.002804217647597392,0.0035264027478423155
kan_V0-fosls,131.58056217915302,0.003039880908955344,0.0028470518350908543,0.0034155463346768906
kan_V0-fosls,131.77945589374852,0.0030110219761138365,0.0027751403776373994,0.0034474965680025517
kan_V0-fosls,131.978349608344,0.0029522484479379846,0.0026515333442637757,0.0034791534039840745
kan_V0-fosls,132.1772433229395,0.0029804701042938824,0.002521875103150777,0.003467099085852529
kan_V0-fosls,132.376137037535,0.003079911947777198,0.0025249256663347386,0.003344570837573459
kan_V0-fosls,132.57503075213046,0.003121149983667037,0.002547855795334525,0.0034894306273096803
kan_V0-fosls,132.77392446672596,0.003099588710322873,0.00257058139087708,0.0036739011136314526
kan_V0-fosls,132.97281818132143,0.003053961236105654,0.0025931078304666285,0.0038495418795848725
kan_V0-fosls,133.17171189591693,0.003081109283386548,0.0026154402600195564,0.00401751116645784
kan_V0-fosls,133.3706056105124,0.0031074510360711953,0.0026375836075914192,0.0041249103034082715
kan_V0-fosls,133.5694993251079,0.0030768992231104933,0.002658402941048614,0.003943302568218436
kan_V0-fosls,133.76839303970337,0.0030436870592298296,0.002676402069443322,0.00375291690260692
kan_V0-fosls,133.96728675429887,0.0029977494721084527,0.0026942809574476614,0.003552342242975346
kan_V0-fosls,134.16618046889434,0.002935735177934831,0.0027120419830839017,0.0033397433351354585
kan_V0-fosls,134.36507418348984,0.0029362192124688918,0.00272968744700822,0.003112657333844526
kan_V0-fosls,134.5639678980853,0.0028825364280827244,0.002720422501233498,0.003090885722575187
kan_V0-fosls,134.7628616126808,0.0028368539558291,0.0027646405261884267,0.0031631365984141025
kan_V0-fosls,134.96175532727628,0.0029076029352483692,0.0027393739352364922,0.0031991503115806385
kan_V0-fosls,135.16064904187178,0.0029749863993060927,0.002696224100228465,0.003234763096726913
kan_V0-fosls,135.35954275646725,0.0029738714838359057,0.002652372379635363,0.0033411123862854223
kan_V0-fosls,135.55843647106275,0.0029625666587840827,0.0026077833655908404,0.0034940199787726607
kan_V0-fosls,135.75733018565822,0.00295096718863425,0.0025624185691358182,0.0036405108496384117
kan_V0-fosls,135.95622390025372,0.0029390632755337534,0.002516236031268089,0.0037394340370430633
kan_V0-fosls,136.1551176148492,0.002927899412487686,0.0025020508512704656,0.003623634514580954
kan_V0-fosls,136.3540113294447,0.0029412869811896577,0.002597119375302041,0.0035040101702375785
kan_V0-fosls,136.55290504404016,0.0029567653396216026,0.0026452726378290324,0.00338015494482051
kan_V0-fosls,136.75179875863566,0.0030422158679612853,0.002657280562775812,0.003251585402363066
kan_V0-fosls,136.95069247323113,0.003052379984217371,0.0026521685691435746,0.003234038947700421
kan_V0-fosls,137.14958618782663,0.0030027064263713774,0.0026470467032147374,0.0033924467981780223
kan_V0-fosls,137.3484799024221,0.002955530256121349,0.002656454835404157,0.0035437808399636167
kan_V0-fosls,137.5473736170176,0.0029480847202229227,0.0026982407774733632,0.0035369343059144646
kan_V0-fosls,137.74626733161307,0.002966819588912867,0.0027393894016546757,0.0033949693311697876
kan_V0-fosls,137.94516104620857,0.0029876651302130058,0.0027799290089093815,0.003336344251177969
kan_V0-fosls,138.14405476080404,0.0030372619600958616,0.0028198858656431113,0.0032946269105467245
kan_V0-fosls,138.34294847539954,0.0030577938927737747,0.0028451928027001497,0.0032643321248112846
kan_V0-fosls,138.541842189995,0.003076148273460266,0.002754898666103409,0.0032798890807976045
kan_V0-fosls,138.7407359045905,0.003069073864165153,0.002570093215377022,0.003282849753883301
kan_V0-fosls,138.93962961918598,0.003029982892419571,0.0025877450892103854,0.003231652055272106
kan_V0-fosls,139.13852333378148,0.002988506563303617,0.0026119578104071574,0.003179630089509967
kan_V0-fosls,139.33741704837695,0.0029417263975328504,0.0026359481330180644,0.003126742715013491
kan_V0-fosls,139.53631076297245,0.002891893447103651,0.002659722075062713,0.003072945249376023
kan_V0-fosls,139.73520447756795,0.00282266908928577,0.002648862512789009,0.003031607147977952
kan_V0-fosls,139.93409819216342,0.002778238500134457,0.002593806298505184,0.0029946930953544666
kan_V0-fosls,140.13299190675892,0.002781033648668671,0.002546084955526844,0.003104458835396916
kan_V0-fosls,140.3318856213544,0.0027917609953747717,0.0025932707594390502,0.0032374068407310724
kan_V0-fosls,140.5307793359499,0.0028148035458623686,0.0026396132032483624,0.003365106453613441
kan_V0-fosls,140.72967305054536,0.0028463693480792348,0.0026851559533413584,0.0034881341482072043
kan_V0-fosls,140.92856676514086,0.002887916488311294,0.0027073062162547277,0.003606968010341606
kan_V0-fosls,141.12746047973633,0.0029050008674014562,0.0027259989559881986,0.003722009755409844
kan_V0-fosls,141.32635419433183,0.0029328163059563032,0.002741218746663429,0.003687326705768406
kan_V0-fosls,141.5252479089273,0.002961223673050244,0.002731685608879919,0.003591254783844196
kan_V0-fosls,141.7241416235228,0.0029411886411813432,0.002722119085283426,0.0034925411393274468
kan_V0-fosls,141.92303533811827,0.0029042050799991687,0.00271251882263827,0.003390955071555151
kan_V0-fosls,142.12192905271377,0.0028543364987419387,0.002702884461435511,0.003286230208721908
kan_V0-fosls,142.32082276730924,0.002855035292924613,0.0026932156357358694,0.0031894835351818293
kan_V0-fosls,142.51971648190474,0.0028626732691657032,0.0026432866294656587,0.0032266169455501185
kan_V0-fosls,142.7186101965002,0.002898890883693628,0.002537316747572708,0.0032289169001924315
kan_V0-fosls,142.9175039110957,0.002899042646316994,0.0025009254175761787,0.003191867242632548
kan_V0-fosls,143.11639762569118,0.0028617102411351777,0.0025634378677719992,0.0031543824499944747
kan_V0-fosls,143.31529134028668,0.0028232034706039515,0.0025536687676893446,0.0031188769284851135
kan_V0-fosls,143.51418505488215,0.002774139941734898,0.002523583819157462,0.0031816463147235938
kan_V0-fosls,143.71307876947765,0.0027814439864981303,0.0024931358586235703,0.0032432010805609588
kan_V0-fosls,143.91197248407312,0.0027686113837733037,0.002477151039550001,0.0032799426274985294
kan_V0-fosls,144.11086619866862,0.002800019761242663,0.0024833297882320324,0.0032810824979926188
kan_V0-fosls,144.3097599132641,0.002803345627714968,0.0025071239106421914,0.0032822219726254057
kan_V0-fosls,144.5086536278596,0.002790518728863608,0.002530694325576887,0.003283361051809035
kan_V0-fosls,144.70754734245506,0.002753602602967954,0.0025540472265994413,0.0032844997359549387
kan_V0-fosls,144.90644105705056,0.0027466740439981725,0.0025771885266494487,0.003285638025473833
kan_V0-fosls,145.10533477164603,0.0027432214090697227,0.0025885370667689304,0.003286775920775725
kan_V0-fosls,145.30422848624153,0.00273486173923438,0.002567355629811967,0.0032056200110481803
kan_V0-fosls,145.503122200837,0.0027392849042077675,0.002557973534667032,0.0031349672210812672
kan_V0-fosls,145.7020159154325,0.0027295217352152363,0.0025485569011082904,0.0031159035751901227
kan_V0-fosls,145.90090963002797,0.002750372768779515,0.0025391053448639033,0.003096722574353601
kan_V0-fosls,146.09980334462347,0.002755890402545041,0.0025296184744830956,0.003077422024217637
kan_V0-fosls,146.29869705921894,0.0027094616160486702,0.0025200958911469878,0.0030579996611785915
kan_V0-fosls,146.49759077381444,0.00272186753465701,0.002510537188472952,0.003038453149284512
kan_V0-fosls,146.6964844884099,0.0027219281646403883,0.002507532988071122,0.0031431284040622383
kan_V0-fosls,146.8953782030054,0.0027193088428269603,0.0025120681831255296,0.0032599172657262147
kan_V0-fosls,147.0942719176009,0.0027133051974734448,0.0025165952052482155,0.0033726643761775236
kan_V0-fosls,147.29316563219638,0.002708080073460302,0.0025211140984661945,0.003481762399890875
kan_V0-fosls,147.49205934679188,0.002702825687493726,0.002525624906412613,0.0035875442609466035
kan_V0-fosls,147.69095306138735,0.0027145751369395173,0.0024643676077675068,0.003685139249877741
kan_V0-fosls,147.88984677598285,0.0027198200942296414,0.0024358458233519715,0.0036001874786170777
kan_V0-fosls,148.08874049057832,0.0027213765912487762,0.0024273672420334585,0.0035131821005169933
kan_V0-fosls,148.28763420517382,0.0027210686308219946,0.002418858941784946,0.003423966568410782
kan_V0-fosls,148.4865279197693,0.0027207594832275306,0.0024103206078878517,0.0033323633733127766
kan_V0-fosls,148.6854216343648,0.0027278553529611234,0.002401751920029363,0.003238169890848567
kan_V0-fosls,148.88431534896026,0.002732821807437068,0.0023931525521622326,0.0031411531055012304
kan_V0-fosls,149.08320906355576,0.002717715460339245,0.002398341814686028,0.003065268429941518
kan_V0-fosls,149.28210277815123,0.002702025821021137,0.002489994435361321,0.0030184769384261055
kan_V0-fosls,149.48099649274673,0.0027154131959000946,0.002570633439572866,0.0029709485872401577
kan_V0-fosls,149.6798902073422,0.002719136583561555,0.00261076568120654,0.0029390649061220866
kan_V0-fosls,149.8787839219377,0.002731073553701277,0.0025687246994255406,0.002986764830227087
kan_V0-fosls,150.07767763653317,0.002797593044413966,0.002525984109354579,0.003033714848129997
kan_V0-fosls,150.27657135112867,0.0028043865348955192,0.00248250777641981,0.0030799492542000462
kan_V0-fosls,150.47546506572414,0.0028037938418924557,0.002465305336621689,0.003112130293570214
kan_V0-fosls,150.67435878031964,0.002777023907433512,0.0024718982651873666,0.003096503344507639
kan_V0-fosls,150.8732524949151,0.002749984710082292,0.002478473656123308,0.0030807971307660904
kan_V0-fosls,151.0721462095106,0.0027407765876785273,0.002485031648643166,0.003065010433803797
kan_V0-fosls,151.27103992410608,0.0027579066290932663,0.00249157238012848,0.003049142003534063
kan_V0-fosls,151.46993363870158,0.002777360350304524,0.0024980959861622674,0.00305180264223686
kan_V0-fosls,151.66882735329705,0.0028199339549364833,0.0025046026005618055,0.0030716848023535515
kan_V0-fosls,151.86772106789255,0.0028713686152677075,0.002535700833759548,0.0029928546561910235
kan_V0-fosls,152.06661478248802,0.002883696435684391,0.002526644409748093,0.0029722108707289493
kan_V0-fosls,152.26550849708352,0.002834527818507403,0.0025376844278563733,0.002964022018250719
kan_V0-fosls,152.464402211679,0.002791484752578369,0.002548676624732561,0.0029992534600184
kan_V0-fosls,152.6632959262745,0.00276992442144497,0.002548812062227569,0.0030643964474250775
kan_V0-fosls,152.86218964086996,0.002734605858949763,0.00252725118047026,0.0031281831558510878
kan_V0-fosls,153.06108335546546,0.0027298092698827088,0.002505504765475388,0.0031058883452616272
kan_V0-fosls,153.25997707006093,0.0027341532717481704,0.0025393063970804,0.0030051623722619396
kan_V0-fosls,153.45887078465643,0.002735757158042261,0.0025633737720385124,0.0029212449339330506
kan_V0-fosls,153.6577644992519,0.0026852793529794357,0.0025497219185529403,0.002932252856715512
kan_V0-fosls,153.8566582138474,0.0026610411329061135,0.0025231000604169313,0.00294321960910209
kan_V0-fosls,154.05555192844287,0.0026176623644975925,0.0024961942968852752,0.0029541456496066385
kan_V0-fosls,154.25444564303837,0.0025768787695256527,0.0024399371376725566,0.0029532565847910077
kan_V0-fosls,154.45333935763387,0.002570998028695189,0.0024097994460049376,0.0028897243632197396
kan_V0-fosls,154.65223307222934,0.0025958134763884697,0.0024204110148159296,0.0028233537659444526
kan_V0-fosls,154.85112678682484,0.002585559667465263,0.002440477903107251,0.0027561073099034686
kan_V0-fosls,155.0500205014203,0.0026016171814850393,0.00246038113113949,0.0026917939594602288
kan_V0-fosls,155.2489142160158,0.0026072895698458203,0.0024801246390816173,0.0027318272948957255
kan_V0-fosls,155.44780793061128,0.0025627996756086837,0.0024686182475820917,0.0027712823779052157
kan_V0-fosls,155.64670164520678,0.002552893607764872,0.002440196548375305,0.002810183564651731
kan_V0-fosls,155.84559535980225,0.002587049420729603,0.002437653996279667,0.0028087036386620122
kan_V0-fosls,156.04448907439775,0.0025921443685891017,0.002435108789449397,0.002803654118779473
kan_V0-fosls,156.24338278899322,0.002615909902517162,0.002432560919551489,0.0028190597779971893
kan_V0-fosls,156.44227650358872,0.0026393018439694006,0.0024300103782092498,0.00289871309227738
kan_V0-fosls,156.6411702181842,0.002662331721825763,0.002427457157001981,0.0029762353990837073
kan_V0-fosls,156.84006393277969,0.002664853676833049,0.00242490124746465,0.0030498683387160212
kan_V0-fosls,157.03895764737516,0.002659234412997258,0.0024564785876073363,0.002989117213683514
kan_V0-fosls,157.23785136197066,0.0026461615296126287,0.002502389970642264,0.002927105490202858
kan_V0-fosls,157.43674507656613,0.0026417506753915274,0.002543041079654777,0.0028637512783781325
kan_V0-fosls,157.63563879116163,0.0026105772700587655,0.0025460789892985127,0.0027989634184906755
kan_V0-fosls,157.8345325057571,0.002625513844714841,0.002515406918955354,0.0027405846941660943
kan_V0-fosls,158.0334262203526,0.0026396557695827013,0.0024826336938383394,0.0027755701598384222
kan_V0-fosls,158.23231993494807,0.002620561614669739,0.002419451510783706,0.002810120096806091
kan_V0-fosls,158.43121364954357,0.0026396035507595915,0.002378213076271894,0.0028067892664289406
kan_V0-fosls,158.63010736413904,0.0026272905666858584,0.0024028494927022803,0.0027821482972181337
kan_V0-fosls,158.82900107873454,0.0026180126996288885,0.0024272358626653084,0.002859429071251527
kan_V0-fosls,159.02789479333,0.002612661820282655,0.002451379648572939,0.002934675464054401
kan_V0-fosls,159.2267885079255,0.002635183361008522,0.0024752879488791975,0.0030080401501854197
kan_V0-fosls,159.42568222252098,0.0026427214342409655,0.002498967522457138,0.003079657612614115
kan_V0-fosls,159.62457593711648,0.0026551409956525676,0.0025224248109159894,0.0030677981405439598
kan_V0-fosls,159.82346965171195,0.002669761792135996,0.00252619731213006,0.0029756471603502215
kan_V0-fosls,160.02236336630745,0.0026449545734583977,0.0025210487092726932,0.0028866228462591393
kan_V0-fosls,160.22125708090292,0.00262977085618254,0.002515889570159606,0.002853539797515941
kan_V0-fosls,160.42015079549842,0.002628300563644364,0.0025107198298396937,0.0028200686685734074
kan_V0-fosls,160.6190445100939,0.0025849837232395476,0.0025055394226917754,0.0028297173793441475
kan_V0-fosls,160.81793822468939,0.0025702703938834024,0.0024637225862050496,0.0028648863951570417
kan_V0-fosls,161.01683193928486,0.0025766467458444324,0.002432839343517639,0.002854326548420239
kan_V0-fosls,161.21572565388036,0.002586556790499541,0.0024377415179184358,0.002842477076989938
kan_V0-fosls,161.41461936847585,0.0025861920838985376,0.0024277350956228376,0.002830578001294069
kan_V0-fosls,161.61351308307133,0.002594918790107382,0.002417687258694636,0.002818628693107093
kan_V0-fosls,161.81240679766682,0.002606755912352263,0.002407597488615971,0.002828393802043287
kan_V0-fosls,162.0113005122623,0.002609796728357739,0.0023974652559579433,0.0028841738274110753
kan_V0-fosls,162.2101942268578,0.0026177411640142525,0.002411704752404445,0.0028769153103764024
kan_V0-fosls,162.40908794145327,0.002626224158242336,0.0024433230100722996,0.0028462843834850767
kan_V0-fosls,162.60798165604876,0.002622496498646834,0.0024559226335426117,0.0028153202091882675
kan_V0-fosls,162.80687537064424,0.002606127923353738,0.00246845794623789,0.002784011668232865
kan_V0-fosls,163.00576908523973,0.0026236636223642353,0.002480929922981118,0.0027523470089088667
kan_V0-fosls,163.2046627998352,0.002624134267809549,0.002476205046904386,0.0027442981598450964
kan_V0-fosls,163.4035565144307,0.002616432067247405,0.00244608172645875,0.0027362568913265337
kan_V0-fosls,163.60245022902618,0.002606262365828034,0.0023911042946688425,0.002713413852261671
kan_V0-fosls,163.80134394362167,0.002598515831656183,0.0024045847832791433,0.002706582703274768
kan_V0-fosls,164.00023765821715,0.0025906917127122555,0.0024229952310148924,0.002712825777720264
kan_V0-fosls,164.19913137281264,0.0025750341511833396,0.0024412668430682113,0.0027190545178169853
kan_V0-fosls,164.39802508740812,0.002548815969673657,0.0024594027137920167,0.0027252690218505697
kan_V0-fosls,164.59691880200361,0.002549706765302841,0.002477405824274831,0.0027314693869885795
kan_V0-fosls,164.79581251659909,0.0025307693900714244,0.0024690441680700103,0.0027038726264695537
kan_V0-fosls,164.99470623119458,0.0025234993424975176,0.0024654146284171247,0.0026517176014480763
kan_V0-fosls,165.19359994579006,0.0025218954712903927,0.0024617797375366007,0.002629989464608529
kan_V0-fosls,165.39249366038555,0.0025094510153008094,0.002458139471689594,0.002627282068387244
kan_V0-fosls,165.59138737498103,0.002486101040147414,0.0024506135842561243,0.0026245718793331714
kan_V0-fosls,165.79028108957652,0.0024649415257057654,0.002415232095182662,0.0026218588887855416
kan_V0-fosls,165.989174804172,0.002455559899715482,0.0023762807282706067,0.00261914308803873
kan_V0-fosls,166.1880685187675,0.002470318103214108,0.0023428666932030127,0.002627015970674324
kan_V0-fosls,166.38696223336296,0.002496442093670266,0.00238806357185396,0.002613703020898827
kan_V0-fosls,166.58585594795846,0.00251557094588442,0.0023837301323409456,0.0026325471323284623
kan_V0-fosls,166.78474966255393,0.0025386177971286365,0.0023793888006049947,0.002712594546196982
kan_V0-fosls,166.98364337714943,0.00254825580497142,0.002375039533367553,0.002790346562738126
kan_V0-fosls,167.1825370917449,0.002565294356497378,0.002370682286953074,0.0028659900049217333
kan_V0-fosls,167.3814308063404,0.0025808560450375183,0.002366317017283894,0.002881171799903992
kan_V0-fosls,167.58032452093587,0.0025786785086041987,0.0023512282224170756,0.0028569418446358088
kan_V0-fosls,167.77921823553137,0.002571001533444711,0.002317424344710175,0.0028110061309208
kan_V0-fosls,167.97811195012684,0.0025944706345086793,0.002325561438424533,0.002764307188522584
kan_V0-fosls,168.17700566472234,0.0025978597690710214,0.002333670159709591,0.0027168056605066365
kan_V0-fosls,168.37589937931781,0.002568349052745077,0.002341750803298845,0.002688637562649457
kan_V0-fosls,168.5747930939133,0.002554631481931845,0.002315323220376554,0.002724605575353883
kan_V0-fosls,168.7736868085088,0.0025409928590080662,0.002309445356679942,0.0027643656184671754
kan_V0-fosls,168.97258052310428,0.0025277204055698032,0.002337159477405465,0.0027326067965573377
kan_V0-fosls,169.17147423769978,0.002500630702732526,0.0023645487920873716,0.0027004745021235203
kan_V0-fosls,169.37036795229525,0.002490998295488809,0.002391624459963874,0.002667955241125162
kan_V0-fosls,169.56926166689075,0.0025038581235293754,0.002418397015552482,0.002635034686806825
kan_V0-fosls,169.76815538148622,0.0025207537353791895,0.0023826453433483247,0.002601697605930229
kan_V0-fosls,169.96704909608172,0.0025264382505967783,0.002348653738734204,0.0025789209921491855
kan_V0-fosls,170.1659428106772,0.0025163476247034703,0.002338962293854336,0.0025964937410413737
kan_V0-fosls,170.3648365252727,0.002526261549809409,0.0023365897431931165,0.002598982228943631
kan_V0-fosls,170.56373023986816,0.0025257751363825017,0.002334214781016994,0.002633764816262353
kan_V0-fosls,170.76262395446366,0.0025245391861794552,0.002331837399957628,0.002668093999168349
kan_V0-fosls,170.96151766905913,0.002522969237133901,0.00232945759260908,0.0027019870594462174
kan_V0-fosls,171.16041138365463,0.0025218608970263394,0.002327075351527541,0.002735460208160869
kan_V0-fosls,171.3593050982501,0.0025232537325656267,0.0023246906692310633,0.0027685286762914644
kan_V0-fosls,171.5581988128456,0.002523546896625593,0.00233349533451206,0.0027316312039360677
kan_V0-fosls,171.75709252744107,0.002503928306124865,0.0023555781261477607,0.002682347843395514
kan_V0-fosls,171.95598624203657,0.0025089556693963563,0.0023774558125403836,0.0026321418790824862
kan_V0-fosls,172.15487995663204,0.0025062983569798932,0.0023954995974743015,0.002590756485286606
kan_V0-fosls,172.35377367122754,0.002491065232667753,0.0023838737648520444,0.002616677961248364
kan_V0-fosls,172.552667385823,0.0024604032175959308,0.002342373814356545,0.0026532980312409574
kan_V0-fosls,172.7515611004185,0.002450459829394249,0.002338865539621521,0.002656153172158983
kan_V0-fosls,172.95045481501398,0.0024517534065365484,0.0023452347853967245,0.002687181163381356
kan_V0-fosls,173.14934852960948,0.002459129454377958,0.002351586780206203,0.002717854951187232
kan_V0-fosls,173.34824224420495,0.0024729189096669687,0.0023579216634668607,0.002748186395889897
kan_V0-fosls,173.54713595880045,0.0024837691153204123,0.0023642395727277903,0.002778186710323062
kan_V0-fosls,173.74602967339592,0.002469873836705841,0.0023705406437051096,0.0028078665082722555
kan_V0-fosls,173.94492338799142,0.002460995100627491,0.0023838451483146786,0.0028310955353892647
kan_V0-fosls,174.1438171025869,0.0024684593079299737,0.002379805997538505,0.0027679879839632095
kan_V0-fosls,174.3427108171824,0.0024749498503716157,0.002372519187154525,0.0027034076696325965
kan_V0-fosls,174.54160453177786,0.0024861292321817596,0.0023638139394298392,0.0026372464005268888
kan_V0-fosls,174.74049824637336,0.0024878008671932873,0.0023514948181893192,0.002569382051380383
kan_V0-fosls,174.93939196096883,0.002480030473715385,0.0023391108181742117,0.0025658048280644908
kan_V0-fosls,175.13828567556433,0.0024433328214211285,0.002326660903403853,0.0026006694831589403
kan_V0-fosls,175.3371793901598,0.0024399433577654327,0.0023141440100297225,0.002608346604978548
kan_V0-fosls,175.5360731047553,0.002444214353463508,0.0023125649579191485,0.0026015964629217676
kan_V0-fosls,175.73496681935077,0.0024484518471450858,0.00231569593515396,0.0025948287612231743
kan_V0-fosls,175.93386053394627,0.0024526562823579184,0.0023183314925683493,0.0025880433621280246
kan_V0-fosls,176.13275424854177,0.0024426945998196445,0.002297378941470653,0.0025812401260709677
kan_V0-fosls,176.33164796313724,0.002429811011520333,0.0022762335319539287,0.002574418911642549
kan_V0-fosls,176.53054167773274,0.0024168234188298486,0.0022548898383890252,0.0025673512309519835
kan_V0-fosls,176.7294353923282,0.002412635149563523,0.0022756262981543807,0.002560651497994316
kan_V0-fosls,176.9283291069237,0.002433828156502587,0.0023005832968725267,0.00259482637565364
kan_V0-fosls,177.12722282151918,0.002454789065774617,0.0023138000287742946,0.002628556970163487
kan_V0-fosls,177.32611653611468,0.002468734300816683,0.0022973889928806957,0.0026618601711965112
kan_V0-fosls,177.52501025071015,0.002495064537044401,0.002280859880848194,0.0026947518246787706
kan_V0-fosls,177.72390396530565,0.0024987680389198883,0.002264210106751643,0.002727246820919741
kan_V0-fosls,177.92279767990112,0.00250284943459259,0.0022822145865658036,0.00271888917541809
kan_V0-fosls,178.12169139449662,0.0025014232089164757,0.002305189083896355,0.002687205039759561
kan_V0-fosls,178.3205851090921,0.0024999318508853448,0.002325704310027064,0.0026551428404537353
kan_V0-fosls,178.5194788236876,0.0024841731405584344,0.0023257278038048266,0.002622688712126594
kan_V0-fosls,178.71837253828306,0.0024682069976424467,0.0023191700188776366,0.002589827920580786
kan_V0-fosls,178.91726625287856,0.0024521174376772046,0.0022967563278522424,0.002556544784611316
kan_V0-fosls,179.11615996747403,0.002435901231091572,0.002274121738737342,0.002542273701895643
kan_V0-fosls,179.31505368206953,0.0024461292331008624,0.0022798410018534977,0.0025272628601582126
kan_V0-fosls,179.513947396665,0.0024714102203506894,0.0022952672198451865,0.0025134110258766746
kan_V0-fosls,179.7128411112605,0.002470879890088616,0.002310590449919534,0.002531144524427466
kan_V0-fosls,179.91173482585597,0.002465781587579232,0.002325812727633686,0.0025714497853903968
kan_V0-fosls,180.11062854045147,0.0024501194294688725,0.0023009481534440306,0.002611132971342042
kan_V0-fosls,180.30952225504694,0.0024428149019264677,0.002274963801861613,0.002650222026411126
kan_V0-fosls,180.50841596964244,0.0024329231272767204,0.002265982474771998,0.002688742863220635
kan_V0-fosls,180.7073096842379,0.002444172338147476,0.002288823746112345,0.002628673602439645
kan_V0-fosls,180.9062033988334,0.0024502086251748153,0.0023114393147045157,0.002565005327065955
kan_V0-fosls,181.10509711342888,0.002461330640566327,0.0023338357419397794,0.002552163946823519
kan_V0-fosls,181.30399082802438,0.0024377612053641884,0.002342401825781468,0.0025840703257777923
kan_V0-fosls,181.50288454261985,0.0024191960395658326,0.0023407295162044092,0.0026304564220114286
kan_V0-fosls,181.70177825721535,0.002438795919530857,0.0022927193475721468,0.002676038588592665
kan_V0-fosls,181.90067197181082,0.002446014218701122,0.002259976026856918,0.0027208572302075762
kan_V0-fosls,182.09956568640632,0.002445443055429532,0.0022864025268475962,0.002727536974785453
kan_V0-fosls,182.2984594010018,0.0024447947941516036,0.0023107545736942574,0.002727813903268441
kan_V0-fosls,182.4973531155973,0.0024440692621670868,0.0023108015772108927,0.00272809080364042
kan_V0-fosls,182.69624683019276,0.002425752666698265,0.002310848579771459,0.0027283676759099493
kan_V0-fosls,182.89514054478826,0.002404826542149474,0.002310895581376015,0.0027286445200855837
kan_V0-fosls,183.09403425938373,0.0024041219215794763,0.0023142660985556087,0.0027289213361758728
kan_V0-fosls,183.29292797397923,0.0024022861816761915,0.0023239606041838023,0.002713495781836178
kan_V0-fosls,183.49182168857473,0.002401710201321269,0.0023336148364014333,0.0026548807477146928
kan_V0-fosls,183.6907154031702,0.002398168133841875,0.0023432292929944838,0.0025949420438864455
kan_V0-fosls,183.8896091177657,0.0023850184871393506,0.002352804461578134,0.0025335857273186863
kan_V0-fosls,184.08850283236117,0.0023837394707800687,0.002340705004907458,0.0024952630837463676
kan_V0-fosls,184.28739654695667,0.002382459767468505,0.002317832599518938,0.002492777789889824
kan_V0-fosls,184.48629026155214,0.0023736692272644734,0.0023053096337102997,0.002500896152467711
kan_V0-fosls,184.68518397614764,0.0023745959891877644,0.002303181917477596,0.002501744152120983
kan_V0-fosls,184.8840776907431,0.0023900287746988066,0.002301052233808272,0.002502591864430809
kan_V0-fosls,185.0829714053386,0.0024078938056854237,0.00229892057723452,0.0025034392896890884
kan_V0-fosls,185.28186511993408,0.002419386824206405,0.0022967869422631606,0.0025813996597904053
kan_V0-fosls,185.48075883452958,0.0024308212321698256,0.0022946513233754753,0.002657808245376986
kan_V0-fosls,185.67965254912505,0.0024358633394875326,0.002292623756521391,0.0027320807335841496
kan_V0-fosls,185.87854626372055,0.002432663201284546,0.0022934873964749257,0.002804386849286235
kan_V0-fosls,186.07743997831602,0.002428069279407313,0.002294350711336959,0.0028748749652945586
kan_V0-fosls,186.27633369291152,0.002423425331081744,0.0022952137014743287,0.002809770063927845
kan_V0-fosls,186.475227407507,0.0024299382430430392,0.0022960763672531816,0.002739690942617526
kan_V0-fosls,186.6741211221025,0.0024366252201709244,0.002296938709038978,0.0026677715625547625
kan_V0-fosls,186.87301483669796,0.0024432930500295187,0.002293658984865861,0.002641721599360692
kan_V0-fosls,187.07190855129346,0.0024478688623368753,0.0022794492151431804,0.0026653144001828775
kan_V0-fosls,187.27080226588893,0.002437185617741102,0.0022803214961010045,0.002678471339962031
kan_V0-fosls,187.46969598048443,0.0024137880889805257,0.002271183889875699,0.0026914886727352175
kan_V0-fosls,187.6685896950799,0.0024084089888553924,0.0022620093717050566,0.0027044433497350165
kan_V0-fosls,187.8674834096754,0.002403233750737414,0.002252797490617409,0.0027173362670803074
kan_V0-fosls,188.06637712427087,0.0023960736547300734,0.0022435477863826945,0.0027301682997306065
kan_V0-fosls,188.26527083886637,0.002374133662186201,0.0022351649430887408,0.002742940302179013
kan_V0-fosls,188.46416455346184,0.0023582775850348714,0.0022472217791894454,0.0027262787436528996
kan_V0-fosls,188.66305826805734,0.002362402302348998,0.0022592142720233212,0.00266879528805045
kan_V0-fosls,188.8619519826528,0.0023455459935999923,0.002271143440860649,0.002610046128126279
kan_V0-fosls,189.0608456972483,0.002340344474318743,0.0022830102783419175,0.002549943782198665
kan_V0-fosls,189.25973941184378,0.0023655458069742974,0.002290520677434834,0.002488390201274778
kan_V0-fosls,189.45863312643928,0.002374559887997761,0.002279779702420189,0.0024729145076543687
kan_V0-fosls,189.65752684103475,0.0023683402639485198,0.0022635276150071624,0.00249868117098591
kan_V0-fosls,189.85642055563025,0.0023723300721138364,0.0022585559006288707,0.002527039497779743
kan_V0-fosls,190.05531427022572,0.0023806043891539137,0.0022490912425658003,0.0025550831008869855
kan_V0-fosls,190.25420798482122,0.0024196793499535697,0.0022395865865169977,0.002582822231888527
kan_V0-fosls,190.45310169941672,0.0024491011356840126,0.002230041421056465,0.0026102665976173787
kan_V0-fosls,190.6519954140122,0.002451699419717652,0.002220455223765664,0.002637425399842878
kan_V0-fosls,190.8508891286077,0.0024482297716710514,0.0022108274608998568,0.0026643073713135544
kan_V0-fosls,191.04978284320316,0.0024434844050504846,0.002201157587041326,0.0026458562615189244
kan_V0-fosls,191.24867655779866,0.002444287523422293,0.0022069948341613015,0.002611692822905219
kan_V0-fosls,191.44757027239413,0.0024527526560830537,0.0022188489996729805,0.0025770765308407873
kan_V0-fosls,191.64646398698963,0.0024607021626428796,0.0022306401701495714,0.002541988884792008
kan_V0-fosls,191.8453577015851,0.0024433125442517353,0.0022423693393417653,0.0025363199671190255
kan_V0-fosls,192.0442514161806,0.0024013583321413857,0.002254037475144357,0.0025329121429911515
kan_V0-fosls,192.24314513077607,0.0023738254465149504,0.002265645520528369,0.002562037451027255
kan_V0-fosls,192.44203884537157,0.002370345462225377,0.002276277414071561,0.00258372411326928
kan_V0-fosls,192.64093255996704,0.0023663541265556594,0.0022814846177665973,0.0026048145849542053
kan_V0-fosls,192.83982627456254,0.002369551904468802,0.0022866799637025915,0.0026257356589137427
kan_V0-fosls,193.038719989158,0.00240197265885598,0.0022918635325193714,0.0026464913525254923
kan_V0-fosls,193.2376137037535,0.002414755565433116,0.0022961056507265322,0.0026670855268425956
kan_V0-fosls,193.43650741834898,0.002427417044703774,0.0022909653278810668,0.002687521894979512
kan_V0-fosls,193.63540113294448,0.0024323503339814504,0.0022794487812829406,0.0026963413135232496
kan_V0-fosls,193.83429484753995,0.0024221870282515705,0.0022678737529746597,0.0026881877211778686
kan_V0-fosls,194.03318856213545,0.002399589345727198,0.0022562393428824093,0.0026800093226648737
kan_V0-fosls,194.23208227673092,0.0023922924886251853,0.0022445446276047913,0.0026718058901892207
kan_V0-fosls,194.43097599132642,0.002391092783709503,0.0022327886595575066,0.0026635771924479654
kan_V0-fosls,194.6298697059219,0.0023897088212488675,0.0022209704660773166,0.0026553229945541776
kan_V0-fosls,194.8287634205174,0.0023909553895161816,0.002228116355818883,0.002647043057958699
kan_V0-fosls,195.02765713511286,0.0023923866586042794,0.002257907012761425,0.002614604852774724
kan_V0-fosls,195.22655084970836,0.002386823770268211,0.0022838685238920184,0.0025767849411403314
kan_V0-fosls,195.42544456430383,0.0023863758413811783,0.0022742536996481102,0.002538401609206481
kan_V0-fosls,195.62433827889933,0.0023868687077029946,0.0022623804519277713,0.0025294354483729933
kan_V0-fosls,195.8232319934948,0.0023873559602860506,0.0022504445623402285,0.00255458243222448
kan_V0-fosls,196.0221257080903,0.002395514322803955,0.002238445028824361,0.0025794842737597787
kan_V0-fosls,196.22101942268577,0.0023880042006661694,0.0022270092104655042,0.0026041480054171395
kan_V0-fosls,196.41991313728127,0.002385113245954619,0.002226934639680737,0.002570770691386781
kan_V0-fosls,196.61880685187674,0.002378335815578281,0.0022268600663988202,0.0025364137541186243
kan_V0-fosls,196.81770056647224,0.0023703771026672175,0.002226785490619504,0.0025278735718678017
kan_V0-fosls,197.0165942810677,0.0023623903407679493,0.0022267109123425364,0.0025656604961781485
kan_V0-fosls,197.2154879956632,0.002354762648026006,0.0022266363315676667,0.0026028989161991207
kan_V0-fosls,197.41438171025868,0.0023538448560045007,0.002226561748294644,0.0026386333829120315
kan_V0-fosls,197.61327542485418,0.0023491758836032845,0.0022345448714316393,0.0026130291319247856
kan_V0-fosls,197.81216913944968,0.002348484311693779,0.002251251351700191,0.0025871714978248743
kan_V0-fosls,198.01106285404515,0.002349743582839333,0.0022678347635183694,0.002561052805786563
kan_V0-fosls,198.20995656864065,0.0023510015134801275,0.002265770884689518,0.0025346649855349786
kan_V0-fosls,198.40885028323612,0.0023522581079005755,0.00224258883459352,0.002507999542218231
kan_V0-fosls,198.60774399783162,0.0023503318065528364,0.0022191646311574787,0.002513708280810146
kan_V0-fosls,198.8066377124271,0.002338136474484758,0.0022052325744588075,0.0025297295864476913
kan_V0-fosls,199.0055314270226,0.002331947266867267,0.0022134805245457847,0.002512430669560124
kan_V0-fosls,199.20442514161806,0.002316961009093544,0.0022216978547121885,0.002495011815231317
kan_V0-fosls,199.40331885621356,0.002301864536506858,0.0022277540830271973,0.0024842659179132756
kan_V0-fosls,199.60221257080903,0.0022943835488556906,0.002220218230217049,0.0024757076185102683
kan_V0-fosls,199.80110628540453,0.002289381658443386,0.002212656711993954,0.0024739032529341206
kan_V0-fosls,200.0,0.002285576767174056,0.0022050692643261057,0.0024753737518110326
mlp_V0-fosls,0.5432770252227783,0.3780017635188664,0.32982325448203414,0.5028666929032499
mlp_V0-fosls,0.7429334045769097,0.3227849050536246,0.28567051891257794,0.4217660530528372
mlp_V0-fosls,0.9425897839310411,0.2569182557007902,0.23323306862544405,0.3205602620758438
mlp_V0-fosls,1.1422461632851724,0.192658638914722,0.17725582483284,0.21906048247908788
mlp_V0-fosls,1.3419025426393039,0.16995529262800768,0.14969582922175184,0.19545821020761198
mlp_V0-fosls,1.5415589219934351,0.14440727212545793,0.1157499681883556,0.16858329956183474
mlp_V0-fosls,1.7412153013475664,0.12266227434143195,0.09078802887668917,0.1456144443819743
mlp_V0-fosls,1.940871680701698,0.10581431086178605,0.08079937936828846,0.1277031185594713
mlp_V0-fosls,2.1405280600558294,0.08703921019550187,0.06938741402651238,0.10682980186707118
mlp_V0-fosls,2.3401844394099607,0.07666240321895063,0.06260972783384068,0.09466248673460351
mlp_V0-fosls,2.539840818764092,0.06819477420692979,0.05475685969882002,0.08452988486867674
mlp_V0-fosls,2.7394971981182232,0.05895214740421754,0.04444389221324853,0.0734596547600796
mlp_V0-fosls,2.9391535774723545,0.054367998420148944,0.04075477085294651,0.0682826009953598
mlp_V0-fosls,3.138809956826486,0.04935852495323645,0.036696636623667615,0.06267939310421677
mlp_V0-fosls,3.3384663361806175,0.044828558059478184,0.03316408386634926,0.05749611696122114
mlp_V0-fosls,3.5381227155347488,0.041971581149858946,0.03114353084551225,0.053919210535658756
mlp_V0-fosls,3.73777909488888,0.03855554590043561,0.028982452766398124,0.05008751405249583
mlp_V0-fosls,3.9374354742430113,0.03572567784060119,0.027303984398122334,0.04707574873947306
mlp_V0-fosls,4.137091853597143,0.03365709181946072,0.02590395897522792,0.04465639582725414
mlp_V0-fosls,4.336748232951274,0.03145151491985624,0.02442381250271289,0.04209823342111642
mlp_V0-fosls,4.536404612305406,0.02968500373772812,0.023196707064254037,0.040257746726547444
mlp_V0-fosls,4.736060991659537,0.027905800859691368,0.02193599627316434,0.03846921464290072
mlp_V0-fosls,4.935717371013668,0.026114977267627515,0.020382918767409594,0.036602580134870014
mlp_V0-fosls,5.135373750367799,0.02493006708438038,0.01915690721136621,0.03469730426433585
mlp_V0-fosls,5.335030129721931,0.023684777461346528,0.017846871163623358,0.03268114095153682
mlp_V0-fosls,5.534686509076062,0.022485914907224677,0.016761922787858263,0.030850852651562666
mlp_V0-fosls,5.734342888430193,0.02153996948277364,0.016114892562406682,0.029400491124914833
mlp_V0-fosls,5.933999267784325,0.02153458050766079,0.015440772942106822,0.027874767217753765
mlp_V0-fosls,6.133655647138457,0.020300243748810853,0.014629262768838979,0.026435849080899895
mlp_V0-fosls,6.333312026492588,0.018656655346896343,0.013713912977926887,0.025004738297215744
mlp_V0-fosls,6.532968405846719,0.017774484470339184,0.012732929324101529,0.02348658676769316
mlp_V0-fosls,6.7326247852008505,0.017054749300025526,0.012233862892906908,0.02225998827710834
mlp_V0-fosls,6.932281164554982,0.01668387136923529,0.011752044758428266,0.020989074224359108
mlp_V0-fosls,7.131937543909113,0.016463246834938924,0.011230013744354842,0.01978980063550402
mlp_V0-fosls,7.331593923263244,0.015654350273934314,0.010601956167255651,0.01913010527828495
mlp_V0-fosls,7.531250302617376,0.014899369988368775,0.009934271007296993,0.01856070991490586
mlp_V0-fosls,7.730906681971507,0.014363703547258182,0.009502866622888373,0.01807797655506065
mlp_V0-fosls,7.930563061325638,0.014023792022262057,0.00937428434007055,0.01680748390076647
mlp_V0-fosls,8.13021944067977,0.01367538998156731,0.00924391365843375,0.015856835204306828
mlp_V0-fosls,8.329875820033902,0.013630275540124949,0.008936760764511904,0.015254188566684724
mlp_V0-fosls,8.529532199388033,0.013409343526697289,0.00855408124945365,0.015470160073496208
mlp_V0-fosls,8.729188578742164,0.013128967739297908,0.00815527050442341,0.016682536158761255
mlp_V0-fosls,8.928844958096295,0.012387667146883401,0.007977244590209355,0.014663649064223551
mlp_V0-fosls,9.128501337450427,0.011868486494812612,0.007795153975626806,0.013864543702525574
mlp_V0-fosls,9.328157716804558,0.01128727681337213,0.007617340597122652,0.013594721346496141
mlp_V0-fosls,9.52781409615869,0.010868077040973728,0.007458919002910031,0.01314256621127238
mlp_V0-fosls,9.72747047551282,0.01053537877073566,0.007297058832938916,0.012674290699935796
mlp_V0-fosls,9.927126854866952,0.0103681076736797,0.007176333997781468,0.01233321498006952
mlp_V0-fosls,10.126783234221083,0.010521504613746853,0.007092272683109447,0.012104083564578453
mlp_V0-fosls,10.326439613575214,0.010404852675026511,0.007007203006581641,0.012221731331490267
mlp_V0-fosls,10.526095992929346,0.010618125063038188,0.006931560651668453,0.011847568137670817
mlp_V0-fosls,10.725752372283477,0.01027531426393374,0.006857861252086693,0.012218200982217108
mlp_V0-fosls,10.925408751637608,0.010124392376520863,0.006925553598828198,0.013094791748047025
mlp_V0-fosls,11.12506513099174,0.010335421414976141,0.008908321185769815,0.011816410560140378
mlp_V0-fosls,11.324721510345872,0.010273844092732323,0.008662747310797537,0.012488015409552725
mlp_V0-fosls,11.524377889700004,0.009891383603484355,0.008594563701243051,0.012709569960517338
mlp_V0-fosls,11.724034269054135,0.00996599724788819,0.008429274959020404,0.01165322633277642
mlp_V0-fosls,11.923690648408266,0.00934240644974061,0.007650172134139297,0.013265295672036184
mlp_V0-fosls,12.123347027762398,0.009291467204855311,0.007141824307640517,0.013330805097208243
mlp_V0-fosls,12.323003407116529,0.00909352708501702,0.007033062944325516,0.013696380453856518
mlp_V0-fosls,12.52265978647066,0.008495862035397022,0.0060911243986381475,0.0156292170525727
mlp_V0-fosls,12.722316165824791,0.00874444872451656,0.005888367622827824,0.013757197879245021
mlp_V0-fosls,12.921972545178923,0.009089541387703499,0.005814762122901876,0.01138024763827951
mlp_V0-fosls,13.121628924533054,0.008786426444201911,0.005746404277271484,0.011889027062537433
mlp_V0-fosls,13.321285303887185,0.00848313269666389,0.005718479541207655,0.011657657415736435
mlp_V0-fosls,13.520941683241317,0.007955187831189684,0.005690417771005662,0.014067213276833513
mlp_V0-fosls,13.720598062595448,0.007804991366264065,0.005808469363869229,0.014237727939039279
mlp_V0-fosls,13.920254441949579,0.007729654630262669,0.006133643449014186,0.011750639727694523
mlp_V0-fosls,14.11991082130371,0.007653459812600828,0.006442425596641523,0.009137245158424396
mlp_V0-fosls,14.319567200657842,0.007578420757576969,0.006406100720534189,0.008961772642279766
mlp_V0-fosls,14.519223580011973,0.0075576395316525585,0.006196732018693091,0.01030078298818134
mlp_V0-fosls,14.718879959366104,0.0074302185471085865,0.005980037540129967,0.011644422550387543
mlp_V0-fosls,14.918536338720235,0.007440116631297068,0.005751309028040645,0.010371627898641362
mlp_V0-fosls,15.118192718074367,0.007349425414264974,0.005512820641028891,0.009483397778932099
mlp_V0-fosls,15.317849097428498,0.0073842134824234325,0.005289366155346607,0.00969558675163592
mlp_V0-fosls,15.517505476782631,0.007117788259666599,0.0051604791326090825,0.009206286778087082
mlp_V0-fosls,15.717161856136762,0.006920908777001857,0.005028289513429138,0.009012977326186427
mlp_V0-fosls,15.916818235490894,0.007031912803308491,0.005156322602497864,0.009024107849600473
mlp_V0-fosls,16.116474614845025,0.00720871493206692,0.005554930966618914,0.008773481649223343
mlp_V0-fosls,16.316130994199156,0.007200195759893365,0.005710183034527278,0.008586914553628701
mlp_V0-fosls,16.515787373553287,0.007015983196207328,0.005688657599266921,0.008468021887325317
mlp_V0-fosls,16.71544375290742,0.006908791914934382,0.0052075899597369135,0.00950687531828556
mlp_V0-fosls,16.91510013226155,0.0068500318712643015,0.004682873364429597,0.010287972818595193
mlp_V0-fosls,17.11475651161568,0.006595106282952387,0.004863609270424494,0.010005656488139381
mlp_V0-fosls,17.314412890969813,0.006595580939258222,0.005037865353841245,0.011610122321489278
mlp_V0-fosls,17.514069270323944,0.006609863946613847,0.00511629197292488,0.012169803145444524
mlp_V0-fosls,17.713725649678075,0.006425964513807791,0.004952511325847359,0.010622920192806973
mlp_V0-fosls,17.913382029032206,0.0064328593709915005,0.004783125893500732,0.009441780705105469
mlp_V0-fosls,18.113038408386338,0.006406176237217171,0.0051796193486296225,0.00949582153995566
mlp_V0-fosls,18.31269478774047,0.006610046790457454,0.005326237155833199,0.008445036170548936
mlp_V0-fosls,18.5123511670946,0.006745337099623222,0.00507010435976305,0.007732329960672877
mlp_V0-fosls,18.71200754644873,0.006587045477438491,0.005147069736396706,0.0077019136951049045
mlp_V0-fosls,18.911663925802863,0.006393394054966412,0.005238643139974571,0.007907133815824306
mlp_V0-fosls,19.111320305156994,0.006239792948922725,0.004360265227532089,0.007921659651517742
mlp_V0-fosls,19.310976684511125,0.006390758310506632,0.0043466156759262705,0.0074651498167109
mlp_V0-fosls,19.510633063865257,0.006483309477026031,0.004332923125788239,0.0070579512547558
mlp_V0-fosls,19.710289443219388,0.006421028638521141,0.004310920968852602,0.00725631625851717
mlp_V0-fosls,19.90994582257352,0.006122156929963138,0.004273079698157117,0.007773176355885377
mlp_V0-fosls,20.10960220192765,0.005850421010797973,0.004234900307434873,0.008257748826149311
mlp_V0-fosls,20.30925858128178,0.006034170795020465,0.004228423061638532,0.008409123512527848
mlp_V0-fosls,20.508914960635913,0.006111151209687908,0.004241961496440122,0.008438980187961903
mlp_V0-fosls,20.708571339990044,0.006139154098036923,0.004255456859887604,0.008635580141995386
mlp_V0-fosls,20.908227719344175,0.006477531597033433,0.0043064088015968005,0.00782432443639274
mlp_V0-fosls,21.107884098698307,0.0062700500000851785,0.004362047754726545,0.0073473700069656405
mlp_V0-fosls,21.307540478052438,0.006201491093893113,0.0044300987098223705,0.007872099602626116
mlp_V0-fosls,21.50719685740657,0.00607863880345981,0.004574421075224549,0.007060641553605404
mlp_V0-fosls,21.7068532367607,0.0058641758441145475,0.004677370670078084,0.007032410936264144
mlp_V0-fosls,21.906509616114835,0.005562498891180354,0.004670666428413593,0.007101335388163684
mlp_V0-fosls,22.106165995468967,0.00567062197376074,0.004352866621865244,0.008387989023599858
mlp_V0-fosls,22.305822374823098,0.005604639341077488,0.004009958948666094,0.009501986919843533
mlp_V0-fosls,22.50547875417723,0.005686357441568829,0.0041937571637090535,0.008795465629487572
mlp_V0-fosls,22.70513513353136,0.005823581282553445,0.00447478416779145,0.0077704352732166975
mlp_V0-fosls,22.90479151288549,0.005859683522515157,0.004406535136460532,0.007081054509136612
mlp_V0-fosls,23.104447892239623,0.005646819299400013,0.004454877847600814,0.006782824087661725
mlp_V0-fosls,23.304104271593754,0.005425582720194609,0.004168622058582292,0.006470863330882848
mlp_V0-fosls,23.503760650947886,0.005295452662835249,0.0038172425769037455,0.006573681326431086
mlp_V0-fosls,23.703417030302017,0.005324818372453821,0.003965889600465465,0.0062730891615606936
mlp_V0-fosls,23.903073409656148,0.005309526888420799,0.004109162902007355,0.006426493112731187
mlp_V0-fosls,24.10272978901028,0.00543462099801124,0.004107687085238995,0.0067833694334478445
mlp_V0-fosls,24.30238616836441,0.005557809771807448,0.00395059337935173,0.007016198550714295
mlp_V0-fosls,24.502042547718542,0.005717361203619273,0.00378698863316438,0.0072415456454721205
mlp_V0-fosls,24.701698927072673,0.00561686990007407,0.0037981907772777,0.007012186628497921
mlp_V0-fosls,24.901355306426805,0.005600665715745894,0.0038680755924206016,0.006669849254602423
mlp_V0-fosls,25.101011685780936,0.005288717783992883,0.00393625781914142,0.006291645607552436
mlp_V0-fosls,25.300668065135067,0.005251732218670994,0.003977851498406485,0.006346167806989312
mlp_V0-fosls,25.5003244444892,0.0051203012109625,0.004019014738464823,0.006546610067875818
mlp_V0-fosls,25.69998082384333,0.005036927831313376,0.0040207494826949375,0.006437205971525545
mlp_V0-fosls,25.89963720319746,0.0050569963824081245,0.00392321649459201,0.0074208504184050785
mlp_V0-fosls,26.099293582551592,0.004998354295715548,0.003823196166074406,0.008332315734109074
mlp_V0-fosls,26.298949961905723,0.005030689499563616,0.0037505957341619134,0.007985966650623764
mlp_V0-fosls,26.498606341259855,0.0051565562676223545,0.0037011446122368788,0.006995740412969302
mlp_V0-fosls,26.698262720613986,0.005170886814716994,0.003651023763311684,0.005993955398472775
mlp_V0-fosls,26.897919099968117,0.0050325466201303695,0.004075221741912257,0.005852239964172788
mlp_V0-fosls,27.09757547932225,0.004986701182687914,0.004547471911704656,0.005923166927540522
mlp_V0-fosls,27.29723185867638,0.005055896491368891,0.004438458525221983,0.00595986664379678
mlp_V0-fosls,27.49688823803051,0.004920129528911887,0.0043890434622908,0.005913201811933942
mlp_V0-fosls,27.696544617384642,0.004875227733742786,0.0038712335927369983,0.0064746058550878656
mlp_V0-fosls,27.896200996738774,0.004931373590341567,0.003481634120161571,0.006426157125935241
mlp_V0-fosls,28.095857376092905,0.004938359209457426,0.0034954290648861464,0.0057686942939110045
mlp_V0-fosls,28.295513755447036,0.004771498788920591,0.003509169780536194,0.005774277493484466
mlp_V0-fosls,28.495170134801167,0.0047417741060240635,0.003557178740634105,0.005768427865773236
mlp_V0-fosls,28.6948265141553,0.004770216455145054,0.003624837746516926,0.005759062974983221
mlp_V0-fosls,28.89448289350943,0.004640178382945117,0.0036912568028150757,0.005796499213973208
mlp_V0-fosls,29.09413927286356,0.004611321791909321,0.003927773357187304,0.005639722308111906
mlp_V0-fosls,29.293795652217693,0.00458170303028812,0.00417017167094171,0.005847668951902484
mlp_V0-fosls,29.493452031571824,0.004619800191406204,0.004178302623280899,0.006147214951220786
mlp_V0-fosls,29.693108410925955,0.004882634553398858,0.00413935345164909,0.005808772333988526
mlp_V0-fosls,29.892764790280086,0.004818355983865525,0.003950086857072967,0.00673962994584243
mlp_V0-fosls,30.092421169634218,0.004673794119231824,0.003754227572050618,0.006718730805101112
mlp_V0-fosls,30.29207754898835,0.004775400419668591,0.003563356134703486,0.0059151969674973446
mlp_V0-fosls,30.491733928342484,0.004622295405862358,0.003361664650543364,0.005379030768136723
mlp_V0-fosls,30.691390307696615,0.004561654737452964,0.0032898762460098646,0.005485951049080778
mlp_V0-fosls,30.891046687050746,0.004459226175670835,0.003278751580299275,0.005622652607207738
mlp_V0-fosls,31.090703066404878,0.004370201060211904,0.0032675890403430527,0.005723529828479394
mlp_V0-fosls,31.29035944575901,0.004457351973925742,0.003262318929273394,0.005568917750377098
mlp_V0-fosls,31.49001582511314,0.0045008163209464104,0.0032572761865346514,0.005706926014566108
mlp_V0-fosls,31.68967220446727,0.004582717437453861,0.0032531855149996896,0.00584781874319404
mlp_V0-fosls,31.889328583821403,0.004551514584976912,0.00325231290106397,0.0056119897096130154
mlp_V0-fosls,32.088984963175534,0.004554649065014434,0.0032514400529381556,0.005874826719297625
mlp_V0-fosls,32.288641342529665,0.004492399386607539,0.0033065795464558984,0.005733374972062441
mlp_V0-fosls,32.4882977218838,0.004674634856868554,0.0034156364661491316,0.005428263383256814
mlp_V0-fosls,32.68795410123793,0.0045867601085185375,0.003521317458102146,0.00554291974305218
mlp_V0-fosls,32.88761048059206,0.0046001757435456215,0.00352861497605721,0.005397819567671977
mlp_V0-fosls,33.08726685994619,0.00455452793024738,0.00350606825976888,0.005181817268187005
mlp_V0-fosls,33.28692323930032,0.004545846524271445,0.003480238110617739,0.005090734562613561
mlp_V0-fosls,33.48657961865445,0.004544287648791022,0.003356783994479883,0.005153823507105215
mlp_V0-fosls,33.686235998008584,0.00443798751903051,0.0032286127461491113,0.005588598393670063
mlp_V0-fosls,33.885892377362715,0.004483414327991723,0.003194525813316857,0.0055126613742721466
mlp_V0-fosls,34.08554875671685,0.004732004822030405,0.0033840404506547644,0.005117575716939743
mlp_V0-fosls,34.28520513607098,0.004531890241612863,0.0035634904758379353,0.005462256655071971
mlp_V0-fosls,34.48486151542511,0.0045128029801294964,0.0035426571144052256,0.005437598619590068
mlp_V0-fosls,34.68451789477924,0.004467526720354143,0.003367120197989043,0.005014261772305804
mlp_V0-fosls,34.88417427413337,0.004252217561792966,0.0031819141134175172,0.004981168906992552
mlp_V0-fosls,35.0838306534875,0.004312715185921778,0.003146784947745197,0.005178894156424158
mlp_V0-fosls,35.283487032841634,0.004280295702539011,0.003142470831491028,0.005369343133652312
mlp_V0-fosls,35.483143412195766,0.004257662373554534,0.0032379714776290484,0.005480262148740396
mlp_V0-fosls,35.6827997915499,0.004381756399149648,0.0037364169958445676,0.005392849571501546
mlp_V0-fosls,35.88245617090403,0.004501112742474995,0.0037691816421155902,0.005303996585855999
mlp_V0-fosls,36.08211255025816,0.004553897652742512,0.0037590731217353253,0.005209590946160666
mlp_V0-fosls,36.28176892961229,0.004336007056463516,0.0037248330721078083,0.005109975082117157
mlp_V0-fosls,36.48142530896642,0.004395344727651712,0.003533281823346723,0.0052601518751268185
mlp_V0-fosls,36.68108168832055,0.0043120512218341196,0.003191346867210359,0.005050051767082894
mlp_V0-fosls,36.880738067674685,0.004271716650298778,0.003165844350460318,0.00507305144498109
mlp_V0-fosls,37.080394447028816,0.004315034096757476,0.003140134722560428,0.005099956028909096
mlp_V0-fosls,37.28005082638295,0.004243547301374704,0.0030953586831127685,0.004937537260106559
mlp_V0-fosls,37.47970720573708,0.004056282811126698,0.003047872940163958,0.004994613107146135
mlp_V0-fosls,37.67936358509121,0.004117424136449185,0.0030232135999527085,0.005008550933090456
mlp_V0-fosls,37.87901996444534,0.004180756856554703,0.003110835878370159,0.004861950604862052
mlp_V0-fosls,38.07867634379947,0.004197305061562397,0.0031960568288707043,0.0052035233962989475
mlp_V0-fosls,38.2783327231536,0.004368505515083786,0.0032053143568769454,0.005103750195717567
mlp_V0-fosls,38.477989102507735,0.004492409336627172,0.0031180691044434164,0.004780507670870323
mlp_V0-fosls,38.677645481861866,0.004413719709214491,0.0030283113700159156,0.004905854560282838
mlp_V0-fosls,38.877301861216,0.0043463207774075575,0.003015706711727737,0.004806688341776368
mlp_V0-fosls,39.07695824057013,0.004470614565538753,0.0030358343210243445,0.0048040355344962146
mlp_V0-fosls,39.27661461992426,0.004365637644682722,0.003055829360134326,0.0050918063592211085
mlp_V0-fosls,39.47627099927839,0.004239665603821198,0.0030143785089317508,0.004728244903174256
mlp_V0-fosls,39.67592737863252,0.004169690800101886,0.0029706020402534943,0.0047358145788130536
mlp_V0-fosls,39.875583757986654,0.004181232963841441,0.002969916067299038,0.00932648936284676
mlp_V0-fosls,40.075240137340785,0.004142553449576621,0.0031032047081275722,0.014933193221960716
mlp_V0-fosls,40.274896516694916,0.004103342551880079,0.003230999454393219,0.01894774698410165
mlp_V0-fosls,40.47455289604905,0.004122459447605551,0.0032335702590097844,0.016543138967973547
mlp_V0-fosls,40.67420927540318,0.004140768547217467,0.003115265825952947,0.011719137909875221
mlp_V0-fosls,40.87386565475731,0.004018655590532921,0.0029922877055437017,0.005211445409070301
mlp_V0-fosls,41.07352203411144,0.004101253483418894,0.0029438290033754616,0.00493882322998336
mlp_V0-fosls,41.27317841346557,0.004088255445348091,0.00291763350256278,0.004640547023941688
mlp_V0-fosls,41.472834792819704,0.004012483845587243,0.002897048573946516,0.004554383267780295
mlp_V0-fosls,41.672491172173835,0.003974795286056893,0.0030019313143025282,0.004633919904838663
mlp_V0-fosls,41.872147551527966,0.0038290962215684725,0.0031032713048933813,0.004712114219655846
mlp_V0-fosls,42.0718039308821,0.0038794746613780694,0.003135675982512597,0.004786142994029526
mlp_V0-fosls,42.27146031023623,0.004004051103473076,0.0030185901377248036,0.004853984446409588
mlp_V0-fosls,42.47111668959036,0.004058848064808241,0.0028967756164108662,0.004920890697086704
mlp_V0-fosls,42.67077306894449,0.004108337323669971,0.002837901381233983,0.0048551587983355
mlp_V0-fosls,42.87042944829862,0.003992014932771782,0.0028275426570394885,0.0052142170675420684
mlp_V0-fosls,43.070085827652754,0.0040102114521622795,0.0028171458437834048,0.005855450954119465
mlp_V0-fosls,43.26974220700689,0.003937334779519125,0.002867725277771018,0.005519807839781226
mlp_V0-fosls,43.469398586361024,0.0038989510710122233,0.00292820780487539,0.004807857827925602
mlp_V0-fosls,43.669054965715155,0.0038757098243024125,0.0029769463024507327,0.004684775235380303
mlp_V0-fosls,43.868711345069286,0.003879864245406023,0.002943486859062103,0.004565583069470747
mlp_V0-fosls,44.06836772442342,0.003906604407944064,0.0029096426741556224,0.004645572975077422
mlp_V0-fosls,44.26802410377755,0.003940751456188739,0.0028735285001312144,0.004615698166119316
mlp_V0-fosls,44.46768048313168,0.003942429426319604,0.002833880704424729,0.004464740410551238
mlp_V0-fosls,44.66733686248581,0.003907555191930725,0.00279367028347213,0.004724164494596886
mlp_V0-fosls,44.86699324183994,0.003826874880830971,0.002790615764256214,0.004680184992576986
mlp_V0-fosls,45.066649621194074,0.0037905705391208314,0.002807732494042602,0.004393296556070862
mlp_V0-fosls,45.266306000548205,0.0039083358969937,0.002824745505791643,0.0043807516567621226
mlp_V0-fosls,45.46596237990234,0.0038322418165464144,0.0028507858439474325,0.004450768545455855
mlp_V0-fosls,45.66561875925647,0.0037941558223979345,0.002877401504812829,0.004782560214863515
mlp_V0-fosls,45.8652751386106,0.0037647317078405374,0.002901223434131813,0.00481712021584728
mlp_V0-fosls,46.06493151796473,0.003730027636687642,0.0029137303139584268,0.004486954544219456
mlp_V0-fosls,46.26458789731886,0.0037499283447405196,0.002926183738285236,0.004466878944384358
mlp_V0-fosls,46.46424427667299,0.0038079168820979933,0.002937412140850056,0.004439713835611789
mlp_V0-fosls,46.663900656027124,0.0038790815697834127,0.002947186904010525,0.004373281513412315
mlp_V0-fosls,46.863557035381255,0.003804518079721881,0.0029569293547748107,0.004305824363462248
mlp_V0-fosls,47.06321341473539,0.003790987777918875,0.002922118098462828,0.004286575993706138
mlp_V0-fosls,47.26286979408952,0.003817556781721261,0.0028692459892988953,0.004356295630573739
mlp_V0-fosls,47.46252617344365,0.0038410930685102967,0.002815381131010787,0.004390849216836919
mlp_V0-fosls,47.66218255279778,0.003851905681623195,0.0028045067997318337,0.004281498840724105
mlp_V0-fosls,47.86183893215191,0.0038329164536004294,0.0027940987251370408,0.004249770035846296
mlp_V0-fosls,48.06149531150604,0.003843661730375925,0.0027800016923782453,0.0042424566818486395
mlp_V0-fosls,48.261151690860174,0.003799631089033092,0.0027551899682974417,0.004609350039695221
mlp_V0-fosls,48.460808070214306,0.0037537369847901805,0.0027301527637089845,0.0051531343222359196
mlp_V0-fosls,48.66046444956844,0.003739424590508195,0.002722542458858495,0.004652661150905401
mlp_V0-fosls,48.86012082892257,0.0037307026021363666,0.0027308673972121413,0.004246853222376409
mlp_V0-fosls,49.0597772082767,0.003607673706038363,0.002739167034341858,0.004242048439468978
mlp_V0-fosls,49.25943358763083,0.0036154267018879346,0.0028117837395033813,0.004219277564828209
mlp_V0-fosls,49.45908996698496,0.003656112284942946,0.002898723605985172,0.004192882537581251
mlp_V0-fosls,49.65874634633909,0.0036962164527307956,0.0029719215209300293,0.004246405322161766
mlp_V0-fosls,49.858402725693225,0.003731141567348809,0.0028691092413668153,0.004517643426657568
mlp_V0-fosls,50.058059105047356,0.0037643744656887493,0.0027624731946619616,0.004773494118647356
mlp_V0-fosls,50.25771548440149,0.0037386305342283713,0.0026945007358213507,0.00469809745202064
mlp_V0-fosls,50.45737186375562,0.0036600380962630453,0.002712570062508352,0.004373392695549551
mlp_V0-fosls,50.65702824310975,0.003579476632812718,0.0027305198173042666,0.004162381967579464
mlp_V0-fosls,50.85668462246388,0.0037517511157140657,0.002783139449090428,0.009928148866879262
mlp_V0-fosls,51.05634100181801,0.0037913875000574835,0.0028576149387454204,0.014445228914056491
mlp_V0-fosls,51.25599738117214,0.003831081257848796,0.0029301981303656945,0.017543598783734852
mlp_V0-fosls,51.455653760526275,0.0038370987998948723,0.0028632381494060237,0.014052065899243727
mlp_V0-fosls,51.655310139880406,0.003811576994040707,0.002771973342455417,0.009335055103678493
mlp_V0-fosls,51.85496651923454,0.003584540319058689,0.002688398765565125,0.0042096682091962235
mlp_V0-fosls,52.05462289858867,0.0035455743677967784,0.0026740336470190127,0.004212259806377651
mlp_V0-fosls,52.2542792779428,0.00350583646082121,0.0026595909399919977,0.004214849810056347
mlp_V0-fosls,52.45393565729693,0.0036170118948469334,0.002648490107967082,0.0042828597762802
mlp_V0-fosls,52.65359203665106,0.003653437535169477,0.002642473584250769,0.005322828365470856
mlp_V0-fosls,52.853248416005194,0.0036895033313151036,0.0026364433304978743,0.006190485906069362
mlp_V0-fosls,53.052904795359325,0.0036759089946247284,0.002627877354698649,0.005563752606957177
mlp_V0-fosls,53.252561174713456,0.0036448847188204642,0.0026180290214851965,0.004603071535432064
mlp_V0-fosls,53.45221755406759,0.0035137512141069404,0.0026081435012934966,0.004218665906707911
mlp_V0-fosls,53.65187393342172,0.003517316973481203,0.002625224830939255,0.004166282837436898
mlp_V0-fosls,53.85153031277585,0.003520810234783722,0.002643991982418007,0.004318207966378991
mlp_V0-fosls,54.05118669212998,0.003520356817967061,0.0026544554689674786,0.004329467133010894
mlp_V0-fosls,54.25084307148411,0.0035141986450226,0.002633130707970751,0.004182031565851
mlp_V0-fosls,54.450499450838244,0.0035115370903876595,0.00261163182967771,0.004029204683275193
mlp_V0-fosls,54.650155830192375,0.0036587124505944226,0.002597727424007297,0.004022708279911951
mlp_V0-fosls,54.849812209546506,0.0038016746257418356,0.0025924271942301264,0.0040768641160332415
mlp_V0-fosls,55.04946858890064,0.003835889115792793,0.002587116105884733,0.004383478908935866
mlp_V0-fosls,55.24912496825477,0.0037134425426604122,0.00259204456565038,0.0042298995482598295
mlp_V0-fosls,55.4487813476089,0.00359989104300216,0.0026005388671590563,0.004243491159656159
mlp_V0-fosls,55.64843772696303,0.003461310065959588,0.002609005513388607,0.004257039376819439
mlp_V0-fosls,55.84809410631716,0.0034547167948333905,0.0028309559715391287,0.004093844180190734
mlp_V0-fosls,56.047750485671294,0.003448068031257731,0.0030372087283331768,0.004017211288275286
mlp_V0-fosls,56.247406865025425,0.0034655348529812526,0.0031263235566448117,0.004017828608981785
mlp_V0-fosls,56.44706324437956,0.0035086483668998704,0.002913727645097428,0.004053562968036595
mlp_V0-fosls,56.64671962373369,0.0035505777780337104,0.0026843469594629047,0.004088985050171104
mlp_V0-fosls,56.84637600308782,0.003519420242825872,0.002651208947850781,0.004070574082578718
mlp_V0-fosls,57.04603238244195,0.0034624977972798248,0.002797105191199671,0.0040153230303261915
mlp_V0-fosls,57.24568876179608,0.0034053921765535566,0.0029357598703075583,0.003959301038564035
mlp_V0-fosls,57.44534514115021,0.0034090000510259193,0.0028693457656437677,0.0039595220786497855
mlp_V0-fosls,57.645001520504344,0.003481220112427283,0.0027482088004504943,0.0039685728509619
mlp_V0-fosls,57.844657899858476,0.0034835356203730423,0.0026286940289379293,0.003974250801854667
mlp_V0-fosls,58.04431427921261,0.0034070977544709176,0.0026054731578537813,0.003958218111865111
mlp_V0-fosls,58.24397065856674,0.0034635071621326174,0.0025820434649360935,0.003942120217110527
mlp_V0-fosls,58.44362703792087,0.003490286428231006,0.0025776901490803176,0.003936531056782706
mlp_V0-fosls,58.643283417275,0.0034716109484472634,0.002611186709400409,0.003946621583259816
mlp_V0-fosls,58.84293979662913,0.0034577707659589384,0.002644258980892938,0.0039566863764884976
mlp_V0-fosls,59.04259617598326,0.0034447091183631142,0.0026294677720876316,0.0039754260845958345
mlp_V0-fosls,59.242252555337394,0.003423601710261605,0.002582776796437178,0.00399831814734145
mlp_V0-fosls,59.441908934691526,0.0034366999786453467,0.002535226064078132,0.0040210798873729124
mlp_V0-fosls,59.64156531404566,0.003369206251803855,0.0025325315915469227,0.003981008752843541
mlp_V0-fosls,59.84122169339979,0.003336495116767888,0.0025365179791911508,0.003936409837762179
mlp_V0-fosls,60.04087807275392,0.003317180937898052,0.0025400624666520153,0.0039003595041588956
mlp_V0-fosls,60.24053445210806,0.0033196070490836976,0.0025409291748567904,0.0038985834854330247
mlp_V0-fosls,60.44019083146219,0.0033220302142520724,0.002541795587529119,0.0038968066572643294
mlp_V0-fosls,60.63984721081632,0.0033230719766579363,0.0025659928755991488,0.003899159374796456
mlp_V0-fosls,60.83950359017045,0.0033233098180027766,0.0026231391427770237,0.0039060379931432966
mlp_V0-fosls,61.03915996952458,0.003323547641451873,0.002679066719421592,0.003912904519368539
mlp_V0-fosls,61.238816348878714,0.0033316428798341783,0.002658995911390726,0.003920333990405094
mlp_V0-fosls,61.438472728232846,0.0033398981660714136,0.002601857962775716,0.003927946598047003
mlp_V0-fosls,61.63812910758698,0.0033428951630200604,0.002543436741915592,0.003934972362227753
mlp_V0-fosls,61.83778548694111,0.0033266100406263398,0.002523526688704129,0.003896039711214411
mlp_V0-fosls,62.03744186629524,0.0033100477658008186,0.0025058285386257073,0.003856714063969882
mlp_V0-fosls,62.23709824564937,0.003295119957913666,0.002499336457886879,0.003935546478863876
mlp_V0-fosls,62.4367546250035,0.003281274646463735,0.0025347109714485535,0.0038522913927981355
mlp_V0-fosls,62.63641100435763,0.003267300941789162,0.0025695985460458233,0.0038709783049277
mlp_V0-fosls,62.836067383711764,0.003473883515256772,0.002572954667559078,0.0038729907940015245
mlp_V0-fosls,63.035723763065896,0.0035121953575965154,0.0025421893558308225,0.004010775167891927
mlp_V0-fosls,63.23538014242003,0.0035327103385114573,0.002511047136253125,0.004426634535741427
mlp_V0-fosls,63.43503652177416,0.0034995314578357513,0.0024997645008040274,0.004046379851201306
mlp_V0-fosls,63.63469290112829,0.003455481548870709,0.0024952707831434272,0.003830658691695461
mlp_V0-fosls,63.83434928048242,0.0032670114556448745,0.002490710341204913,0.0038210322275102145
mlp_V0-fosls,64.03400565983655,0.0032747468769529003,0.0024822835596289084,0.0038085844036006345
mlp_V0-fosls,64.23366203919068,0.0032823105460813087,0.0024738280734567706,0.003796095762099309
mlp_V0-fosls,64.43331841854481,0.0032814038479734324,0.0024693323686711412,0.003799430208249487
mlp_V0-fosls,64.63297479789894,0.0032737488861214314,0.0024749409416793627,0.0038313554172502164
mlp_V0-fosls,64.83263117725308,0.0032660551224957673,0.0024805368335572915,0.0038630167951002278
mlp_V0-fosls,65.0322875566072,0.003270455535793428,0.0024795634396891403,0.003858823582029115
mlp_V0-fosls,65.23194393596134,0.003277741597898871,0.002473208422384111,0.0038329229162930196
mlp_V0-fosls,65.43160031531546,0.0032831490406910182,0.002466837033462155,0.003806846034089687
mlp_V0-fosls,65.6312566946696,0.003264457539170887,0.0024681469924135494,0.004032484835448655
mlp_V0-fosls,65.83091307402373,0.003245632341877088,0.002471173130867426,0.0042743471985376555
mlp_V0-fosls,66.03056945337786,0.003247225025924373,0.0024741118256612757,0.004462659613386323
mlp_V0-fosls,66.23022583273199,0.0032888875043212192,0.002476139369236471,0.004432401582978373
mlp_V0-fosls,66.42988221208613,0.0033298841328359883,0.0024781652539507134,0.004401935569795291
mlp_V0-fosls,66.62953859144025,0.0033277292503629424,0.0024747910534551583,0.004308637635850966
mlp_V0-fosls,66.82919497079439,0.0032963197167005603,0.002461426353554362,0.004126355427053151
mlp_V0-fosls,67.02885135014851,0.003263994139374086,0.0024479886906769318,0.003935639712126948
mlp_V0-fosls,67.22850772950265,0.0032449573291826617,0.002445780807188785,0.0039598801779949355
mlp_V0-fosls,67.42816410885678,0.0032283721646062845,0.0024504938469477942,0.004077286087579832
mlp_V0-fosls,67.62782048821092,0.003212961735396875,0.0024551978394917536,0.004191404616100308
mlp_V0-fosls,67.82747686756504,0.0032040520968788836,0.0024566681102618075,0.004079114235666318
mlp_V0-fosls,68.02713324691918,0.003195115399162246,0.002457728126404525,0.003954874435738282
mlp_V0-fosls,68.2267896262733,0.003192898243590856,0.0024578360573753173,0.0038562976027721814
mlp_V0-fosls,68.42644600562744,0.0032390611895254788,0.002452744619981589,0.003853727719019915
mlp_V0-fosls,68.62610238498156,0.0033085074089802486,0.0024476425917120768,0.0038511561203797497
mlp_V0-fosls,68.8257587643357,0.003322312435195063,0.002445483082499289,0.003833562738574499
mlp_V0-fosls,69.02541514368984,0.003298641754490154,0.002447357228837798,0.0038008146630701236
mlp_V0-fosls,69.22507152304397,0.003274798839370611,0.002449229941083324,0.0037677819649537736
mlp_V0-fosls,69.4247279023981,0.0032592198378335107,0.0024486977471858714,0.003761867366551495
mlp_V0-fosls,69.62438428175223,0.0032386720263166613,0.002447088352490437,0.0037641026419883193
mlp_V0-fosls,69.82404066110637,0.003221995021906683,0.0024454778986356756,0.0037663203820900155
mlp_V0-fosls,70.02369704046049,0.003193277732533188,0.002445023728705399,0.003768130826167277
mlp_V0-fosls,70.22335341981463,0.003164243538993405,0.002444619609347743,0.003769940400812392
mlp_V0-fosls,70.42300979916875,0.0031599225433784676,0.002442845388588669,0.003768132458137762
mlp_V0-fosls,70.62266617852289,0.0031803068067349544,0.0024363768933317272,0.003758131171199935
mlp_V0-fosls,70.82232255787702,0.0032005259449872153,0.0024298911786688297,0.0037481031973276646
mlp_V0-fosls,71.02197893723115,0.003188940553452581,0.002435471576753658,0.0037362108364175296
mlp_V0-fosls,71.22163531658528,0.0031678023340668167,0.002453282060073796,0.0037229212380091663
mlp_V0-fosls,71.42129169593942,0.003149530349808069,0.0024709641703968338,0.0037095840298712237
mlp_V0-fosls,71.62094807529354,0.00314745153122174,0.00245689080704207,0.003710388926307231
mlp_V0-fosls,71.82060445464768,0.003147593482554522,0.002432758554024797,0.003713802254536912
mlp_V0-fosls,72.0202608340018,0.0031470573049553552,0.002409381603564895,0.003717913310091526
mlp_V0-fosls,72.21991721335594,0.003144712347083468,0.0024176718820647894,0.0037275371833763063
mlp_V0-fosls,72.41957359271007,0.0031423629148384976,0.0024259338299006537,0.003737136273344899
mlp_V0-fosls,72.6192299720642,0.003149468106750823,0.0024354866651284035,0.003746319427855377
mlp_V0-fosls,72.81888635141833,0.0031632796197433475,0.0024481016377697275,0.0037548469876203167
mlp_V0-fosls,73.01854273077247,0.0031778289527783234,0.002460651938345482,0.0037633552244448164
mlp_V0-fosls,73.21819911012659,0.0031780741773841893,0.0024611965367258054,0.00375097047789688
mlp_V0-fosls,73.41785548948073,0.003177058026463379,0.0024525056973587716,0.003727186640487813
mlp_V0-fosls,73.61751186883485,0.0031732909240879343,0.002443783950917792,0.0037032500563704473
mlp_V0-fosls,73.81716824818899,0.0031497003081647212,0.0025311472929312544,0.003732782983361405
mlp_V0-fosls,74.01682462754312,0.0031257885879268565,0.002633820121499204,0.003767260762527576
mlp_V0-fosls,74.21648100689725,0.0031122996546843135,0.002711846534267518,0.003791624292390057
mlp_V0-fosls,74.41613738625138,0.0031150390922534167,0.002599651125456646,0.0037708107664925885
mlp_V0-fosls,74.61579376560552,0.003117729148912148,0.002482390042430323,0.0037498817179679724
mlp_V0-fosls,74.81545014495964,0.003123879927071857,0.0024031342946490637,0.003743190858547448
mlp_V0-fosls,75.01510652431378,0.0031321119716812007,0.0023970718969822296,0.0037541737067021555
mlp_V0-fosls,75.2147629036679,0.0031403178446201595,0.0023909941280742444,0.003765124518083621
mlp_V0-fosls,75.41441928302204,0.0031371361095518737,0.0023930067830323187,0.003748720299742524
mlp_V0-fosls,75.61407566237617,0.003132764406789756,0.0023996576225042434,0.003721305090987747
mlp_V0-fosls,75.8137320417303,0.0031288878623561985,0.0024062900795304696,0.0036936864071982285
mlp_V0-fosls,76.01338842108443,0.0031285585242297204,0.00239874651392329,0.0036952235730209667
mlp_V0-fosls,76.21304480043857,0.003128187012578022,0.0023896489838616955,0.0036972058944023784
mlp_V0-fosls,76.41270117979269,0.0031298261228996493,0.002384457033353211,0.003696643870261064
mlp_V0-fosls,76.61235755914683,0.0031335936947825167,0.0023983680023672675,0.0036885829533589657
mlp_V0-fosls,76.81201393850095,0.0031373567341015218,0.002412198749201797,0.003680504381750144
mlp_V0-fosls,77.01167031785509,0.003151280030458896,0.002414323210209144,0.0036798196555685543
mlp_V0-fosls,77.21132669720922,0.0031686229200961332,0.0024014759020316995,0.003685896350415587
mlp_V0-fosls,77.41098307656335,0.003185586321105544,0.0023885594932350628,0.0036919630434912552
mlp_V0-fosls,77.61063945591748,0.0031737775230063483,0.002389013248740184,0.00367907807211717
mlp_V0-fosls,77.81029583527162,0.0031618526052227852,0.0023950551785396966,0.0036610971626859392
mlp_V0-fosls,78.00995221462574,0.0031568802944552657,0.002401081904859454,0.003644611212445421
mlp_V0-fosls,78.20960859397988,0.003170625250634803,0.0023894932727641545,0.003653051530243007
mlp_V0-fosls,78.409264973334,0.0031843106029670843,0.0023773683635333275,0.0036614723917214867
mlp_V0-fosls,78.60892135268814,0.00317620704837922,0.0023697459835450374,0.0036685538027871867
mlp_V0-fosls,78.80857773204227,0.003149508163878953,0.002376422367813025,0.003672921236025436
mlp_V0-fosls,79.0082341113964,0.003122578977074266,0.0023830800477441572,0.0036772834821575716
mlp_V0-fosls,79.20789049075053,0.0031093854290164197,0.0023783028134210585,0.003694274024276117
mlp_V0-fosls,79.40754687010467,0.0030994888941566724,0.0023624086057847287,0.00371968320015195
mlp_V0-fosls,79.60720324945879,0.003090945079683137,0.0023464067356374885,0.0037449199794580426
mlp_V0-fosls,79.80685962881293,0.0030996614939177315,0.0023648515128576685,0.0037256727243521336
mlp_V0-fosls,80.00651600816705,0.0031082730634909546,0.002392904727554048,0.003699303626125493
mlp_V0-fosls,80.20617238752119,0.003109242974438606,0.0024193639624731536,0.003673547663312259
mlp_V0-fosls,80.40582876687532,0.0030953990009738993,0.0024187268790345283,0.0036528603224238168
mlp_V0-fosls,80.60548514622946,0.0030814760396056795,0.002418089627746337,0.003632055153167349
mlp_V0-fosls,80.80514152558358,0.0030760564448648374,0.002414120695066085,0.003620531743203756
mlp_V0-fosls,81.00479790493772,0.0030760759282381193,0.0024027908158014686,0.003622995301703402
mlp_V0-fosls,81.20445428429184,0.003076669001449545,0.002391407259053426,0.00362545718617443
mlp_V0-fosls,81.40411066364598,0.00307758691329148,0.002395672379468081,0.003622469640581065
mlp_V0-fosls,81.6037670430001,0.0030792072882246434,0.002411198109255256,0.0036167871134313917
mlp_V0-fosls,81.80342342235424,0.0030795786289208663,0.0024266245062650287,0.003611095644099619
mlp_V0-fosls,82.00307980170837,0.003072881119106372,0.0024076612969069033,0.0036092610740101312
mlp_V0-fosls,82.2027361810625,0.003066149078973287,0.002382342475156744,0.003607678774935529
mlp_V0-fosls,82.40239256041663,0.003067245417082409,0.0023590826858233805,0.0036090716019043824
mlp_V0-fosls,82.60204893977077,0.0030783458552616485,0.0023532957181737115,0.003621846606358629
mlp_V0-fosls,82.80170531912489,0.003097229555345098,0.002347494484721486,0.00363805119415879
mlp_V0-fosls,83.00136169847903,0.0030870989964749563,0.0023455273260432024,0.0037425574860976843
mlp_V0-fosls,83.20101807783315,0.003072202394362091,0.002349692396525992,0.003852644049144397
mlp_V0-fosls,83.40067445718729,0.0030603154960791327,0.0023538500970471227,0.003942765636201596
mlp_V0-fosls,83.60033083654142,0.0030526021050287988,0.002359298200609076,0.0037962847407647417
mlp_V0-fosls,83.79998721589556,0.0030450122045912248,0.002365422388013809,0.003643920252134257
mlp_V0-fosls,83.99964359524968,0.003040399178125216,0.002371530760508215,0.0036051339626598307
mlp_V0-fosls,84.19929997460382,0.0030445056387438225,0.002377191825636191,0.0035947404344027728
mlp_V0-fosls,84.39895635395794,0.0030485986084733247,0.002382802409437885,0.0035843167679122765
mlp_V0-fosls,84.59861273331208,0.003050879037636583,0.002382736498842041,0.0035776998951530872
mlp_V0-fosls,84.7982691126662,0.0030516143570878196,0.002358177867820653,0.0035809303208840055
mlp_V0-fosls,84.99792549202034,0.00305234512913763,0.002333360771429118,0.003584157835011517
mlp_V0-fosls,85.19758187137447,0.003052790351303996,0.0023286963798388365,0.003583717750912085
mlp_V0-fosls,85.3972382507286,0.003056295474133404,0.002348097522046275,0.0035802667051691344
mlp_V0-fosls,85.59689463008273,0.0030753444208227437,0.00236733967072856,0.003576812329726418
mlp_V0-fosls,85.79655100943687,0.003064045127529988,0.002362878331148427,0.0035773507895109154
mlp_V0-fosls,85.996207388791,0.003052456761818408,0.002349369539937166,0.0035787847310133278
mlp_V0-fosls,86.19586376814513,0.003049353947904162,0.002335782623139056,0.0035827706601694598
mlp_V0-fosls,86.39552014749927,0.0030550494929235095,0.002337176195428789,0.0036141215099545427
mlp_V0-fosls,86.5951765268534,0.0030730057148843815,0.0023386866726962533,0.0036452027342880515
mlp_V0-fosls,86.79483290620753,0.003070678354282895,0.002340682691451419,0.0036725898411381444
mlp_V0-fosls,86.99448928556166,0.0030396601019053184,0.0023440657225580414,0.0036935209475191634
mlp_V0-fosls,87.1941456649158,0.0030451782668277434,0.0023474438781966324,0.003714334104290381
mlp_V0-fosls,87.39380204426992,0.0030386982198299826,0.0023497388786819515,0.0036920780100649646
mlp_V0-fosls,87.59345842362406,0.003030172609291726,0.0023510645204286185,0.0036431274896326486
mlp_V0-fosls,87.79311480297818,0.0030227012725315455,0.002352389415136658,0.003599096996045662
mlp_V0-fosls,87.99277118233232,0.003022783653511719,0.0023642596618954786,0.004256767023501482
mlp_V0-fosls,88.19242756168644,0.0030228462683119456,0.002378773472491125,0.004825622425946113
mlp_V0-fosls,88.39208394104058,0.0030199882357799185,0.002390835417559661,0.004824095784814592
mlp_V0-fosls,88.5917403203947,0.003012848060067577,0.0023673423355973777,0.0042539206164263444
mlp_V0-fosls,88.79139669974884,0.0030056379530465868,0.0023436137638198,0.0036822220989511396
mlp_V0-fosls,88.99105307910297,0.003017733868551977,0.0023286365775651297,0.0036955551087616842
mlp_V0-fosls,89.1907094584571,0.0030393872041609873,0.0023317838465329466,0.0036495705690292183
mlp_V0-fosls,89.39036583781123,0.003060846409510258,0.002334926873272422,0.0036029991832852177
mlp_V0-fosls,89.59002221716537,0.0030458572596845646,0.002333397105043726,0.003612755181911932
mlp_V0-fosls,89.7896785965195,0.0030281187352007933,0.0023287323109331287,0.0036472872321038786
mlp_V0-fosls,89.98933497587363,0.003015819368932359,0.002324058153777882,0.0036814953894449523
mlp_V0-fosls,90.18899135522776,0.0030261530750802365,0.002341530174300442,0.003646554952680891
mlp_V0-fosls,90.3886477345819,0.0030362779667853093,0.002362235243776367,0.003608447130870236
mlp_V0-fosls,90.58830411393602,0.0030366980363557955,0.0023775947257281076,0.003845855265799733
mlp_V0-fosls,90.78796049329016,0.0030255510199138054,0.002359643451199909,0.004174997497506594
mlp_V0-fosls,90.98761687264428,0.003014138496044936,0.0023415545592129867,0.004480022933299887
mlp_V0-fosls,91.18727325199842,0.0030121170522430943,0.0023373418145492624,0.004223187015286966
mlp_V0-fosls,91.38692963135254,0.0030137171289257763,0.0023538718254302307,0.0038421604782627613
mlp_V0-fosls,91.58658601070668,0.003015231975292237,0.0023702865613819905,0.0035639638187211706
mlp_V0-fosls,91.7862423900608,0.0030030348136974847,0.0023582361165922603,0.0035584356541328074
mlp_V0-fosls,91.98589876941494,0.0029907853642010336,0.002331976980849613,0.0035481873993702885
mlp_V0-fosls,92.18555514876907,0.002983149645479381,0.0023054187682121476,0.0035385699441902937
mlp_V0-fosls,92.38521152812321,0.002987769713652815,0.0023127764279322854,0.003546856958093306
mlp_V0-fosls,92.58486790747733,0.002992365069818706,0.0023223555258792,0.0035551246549766578
mlp_V0-fosls,92.78452428683147,0.0029903767550875327,0.0023298137454025865,0.0035555061949285225
mlp_V0-fosls,92.9841806661856,0.002982804326677242,0.0023292322129215824,0.003537764354845865
mlp_V0-fosls,93.18383704553973,0.0029870161704746824,0.00232865053521483,0.0035199330900829422
mlp_V0-fosls,93.38349342489386,0.0029850646022486858,0.002325933791399467,0.0035111965603305166
mlp_V0-fosls,93.583149804248,0.0029879713618461475,0.0023208302482109304,0.0035093123823097235
mlp_V0-fosls,93.78280618360212,0.002987943771381989,0.002315715457487755,0.003507427192115019
mlp_V0-fosls,93.98246256295626,0.0029816184884825713,0.002310052129558852,0.0035071014462787074
mlp_V0-fosls,94.18211894231038,0.0029824111954513638,0.0023041864095383357,0.0035070716348233177
mlp_V0-fosls,94.38177532166452,0.002988120606589516,0.002298453987109866,0.0035082203450471677
mlp_V0-fosls,94.58143170101864,0.002978271253137919,0.00231106335383446,0.0035189787921253352
mlp_V0-fosls,94.78108808037278,0.002968344647590796,0.0023236042950579884,0.0035297044478897815
mlp_V0-fosls,94.9807444597269,0.00297012209231229,0.0023305758800305347,0.003526569422039245
mlp_V0-fosls,95.18040083908105,0.0029819197511266457,0.0023230756351815085,0.00350054275637201
mlp_V0-fosls,95.38005721843517,0.002993647677125808,0.002315551096600513,0.003490137368742737
mlp_V0-fosls,95.57971359778931,0.0029877079568574215,0.002307860627313277,0.0034969642142883913
mlp_V0-fosls,95.77936997714343,0.002994771585128086,0.0023000254439151597,0.003524082605522259
mlp_V0-fosls,95.97902635649757,0.0029991411653671153,0.002292163478072936,0.0035594799783793363
mlp_V0-fosls,96.1786827358517,0.002988645889932073,0.0023126513944289025,0.003558732499940724
mlp_V0-fosls,96.37833911520583,0.002978097433308318,0.0023394024783259812,0.0035558174067122856
mlp_V0-fosls,96.57799549455996,0.002969616436715978,0.002363663206290323,0.00366297876575082
mlp_V0-fosls,96.7776518739141,0.0029640782768181415,0.002362670501463619,0.0038316493462999942
mlp_V0-fosls,96.97730825326822,0.0029585271364798472,0.002361677379364516,0.003993201721383589
mlp_V0-fosls,97.17696463262236,0.0029648680606037025,0.002360980351598384,0.0038796343183447536
mlp_V0-fosls,97.37662101197648,0.0029801007688792175,0.0023608387819306674,0.0037043865167986764
mlp_V0-fosls,97.57627739133062,0.0029941213014876107,0.002360697203773098,0.00353919610867046
mlp_V0-fosls,97.77593377068474,0.0029771824803251964,0.0023521245057228062,0.003533324355866469
mlp_V0-fosls,97.97559015003888,0.0029688560553113256,0.0023382136038389515,0.0035274428290037914
mlp_V0-fosls,98.17524652939301,0.002963507271033319,0.002324219444014124,0.003596964216726893
mlp_V0-fosls,98.37490290874715,0.0029613099692270516,0.002332190326749329,0.0037857381847153206
mlp_V0-fosls,98.57455928810127,0.0029591103726383217,0.002343050729062928,0.003965535982690044
mlp_V0-fosls,98.77421566745541,0.002957565977846171,0.002353708748175929,0.003986385538814511
mlp_V0-fosls,98.97387204680953,0.0029639519898427957,0.002363465080550845,0.003921693645426069
mlp_V0-fosls,99.17352842616367,0.002973842809205963,0.002373181304225728,0.0038559165490296764
mlp_V0-fosls,99.3731848055178,0.0029807049826116607,0.002368208435609926,0.003821446645043577
mlp_V0-fosls,99.57284118487193,0.0029866318227074135,0.0023427038842083257,0.0037896783461845067
mlp_V0-fosls,99.77249756422606,0.002991604954101423,0.002316918596687322,0.003771874788709118
mlp_V0-fosls,99.9721539435802,0.0029777069990669686,0.0023193311808456145,0.003816036513570402
mlp_V0-fosls,100.17181032293432,0.0029637121138451207,0.002334614742891984,0.0038596929831407082
mlp_V0-fosls,100.37146670228846,0.002954794992226694,0.002349798899696419,0.0038613298849268342
mlp_V0-fosls,100.57112308164258,0.0029572849518682857,0.002344976965166401,0.0038129121717542574
mlp_V0-fosls,100.77077946099672,0.0029597370047525808,0.0023391993573512572,0.0037638716740604253
mlp_V0-fosls,100.97043584035085,0.002962524987104148,0.002336420618862607,0.0037295643317799016
mlp_V0-fosls,101.17009221970498,0.0029650275520200853,0.0023441265613205753,0.0037007701257927724
mlp_V0-fosls,101.36974859905911,0.0029674405174131687,0.002351807254587612,0.0036717501199068077
mlp_V0-fosls,101.56940497841325,0.00296114978459778,0.0023500304165437655,0.0036789375107080234
mlp_V0-fosls,101.76906135776737,0.002953748579526517,0.00233841282396114,0.003686233243882556
mlp_V0-fosls,101.96871773712151,0.0029481472355228867,0.0023267372244950564,0.003691985902775238
mlp_V0-fosls,102.16837411647563,0.002953192536299917,0.0023306080741824415,0.00369353464773734
mlp_V0-fosls,102.36803049582977,0.002958210633976685,0.002339421497957084,0.0036950827435635733
mlp_V0-fosls,102.5676868751839,0.002963887279323833,0.0023476977492204215,0.003711098633772377
mlp_V0-fosls,102.76734325453803,0.0029708316975003562,0.0023369668375024895,0.0037394182384029415
mlp_V0-fosls,102.96699963389217,0.00297775724269766,0.002326186423629487,0.003767524977198414
mlp_V0-fosls,103.1666560132463,0.0029815373499330806,0.002317936483901389,0.0037424731781136793
mlp_V0-fosls,103.36631239260043,0.0029839252514566187,0.0023158743610090524,0.003704399737509338
mlp_V0-fosls,103.56596877195456,0.002986250920273519,0.0023138104003044497,0.003670327240256347
mlp_V0-fosls,103.7656251513087,0.002976537919243987,0.0023054043877355807,0.0036882864786526083
mlp_V0-fosls,103.96528153066282,0.002965725612182878,0.0022919756641811176,0.0037061586915100564
mlp_V0-fosls,104.16493791001696,0.002960784152489503,0.002278467796438316,0.0037146763152043323
mlp_V0-fosls,104.36459428937108,0.0029614155221302733,0.002288981836499907,0.0037058304544490854
mlp_V0-fosls,104.56425066872522,0.00296508593676745,0.0023043804233344647,0.003696963427937121
mlp_V0-fosls,104.76390704807935,0.0029606838251854143,0.0023191051758822663,0.003696911874770355
mlp_V0-fosls,104.96356342743348,0.0029472002221436503,0.0023283857468296277,0.0037022905534498064
mlp_V0-fosls,105.16321980678761,0.0029336405439523774,0.0023376294734783797,0.003707661429325672
mlp_V0-fosls,105.36287618614175,0.0029438305727408887,0.002339856969314357,0.003717519022611085
mlp_V0-fosls,105.56253256549587,0.002962043615759291,0.002329855337292294,0.0037279075029711785
mlp_V0-fosls,105.76218894485001,0.002979826793194226,0.0023198105846318155,0.0037388641202014067
mlp_V0-fosls,105.96184532420413,0.002969084394181563,0.0023189993941861034,0.003752946138442637
mlp_V0-fosls,106.16150170355827,0.0029582053053789506,0.0023235676551023278,0.0037669755144908454
mlp_V0-fosls,106.3611580829124,0.0029544591449195525,0.002328126952174203,0.0037629887553715137
mlp_V0-fosls,106.56081446226653,0.002957771060990895,0.0023150293487008114,0.003734948287518586
mlp_V0-fosls,106.76047084162066,0.002963589953909598,0.0022998913161787976,0.0037066957047785284
mlp_V0-fosls,106.9601272209748,0.0029624464967166523,0.0022881896157158623,0.0036897656275346486
mlp_V0-fosls,107.15978360032892,0.002956020255021277,0.002293860642790523,0.003677717765658514
mlp_V0-fosls,107.35943997968306,0.002950376344336838,0.0022995176841278694,0.0036656303061744157
mlp_V0-fosls,107.55909635903718,0.002952140323932596,0.002305613205191356,0.003674573541076482
mlp_V0-fosls,107.75875273839132,0.0029558961496487257,0.0023122757160910687,0.00368430139919991
mlp_V0-fosls,107.95840911774545,0.002960256081349137,0.002318919084939397,0.0036850861335472013
mlp_V0-fosls,108.15806549709959,0.002954290482807622,0.002325596482109337,0.003656430648380041
mlp_V0-fosls,108.35772187645371,0.0029491011612952857,0.0023322770116406977,0.0036275488089292374
mlp_V0-fosls,108.55737825580785,0.0029446189918961464,0.002338938460168631,0.0036102529646598143
mlp_V0-fosls,108.75703463516197,0.0029401803946491863,0.002328730699413504,0.0036045530061437794
mlp_V0-fosls,108.95669101451611,0.0029357322885587285,0.002317982697655521,0.0035988440198715652
mlp_V0-fosls,109.15634739387023,0.0029313329667283207,0.00231115526514739,0.003603891979880634
mlp_V0-fosls,109.35600377322437,0.0029272151617945373,0.0023168640646850634,0.003612066779712901
mlp_V0-fosls,109.5556601525785,0.002923057498632642,0.002322558832158937,0.0037165600842121115
mlp_V0-fosls,109.75531653193264,0.0029363226175005783,0.0023265284109272076,0.005475684562375707
mlp_V0-fosls,109.95497291128676,0.0029511300987838177,0.002328834451261117,0.0067936311346524685
mlp_V0-fosls,110.1546292906409,0.002962923469252291,0.002331138210383473,0.007221151513785979
mlp_V0-fosls,110.35428566999502,0.002961318987340483,0.0023331891529719496,0.005999187794169273
mlp_V0-fosls,110.55394204934916,0.002959709567546533,0.0023351660671971156,0.004453703985938502
mlp_V0-fosls,110.75359842870328,0.002958179781846069,0.0023363241529542737,0.0036165348670596756
mlp_V0-fosls,110.95325480805742,0.0029563208419166624,0.0023197010791922617,0.0036047003533790805
mlp_V0-fosls,111.15291118741155,0.002954431922202823,0.002302958020879667,0.0035928268578716955
mlp_V0-fosls,111.35256756676569,0.002945461835830417,0.0022907381145954695,0.00359284188934696
mlp_V0-fosls,111.55222394611981,0.0029340042533018175,0.002289080797336313,0.003594879039053855
mlp_V0-fosls,111.75188032547395,0.0029225420162350226,0.002287422279293287,0.003595440816811025
mlp_V0-fosls,111.95153670482807,0.00293593055801724,0.002282372104523087,0.0035856419427219783
mlp_V0-fosls,112.15119308418221,0.0029494204000377108,0.0022747679133388195,0.0035758162167012094
mlp_V0-fosls,112.35084946353633,0.0029613564275120753,0.0022671382171377537,0.0035954950144047658
mlp_V0-fosls,112.55050584289047,0.0029689480784255264,0.0022697307560459222,0.003659616535815518
mlp_V0-fosls,112.7501622222446,0.0029765168610905337,0.0022742611936350235,0.003722633742368323
mlp_V0-fosls,112.94981860159874,0.0029764444064600227,0.0022785640947349676,0.0037196284283943916
mlp_V0-fosls,113.14947498095286,0.002969708035052708,0.002281060442077587,0.00368352588215807
mlp_V0-fosls,113.349131360307,0.0029629148026024564,0.002283554060452043,0.0036470659719474536
mlp_V0-fosls,113.54878773966112,0.0029628126180564736,0.002282044713701419,0.0036658483130790113
mlp_V0-fosls,113.74844411901526,0.0029642479952512913,0.0022738979366632986,0.003688312956284208
mlp_V0-fosls,113.94810049836939,0.002965259443895485,0.002265721866732681,0.003704551512557521
mlp_V0-fosls,114.14775687772352,0.0029612989657276496,0.0022635594828517426,0.003697188814496275
mlp_V0-fosls,114.34741325707765,0.0029573291718675756,0.0022647249947909997,0.0036898114248400996
mlp_V0-fosls,114.54706963643179,0.002958029420055191,0.002265889907222798,0.003693634312564725
mlp_V0-fosls,114.74672601578591,0.002967721670965575,0.0022682018772876116,0.0037097359465414264
mlp_V0-fosls,114.94638239514005,0.002977364762901636,0.0022706216111079668,0.0037257679948123107
mlp_V0-fosls,115.14603877449417,0.0029776271360718413,0.002272003190731436,0.0037139920527106043
mlp_V0-fosls,115.34569515384831,0.002971815845533495,0.0022686708028078436,0.0036926853206483996
mlp_V0-fosls,115.54535153320244,0.002965993164283811,0.0022653335128258153,0.0036720167258490967
mlp_V0-fosls,115.74500791255657,0.002958647033614554,0.0022645341306111347,0.0036969288153431076
mlp_V0-fosls,115.9446642919107,0.002950925762470789,0.0022668721507792043,0.0037216741523826142
mlp_V0-fosls,116.14432067126484,0.002944166046593652,0.002269207762029283,0.0037373881284486843
mlp_V0-fosls,116.34397705061896,0.0029450736596052986,0.0022730680738496916,0.0037309926032849045
mlp_V0-fosls,116.5436334299731,0.002945949906789986,0.00227752849285017,0.003724586096315156
mlp_V0-fosls,116.74328980932722,0.0029484694075391756,0.0022819801934140416,0.0037078101636903037
mlp_V0-fosls,116.94294618868136,0.0029531386314496366,0.0022826986551384527,0.0036826780217484784
mlp_V0-fosls,117.14260256803549,0.002957799220635853,0.0022833509224795805,0.00365737318492022
mlp_V0-fosls,117.34225894738962,0.0029493933078211616,0.0022825890535272215,0.0037044096210723464
mlp_V0-fosls,117.54191532674375,0.002934648461728641,0.002277594629267328,0.0037655329128272394
mlp_V0-fosls,117.74157170609789,0.0029198179084224986,0.002272589228886834,0.003813190114110552
mlp_V0-fosls,117.94122808545201,0.0029201297313251728,0.002268620924206255,0.0037456793305648867
mlp_V0-fosls,118.14088446480615,0.002921436074602315,0.0022656201364450713,0.0036769292145065226
mlp_V0-fosls,118.34054084416027,0.002922690950707677,0.002262615368900407,0.0036598846828021173
mlp_V0-fosls,118.54019722351441,0.002922187149107591,0.0022647623357101676,0.0037320927144004995
mlp_V0-fosls,118.73985360286854,0.0029215967383835317,0.002268305661766282,0.0038029299449704543
mlp_V0-fosls,118.93950998222267,0.0029174171562115123,0.0022719792407732862,0.003801616846930813
mlp_V0-fosls,119.1391663615768,0.002909654198067488,0.0022780225194010853,0.003759770670436116
mlp_V0-fosls,119.33882274093094,0.002904765514238893,0.002284049808408779,0.0037174534748500997
mlp_V0-fosls,119.53847912028506,0.0029044981592465753,0.0022880279064162513,0.003721112874422917
mlp_V0-fosls,119.7381354996392,0.002905541137106624,0.0022876969303354546,0.0037293627937865425
mlp_V0-fosls,119.93779187899334,0.002907570187839132,0.002287365906363254,0.0037242939524059528
mlp_V0-fosls,120.13744825834746,0.0029103712583489526,0.0022828801127514585,0.00365781749073235
mlp_V0-fosls,120.3371046377016,0.0029141336973645417,0.002275468882041575,0.003590110325197183
mlp_V0-fosls,120.53676101705572,0.0029181561265715548,0.002268033433854748,0.0036179407677646206
mlp_V0-fosls,120.73641739640986,0.0029224344678755792,0.002268441824608018,0.003759550742739819
mlp_V0-fosls,120.93607377576399,0.002926705945494338,0.0022701689021510556,0.0038960169629273594
mlp_V0-fosls,121.13573015511813,0.002926390168894947,0.002271164905621525,0.003840351663182174
mlp_V0-fosls,121.33538653447225,0.0029227401262458593,0.002266956033788923,0.0037075182542318274
mlp_V0-fosls,121.53504291382639,0.002919067477532271,0.002262739333139631,0.0035697454130537475
mlp_V0-fosls,121.73469929318051,0.0029189570651445345,0.002260093172277225,0.0036944724198249663
mlp_V0-fosls,121.93435567253465,0.002919679733009375,0.0022599038311688683,0.0038174614511036955
mlp_V0-fosls,122.13401205188877,0.0029196971690327624,0.0022597144741956505,0.003912415305613245
mlp_V0-fosls,122.33366843124291,0.002906584046110321,0.002263478811663158,0.003937504167909858
mlp_V0-fosls,122.53332481059704,0.0028973671195409107,0.002269279547073306,0.003962434178761614
mlp_V0-fosls,122.73298118995118,0.002902999893813973,0.002275065492394098,0.003891492593587967
mlp_V0-fosls,122.9326375693053,0.002913039578975229,0.0022736253846784766,0.0037313403266367464
mlp_V0-fosls,123.13229394865944,0.002922961735962645,0.0022716110503026694,0.0035639986897333673
mlp_V0-fosls,123.33195032801356,0.0029232121578258758,0.0022723105509249294,0.003531568034445006
mlp_V0-fosls,123.5316067073677,0.0029220784599973673,0.002284229772701207,0.0035335556122937746
mlp_V0-fosls,123.73126308672182,0.0029208247389081498,0.0022960871214186217,0.0035342037066324154
mlp_V0-fosls,123.93091946607596,0.002917301944754269,0.0022972073494628206,0.0035176457222610823
mlp_V0-fosls,124.13057584543009,0.002933441331171423,0.0022858720281169935,0.003501009427966324
mlp_V0-fosls,124.33023222478423,0.002944113703583671,0.0022744802156601392,0.0034797200704931724
mlp_V0-fosls,124.52988860413835,0.0029270952929237332,0.002274548140240251,0.003449472786427079
mlp_V0-fosls,124.72954498349249,0.0029099272965245667,0.002278840542436249,0.00341895791720357
mlp_V0-fosls,124.92920136284661,0.002901918490488841,0.0022831248746908012,0.0034184867850793623
mlp_V0-fosls,125.12885774220075,0.002905850404851042,0.0022703747671727046,0.003417194621345255
mlp_V0-fosls,125.32851412155487,0.0029097765761156467,0.002257537758204571,0.003415901968812871
mlp_V0-fosls,125.52817050090901,0.0029082084494503812,0.0022502682929944288,0.0034161325993103883
mlp_V0-fosls,125.72782688026314,0.0029046209497135943,0.0022584361857371535,0.0034188641599713528
mlp_V0-fosls,125.92748325961728,0.00290103507663622,0.002266574644620801,0.0034215935399462775
mlp_V0-fosls,126.1271396389714,0.002905487436650685,0.0022701741246161666,0.00341655719199231
mlp_V0-fosls,126.32679601832554,0.002909795308172058,0.002269845952559892,0.0034072252462252713
mlp_V0-fosls,126.52645239767966,0.0029127726249311946,0.002269517733049968,0.003397867671183701
mlp_V0-fosls,126.7261087770338,0.002912920644593012,0.0022681592668279274,0.003418813095616288
mlp_V0-fosls,126.92576515638793,0.0029130540802895085,0.0022665468967352294,0.0034425200882187462
mlp_V0-fosls,127.12542153574206,0.0029101385215614126,0.0022650938802707367,0.003456651774870662
mlp_V0-fosls,127.32507791509619,0.002905997816530055,0.002265724601971191,0.0034273192373108414
mlp_V0-fosls,127.52473429445033,0.0029104014314859914,0.0022663551481431777,0.0033977334822150812
mlp_V0-fosls,127.72439067380445,0.0029064256144308736,0.002267664597579884,0.0033801626051805722
mlp_V0-fosls,127.92404705315859,0.002897662343112355,0.0022702873224469534,0.0033777518880334415
mlp_V0-fosls,128.1237034325127,0.0028909104784865395,0.0022729070209336717,0.0033753394491170584
mlp_V0-fosls,128.32335981186685,0.002884150854582551,0.0022724408711403926,0.0033748087168033497
mlp_V0-fosls,128.52301619122096,0.0028800987338672185,0.0022699775117562705,0.003375032987521563
mlp_V0-fosls,128.7226725705751,0.002879511296057734,0.0022675114762507973,0.003375257243337992
mlp_V0-fosls,128.92232894992924,0.0028916104463159245,0.002260607106606049,0.0033783345546334145
mlp_V0-fosls,129.12198532928338,0.0029056012537517764,0.0022530574244258943,0.0033814651110117026
mlp_V0-fosls,129.32164170863751,0.002907755757182806,0.0022477257386033663,0.003383925661475004
mlp_V0-fosls,129.52129808799162,0.0029021169164985226,0.0022555151002755596,0.003384355748222107
mlp_V0-fosls,129.72095446734576,0.0028964668118830112,0.0022632776540146577,0.003384785780320372
mlp_V0-fosls,129.9206108466999,0.0028949180937799775,0.002262933439243142,0.00338702251625066
mlp_V0-fosls,130.12026722605404,0.002893916614722375,0.002251125800090325,0.0033909585873667233
mlp_V0-fosls,130.31992360540815,0.0028920752368149006,0.0022392558998961744,0.0033948900949637957
mlp_V0-fosls,130.5195799847623,0.00288618595902372,0.002240253479888147,0.003397827155804608
mlp_V0-fosls,130.71923636411643,0.0028802734819935454,0.0022472184487422483,0.003400486389837683
mlp_V0-fosls,130.91889274347056,0.002881874453908033,0.002254161897154701,0.0034029338410013045
mlp_V0-fosls,131.11854912282467,0.0028937279067033517,0.002261622928937761,0.0034013985053712777
mlp_V0-fosls,131.3182055021788,0.002905523119317269,0.0022690873023940364,0.003399862476402837
mlp_V0-fosls,131.51786188153295,0.002910837804793818,0.0022728618873056575,0.0033966005575131316
mlp_V0-fosls,131.7175182608871,0.0029130853418662924,0.0022634573178467567,0.0033896209678498574
mlp_V0-fosls,131.9171746402412,0.002915310991818077,0.0022540135094230107,0.003382626976785395
mlp_V0-fosls,132.11683101959534,0.002904503167145007,0.0022501099079891454,0.0033804598656353617
mlp_V0-fosls,132.31648739894948,0.0028932372577375335,0.002252101133205775,0.0033817279709825693
mlp_V0-fosls,132.51614377830361,0.0030579336053021804,0.0022540905994086727,0.007484451080248394
mlp_V0-fosls,132.71580015765772,0.0030601002674465767,0.002252721761897894,0.010330505380945992
mlp_V0-fosls,132.91545653701186,0.003062264581466062,0.0022502566266312946,0.011571154022709829
mlp_V0-fosls,133.115112916366,0.0030604004547274293,0.00224797967742612,0.009121647764752053
mlp_V0-fosls,133.31476929572014,0.00305719431241578,0.002254126136612039,0.005702395152139007
mlp_V0-fosls,133.51442567507425,0.002883213070521702,0.002260255881397986,0.0034026724550911937
mlp_V0-fosls,133.7140820544284,0.0028831517280457995,0.0022630524838724367,0.0034097287388611423
mlp_V0-fosls,133.91373843378253,0.002884114106772452,0.0022577147112594056,0.0033979913034308694
mlp_V0-fosls,134.11339481313667,0.002885456389206398,0.002252364288944636,0.0033862131834496256
mlp_V0-fosls,134.31305119249078,0.0028880510586619277,0.002252919175665449,0.0033816144461864314
mlp_V0-fosls,134.5127075718449,0.0028906386380379264,0.0022581460406414637,0.0033808298491947073
mlp_V0-fosls,134.71236395119905,0.0028907465472476556,0.0022633608350522355,0.0033800450700774754
mlp_V0-fosls,134.9120203305532,0.0028855900176991594,0.0022598987993146104,0.0033783919521502112
mlp_V0-fosls,135.1116767099073,0.0028804089983516757,0.0022545858797428714,0.003376663727324104
mlp_V0-fosls,135.31133308926144,0.0028809117520155565,0.00225012672016058,0.0033740038937389717
mlp_V0-fosls,135.51098946861558,0.0028885606967977906,0.002254112383549569,0.0033673311541394346
mlp_V0-fosls,135.71064584796972,0.0028997314141062866,0.002258091012019318,0.0033606451654868727
mlp_V0-fosls,135.91030222732383,0.0028982506123193257,0.0022609189720776694,0.003363966379224201
mlp_V0-fosls,136.10995860667796,0.002892562586087515,0.0022617127425616328,0.003379190833427651
mlp_V0-fosls,136.3096149860321,0.002892298577896436,0.0022625062345617035,0.003394347003017244
mlp_V0-fosls,136.50927136538624,0.002894424378337166,0.0022607036709671713,0.003386405417827503
mlp_V0-fosls,136.70892774474035,0.0028965342385361935,0.002257356580444707,0.0033695947766397213
mlp_V0-fosls,136.9085841240945,0.0028960708603334136,0.002254004519655982,0.003363624647910912
mlp_V0-fosls,137.10824050344863,0.0028911785739938333,0.002254758237792106,0.003364470212140647
mlp_V0-fosls,137.30789688280277,0.0028862779951000722,0.0022559897682958275,0.0033764568597544216
mlp_V0-fosls,137.5075532621569,0.002889449727050588,0.0022566898723640496,0.0033824208664176353
mlp_V0-fosls,137.707209641511,0.0028965867847741836,0.0022546862586415675,0.0033711536904203155
mlp_V0-fosls,137.90686602086515,0.0029036466624280063,0.002252680862835157,0.0033598487304180216
mlp_V0-fosls,138.1065224002193,0.0029009077491192717,0.002253016743532146,0.0033598162079085028
mlp_V0-fosls,138.30617877957343,0.0028979014093828644,0.0022564313814782857,0.003369982767069429
mlp_V0-fosls,138.50583515892754,0.0028949115818639884,0.0022598408598845654,0.0033801187478793063
mlp_V0-fosls,138.70549153828168,0.002890059462116519,0.0022589374779824582,0.0033851243509708494
mlp_V0-fosls,138.90514791763582,0.0028858447413199623,0.0022561758953621993,0.003388789958871981
mlp_V0-fosls,139.10480429698995,0.002888229247199371,0.002253410928391246,0.003391637690640036
mlp_V0-fosls,139.30446067634406,0.002885380750179955,0.0022537091855021757,0.0033818162862440816
mlp_V0-fosls,139.5041170556982,0.00288251782096113,0.0022541139020925,0.003392189637808961
mlp_V0-fosls,139.70377343505234,0.002885170310498457,0.0022539567048301514,0.0033831131822050432
mlp_V0-fosls,139.90342981440648,0.00288900263102248,0.002251961998245619,0.0033719604074462727
mlp_V0-fosls,140.1030861937606,0.002892746480624239,0.0022499655232549693,0.003365218377501812
mlp_V0-fosls,140.30274257311473,0.00288659987500742,0.0022496815871569527,0.0033793036848473903
mlp_V0-fosls,140.50239895246887,0.0028811648096849613,0.0022510979486852992,0.003393330526278036
mlp_V0-fosls,140.702055331823,0.002879323996436676,0.0022525134196175836,0.0033962589949721915
mlp_V0-fosls,140.90171171117711,0.0028768132532606292,0.0022512268695596403,0.0033854016598155443
mlp_V0-fosls,141.10136809053125,0.002876668933561681,0.00224913006937123,0.003383861611264315
mlp_V0-fosls,141.3010244698854,0.0028807885419240868,0.0022470141179498603,0.003391527697072901
mlp_V0-fosls,141.50068084923953,0.0028951460427012205,0.002244458006217075,0.0033813632729149576
mlp_V0-fosls,141.70033722859364,0.002909427514956237,0.0022418989801232937,0.00338711159104269
mlp_V0-fosls,141.89999360794778,0.0029089001290791994,0.0022400568342285172,0.003371874496120642
mlp_V0-fosls,142.09964998730192,0.002904708581111049,0.0022398467955547885,0.003389045077799352
mlp_V0-fosls,142.29930636665605,0.0029003205710745753,0.002239636737183113,0.0034061291022395497
mlp_V0-fosls,142.49896274601016,0.0028926368160223422,0.0022413535020420214,0.003402010373130314
mlp_V0-fosls,142.6986191253643,0.0028849239199999887,0.0022444973215378287,0.003387235684701184
mlp_V0-fosls,142.89827550471844,0.0028819730344191736,0.0022476367437076978,0.0033723962680177336
mlp_V0-fosls,143.09793188407258,0.002884875422284922,0.00224539136964816,0.0033697927753745804
mlp_V0-fosls,143.2975882634267,0.0028886349510180848,0.002242130832569596,0.003368063149653354
mlp_V0-fosls,143.49724464278083,0.0028878277988631023,0.002240526740854625,0.0033657498773713643
mlp_V0-fosls,143.69690102213497,0.002884200823789526,0.0022523948696272734,0.003361119069896915
mlp_V0-fosls,143.8965574014891,0.0028805579377340776,0.0022642007907784766,0.003356481873483611
mlp_V0-fosls,144.09621378084321,0.002879511342243857,0.0022677910395482444,0.0033575157410182656
mlp_V0-fosls,144.29587016019735,0.0028788211959580603,0.002257852457087145,0.003369357569591741
mlp_V0-fosls,144.4955265395515,0.0028778708419218606,0.002247869933268739,0.0033739008123495414
mlp_V0-fosls,144.69518291890563,0.0028752594574712907,0.002243753535170755,0.0033641986674310034
mlp_V0-fosls,144.89483929825974,0.002876385312481081,0.0022428843998808837,0.003354468461070426
mlp_V0-fosls,145.09449567761388,0.0028772932484742416,0.0022420149276636855,0.0033497011531114923
mlp_V0-fosls,145.29415205696802,0.002880161367846596,0.0022429985455057005,0.0033566482707158363
mlp_V0-fosls,145.49380843632215,0.002883026462519811,0.0022441595606026666,0.003363581039820918
mlp_V0-fosls,145.69346481567626,0.0028866906583051074,0.002245096200893544,0.0033686767538643235
mlp_V0-fosls,145.8931211950304,0.0028934287444578244,0.0022450129432424843,0.0033689017910701453
mlp_V0-fosls,146.09277757438454,0.002901530981247909,0.0022449296825036496,0.0033691268132448487
mlp_V0-fosls,146.29243395373868,0.003055400423859062,0.00268909750096846,0.005530497128314867
mlp_V0-fosls,146.4920903330928,0.0030497978429002365,0.002673913971448702,0.009361067339243322
mlp_V0-fosls,146.69174671244693,0.0030465382333777387,0.0026806275877837055,0.012027999209070692
mlp_V0-fosls,146.89140309180107,0.003041080524779154,0.0026873244318588716,0.010955275633743503
mlp_V0-fosls,147.0910594711552,0.003035557649582934,0.002693885340257832,0.007933761660471423
mlp_V0-fosls,147.29071585050932,0.0028731318084120054,0.0024230319764804113,0.0033647848366981457
mlp_V0-fosls,147.49037222986345,0.00288485997090609,0.0022288528271619244,0.00337168818874317
mlp_V0-fosls,147.6900286092176,0.0030494625168635417,0.00222509988799782,0.0037499244700832024
mlp_V0-fosls,147.88968498857173,0.00304512978218503,0.002225079731073187,0.006007011561881581
mlp_V0-fosls,148.08934136792584,0.003034752882190974,0.0022360997686906407,0.007622758180463686
mlp_V0-fosls,148.28899774727998,0.003023405550872488,0.002247065762598851,0.007419532085439811
mlp_V0-fosls,148.48865412663412,0.0030320449539260473,0.002249970750999925,0.005736857721850688
mlp_V0-fosls,148.68831050598826,0.0030406078547242322,0.0022454637471435376,0.003358263618270604
mlp_V0-fosls,148.88796688534237,0.002895593353805161,0.002240947678799447,0.00336977857926486
mlp_V0-fosls,149.0876232646965,0.002893643014167058,0.002240694909093059,0.0033591413680029193
mlp_V0-fosls,149.28727964405064,0.00289474508799563,0.00224159471708084,0.003366373150814698
mlp_V0-fosls,149.48693602340478,0.00289082916905504,0.002242475462673035,0.003368541999991445
mlp_V0-fosls,149.6865924027589,0.0028854026814916487,0.0022430322076638647,0.0033692371398732885
mlp_V0-fosls,149.88624878211303,0.0028839513615951332,0.0022435888144988194,0.0033699581579577855
mlp_V0-fosls,150.08590516146717,0.0028850561916275996,0.002244431184902232,0.0033712287256281613
mlp_V0-fosls,150.2855615408213,0.0028857872515417856,0.002245871708277762,0.00337249881462021
mlp_V0-fosls,150.48521792017542,0.0028861190404476595,0.0022473113082800314,0.0033715144303561847
mlp_V0-fosls,150.68487429952955,0.002884059949690411,0.002251320905598798,0.0033725569271826723
mlp_V0-fosls,150.8845306788837,0.002885451953090406,0.0022570999902669607,0.0033753318448850093
mlp_V0-fosls,151.08418705823783,0.002890042761957753,0.002262864315892589,0.0033781044831535114
mlp_V0-fosls,151.28384343759194,0.0028877892183441873,0.0022564363229783725,0.003373139267322858
mlp_V0-fosls,151.48349981694608,0.0028855272126820227,0.002247950818561362,0.0033675759107452434
mlp_V0-fosls,151.68315619630022,0.002879917637062152,0.002240785222719207,0.0033640902428876407
mlp_V0-fosls,151.88281257565436,0.002873456542194827,0.0022430213848800328,0.0033691472169814296
mlp_V0-fosls,152.08246895500847,0.0028669744143529825,0.0022452553199361343,0.0033741966120982925
mlp_V0-fosls,152.2821253343626,0.0028665066195934716,0.002247135783413535,0.003369698198511068
mlp_V0-fosls,152.48178171371674,0.0028668116092246433,0.002248472783418517,0.003354054875771763
mlp_V0-fosls,152.68143809307088,0.002867681043788933,0.0022498089888810706,0.0033435126417789792
mlp_V0-fosls,152.881094472425,0.0028712466127435365,0.002246211619015223,0.003358635909540343
mlp_V0-fosls,153.08075085177913,0.002885803977959213,0.0022400642601880525,0.003373691384814553
mlp_V0-fosls,153.28040723113327,0.0028745186173030944,0.00223389998481237,0.003377121465341874
mlp_V0-fosls,153.4800636104874,0.002875448358329441,0.0022394916065278533,0.003374840536542799
mlp_V0-fosls,153.67971998984152,0.0028763604053665833,0.002245971894668549,0.0033780649815669506
mlp_V0-fosls,153.87937636919565,0.002875989448015942,0.002250924415328026,0.003384343036942212
mlp_V0-fosls,154.0790327485498,0.0028749422758318054,0.0022496788433472147,0.0033611121317735017
mlp_V0-fosls,154.27868912790393,0.002873869836029758,0.002248432581352687,0.0033377195407958997
mlp_V0-fosls,154.47834550725807,0.002862722646024668,0.002247650773790902,0.0033406638730060193
mlp_V0-fosls,154.67800188661218,0.00285155170023415,0.0022474067202809785,0.003343805100531543
mlp_V0-fosls,154.87765826596632,0.002846084691123054,0.0022471626402655793,0.0033494388929973533
mlp_V0-fosls,155.07731464532046,0.0028580208046285454,0.002245354707656619,0.0033577444511003057
mlp_V0-fosls,155.2769710246746,0.002874227851454884,0.0022429720108849372,0.003366029515596447
mlp_V0-fosls,155.4766274040287,0.002877461628315629,0.0022405867802945505,0.0033675296433747534
mlp_V0-fosls,155.67628378338284,0.002863885408533165,0.0022395143711726813,0.00336661082827576
mlp_V0-fosls,155.87594016273698,0.002857039444499965,0.0022384427689014757,0.003365610018053836
mlp_V0-fosls,156.07559654209112,0.0028577146183629033,0.0022388953634990385,0.0033533372942920465
mlp_V0-fosls,156.27525292144523,0.00285983199906425,0.0022435384392609386,0.003350590813946469
mlp_V0-fosls,156.47490930079937,0.0028620801741744972,0.002248171925851163,0.0033561628696172105
mlp_V0-fosls,156.6745656801535,0.002864837652026437,0.002246929609893662,0.003354126215657702
mlp_V0-fosls,156.87422205950764,0.0028712086895923954,0.0022405569036818692,0.0033543764833069162
mlp_V0-fosls,157.07387843886175,0.002872988880657043,0.002234166020119384,0.003348031931087821
mlp_V0-fosls,157.2735348182159,0.0028706987041939754,0.0022367955783706406,0.003334301070238632
mlp_V0-fosls,157.47319119757003,0.0028683658706966167,0.00224164895852711,0.0033290620535315857
mlp_V0-fosls,157.67284757692417,0.0028646578240973664,0.002245784964031474,0.0033261320508424976
mlp_V0-fosls,157.87250395627828,0.0028583683499333154,0.0022404793022227565,0.0033390533361169817
mlp_V0-fosls,158.07216033563242,0.0028590146234453045,0.0022351610462575814,0.0033562667407143914
mlp_V0-fosls,158.27181671498656,0.002860987631462212,0.002233077199012682,0.0033597736634262093
mlp_V0-fosls,158.4714730943407,0.002863092524712052,0.002237364162937787,0.003365935406047368
mlp_V0-fosls,158.6711294736948,0.0028700549862403467,0.002241642928400123,0.0033720858894628024
mlp_V0-fosls,158.87078585304894,0.0028686559390161447,0.0022428091763765645,0.003372423706499563
mlp_V0-fosls,159.07044223240308,0.002867223178018968,0.0022419485875004633,0.003369891310816882
mlp_V0-fosls,159.27009861175722,0.002867399549429299,0.002241087668153953,0.003367357010665486
mlp_V0-fosls,159.46975499111133,0.002875335926836634,0.002240241813680392,0.003368772329182373
mlp_V0-fosls,159.66941137046547,0.0028832302228236706,0.002239397880516863,0.0033704522552971523
mlp_V0-fosls,159.8690677498196,0.002880424344006048,0.0022385774509149367,0.0033691832781846598
mlp_V0-fosls,160.06872412917375,0.002868653736120611,0.002237903024284688,0.003356426924136109
mlp_V0-fosls,160.26838050852785,0.002856829575792702,0.002237228394344281,0.0033569535778595035
mlp_V0-fosls,160.468036887882,0.00286539745350212,0.0022362562888536474,0.0033640684051723982
mlp_V0-fosls,160.66769326723613,0.0028755376456558734,0.0022348248298371515,0.003371168216724672
mlp_V0-fosls,160.86734964659027,0.0028820921431120606,0.0022333924533489004,0.0033703574882974863
mlp_V0-fosls,161.06700602594438,0.0028800630663481674,0.0022343254010792823,0.003365204727925505
mlp_V0-fosls,161.26666240529852,0.0028781393679719177,0.0022364703788121257,0.0033534890206631516
mlp_V0-fosls,161.46631878465266,0.002876210257631,0.0022386133012872074,0.003344902002972406
mlp_V0-fosls,161.6659751640068,0.002870662112504643,0.002244987170916873,0.003362033035532154
mlp_V0-fosls,161.8656315433609,0.0028674311087865784,0.0022516677387900566,0.003379077219379614
mlp_V0-fosls,162.06528792271504,0.0028654637830600564,0.002254691981295738,0.0033604434333592715
mlp_V0-fosls,162.26494430206918,0.00287096491263362,0.0022427707443964905,0.00335346385506237
mlp_V0-fosls,162.46460068142332,0.0028763723406863163,0.0022307858017573704,0.0033503772333026674
mlp_V0-fosls,162.66425706077743,0.0028750874885033785,0.0022242556900224854,0.003353146652966444
mlp_V0-fosls,162.86391344013157,0.002872278519515115,0.0022241045480688457,0.003360844986357886
mlp_V0-fosls,163.0635698194857,0.0028703426633099665,0.0022239533958434573,0.003368525726241943
mlp_V0-fosls,163.26322619883985,0.002868740746751125,0.0022275088956581627,0.0033523265270592817
mlp_V0-fosls,163.46288257819396,0.002867131041021326,0.002232426035051869,0.0033608260714238494
mlp_V0-fosls,163.6625389575481,0.0028641595680117607,0.002237332367735865,0.0033526982059605185
mlp_V0-fosls,163.86219533690223,0.0028626926805847327,0.002239663242884464,0.003338544922032406
mlp_V0-fosls,164.06185171625637,0.0028612128475315425,0.002241983066211677,0.003362410071517595
mlp_V0-fosls,164.26150809561048,0.0028639280644184783,0.0022422510633636284,0.003372103522955076
mlp_V0-fosls,164.46116447496462,0.0028661396923291573,0.0022367883686324522,0.003352751738855856
mlp_V0-fosls,164.66082085431876,0.0028684041247375464,0.00223131230018201,0.003333287607644425
mlp_V0-fosls,164.8604772336729,0.0028728983102140815,0.0022285441656227432,0.0033339340189748445
mlp_V0-fosls,165.060133613027,0.0028797959442412764,0.002228172456913116,0.0033398199510593727
mlp_V0-fosls,165.25978999238114,0.002881834530739363,0.002227800686183864,0.0033425378587146125
mlp_V0-fosls,165.45944637173528,0.0028757570103473233,0.0022288364967679975,0.003346203921160145
mlp_V0-fosls,165.65910275108942,0.002870233554201313,0.0022302238676198184,0.003349855428398563
mlp_V0-fosls,165.85875913044353,0.0028646428127264336,0.002231374529671238,0.0033530653177067347
mlp_V0-fosls,166.05841550979767,0.002859062404054987,0.002229247081830396,0.003353603532770236
mlp_V0-fosls,166.2580718891518,0.0028539583654827944,0.0022271176017519,0.003354141661470226
mlp_V0-fosls,166.45772826850595,0.0028556135691872276,0.002227777108280258,0.0033577081246276316
mlp_V0-fosls,166.65738464786006,0.002859950431425013,0.0022339626571459903,0.0033656548289094203
mlp_V0-fosls,166.8570410272142,0.0028622688155313493,0.0022401311262664966,0.003373582814239514
mlp_V0-fosls,167.05669740656833,0.002854139470160043,0.0022441193122416055,0.003367696018160442
mlp_V0-fosls,167.25635378592247,0.002847210639125644,0.0022466785560207895,0.0033551363869816593
mlp_V0-fosls,167.45601016527658,0.0028458161117717773,0.0022492348878210963,0.003345989426752423
mlp_V0-fosls,167.65566654463072,0.002853127263747787,0.0022425678351701644,0.0033507887139311906
mlp_V0-fosls,167.85532292398486,0.002860404865757133,0.0022344980760597515,0.0033602935231818233
mlp_V0-fosls,168.054979303339,0.0028646279653301862,0.002228815066973974,0.0033677107790191503
mlp_V0-fosls,168.2546356826931,0.0028669775190509894,0.0022381603149053855,0.003367381194014298
mlp_V0-fosls,168.45429206204724,0.0028692576235125706,0.0022474667044618374,0.0033670515767479045
mlp_V0-fosls,168.65394844140138,0.0028644618445170587,0.002250788743277518,0.0034378475327638968
mlp_V0-fosls,168.85360482075552,0.002864405546257269,0.002245379240586053,0.003516632844949741
mlp_V0-fosls,169.05326120010963,0.002864971093873299,0.0022399566739659976,0.003514250964595515
mlp_V0-fosls,169.25291757946377,0.00286629702048107,0.0022339094224310928,0.003430485204856437
mlp_V0-fosls,169.4525739588179,0.0028712542237837764,0.0022275484960061587,0.0033446221967985135
mlp_V0-fosls,169.65223033817205,0.002870086696483519,0.0022211693534019824,0.0033384672032572755
mlp_V0-fosls,169.85188671752616,0.002860367047374469,0.0022254597787111953,0.003356445963962768
mlp_V0-fosls,170.0515430968803,0.002853032821496817,0.0022304124388297583,0.003373145063227798
mlp_V0-fosls,170.25119947623443,0.002850881510057988,0.0022361234130871964,0.0033660918528963532
mlp_V0-fosls,170.45085585558857,0.002848807955142392,0.0022447453722401157,0.003352515434463891
mlp_V0-fosls,170.65051223494268,0.002850804141384728,0.002253334341332882,0.0033388976063179992
mlp_V0-fosls,170.85016861429682,0.0028596070183375833,0.002254349233737326,0.003337848983641833
mlp_V0-fosls,171.04982499365096,0.002868933894879782,0.0022470047833700576,0.0033471981666906947
mlp_V0-fosls,171.2494813730051,0.0028739901906477197,0.002239636248439413,0.003356521308824998
mlp_V0-fosls,171.44913775235923,0.002863624441634044,0.0022296031725296318,0.0033608854634071413
mlp_V0-fosls,171.64879413171334,0.00285321844307724,0.0022186043072684363,0.0033641363327774785
mlp_V0-fosls,171.84845051106748,0.0028506689943105816,0.002207778052109488,0.003366442844995768
mlp_V0-fosls,172.04810689042162,0.0028538537863676905,0.0022191898725835804,0.0033585294107758602
mlp_V0-fosls,172.24776326977576,0.002857020558019656,0.002230543309101774,0.0033505972866743764
mlp_V0-fosls,172.44741964912987,0.0028581267855348437,0.0022397639073338765,0.0033472607482709056
mlp_V0-fosls,172.647076028484,0.0028597527252284837,0.0022435495315325095,0.003352398557962383
mlp_V0-fosls,172.84673240783815,0.002860932805063307,0.0022473287788581293,0.003357528505603701
mlp_V0-fosls,173.04638878719229,0.0028590085023939608,0.0022455326633995815,0.0033569885352575865
mlp_V0-fosls,173.2460451665464,0.0028569485792124087,0.0022390608730046067,0.0033529759366074433
mlp_V0-fosls,173.44570154590053,0.0028547881517055427,0.002232570322217394,0.0033489585302129733
mlp_V0-fosls,173.64535792525467,0.0028503316407968446,0.0022395206875074135,0.003343771154540444
mlp_V0-fosls,173.8450143046088,0.0028521346092166182,0.0022495468035156514,0.0033465178026756883
mlp_V0-fosls,174.04467068396292,0.002856491866445693,0.0022582443128394522,0.003346664665355102
mlp_V0-fosls,174.24432706331706,0.0028601509472217955,0.002251998765643565,0.003346621647049988
mlp_V0-fosls,174.4439834426712,0.002864715788756418,0.0022457358492148066,0.003359086149053108
mlp_V0-fosls,174.64363982202534,0.002867529328545281,0.0022404601590518894,0.0033622698421187053
mlp_V0-fosls,174.84329620137945,0.0028713829909226126,0.002237065535449787,0.0033461121347663782
mlp_V0-fosls,175.04295258073358,0.0028736861677779737,0.0022336657528591116,0.0033332979369311293
mlp_V0-fosls,175.24260896008772,0.002870701060484364,0.002232309825869861,0.003347367157867447
mlp_V0-fosls,175.44226533944186,0.0028677080335231127,0.0022322378044199514,0.003361377491861016
mlp_V0-fosls,175.64192171879597,0.00286435206166275,0.0022321657806462507,0.003353733986314425
mlp_V0-fosls,175.8415780981501,0.0028601794637031896,0.0022383198136238422,0.0033401359520351314
mlp_V0-fosls,176.04123447750425,0.0028596818066274395,0.0022452844556086655,0.0033433246421776634
mlp_V0-fosls,176.24089085685839,0.0028596519956951985,0.0022510298644623614,0.003343710088913562
mlp_V0-fosls,176.4405472362125,0.0028589143874087823,0.002249954798278108,0.0033510935321923565
mlp_V0-fosls,176.64020361556663,0.0028577779675757467,0.002248879218163555,0.0033577728795737027
mlp_V0-fosls,176.83985999492077,0.0028511463470469152,0.0022463558251413036,0.0033469930636959465
mlp_V0-fosls,177.0395163742749,0.0028453238493758746,0.0022417971105528245,0.00333617841640055
mlp_V0-fosls,177.23917275362902,0.0028458547060086605,0.0022372291068685213,0.003333623803210476
mlp_V0-fosls,177.43882913298316,0.002853442880474554,0.002234212402402456,0.0033377159778270925
mlp_V0-fosls,177.6384855123373,0.0028609575876401873,0.0022319151979223713,0.0033418031414122907
mlp_V0-fosls,177.83814189169144,0.0028606188877664243,0.0022296156266013124,0.003353022449104826
mlp_V0-fosls,178.03779827104555,0.002855653025063903,0.002233811139497663,0.003351867631778339
mlp_V0-fosls,178.23745465039968,0.0028506751261495045,0.0022383342643612723,0.0033544412839297687
mlp_V0-fosls,178.43711102975382,0.0028575785900459673,0.002241226335515215,0.0033329734878782213
mlp_V0-fosls,178.63676740910796,0.0028670640815713624,0.0022383043045951733,0.0033490775537084894
mlp_V0-fosls,178.83642378846207,0.002875168618126786,0.002235378454072511,0.003365104552700993
mlp_V0-fosls,179.0360801678162,0.00286821229371856,0.0022295558803427174,0.003360707604560233
mlp_V0-fosls,179.23573654717035,0.00286498179891729,0.00222063844853318,0.0033403296769024893
mlp_V0-fosls,179.4353929265245,0.0028650934117051656,0.0022116850622629133,0.0033286367682316387
mlp_V0-fosls,179.6350493058786,0.0028652278957083254,0.0022208352142532974,0.003332208398905323
mlp_V0-fosls,179.83470568523273,0.0028653603975202155,0.002235830241054211,0.0033512595775514785
mlp_V0-fosls,180.03436206458687,0.0029225923223466124,0.002250218828835305,0.006630979848117593
mlp_V0-fosls,180.234018443941,0.002921734739133539,0.0022405689063863922,0.009844256392341206
mlp_V0-fosls,180.43367482329512,0.002920834924516829,0.0022308772424510723,0.012241277469698669
mlp_V0-fosls,180.63333120264926,0.0029171541148665676,0.002224046391737766,0.010198044532122901
mlp_V0-fosls,180.8329875820034,0.0029118367342886985,0.0022243877888903215,0.007142370906056808
mlp_V0-fosls,181.03264396135754,0.002848286963271102,0.0022247291336535712,0.0033439965264407266
mlp_V0-fosls,181.23230034071165,0.0028587002333118512,0.002230927315568252,0.0033451818300568982
mlp_V0-fosls,181.43195672006578,0.0028702876270395553,0.002241762357354424,0.0033463667138312844
mlp_V0-fosls,181.63161309941992,0.002878556626114187,0.0022525452817543897,0.003345916141259264
mlp_V0-fosls,181.83126947877406,0.002878734918829841,0.0022460011188645142,0.0033447923049736597
mlp_V0-fosls,182.03092585812817,0.002878913172532621,0.0022357044759780116,0.0033436680909568065
mlp_V0-fosls,182.2305822374823,0.002876286382253018,0.0022265708057311972,0.00335218144699183
mlp_V0-fosls,182.43023861683645,0.0028727266868722387,0.0022295044810399134,0.0033514058535292247
mlp_V0-fosls,182.6298949961906,0.002869136843422808,0.0022324343011653524,0.003350630080534654
mlp_V0-fosls,182.8295513755447,0.0028610614135267517,0.002233067452476196,0.0033476317979677828
mlp_V0-fosls,183.02920775489883,0.002853287644972034,0.002229602736846132,0.003341703466481922
mlp_V0-fosls,183.22886413425297,0.0028469303910754924,0.0022261326287970795,0.0033394114582909985
mlp_V0-fosls,183.4285205136071,0.002855008317662961,0.002224113873988745,0.0033352867913402522
mlp_V0-fosls,183.62817689296122,0.00286312663082822,0.0022229612782619433,0.0033371514632201007
mlp_V0-fosls,183.82783327231536,0.0030250787950601983,0.002221808084609182,0.0038706801119704672
mlp_V0-fosls,184.0274896516695,0.0030245533322580376,0.0022273808332848193,0.006849202935230534
mlp_V0-fosls,184.22714603102364,0.00302298760988822,0.0022337258448472956,0.008879245303894775
mlp_V0-fosls,184.42680241037775,0.0030284407690773256,0.0022384699331811087,0.008873911791234718
mlp_V0-fosls,184.62645878973188,0.0030366850616790194,0.0022350599120878898,0.006844048643417341
mlp_V0-fosls,184.82611516908602,0.00304332043314174,0.0022316446803845847,0.0038646724555013623
mlp_V0-fosls,185.02577154844016,0.002875942620397553,0.0022296639406098667,0.003336080513164077
mlp_V0-fosls,185.22542792779427,0.0028794588722144527,0.002229648749237001,0.003345961547072263
mlp_V0-fosls,185.4250843071484,0.002878606963179142,0.0022296335577606306,0.0033565926078142957
mlp_V0-fosls,185.62474068650255,0.0028738376272430485,0.0022325527509677785,0.0033530899677297796
mlp_V0-fosls,185.8243970658567,0.0028731951048583653,0.0022367805225306115,0.003362504690027151
mlp_V0-fosls,186.0240534452108,0.002869220775755868,0.002241000318181778,0.0033481207748496332
mlp_V0-fosls,186.22370982456493,0.0028615551729035374,0.002236377627938402,0.003331221050410733
mlp_V0-fosls,186.42336620391907,0.0028541033803339577,0.00223136113628949,0.0033248371797101285
mlp_V0-fosls,186.6230225832732,0.0028585077402444267,0.00222878187294983,0.0033232402015563466
mlp_V0-fosls,186.82267896262732,0.00286492997587595,0.002234579041407209,0.0033326190146503974
mlp_V0-fosls,187.02233534198146,0.002870668974878648,0.002240361209136369,0.0033419715074157223
mlp_V0-fosls,187.2219917213356,0.0028669950551934,0.0022401332917349934,0.0033444124074648723
mlp_V0-fosls,187.42164810068974,0.0028734661912958605,0.0022337380858404375,0.0033443305133776537
mlp_V0-fosls,187.62130448004385,0.0028754729032917474,0.002227324517785576,0.0033395299620852365
mlp_V0-fosls,187.82096085939799,0.0028633217900100863,0.0022235237851578804,0.0033356510408469537
mlp_V0-fosls,188.02061723875212,0.0028511166976431415,0.0022205422895817287,0.0033322510167448313
mlp_V0-fosls,188.22027361810626,0.0028505875841980987,0.002217807225764737,0.0033292130958391427
mlp_V0-fosls,188.4199299974604,0.002855331604500467,0.0022234237348221055,0.0033292554341827914
mlp_V0-fosls,188.6195863768145,0.0028600677546426825,0.0022290260919258617,0.0033292977719880275
mlp_V0-fosls,188.81924275616865,0.0028510381683843383,0.002235332873974252,0.003330133980922387
mlp_V0-fosls,189.0188991355228,0.002851866206109846,0.002243315565586385,0.0033323011348432682
mlp_V0-fosls,189.21855551487693,0.0028501527386025124,0.002251269951857026,0.003334466880276588
mlp_V0-fosls,189.41821189423104,0.002859129255476352,0.002252605774900275,0.0033435527200282797
mlp_V0-fosls,189.61786827358517,0.002867543323863603,0.0022488549000167337,0.003356478456647546
mlp_V0-fosls,189.8175246529393,0.0028696422035860082,0.00224509775857188,0.0033693546070827393
mlp_V0-fosls,190.01718103229345,0.0028638535298107417,0.0022418571890375264,0.0033606454178669327
mlp_V0-fosls,190.21683741164756,0.0028580522190755327,0.002238717559213158,0.0033497389366281202
mlp_V0-fosls,190.4164937910017,0.002862662169214466,0.0022360194392644145,0.003339608534168016
mlp_V0-fosls,190.61615017035584,0.002871358724465133,0.002237335926652227,0.003341853889664479
mlp_V0-fosls,190.81580654970998,0.002879274139720887,0.0022386516398513667,0.0033449267926856764
mlp_V0-fosls,191.01546292906409,0.002872829416264942,0.0022375099621755393,0.003337105894150331
mlp_V0-fosls,191.21511930841822,0.002868768882139941,0.0022320435425982475,0.0033439756318954044
mlp_V0-fosls,191.41477568777236,0.0028636789135184004,0.002226563702496358,0.003358185981867365
mlp_V0-fosls,191.6144320671265,0.002857108961385485,0.0022304535111771343,0.003356471985074347
mlp_V0-fosls,191.8140884464806,0.0028520989635456503,0.002239814414622096,0.0033482830531119667
mlp_V0-fosls,192.01374482583475,0.002847946585242564,0.0022491363583330027,0.00334007404422786
mlp_V0-fosls,192.2134012051889,0.002849108935705517,0.002243929082319712,0.0033397683893414084
mlp_V0-fosls,192.41305758454303,0.002850256391568865,0.002237065881785974,0.003339640013432716
mlp_V0-fosls,192.61271396389714,0.002846761595035531,0.0022318446583671045,0.003338685163877091
mlp_V0-fosls,192.81237034325127,0.002840412592051079,0.0022349204790338634,0.0033351923211541058
mlp_V0-fosls,193.0120267226054,0.002836369102722993,0.0022379920724006444,0.0033316958166491775
mlp_V0-fosls,193.21168310195955,0.003007482442845149,0.0026764619058282325,0.00485785166542194
mlp_V0-fosls,193.41133948131366,0.0030245887277044045,0.0026737838571040096,0.00814639445923214
mlp_V0-fosls,193.6109958606678,0.00303473120557678,0.002675551309303202,0.0104464712974085
mlp_V0-fosls,193.81065224002194,0.0030338347046709934,0.0026773175947052232,0.009584596054646488
mlp_V0-fosls,194.01030861937608,0.003032665585554769,0.002678258259911718,0.0070066085993203625
mlp_V0-fosls,194.2099649987302,0.0028506068478179793,0.002514089616024292,0.0033310905892416243
mlp_V0-fosls,194.40962137808432,0.0028521673032118624,0.0022320923850517615,0.0033291720527013915
mlp_V0-fosls,194.60927775743846,0.002853815917940386,0.0022255748352178004,0.003336997551728717
mlp_V0-fosls,194.8089341367926,0.0028570517445269585,0.002221747308705306,0.0033388320089853137
mlp_V0-fosls,195.0085905161467,0.0028601028300686776,0.0022266537843040266,0.003340665458887848
mlp_V0-fosls,195.20824689550085,0.0028602541488469083,0.002231549472131778,0.00333689129371148
mlp_V0-fosls,195.407903274855,0.002850416703693443,0.002234650421540751,0.0033264664965513852
mlp_V0-fosls,195.60755965420913,0.002842536709646663,0.00223599250319049,0.003316008926301348
mlp_V0-fosls,195.80721603356324,0.002840792734804437,0.002237333779782509,0.003324944334113284
mlp_V0-fosls,196.00687241291737,0.0028452668942772065,0.0022297854071173344,0.003341037555271832
mlp_V0-fosls,196.2065287922715,0.0028518302603663644,0.002219560592964661,0.0033570536287824667
mlp_V0-fosls,196.40618517162565,0.0028507524981313433,0.002209942075088946,0.0033451219737185476
mlp_V0-fosls,196.60584155097976,0.0028460605883005646,0.00221656208160427,0.00333311592627212
mlp_V0-fosls,196.8054979303339,0.0028416504850411577,0.0022231623755279944,0.0033389062166127347
mlp_V0-fosls,197.00515430968804,0.0028461703824841935,0.0022284306472933934,0.003342369962022953
mlp_V0-fosls,197.20481068904218,0.0028478241464165504,0.0022307233498641468,0.0033407341599298486
mlp_V0-fosls,197.4044670683963,0.0028468814582095787,0.002233013698449203,0.0033426887148939144
mlp_V0-fosls,197.60412344775042,0.0028482343115186553,0.0022343221713861175,0.0033401692046979856
mlp_V0-fosls,197.80377982710456,0.0028501387126465658,0.002234904805738907,0.003350371461308842
mlp_V0-fosls,198.0034362064587,0.002855558548080836,0.0022354872882398924,0.0033666030741145245
mlp_V0-fosls,198.2030925858128,0.0028610681663177075,0.002230906562683088,0.003351106007136047
mlp_V0-fosls,198.40274896516695,0.00286655325363243,0.0022253404733263435,0.0033323261883505917
mlp_V0-fosls,198.6024053445211,0.0028637285227686793,0.0022211364746558553,0.003317373458877418
mlp_V0-fosls,198.80206172387523,0.0028591920874529468,0.0022281696726908864,0.0033207349420014253
mlp_V0-fosls,199.00171810322934,0.0028547965742314226,0.0022351807402427614,0.0033303329363518507
mlp_V0-fosls,199.20137448258347,0.002851453850345713,0.002237150947591162,0.003340039307562728
mlp_V0-fosls,199.4010308619376,0.002850401094884207,0.0022307954970427275,0.0033497175530450736
mlp_V0-fosls,199.60068724129175,0.0028535631644850145,0.0022244218882541567,0.0033526865011164
mlp_V0-fosls,199.80034362064586,0.0028637841075677415,0.002224132267278147,0.0033519809318230545
mlp_V0-fosls,200.0,0.002873947539114452,0.0022271998769503257,0.003354778487096183
