plot-name,time,median,low,high
kan-fosls,1.1552672386169434,0.0057029270101338625,0.005511641968041658,0.005946036893874407
kan-fosls,1.6205034673631609,0.004126947215100086,0.0040262487164456915,0.004298370595444602
kan-fosls,2.0857396961093784,0.002520676740933982,0.0024869155657738103,0.002629420576636898
kan-fosls,2.550975924855596,0.0015735822430917377,0.0015192078726420598,0.0016375012661372817
kan-fosls,3.0162121536018134,0.0012422057390947894,0.00121029024611733,0.0012781111952335535
kan-fosls,3.481448382348031,0.0009100133347205955,0.0008866690612866055,0.0009367570336999589
kan-fosls,3.9466846110942484,0.0008274157258091089,0.0007659819177094189,0.0009259423811429734
kan-fosls,4.411920839840466,0.0007464363845869261,0.000647581397713369,0.000941920575944903
kan-fosls,4.877157068586683,0.0007217740986700401,0.0005655753879115665,0.000966133728033331
kan-fosls,5.342393297332901,0.0007360695370089494,0.0004955619216278944,0.0017339158458163553
kan-fosls,5.807629526079118,0.0006815394832313626,0.00042344524864114326,0.0025016979635993798
kan-fosls,6.272865754825336,0.0007159278938888751,0.0004614574617366272,0.0023943578375093047
kan-fosls,6.738101983571553,0.0006765671247777422,0.00047833556310619045,0.002281250614210589
kan-fosls,7.203338212317771,0.0007182659212933414,0.00048257534281177626,0.0019537994347579883
kan-fosls,7.6685744410639884,0.0007771138480680385,0.00040610862148271953,0.0014090091283807792
kan-fosls,8.133810669810206,0.0007298353541331192,0.00033443847385637807,0.0016628907332355337
kan-fosls,8.599046898556423,0.0007035842477989358,0.0004404102465531171,0.0013208913766260036
kan-fosls,9.064283127302641,0.0007943666461585723,0.0004630538549493758,0.0014772361718265513
kan-fosls,9.529519356048858,0.0007474362774362471,0.0003469770410264244,0.0015694843858681774
kan-fosls,9.994755584795076,0.0007378688970458027,0.0003126609003764831,0.0014846533579300847
kan-fosls,10.459991813541293,0.0006722002315849076,0.00027835149193529093,0.0014760068090683978
kan-fosls,10.925228042287511,0.0007659026625958488,0.0002754253940314288,0.0010969008182820806
kan-fosls,11.390464271033728,0.0006918909395488049,0.00027249929612756664,0.0011264726145357338
kan-fosls,11.855700499779946,0.0006227517397589025,0.00034995812346653136,0.0011244382463328573
kan-fosls,12.320936728526164,0.0006793641663429159,0.0004441410148561585,0.0009150603443645732
kan-fosls,12.786172957272381,0.0006882488740408835,0.00031337512950828844,0.0010209045201199762
kan-fosls,13.251409186018599,0.0006607233763030191,0.00040772428319450245,0.0008743760635632343
kan-fosls,13.716645414764816,0.0005409572436756826,0.00027162288339062775,0.0012190069614939167
kan-fosls,14.181881643511034,0.0005328324080578479,0.00037050624863072196,0.0012792378242608715
kan-fosls,14.647117872257251,0.000644609192764079,0.0003309167773783684,0.0009382239261275882
kan-fosls,15.112354101003469,0.0006449259101984522,0.0001784377020621275,0.0011633602223885767
kan-fosls,15.577590329749686,0.000604460271527924,0.0002868991122022097,0.0009494228351774328
kan-fosls,16.042826558495904,0.0005412090123494541,0.0002451385258316388,0.0012496314688724632
kan-fosls,16.50806278724212,0.0004805909605018284,0.00014764130659238682,0.0011281499702120283
kan-fosls,16.97329901598834,0.0004838884494127592,0.0001282671723306748,0.0006982283561100113
kan-fosls,17.438535244734556,0.00043114236231083793,0.0001198797314369458,0.0005150215141022321
kan-fosls,17.903771473480774,0.0003306842281800171,0.00020628175401487912,0.0006740697042353269
kan-fosls,18.36900770222699,0.00036331562438030713,0.000202346856867546,0.0008399670308223623
kan-fosls,18.83424393097321,0.00036086093191300256,0.0001609883485822367,0.0007968804844885129
kan-fosls,19.299480159719426,0.0003741956407946906,0.0001995506034710006,0.0005850838652673529
kan-fosls,19.764716388465644,0.0003718522489790908,0.0001919914595018246,0.0005773054525282655
kan-fosls,20.22995261721186,0.0003392623673616091,0.00022606944804577316,0.000533617972389322
kan-fosls,20.69518884595808,0.0002984164166598,0.00021796584894219267,0.0006567406820652036
kan-fosls,21.160425074704296,0.00033849465043367236,0.0001867444630380716,0.000754695460824786
kan-fosls,21.625661303450514,0.0003245181578904108,0.0001838779354388922,0.0008323694359208424
kan-fosls,22.09089753219673,0.0003374331315948809,0.00017132262550121767,0.0008991429023470174
kan-fosls,22.55613376094295,0.0003682159056455526,0.0002135769882548956,0.0007863170018490738
kan-fosls,23.021369989689166,0.0003081131418527333,0.00016345522511552565,0.0011390805309331182
kan-fosls,23.486606218435384,0.0003063315101870719,0.00015161849994354935,0.0010841122263828351
kan-fosls,23.9518424471816,0.00035691675945181956,0.00018890481463079164,0.0006482570524743006
kan-fosls,24.41707867592782,0.00025796514490255174,0.00017653533107887324,0.000705677785991605
kan-fosls,24.882314904674036,0.00035543475614520365,0.00016914252383668356,0.0005437309261459504
kan-fosls,25.347551133420254,0.00029961846796298935,0.00014176056254696425,0.0005826655696895711
kan-fosls,25.81278736216647,0.0002443082670736647,0.00016162153350113767,0.0005649623495451108
kan-fosls,26.27802359091269,0.0002264850059348769,0.0001466532199355895,0.000416458720448777
kan-fosls,26.743259819658906,0.00022680693174454192,0.0001409323821728083,0.00029419408887095656
kan-fosls,27.208496048405124,0.00020220979879393303,0.00013492968735347478,0.00032535986190211164
kan-fosls,27.67373227715134,0.00021291930745520555,0.00010546774993218556,0.0003565256349332667
kan-fosls,28.13896850589756,0.00021850298009109647,0.00013072344803806248,0.00034012787592653743
kan-fosls,28.604204734643776,0.0002417749507620534,0.00013903607742128985,0.00034583072070248433
kan-fosls,29.069440963389994,0.0002351845446693568,0.00013264516060464997,0.0004942430298101169
kan-fosls,29.53467719213621,0.00023686986798655862,0.00012401557995931546,0.00046826884442926396
kan-fosls,29.99991342088243,0.00021898887529928895,0.00011538599931398098,0.0004658522728752699
kan-fosls,30.465149649628646,0.00025018295525485926,0.00014744759692021696,0.00045488268498085094
kan-fosls,30.930385878374864,0.0002681455871249396,0.0001944592793804211,0.000429050448061661
kan-fosls,31.39562210712108,0.0002700517014646769,0.0002036991487884326,0.0005550974952330342
kan-fosls,31.8608583358673,0.0002733025800958536,0.00017512367500921216,0.00040702049386597764
kan-fosls,32.32609456461351,0.00023296592176079943,0.00014396982950818808,0.0004146284249228892
kan-fosls,32.791330793359734,0.00020024925626510674,0.00011946586551531641,0.0003743278546313498
kan-fosls,33.256567022105955,0.00019873189406914392,9.321977921661657e-05,0.00028859652715102044
kan-fosls,33.72180325085217,0.00019793535578579177,7.803171105737144e-05,0.00033010930076226794
kan-fosls,34.18703947959838,0.00020239929546017003,0.0001231153974254365,0.00030773867091366935
kan-fosls,34.652275708344604,0.00017470695779085217,8.566035758160975e-05,0.0003987641024359084
kan-fosls,35.117511937090825,0.0001646404789486458,6.845761349827193e-05,0.0003453459891982224
kan-fosls,35.58274816583704,0.00016751059152242403,6.644170385490627e-05,0.0002384097904358862
kan-fosls,36.04798439458325,0.00015795382260789858,6.735031313635692e-05,0.00022896554950996783
kan-fosls,36.513220623329474,0.00015096899920784173,0.00010575693362325275,0.00020357885646910993
kan-fosls,36.978456852075695,0.0001378940671436209,0.00011619902493664742,0.00020145532379826513
kan-fosls,37.44369308082191,0.00015793811668880756,9.998931593843501e-05,0.0002077484984734868
kan-fosls,37.90892930956812,0.00017283854269440762,8.127640490676697e-05,0.0002648714023097837
kan-fosls,38.374165538314344,0.00017411884377671724,7.139231029197725e-05,0.00032250544147721877
kan-fosls,38.839401767060565,0.00018701194463091624,8.852305283175722e-05,0.0003236853368472148
kan-fosls,39.30463799580678,0.0001606155127214372,7.240359351717664e-05,0.00032576906855163806
kan-fosls,39.76987422455299,0.00016904071817319677,8.136922614807132e-05,0.0003052001725007943
kan-fosls,40.235110453299214,0.00013999155265568216,7.29931278032509e-05,0.0002449023216284662
kan-fosls,40.700346682045435,0.00012668401912052248,6.106897950757977e-05,0.00028752858814409967
kan-fosls,41.16558291079165,0.00012249995732316798,8.67118938787456e-05,0.0001944249951710051
kan-fosls,41.63081913953786,0.00012324719960631872,8.85490733777066e-05,0.0002102800732133077
kan-fosls,42.096055368284084,0.0001265426258699167,8.58511680633743e-05,0.0002952266916653006
kan-fosls,42.561291597030305,0.0001313952322816883,8.222176161890841e-05,0.00043129166080833946
kan-fosls,43.02652782577652,0.00012328714531242358,6.29908816608787e-05,0.0004960899697547986
kan-fosls,43.49176405452273,0.0001377950892026005,7.142078298185211e-05,0.00035483939187267116
kan-fosls,43.957000283268954,0.00012519388087061495,7.859601357311101e-05,0.0002135888139905416
kan-fosls,44.422236512015175,0.00013992202763961792,7.039908159320938e-05,0.00019206747625808646
kan-fosls,44.88747274076139,0.0001408633711186836,6.82786567743376e-05,0.00017673619723707637
kan-fosls,45.3527089695076,0.00013492658899821007,6.596175160467879e-05,0.0001835809048568313
kan-fosls,45.817945198253824,0.0001343798272655408,6.284755340610031e-05,0.00016840127646971468
kan-fosls,46.283181427000045,0.0001249628195248312,5.9733355207521815e-05,0.00016733198907064413
kan-fosls,46.74841765574626,0.00011968835998789652,5.344634484058145e-05,0.00018195515861203922
kan-fosls,47.21365388449247,0.00012432387470575316,4.5809962111001316e-05,0.0002160807655873805
kan-fosls,47.678890113238694,0.00011153867325976719,4.50799394814428e-05,0.0002389399715254613
kan-fosls,48.144126341984915,0.00010334451147273657,7.064840999340819e-05,0.0001781773688743848
kan-fosls,48.60936257073113,9.800557604889993e-05,6.087487437021731e-05,0.00017561770590173023
kan-fosls,49.07459879947734,9.731978504361942e-05,6.316800638428293e-05,0.00016688173673492284
kan-fosls,49.539835028223564,8.976566859089851e-05,6.566154571257225e-05,0.00013901807809485822
kan-fosls,50.005071256969785,8.748412355861869e-05,6.923404511222672e-05,0.0001488597336960715
kan-fosls,50.470307485716,9.697802212726953e-05,8.380578480900293e-05,0.0001691188772693324
kan-fosls,50.93554371446221,0.00010337677539869669,7.338313231087441e-05,0.00018937802084259328
kan-fosls,51.400779943208434,0.00010373693547208917,6.626282903746849e-05,0.00016869162969449875
kan-fosls,51.866016171954655,8.621224767701474e-05,6.199682702358105e-05,0.00016433456412482902
kan-fosls,52.33125240070087,6.490036002993248e-05,4.888976132411706e-05,0.00015997749855515932
kan-fosls,52.79648862944708,7.49352955102835e-05,5.3886482367734317e-05,0.0001222749108262334
kan-fosls,53.261724858193304,6.960670021100734e-05,5.8883203411351644e-05,9.391068757192384e-05
kan-fosls,53.726961086939525,7.557422664766691e-05,4.7594068215291074e-05,9.259870947080872e-05
kan-fosls,54.19219731568574,7.908071043522803e-05,5.687546205103823e-05,0.00012195482460473029
kan-fosls,54.65743354443195,8.28826049614279e-05,5.3531984456164306e-05,0.00013847456460356418
kan-fosls,55.122669773178174,8.288160827859313e-05,6.863826832579912e-05,0.00016310253687563372
kan-fosls,55.587906001924395,8.3446021731474e-05,5.597367420781197e-05,0.00024231362579133474
kan-fosls,56.05314223067061,8.285993563228405e-05,5.3271891620061886e-05,0.00022405342738178452
kan-fosls,56.51837845941682,8.242026659992864e-05,5.730898022468065e-05,0.0001462679843133912
kan-fosls,56.983614688163044,7.891348412772929e-05,5.813330854652574e-05,0.00016217609657024715
kan-fosls,57.448850916909265,8.120257690565338e-05,4.9895621472663644e-05,0.00019074024979438202
kan-fosls,57.91408714565548,7.330267430719469e-05,4.165793439880167e-05,0.00021930440301851643
kan-fosls,58.37932337440169,6.921036199515677e-05,4.217097959563153e-05,0.00018831503611663503
kan-fosls,58.844559603147914,6.12957750581199e-05,4.458356170465409e-05,0.00012084674666159363
kan-fosls,59.309795831894135,5.8740069642785804e-05,4.038441915831631e-05,0.00010655407743866968
kan-fosls,59.77503206064035,6.74469294223225e-05,5.3279540131380414e-05,0.00010571881930120065
kan-fosls,60.24026828938656,7.580699822659158e-05,5.0035627785783656e-05,0.00011849996192778378
kan-fosls,60.705504518132784,7.592813928424792e-05,4.83015047728627e-05,0.0001058141728718422
kan-fosls,61.170740746879005,6.0593294154470266e-05,4.445624586476234e-05,0.00011780266368474877
kan-fosls,61.63597697562522,5.823435993550806e-05,3.969561289159031e-05,0.000128050502796387
kan-fosls,62.10121320437143,6.39848401765699e-05,4.599040100236176e-05,9.470557931309876e-05
kan-fosls,62.566449433117654,6.170062319265043e-05,4.229527478323639e-05,9.546023397925117e-05
kan-fosls,63.031685661863875,6.483098820413831e-05,4.077730632542736e-05,8.681246761017513e-05
kan-fosls,63.49692189061009,5.8409563589736094e-05,3.681268511350091e-05,8.966557491435514e-05
kan-fosls,63.9621581193563,4.86844172758893e-05,2.7845045034779408e-05,9.685511685226633e-05
kan-fosls,64.42739434810252,5.321086249417054e-05,2.9772944723125147e-05,9.06677878657236e-05
kan-fosls,64.89263057684875,6.525108738069025e-05,3.1700844411470886e-05,9.713698639642789e-05
kan-fosls,65.35786680559497,6.902394252312578e-05,3.651532030465521e-05,8.165207858647802e-05
kan-fosls,65.82310303434117,6.217956557249597e-05,4.302369495724717e-05,8.91199350701163e-05
kan-fosls,66.2883392630874,6.298783923474573e-05,4.317136029233512e-05,8.877038201395482e-05
kan-fosls,66.75357549183362,6.12039814182069e-05,4.445639470056037e-05,6.99228471114233e-05
kan-fosls,67.21881172057982,5.6031660643990434e-05,4.069674602075841e-05,7.985957927022354e-05
kan-fosls,67.68404794932604,5.362541744882196e-05,4.173534114493308e-05,8.311727071430684e-05
kan-fosls,68.14928417807226,5.22007520995123e-05,4.412994711230273e-05,8.453013581359661e-05
kan-fosls,68.61452040681849,5.384425559994267e-05,3.881161791575345e-05,8.066689433458609e-05
kan-fosls,69.0797566355647,5.250546567039142e-05,3.859831441997557e-05,6.534185895412528e-05
kan-fosls,69.54499286431091,4.538422140095374e-05,3.1529778676674385e-05,8.0388943839511e-05
kan-fosls,70.01022909305713,4.6757276583320245e-05,3.447835352630358e-05,7.353867321332474e-05
kan-fosls,70.47546532180336,5.071050607708098e-05,3.466833854460676e-05,6.442970747707968e-05
kan-fosls,70.94070155054956,4.754358068965323e-05,3.536876700940949e-05,7.589353881104422e-05
kan-fosls,71.40593777929578,4.900333080076912e-05,3.624034841398974e-05,7.871134937459394e-05
kan-fosls,71.871174008042,5.410346961790224e-05,3.6629386399246154e-05,8.286851107317263e-05
kan-fosls,72.33641023678823,5.366170951731202e-05,3.452940274833028e-05,7.564916964765254e-05
kan-fosls,72.80164646553445,4.723074452160751e-05,3.384864516907965e-05,6.925357163877358e-05
kan-fosls,73.26688269428065,4.6309147804650484e-05,3.316788758982905e-05,8.482346579963669e-05
kan-fosls,73.73211892302687,4.7667155378761604e-05,3.147231671505304e-05,8.256097889698297e-05
kan-fosls,74.1973551517731,4.443925490398648e-05,2.585342343190862e-05,8.029849199432925e-05
kan-fosls,74.6625913805193,4.680208946840049e-05,2.6475970493329573e-05,7.45371907228466e-05
kan-fosls,75.12782760926552,4.6073083434456546e-05,2.7876037758782905e-05,6.702854659807957e-05
kan-fosls,75.59306383801174,4.32747051326809e-05,3.3041255564705457e-05,6.16474259194841e-05
kan-fosls,76.05830006675797,4.3446975479387496e-05,2.8837340125504613e-05,6.413866369584656e-05
kan-fosls,76.52353629550419,4.277870554629805e-05,2.379470185634095e-05,6.500657524964919e-05
kan-fosls,76.9887725242504,3.73975832832351e-05,2.6532429805519283e-05,6.465146808314088e-05
kan-fosls,77.45400875299661,3.394596393126483e-05,2.8325736255513964e-05,6.025258888176687e-05
kan-fosls,77.91924498174284,3.457891918807647e-05,2.5176057788958688e-05,5.5853709680392864e-05
kan-fosls,78.38448121048904,4.3102565714431126e-05,3.262629414092702e-05,5.282478108495137e-05
kan-fosls,78.84971743923526,4.429139210408012e-05,3.6239187027585635e-05,6.254208972186908e-05
kan-fosls,79.31495366798148,4.291485458880099e-05,3.352321631890977e-05,6.662071836187707e-05
kan-fosls,79.7801898967277,4.5021879456715814e-05,2.89841324266696e-05,7.335229485008268e-05
kan-fosls,80.24542612547393,4.635185993067726e-05,2.2872451225489485e-05,7.032366298267165e-05
kan-fosls,80.71066235422013,4.217897830182432e-05,2.6881449815996583e-05,5.725023990004232e-05
kan-fosls,81.17589858296635,3.945289227247278e-05,2.3545857013009152e-05,6.075099368402295e-05
kan-fosls,81.64113481171258,3.9206173766075114e-05,3.011480358286458e-05,5.174686058433675e-05
kan-fosls,82.10637104045878,3.4768350878214657e-05,2.8724087568845118e-05,5.4537218822527775e-05
kan-fosls,82.571607269205,3.433190298368918e-05,2.631427450151937e-05,5.20979229461524e-05
kan-fosls,83.03684349795122,3.8852376206833474e-05,2.9028782703345314e-05,6.331674267270754e-05
kan-fosls,83.50207972669745,4.1138844981847904e-05,2.6662319991681803e-05,7.655871761510805e-05
kan-fosls,83.96731595544367,4.0431675783333636e-05,2.6297324194814368e-05,6.027727480359899e-05
kan-fosls,84.43255218418987,3.5475451771621464e-05,2.7034648442346794e-05,4.6685199237743495e-05
kan-fosls,84.8977884129361,3.1011545210769345e-05,2.485288473198406e-05,4.706661442503401e-05
kan-fosls,85.36302464168232,3.378231168018726e-05,2.5859385417201125e-05,4.422092514520965e-05
kan-fosls,85.82826087042852,3.640867814993274e-05,2.3204198907394692e-05,5.598959824997214e-05
kan-fosls,86.29349709917474,3.5284392167006615e-05,2.7266710018647273e-05,4.81208399480142e-05
kan-fosls,86.75873332792096,3.641311033687193e-05,2.7593420881557164e-05,4.145022425546513e-05
kan-fosls,87.22396955666719,3.1369192288588526e-05,2.6559495519171418e-05,4.2073810579885475e-05
kan-fosls,87.6892057854134,2.9502284264432976e-05,2.6296865373421596e-05,4.599176665299177e-05
kan-fosls,88.15444201415961,2.815411421516903e-05,2.0652257485710655e-05,4.9909722726097955e-05
kan-fosls,88.61967824290583,3.14151741616751e-05,1.914485073201812e-05,4.01805452053935e-05
kan-fosls,89.08491447165206,3.143437665651224e-05,1.806461188052697e-05,4.1267031643339495e-05
kan-fosls,89.55015070039826,3.15111777544245e-05,1.9376520604372202e-05,4.286462289494072e-05
kan-fosls,90.01538692914448,3.2238066498329696e-05,2.406320401547763e-05,3.98895609017698e-05
kan-fosls,90.4806231578907,2.990550829132772e-05,2.1351438698273868e-05,4.2558526629976045e-05
kan-fosls,90.94585938663693,2.7039140749912132e-05,2.2135828328055253e-05,4.051579991546734e-05
kan-fosls,91.41109561538315,2.9028064602462425e-05,2.198120954220052e-05,4.8465968014906003e-05
kan-fosls,91.87633184412935,2.7358084201476837e-05,2.2172229017744676e-05,4.759311096119086e-05
kan-fosls,92.34156807287557,2.7178380312508966e-05,2.1241728912830684e-05,3.729975907864609e-05
kan-fosls,92.8068043016218,2.7472368823457974e-05,1.9788527841576238e-05,4.138481910808475e-05
kan-fosls,93.272040530368,2.4676133717994975e-05,1.9146800151214325e-05,3.7989208913957014e-05
kan-fosls,93.73727675911422,2.5256462431821988e-05,1.8567532994825223e-05,3.0682424961962296e-05
kan-fosls,94.20251298786044,2.424070716483953e-05,2.1496035104478002e-05,3.0361075101920006e-05
kan-fosls,94.66774921660667,2.554968561387099e-05,1.9090314600210763e-05,3.1112964887296855e-05
kan-fosls,95.13298544535289,2.46065902201654e-05,1.6519880683249884e-05,4.006610037622397e-05
kan-fosls,95.5982216740991,2.4686226937650096e-05,2.100686994308649e-05,3.614409837115184e-05
kan-fosls,96.06345790284531,2.5675050887433103e-05,2.0723905483837685e-05,3.316206221699229e-05
kan-fosls,96.52869413159154,2.6344991538363023e-05,2.080548700128454e-05,3.4534332848995224e-05
kan-fosls,96.99393036033774,2.4903698054959707e-05,2.211957827729123e-05,3.259757883547704e-05
kan-fosls,97.45916658908396,2.5208637978389566e-05,2.0137165792120955e-05,3.9629474767554334e-05
kan-fosls,97.92440281783018,2.3866076595171352e-05,2.003355025905876e-05,4.103291693492248e-05
kan-fosls,98.3896390465764,2.3229143436814073e-05,1.9491399891714967e-05,4.2436359102290626e-05
kan-fosls,98.85487527532263,2.2102669398367397e-05,1.929306380333218e-05,3.907318421242796e-05
kan-fosls,99.32011150406883,2.3085161592034777e-05,1.826517504017524e-05,3.12662392506877e-05
kan-fosls,99.78534773281505,2.2730060783609077e-05,1.723728627701827e-05,2.8013384011253142e-05
kan-fosls,100.25058396156128,2.316883918915982e-05,1.7617297943401644e-05,2.841426847821433e-05
kan-fosls,100.71582019030748,2.19191582526938e-05,1.6141662756032282e-05,3.039455440338683e-05
kan-fosls,101.1810564190537,2.2139584318147862e-05,1.7269981227861262e-05,3.3932063877980365e-05
kan-fosls,101.64629264779992,2.3192631171116194e-05,1.9279559147573338e-05,3.532448769052352e-05
kan-fosls,102.11152887654615,2.448844207064078e-05,1.9154433689301207e-05,4.0777402605595556e-05
kan-fosls,102.57676510529237,2.4324038961464012e-05,1.9869062851696662e-05,3.5804210857667194e-05
kan-fosls,103.04200133403857,2.36122602366033e-05,1.9417164579596537e-05,2.8662636343724538e-05
kan-fosls,103.5072375627848,2.209138899052252e-05,1.89652663074964e-05,2.833300632673881e-05
kan-fosls,103.97247379153102,2.144459700041281e-05,1.795538182030702e-05,3.529125245000297e-05
kan-fosls,104.43771002027722,2.061631752460375e-05,1.5861531439238783e-05,4.224949857326692e-05
kan-fosls,104.90294624902344,2.1292186307600978e-05,1.8149362461855765e-05,3.2490412210058576e-05
kan-fosls,105.36818247776966,2.1434596402550608e-05,1.7661746258733613e-05,2.5123653568957953e-05
kan-fosls,105.83341870651589,2.188927856123082e-05,1.678960882107187e-05,3.0176420648347152e-05
kan-fosls,106.2986549352621,2.0252923732299855e-05,1.6898339575253922e-05,5.7759121833145196e-05
kan-fosls,106.76389116400831,1.9451113577790125e-05,1.700707032943597e-05,8.295210558981253e-05
kan-fosls,107.22912739275453,2.1992300705108284e-05,1.589349945799602e-05,5.6309387452870195e-05
kan-fosls,107.69436362150076,2.216926223076206e-05,1.4617772786726411e-05,3.094941776889179e-05
kan-fosls,108.15959985024696,1.898977426856451e-05,1.6574195661849466e-05,3.6246678575945954e-05
kan-fosls,108.62483607899318,2.012103123663303e-05,1.7798636741062486e-05,3.4708383957898814e-05
kan-fosls,109.0900723077394,2.0182890993908574e-05,1.566015755682918e-05,2.8277288381722528e-05
kan-fosls,109.55530853648563,2.0880153962929005e-05,1.6968109214050168e-05,2.343011158304483e-05
kan-fosls,110.02054476523185,2.0954852795950796e-05,1.732294223425302e-05,3.1262027633413556e-05
kan-fosls,110.48578099397805,2.090728484063582e-05,1.6639419527854182e-05,3.167070745047861e-05
kan-fosls,110.95101722272427,2.0267741494738312e-05,1.5525580201098786e-05,2.7103056425890467e-05
kan-fosls,111.4162534514705,1.7839337256602826e-05,1.4441563105177427e-05,2.72762763537394e-05
kan-fosls,111.8814896802167,1.765747348234881e-05,1.527754380767204e-05,2.4958032770007442e-05
kan-fosls,112.34672590896292,1.7730838499704323e-05,1.5217616556559705e-05,2.2148598302730312e-05
kan-fosls,112.81196213770914,1.7607892048490484e-05,1.586708168522437e-05,2.1635951708449128e-05
kan-fosls,113.27719836645537,1.7384003901573832e-05,1.6553551304988493e-05,2.2620930064222083e-05
kan-fosls,113.74243459520159,1.7701446931446478e-05,1.5109509979103327e-05,2.368092060021805e-05
kan-fosls,114.2076708239478,1.8761485243338494e-05,1.5709566143039118e-05,2.1491912451912057e-05
kan-fosls,114.67290705269401,1.9133539462851145e-05,1.6935098231140056e-05,2.425302133458909e-05
kan-fosls,115.13814328144024,1.9867469672764447e-05,1.730853104110069e-05,2.3518963542537296e-05
kan-fosls,115.60337951018644,1.9534825393545497e-05,1.7324912269996106e-05,2.8715883655058453e-05
kan-fosls,116.06861573893266,2.0034275558382537e-05,1.3571576789006952e-05,3.486774819517187e-05
kan-fosls,116.53385196767888,2.0413113464548788e-05,1.6560851200608527e-05,3.0185940157522837e-05
kan-fosls,116.9990881964251,1.9447736218669265e-05,1.6172812181763697e-05,2.8118126048581838e-05
kan-fosls,117.46432442517133,2.082955316688172e-05,1.538533573015508e-05,2.5986019433976558e-05
kan-fosls,117.92956065391753,2.0135018370518593e-05,1.505527541503293e-05,2.3231120932621988e-05
kan-fosls,118.39479688266375,1.848788774857278e-05,1.479090422420797e-05,2.1637986284013498e-05
kan-fosls,118.86003311140998,1.892620222302034e-05,1.500991557926212e-05,2.3872838180285593e-05
kan-fosls,119.32526934015618,1.801201753836091e-05,1.5228926934316266e-05,3.109190832303396e-05
kan-fosls,119.7905055689024,1.75205670603934e-05,1.5693843691208287e-05,3.445703209400515e-05
kan-fosls,120.25574179764862,1.6310948941432883e-05,1.4762523830998464e-05,2.7955198182456705e-05
kan-fosls,120.72097802639485,1.4982844184214655e-05,1.330410979966111e-05,2.1874666321102932e-05
kan-fosls,121.18621425514107,1.670720169542869e-05,1.3641765612319551e-05,1.9626143984626964e-05
kan-fosls,121.65145048388727,1.652381065130428e-05,1.3979421424977983e-05,2.4142475510261998e-05
kan-fosls,122.1166867126335,1.7419077626819158e-05,1.4369185839969824e-05,2.4539703749099672e-05
kan-fosls,122.58192294137972,1.7621334222124287e-05,1.5169333951698138e-05,2.1151497684205e-05
kan-fosls,123.04715917012592,1.774723795138478e-05,1.5248667046679425e-05,2.045744198188887e-05
kan-fosls,123.51239539887214,1.811607442748094e-05,1.5458293420027106e-05,2.2245867533575116e-05
kan-fosls,123.97763162761836,1.738509719638586e-05,1.5867793289784945e-05,2.6723594925695087e-05
kan-fosls,124.44286785636459,1.706718213810102e-05,1.6240496323963726e-05,2.8284190173028094e-05
kan-fosls,124.9081040851108,1.7217338934667246e-05,1.5761072289499054e-05,2.2708121201767413e-05
kan-fosls,125.37334031385701,1.6975140644268797e-05,1.5243400837481821e-05,1.8845926930989975e-05
kan-fosls,125.83857654260323,1.6596549674730315e-05,1.4813493686827232e-05,1.738332179524753e-05
kan-fosls,126.30381277134946,1.609867724069297e-05,1.4322123173785058e-05,1.874783836622557e-05
kan-fosls,126.76904900009566,1.665638134938543e-05,1.4409445089694026e-05,1.9136796918397752e-05
kan-fosls,127.23428522884188,1.7386995296768518e-05,1.4138635996048268e-05,2.153054957637459e-05
kan-fosls,127.6995214575881,1.8319915811029542e-05,1.4061232323876515e-05,2.311123882017859e-05
kan-fosls,128.16475768633433,1.861769216633058e-05,1.4947108424278208e-05,2.102920990411478e-05
kan-fosls,128.62999391508055,1.6740577629262956e-05,1.4433758712436218e-05,2.382613898797267e-05
kan-fosls,129.09523014382677,1.598256482231406e-05,1.4216294618103789e-05,2.490089920605288e-05
kan-fosls,129.560466372573,1.709884902337584e-05,1.3374942532510245e-05,2.030637294775018e-05
kan-fosls,130.02570260131918,1.667724906121771e-05,1.2311933975693252e-05,1.987755999924366e-05
kan-fosls,130.4909388300654,1.6192811302653466e-05,1.3750568835890779e-05,2.042522782205845e-05
kan-fosls,130.95617505881162,1.5144934892279686e-05,1.3459307031590688e-05,2.0972895644873244e-05
kan-fosls,131.42141128755785,1.5045314312046885e-05,1.363763345941596e-05,2.003348766838466e-05
kan-fosls,131.88664751630407,1.5237740611952598e-05,1.3612083316996537e-05,1.9374627654645185e-05
kan-fosls,132.3518837450503,1.5504010305681702e-05,1.2710148739780406e-05,2.0669273352075287e-05
kan-fosls,132.8171199737965,1.5566822860646713e-05,1.3302819605760987e-05,1.7223044143113136e-05
kan-fosls,133.2823562025427,1.4142903779099402e-05,1.2888519792189484e-05,1.6709441779201294e-05
kan-fosls,133.74759243128892,1.4595884849428021e-05,1.271558768587515e-05,1.7911386431503172e-05
kan-fosls,134.21282866003514,1.542971449042591e-05,1.3632267692666046e-05,2.1520334256881004e-05
kan-fosls,134.67806488878136,1.5555820748204544e-05,1.3813150301216991e-05,2.4328473776729313e-05
kan-fosls,135.14330111752759,1.4914582759032799e-05,1.3785923162219624e-05,2.0329024068481537e-05
kan-fosls,135.6085373462738,1.3869224069837367e-05,1.2564816339935592e-05,1.717011539185551e-05
kan-fosls,136.07377357502003,1.4027320736087403e-05,1.2823542848371285e-05,1.657574244810311e-05
kan-fosls,136.53900980376625,1.4779489708523304e-05,1.351330834404286e-05,1.5529109081777367e-05
kan-fosls,137.00424603251247,1.51805714132762e-05,1.2808519730752159e-05,1.6293071666386524e-05
kan-fosls,137.46948226125866,1.4878030035964698e-05,1.272988821723721e-05,1.7940762176382054e-05
kan-fosls,137.93471849000488,1.4341700358212743e-05,1.254438548487077e-05,2.0221050619701032e-05
kan-fosls,138.3999547187511,1.4265602320435822e-05,1.2998621889107891e-05,1.878783894614747e-05
kan-fosls,138.86519094749733,1.4396801593890297e-05,1.3180784715021745e-05,1.7378701697941602e-05
kan-fosls,139.33042717624355,1.4538355717777164e-05,1.3044975079619477e-05,1.9051911069454696e-05
kan-fosls,139.79566340498977,1.523449624837493e-05,1.2897619720147185e-05,1.6827258704713325e-05
kan-fosls,140.260899633736,1.4513218479903018e-05,1.2373093391701485e-05,1.6320054636069086e-05
kan-fosls,140.72613586248218,1.412156841107327e-05,1.2306851852423145e-05,1.6303381414529696e-05
kan-fosls,141.1913720912284,1.4194634129409518e-05,1.2393143643153746e-05,1.6580213091578054e-05
kan-fosls,141.65660831997462,1.4228368382255745e-05,1.2548691343251548e-05,1.744923605526074e-05
kan-fosls,142.12184454872084,1.477407611323053e-05,1.2388470645259706e-05,1.67907134062659e-05
kan-fosls,142.58708077746707,1.4631018286911174e-05,1.1740742025197407e-05,1.692547394194523e-05
kan-fosls,143.0523170062133,1.4343882261274545e-05,1.200339716438723e-05,1.7282627070311253e-05
kan-fosls,143.5175532349595,1.3870260487165598e-05,1.1862484136861605e-05,1.711263733918572e-05
kan-fosls,143.98278946370573,1.3401521253745146e-05,1.172157110933598e-05,1.6673477975013103e-05
kan-fosls,144.44802569245195,1.3659397642620121e-05,1.1977316869730334e-05,1.6409171045917452e-05
kan-fosls,144.91326192119814,1.3889282453172456e-05,1.2333497159408292e-05,1.7618419582390838e-05
kan-fosls,145.37849814994436,1.4073807658957192e-05,1.2269461841542866e-05,1.6968295441790994e-05
kan-fosls,145.84373437869058,1.391642949030259e-05,1.1707205629682112e-05,1.6221903416553493e-05
kan-fosls,146.3089706074368,1.3609429385855425e-05,1.1610144897181995e-05,1.6889395695839376e-05
kan-fosls,146.77420683618303,1.352693692925274e-05,1.10214156212031e-05,1.593367468054091e-05
kan-fosls,147.23944306492925,1.3665331139121385e-05,1.1839647287848266e-05,1.7448267662522368e-05
kan-fosls,147.70467929367547,1.3950358656878861e-05,1.2260728644950997e-05,1.7907016135897173e-05
kan-fosls,148.16991552242166,1.3486591977669047e-05,1.1997489915427246e-05,1.7932585679983018e-05
kan-fosls,148.63515175116788,1.3760562018375944e-05,1.1573393838430312e-05,1.872068534211965e-05
kan-fosls,149.1003879799141,1.4446294809982455e-05,1.1736618582266638e-05,1.795504433886262e-05
kan-fosls,149.56562420866032,1.4880915694135588e-05,1.1899843326102962e-05,1.9685311333029712e-05
kan-fosls,150.03086043740655,1.510748517452992e-05,1.2411315828001152e-05,1.783820114283306e-05
kan-fosls,150.49609666615277,1.4659626375842602e-05,1.1889891258508802e-05,1.568176301654543e-05
kan-fosls,150.961332894899,1.3309402522626857e-05,1.1883047617114795e-05,1.5658836474369172e-05
kan-fosls,151.4265691236452,1.3660277708572147e-05,1.204054657686973e-05,1.460505303367769e-05
kan-fosls,151.89180535239143,1.3201175101827285e-05,1.1731728636228674e-05,1.5091341934426579e-05
kan-fosls,152.35704158113762,1.3349832593029587e-05,1.144082847904216e-05,1.5005791647686967e-05
kan-fosls,152.82227780988384,1.2240619062714593e-05,1.1460888479525571e-05,1.5225561618895321e-05
kan-fosls,153.28751403863006,1.1966807526889358e-05,1.119314256743287e-05,1.5928990515000317e-05
kan-fosls,153.75275026737629,1.2062423874775883e-05,1.0979484799707334e-05,1.490506371549847e-05
kan-fosls,154.2179864961225,1.2608535536362782e-05,1.1655325921691778e-05,1.5055371562480833e-05
kan-fosls,154.68322272486873,1.2350061212252794e-05,1.151295336571084e-05,1.4583595196630193e-05
kan-fosls,155.14845895361495,1.21956791987359e-05,1.1492176615180523e-05,1.4679090068177791e-05
kan-fosls,155.61369518236114,1.178877803241277e-05,1.1314045470375944e-05,1.4871171053550358e-05
kan-fosls,156.07893141110736,1.2170265094205404e-05,1.1051091932724255e-05,1.424736151034437e-05
kan-fosls,156.54416763985358,1.2173619612846447e-05,1.091095711710854e-05,1.3623551967138381e-05
kan-fosls,157.0094038685998,1.2223993668138025e-05,1.0971686350357488e-05,1.3438433946077342e-05
kan-fosls,157.47464009734603,1.2253113820189269e-05,1.1401604402123884e-05,1.3646315535449748e-05
kan-fosls,157.93987632609225,1.2104867813674635e-05,1.1746240179158104e-05,1.3482473399523442e-05
kan-fosls,158.40511255483847,1.2120921960542418e-05,1.1448299455095614e-05,1.3227679695702483e-05
kan-fosls,158.8703487835847,1.1954746674648778e-05,1.1253658848322454e-05,1.379418601854865e-05
kan-fosls,159.3355850123309,1.2074364588000942e-05,1.1078473695129689e-05,1.4189606663426022e-05
kan-fosls,159.8008212410771,1.2073680949359887e-05,1.0957527375941034e-05,1.3882357403269683e-05
kan-fosls,160.26605746982332,1.193120482124947e-05,1.0899003053285294e-05,1.3575108143113323e-05
kan-fosls,160.73129369856954,1.1842471239251006e-05,1.0840478730629557e-05,1.3385720126874237e-05
kan-fosls,161.19652992731577,1.170536035969641e-05,1.1007845739993475e-05,1.3402423240401474e-05
kan-fosls,161.661766156062,1.1698524742522721e-05,1.1066444447569416e-05,1.3026155016396387e-05
kan-fosls,162.1270023848082,1.1934123448296803e-05,1.0690821975166618e-05,1.3118065505082123e-05
kan-fosls,162.59223861355443,1.1730522005831147e-05,1.0830838628027485e-05,1.4060984768280548e-05
kan-fosls,163.05747484230062,1.1635024924557172e-05,1.1100406752930295e-05,1.5915363798277957e-05
kan-fosls,163.52271107104684,1.1617933478502356e-05,1.0767544632962504e-05,1.4115781561035506e-05
kan-fosls,163.98794729979306,1.196602188151259e-05,1.095637246500507e-05,1.2208474763129762e-05
kan-fosls,164.45318352853928,1.1863642755959356e-05,1.0908441341083975e-05,1.3023003103342877e-05
kan-fosls,164.9184197572855,1.1879144302611282e-05,1.0387168221846232e-05,1.3198059731752687e-05
kan-fosls,165.38365598603173,1.1778254901070474e-05,1.084870521060001e-05,1.3350827494949601e-05
kan-fosls,165.84889221477795,1.16329664388935e-05,1.0642238365609193e-05,1.3598722610598089e-05
kan-fosls,166.31412844352417,1.1754593907570746e-05,1.0620640654518498e-05,1.3413215354765403e-05
kan-fosls,166.7793646722704,1.2048173074652507e-05,1.0705634639789648e-05,1.2988748137957679e-05
kan-fosls,167.24460090101658,1.207293984669766e-05,1.1128347049722496e-05,1.3023844191430406e-05
kan-fosls,167.7098371297628,1.1821442362960331e-05,1.0919983501537055e-05,1.2491455110553411e-05
kan-fosls,168.17507335850902,1.1362441675666326e-05,1.060418083772376e-05,1.2216664578781344e-05
kan-fosls,168.64030958725525,1.1202237593299893e-05,1.0566132807027218e-05,1.2326352038509804e-05
kan-fosls,169.10554581600147,1.1116675203522417e-05,1.0559347138983595e-05,1.3076177043684832e-05
kan-fosls,169.5707820447477,1.1117989055249068e-05,1.039653026673342e-05,1.3105952124068929e-05
kan-fosls,170.0360182734939,1.1403426301880724e-05,1.0389089494318753e-05,1.235972488330864e-05
kan-fosls,170.5012545022401,1.1557376065692545e-05,1.0381648721904087e-05,1.3345838423686349e-05
kan-fosls,170.96649073098632,1.1395643034783236e-05,1.0482918879291484e-05,1.3584095940892523e-05
kan-fosls,171.43172695973254,1.1112062808387563e-05,1.0788323987914199e-05,1.2498337364447115e-05
kan-fosls,171.89696318847876,1.1437475623807961e-05,1.048689253042881e-05,1.216078257247903e-05
kan-fosls,172.36219941722499,1.1377806398804045e-05,1.0553154995738084e-05,1.3058401116802335e-05
kan-fosls,172.8274356459712,1.1292603442074797e-05,1.0619417461047357e-05,1.2632502686093714e-05
kan-fosls,173.29267187471743,1.1279958223141469e-05,1.0682269007546826e-05,1.2262621555832103e-05
kan-fosls,173.75790810346365,1.1272373109318569e-05,1.0743889285608738e-05,1.1867130147100753e-05
kan-fosls,174.22314433220987,1.1335556967680443e-05,1.084031496473999e-05,1.1889935321244267e-05
kan-fosls,174.68838056095606,1.123281472236402e-05,1.0714977535813835e-05,1.279536493480277e-05
kan-fosls,175.15361678970228,1.1229870209570514e-05,1.0257215662372418e-05,1.3874483186941097e-05
kan-fosls,175.6188530184485,1.0899179180890765e-05,1.0366824795262767e-05,1.3665077908159911e-05
kan-fosls,176.08408924719473,1.097445025223629e-05,1.0292332383064618e-05,1.3384552619413296e-05
kan-fosls,176.54932547594095,1.1143867426951116e-05,1.0317790388825007e-05,1.283529140544944e-05
kan-fosls,177.01456170468717,1.1370943721987075e-05,1.0343248394585395e-05,1.1965787077419454e-05
kan-fosls,177.4797979334334,1.1094452356946742e-05,1.0284834063515167e-05,1.2754505586502308e-05
kan-fosls,177.94503416217958,1.1114627048311252e-05,1.021758273328753e-05,1.3143170930370753e-05
kan-fosls,178.4102703909258,1.128463922625911e-05,1.0325301284150514e-05,1.3925341131720616e-05
kan-fosls,178.87550661967202,1.1191031158362594e-05,1.027051427151799e-05,1.3629987376959539e-05
kan-fosls,179.34074284841824,1.1069507070274616e-05,1.047699036855538e-05,1.2206550854372223e-05
kan-fosls,179.80597907716447,1.0813498005683878e-05,1.0130412963166575e-05,1.2070466241797252e-05
kan-fosls,180.2712153059107,1.0889458195760278e-05,1.033057010647394e-05,1.196386718376234e-05
kan-fosls,180.7364515346569,1.085467830894577e-05,1.0154324668276294e-05,1.1869274936187912e-05
kan-fosls,181.20168776340313,1.0809628488215009e-05,1.0075262653041499e-05,1.250165460460738e-05
kan-fosls,181.66692399214935,1.0867327648603791e-05,1.0228864618492216e-05,1.1749011549220472e-05
kan-fosls,182.13216022089554,1.0675219830150721e-05,1.0179119228645396e-05,1.2000732704555444e-05
kan-fosls,182.59739644964176,1.0524090246795693e-05,1.0240981313603127e-05,1.2263148092266192e-05
kan-fosls,183.06263267838798,1.052802117408407e-05,1.0280875958737597e-05,1.2007716426242274e-05
kan-fosls,183.5278689071342,1.0695871102627458e-05,1.002709159417142e-05,1.244551414213054e-05
kan-fosls,183.99310513588043,1.1060219080779013e-05,1.0040664901401529e-05,1.3192225787900158e-05
kan-fosls,184.45834136462665,1.0982785805281252e-05,9.829659122247078e-06,1.3938937433669777e-05
kan-fosls,184.92357759337287,1.0752269142589876e-05,1.0033829525382018e-05,1.2811374427170695e-05
kan-fosls,185.38881382211906,1.0414770846445002e-05,9.958725523683971e-06,1.1783092719222117e-05
kan-fosls,185.85405005086528,1.0341014130683865e-05,9.946556177136899e-06,1.1551874369276603e-05
kan-fosls,186.3192862796115,1.0446474772871528e-05,9.923739953617317e-06,1.1445675178615733e-05
kan-fosls,186.78452250835772,1.0635913581503622e-05,9.778572506728196e-06,1.1360554226672532e-05
kan-fosls,187.24975873710395,1.0555917750825591e-05,1.0021905497433727e-05,1.1662096290474254e-05
kan-fosls,187.71499496585017,1.0675897989689624e-05,1.0081536498591599e-05,1.1963638354275974e-05
kan-fosls,188.1802311945964,1.0714537429845682e-05,9.793262805543875e-06,1.1730325452311305e-05
kan-fosls,188.6454674233426,1.0610648589139785e-05,9.504989112496151e-06,1.172110637195419e-05
kan-fosls,189.11070365208883,1.0422776929115086e-05,9.836668056974639e-06,1.2188794678006341e-05
kan-fosls,189.57593988083502,1.036274602562905e-05,9.903539407161617e-06,1.210989354775233e-05
kan-fosls,190.04117610958124,1.0792692404326226e-05,9.785463728266953e-06,1.1611364788454729e-05
kan-fosls,190.50641233832746,1.0741287925914147e-05,9.835026741082212e-06,1.1662074762955907e-05
kan-fosls,190.9716485670737,1.0763802144179694e-05,1.0000553732181946e-05,1.1372273588097644e-05
kan-fosls,191.4368847958199,1.064920068357405e-05,9.663739053406332e-06,1.166055093387682e-05
kan-fosls,191.90212102456613,1.049180533917474e-05,9.719220458728629e-06,1.2324734750470065e-05
kan-fosls,192.36735725331235,1.0487832987551626e-05,9.774701864050926e-06,1.3428264221838525e-05
kan-fosls,192.83259348205854,1.050900405069617e-05,9.829917226971045e-06,1.3013041613591646e-05
kan-fosls,193.29782971080476,1.0645087670958928e-05,9.766222295841802e-06,1.1624714793141739e-05
kan-fosls,193.76306593955098,1.067132327886221e-05,9.733509662334513e-06,1.1548469443708919e-05
kan-fosls,194.2283021682972,1.0576439602052278e-05,9.941400629779111e-06,1.1631133177667602e-05
kan-fosls,194.69353839704343,1.0511773330962799e-05,9.95058226802858e-06,1.19406512044563e-05
kan-fosls,195.15877462578965,1.0271344814000194e-05,9.862736072872225e-06,1.1093401106341404e-05
kan-fosls,195.62401085453587,1.0275623876393503e-05,9.899734958409437e-06,1.0938061614658714e-05
kan-fosls,196.0892470832821,1.0558848430832473e-05,9.563232325083857e-06,1.1232868564552707e-05
kan-fosls,196.5544833120283,1.04946619797836e-05,9.679067735128072e-06,1.1309391812006005e-05
kan-fosls,197.0197195407745,1.0287279979977253e-05,9.794903145172279e-06,1.1852493414462257e-05
kan-fosls,197.48495576952072,1.0205885996245362e-05,9.850265859284908e-06,1.2201083432754827e-05
kan-fosls,197.95019199826694,1.021448303593561e-05,9.91973621991179e-06,1.25496734510474e-05
kan-fosls,198.41542822701317,1.0182339854082998e-05,9.883450653409909e-06,1.2651141889158019e-05
kan-fosls,198.8806644557594,1.0174302732671765e-05,9.699607160060675e-06,1.2705523547967032e-05
kan-fosls,199.3459006845056,1.0268989560745607e-05,9.401261152900918e-06,1.2623666351033204e-05
kan-fosls,199.81113691325183,1.0235342131077208e-05,9.50704697933336e-06,1.2273312688265626e-05
kan-fosls,200.27637314199802,1.0180610024230586e-05,9.655190843303002e-06,1.1922959025498069e-05
kan-fosls,200.74160937074424,1.0152936282700867e-05,9.66868851630207e-06,1.123610417122148e-05
kan-fosls,201.20684559949046,1.0085849050685969e-05,9.845188931777376e-06,1.0665064647531891e-05
kan-fosls,201.67208182823668,9.990010783012149e-06,9.615531151401164e-06,1.0616096680276689e-05
kan-fosls,202.1373180569829,1.0042613946193075e-05,9.539003806374617e-06,1.09535204571232e-05
kan-fosls,202.60255428572913,1.003630692393123e-05,9.5642018381799e-06,1.077173940443371e-05
kan-fosls,203.06779051447535,9.894127001482417e-06,9.581503848215196e-06,1.0984441583698706e-05
kan-fosls,203.53302674322157,1.0022522852391577e-05,9.504312687350827e-06,1.1069278986368248e-05
kan-fosls,203.9982629719678,1.0058471812456747e-05,9.462633678362524e-06,1.1012988828526428e-05
kan-fosls,204.46349920071398,1.0062999677175747e-05,9.529812094891181e-06,1.095669867068461e-05
kan-fosls,204.9287354294602,1.0176756190246023e-05,9.553127406881116e-06,1.1783317492170404e-05
kan-fosls,205.39397165820642,1.0284999871854554e-05,9.584552002739677e-06,1.2377681900158264e-05
kan-fosls,205.85920788695265,1.0247638020025814e-05,9.65655097966344e-06,1.1773602399751378e-05
kan-fosls,206.32444411569887,1.01264421625921e-05,9.7285499565872e-06,1.1093169195147727e-05
kan-fosls,206.7896803444451,1.010722344503462e-05,9.643988114042646e-06,1.0454988503647118e-05
kan-fosls,207.2549165731913,1.0049978817095252e-05,9.604435060692814e-06,1.059593299593503e-05
kan-fosls,207.7201528019375,9.888324407849426e-06,9.582744769573622e-06,1.0803048016421378e-05
kan-fosls,208.18538903068372,9.91956546171622e-06,9.670198328944056e-06,1.0961373699051037e-05
kan-fosls,208.65062525942994,1.0000768264965933e-05,9.490125327434842e-06,1.1064816601783743e-05
kan-fosls,209.11586148817617,9.998185056587975e-06,9.557905280646904e-06,1.1168259504516446e-05
kan-fosls,209.5810977169224,9.96571062846476e-06,9.588645214675757e-06,1.0843001315061908e-05
kan-fosls,210.0463339456686,9.872547120256215e-06,9.61975572788289e-06,1.0505496673537503e-05
kan-fosls,210.51157017441483,9.895390953704973e-06,9.665839414237765e-06,1.0342453934481778e-05
kan-fosls,210.97680640316105,1.0108061905926534e-05,9.412333375197027e-06,1.0402871174819424e-05
kan-fosls,211.44204263190727,1.0110006631976333e-05,9.265506935729092e-06,1.0410222849550577e-05
kan-fosls,211.90727886065346,9.954107081856863e-06,9.247652253323572e-06,1.0528089547916823e-05
kan-fosls,212.37251508939968,9.791801702472673e-06,9.306328197116945e-06,1.0687767348162799e-05
kan-fosls,212.8377513181459,9.78890000878539e-06,9.546169215794757e-06,1.0623165382430191e-05
kan-fosls,213.30298754689213,9.953699870195515e-06,9.560197960546832e-06,1.0469925370742695e-05
kan-fosls,213.76822377563835,9.978746105443748e-06,9.549609390393049e-06,1.0752014828669888e-05
kan-fosls,214.23346000438457,9.873472881787354e-06,9.560876527159658e-06,1.0511638124950008e-05
kan-fosls,214.6986962331308,9.818192279224697e-06,9.270119663447563e-06,1.0325819256080842e-05
kan-fosls,215.16393246187698,9.76070269898413e-06,9.324966088096681e-06,1.030839007485459e-05
kan-fosls,215.6291686906232,9.693594138628063e-06,9.316215017291595e-06,1.0654024044408896e-05
kan-fosls,216.09440491936942,9.7188802566878e-06,9.390298478902129e-06,1.1066053934812749e-05
kan-fosls,216.55964114811565,9.816722154126341e-06,9.501276798214526e-06,1.0819285970663681e-05
kan-fosls,217.02487737686187,9.913062662577033e-06,9.380922122308742e-06,1.0617514814464832e-05
kan-fosls,217.4901136056081,9.89509939384403e-06,9.333756365708074e-06,1.0976760361193284e-05
kan-fosls,217.9553498343543,9.80853889366779e-06,9.345826457821891e-06,1.103753707187483e-05
kan-fosls,218.42058606310053,9.74760344679256e-06,9.336311657616518e-06,1.0305196166902628e-05
kan-fosls,218.88582229184675,9.726818394390567e-06,9.50482704361812e-06,1.0141296486450772e-05
kan-fosls,219.35105852059294,9.710143655995794e-06,9.526023492116721e-06,1.0231657340667859e-05
kan-fosls,219.81629474933916,9.83531936714477e-06,9.49803836990357e-06,1.0558665903239821e-05
kan-fosls,220.28153097808539,9.972803177565658e-06,9.406383330254577e-06,1.0900662038622883e-05
kan-fosls,220.7467672068316,9.869726751540192e-06,9.361595961044202e-06,1.0922566765872429e-05
kan-fosls,221.21200343557783,9.808153995221734e-06,9.358502644239903e-06,1.0498761735276244e-05
kan-fosls,221.67723966432405,9.731816373918003e-06,9.34914208062574e-06,1.0076558305647226e-05
kan-fosls,222.14247589307027,9.7495596412818e-06,9.318848550918292e-06,1.010772766174336e-05
kan-fosls,222.60771212181646,9.779466865878794e-06,9.278724026758105e-06,1.0167740294307998e-05
kan-fosls,223.07294835056268,9.778237680540983e-06,9.290086982178244e-06,1.0192881939031816e-05
kan-fosls,223.5381845793089,9.73297717863217e-06,9.248623650669957e-06,9.939281106312799e-06
kan-fosls,224.00342080805513,9.712348527950449e-06,9.498907355867166e-06,9.934674900546238e-06
kan-fosls,224.46865703680135,9.732609609766849e-06,9.353600619868634e-06,9.922329601727567e-06
kan-fosls,224.93389326554757,9.820712214680038e-06,9.183168398495186e-06,1.0055247416990615e-05
kan-fosls,225.3991294942938,9.775692527765997e-06,9.207194568985576e-06,1.0128183681468119e-05
kan-fosls,225.86436572304,9.727506642775168e-06,9.335726185875447e-06,1.0143566583414804e-05
kan-fosls,226.32960195178623,9.698952653308305e-06,9.388942907470733e-06,1.0161802367906216e-05
kan-fosls,226.79483818053242,9.634193789424459e-06,9.212197109350983e-06,1.0072112270627837e-05
kan-fosls,227.26007440927864,9.53957263073685e-06,9.03545131123122e-06,9.982422173349451e-06
kan-fosls,227.72531063802487,9.491889949014613e-06,9.194098667076683e-06,9.880704436037568e-06
kan-fosls,228.1905468667711,9.58002673144757e-06,9.172465863032685e-06,9.84335979180093e-06
kan-fosls,228.6557830955173,9.588098873895989e-06,9.212703206299749e-06,9.978840939519036e-06
kan-fosls,229.12101932426353,9.744516437081844e-06,9.351208570826763e-06,9.944706822511617e-06
kan-fosls,229.58625555300975,9.753957201620753e-06,9.359387713975986e-06,1.0252841365273297e-05
kan-fosls,230.05149178175594,9.784001858156004e-06,9.30634405184133e-06,1.0544526625299845e-05
kan-fosls,230.51672801050216,9.649888168184237e-06,9.158313663156342e-06,1.0550910507925609e-05
kan-fosls,230.98196423924838,9.626368996359105e-06,9.100903195265958e-06,1.0578957566818811e-05
kan-fosls,231.4472004679946,9.624740384512652e-06,9.148149190341695e-06,1.0358907738298768e-05
kan-fosls,231.91243669674083,9.622079543559995e-06,9.204449524961712e-06,1.0059400930585974e-05
kan-fosls,232.37767292548705,9.625971492893317e-06,9.200257211928363e-06,9.913509884722716e-06
kan-fosls,232.84290915423327,9.643460199883008e-06,9.127155068138274e-06,9.885340961344898e-06
kan-fosls,233.3081453829795,9.695179964940214e-06,9.054052924348187e-06,9.9426740432218e-06
kan-fosls,233.7733816117257,9.525736628628066e-06,9.217773583587303e-06,9.899570272010398e-06
kan-fosls,234.2386178404719,9.522255251252394e-06,9.04250419665665e-06,9.759588797728622e-06
kan-fosls,234.70385406921812,9.488986882891882e-06,9.166561768948983e-06,9.771587992764604e-06
kan-fosls,235.16909029796435,9.450606091846495e-06,9.062168693683895e-06,9.768382783953245e-06
kan-fosls,235.63432652671057,9.437466432496769e-06,8.918322564808262e-06,9.806191148069482e-06
kan-fosls,236.0995627554568,9.343264548558219e-06,8.963141891329206e-06,1.0032883411757407e-05
kan-fosls,236.564798984203,9.29095624651588e-06,9.007961217850148e-06,1.0259575675445333e-05
kan-fosls,237.03003521294923,9.348773440190375e-06,9.105282468157813e-06,1.0196994665262714e-05
kan-fosls,237.49527144169542,9.417925402778908e-06,9.049642506012941e-06,1.000171578740273e-05
kan-fosls,237.96050767044164,9.419850904707677e-06,9.052714824349228e-06,1.0087780354829326e-05
kan-fosls,238.42574389918786,9.429062890651438e-06,9.297416849827169e-06,9.763424290531882e-06
kan-fosls,238.89098012793409,9.454130598423685e-06,9.272081440399335e-06,9.818083327075952e-06
kan-fosls,239.3562163566803,9.404203953569184e-06,9.1879489696637e-06,9.740361352678745e-06
kan-fosls,239.82145258542653,9.440510583343266e-06,9.12992250446904e-06,9.764946950520307e-06
kan-fosls,240.28668881417275,9.482894678805359e-06,9.05943349435386e-06,9.962654915429715e-06
kan-fosls,240.75192504291897,9.440121751172608e-06,9.034293162228297e-06,1.0040906857486695e-05
kan-fosls,241.2171612716652,9.397726270728495e-06,9.009152830102736e-06,9.987545228969596e-06
kan-fosls,241.68239750041138,9.305167826198793e-06,9.091538545764653e-06,9.935325429106852e-06
kan-fosls,242.1476337291576,9.380640443203595e-06,9.052282132806935e-06,9.894419240485168e-06
kan-fosls,242.61286995790383,9.38279702287246e-06,8.933808738511233e-06,9.89180660108953e-06
kan-fosls,243.07810618665005,9.421877914005812e-06,9.193652929103223e-06,9.850079264628803e-06
kan-fosls,243.54334241539627,9.446779284661178e-06,9.085686116870352e-06,1.0093614578071427e-05
kan-fosls,244.0085786441425,9.398569601165866e-06,8.953046706349782e-06,9.8373972966014e-06
kan-fosls,244.4738148728887,9.231280703176664e-06,8.833784560868707e-06,9.829541688577711e-06
kan-fosls,244.9390511016349,9.23921676953162e-06,8.813671823660685e-06,9.944490810696656e-06
kan-fosls,245.40428733038112,9.24318637356349e-06,8.935694796648687e-06,1.0141945001812586e-05
kan-fosls,245.86952355912734,9.378645917787722e-06,9.057717769636687e-06,1.0339399192928517e-05
kan-fosls,246.33475978787357,9.345796391464808e-06,9.150194133395332e-06,9.936911256415021e-06
kan-fosls,246.7999960166198,9.413792355395495e-06,9.087577814949128e-06,9.87185716628978e-06
kan-fosls,247.265232245366,9.321930893469245e-06,9.024961496502925e-06,9.8285738223093e-06
kan-fosls,247.73046847411223,9.22861518360506e-06,9.039242558311979e-06,9.775785626373263e-06
kan-fosls,248.19570470285845,9.268943105540254e-06,9.005608596483806e-06,9.942610674542817e-06
kan-fosls,248.66094093160467,9.330497947607068e-06,9.122953532984098e-06,9.85770177971898e-06
kan-fosls,249.12617716035086,9.368590528370396e-06,9.136762477332432e-06,9.704696085988072e-06
kan-fosls,249.59141338909708,9.310567000156432e-06,9.165716791890196e-06,9.74188098144293e-06
kan-fosls,250.0566496178433,9.379871032477387e-06,9.214004258911056e-06,9.786262806697797e-06
kan-fosls,250.52188584658953,9.423213976303398e-06,9.133204987734871e-06,9.83527836906947e-06
kan-fosls,250.98712207533575,9.325926823171493e-06,9.06728910587145e-06,9.856563259085334e-06
kan-fosls,251.45235830408197,9.293833879246272e-06,9.001913520378669e-06,9.658396063577535e-06
kan-fosls,251.9175945328282,9.326837530537856e-06,8.910272372713799e-06,9.72718059126632e-06
kan-fosls,252.38283076157438,9.350579507366558e-06,9.056780886082113e-06,1.0017142182201802e-05
kan-fosls,252.8480669903206,9.466425297726816e-06,9.05856790879345e-06,1.0201620666701658e-05
kan-fosls,253.31330321906682,9.52701265094229e-06,9.074069338051395e-06,9.848001027108247e-06
kan-fosls,253.77853944781305,9.424391265784744e-06,9.103284843166851e-06,9.864902070742613e-06
kan-fosls,254.24377567655927,9.368561240422994e-06,9.116115579916777e-06,9.779290059551313e-06
kan-fosls,254.7090119053055,9.43364740862986e-06,9.105763964606195e-06,9.758864967555496e-06
kan-fosls,255.1742481340517,9.406192934699766e-06,9.087031708711257e-06,9.7360815873507e-06
kan-fosls,255.63948436279793,9.465950123706684e-06,9.000466237018143e-06,9.71325179069327e-06
kan-fosls,256.10472059154415,9.473985190636057e-06,9.138597710681515e-06,9.825390499995326e-06
kan-fosls,256.5699568202904,9.542107087935814e-06,9.054056934418651e-06,9.874504778372839e-06
kan-fosls,257.0351930490366,9.541139110529323e-06,9.000604382646318e-06,9.971378090534994e-06
kan-fosls,257.5004292777828,9.479122286083127e-06,8.904115039012772e-06,1.007814989992267e-05
kan-fosls,257.96566550652904,9.366481895000993e-06,8.934123835851932e-06,9.959515622151938e-06
kan-fosls,258.4309017352752,9.276109825449757e-06,8.96413263269109e-06,9.84088134438122e-06
kan-fosls,258.8961379640214,9.283287363551695e-06,8.97292111284834e-06,9.911151384348793e-06
kan-fosls,259.36137419276764,9.346608514757716e-06,8.96292525592105e-06,9.758442223286436e-06
kan-fosls,259.82661042151386,9.246814907768878e-06,8.872305728344212e-06,9.792493839969933e-06
kan-fosls,260.2918466502601,9.254062184666199e-06,8.880302165233123e-06,9.966144449861893e-06
kan-fosls,260.7570828790063,9.185139807395376e-06,8.888298602122036e-06,9.704999292286632e-06
kan-fosls,261.2223191077525,9.139317808021963e-06,8.880238161789043e-06,9.59949589181664e-06
kan-fosls,261.68755533649875,9.125528779763707e-06,8.853920081445138e-06,9.451900936978665e-06
kan-fosls,262.15279156524497,9.185493389030967e-06,8.831271929413944e-06,9.506179663751284e-06
kan-fosls,262.6180277939912,9.151899577886524e-06,8.871536846458432e-06,9.733686330911535e-06
kan-fosls,263.0832640227374,9.24632318449043e-06,8.91180176350292e-06,9.961192998071785e-06
kan-fosls,263.54850025148363,9.257498012693058e-06,8.929984922647003e-06,1.008029597474736e-05
kan-fosls,264.01373648022985,9.283310743987161e-06,8.930818496520058e-06,1.0136142455613614e-05
kan-fosls,264.4789727089761,9.349685894571867e-06,8.936172473709365e-06,1.0136453991143411e-05
kan-fosls,264.9442089377223,9.348680512700396e-06,9.002450342742382e-06,9.749915061008563e-06
kan-fosls,265.40944516646846,9.293794155202114e-06,9.005736669662904e-06,9.623589151375373e-06
kan-fosls,265.8746813952147,9.185463091670687e-06,8.98987358629393e-06,9.538715975275828e-06
kan-fosls,266.3399176239609,9.091913677065011e-06,8.923190050812072e-06,9.405605204192815e-06
kan-fosls,266.8051538527071,9.046613879449821e-06,8.838426526096403e-06,9.343065721524816e-06
kan-fosls,267.27039008145334,9.103019239063773e-06,8.849311184622717e-06,9.286207119672337e-06
kan-fosls,267.73562631019956,9.10852417095569e-06,8.850394180169625e-06,9.366278967801746e-06
kan-fosls,268.2008625389458,9.07139794059977e-06,8.879073727621734e-06,9.437227241256607e-06
kan-fosls,268.666098767692,9.134966272049348e-06,8.860664650810914e-06,9.390888080315531e-06
kan-fosls,269.1313349964382,9.121330042541128e-06,8.764239377215931e-06,9.362112411223927e-06
kan-fosls,269.59657122518445,9.130937384911835e-06,8.828081303101329e-06,9.289124015015922e-06
kan-fosls,270.06180745393067,9.134632876303526e-06,8.801093518865269e-06,9.258906840725611e-06
kan-fosls,270.5270436826769,9.156681329066648e-06,8.75506799257982e-06,9.285312251535856e-06
kan-fosls,270.9922799114231,9.161424159449543e-06,8.77646031970204e-06,9.380019579607002e-06
kan-fosls,271.45751614016933,9.15929900890803e-06,8.792143503123779e-06,9.514397290583514e-06
kan-fosls,271.92275236891555,9.108119564551424e-06,8.76490433145706e-06,9.462677406883119e-06
kan-fosls,272.3879885976618,9.125724408008895e-06,8.73766515979034e-06,9.357852877811085e-06
kan-fosls,272.853224826408,9.077665807937339e-06,8.71772578483492e-06,9.365945874945855e-06
kan-fosls,273.31846105515416,9.062568800469162e-06,8.702202133703378e-06,9.249134056942065e-06
kan-fosls,273.7836972839004,8.994460777805087e-06,8.694279891975792e-06,9.29283116459668e-06
kan-fosls,274.2489335126466,9.01262338051038e-06,8.735711494207826e-06,9.33818367634528e-06
kan-fosls,274.7141697413928,8.984749950552994e-06,8.618869019168024e-06,9.25606865605231e-06
kan-fosls,275.17940597013904,9.009057717119822e-06,8.802773171809154e-06,9.21280796983385e-06
kan-fosls,275.64464219888526,9.066750682835132e-06,8.819557600162012e-06,9.242569260409784e-06
kan-fosls,276.1098784276315,9.081052799892302e-06,8.83631017587568e-06,9.454333501257319e-06
kan-fosls,276.5751146563777,9.12511032765049e-06,8.852880209123392e-06,9.336450216427134e-06
kan-fosls,277.0403508851239,8.973842521133455e-06,8.816407502634845e-06,9.351880625773816e-06
kan-fosls,277.50558711387015,8.936625910326922e-06,8.748615097312189e-06,9.374367090557886e-06
kan-fosls,277.97082334261637,8.980629222764765e-06,8.769687171911692e-06,9.257505345073951e-06
kan-fosls,278.4360595713626,9.008499042607405e-06,8.782243106172835e-06,9.169638148762913e-06
kan-fosls,278.9012958001088,8.986355572805274e-06,8.760772143144808e-06,9.286644944824982e-06
kan-fosls,279.36653202885503,8.991586171419838e-06,8.720195574448083e-06,9.586005658841733e-06
kan-fosls,279.83176825760125,9.002053078964494e-06,8.732507818927297e-06,9.51224595936168e-06
kan-fosls,280.2970044863474,9.076023741020559e-06,8.770592610968988e-06,9.240589392954963e-06
kan-fosls,280.76224071509364,8.966571111132416e-06,8.79627315999595e-06,9.410274285500431e-06
kan-fosls,281.22747694383986,8.953202586569198e-06,8.76272546923599e-06,9.444417090113237e-06
kan-fosls,281.6927131725861,9.022712701141246e-06,8.72917777847603e-06,9.366545579021964e-06
kan-fosls,282.1579494013323,8.98579169992276e-06,8.741270295922734e-06,9.288505270680042e-06
kan-fosls,282.6231856300785,8.968076434144498e-06,8.713510788291918e-06,9.281181944821493e-06
kan-fosls,283.08842185882474,8.939201247989273e-06,8.709734319231875e-06,9.279670328837208e-06
kan-fosls,283.55365808757097,8.900929982115606e-06,8.814970696391579e-06,9.209813828404177e-06
kan-fosls,284.0188943163172,8.944983183262487e-06,8.801098426012794e-06,9.218552678357958e-06
kan-fosls,284.4841305450634,8.935141237554284e-06,8.81634066029505e-06,9.246974379949268e-06
kan-fosls,284.94936677380963,8.937323474936276e-06,8.80852533181086e-06,9.271216734128081e-06
kan-fosls,285.41460300255585,8.927741480488904e-06,8.778073739529654e-06,9.422670725559456e-06
kan-fosls,285.87983923130207,8.92803781547512e-06,8.738648159936742e-06,9.344508633151297e-06
kan-fosls,286.3450754600483,8.916950403426981e-06,8.699222580343827e-06,9.222356051690314e-06
kan-fosls,286.8103116887945,8.941043964224244e-06,8.755549517782904e-06,9.105280035488672e-06
kan-fosls,287.27554791754073,8.971741416951595e-06,8.831418528726466e-06,9.140873846824213e-06
kan-fosls,287.74078414628696,8.925552046750422e-06,8.757100533368423e-06,9.33085266145396e-06
kan-fosls,288.2060203750331,8.95241157035433e-06,8.763954746067501e-06,9.206989069385998e-06
kan-fosls,288.67125660377934,8.99783847331465e-06,8.770808958766577e-06,9.138196833773852e-06
kan-fosls,289.13649283252556,8.950305368165075e-06,8.76297340134374e-06,9.16075312276406e-06
kan-fosls,289.6017290612718,8.977795037328956e-06,8.751696044655098e-06,9.126332804372408e-06
kan-fosls,290.066965290018,8.973517629339562e-06,8.746244463062707e-06,9.126867329790854e-06
kan-fosls,290.5322015187642,8.967879963350519e-06,8.753282727234091e-06,9.133392031060103e-06
kan-fosls,290.99743774751045,8.952126211692754e-06,8.760320991405474e-06,9.149531422491161e-06
kan-fosls,291.46267397625667,8.922620952755676e-06,8.743080072153913e-06,9.164116739073983e-06
kan-fosls,291.9279102050029,8.952918301882198e-06,8.826921040075596e-06,9.151201232721126e-06
kan-fosls,292.3931464337491,8.951973249324471e-06,8.846043084334428e-06,9.261538584553158e-06
kan-fosls,292.85838266249533,8.969865361220771e-06,8.815216007576639e-06,9.322115905477983e-06
kan-fosls,293.32361889124155,8.980841999367936e-06,8.774198523700235e-06,9.23721919652914e-06
kan-fosls,293.7888551199878,8.986248484212984e-06,8.783015578466404e-06,9.152322487580298e-06
kan-fosls,294.254091348734,8.909891180284598e-06,8.716266769445907e-06,9.121210681155543e-06
kan-fosls,294.7193275774802,8.92883060190301e-06,8.712764978422908e-06,9.20790897535139e-06
kan-fosls,295.1845638062264,8.968475901819974e-06,8.816086253480597e-06,9.252911413041547e-06
kan-fosls,295.6498000349726,8.971018834977654e-06,8.815020632768534e-06,9.119804307619994e-06
kan-fosls,296.1150362637188,8.956235588636997e-06,8.750478940176825e-06,9.095707435705343e-06
kan-fosls,296.58027249246504,8.931491055877777e-06,8.668064561715095e-06,9.067397693937526e-06
kan-fosls,297.04550872121126,8.891310749609647e-06,8.604173065152123e-06,9.088478089337111e-06
kan-fosls,297.5107449499575,8.880798318635102e-06,8.588774394846096e-06,9.07655569960514e-06
kan-fosls,297.9759811787037,8.903840126978672e-06,8.573375724540069e-06,9.143781697045068e-06
kan-fosls,298.4412174074499,8.950817748476526e-06,8.624730498793207e-06,9.227996140521649e-06
kan-fosls,298.90645363619615,8.944643293856912e-06,8.69492272519181e-06,9.20453558148006e-06
kan-fosls,299.37168986494237,8.878987380011535e-06,8.733184926891196e-06,9.310971107120003e-06
kan-fosls,299.8369260936886,8.854198249171896e-06,8.752015608997215e-06,9.206436251325125e-06
kan-fosls,300.3021623224348,8.857260103422328e-06,8.73055367547246e-06,9.093813929532721e-06
kan-fosls,300.76739855118103,8.874497555603186e-06,8.69899300891076e-06,9.103283735884056e-06
kan-fosls,301.23263477992725,8.855243917895731e-06,8.692924837346817e-06,9.092569147891555e-06
kan-fosls,301.6978710086735,8.848349101400888e-06,8.633515894653494e-06,9.156061285909829e-06
kan-fosls,302.1631072374197,8.818402648324146e-06,8.631144065635282e-06,9.193923588050733e-06
kan-fosls,302.6283434661659,8.887318481824304e-06,8.628772236617071e-06,9.229212793730462e-06
kan-fosls,303.0935796949121,8.932400408861156e-06,8.621885766722498e-06,9.20841307026642e-06
kan-fosls,303.5588159236583,8.956715105929594e-06,8.613932603823557e-06,9.162243453534577e-06
kan-fosls,304.0240521524045,8.923154429956327e-06,8.613752749050899e-06,9.167709261413946e-06
kan-fosls,304.48928838115074,8.899217336834773e-06,8.630432141984378e-06,9.137889324159437e-06
kan-fosls,304.95452460989696,8.913694351766755e-06,8.647111534917855e-06,9.071136071791631e-06
kan-fosls,305.4197608386432,8.908854634269395e-06,8.673528953070145e-06,9.09631736192878e-06
kan-fosls,305.8849970673894,8.87681636084656e-06,8.702083407783095e-06,9.100695563657552e-06
kan-fosls,306.3502332961356,8.911012358712727e-06,8.72445007754685e-06,9.105073765386321e-06
kan-fosls,306.81546952488185,8.871663715264776e-06,8.734082325261218e-06,9.085223096946182e-06
kan-fosls,307.28070575362807,8.853249066727969e-06,8.738611183398933e-06,9.063137622027255e-06
kan-fosls,307.7459419823743,8.848752861362469e-06,8.723074435098851e-06,9.078386839939778e-06
kan-fosls,308.2111782111205,8.836972044563366e-06,8.699805422532141e-06,9.103508072663779e-06
kan-fosls,308.67641443986673,8.82921676158728e-06,8.679680776096277e-06,9.110050609549658e-06
kan-fosls,309.14165066861295,8.793753592257588e-06,8.669309290512194e-06,9.092998051884382e-06
kan-fosls,309.6068868973592,8.763223455310683e-06,8.647896162872225e-06,9.028617861958722e-06
kan-fosls,310.07212312610534,8.78414598301345e-06,8.656499416545455e-06,9.024458828654848e-06
kan-fosls,310.53735935485156,8.788768413614962e-06,8.65565587503957e-06,9.036443873767665e-06
kan-fosls,311.0025955835978,8.861285236286476e-06,8.65842551235863e-06,9.04842891888048e-06
kan-fosls,311.467831812344,8.80136234219629e-06,8.668526226073996e-06,9.100185081875267e-06
kan-fosls,311.9330680410902,8.756882174925573e-06,8.659560587749706e-06,9.08091084275714e-06
kan-fosls,312.39830426983644,8.771565092900697e-06,8.603495631561014e-06,9.079201779723978e-06
kan-fosls,312.86354049858267,8.783198731028347e-06,8.620239916876505e-06,9.053675721287116e-06
kan-fosls,313.3287767273289,8.804741123702561e-06,8.669000184119758e-06,9.07100295885267e-06
kan-fosls,313.7940129560751,8.783155750262148e-06,8.697515819345455e-06,9.135939115520737e-06
kan-fosls,314.25924918482133,8.820462567855656e-06,8.689816836660836e-06,9.094457163198254e-06
kan-fosls,314.72448541356755,8.826237107726702e-06,8.674478349685188e-06,9.052975210875772e-06
kan-fosls,315.18972164231377,8.815468520453895e-06,8.646713452849259e-06,8.99780425161656e-06
kan-fosls,315.65495787106,8.787059172818617e-06,8.634628266702681e-06,9.06100725306716e-06
kan-fosls,316.1201940998062,8.82628439563611e-06,8.661714720585811e-06,9.082601359496493e-06
kan-fosls,316.58543032855243,8.846696472317129e-06,8.68880117446894e-06,9.10089705915693e-06
kan-fosls,317.05066655729865,8.829430710821009e-06,8.675364479045794e-06,9.176307263674448e-06
kan-fosls,317.5159027860449,8.788834904094429e-06,8.655631486868992e-06,9.14276810725815e-06
kan-fosls,317.98113901479104,8.777067249728704e-06,8.64280800343226e-06,9.067422805505516e-06
kan-fosls,318.44637524353726,8.76783898284251e-06,8.641910250217744e-06,9.088807374121457e-06
kan-fosls,318.9116114722835,8.775156426892093e-06,8.64101249700323e-06,9.108765408143098e-06
kan-fosls,319.3768477010297,8.825296671104666e-06,8.588890989583133e-06,9.071952767998814e-06
kan-fosls,319.8420839297759,8.835361819124457e-06,8.529088298290403e-06,9.046350936304714e-06
kan-fosls,320.30732015852215,8.819431761729639e-06,8.536040996918743e-06,9.026826377360844e-06
kan-fosls,320.77255638726837,8.82752360193448e-06,8.65536898660145e-06,9.00763172961918e-06
kan-fosls,321.2377926160146,8.819504574622198e-06,8.69573516743653e-06,9.05857502337642e-06
kan-fosls,321.7030288447608,8.810427914803923e-06,8.652116969392029e-06,9.085546394079882e-06
kan-fosls,322.16826507350703,8.794493258741934e-06,8.608498771347528e-06,9.025992199812912e-06
kan-fosls,322.63350130225325,8.789368890347063e-06,8.619675060494236e-06,8.966438005545943e-06
kan-fosls,323.0987375309995,8.739245690650864e-06,8.652247604016384e-06,8.910577460930547e-06
kan-fosls,323.5639737597457,8.754174457639986e-06,8.592233239966607e-06,8.904955459600437e-06
kan-fosls,324.0292099884919,8.756969152872072e-06,8.58975522448984e-06,8.899333458270327e-06
kan-fosls,324.49444621723813,8.7225904304386e-06,8.594954590498364e-06,8.939513298569758e-06
kan-fosls,324.9596824459843,8.742163141552725e-06,8.597298622925681e-06,9.000751137956754e-06
kan-fosls,325.4249186747305,8.810873920787369e-06,8.595045381302157e-06,9.002220177987965e-06
kan-fosls,325.89015490347674,8.762288317285562e-06,8.592792139678631e-06,8.951868577672168e-06
kan-fosls,326.35539113222296,8.7364316334251e-06,8.602347051169007e-06,8.9500981810877e-06
kan-fosls,326.8206273609692,8.743561804599789e-06,8.613442225067733e-06,8.975523450646468e-06
kan-fosls,327.2858635897154,8.766152503434201e-06,8.613448813705012e-06,9.006952547859795e-06
kan-fosls,327.7510998184616,8.785629398922806e-06,8.59620961346658e-06,9.039021975530171e-06
kan-fosls,328.21633604720785,8.75978384915672e-06,8.57897041322815e-06,9.07243229264544e-06
kan-fosls,328.68157227595407,8.796227810505986e-06,8.54999310495784e-06,9.10584260976071e-06
kan-fosls,329.1468085047003,8.779949602347481e-06,8.519704483957075e-06,9.014271510346478e-06
kan-fosls,329.6120447334465,8.786075511547707e-06,8.525638078342466e-06,8.896764164632813e-06
kan-fosls,330.07728096219273,8.77882147859745e-06,8.584880251731285e-06,8.89099978701109e-06
kan-fosls,330.54251719093895,8.754717250903613e-06,8.620932149542742e-06,8.890833655552943e-06
kan-fosls,331.0077534196852,8.746511108393947e-06,8.609803549033572e-06,8.937694515151147e-06
kan-fosls,331.4729896484314,8.732528587682965e-06,8.629760150802706e-06,8.970790523602378e-06
kan-fosls,331.9382258771776,8.721889836127776e-06,8.629956598587886e-06,9.036128868001336e-06
kan-fosls,332.40346210592384,8.708530396186602e-06,8.645643077633444e-06,9.060476556555468e-06
kan-fosls,332.86869833467,8.685714651910128e-06,8.60968797922638e-06,9.035540739913618e-06
kan-fosls,333.3339345634162,8.71213210887221e-06,8.55917844758026e-06,9.020444936056211e-06
kan-fosls,333.79917079216244,8.742226510177692e-06,8.589853550848138e-06,8.944445508865573e-06
kan-fosls,334.26440702090866,8.748892357514811e-06,8.601438855337874e-06,8.939557980630733e-06
kan-fosls,334.7296432496549,8.702516041266043e-06,8.617030382823484e-06,8.934380017598857e-06
kan-fosls,335.1948794784011,8.702286635888799e-06,8.564931720357081e-06,8.907158852551694e-06
kan-fosls,335.6601157071473,8.741954542505895e-06,8.571577489617857e-06,8.879937687504533e-06
kan-fosls,336.12535193589355,8.724940123033299e-06,8.58341077297755e-06,8.892997523326392e-06
kan-fosls,336.59058816463977,8.749914402178942e-06,8.604636379237492e-06,8.91422897162854e-06
kan-fosls,337.055824393386,8.76848240167875e-06,8.638556545465301e-06,8.903057540511683e-06
kan-fosls,337.5210606221322,8.752694047752359e-06,8.662930779414065e-06,8.950278746793562e-06
kan-fosls,337.98629685087843,8.738371805904004e-06,8.56951461379646e-06,8.964529069988365e-06
kan-fosls,338.45153307962465,8.76397552290414e-06,8.456345726456046e-06,8.901303663775665e-06
kan-fosls,338.9167693083709,8.783802877757591e-06,8.401543503986708e-06,8.887228784370675e-06
kan-fosls,339.3820055371171,8.781483333728786e-06,8.419476677962383e-06,8.937213721064769e-06
kan-fosls,339.84724176586326,8.775794492573264e-06,8.382780081731873e-06,8.963359914828823e-06
kan-fosls,340.3124779946095,8.753857178119353e-06,8.535243149328788e-06,9.028855161869395e-06
kan-fosls,340.7777142233557,8.731038644566471e-06,8.630298072665553e-06,9.02230409802245e-06
kan-fosls,341.2429504521019,8.723960972308045e-06,8.660954234537297e-06,9.002071425565748e-06
kan-fosls,341.70818668084814,8.719762372682378e-06,8.610196624685586e-06,8.958997916840834e-06
kan-fosls,342.17342290959436,8.735061253617647e-06,8.559439014833874e-06,8.87171213054343e-06
kan-fosls,342.6386591383406,8.72070281909068e-06,8.512084267453047e-06,8.871371122249169e-06
kan-fosls,343.1038953670868,8.72477190543481e-06,8.464951160312394e-06,8.936709337288979e-06
kan-fosls,343.569131595833,8.727839814628419e-06,8.433521970298732e-06,8.994981441473161e-06
kan-fosls,344.03436782457925,8.724951424904081e-06,8.422747893957983e-06,8.94281148812633e-06
kan-fosls,344.49960405332547,8.70120101145654e-06,8.411973817617232e-06,8.890641534779497e-06
kan-fosls,344.9648402820717,8.678373031062685e-06,8.465770099251964e-06,8.849567763436717e-06
kan-fosls,345.4300765108179,8.700003499603576e-06,8.523806857721259e-06,8.817025869893759e-06
kan-fosls,345.89531273956413,8.745435400335738e-06,8.549201139328797e-06,8.833940457458027e-06
kan-fosls,346.36054896831035,8.744025920274031e-06,8.527744367603842e-06,8.905066860761633e-06
kan-fosls,346.8257851970566,8.753331294402592e-06,8.52329865575906e-06,8.976193264065237e-06
kan-fosls,347.2910214258028,8.776381198571713e-06,8.543307573540507e-06,8.877961771518529e-06
kan-fosls,347.75625765454896,8.777634811926493e-06,8.529868672277918e-06,8.833827427756796e-06
kan-fosls,348.2214938832952,8.74948563441874e-06,8.544231826750191e-06,8.893721153884023e-06
kan-fosls,348.6867301120414,8.741579757949695e-06,8.513456861690685e-06,8.933190240250476e-06
kan-fosls,349.1519663407876,8.7049115077057e-06,8.49100641173457e-06,8.934944340493943e-06
kan-fosls,349.61720256953384,8.685228457404244e-06,8.556159171566317e-06,8.93669844073741e-06
kan-fosls,350.08243879828007,8.655185702622965e-06,8.507266693583931e-06,8.896544017053496e-06
kan-fosls,350.5476750270263,8.640130159119067e-06,8.451734138630234e-06,8.915004312058115e-06
kan-fosls,351.0129112557725,8.645071782203038e-06,8.412875352066257e-06,8.950915858567322e-06
kan-fosls,351.47814748451873,8.639587074559747e-06,8.37401656550228e-06,8.986827405076531e-06
kan-fosls,351.94338371326495,8.660480064476134e-06,8.433769517375512e-06,8.947672077721488e-06
kan-fosls,352.40861994201117,8.711586809818319e-06,8.497253419922234e-06,8.894783618885436e-06
kan-fosls,352.8738561707574,8.734408500040484e-06,8.540983942859606e-06,8.912779746432963e-06
kan-fosls,353.3390923995036,8.69064020534066e-06,8.540855920813728e-06,8.925635618975496e-06
kan-fosls,353.80432862824983,8.669639811686697e-06,8.581940269777293e-06,8.925494896567939e-06
kan-fosls,354.26956485699606,8.687808955768109e-06,8.572904623643955e-06,8.925354174160382e-06
kan-fosls,354.7348010857422,8.685587312058569e-06,8.62632347523735e-06,8.87997264335847e-06
kan-fosls,355.20003731448844,8.71696095858024e-06,8.631262192442044e-06,8.900462911558404e-06
kan-fosls,355.66527354323466,8.728242048155304e-06,8.584606441088708e-06,8.920001649939162e-06
kan-fosls,356.1305097719809,8.699462054271501e-06,8.544183042642351e-06,8.92706506510163e-06
kan-fosls,356.5957460007271,8.666160181374486e-06,8.488717466074677e-06,8.934128480264098e-06
kan-fosls,357.0609822294733,8.634017919851498e-06,8.396395276295941e-06,8.894584253619568e-06
kan-fosls,357.52621845821955,8.630654231609876e-06,8.391566244100467e-06,8.852784499464235e-06
kan-fosls,357.99145468696577,8.709213945781671e-06,8.47361395414536e-06,8.844871018120101e-06
kan-fosls,358.456690915712,8.733284711178301e-06,8.554863233705428e-06,8.84611104369093e-06
kan-fosls,358.9219271444582,8.698489809021684e-06,8.529643404451119e-06,8.824072576306471e-06
kan-fosls,359.38716337320443,8.706227919698625e-06,8.504423575196809e-06,8.80562748882143e-06
kan-fosls,359.85239960195065,8.694768452639278e-06,8.510045127653362e-06,8.796768683371209e-06
kan-fosls,360.3176358306969,8.691135247811584e-06,8.544339750573205e-06,8.808178317129288e-06
kan-fosls,360.7828720594431,8.673795977405878e-06,8.576973669398631e-06,8.861912934835092e-06
kan-fosls,361.2481082881893,8.709364755896388e-06,8.517558929355395e-06,8.837532950415137e-06
kan-fosls,361.71334451693554,8.727992551493425e-06,8.458144189312157e-06,8.869310365688336e-06
kan-fosls,362.17858074568176,8.707617475580737e-06,8.451772491023024e-06,8.956019727114094e-06
kan-fosls,362.6438169744279,8.68893308193113e-06,8.493855161675505e-06,8.891350519585164e-06
kan-fosls,363.10905320317414,8.68572249016231e-06,8.534332812974535e-06,8.875814197067134e-06
kan-fosls,363.57428943192036,8.700251843299675e-06,8.510160845718184e-06,8.910726106934449e-06
kan-fosls,364.0395256606666,8.715654355949066e-06,8.485988878461834e-06,8.896564967573122e-06
kan-fosls,364.5047618894128,8.716002289878117e-06,8.484080774116383e-06,8.86820536510548e-06
kan-fosls,364.969998118159,8.685440526275183e-06,8.501833015693522e-06,8.84140479148938e-06
kan-fosls,365.43523434690525,8.64091931434653e-06,8.519063705316649e-06,8.818638185957221e-06
kan-fosls,365.90047057565147,8.624610336459484e-06,8.523630258328882e-06,8.809179997127553e-06
kan-fosls,366.3657068043977,8.627626353811815e-06,8.528196811341115e-06,8.8527666300343e-06
kan-fosls,366.8309430331439,8.67126443735869e-06,8.530880143415428e-06,8.93043682641657e-06
kan-fosls,367.29617926189013,8.64823728248707e-06,8.523270901942298e-06,8.953535322237373e-06
kan-fosls,367.76141549063635,8.624691550145894e-06,8.493045681503044e-06,8.88616963938451e-06
kan-fosls,368.2266517193826,8.643775835672387e-06,8.474017701693324e-06,8.842035604989718e-06
kan-fosls,368.6918879481288,8.671187472831825e-06,8.41725359926298e-06,8.786835741646374e-06
kan-fosls,369.157124176875,8.678089877216796e-06,8.364031700262356e-06,8.867993248061206e-06
kan-fosls,369.6223604056212,8.646938193478706e-06,8.313845056334118e-06,8.869283130427433e-06
kan-fosls,370.0875966343674,8.64328309247434e-06,8.268609884744601e-06,8.891099316877898e-06
kan-fosls,370.5528328631136,8.63129288028772e-06,8.34247669693261e-06,8.880435318334461e-06
kan-fosls,371.01806909185984,8.668563380860165e-06,8.416343509120619e-06,8.901207559903785e-06
kan-fosls,371.48330532060606,8.672417987538735e-06,8.434686960193707e-06,8.920869827203218e-06
kan-fosls,371.9485415493523,8.631379121976482e-06,8.406100810963698e-06,8.914903081668033e-06
kan-fosls,372.4137777780985,8.638499088532229e-06,8.37996196193791e-06,8.8939089661413e-06
kan-fosls,372.8790140068447,8.637334437804851e-06,8.397292602023597e-06,8.90401800733238e-06
kan-fosls,373.34425023559095,8.620729359328406e-06,8.414623242109286e-06,8.860372877215427e-06
kan-fosls,373.80948646433717,8.635927298944084e-06,8.407673868814568e-06,8.811682785192998e-06
kan-fosls,374.2747226930834,8.63715304856026e-06,8.381782641807783e-06,8.780194633248712e-06
kan-fosls,374.7399589218296,8.608917963156773e-06,8.359233254094446e-06,8.772260696722282e-06
kan-fosls,375.20519515057583,8.583213565212541e-06,8.383170777874123e-06,8.764326760195852e-06
kan-fosls,375.67043137932205,8.62347902029873e-06,8.407108301653798e-06,8.804009465498612e-06
kan-fosls,376.1356676080683,8.664421406673664e-06,8.424944460224345e-06,8.847172552571187e-06
kan-fosls,376.6009038368145,8.665296967273344e-06,8.43821959343447e-06,8.837552945576166e-06
kan-fosls,377.0661400655607,8.635888738953597e-06,8.44943083476112e-06,8.777226410434862e-06
kan-fosls,377.5313762943069,8.62620843756323e-06,8.436251004226224e-06,8.837379268144773e-06
kan-fosls,377.9966125230531,8.636929447580095e-06,8.423071173691324e-06,8.838556284005683e-06
kan-fosls,378.4618487517993,8.629475627521853e-06,8.429518979022077e-06,8.827019031281458e-06
kan-fosls,378.92708498054554,8.640866903226174e-06,8.450012908350967e-06,8.813471902383539e-06
kan-fosls,379.39232120929177,8.622934847005219e-06,8.469018244065294e-06,8.795798849057528e-06
kan-fosls,379.857557438038,8.652731317418808e-06,8.473187674480737e-06,8.778125795731518e-06
kan-fosls,380.3227936667842,8.682310316158521e-06,8.477357104896181e-06,8.765842073419525e-06
kan-fosls,380.7880298955304,8.671329579095876e-06,8.476607126580163e-06,8.791121544548925e-06
kan-fosls,381.25326612427665,8.646102452954105e-06,8.472557955176662e-06,8.81777663352309e-06
kan-fosls,381.71850235302287,8.584124215390843e-06,8.472584865964342e-06,8.885324514458671e-06
kan-fosls,382.1837385817691,8.606645401845857e-06,8.506973128732424e-06,8.877565891528556e-06
kan-fosls,382.6489748105153,8.645114754843499e-06,8.507031833348672e-06,8.846698140111524e-06
kan-fosls,383.11421103926153,8.667857306630668e-06,8.477532169903575e-06,8.810353326127862e-06
kan-fosls,383.57944726800775,8.657750401120337e-06,8.50642476298751e-06,8.765536354478905e-06
kan-fosls,384.044683496754,8.663498522730632e-06,8.552868953975458e-06,8.751932541758701e-06
kan-fosls,384.50991972550014,8.636908425627063e-06,8.537365869421885e-06,8.746297265031488e-06
kan-fosls,384.97515595424636,8.595798522399225e-06,8.504380964162115e-06,8.75329217317411e-06
kan-fosls,385.4403921829926,8.562359880762105e-06,8.471105756394853e-06,8.76252478779244e-06
kan-fosls,385.9056284117388,8.563659642161988e-06,8.44762780702133e-06,8.759099825991842e-06
kan-fosls,386.370864640485,8.567529122928531e-06,8.42532672384905e-06,8.742795608255945e-06
kan-fosls,386.83610086923125,8.619920831636473e-06,8.410567928632866e-06,8.759131476363312e-06
kan-fosls,387.30133709797747,8.666616327935744e-06,8.395809133416683e-06,8.786797861353447e-06
kan-fosls,387.7665733267237,8.691330345324548e-06,8.367194540792307e-06,8.864713423172907e-06
kan-fosls,388.2318095554699,8.638887062120904e-06,8.330819616404274e-06,8.864690114381689e-06
kan-fosls,388.69704578421613,8.62409218553249e-06,8.313157670711992e-06,8.864666805590468e-06
kan-fosls,389.16228201296235,8.628667767453369e-06,8.4007626678809e-06,8.873768687394208e-06
kan-fosls,389.6275182417086,8.614526422938118e-06,8.48836766504981e-06,8.774965725875102e-06
kan-fosls,390.0927544704548,8.657088858819925e-06,8.50887641751925e-06,8.746041322286185e-06
kan-fosls,390.557990699201,8.629561654698744e-06,8.450208188876976e-06,8.77009873551332e-06
kan-fosls,391.02322692794723,8.596192397143533e-06,8.473821711228728e-06,8.842466208703252e-06
kan-fosls,391.48846315669346,8.645038728010425e-06,8.467019527993355e-06,8.914833681893185e-06
kan-fosls,391.9536993854397,8.659749477678049e-06,8.455457936270966e-06,8.894746126029015e-06
kan-fosls,392.41893561418584,8.650731506283913e-06,8.421724064355183e-06,8.858677462484891e-06
kan-fosls,392.88417184293206,8.611175362427317e-06,8.376912091837827e-06,8.827224954811532e-06
kan-fosls,393.3494080716783,8.590279721117316e-06,8.351125334417885e-06,8.828194355663793e-06
kan-fosls,393.8146443004245,8.617357873756178e-06,8.417550207462989e-06,8.80698960933133e-06
kan-fosls,394.2798805291707,8.642906661886329e-06,8.483975080508093e-06,8.790692732660037e-06
kan-fosls,394.74511675791695,8.646098657413068e-06,8.492904642474984e-06,8.774395855988743e-06
kan-fosls,395.21035298666317,8.65387189830919e-06,8.474450170812205e-06,8.730361074538827e-06
kan-fosls,395.6755892154094,8.609038444368025e-06,8.45939107501399e-06,8.751723765495825e-06
kan-fosls,396.1408254441556,8.590910501175016e-06,8.459830627786875e-06,8.811825385654876e-06
kan-fosls,396.60606167290183,8.614175631779827e-06,8.460270180559759e-06,8.800817107093483e-06
kan-fosls,397.07129790164805,8.619174327664141e-06,8.446802678438902e-06,8.802883762346253e-06
kan-fosls,397.5365341303943,8.615121191760003e-06,8.426671220579747e-06,8.797229197327393e-06
kan-fosls,398.0017703591405,8.605901444660985e-06,8.414025228224535e-06,8.793505932245443e-06
kan-fosls,398.4670065878867,8.596577914585728e-06,8.435030329316656e-06,8.81418883358428e-06
kan-fosls,398.93224281663294,8.625467244722669e-06,8.456035430408778e-06,8.813460229885631e-06
kan-fosls,399.3974790453791,8.62550936790893e-06,8.484601675091501e-06,8.809596044894224e-06
kan-fosls,399.8627152741253,8.616464300785905e-06,8.516742559923902e-06,8.805476071523874e-06
kan-fosls,400.32795150287154,8.60027294878194e-06,8.539281745564097e-06,8.800936213381754e-06
kan-fosls,400.79318773161776,8.613355694270128e-06,8.521106856178076e-06,8.796396355239633e-06
kan-fosls,401.258423960364,8.64124628927752e-06,8.502931966792055e-06,8.763479630373386e-06
kan-fosls,401.7236601891102,8.642174677504904e-06,8.45511502473044e-06,8.72661916577292e-06
kan-fosls,402.1888964178564,8.612354257204556e-06,8.394413406277953e-06,8.716315364010646e-06
kan-fosls,402.65413264660265,8.575050155773728e-06,8.352069136568317e-06,8.738074892282825e-06
kan-fosls,403.11936887534887,8.587584229841508e-06,8.381909186257046e-06,8.721295865745007e-06
kan-fosls,403.5846051040951,8.607799316427731e-06,8.411749235945776e-06,8.698865221235363e-06
kan-fosls,404.0498413328413,8.595414300531907e-06,8.414134987583556e-06,8.748862415825919e-06
kan-fosls,404.51507756158753,8.586165464192932e-06,8.405173498579866e-06,8.765992380868072e-06
kan-fosls,404.98031379033375,8.582324976597048e-06,8.395423990968904e-06,8.771521755318552e-06
kan-fosls,405.44555001908,8.584385138189847e-06,8.382802163012535e-06,8.693364936351979e-06
kan-fosls,405.9107862478262,8.572071872398981e-06,8.370180335056168e-06,8.71615006879052e-06
kan-fosls,406.3760224765724,8.56680538104404e-06,8.3850271221759e-06,8.785025010158588e-06
kan-fosls,406.84125870531864,8.57374911527926e-06,8.410373028523912e-06,8.840621165206931e-06
kan-fosls,407.3064949340648,8.598367371728295e-06,8.429396497836186e-06,8.885509564837966e-06
kan-fosls,407.771731162811,8.628669749760977e-06,8.427846834277908e-06,8.923105879735476e-06
kan-fosls,408.23696739155724,8.603550642702871e-06,8.426297170719629e-06,8.847318701882222e-06
kan-fosls,408.70220362030346,8.590276615125486e-06,8.458023282591347e-06,8.771531524028968e-06
kan-fosls,409.1674398490497,8.597109651875464e-06,8.412101262369385e-06,8.794675286765522e-06
kan-fosls,409.6326760777959,8.60929899569469e-06,8.47303748646966e-06,8.82054222492448e-06
kan-fosls,410.0979123065421,8.62414289724529e-06,8.457953242266155e-06,8.822068415645448e-06
kan-fosls,410.56314853528835,8.618144044165812e-06,8.39557808972815e-06,8.79210907617874e-06
kan-fosls,411.02838476403457,8.605102106785903e-06,8.379816507831612e-06,8.762149736712031e-06
kan-fosls,411.4936209927808,8.595778105518421e-06,8.380167378099407e-06,8.731480370475399e-06
kan-fosls,411.958857221527,8.586609009266772e-06,8.374115099843517e-06,8.700287520809592e-06
kan-fosls,412.42409345027323,8.619630178756527e-06,8.34880398823787e-06,8.675768788122089e-06
kan-fosls,412.88932967901945,8.656425961546844e-06,8.323492876632223e-06,8.741964178548198e-06
kan-fosls,413.3545659077657,8.640989616073792e-06,8.34260446116204e-06,8.781508941787637e-06
kan-fosls,413.8198021365119,8.618550882472849e-06,8.342281902764501e-06,8.779429199612396e-06
kan-fosls,414.28503836525806,8.60027285521418e-06,8.366904149212423e-06,8.746921271629514e-06
kan-fosls,414.7502745940043,8.636007977467511e-06,8.39685912288253e-06,8.720043366922755e-06
kan-fosls,415.2155108227505,8.643340926223416e-06,8.425282196592586e-06,8.714265948784567e-06
kan-fosls,415.6807470514967,8.600045650857012e-06,8.389293160105257e-06,8.713274923648448e-06
kan-fosls,416.14598328024294,8.567213468639393e-06,8.339268060971469e-06,8.703517583266786e-06
kan-fosls,416.61121950898917,8.544321510180581e-06,8.324144565789709e-06,8.703903801781723e-06
kan-fosls,417.0764557377354,8.551840284749003e-06,8.400183422158966e-06,8.757554075359466e-06
kan-fosls,417.5416919664816,8.560343245194935e-06,8.471415122641878e-06,8.68747090037019e-06
kan-fosls,418.00692819522783,8.576743589261373e-06,8.450401779091607e-06,8.668820779901297e-06
kan-fosls,418.47216442397405,8.579932894484673e-06,8.429388435541338e-06,8.675389922787535e-06
kan-fosls,418.93740065272027,8.579562039548965e-06,8.428120808804986e-06,8.682665218423243e-06
kan-fosls,419.4026368814665,8.560431753619318e-06,8.449497750503512e-06,8.737071249410307e-06
kan-fosls,419.8678731102127,8.567025056738166e-06,8.470874692202036e-06,8.795248382341128e-06
kan-fosls,420.33310933895893,8.572881200967008e-06,8.417294348174713e-06,8.802977273451857e-06
kan-fosls,420.79834556770516,8.592264407691251e-06,8.34354326507863e-06,8.745189358635104e-06
kan-fosls,421.2635817964514,8.620241039350753e-06,8.293692206627556e-06,8.687401443818353e-06
kan-fosls,421.7288180251976,8.589664973990835e-06,8.302273823670343e-06,8.781996179365714e-06
kan-fosls,422.19405425394376,8.55169614696991e-06,8.310855440713129e-06,8.807281474443975e-06
kan-fosls,422.65929048269,8.582815039974568e-06,8.310306969328437e-06,8.8277687436757e-06
kan-fosls,423.1245267114362,8.607596758790503e-06,8.307424813316398e-06,8.822067966437921e-06
kan-fosls,423.5897629401824,8.59761039188549e-06,8.316520530941321e-06,8.783689871907955e-06
kan-fosls,424.05499916892865,8.596896399471183e-06,8.353644755351368e-06,8.745311777377988e-06
kan-fosls,424.52023539767487,8.559688508093888e-06,8.390768979761413e-06,8.768983696549566e-06
kan-fosls,424.9854716264211,8.556493682711499e-06,8.406194046758746e-06,8.801173299339906e-06
kan-fosls,425.4507078551673,8.590823317511082e-06,8.416472006645593e-06,8.741210315789193e-06
kan-fosls,425.91594408391353,8.616399142548572e-06,8.450632939471297e-06,8.679189730906504e-06
kan-fosls,426.38118031265975,8.581790649996234e-06,8.408632388125935e-06,8.664141943538504e-06
kan-fosls,426.846416541406,8.62884440555056e-06,8.389849774808433e-06,8.698240795707838e-06
kan-fosls,427.3116527701522,8.611534961911774e-06,8.41278134547243e-06,8.810209213973442e-06
kan-fosls,427.7768889988984,8.59427515490779e-06,8.4361256840025e-06,8.840200252712485e-06
kan-fosls,428.24212522764464,8.554583856216285e-06,8.467212997214798e-06,8.76716807804585e-06
kan-fosls,428.70736145639086,8.56087560033558e-06,8.394856419845551e-06,8.706086996014699e-06
kan-fosls,429.172597685137,8.56761293985747e-06,8.468201490246774e-06,8.787923801735278e-06
kan-fosls,429.63783391388324,8.572687020970999e-06,8.476263723765326e-06,8.729944516328223e-06
kan-fosls,430.10307014262946,8.5954569126434e-06,8.444672065492382e-06,8.714185027045829e-06
kan-fosls,430.5683063713757,8.59310149889157e-06,8.41154535239195e-06,8.754855267331782e-06
kan-fosls,431.0335426001219,8.607167328978202e-06,8.375250970375199e-06,8.75894411217518e-06
kan-fosls,431.4987788288681,8.586104157788779e-06,8.338956588358449e-06,8.75530333300566e-06
kan-fosls,431.96401505761435,8.57426617172401e-06,8.339952428300555e-06,8.77215679497768e-06
kan-fosls,432.42925128636057,8.560241376493277e-06,8.348630418781143e-06,8.813653171778807e-06
kan-fosls,432.8944875151068,8.543351783405766e-06,8.352257635568118e-06,8.84768232004588e-06
kan-fosls,433.359723743853,8.546527791396905e-06,8.34595874029533e-06,8.881711468312955e-06
kan-fosls,433.82495997259923,8.571803708641868e-06,8.339659845022542e-06,8.769417932954063e-06
kan-fosls,434.29019620134545,8.567980993395347e-06,8.40981516734445e-06,8.652684100599076e-06
kan-fosls,434.7554324300917,8.557763933151326e-06,8.46565094407572e-06,8.647434782728431e-06
kan-fosls,435.2206686588379,8.575602400916854e-06,8.486317459536653e-06,8.675180760975711e-06
kan-fosls,435.6859048875841,8.568937524982447e-06,8.464643579771334e-06,8.732110417169115e-06
kan-fosls,436.15114111633034,8.534804999902146e-06,8.42588670400007e-06,8.74024723079238e-06
kan-fosls,436.61637734507656,8.565101531766552e-06,8.377361270209874e-06,8.747090934690809e-06
kan-fosls,437.0816135738227,8.578265091424735e-06,8.330964981041e-06,8.736159303891981e-06
kan-fosls,437.54684980256894,8.608734257488616e-06,8.326616841220265e-06,8.732171138997874e-06
kan-fosls,438.01208603131516,8.557246275189135e-06,8.39812770412767e-06,8.756025136689077e-06
kan-fosls,438.4773222600614,8.57093253796289e-06,8.336078921979384e-06,8.79569887855378e-06
kan-fosls,438.9425584888076,8.533633714728306e-06,8.426815881745328e-06,8.835372620418481e-06
kan-fosls,439.4077947175538,8.57944797212745e-06,8.397954149680487e-06,8.769448270193746e-06
kan-fosls,439.87303094630005,8.56680130159819e-06,8.409566424965225e-06,8.668928201100593e-06
kan-fosls,440.33826717504627,8.58313735656744e-06,8.42695879915311e-06,8.682360786144666e-06
kan-fosls,440.8035034037925,8.564957060225682e-06,8.444351173340994e-06,8.698182299601679e-06
kan-fosls,441.2687396325387,8.5648297656731e-06,8.405356253636532e-06,8.716193929416531e-06
kan-fosls,441.73397586128493,8.553130248088632e-06,8.357979674320791e-06,8.727060746943989e-06
kan-fosls,442.19921209003115,8.549244707621846e-06,8.33666099954546e-06,8.704605102796493e-06
kan-fosls,442.6644483187774,8.558077564623837e-06,8.357713886640052e-06,8.677373995538233e-06
kan-fosls,443.1296845475236,8.556899686160391e-06,8.353024819486906e-06,8.718164886596696e-06
kan-fosls,443.5949207762698,8.584367181042317e-06,8.344976235758954e-06,8.70182076839005e-06
kan-fosls,444.060157005016,8.601146790954776e-06,8.342515908665754e-06,8.73825783450778e-06
kan-fosls,444.5253932337622,8.570708791422548e-06,8.371619374496732e-06,8.812123614429197e-06
kan-fosls,444.9906294625084,8.576641265123629e-06,8.383807654966234e-06,8.885047567296912e-06
kan-fosls,445.45586569125464,8.558002433433963e-06,8.367453339620729e-06,8.825574361848055e-06
kan-fosls,445.92110192000086,8.5691447528533e-06,8.301905798578217e-06,8.781977860164103e-06
kan-fosls,446.3863381487471,8.552520511980084e-06,8.273324241694026e-06,8.754958413199194e-06
kan-fosls,446.8515743774933,8.532531138965338e-06,8.406784233128543e-06,8.739115635724067e-06
kan-fosls,447.3168106062395,8.579164334518734e-06,8.351490059734829e-06,8.740638614295393e-06
kan-fosls,447.78204683498575,8.618505761902964e-06,8.296195886341117e-06,8.750995179193406e-06
kan-fosls,448.24728306373197,8.618565302398809e-06,8.361977729888624e-06,8.76135174409142e-06
kan-fosls,448.7125192924782,8.599822466974392e-06,8.439539973826969e-06,8.751336254348626e-06
kan-fosls,449.1777555212244,8.578913292754494e-06,8.456714596504704e-06,8.722315999500423e-06
kan-fosls,449.64299174997063,8.590097707343078e-06,8.3963835388939e-06,8.712062001611687e-06
kan-fosls,450.10822797871685,8.575509296480435e-06,8.334377111492121e-06,8.731521774749412e-06
kan-fosls,450.5734642074631,8.587986331459904e-06,8.386825876784398e-06,8.76824727642645e-06
kan-fosls,451.0387004362093,8.597356522858296e-06,8.448476918600538e-06,8.735362829868123e-06
kan-fosls,451.5039366649555,8.581619915492354e-06,8.442514153255122e-06,8.783348760387491e-06
kan-fosls,451.9691728937017,8.541400387455719e-06,8.381051038499e-06,8.72492229222913e-06
kan-fosls,452.4344091224479,8.560845317973708e-06,8.382827585774352e-06,8.728329525995444e-06
kan-fosls,452.8996453511941,8.556539312103754e-06,8.36715209235506e-06,8.738757868664889e-06
kan-fosls,453.36488157994035,8.53332973621867e-06,8.36295428987302e-06,8.728498098761295e-06
kan-fosls,453.83011780868657,8.547457603577624e-06,8.396250684290782e-06,8.718586061546827e-06
kan-fosls,454.2953540374328,8.582901400871283e-06,8.405843528941785e-06,8.746288880073624e-06
kan-fosls,454.760590266179,8.565023678277933e-06,8.415436373592786e-06,8.716144110511767e-06
kan-fosls,455.22582649492523,8.537515343949206e-06,8.411519353960262e-06,8.689147050469502e-06
kan-fosls,455.69106272367145,8.537987829269756e-06,8.40691752158417e-06,8.703027716976429e-06
kan-fosls,456.15629895241767,8.546951859527446e-06,8.418486237021156e-06,8.718006275660047e-06
kan-fosls,456.6215351811639,8.56403038814181e-06,8.448921764289804e-06,8.756201773742676e-06
kan-fosls,457.0867714099101,8.563710253274404e-06,8.479357291558454e-06,8.794397271825307e-06
kan-fosls,457.55200763865633,8.561886280084829e-06,8.448887035413525e-06,8.792866607057941e-06
kan-fosls,458.01724386740256,8.528485273895554e-06,8.416401020539592e-06,8.759111316435079e-06
kan-fosls,458.4824800961488,8.539369678864771e-06,8.414516478405145e-06,8.728958976965768e-06
kan-fosls,458.94771632489494,8.55227026709964e-06,8.446259435024563e-06,8.758530817067874e-06
kan-fosls,459.41295255364116,8.552599207993108e-06,8.478002391643985e-06,8.788102657169984e-06
kan-fosls,459.8781887823874,8.559923991462936e-06,8.456532556758346e-06,8.782452836115104e-06
kan-fosls,460.3434250111336,8.53745734444562e-06,8.426088141149651e-06,8.780719363781582e-06
kan-fosls,460.8086612398798,8.534070096911746e-06,8.415037828725588e-06,8.740753614478516e-06
kan-fosls,461.27389746862605,8.53740438939359e-06,8.371111520825731e-06,8.704784569340209e-06
kan-fosls,461.73913369737227,8.54981115573431e-06,8.327338110902234e-06,8.76251938979676e-06
kan-fosls,462.2043699261185,8.556030096073654e-06,8.417599590467853e-06,8.83146818638043e-06
kan-fosls,462.6696061548647,8.5336097677921e-06,8.469217702972677e-06,8.755319756798295e-06
kan-fosls,463.13484238361093,8.54613032852021e-06,8.434584927935444e-06,8.716676913965786e-06
kan-fosls,463.60007861235715,8.539466231296958e-06,8.445434859812316e-06,8.700123953422675e-06
kan-fosls,464.0653148411034,8.549081575522107e-06,8.449836059298832e-06,8.674133345851095e-06
kan-fosls,464.5305510698496,8.550990817993797e-06,8.449836059298832e-06,8.694922144059092e-06
kan-fosls,464.9957872985958,8.532917904263993e-06,8.437236829195172e-06,8.694922144059092e-06
kan-fosls,465.46102352734204,8.512407682517857e-06,8.437236829195172e-06,8.694922144059092e-06
kan-fosls,465.92625975608826,8.506543508701725e-06,8.437236829195172e-06,8.694922144059092e-06
mlp-fosls,0.5536465644836426,0.16893596202135086,0.1229206770658493,0.24891549348831177
mlp-fosls,0.7761552727616228,0.1233490860316697,0.08936668373179862,0.18080808394307377
mlp-fosls,0.9986639810396029,0.07790821840288063,0.05469439010892191,0.11217834163704707
mlp-fosls,1.221172689317583,0.04969714674828987,0.032075051841067403,0.07122589407841652
mlp-fosls,1.4436813975955631,0.038178286527953596,0.022233095242239174,0.058905379480535966
mlp-fosls,1.6661901058735433,0.025196194715382342,0.012391138643410942,0.04658486488265541
mlp-fosls,1.8886988141515233,0.019283928244402396,0.009247916083138498,0.03759526486837797
mlp-fosls,2.1112075224295035,0.013419254754700533,0.006235598711424124,0.031571165475809244
mlp-fosls,2.3337162307074837,0.00926752900936905,0.00422701698201648,0.026084625066378507
mlp-fosls,2.556224938985464,0.006956929588879746,0.0033219449601902236,0.02101678107138011
mlp-fosls,2.778733647263444,0.004760510658914435,0.0024168729383639664,0.015948937076381713
mlp-fosls,3.0012423555414243,0.0036930454602454865,0.002061895954576633,0.013437358564903544
mlp-fosls,3.223751063819404,0.002579308357675669,0.001723029235002324,0.010942404865778906
mlp-fosls,3.446259772097384,0.0019214993730149602,0.0014150597923126194,0.008747095595720882
mlp-fosls,3.6687684803753644,0.00155647779164422,0.0012362007448503145,0.006858683018394295
mlp-fosls,3.8912771886533446,0.001193394035931133,0.0009611942869277297,0.004970270441067707
mlp-fosls,4.113785896931325,0.0010228710003109863,0.0008401685863817706,0.0038964619663330565
mlp-fosls,4.336294605209305,0.000879941674918664,0.000722002449825524,0.002826849418915674
mlp-fosls,4.558803313487285,0.0007703525539173372,0.000626465795721295,0.0021277299759301003
mlp-fosls,4.781312021765265,0.0006769590235981154,0.0005546318110131976,0.001806039935605716
mlp-fosls,5.003820730043246,0.0006034531530927664,0.00048279782630509973,0.0014843498952813302
mlp-fosls,5.226329438321225,0.0005854733576470039,0.00044817818288366235,0.0013197407972212714
mlp-fosls,5.448838146599206,0.000559836778259299,0.00037516109813922515,0.0011558342836947863
mlp-fosls,5.671346854877186,0.0005080417755416898,0.00032264335428644226,0.0010828105412697825
mlp-fosls,5.8938555631551655,0.000485230624116559,0.0002900960292996235,0.0011023623979208557
mlp-fosls,6.116364271433146,0.0004255559795604027,0.000259837867076303,0.0011219142545719288
mlp-fosls,6.338872979711126,0.00040517552247943935,0.0002809718278602716,0.0009298246799298563
mlp-fosls,6.5613816879891065,0.0003687139471794526,0.0002573657864580522,0.0007368620957049913
mlp-fosls,6.783890396267086,0.00034573934701488044,0.00023770008368821524,0.0006120883496504424
mlp-fosls,7.006399104545067,0.0003188393716959956,0.0002214204437460611,0.0005565352492496561
mlp-fosls,7.228907812823047,0.0003017150304182465,0.00016579033663101988,0.0005009821488488702
mlp-fosls,7.451416521101027,0.00026608925519150037,0.00015377503089648178,0.00046037927850297054
mlp-fosls,7.673925229379007,0.00026256879887906725,0.00014175972516194377,0.0004198273467081506
mlp-fosls,7.896433937656987,0.00024035214233407494,0.00013345751994489966,0.0003848256949178733
mlp-fosls,8.118942645934968,0.0002180947169466687,0.00012860024863970508,0.0003554383756995801
mlp-fosls,8.341451354212946,0.00019654771358326506,0.00012365243405627313,0.0003260510564812873
mlp-fosls,8.563960062490928,0.00017341642221630903,0.00011466605672266942,0.00029644791972261266
mlp-fosls,8.786468770768908,0.00016883202014919793,0.0001056796793890658,0.0002668442715690777
mlp-fosls,9.008977479046887,0.00016782646321406795,0.00010070339241018772,0.00024965919136182
mlp-fosls,9.231486187324869,0.00014760730313123828,9.937419281372704e-05,0.00024042830439497065
mlp-fosls,9.453994895602849,0.0001382017196974757,9.805289445608746e-05,0.00025117299551866444
mlp-fosls,9.676503603880828,0.00014840144823303288,9.704060178417968e-05,0.00024355801381338102
mlp-fosls,9.899012312158808,0.00014330294171356088,9.173654441270684e-05,0.0002698990901417855
mlp-fosls,10.121521020436788,0.00013850832401704634,8.571295590684021e-05,0.0002588160254357445
mlp-fosls,10.34402972871477,0.00012330927759028834,7.959094659091659e-05,0.0002102299030075098
mlp-fosls,10.566538436992749,0.00011630811064998134,6.928132663926536e-05,0.00016398349071850192
mlp-fosls,10.789047145270729,0.00012276064272730047,6.429135424487754e-05,0.00015698796380772892
mlp-fosls,11.011555853548709,0.00012403549563637167,5.930138185048972e-05,0.00019385953885520403
mlp-fosls,11.234064561826688,0.00013340684788309834,5.614294626617063e-05,0.00019102625032552386
mlp-fosls,11.45657327010467,0.00012225612327108204,5.4618524657259665e-05,0.0002070181773369409
mlp-fosls,11.67908197838265,0.00010170445468741828,5.3084727968840904e-05,0.00025976554549511774
mlp-fosls,11.90159068666063,9.313306244114041e-05,5.125156600597e-05,0.00017701068771956496
mlp-fosls,12.124099394938609,8.48711772100935e-05,4.941840404309909e-05,0.0001308363487248815
mlp-fosls,12.34660810321659,7.868492593691878e-05,4.840352587800784e-05,0.00012886528815116255
mlp-fosls,12.56911681149457,7.900081786454995e-05,4.810888316512956e-05,0.00012408964913400447
mlp-fosls,12.79162551977255,7.93101249692924e-05,4.7824860138785956e-05,0.00011931401011684638
mlp-fosls,13.01413422805053,7.478133523829513e-05,4.785421215437233e-05,0.00011396669435909079
mlp-fosls,13.23664293632851,7.238892993738243e-05,4.78835641699587e-05,0.00010991470940422772
mlp-fosls,13.459151644606491,7.161675601444315e-05,4.66731244904057e-05,0.00010915627022823522
mlp-fosls,13.681660352884471,7.485174990807858e-05,4.438704993789961e-05,0.00010838002419631416
mlp-fosls,13.90416906116245,7.811896482283787e-05,4.222735232178451e-05,0.00010668800782080254
mlp-fosls,14.12667776944043,7.232038352403988e-05,4.333388537929033e-05,9.404822168209302e-05
mlp-fosls,14.349186477718412,7.226610175002982e-05,4.4440418436796166e-05,9.358715608872042e-05
mlp-fosls,14.571695185996392,7.392323778903796e-05,4.4180424159177894e-05,0.00010040064469509618
mlp-fosls,14.794203894274371,7.579740521056094e-05,4.275038190847616e-05,0.00010145702913656579
mlp-fosls,15.016712602552351,7.918657127834708e-05,4.1217470125249353e-05,0.00011737438783219591
mlp-fosls,15.239221310830331,7.329261916844617e-05,3.7266205441983926e-05,9.879809678788768e-05
mlp-fosls,15.461730019108312,6.087606153526668e-05,3.3314940758718464e-05,8.508936134194597e-05
mlp-fosls,15.684238727386292,5.5630449063104635e-05,3.1267861979280255e-05,8.725533424090552e-05
mlp-fosls,15.906747435664272,5.8688933522938724e-05,3.082725733759837e-05,9.057949245366127e-05
mlp-fosls,16.12925614394225,5.390216166718939e-05,3.0620114207978125e-05,9.314535855704516e-05
mlp-fosls,16.351764852220235,5.467936207083304e-05,3.5499871032146536e-05,8.829866023395808e-05
mlp-fosls,16.574273560498213,5.4064155236136e-05,4.037962785631479e-05,8.345196191087117e-05
mlp-fosls,16.79678226877619,5.629185352786584e-05,3.9991553172736076e-05,8.083603895950187e-05
mlp-fosls,17.019290977054172,5.149072717136792e-05,3.520585603377579e-05,7.677801533752685e-05
mlp-fosls,17.241799685332154,4.9441887747012217e-05,3.0569220281341946e-05,8.711986316181855e-05
mlp-fosls,17.464308393610132,4.909495400305441e-05,2.904472604959493e-05,7.19804371846309e-05
mlp-fosls,17.686817101888114,4.943670519337488e-05,2.7520231817847888e-05,8.400667207710107e-05
mlp-fosls,17.909325810166095,4.703064606798384e-05,2.964454549094197e-05,8.279706724881712e-05
mlp-fosls,18.131834518444073,4.672853047476306e-05,3.479512195136511e-05,7.226423360428296e-05
mlp-fosls,18.354343226722055,4.738922136030791e-05,3.950908137781043e-05,8.386329711096694e-05
mlp-fosls,18.576851935000033,4.573495838827333e-05,3.5534808562460125e-05,7.208615703741005e-05
mlp-fosls,18.799360643278014,4.468754451629255e-05,3.156053574710975e-05,7.539459002389415e-05
mlp-fosls,19.021869351555996,4.24697454658636e-05,3.0100014659510517e-05,7.218892566773759e-05
mlp-fosls,19.244378059833974,4.3983702572267815e-05,3.0353938067681824e-05,6.202578772789042e-05
mlp-fosls,19.466886768111955,4.5195717323494945e-05,3.1117664418159e-05,6.243962162571513e-05
mlp-fosls,19.689395476389933,4.554586577383915e-05,2.7966744551632184e-05,7.788672835340808e-05
mlp-fosls,19.911904184667915,4.948722505977425e-05,2.4815824685105316e-05,0.00010453728607303633
mlp-fosls,20.134412892945896,4.8239322544160594e-05,2.363134599474258e-05,0.00010477147214570429
mlp-fosls,20.356921601223874,4.713474907606695e-05,2.404566423092165e-05,7.650723962561566e-05
mlp-fosls,20.579430309501856,3.7973241588849454e-05,2.453060467339383e-05,5.341367921078255e-05
mlp-fosls,20.801939017779834,3.7416930172987634e-05,2.6087788203570313e-05,5.191888866060419e-05
mlp-fosls,21.024447726057815,3.8880649839365906e-05,2.580490252344928e-05,5.042409811042581e-05
mlp-fosls,21.246956434335797,3.9906870612579405e-05,2.5740463656537742e-05,5.642853350544494e-05
mlp-fosls,21.469465142613775,4.220782814418655e-05,2.5745146330104912e-05,6.693637028994584e-05
mlp-fosls,21.691973850891756,4.184173523403383e-05,2.3966015441254456e-05,7.450625476646836e-05
mlp-fosls,21.914482559169734,4.2671774359762786e-05,2.3614421237319946e-05,6.21524801025072e-05
mlp-fosls,22.136991267447716,3.729916256827005e-05,2.3262827033385425e-05,5.165699229324544e-05
mlp-fosls,22.359499975725697,3.456864590645912e-05,2.6087263327867696e-05,5.308440114948709e-05
mlp-fosls,22.582008684003675,3.6487371801704135e-05,2.76314098211526e-05,5.5579449941274144e-05
mlp-fosls,22.804517392281657,3.642042496696008e-05,2.6028987971931088e-05,6.028306559053059e-05
mlp-fosls,23.027026100559638,3.438854974102101e-05,2.644997288629088e-05,5.4636017913840174e-05
mlp-fosls,23.249534808837616,3.2304021681884066e-05,2.270567669369494e-05,4.8988970237149844e-05
mlp-fosls,23.472043517115598,3.185386173761672e-05,1.9709229093191263e-05,4.6213229421373066e-05
mlp-fosls,23.694552225393576,3.3214097617962085e-05,1.9536277266405494e-05,4.505698396666071e-05
mlp-fosls,23.917060933671557,3.151911278705803e-05,1.9436635739161748e-05,4.378114759916013e-05
mlp-fosls,24.13956964194954,3.064110252608214e-05,2.038176894446743e-05,4.2256983398927716e-05
mlp-fosls,24.362078350227517,2.9080737615016473e-05,2.1326902149773097e-05,4.2931615342201604e-05
mlp-fosls,24.584587058505498,2.944412335352207e-05,2.119490065449197e-05,4.349725245821787e-05
mlp-fosls,24.807095766783476,3.088701491488761e-05,2.023958994832784e-05,4.39570054511817e-05
mlp-fosls,25.029604475061458,3.047855247210592e-05,1.9393750786407232e-05,4.663369937200726e-05
mlp-fosls,25.25211318333944,3.017400342890157e-05,2.0003245617921423e-05,4.12697382011937e-05
mlp-fosls,25.474621891617417,2.9095189689317258e-05,2.06127404494356e-05,3.8150095194669e-05
mlp-fosls,25.6971305998954,2.741492262508423e-05,2.125711062687254e-05,3.717424810420575e-05
mlp-fosls,25.919639308173377,2.8700691877987814e-05,2.192766066922096e-05,4.058547807701461e-05
mlp-fosls,26.142148016451358,3.0116404853146776e-05,2.2493324002477195e-05,4.448015232012136e-05
mlp-fosls,26.36465672472934,3.2853271091655883e-05,2.172979247131786e-05,4.463893434924981e-05
mlp-fosls,26.587165433007318,3.2777210504237605e-05,2.0966260940158538e-05,4.9872006628424785e-05
mlp-fosls,26.8096741412853,3.2700378940505096e-05,1.999364276924299e-05,4.9580036172323976e-05
mlp-fosls,27.03218284956328,3.079214310591384e-05,1.8866083233612746e-05,4.390445344862023e-05
mlp-fosls,27.25469155784126,2.6514098727646146e-05,1.7804300860669363e-05,3.872150766057881e-05
mlp-fosls,27.47720026611924,2.655813972193652e-05,1.7546357632769483e-05,3.683443682114093e-05
mlp-fosls,27.69970897439722,2.7268762152493278e-05,1.728841440486961e-05,3.602501909736175e-05
mlp-fosls,27.9222176826752,2.7247496063834763e-05,1.7967051123661822e-05,3.581676608189081e-05
mlp-fosls,28.14472639095318,2.634778082099359e-05,1.9332504703644692e-05,3.528074746287771e-05
mlp-fosls,28.36723509923116,2.6071636597483226e-05,2.089779836647578e-05,3.565152895616127e-05
mlp-fosls,28.58974380750914,2.683657153976991e-05,2.4332775817618705e-05,3.4944771153539736e-05
mlp-fosls,28.81225251578712,3.080577646429965e-05,2.434508840301502e-05,3.955939412438476e-05
mlp-fosls,29.0347612240651,2.993125175503327e-05,2.4119910919913187e-05,3.9910346436404536e-05
mlp-fosls,29.257269932343082,2.7453987638958422e-05,2.1537658525662176e-05,3.444858580600658e-05
mlp-fosls,29.47977864062106,2.5330518736313835e-05,1.922703220690485e-05,3.4794966619241924e-05
mlp-fosls,29.70228734889904,2.461716860102733e-05,1.9054894232749326e-05,3.693967759515236e-05
mlp-fosls,29.92479605717702,2.4022731426665587e-05,1.8882756258593803e-05,4.5355526403231546e-05
mlp-fosls,30.147304765455,2.3521964570820302e-05,1.9542061064063166e-05,4.841986494205426e-05
mlp-fosls,30.369813473732982,2.296345533218325e-05,2.0221320914000907e-05,4.5720547566213064e-05
mlp-fosls,30.59232218201096,2.4165074832251435e-05,1.9524728035851482e-05,4.302123019037192e-05
mlp-fosls,30.814830890288942,2.548903170877192e-05,1.80786458475606e-05,3.6873803707254006e-05
mlp-fosls,31.03733959856692,2.7112763457484685e-05,1.6632563659269744e-05,4.07640611012122e-05
mlp-fosls,31.2598483068449,2.5745380164374483e-05,1.608326800709222e-05,3.7676408636225406e-05
mlp-fosls,31.482357015122883,2.4924045135443903e-05,1.6165785601142463e-05,3.631474950744101e-05
mlp-fosls,31.70486572340086,2.4306102888595485e-05,1.6281331940983837e-05,3.495230769878446e-05
mlp-fosls,31.927374431678842,2.3975978124560412e-05,1.6737858100764936e-05,3.342445277287704e-05
mlp-fosls,32.14988313995683,2.339906915548713e-05,1.719438426054604e-05,3.361191221490379e-05
mlp-fosls,32.3723918482348,2.3875185604787566e-05,1.7220092472478582e-05,3.391658556736786e-05
mlp-fosls,32.59490055651278,2.3477833386952444e-05,1.69458544334777e-05,3.406756078898972e-05
mlp-fosls,32.81740926479076,2.2114993353348625e-05,1.680231861201669e-05,3.600533314925797e-05
mlp-fosls,33.03991797306874,2.2143542526192043e-05,1.7972216949467207e-05,3.5240378646230243e-05
mlp-fosls,33.262426681346724,2.2782972252034876e-05,1.8655463571883723e-05,3.44754241432025e-05
mlp-fosls,33.4849353896247,2.3257805304978526e-05,1.8886916855166257e-05,3.5657434649156444e-05
mlp-fosls,33.70744409790268,2.36858131216614e-05,1.9494349390512632e-05,3.877551034364569e-05
mlp-fosls,33.929952806180665,2.28537679935944e-05,1.9063014787843886e-05,4.189148287087938e-05
mlp-fosls,34.15246151445864,2.3737777088317983e-05,1.8546889841621003e-05,3.958402509630086e-05
mlp-fosls,34.37497022273662,2.3486818959190504e-05,1.6956765072291403e-05,3.727656732172233e-05
mlp-fosls,34.59747893101461,2.3605814991063184e-05,1.646721329378559e-05,3.528507920408201e-05
mlp-fosls,34.819987639292584,2.339110999666074e-05,1.5954447250333465e-05,3.3609527311877814e-05
mlp-fosls,35.04249634757056,2.1487390440238025e-05,1.5485622158111974e-05,3.1933975419673615e-05
mlp-fosls,35.26500505584855,2.1892702330395904e-05,1.5422924868336642e-05,3.045940394218857e-05
mlp-fosls,35.487513764126525,2.273099000080637e-05,1.5360227578561314e-05,2.8985127151582992e-05
mlp-fosls,35.7100224724045,2.2569281602945945e-05,1.5245955221576966e-05,2.9242856641192415e-05
mlp-fosls,35.93253118068248,2.255598644117285e-05,1.5017213515437515e-05,3.125653754011977e-05
mlp-fosls,36.15503988896047,2.0620798714571074e-05,1.5102446057896415e-05,3.327021843904718e-05
mlp-fosls,36.377548597238444,2.0740018395561592e-05,1.5544217287210227e-05,3.206385572288925e-05
mlp-fosls,36.60005730551642,2.074762320027861e-05,1.4980187004240972e-05,3.0840945117799136e-05
mlp-fosls,36.82256601379441,2.099701515748162e-05,1.512017377748507e-05,3.151985854533352e-05
mlp-fosls,37.045074722072385,2.0108697392430223e-05,1.518790955089453e-05,3.414434941515102e-05
mlp-fosls,37.26758343035036,1.9081538131989798e-05,1.490538621000409e-05,3.6768840284968516e-05
mlp-fosls,37.49009213862835,1.94162975600324e-05,1.475811357296429e-05,3.3254205341439236e-05
mlp-fosls,37.71260084690633,1.974865630088403e-05,1.4610840935924493e-05,2.9706836918896676e-05
mlp-fosls,37.935109555184304,1.9174525947493216e-05,1.4428065121990245e-05,2.835934394353453e-05
mlp-fosls,38.15761826346228,1.9414545842112612e-05,1.4244981126905825e-05,2.925779944769273e-05
mlp-fosls,38.38012697174027,1.9804099033660086e-05,1.4874005436882437e-05,3.0156254951850956e-05
mlp-fosls,38.602635680018246,1.9070801744595774e-05,1.5399271132818413e-05,2.898900196009109e-05
mlp-fosls,38.82514438829622,1.8418249728188712e-05,1.5477770826618756e-05,2.781010104902714e-05
mlp-fosls,39.04765309657421,1.9088366318070764e-05,1.544583769326043e-05,2.7050873339229274e-05
mlp-fosls,39.27016180485219,1.870665461266033e-05,1.52638266406069e-05,2.8928355252042445e-05
mlp-fosls,39.492670513130165,1.8471043449788038e-05,1.3573100962023781e-05,2.8270714490721547e-05
mlp-fosls,39.71517922140815,1.87600563173142e-05,1.373019161052466e-05,2.6659702253500983e-05
mlp-fosls,39.93768792968613,1.8640758948257607e-05,1.3887282259025532e-05,2.6930129130829623e-05
mlp-fosls,40.160196637964106,1.9065020432091885e-05,1.4239085236392546e-05,2.7061918500148264e-05
mlp-fosls,40.38270534624209,1.868980321397827e-05,1.4711313739893749e-05,2.9508250678123038e-05
mlp-fosls,40.60521405452007,1.8982769960949798e-05,1.5090237131388698e-05,3.163181917914697e-05
mlp-fosls,40.82772276279805,1.8398115225924704e-05,1.4790433995723146e-05,2.859717938668817e-05
mlp-fosls,41.050231471076025,1.7719622899318664e-05,1.3885021889524032e-05,2.8676344907411325e-05
mlp-fosls,41.27274017935401,1.7395612661322443e-05,1.4246014653389945e-05,2.8457023891148102e-05
mlp-fosls,41.49524888763199,1.7472196889641938e-05,1.4034611539082816e-05,2.7138656759168977e-05
mlp-fosls,41.717757595909966,1.761233317002444e-05,1.3806738374859932e-05,2.5820289627189853e-05
mlp-fosls,41.94026630418795,1.7480208762489922e-05,1.3465815241513239e-05,2.5799708142826084e-05
mlp-fosls,42.16277501246593,1.71942855419459e-05,1.3124892108166558e-05,2.5799581667092603e-05
mlp-fosls,42.38528372074391,1.7637247464303952e-05,1.3599036911810071e-05,2.596767733246676e-05
mlp-fosls,42.60779242902189,1.8395868878607493e-05,1.351631235956336e-05,2.6316563860259828e-05
mlp-fosls,42.83030113729987,1.9344411568801564e-05,1.3383307870681479e-05,2.6665450388052882e-05
mlp-fosls,43.05280984557785,1.7627510495471015e-05,1.3210970664848113e-05,2.645026867362712e-05
mlp-fosls,43.275318553855826,1.817845829622298e-05,1.3040813513528205e-05,2.6223766464603208e-05
mlp-fosls,43.49782726213381,1.795202101736473e-05,1.2900186954311932e-05,2.5786651385618157e-05
mlp-fosls,43.72033597041179,1.7336705376601738e-05,1.2759560395095663e-05,2.5120348065288695e-05
mlp-fosls,43.94284467868977,1.70457874748408e-05,1.2820908511111412e-05,2.4454044744959237e-05
mlp-fosls,44.16535338696775,1.7537067083398544e-05,1.2795292093249948e-05,2.5079805921564905e-05
mlp-fosls,44.38786209524573,1.7982829912638427e-05,1.2586484262846275e-05,2.5735822622288654e-05
mlp-fosls,44.61037080352371,1.7510785877503627e-05,1.3845574141828776e-05,2.5866721751931403e-05
mlp-fosls,44.83287951180169,1.7405347812129507e-05,1.4419498049895968e-05,2.5416658520339175e-05
mlp-fosls,45.05538822007967,1.692893397028157e-05,1.4413833526920077e-05,2.4966595288746958e-05
mlp-fosls,45.27789692835765,1.684518929771206e-05,1.4006728331636757e-05,2.720752896504829e-05
mlp-fosls,45.500405636635634,1.6514369239838335e-05,1.359385542434939e-05,2.9523290153083914e-05
mlp-fosls,45.72291434491361,1.6507187320993382e-05,1.262483224856888e-05,2.9559302407155577e-05
mlp-fosls,45.94542305319159,1.6045436639462982e-05,1.2662952210205537e-05,2.7033992575305876e-05
mlp-fosls,46.16793176146957,1.5691642558752066e-05,1.272648099266259e-05,2.4508682743456175e-05
mlp-fosls,46.39044046974755,1.553186617250269e-05,1.2604614024936433e-05,2.4121535786840142e-05
mlp-fosls,46.61294917802553,1.5962746311858942e-05,1.2482747057210283e-05,2.3834409266530204e-05
mlp-fosls,46.83545788630351,1.5307891490384407e-05,1.255604701740157e-05,2.3714018915498718e-05
mlp-fosls,47.057966594581494,1.6046581855599982e-05,1.266013982821107e-05,2.379513027501396e-05
mlp-fosls,47.28047530285947,1.66585303221425e-05,1.2868543195709852e-05,2.3876241634529202e-05
mlp-fosls,47.50298401113745,1.622124312699724e-05,1.2673679308817331e-05,2.369052593248243e-05
mlp-fosls,47.725492719415435,1.644183095807343e-05,1.2478815421924801e-05,2.3490913977699148e-05
mlp-fosls,47.94800142769341,1.5488267089108227e-05,1.2543411276874926e-05,2.3662683085362144e-05
mlp-fosls,48.17051013597139,1.563186013404047e-05,1.2707014076915491e-05,2.429125915568819e-05
mlp-fosls,48.393018844249376,1.5682220881696753e-05,1.1747449239044705e-05,2.4919835226014256e-05
mlp-fosls,48.615527552527354,1.5969510775985163e-05,1.1631611915700698e-05,2.50040288022499e-05
mlp-fosls,48.83803626080533,1.5727253752084138e-05,1.1551152177891584e-05,2.5057412880977557e-05
mlp-fosls,49.06054496908331,1.5471426298548617e-05,1.1679006811676087e-05,2.4655252325263362e-05
mlp-fosls,49.283053677361295,1.5503946957624525e-05,1.1806861445460596e-05,2.3698806132092234e-05
mlp-fosls,49.50556238563927,1.5489035923166582e-05,1.1796609504842492e-05,2.4609227086646702e-05
mlp-fosls,49.72807109391725,1.5089339429099542e-05,1.171297298160112e-05,2.2902332198462974e-05
mlp-fosls,49.950579802195236,1.5005274036031815e-05,1.1727371947355892e-05,2.3081528580096435e-05
mlp-fosls,50.173088510473214,1.5098276217192883e-05,1.180089787210663e-05,2.3148458015492635e-05
mlp-fosls,50.39559721875119,1.509358844069695e-05,1.2042179623925093e-05,2.301554665935809e-05
mlp-fosls,50.61810592702918,1.5255922074764567e-05,1.2242640457678554e-05,2.2882635303223537e-05
mlp-fosls,50.840614635307155,1.5098522900554455e-05,1.1954148040890837e-05,2.2717604647488077e-05
mlp-fosls,51.06312334358513,1.5252836522584196e-05,1.1535357896997571e-05,2.255003145127695e-05
mlp-fosls,51.28563205186311,1.5276753850475232e-05,1.1937464005036216e-05,2.3909996529096585e-05
mlp-fosls,51.508140760141096,1.5325874532478633e-05,1.2148094595685378e-05,2.7733704705625926e-05
mlp-fosls,51.730649468419074,1.58424077951677e-05,1.2088681251669224e-05,2.9244522755112374e-05
mlp-fosls,51.95315817669705,1.5156939047897356e-05,1.1646542991779507e-05,2.6006417760979355e-05
mlp-fosls,52.17566688497504,1.4431871852473407e-05,1.1355163504279932e-05,2.2768312766846232e-05
mlp-fosls,52.398175593253015,1.4469722944242424e-05,1.1602989647621236e-05,2.2122134897036683e-05
mlp-fosls,52.62068430153099,1.4651043106250056e-05,1.1793520523515941e-05,2.287035876730782e-05
mlp-fosls,52.84319300980898,1.4630776634455064e-05,1.2083357765585413e-05,2.361858263757898e-05
mlp-fosls,53.065701718086956,1.4398166966644426e-05,1.1620926194276617e-05,2.3950987885130222e-05
mlp-fosls,53.288210426364934,1.4187525434205034e-05,1.1210439376687902e-05,2.42498524871076e-05
mlp-fosls,53.51071913464292,1.4102070469634548e-05,1.1463963048077673e-05,2.4028446948495434e-05
mlp-fosls,53.7332278429209,1.396701941893626e-05,1.1717486719467437e-05,2.3102994999183486e-05
mlp-fosls,53.955736551198875,1.38785918363022e-05,1.1507026771784363e-05,2.2177543049871538e-05
mlp-fosls,54.17824525947685,1.3762521761297605e-05,1.1637438242986209e-05,2.2148458760068825e-05
mlp-fosls,54.40075396775484,1.3791809479422463e-05,1.1498951863604294e-05,2.2192692261228556e-05
mlp-fosls,54.623262676032816,1.3619191904365079e-05,1.1186123500992128e-05,2.220981059858447e-05
mlp-fosls,54.845771384310794,1.3585566447655808e-05,1.0873295138379962e-05,2.219004698872745e-05
mlp-fosls,55.06828009258878,1.3644156354314522e-05,1.0819962235041491e-05,2.2170283378870424e-05
mlp-fosls,55.29078880086676,1.4044382838550044e-05,1.086332442718494e-05,2.214544591483922e-05
mlp-fosls,55.513297509144735,1.45333957150762e-05,1.0895179971258606e-05,2.3056512243181707e-05
mlp-fosls,55.73580621742272,1.4553532908770756e-05,1.088984979461794e-05,2.2237198943787036e-05
mlp-fosls,55.9583149257007,1.454572432759325e-05,1.0884519617977275e-05,2.2549151121862156e-05
mlp-fosls,56.180823633978676,1.4415854688017954e-05,1.0855774130669929e-05,2.2861103299937272e-05
mlp-fosls,56.403332342256654,1.4413560814205353e-05,1.081858027800248e-05,2.2744429515500807e-05
mlp-fosls,56.62584105053464,1.4304118328357018e-05,1.0762772516727885e-05,2.259137471661352e-05
mlp-fosls,56.84834975881262,1.383510037749703e-05,1.064894551213984e-05,2.2382144401173124e-05
mlp-fosls,57.070858467090595,1.3580458023560857e-05,1.0535118507551794e-05,2.2096218950955605e-05
mlp-fosls,57.29336717536858,1.3441041064507821e-05,1.0550163834941142e-05,2.181029350073808e-05
mlp-fosls,57.51587588364656,1.32305946407625e-05,1.0608039968209576e-05,2.149251809061692e-05
mlp-fosls,57.738384591924536,1.3141136189379666e-05,1.0639112317251422e-05,2.1172038702663815e-05
mlp-fosls,57.96089330020252,1.3209345830071487e-05,1.0593311383977071e-05,2.1075247140794707e-05
mlp-fosls,58.1834020084805,1.3295021361890544e-05,1.054751045070272e-05,2.1285577633478874e-05
mlp-fosls,58.40591071675848,1.3530183697445209e-05,1.0581814047710622e-05,2.149590812616304e-05
mlp-fosls,58.62841942503646,1.3420044265637658e-05,1.0640567778430831e-05,2.1220696714088467e-05
mlp-fosls,58.85092813331444,1.3110039088305934e-05,1.0644190376343013e-05,2.0904535706217977e-05
mlp-fosls,59.07343684159242,1.2888473972684447e-05,1.0502368987177156e-05,2.0783190505195004e-05
mlp-fosls,59.295945549870396,1.3009711233198476e-05,1.0360547598011299e-05,2.0926318150337688e-05
mlp-fosls,59.51845425814838,1.3123007402947392e-05,1.0528958644699447e-05,2.1069445795480376e-05
mlp-fosls,59.74096296642636,1.3000312055785594e-05,1.07833304488827e-05,2.1224887938158173e-05
mlp-fosls,59.96347167470434,1.3072261497779496e-05,1.0901430615011872e-05,2.1381326411043103e-05
mlp-fosls,60.18598038298232,1.3270406843970392e-05,1.0688191281576892e-05,2.1525974330438736e-05
mlp-fosls,60.4084890912603,1.3607095096354714e-05,1.0474951948141918e-05,2.1654738621826604e-05
mlp-fosls,60.63099779953828,1.356857553069526e-05,1.0800878388182965e-05,2.1783502913214472e-05
mlp-fosls,60.85350650781626,1.3729153686394859e-05,1.0776613859550268e-05,2.1943660820056e-05
mlp-fosls,61.07601521609424,1.3831474372769458e-05,1.0752349330917573e-05,2.2106294563107543e-05
mlp-fosls,61.29852392437222,1.2946538991379257e-05,1.0693726486360438e-05,2.1895760851942393e-05
mlp-fosls,61.5210326326502,1.2679586191117546e-05,1.0619256611304642e-05,2.1183256452182963e-05
mlp-fosls,61.74354134092818,1.2841940419674372e-05,1.0763938959559871e-05,2.0470752052423512e-05
mlp-fosls,61.96605004920616,1.2776321872964979e-05,1.1329707686307461e-05,2.23752886089345e-05
mlp-fosls,62.18855875748414,1.28330446366132e-05,1.1187329584034631e-05,2.4488470787498795e-05
mlp-fosls,62.41106746576212,1.2703794515598969e-05,1.076511404731512e-05,2.495908507913895e-05
mlp-fosls,62.6335761740401,1.2357754400056542e-05,1.0342898510595618e-05,2.3202811833587818e-05
mlp-fosls,62.85608488231808,1.2274888414993754e-05,1.0177095851051772e-05,2.1446538588036685e-05
mlp-fosls,63.078593590596064,1.2332198432942793e-05,1.006329435596781e-05,2.093658540429041e-05
mlp-fosls,63.30110229887404,1.2419402316708572e-05,9.991085268133842e-06,2.0531199154097033e-05
mlp-fosls,63.52361100715202,1.240298635979052e-05,9.99994293316442e-06,2.022561498172857e-05
mlp-fosls,63.746119715430005,1.2310388588823356e-05,1.0008800598194998e-05,2.005629488831601e-05
mlp-fosls,63.96862842370798,1.2273401698463419e-05,1.029444257421258e-05,1.9886974794903453e-05
mlp-fosls,64.19113713198595,1.2319035357229174e-05,1.0630053629670872e-05,1.996698519185606e-05
mlp-fosls,64.41364584026394,1.2369659823465633e-05,1.0764356458707417e-05,2.0067709180233214e-05
mlp-fosls,64.63615454854192,1.2557216033369784e-05,1.0625131449400778e-05,2.0091753687772675e-05
mlp-fosls,64.85866325681991,1.271020537398774e-05,1.0581113770745308e-05,2.0012067727548593e-05
mlp-fosls,65.08117196509788,1.2642746198105064e-05,1.0425329933913412e-05,1.9932381767324515e-05
mlp-fosls,65.30368067337587,1.2388156412567943e-05,1.0166518773409739e-05,1.988290721091641e-05
mlp-fosls,65.52618938165384,1.228535682822956e-05,9.962697511937071e-06,1.9835859011095958e-05
mlp-fosls,65.74869808993182,1.242875178671606e-05,9.852235910907569e-06,1.9822506306215816e-05
mlp-fosls,65.9712067982098,1.2456545727841745e-05,9.741774309878065e-06,1.9854795230509074e-05
mlp-fosls,66.19371550648778,1.2459453519058642e-05,9.815267282791113e-06,1.988708415480233e-05
mlp-fosls,66.41622421476576,1.2319891306871996e-05,9.914330501365864e-06,1.9878061102508644e-05
mlp-fosls,66.63873292304375,1.231521238216307e-05,1.0138503821111453e-05,1.986562158767722e-05
mlp-fosls,66.86124163132172,1.2046635985538111e-05,1.056220179411554e-05,1.985103718690371e-05
mlp-fosls,67.0837503395997,1.1878143419716841e-05,1.0985899767119653e-05,1.9833532208236836e-05
mlp-fosls,67.30625904787769,1.1907415179984847e-05,1.0662446577328525e-05,1.981602722956996e-05
mlp-fosls,67.52876775615566,1.2077215660115838e-05,1.024940404206271e-05,2.004398963649776e-05
mlp-fosls,67.75127646443364,1.2323718233605742e-05,9.978621655365428e-06,2.029222551163763e-05
mlp-fosls,67.97378517271163,1.222791216979523e-05,9.923884125012632e-06,2.0288412667672518e-05
mlp-fosls,68.1962938809896,1.2012972882298468e-05,9.86914659465984e-06,1.9941187178845334e-05
mlp-fosls,68.41880258926759,1.1937841935623657e-05,9.82111797038672e-06,1.959396169001813e-05
mlp-fosls,68.64131129754557,1.2200688821117444e-05,9.773797532044863e-06,1.9920739022335243e-05
mlp-fosls,68.86382000582354,1.2758645277772871e-05,9.729940915880237e-06,2.030410023841364e-05
mlp-fosls,69.08632871410153,1.2565190310426373e-05,9.691024975558633e-06,2.037379219386039e-05
mlp-fosls,69.30883742237951,1.2207328744677636e-05,9.652109035237031e-06,1.9988929286031693e-05
mlp-fosls,69.53134613065748,1.1739335727996836e-05,9.717876613085473e-06,1.9604066378203024e-05
mlp-fosls,69.75385483893547,1.2113969498956275e-05,9.79276744250465e-06,1.953844841389254e-05
mlp-fosls,69.97636354721345,1.2177466174186281e-05,9.743622225097533e-06,1.950584988034942e-05
mlp-fosls,70.19887225549142,1.2232398905469584e-05,9.52838040911738e-06,2.0099741112356307e-05
mlp-fosls,70.42138096376941,1.221809423491993e-05,9.313138593137211e-06,2.1618785956742863e-05
mlp-fosls,70.64388967204738,1.2001835010308667e-05,9.389982009914125e-06,2.313783080112932e-05
mlp-fosls,70.86639838032536,1.2313530715506798e-05,9.487036564403593e-06,2.2872908679332985e-05
mlp-fosls,71.08890708860335,1.2716934769007218e-05,9.51950245164327e-06,2.2413117988927192e-05
mlp-fosls,71.31141579688132,1.301918586972856e-05,9.470835538322044e-06,2.1690831124726425e-05
mlp-fosls,71.5339245051593,1.2343949566060433e-05,9.422168625000814e-06,2.0573822655299633e-05
mlp-fosls,71.75643321343729,1.1668713262392306e-05,9.475522370270154e-06,1.9456814185872837e-05
mlp-fosls,71.97894192171526,1.1637379598293398e-05,9.534115796165548e-06,2.0707091018756947e-05
mlp-fosls,72.20145062999325,1.1820687840721757e-05,9.829100396032178e-06,2.2228469899121656e-05
mlp-fosls,72.42395933827123,1.1643725757558167e-05,1.017642581537046e-05,2.2689150032473704e-05
mlp-fosls,72.6464680465492,1.1422446356298893e-05,1.0195931445561404e-05,2.1535310277130794e-05
mlp-fosls,72.86897675482719,1.1314850814301352e-05,1.0207544601471908e-05,2.0381470521787812e-05
mlp-fosls,73.09148546310517,1.1366996290197991e-05,9.89049158875369e-06,2.0308163780165214e-05
mlp-fosls,73.31399417138314,1.1432262465185302e-05,9.520335446829536e-06,2.035954146562413e-05
mlp-fosls,73.53650287966113,1.1458412262487922e-05,9.359641663202218e-06,2.0218374783450282e-05
mlp-fosls,73.75901158793911,1.1422573643662475e-05,9.198947879574902e-06,1.9784673302850938e-05
mlp-fosls,73.98152029621708,1.1361129139847821e-05,9.159918357731617e-06,1.935097182225162e-05
mlp-fosls,74.20402900449507,1.142704436300669e-05,9.122923468361698e-06,1.925806769691421e-05
mlp-fosls,74.42653771277305,1.1524782030301393e-05,9.083698854946895e-06,1.920398927214644e-05
mlp-fosls,74.64904642105103,1.1655288604299936e-05,9.042166594965222e-06,1.917480486937036e-05
mlp-fosls,74.87155512932901,1.1756759882533958e-05,9.000634334983546e-06,1.9183149394331184e-05
mlp-fosls,75.094063837607,1.1823649007148293e-05,9.286143923162771e-06,1.9191493919292005e-05
mlp-fosls,75.31657254588497,1.178207853723704e-05,9.571926663325975e-06,1.9165407832411522e-05
mlp-fosls,75.53908125416295,1.1725978844230111e-05,9.638672528183872e-06,1.913549708968323e-05
mlp-fosls,75.76158996244092,1.1674950470587308e-05,9.492459265917219e-06,1.9103360537084738e-05
mlp-fosls,75.98409867071891,1.1622596096717958e-05,9.346181402111235e-06,1.9067884750303777e-05
mlp-fosls,76.20660737899689,1.1602958827977088e-05,9.195542812147989e-06,1.903240896352282e-05
mlp-fosls,76.42911608727486,1.1485231661167553e-05,9.044904222184751e-06,1.906309838589952e-05
mlp-fosls,76.65162479555285,1.140664667890965e-05,9.07242626144e-06,1.9101157001215125e-05
mlp-fosls,76.87413350383083,1.161942467453102e-05,9.262633301081161e-06,1.9228846213849355e-05
mlp-fosls,77.0966422121088,1.2041220806320524e-05,9.443491617865257e-06,1.949141374096886e-05
mlp-fosls,77.31915092038679,1.2137563929473423e-05,9.321368892346966e-06,1.9753981268088387e-05
mlp-fosls,77.54165962866477,1.1898589170563489e-05,9.199246166828676e-06,1.9540064033820234e-05
mlp-fosls,77.76416833694275,1.1536126146204662e-05,9.114848220184445e-06,1.9272807850728646e-05
mlp-fosls,77.98667704522073,1.1391529435517313e-05,9.062863292601765e-06,1.9082187377160427e-05
mlp-fosls,78.20918575349872,1.1454244957138165e-05,9.01299533019209e-06,1.900656214461693e-05
mlp-fosls,78.43169446177669,1.1526262511302292e-05,9.00745191725169e-06,1.893093691207344e-05
mlp-fosls,78.65420317005467,1.1399845370042977e-05,9.001908504311287e-06,1.8778536400294576e-05
mlp-fosls,78.87671187833266,1.1274054674313875e-05,9.004360316459697e-06,1.861739942072458e-05
mlp-fosls,79.09922058661063,1.1226615758603161e-05,9.013273042295757e-06,1.8634269579967915e-05
mlp-fosls,79.32172929488861,1.1718116583414775e-05,9.049769807316658e-06,1.8920523816599584e-05
mlp-fosls,79.5442380031666,1.2217539797732671e-05,9.508336208605426e-06,1.9206778053231257e-05
mlp-fosls,79.76674671144457,1.2198555974388758e-05,9.855094931682845e-06,1.919289548575443e-05
mlp-fosls,79.98925541972255,1.2160218569679732e-05,9.842015577747227e-06,1.9144979905987775e-05
mlp-fosls,80.21176412800054,1.1984023178445644e-05,9.537685754816308e-06,1.9175346358991945e-05
mlp-fosls,80.43427283627851,1.190453122874585e-05,9.16686974770485e-06,1.9324593311237393e-05
mlp-fosls,80.6567815445565,1.1774682956949396e-05,9.137704221306593e-06,1.9473840263482855e-05
mlp-fosls,80.87929025283447,1.1876615569301491e-05,9.108538694908337e-06,1.9188663759736095e-05
mlp-fosls,81.10179896111245,1.1815112280100264e-05,9.045734125454375e-06,1.8852957817890202e-05
mlp-fosls,81.32430766939044,1.135352023379185e-05,8.959004421245586e-06,1.8624850720959322e-05
mlp-fosls,81.5468163776684,1.11911945179707e-05,8.91375303231842e-06,1.8560714741061358e-05
mlp-fosls,81.76932508594639,1.1073937931806858e-05,9.27763653961554e-06,1.849657876116339e-05
mlp-fosls,81.99183379422438,1.0981165909743757e-05,9.641520046912658e-06,1.843401670511216e-05
mlp-fosls,82.21434250250235,1.1091112691946975e-05,9.57094174854617e-06,1.8371636378676027e-05
mlp-fosls,82.43685121078033,1.1002406968935374e-05,9.210821954352893e-06,1.8357193606694994e-05
mlp-fosls,82.65935991905832,1.1079038272727666e-05,8.889283588384682e-06,1.841590663906847e-05
mlp-fosls,82.88186862733629,1.128824742963857e-05,8.886768663049676e-06,1.8474619671441946e-05
mlp-fosls,83.10437733561427,1.1405016183144407e-05,8.884253737714669e-06,1.9017780441570437e-05
mlp-fosls,83.32688604389226,1.1465943636410682e-05,8.963225762700395e-06,1.9617069544535456e-05
mlp-fosls,83.54939475217023,1.1330391765856414e-05,9.09295260624274e-06,1.965592788692785e-05
mlp-fosls,83.77190346044821,1.124125258557193e-05,9.206628686128643e-06,1.883754819978391e-05
mlp-fosls,83.9944121687262,1.1197585402905228e-05,9.207208945717096e-06,1.801916851263997e-05
mlp-fosls,84.21692087700417,1.115859801344041e-05,9.20778920530555e-06,1.809984054902934e-05
mlp-fosls,84.43942958528216,1.1085274607562333e-05,9.18889684722595e-06,1.8284660538866832e-05
mlp-fosls,84.66193829356014,1.0980828284046919e-05,9.158672278234297e-06,1.837895558297976e-05
mlp-fosls,84.88444700183811,1.0891536498534259e-05,9.102585207978004e-06,1.8335649953456493e-05
mlp-fosls,85.1069557101161,1.0827401751716337e-05,8.887909297537302e-06,1.829234432393322e-05
mlp-fosls,85.32946441839408,1.0767414930708523e-05,8.673233387096602e-06,1.8307978852188835e-05
mlp-fosls,85.55197312667205,1.0712454374498975e-05,8.668339924520993e-06,1.8330416615502915e-05
mlp-fosls,85.77448183495004,1.0764430899581347e-05,8.777314230480977e-06,1.834138900999983e-05
mlp-fosls,85.99699054322801,1.0838447872229528e-05,8.859214149694362e-06,1.8334865646010315e-05
mlp-fosls,86.219499251506,1.086494231198805e-05,8.794354623236918e-06,1.8328342282020802e-05
mlp-fosls,86.44200795978398,1.0825570445307543e-05,8.729495096779474e-06,1.822380405620819e-05
mlp-fosls,86.66451666806195,1.0775255805280642e-05,8.724299090723816e-06,1.810782923386808e-05
mlp-fosls,86.88702537633993,1.070598523982972e-05,8.749311203752662e-06,1.805747489582449e-05
mlp-fosls,87.10953408461792,1.0635928785569334e-05,8.7635632098731e-06,1.810727183902343e-05
mlp-fosls,87.33204279289589,1.0655776039137779e-05,8.72580852280871e-06,1.8157068782222362e-05
mlp-fosls,87.55455150117388,1.074525035120227e-05,8.688053835744318e-06,1.818734169919476e-05
mlp-fosls,87.77706020945186,1.0815788957604755e-05,8.68712567389222e-06,1.8215358420931228e-05
mlp-fosls,87.99956891772983,1.0768443220939169e-05,8.703547727670512e-06,1.8157830202505354e-05
mlp-fosls,88.22207762600782,1.0754036505207554e-05,8.70149370821069e-06,1.7969902832148218e-05
mlp-fosls,88.4445863342858,1.0855215893961536e-05,8.619684949842385e-06,1.7781975461791082e-05
mlp-fosls,88.66709504256377,1.09356824837666e-05,8.537876191474086e-06,1.7743104377547854e-05
mlp-fosls,88.88960375084176,1.096643025261955e-05,8.502449338393087e-06,1.772144236362581e-05
mlp-fosls,89.11211245911974,1.0819705658503265e-05,8.487319000851925e-06,1.77649195138294e-05
mlp-fosls,89.33462116739771,1.0694160108387195e-05,8.495278437005825e-06,1.7907508058452222e-05
mlp-fosls,89.5571298756757,1.0642035952841072e-05,8.593825267928706e-06,1.8050096603075052e-05
mlp-fosls,89.77963858395368,1.0660032583747332e-05,8.692372098851584e-06,1.79179430612802e-05
mlp-fosls,90.00214729223165,1.0681552215466132e-05,8.864110536436656e-06,1.7754170215293554e-05
mlp-fosls,90.22465600050964,1.0664949467523756e-05,9.065596043139792e-06,1.788183986665175e-05
mlp-fosls,90.44716470878762,1.0602094155537443e-05,9.151467574541152e-06,1.8452675370170605e-05
mlp-fosls,90.6696734170656,1.0608111927714361e-05,8.82658261846241e-06,1.902351087368942e-05
mlp-fosls,90.89218212534358,1.0608314326135498e-05,8.501697662383645e-06,1.8786840889720518e-05
mlp-fosls,91.11469083362157,1.0561468009094435e-05,8.440068913362696e-06,1.845719196454676e-05
mlp-fosls,91.33719954189954,1.0480058594160639e-05,8.476876141623351e-06,1.8265709239851062e-05
mlp-fosls,91.55970825017752,1.0468112141887948e-05,8.508373539292456e-06,1.828418792764045e-05
mlp-fosls,91.78221695845549,1.0531057869355227e-05,8.522653054081e-06,1.8302666615429833e-05
mlp-fosls,92.00472566673348,1.0588051244858538e-05,8.536932568869549e-06,1.8081790900937737e-05
mlp-fosls,92.22723437501146,1.0603127853307902e-05,8.522358800078421e-06,1.7833012395300407e-05
mlp-fosls,92.44974308328943,1.0584918702124286e-05,8.497816976278163e-06,1.773733754251046e-05
mlp-fosls,92.67225179156742,1.0564300012754236e-05,8.511995863723273e-06,1.787581876792835e-05
mlp-fosls,92.8947604998454,1.0521355258666526e-05,8.641823403588469e-06,1.801429999334624e-05
mlp-fosls,93.11726920812337,1.0495363871723837e-05,8.771650943453658e-06,1.8027017991138417e-05
mlp-fosls,93.33977791640136,1.048958804823143e-05,8.68985025692814e-06,1.802488649740683e-05
mlp-fosls,93.56228662467934,1.0546442299549776e-05,8.540902150823265e-06,1.800488394447173e-05
mlp-fosls,93.78479533295732,1.0580928246629849e-05,8.47053656604526e-06,1.7957390976815516e-05
mlp-fosls,94.0073040412353,1.0548853808459261e-05,8.615714582941164e-06,1.7909898009159297e-05
mlp-fosls,94.22981274951329,1.048503084105411e-05,8.760892599837067e-06,1.7800476134048383e-05
mlp-fosls,94.45232145779126,1.043069468991271e-05,8.712295970218815e-06,1.7683595684946912e-05
mlp-fosls,94.67483016606924,1.041870747135955e-05,8.607326704865959e-06,1.7610085985783515e-05
mlp-fosls,94.89733887434723,1.0401253801426006e-05,8.530205873904168e-06,1.7603691981350642e-05
mlp-fosls,95.1198475826252,1.0418101962214433e-05,8.523668975463054e-06,1.759729797691777e-05
mlp-fosls,95.34235629090318,1.0503242335030268e-05,8.517132077021937e-06,1.7657580535852714e-05
mlp-fosls,95.56486499918117,1.0598932871039625e-05,8.551176834009926e-06,1.772594167543078e-05
mlp-fosls,95.78737370745914,1.0677442757046486e-05,8.595949486640975e-06,1.7724806766060822e-05
mlp-fosls,96.00988241573712,1.0721951104267258e-05,8.611838249540064e-06,1.761541522856184e-05
mlp-fosls,96.23239112401511,1.066903244622902e-05,8.559991389403883e-06,1.750602369106286e-05
mlp-fosls,96.45489983229308,1.0557195943376414e-05,8.508144529267708e-06,1.742224425509026e-05
mlp-fosls,96.67740854057107,1.0458734997458323e-05,8.503912036701834e-06,1.7341632001078054e-05
mlp-fosls,96.89991724884904,1.043522109678508e-05,8.511058714378691e-06,1.732179858053824e-05
mlp-fosls,97.12242595712702,1.041489937630749e-05,8.49861793094614e-06,1.7396971903670974e-05
mlp-fosls,97.344934665405,1.0392269800871052e-05,8.443548308568976e-06,1.7472145226803705e-05
mlp-fosls,97.56744337368298,1.038651493489533e-05,8.388478686191815e-06,1.753345613680242e-05
mlp-fosls,97.78995208196096,1.0394615237580344e-05,8.382399268565266e-06,1.759306530359562e-05
mlp-fosls,98.01246079023895,1.044840847043472e-05,8.386867440422935e-06,1.766990151244445e-05
mlp-fosls,98.23496949851692,1.0504222493072888e-05,8.37051906790613e-06,1.7773572496344718e-05
mlp-fosls,98.4574782067949,1.0446820611154593e-05,8.312133679016649e-06,1.787724348024499e-05
mlp-fosls,98.67998691507289,1.0322703975634414e-05,8.253748290127167e-06,1.778824936205977e-05
mlp-fosls,98.90249562335086,1.0224111566106494e-05,8.268681960696296e-06,1.767572336579591e-05
mlp-fosls,99.12500433162884,1.0238827339669597e-05,8.297722138191491e-06,1.7580716550513932e-05
mlp-fosls,99.34751303990683,1.0417288143140711e-05,8.315767363272501e-06,1.7512922367222708e-05
mlp-fosls,99.5700217481848,1.0461636699422542e-05,8.313096822880568e-06,1.7445128183931487e-05
mlp-fosls,99.79253045646279,1.0428178601636848e-05,8.310426282488634e-06,1.7607237347731278e-05
mlp-fosls,100.01503916474077,1.039766216932404e-05,8.31542143902233e-06,1.7797185882147764e-05
mlp-fosls,100.23754787301874,1.0401561365856653e-05,8.321718652424073e-06,1.7899007075183605e-05
mlp-fosls,100.46005658129673,1.0374110669820709e-05,8.338640848593214e-06,1.7864272687675643e-05
mlp-fosls,100.68256528957471,1.0356724010389897e-05,8.374278966688015e-06,1.782953830016768e-05
mlp-fosls,100.90507399785268,1.0372173422798825e-05,8.409917084782813e-06,1.7938520733163126e-05
mlp-fosls,101.12758270613067,1.0386850867904324e-05,8.520573314591371e-06,1.806490416822491e-05
mlp-fosls,101.35009141440865,1.035633867239125e-05,8.642450248553264e-06,1.8144492652298125e-05
mlp-fosls,101.57260012268662,1.028688718885298e-05,8.693720187937233e-06,1.8151632341855814e-05
mlp-fosls,101.79510883096461,1.0273243399377401e-05,8.628782957917492e-06,1.8158772031413507e-05
mlp-fosls,102.01761753924258,1.0324910947401748e-05,8.563845727897754e-06,1.81248400100788e-05
mlp-fosls,102.24012624752056,1.0314446364540781e-05,8.463301799562965e-06,1.8085966808629147e-05
mlp-fosls,102.46263495579855,1.0295149717381497e-05,8.35816533807369e-06,1.801787133743122e-05
mlp-fosls,102.68514366407652,1.0329535993556351e-05,8.3396340013016e-06,1.790461157722216e-05
mlp-fosls,102.9076523723545,1.0353599389400083e-05,8.45432259028339e-06,1.7791351817013096e-05
mlp-fosls,103.13016108063249,1.0371823760616268e-05,8.569011179265178e-06,1.777919562758649e-05
mlp-fosls,103.35266978891046,1.035958458901951e-05,8.547630276567067e-06,1.7779079928409737e-05
mlp-fosls,103.57517849718845,1.0225250949219654e-05,8.511429118487216e-06,1.7752872534920277e-05
mlp-fosls,103.79768720546643,1.0131036376585151e-05,8.447195341197328e-06,1.7686505689546854e-05
mlp-fosls,104.0201959137444,1.014211066826903e-05,8.342650568651717e-06,1.7620138844173433e-05
mlp-fosls,104.24270462202239,1.021730879030275e-05,8.238105796106101e-06,1.7660634637562385e-05
mlp-fosls,104.46521333030037,1.029254275186913e-05,8.321802782890111e-06,1.7713776403923267e-05
mlp-fosls,104.68772203857834,1.0329422870804032e-05,8.422348136984439e-06,1.7741429499156796e-05
mlp-fosls,104.91023074685633,1.0351369683559524e-05,8.454568533845864e-06,1.77299793767239e-05
mlp-fosls,105.13273945513431,1.033451004511647e-05,8.394610314753706e-06,1.7718529254291006e-05
mlp-fosls,105.35524816341228,1.028360172039952e-05,8.334652095661552e-06,1.7712904364193612e-05
mlp-fosls,105.57775687169027,1.023830694811692e-05,8.370963959409793e-06,1.7707963482154216e-05
mlp-fosls,105.80026557996825,1.0225091561171576e-05,8.414115237815553e-06,1.764775718559216e-05
mlp-fosls,106.02277428824623,1.0206818000303378e-05,8.448364923988794e-06,1.750309556880155e-05
mlp-fosls,106.24528299652421,1.0180810147615583e-05,8.47135766359925e-06,1.7358433952010928e-05
mlp-fosls,106.4677917048022,1.019564821108125e-05,8.494350403209707e-06,1.7588529283187128e-05
mlp-fosls,106.69030041308017,1.0222102192035597e-05,8.450348406936458e-06,1.7862070452982386e-05
mlp-fosls,106.91280912135815,1.0209621099150015e-05,8.402638079200485e-06,1.7946258125859643e-05
mlp-fosls,107.13531782963612,1.011664269277695e-05,8.32366800496956e-06,1.774251641626929e-05
mlp-fosls,107.35782653791411,1.0075282621106613e-05,8.207365206418078e-06,1.7538774706678925e-05
mlp-fosls,107.58033524619209,1.0032994253805258e-05,8.091062407866595e-06,1.772126872554715e-05
mlp-fosls,107.80284395447006,1.0050386179791423e-05,8.129584174664284e-06,1.7948123912318352e-05
mlp-fosls,108.02535266274805,1.0138500273549512e-05,8.173959007463327e-06,1.801274290161731e-05
mlp-fosls,108.24786137102603,1.0158190618978445e-05,8.229879532370707e-06,1.783020337128049e-05
mlp-fosls,108.470370079304,1.0199515217781584e-05,8.298726805398173e-06,1.764766384094368e-05
mlp-fosls,108.69287878758199,1.0266212697023818e-05,8.367574078425644e-06,1.7820610907782683e-05
mlp-fosls,108.91538749585997,1.0307116227124602e-05,8.46455430790874e-06,1.803508991709377e-05
mlp-fosls,109.13789620413795,1.0233593680124142e-05,8.562117983939606e-06,1.810224802966641e-05
mlp-fosls,109.36040491241593,1.0153409465075513e-05,8.54896566213081e-06,1.7944575691294375e-05
mlp-fosls,109.58291362069392,1.0136514150261687e-05,8.419469030560284e-06,1.7786903352922338e-05
mlp-fosls,109.80542232897189,1.0124061129872975e-05,8.28997239898977e-06,1.7863249627169753e-05
mlp-fosls,110.02793103724987,1.0166698233774795e-05,8.273214668395581e-06,1.796702361997927e-05
mlp-fosls,110.25043974552786,1.0168780671821953e-05,8.256997183439754e-06,1.797086500832651e-05
mlp-fosls,110.47294845380583,1.0088315892460609e-05,8.193943469138106e-06,1.7821725408779406e-05
mlp-fosls,110.69545716208381,1.0062185423904918e-05,8.084619983240088e-06,1.7672585809232293e-05
mlp-fosls,110.9179658703618,1.0088030650792477e-05,7.977952038650436e-06,1.774133802025748e-05
mlp-fosls,111.14047457863977,1.0124414511957172e-05,8.112897613659993e-06,1.7835350785891377e-05
mlp-fosls,111.36298328691775,1.0095955486490449e-05,8.247843188669559e-06,1.781355261017656e-05
mlp-fosls,111.58549199519574,1.0058722752141116e-05,8.282171229042856e-06,1.7615697644843716e-05
mlp-fosls,111.80800070347371,1.0101796538793098e-05,8.22302059938017e-06,1.741784267951089e-05
mlp-fosls,112.0305094117517,1.0134209342910318e-05,8.164560775392714e-06,1.7731373792102485e-05
mlp-fosls,112.25301812002967,1.0124370939182467e-05,8.131775593182601e-06,1.8103490238448712e-05
mlp-fosls,112.47552682830765,1.0023757984184586e-05,8.098990410972486e-06,1.8109453465793326e-05
mlp-fosls,112.69803553658564,9.94136271873149e-06,8.097300120650432e-06,1.7562344101981578e-05
mlp-fosls,112.9205442448636,9.964266475471465e-06,8.122775057454207e-06,1.7015234738169866e-05
mlp-fosls,113.14305295314159,1.0011032710515663e-05,8.147343997909466e-06,1.7153385096541278e-05
mlp-fosls,113.36556166141958,1.0003112958286522e-05,8.151122090702818e-06,1.7368578156609312e-05
mlp-fosls,113.58807036969755,9.937430380749888e-06,8.15490018349617e-06,1.7507519954821356e-05
mlp-fosls,113.81057907797553,9.885860674828112e-06,8.173557312645156e-06,1.75321130630703e-05
mlp-fosls,114.03308778625352,9.892545761393541e-06,8.204365711479922e-06,1.7556706171319248e-05
mlp-fosls,114.25559649453149,9.901878594407503e-06,8.230166601989319e-06,1.7522501133045078e-05
mlp-fosls,114.47810520280947,9.902232631098725e-06,8.173435089781941e-06,1.7481705526508737e-05
mlp-fosls,114.70061391108746,9.917597483879213e-06,8.116703577574563e-06,1.7411844766563986e-05
mlp-fosls,114.92312261936543,9.980051655096425e-06,8.086800305137231e-06,1.7298396992853663e-05
mlp-fosls,115.14563132764341,1.0011286948044932e-05,8.077573951614613e-06,1.7184949219143334e-05
mlp-fosls,115.3681400359214,1.0028854297340798e-05,8.072295023765761e-06,1.718395431623635e-05
mlp-fosls,115.59064874419937,1.0049177340652591e-05,8.117774475564892e-06,1.7195471736078176e-05
mlp-fosls,115.81315745247736,1.0065645153320133e-05,8.163253927364029e-06,1.720654680848327e-05
mlp-fosls,116.03566616075534,1.0061887918188098e-05,8.197889345960187e-06,1.7216956882183243e-05
mlp-fosls,116.25817486903331,1.0029824567922807e-05,8.224640413101145e-06,1.7227366955883214e-05
mlp-fosls,116.4806835773113,9.964106168039066e-06,8.24260477513265e-06,1.7266222407581745e-05
mlp-fosls,116.70319228558928,9.925077459590551e-06,8.168119381768635e-06,1.73083403895792e-05
mlp-fosls,116.92570099386725,9.954317099517981e-06,8.093633988404625e-06,1.7296455478299078e-05
mlp-fosls,117.14820970214524,9.983556739445411e-06,8.104597823196998e-06,1.7202115302503235e-05
mlp-fosls,117.37071841042321,9.963046285789325e-06,8.173819453596316e-06,1.71077751267074e-05
mlp-fosls,117.5932271187012,9.929414408906695e-06,8.223846712433718e-06,1.7237820445101076e-05
mlp-fosls,117.81573582697918,9.969064691359089e-06,8.106338665722963e-06,1.7394185524120368e-05
mlp-fosls,118.03824453525715,1.0000545307630508e-05,7.988830619012216e-06,1.745628515275514e-05
mlp-fosls,118.26075324353513,9.978772572738587e-06,8.039288109069817e-06,1.7373468171657347e-05
mlp-fosls,118.48326195181312,9.968300005521392e-06,8.196863204578121e-06,1.7290651190559556e-05
mlp-fosls,118.70577066009109,9.99395354309751e-06,8.344176791360273e-06,1.738769552796427e-05
mlp-fosls,118.92827936836908,1.0017942499962525e-05,8.415439640078608e-06,1.7506545961433704e-05
mlp-fosls,119.15078807664706,1.0040351275659933e-05,8.486702488796942e-06,1.7600829542279738e-05
mlp-fosls,119.37329678492503,1.0062760051357337e-05,8.390639978325855e-06,1.765663123904604e-05
mlp-fosls,119.59580549320302,1.0034437321090517e-05,8.195363015012034e-06,1.771243293581235e-05
mlp-fosls,119.818314201481,9.99330159141578e-06,8.033497038124952e-06,1.7640806204746578e-05
mlp-fosls,120.04082290975897,9.962358604158013e-06,8.08366299234351e-06,1.7553222390325e-05
mlp-fosls,120.26333161803696,9.954167569740539e-06,8.133828946562075e-06,1.7441417473055987e-05
mlp-fosls,120.48584032631494,9.945976535323065e-06,8.109343783019984e-06,1.7291151670650127e-05
mlp-fosls,120.70834903459291,9.908448031398295e-06,8.043649815053736e-06,1.7140885868244278e-05
mlp-fosls,120.9308577428709,9.927327917555409e-06,7.988752427317933e-06,1.7434081764777352e-05
mlp-fosls,121.15336645114888,9.908800993649318e-06,7.993628211922808e-06,1.778457090448424e-05
mlp-fosls,121.37587515942685,9.962282876258208e-06,7.99850399652768e-06,1.7902037619812524e-05
mlp-fosls,121.59838386770484,1.0003131166018221e-05,7.985566030590111e-06,1.764897874780636e-05
mlp-fosls,121.82089257598282,9.974277326206536e-06,7.963503685869546e-06,1.7395919875800195e-05
mlp-fosls,122.0434012842608,9.942880485518023e-06,7.93888326041981e-06,1.7319324297192617e-05
mlp-fosls,122.26590999253878,9.893900312998254e-06,7.901644863445653e-06,1.7265473269527932e-05
mlp-fosls,122.48841870081675,9.935328061483075e-06,7.8644064664715e-06,1.72474385542739e-05
mlp-fosls,122.71092740909474,9.985470601861694e-06,7.8774010081262e-06,1.7286480693087857e-05
mlp-fosls,122.93343611737272,1.0004948654528096e-05,7.914443467376645e-06,1.7325522831901814e-05
mlp-fosls,123.15594482565069,1.0017215545684372e-05,7.942003781385134e-06,1.725095246257598e-05
mlp-fosls,123.37845353392868,1.0016228626758252e-05,7.927465828172996e-06,1.7161606884916745e-05
mlp-fosls,123.60096224220666,9.990854995635493e-06,7.912927874960857e-06,1.7075101333292457e-05
mlp-fosls,123.82347095048463,9.965481364512739e-06,7.920514392323716e-06,1.6993132616878912e-05
mlp-fosls,124.04597965876262,9.889624609735417e-06,7.937974068332697e-06,1.6911163900465365e-05
mlp-fosls,124.2684883670406,9.790061642701234e-06,7.953518514363083e-06,1.716251264187084e-05
mlp-fosls,124.49099707531857,9.714275121619067e-06,7.961393259332214e-06,1.7457603579861936e-05
mlp-fosls,124.71350578359656,9.798086840582283e-06,7.969268004301346e-06,1.762428884907308e-05
mlp-fosls,124.93601449187454,9.905089199152741e-06,8.007257574198537e-06,1.758499263975099e-05
mlp-fosls,125.15852320015252,9.888172227699222e-06,8.057701543530356e-06,1.7545696430428902e-05
mlp-fosls,125.3810319084305,9.867198819422181e-06,8.077636469540208e-06,1.7390266740893423e-05
mlp-fosls,125.60354061670849,9.941027059615655e-06,7.986101341928511e-06,1.7219669070956105e-05
mlp-fosls,125.82604932498646,9.943358029733816e-06,7.894566214316821e-06,1.70863207458904e-05
mlp-fosls,126.04855803326444,9.883031823747098e-06,7.868491371132986e-06,1.7012681767304804e-05
mlp-fosls,126.27106674154243,9.842083090678604e-06,7.867585704924247e-06,1.6939042788719208e-05
mlp-fosls,126.4935754498204,9.815946500412738e-06,7.858219362842547e-06,1.6816425813785338e-05
mlp-fosls,126.71608415809838,9.809340449966642e-06,7.820494971720554e-06,1.6687455806220883e-05
mlp-fosls,126.93859286637637,9.801547763694866e-06,7.782770580598558e-06,1.6660403917448245e-05
mlp-fosls,127.16110157465434,9.819620576476227e-06,7.831605807815161e-06,1.6795702361852144e-05
mlp-fosls,127.38361028293232,9.824762835251848e-06,7.911314377079663e-06,1.693100080625605e-05
mlp-fosls,127.6061189912103,9.82070239709483e-06,7.972093704503164e-06,1.6992981317070415e-05
mlp-fosls,127.82862769948828,9.79679496639109e-06,7.974412924110847e-06,1.7045518818065942e-05
mlp-fosls,128.05113640776625,9.775417062838282e-06,7.976732143718528e-06,1.707438069506071e-05
mlp-fosls,128.27364511604424,9.73099836025678e-06,7.991914930080344e-06,1.70656049752701e-05
mlp-fosls,128.49615382432222,9.734773801636442e-06,8.01133865527365e-06,1.7056829255479487e-05
mlp-fosls,128.7186625326002,9.767557057372835e-06,8.014933906162717e-06,1.7096731738772504e-05
mlp-fosls,128.9411712408782,9.781012528123016e-06,7.97345583149875e-06,1.714291113845761e-05
mlp-fosls,129.16367994915618,9.794173672395145e-06,7.931977756834784e-06,1.716082257076145e-05
mlp-fosls,129.38618865743413,9.755804921648371e-06,7.920761667164273e-06,1.7133820608502377e-05
mlp-fosls,129.60869736571212,9.73286652911266e-06,7.918701027295385e-06,1.7106818646243305e-05
mlp-fosls,129.8312060739901,9.725348911165315e-06,7.922941315637208e-06,1.7051478213234264e-05
mlp-fosls,130.0537147822681,9.785845161317588e-06,7.943764703757587e-06,1.6992531023132194e-05
mlp-fosls,130.27622349054607,9.835710397117523e-06,7.964588091877964e-06,1.689125583864266e-05
mlp-fosls,130.49873219882403,9.835474235203836e-06,7.9515473589492e-06,1.6723251374303913e-05
mlp-fosls,130.72124090710201,9.766582780832362e-06,7.929101163441449e-06,1.655524690996514e-05
mlp-fosls,130.94374961538,9.690506138963634e-06,7.9241847857264e-06,1.662596836860597e-05
mlp-fosls,131.16625832365798,9.667705535463739e-06,7.962255838393962e-06,1.67266315494669e-05
mlp-fosls,131.38876703193597,9.727551610759306e-06,8.000326891061523e-06,1.6813773040351224e-05
mlp-fosls,131.61127574021396,9.802978000554367e-06,7.93964855806972e-06,1.687968704387139e-05
mlp-fosls,131.8337844484919,9.808747795625715e-06,7.85395897095698e-06,1.6945601047391546e-05
mlp-fosls,132.0562931567699,9.797008022982267e-06,7.809551111281852e-06,1.700226355723068e-05
mlp-fosls,132.27880186504788,9.778302337859672e-06,7.858843220145944e-06,1.7057779632821944e-05
mlp-fosls,132.50131057332587,9.794015533504914e-06,7.908135329010035e-06,1.7041692644851744e-05
mlp-fosls,132.72381928160385,9.791191853519059e-06,7.988554913950846e-06,1.6913717477444263e-05
mlp-fosls,132.94632798988184,9.745788173795102e-06,8.076065130085155e-06,1.6785742310036785e-05
mlp-fosls,133.1688366981598,9.71217278631466e-06,8.115807892611743e-06,1.678030103939817e-05
mlp-fosls,133.39134540643778,9.705125826507673e-06,8.055319069309141e-06,1.678989974915054e-05
mlp-fosls,133.61385411471576,9.764477899005396e-06,7.994830246006537e-06,1.6757880181348134e-05
mlp-fosls,133.83636282299375,9.804583959120571e-06,7.944062588427939e-06,1.6660917539670534e-05
mlp-fosls,134.05887153127173,9.832354028930529e-06,7.895275928589666e-06,1.6563954897992933e-05
mlp-fosls,134.28138023954972,9.860290213788236e-06,7.837453793574866e-06,1.6670926882671195e-05
mlp-fosls,134.50388894782768,9.864599505757638e-06,7.761977625867346e-06,1.6803137460536645e-05
mlp-fosls,134.72639765610566,9.826111237514544e-06,7.686501458159817e-06,1.6858442584062617e-05
mlp-fosls,134.94890636438365,9.794432939705622e-06,7.760510998560843e-06,1.679326099288958e-05
mlp-fosls,135.17141507266163,9.774618346632118e-06,7.861678404037775e-06,1.6728079401716545e-05
mlp-fosls,135.39392378093962,9.7570448435665e-06,7.914644244584091e-06,1.6719945128136978e-05
mlp-fosls,135.61643248921757,9.749768841859831e-06,7.879809503504707e-06,1.6718908249998016e-05
mlp-fosls,135.83894119749556,9.740634770128714e-06,7.844974762425317e-06,1.6754354784655768e-05
mlp-fosls,136.06144990577354,9.71070805762421e-06,7.866138986037901e-06,1.684698904962522e-05
mlp-fosls,136.28395861405153,9.707963077467429e-06,7.896223811746538e-06,1.6939623314594673e-05
mlp-fosls,136.5064673223295,9.712814298158218e-06,7.906837958062009e-06,1.682569060259033e-05
mlp-fosls,136.7289760306075,9.72698209122583e-06,7.884348400834103e-06,1.6685931226544363e-05
mlp-fosls,136.95148473888545,9.724741253846332e-06,7.861858843606201e-06,1.660105438789403e-05
mlp-fosls,137.17399344716344,9.706895905336602e-06,7.903260549017981e-06,1.6602364307246033e-05
mlp-fosls,137.39650215544142,9.670306466366574e-06,7.953558374907748e-06,1.660367422659804e-05
mlp-fosls,137.6190108637194,9.652004913141464e-06,7.97703838163341e-06,1.6722807916383967e-05
mlp-fosls,137.8415195719974,9.664571640542618e-06,7.95772624595961e-06,1.685657582706035e-05
mlp-fosls,138.06402828027538,9.713653354258485e-06,7.93841411028581e-06,1.693152525591276e-05
mlp-fosls,138.28653698855334,9.791106687854841e-06,7.928551583668108e-06,1.6914254162678074e-05
mlp-fosls,138.50904569683132,9.786845281665947e-06,7.91981997293366e-06,1.6896983069443384e-05
mlp-fosls,138.7315544051093,9.767437336237615e-06,7.910648211844908e-06,1.6863398700730428e-05
mlp-fosls,138.9540631133873,9.734801916683523e-06,7.900818842094073e-06,1.6827788877926864e-05
mlp-fosls,139.17657182166528,9.756006514471558e-06,7.890989472343238e-06,1.6768334136180326e-05
mlp-fosls,139.39908052994326,9.774502243581205e-06,7.867706240335338e-06,1.6671487414917323e-05
mlp-fosls,139.62158923822122,9.731092128663702e-06,7.843077352587224e-06,1.6574640693654334e-05
mlp-fosls,139.8440979464992,9.700111630038985e-06,7.831748600811179e-06,1.6604895180823778e-05
mlp-fosls,140.0666066547772,9.702247402304221e-06,7.83896729296457e-06,1.6650872246390287e-05
mlp-fosls,140.28911536305517,9.762760975153858e-06,7.84618598511796e-06,1.6672525291314677e-05
mlp-fosls,140.51162407133316,9.772245429495766e-06,7.829953041865624e-06,1.665626742597529e-05
mlp-fosls,140.73413277961112,9.688537211564241e-06,7.811846217786593e-06,1.6640009560635906e-05
mlp-fosls,140.9566414878891,9.654746570745708e-06,7.8237527766578e-06,1.6721646522288764e-05
mlp-fosls,141.1791501961671,9.704116883610921e-06,7.874828814740708e-06,1.681520110453015e-05
mlp-fosls,141.40165890444507,9.726089503384916e-06,7.92590485282362e-06,1.6871990179332233e-05
mlp-fosls,141.62416761272306,9.651343207425109e-06,7.867166693786564e-06,1.6871789295580194e-05
mlp-fosls,141.84667632100104,9.625281862820285e-06,7.801607072819249e-06,1.6871588411828158e-05
mlp-fosls,142.069185029279,9.622123917442127e-06,7.741882882601755e-06,1.6766465166063503e-05
mlp-fosls,142.29169373755698,9.663838799359939e-06,7.68930919321257e-06,1.6648767453200007e-05
mlp-fosls,142.51420244583497,9.691321326999201e-06,7.636735503823386e-06,1.65921087914001e-05
mlp-fosls,142.73671115411295,9.682585207916754e-06,7.667563266620876e-06,1.6629463109374755e-05
mlp-fosls,142.95921986239094,9.656562340426981e-06,7.702131897921637e-06,1.6666817427349407e-05
mlp-fosls,143.18172857066892,9.650028613559222e-06,7.733762837070252e-06,1.6629448350881072e-05
mlp-fosls,143.40423727894688,9.670842772390538e-06,7.762017847448223e-06,1.6583276640144088e-05
mlp-fosls,143.62674598722487,9.648594739593699e-06,7.790272857826198e-06,1.6603590163435628e-05
mlp-fosls,143.84925469550285,9.618990038596012e-06,7.829576881556175e-06,1.6725902374970116e-05
mlp-fosls,144.07176340378084,9.681151950060445e-06,7.869180977067978e-06,1.6848214586504604e-05
mlp-fosls,144.29427211205882,9.747611302776174e-06,7.862225532772635e-06,1.6702011105012225e-05
mlp-fosls,144.5167808203368,9.714378622324898e-06,7.805179564646994e-06,1.652404291496147e-05
mlp-fosls,144.73928952861476,9.66979531757644e-06,7.74813359652136e-06,1.6499296918808248e-05
mlp-fosls,144.96179823689275,9.672621642037649e-06,7.792994418873956e-06,1.6709474441961973e-05
mlp-fosls,145.18430694517073,9.672330930598773e-06,7.838899119490422e-06,1.69196519651157e-05
mlp-fosls,145.40681565344872,9.64291746502339e-06,7.811306722065398e-06,1.689964280014204e-05
mlp-fosls,145.6293243617267,9.620306080239832e-06,7.709621324323417e-06,1.685277116806094e-05
mlp-fosls,145.85183307000466,9.63172019075759e-06,7.608716040903911e-06,1.6792317217770997e-05
mlp-fosls,146.07434177828264,9.680144463262549e-06,7.633806770134815e-06,1.671118344601004e-05
mlp-fosls,146.29685048656063,9.696697375636706e-06,7.658897499365718e-06,1.6630049674249087e-05
mlp-fosls,146.51935919483861,9.68484621992883e-06,7.70029126468997e-06,1.658330875523132e-05
mlp-fosls,146.7418679031166,9.667348871417836e-06,7.757076705834781e-06,1.6540508741506415e-05
mlp-fosls,146.96437661139458,9.668494508849574e-06,7.81170677711972e-06,1.655985754478419e-05
mlp-fosls,147.18688531967254,9.66570728409974e-06,7.773941308231114e-06,1.667299474030779e-05
mlp-fosls,147.40939402795053,9.655869912668709e-06,7.736175839342505e-06,1.6786131935831402e-05
mlp-fosls,147.6319027362285,9.645883186870444e-06,7.729672571334013e-06,1.6788105846063213e-05
mlp-fosls,147.8544114445065,9.629446980216043e-06,7.75075657391134e-06,1.677764306763828e-05
mlp-fosls,148.07692015278448,9.639861621065203e-06,7.771075134990888e-06,1.677039045439778e-05
mlp-fosls,148.29942886106247,9.681228148607012e-06,7.772596931516394e-06,1.6767955307326596e-05
mlp-fosls,148.52193756934042,9.65803751848798e-06,7.774118728041903e-06,1.6765520160255414e-05
mlp-fosls,148.7444462776184,9.654765722626422e-06,7.761721344179297e-06,1.678777110475009e-05
mlp-fosls,148.9669549858964,9.683126900980836e-06,7.737794287125703e-06,1.6812771946554904e-05
mlp-fosls,149.18946369417438,9.72529199606482e-06,7.71543159042862e-06,1.6805603746998016e-05
mlp-fosls,149.41197240245236,9.725409556040255e-06,7.719881922389635e-06,1.675028046042725e-05
mlp-fosls,149.63448111073035,9.626144174435742e-06,7.724332254350649e-06,1.6694957173856485e-05
mlp-fosls,149.8569898190083,9.558587200463193e-06,7.748097670489434e-06,1.670079421475256e-05
mlp-fosls,150.0794985272863,9.567493399123284e-06,7.786824885380121e-06,1.6713340907203827e-05
mlp-fosls,150.30200723556428,9.639869723815777e-06,7.82534482311199e-06,1.6737291417512452e-05
mlp-fosls,150.52451594384226,9.672024381652304e-06,7.861164447151312e-06,1.677819448244032e-05
mlp-fosls,150.74702465212025,9.624350312375016e-06,7.896984071190634e-06,1.6819097547368186e-05
mlp-fosls,150.9695333603982,9.586037667736439e-06,7.858796660349499e-06,1.6690308918938076e-05
mlp-fosls,151.1920420686762,9.573225487140158e-06,7.766918048125032e-06,1.6543179738272487e-05
mlp-fosls,151.41455077695417,9.618438274706463e-06,7.693580190828409e-06,1.6467059893364543e-05
mlp-fosls,151.63705948523216,9.630669494313484e-06,7.812060802296695e-06,1.649627765089152e-05
mlp-fosls,151.85956819351014,9.640655674819142e-06,7.930541413764982e-06,1.65254954084185e-05
mlp-fosls,152.08207690178813,9.685302243458783e-06,7.949945073689945e-06,1.654547100987964e-05
mlp-fosls,152.30458561006608,9.684183377432682e-06,7.902276726679491e-06,1.656445188317694e-05
mlp-fosls,152.52709431834407,9.629871953927951e-06,7.85877121205871e-06,1.66063894012462e-05
mlp-fosls,152.74960302662205,9.586056769476426e-06,7.851028161862179e-06,1.6682303117269736e-05
mlp-fosls,152.97211173490004,9.651329339395117e-06,7.843285111665647e-06,1.6758216833293275e-05
mlp-fosls,153.19462044317802,9.668644968282059e-06,7.826716894764261e-06,1.6652211961430733e-05
mlp-fosls,153.417129151456,9.667731372939549e-06,7.804567700990562e-06,1.652675272293322e-05
mlp-fosls,153.63963785973397,9.69128388853048e-06,7.787657518073718e-06,1.6489658359781013e-05
mlp-fosls,153.86214656801195,9.74895857986854e-06,7.808811661915972e-06,1.65830663428809e-05
mlp-fosls,154.08465527628994,9.703368410056422e-06,7.829965805758225e-06,1.6676474325980786e-05
mlp-fosls,154.30716398456792,9.654959145648055e-06,7.82541868675982e-06,1.6575505497633382e-05
mlp-fosls,154.5296726928459,9.622420189386785e-06,7.805711260991672e-06,1.6453878521753835e-05
mlp-fosls,154.7521814011239,9.605547571184359e-06,7.787956468055352e-06,1.6432166883818238e-05
mlp-fosls,154.97469010940185,9.579243225359264e-06,7.782484291846339e-06,1.655770647821147e-05
mlp-fosls,155.19719881767983,9.600194262904726e-06,7.777012115637327e-06,1.668324607260472e-05
mlp-fosls,155.41970752595782,9.608692789731094e-06,7.755068228343908e-06,1.6580280265493065e-05
mlp-fosls,155.6422162342358,9.616401132841843e-06,7.724063026294296e-06,1.6453170168649174e-05
mlp-fosls,155.8647249425138,9.6321802996886e-06,7.705888324632542e-06,1.6384949139358496e-05
mlp-fosls,156.08723365079175,9.684114398388966e-06,7.758460419907242e-06,1.640358220497507e-05
mlp-fosls,156.30974235906973,9.74968190716196e-06,7.811032515181948e-06,1.6422215270591642e-05
mlp-fosls,156.53225106734772,9.815101119454403e-06,7.824073622820956e-06,1.650017930648089e-05
mlp-fosls,156.7547597756257,9.731729592299331e-06,7.816913599937646e-06,1.6584460203590675e-05
mlp-fosls,156.97726848390369,9.616303716200106e-06,7.8107587432632e-06,1.661483092408989e-05
mlp-fosls,157.19977719218167,9.590025639232677e-06,7.809530067321298e-06,1.6565609664779718e-05
mlp-fosls,157.42228590045963,9.580922670611789e-06,7.808301391379397e-06,1.6516388405469556e-05
mlp-fosls,157.6447946087376,9.603028217602243e-06,7.787691127440964e-06,1.6557647918238407e-05
mlp-fosls,157.8673033170156,9.589299845517169e-06,7.75787075685933e-06,1.6608757265573406e-05
mlp-fosls,158.08981202529358,9.610041185959336e-06,7.731838528286477e-06,1.6631475134531702e-05
mlp-fosls,158.31232073357157,9.664227981381069e-06,7.722397206674344e-06,1.6611954345183812e-05
mlp-fosls,158.53482944184955,9.620185225366162e-06,7.712955885062212e-06,1.6592433555835926e-05
mlp-fosls,158.7573381501275,9.596492444094424e-06,7.738721324929059e-06,1.6705138646175307e-05
mlp-fosls,158.9798468584055,9.614624627509417e-06,7.779968992269812e-06,1.6832317500084333e-05
mlp-fosls,159.20235556668348,9.657182086095362e-06,7.802533285175777e-06,1.684496064074482e-05
mlp-fosls,159.42486427496146,9.670584100916455e-06,7.751505538004778e-06,1.6687051956632642e-05
mlp-fosls,159.64737298323945,9.630640484272797e-06,7.70047779083378e-06,1.6529143272520462e-05
mlp-fosls,159.86988169151743,9.544579667056528e-06,7.735739979146844e-06,1.6539272156196795e-05
mlp-fosls,160.0923903997954,9.543406083996053e-06,7.806208453005802e-06,1.656791307843819e-05
mlp-fosls,160.31489910807338,9.575427825934822e-06,7.85558246475697e-06,1.6578571301942615e-05
mlp-fosls,160.53740781635136,9.586771947164073e-06,7.829607282091719e-06,1.6562332770187126e-05
mlp-fosls,160.75991652462935,9.54856888678845e-06,7.803632099426467e-06,1.6546094238431637e-05
mlp-fosls,160.98242523290733,9.53578396337804e-06,7.761924034530589e-06,1.6488490735481536e-05
mlp-fosls,161.2049339411853,9.61183942266082e-06,7.714285750157442e-06,1.6426366613542453e-05
mlp-fosls,161.42744264946327,9.683598136706486e-06,7.681346024796686e-06,1.6412864034212587e-05
mlp-fosls,161.64995135774126,9.64285118655278e-06,7.696515356766556e-06,1.6471768313257253e-05
mlp-fosls,161.87246006601924,9.626781027243104e-06,7.711684688736429e-06,1.653067259230192e-05
mlp-fosls,162.09496877429723,9.617326539861702e-06,7.741055049270312e-06,1.6478463688929586e-05
mlp-fosls,162.3174774825752,9.61070677071115e-06,7.775359940175429e-06,1.6414249624165345e-05
mlp-fosls,162.53998619085317,9.613013884651334e-06,7.801033839428071e-06,1.639091385683469e-05
mlp-fosls,162.76249489913116,9.610105448950096e-06,7.800813424387044e-06,1.6428801019654295e-05
mlp-fosls,162.98500360740914,9.564197596062409e-06,7.800593009346018e-06,1.6466688182473902e-05
mlp-fosls,163.20751231568713,9.518289743174719e-06,7.773366913694433e-06,1.6454728102181813e-05
mlp-fosls,163.4300210239651,9.544052852410256e-06,7.737505585842812e-06,1.6437274998501268e-05
mlp-fosls,163.6525297322431,9.616062398544711e-06,7.718966252372878e-06,1.6474905248169145e-05
mlp-fosls,163.87503844052105,9.663558781464545e-06,7.748379426256103e-06,1.6594678829079144e-05
mlp-fosls,164.09754714879904,9.625347278157749e-06,7.777792600139332e-06,1.671445240998916e-05
mlp-fosls,164.32005585707702,9.589606110995198e-06,7.80709612330431e-06,1.6569453792235875e-05
mlp-fosls,164.542564565355,9.562287722826298e-06,7.836367495167695e-06,1.6395640491884286e-05
mlp-fosls,164.765073273633,9.545710033968098e-06,7.856565356773843e-06,1.637260019459804e-05
mlp-fosls,164.98758198191098,9.527889752949539e-06,7.853573876384543e-06,1.6573316336891003e-05
mlp-fosls,165.21009069018893,9.583641308566584e-06,7.850582395995243e-06,1.6774032479183943e-05
mlp-fosls,165.43259939846692,9.639392864183636e-06,7.807157665893167e-06,1.664065924980537e-05
mlp-fosls,165.6551081067449,9.665185774218366e-06,7.752947325492061e-06,1.6470867729956583e-05
mlp-fosls,165.8776168150229,9.663543096529102e-06,7.705269113143528e-06,1.6452340278748434e-05
mlp-fosls,166.10012552330087,9.651952026581222e-06,7.67302206023984e-06,1.6659285924997736e-05
mlp-fosls,166.32263423157883,9.641034517876148e-06,7.640775007336159e-06,1.6866231571247015e-05
mlp-fosls,166.54514293985682,9.630117009171072e-06,7.7284643388044e-06,1.6720361068496932e-05
mlp-fosls,166.7676516481348,9.604388595527028e-06,7.845066005605082e-06,1.6535804268560093e-05
mlp-fosls,166.9901603564128,9.580957046763311e-06,7.886261664345924e-06,1.6454347037300002e-05
mlp-fosls,167.21266906469077,9.571574019543402e-06,7.76299594843343e-06,1.652720825476325e-05
mlp-fosls,167.43517777296876,9.570847161779163e-06,7.639730232520935e-06,1.66000694722265e-05
mlp-fosls,167.6576864812467,9.570120304014924e-06,7.66133889524151e-06,1.644860417633956e-05
mlp-fosls,167.8801951895247,9.597642769925447e-06,7.714248239981267e-06,1.6272146566835623e-05
mlp-fosls,168.10270389780268,9.630765247283775e-06,7.733987633635863e-06,1.6160680938617048e-05
mlp-fosls,168.32521260608067,9.639418706038315e-06,7.686421301904163e-06,1.6147667947724552e-05
mlp-fosls,168.54772131435865,9.597999167298258e-06,7.638854970172462e-06,1.6134654956832057e-05
mlp-fosls,168.77023002263664,9.556122835126935e-06,7.64485699394477e-06,1.621846549150701e-05
mlp-fosls,168.9927387309146,9.495774949261722e-06,7.661203493380587e-06,1.6313335310092834e-05
mlp-fosls,169.21524743919258,9.452404200060797e-06,7.683124032323855e-06,1.636808892287053e-05
mlp-fosls,169.43775614747057,9.4368620020183e-06,7.715573288425055e-06,1.6361971510270683e-05
mlp-fosls,169.66026485574855,9.500157475686663e-06,7.748022544526256e-06,1.6355854097670835e-05
mlp-fosls,169.88277356402654,9.546554074857833e-06,7.779356321238003e-06,1.6383450167208546e-05
mlp-fosls,170.10528227230452,9.55395674066074e-06,7.810499391817602e-06,1.6414960915388332e-05
mlp-fosls,170.32779098058248,9.539767181135352e-06,7.80504185841466e-06,1.64370937713871e-05
mlp-fosls,170.55029968886046,9.536371785701673e-06,7.735228174790378e-06,1.64449313284844e-05
mlp-fosls,170.77280839713845,9.54861856268862e-06,7.665414491166096e-06,1.6452768885581696e-05
mlp-fosls,170.99531710541643,9.560865339675566e-06,7.668004986905891e-06,1.6422035078284532e-05
mlp-fosls,171.21782581369442,9.58215074842432e-06,7.681346561701133e-06,1.6386773538987078e-05
mlp-fosls,171.44033452197237,9.617545611695297e-06,7.69723069844788e-06,1.6429778760496534e-05
mlp-fosls,171.66284323025036,9.634296005993938e-06,7.717285172301816e-06,1.6593857298125334e-05
mlp-fosls,171.88535193852834,9.593760685901617e-06,7.737339646155753e-06,1.675793583575413e-05
mlp-fosls,172.10786064680633,9.556721454556618e-06,7.791380878627047e-06,1.6649057383533945e-05
mlp-fosls,172.33036935508431,9.552747263137288e-06,7.849748796432949e-06,1.650716680451119e-05
mlp-fosls,172.5528780633623,9.575996044280555e-06,7.830653026499272e-06,1.644657898007621e-05
mlp-fosls,172.77538677164026,9.605332229099009e-06,7.692907869978724e-06,1.6512186881460126e-05
mlp-fosls,172.99789547991824,9.538979199901238e-06,7.5551627134581566e-06,1.6577794782844055e-05
mlp-fosls,173.22040418819623,9.484122530656002e-06,7.627213373527413e-06,1.656832526039039e-05
mlp-fosls,173.4429128964742,9.485612297715485e-06,7.722574702219919e-06,1.654975372154384e-05
mlp-fosls,173.6654216047522,9.533502794498797e-06,7.792349979511046e-06,1.6524898456514342e-05
mlp-fosls,173.88793031303018,9.569814997410775e-06,7.82507420539539e-06,1.6490289945740204e-05
mlp-fosls,174.11043902130814,9.61920654947892e-06,7.857798431279728e-06,1.645568143496607e-05
mlp-fosls,174.33294772958612,9.636784991363162e-06,7.832784365503323e-06,1.6552734337917172e-05
mlp-fosls,174.5554564378641,9.617859481838537e-06,7.80252734638773e-06,1.6665969678922956e-05
mlp-fosls,174.7779651461421,9.586315634429872e-06,7.769852443042801e-06,1.6729229605834317e-05
mlp-fosls,175.00047385442008,9.560588737140074e-06,7.73390810457111e-06,1.671456684881087e-05
mlp-fosls,175.22298256269806,9.585572979430623e-06,7.69796376609942e-06,1.6699904091787428e-05
mlp-fosls,175.44549127097602,9.603715763287774e-06,7.677564951884991e-06,1.664139212264758e-05
mlp-fosls,175.667999979254,9.588580338334084e-06,7.658283273469079e-06,1.6577394138992064e-05
mlp-fosls,175.890508687532,9.576679017892318e-06,7.681038120171395e-06,1.6559842003867192e-05
mlp-fosls,176.11301739580998,9.581986015492238e-06,7.757061741771825e-06,1.6615573055026374e-05
mlp-fosls,176.33552610408796,9.553644476995915e-06,7.833085363372256e-06,1.6671304106185553e-05
mlp-fosls,176.55803481236595,9.52530293849959e-06,7.747807946412819e-06,1.6591365279607496e-05
mlp-fosls,176.7805435206439,9.507600654435284e-06,7.653914501049946e-06,1.6494213037288807e-05
mlp-fosls,177.0030522289219,9.49908208360433e-06,7.6215193602690606e-06,1.6440840024554895e-05
mlp-fosls,177.22556093719987,9.489019525273871e-06,7.661911837163528e-06,1.6456895528671258e-05
mlp-fosls,177.44806964547786,9.49947114182099e-06,7.702304314057997e-06,1.647295103278762e-05
mlp-fosls,177.67057835375584,9.509696197697853e-06,7.667871570738236e-06,1.6473195748574843e-05
mlp-fosls,177.8930870620338,9.538565127534832e-06,7.630812741062298e-06,1.64714194247273e-05
mlp-fosls,178.11559577031178,9.57920962017953e-06,7.599098724014424e-06,1.6475658166780303e-05
mlp-fosls,178.33810447858977,9.595121559926913e-06,7.573309521383374e-06,1.648942341670197e-05
mlp-fosls,178.56061318686776,9.526567984089706e-06,7.547520318752323e-06,1.6503188666623636e-05
mlp-fosls,178.78312189514574,9.462898121755079e-06,7.634372122831415e-06,1.652847705128896e-05
mlp-fosls,179.00563060342373,9.458407715798287e-06,7.723259602702056e-06,1.655523527743792e-05
mlp-fosls,179.22813931170168,9.488361499948546e-06,7.763196814499153e-06,1.6549664488354908e-05
mlp-fosls,179.45064801997967,9.519488609855773e-06,7.752301376233881e-06,1.649271427025863e-05
mlp-fosls,179.67315672825765,9.549245587740847e-06,7.741405937968611e-06,1.643576405216235e-05
mlp-fosls,179.89566543653564,9.595417133290717e-06,7.747989489427462e-06,1.6491052012771892e-05
mlp-fosls,180.11817414481362,9.593596899564225e-06,7.754600578835272e-06,1.656088040226969e-05
mlp-fosls,180.3406828530916,9.562664354469303e-06,7.734847394601093e-06,1.658235902896905e-05
mlp-fosls,180.56319156136956,9.524495821416973e-06,7.689431223687797e-06,1.6526707627074115e-05
mlp-fosls,180.78570026964755,9.50607613418692e-06,7.64587581649131e-06,1.647105622517917e-05
mlp-fosls,181.00820897792553,9.501615690617385e-06,7.725928941803384e-06,1.6425994753551842e-05
mlp-fosls,181.23071768620352,9.500203433850857e-06,7.805982067115457e-06,1.6382312262107403e-05
mlp-fosls,181.4532263944815,9.479884773307447e-06,7.818241362083528e-06,1.6359416595871376e-05
mlp-fosls,181.6757351027595,9.463552972016993e-06,7.76865908346165e-06,1.6369768921006096e-05
mlp-fosls,181.89824381103745,9.536321191756634e-06,7.718238499963998e-06,1.6380121246140812e-05
mlp-fosls,182.12075251931543,9.618522681153953e-06,7.64124583027164e-06,1.6468648643047096e-05
mlp-fosls,182.34326122759342,9.624358451063656e-06,7.564253160579281e-06,1.6567397895398385e-05
mlp-fosls,182.5657699358714,9.595545000349956e-06,7.5630410462389195e-06,1.6540878038126104e-05
mlp-fosls,182.7882786441494,9.574310648780739e-06,7.626737624562146e-06,1.631272676171887e-05
mlp-fosls,183.01078735242734,9.576616164540144e-06,7.686074005960831e-06,1.6084575485311664e-05
mlp-fosls,183.23329606070533,9.578921680299551e-06,7.656694420257946e-06,1.627721206576284e-05
mlp-fosls,183.4558047689833,9.576718906456649e-06,7.627314834555061e-06,1.652581890729914e-05
mlp-fosls,183.6783134772613,9.576637402284678e-06,7.61893754060003e-06,1.6687444401960616e-05
mlp-fosls,183.90082218553928,9.568075561775865e-06,7.6274082127905474e-06,1.6709129269566526e-05
mlp-fosls,184.12333089381727,9.514705792250601e-06,7.638239789190659e-06,1.6730814137172433e-05
mlp-fosls,184.34583960209523,9.461336022725342e-06,7.6842577380771e-06,1.6633165252647268e-05
mlp-fosls,184.5683483103732,9.480124388529544e-06,7.730275686963545e-06,1.6519770326073094e-05
mlp-fosls,184.7908570186512,9.534812850326455e-06,7.732981159481638e-06,1.643131612352112e-05
mlp-fosls,185.01336572692918,9.590439919439277e-06,7.703132865276321e-06,1.6383145199457982e-05
mlp-fosls,185.23587443520717,9.633298593411048e-06,7.68019338737195e-06,1.6334974275394844e-05
mlp-fosls,185.45838314348515,9.676157267382816e-06,7.737605755793739e-06,1.6404116770681768e-05
mlp-fosls,185.6808918517631,9.63666432918024e-06,7.79501812421552e-06,1.6489074935559098e-05
mlp-fosls,185.9034005600411,9.562803767130535e-06,7.79075241025304e-06,1.656596767206776e-05
mlp-fosls,186.12590926831908,9.517624696131138e-06,7.743147854964775e-06,1.6629789963125282e-05
mlp-fosls,186.34841797659706,9.51468535816171e-06,7.70273834296324e-06,1.669361225418281e-05
mlp-fosls,186.57092668487505,9.474680103463734e-06,7.73041398809721e-06,1.6627242897998646e-05
mlp-fosls,186.79343539315303,9.505257622397581e-06,7.758089633231182e-06,1.654344425499537e-05
mlp-fosls,187.015944101431,9.556851776556156e-06,7.751203728838764e-06,1.650776676060341e-05
mlp-fosls,187.23845280970897,9.589149803641066e-06,7.72161751364946e-06,1.6549647961955467e-05
mlp-fosls,187.46096151798696,9.597140397058491e-06,7.696277260711247e-06,1.659152916330752e-05
mlp-fosls,187.68347022626494,9.549322284755052e-06,7.70477134145029e-06,1.663448680837846e-05
mlp-fosls,187.90597893454293,9.524968394955367e-06,7.713265422189334e-06,1.6677586397451155e-05
mlp-fosls,188.1284876428209,9.546287661327204e-06,7.734411385974329e-06,1.667993977297833e-05
mlp-fosls,188.35099635109887,9.583925625044216e-06,7.763333005264079e-06,1.6616868068606842e-05
mlp-fosls,188.57350505937686,9.589367000824061e-06,7.786253111631389e-06,1.6553796364235355e-05
mlp-fosls,188.79601376765484,9.594808376603906e-06,7.767988942128887e-06,1.648800296934544e-05
mlp-fosls,189.01852247593283,9.570638329440502e-06,7.749724772626385e-06,1.6421853473325197e-05
mlp-fosls,189.2410311842108,9.54369330983408e-06,7.760486925883537e-06,1.643210849910204e-05
mlp-fosls,189.46353989248877,9.535470381922363e-06,7.78797185710405e-06,1.6565127682618318e-05
mlp-fosls,189.68604860076675,9.526003602179478e-06,7.807794795865117e-06,1.6698146866134612e-05
mlp-fosls,189.90855730904474,9.465613318956206e-06,7.78147718768082e-06,1.666566120048051e-05
mlp-fosls,190.13106601732272,9.438781596973056e-06,7.755159579496526e-06,1.6611124566434703e-05
mlp-fosls,190.3535747256007,9.463482622984733e-06,7.74463433432676e-06,1.6589733970484745e-05
mlp-fosls,190.5760834338787,9.528737336836789e-06,7.742591183728105e-06,1.6622168558642092e-05
mlp-fosls,190.79859214215665,9.529567028657575e-06,7.737460135904079e-06,1.6654603146799436e-05
mlp-fosls,191.02110085043464,9.532202769538078e-06,7.715900291239243e-06,1.661283548534386e-05
mlp-fosls,191.24360955871262,9.574164306926851e-06,7.694340446574406e-06,1.656095277626559e-05
mlp-fosls,191.4661182669906,9.636239632771099e-06,7.660454116096584e-06,1.6541175606818854e-05
mlp-fosls,191.6886269752686,9.678392830033494e-06,7.620398664716165e-06,1.657388983257275e-05
mlp-fosls,191.91113568354658,9.64164075963028e-06,7.59393714391316e-06,1.660660405832665e-05
mlp-fosls,192.13364439182453,9.609221166188976e-06,7.631755865208505e-06,1.6567958979182382e-05
mlp-fosls,192.35615310010252,9.62505140302456e-06,7.669574586503853e-06,1.6519430680422243e-05
mlp-fosls,192.5786618083805,9.610139159213584e-06,7.720649787353395e-06,1.64797633690663e-05
mlp-fosls,192.8011705166585,9.529667808833565e-06,7.777894138104335e-06,1.64547068567876e-05
mlp-fosls,193.02367922493647,9.586804714849641e-06,7.81612537713205e-06,1.6429650344508896e-05
mlp-fosls,193.24618793321443,9.666193298860952e-06,7.773543766603383e-06,1.6427601099887923e-05
mlp-fosls,193.46869664149241,9.655367772203282e-06,7.73096215607471e-06,1.6428755811640063e-05
mlp-fosls,193.6912053497704,9.605722101526432e-06,7.704035939827606e-06,1.6432324749873017e-05
mlp-fosls,193.91371405804838,9.566794877758337e-06,7.683889064493291e-06,1.643986966217057e-05
mlp-fosls,194.13622276632637,9.566320358840089e-06,7.672677728980657e-06,1.6447414574468122e-05
mlp-fosls,194.35873147460435,9.565845839921837e-06,7.695963457450188e-06,1.6408767780176983e-05
mlp-fosls,194.5812401828823,9.56995192807374e-06,7.719249185919718e-06,1.6363685562666873e-05
mlp-fosls,194.8037488911603,9.598204491571993e-06,7.703584825655408e-06,1.6383020536421094e-05
mlp-fosls,195.02625759943828,9.583412202778619e-06,7.672296742489271e-06,1.650852706874784e-05
mlp-fosls,195.24876630771627,9.56028565805706e-06,7.655229639969848e-06,1.6634033601074583e-05
mlp-fosls,195.47127501599425,9.560387471734236e-06,7.688033819735224e-06,1.6669561866844262e-05
mlp-fosls,195.69378372427224,9.550463436355875e-06,7.720837999500597e-06,1.669249336602998e-05
mlp-fosls,195.9162924325502,9.528834384487742e-06,7.71406164701734e-06,1.6692651401403245e-05
mlp-fosls,196.13880114082818,9.507533344371716e-06,7.69264524506079e-06,1.665511560502533e-05
mlp-fosls,196.36130984910616,9.494717117769215e-06,7.672740295742805e-06,1.6617579808647417e-05
mlp-fosls,196.58381855738415,9.481900891166716e-06,7.657670726647884e-06,1.6565522801830766e-05
mlp-fosls,196.80632726566213,9.530474992870288e-06,7.642601157552964e-06,1.6511404494816306e-05
mlp-fosls,197.02883597394012,9.601986267811395e-06,7.636520182494672e-06,1.6516995494011137e-05
mlp-fosls,197.25134468221808,9.652300401935823e-06,7.63349603306164e-06,1.6621529047859377e-05
mlp-fosls,197.47385339049606,9.633139031693972e-06,7.616744255563715e-06,1.6726062601707633e-05
mlp-fosls,197.69636209877405,9.613977661452116e-06,7.55960168225767e-06,1.659380559146428e-05
mlp-fosls,197.91887080705203,9.606966324489718e-06,7.502459108951625e-06,1.642824586543024e-05
mlp-fosls,198.14137951533002,9.600582204562416e-06,7.548407951473948e-06,1.6346839785219868e-05
mlp-fosls,198.36388822360797,9.58867120930053e-06,7.626589143484843e-06,1.6404719521550296e-05
mlp-fosls,198.58639693188596,9.561688168018432e-06,7.668725090759978e-06,1.646259925788073e-05
mlp-fosls,198.80890564016394,9.561182728529633e-06,7.613181064674588e-06,1.6492148063188863e-05
mlp-fosls,199.03141434844193,9.51305237573807e-06,7.557637038589198e-06,1.651771008932234e-05
mlp-fosls,199.2539230567199,9.432650740316193e-06,7.55569666779507e-06,1.6512742292903092e-05
mlp-fosls,199.4764317649979,9.386706110471524e-06,7.56934314849251e-06,1.6457355341280213e-05
mlp-fosls,199.69894047327585,9.457304482354366e-06,7.591993321809971e-06,1.6401968389657344e-05
mlp-fosls,199.92144918155384,9.527902854237216e-06,7.637447425891943e-06,1.6389437202493208e-05
mlp-fosls,200.14395788983182,9.506532728327397e-06,7.682901529973916e-06,1.6382982938520684e-05
mlp-fosls,200.3664665981098,9.453140029231587e-06,7.684317057108933e-06,1.642664585602478e-05
mlp-fosls,200.5889753063878,9.426941214004228e-06,7.674093539733747e-06,1.6553782296932714e-05
mlp-fosls,200.81148401466578,9.487458068962274e-06,7.663626331749637e-06,1.6680918737840643e-05
mlp-fosls,201.03399272294374,9.547974923920313e-06,7.65258652654271e-06,1.6652328498648313e-05
mlp-fosls,201.25650143122172,9.552029073143398e-06,7.641546721335784e-06,1.6601572474542057e-05
mlp-fosls,201.4790101394997,9.537055903798033e-06,7.661601508809111e-06,1.662626827748905e-05
mlp-fosls,201.7015188477777,9.527092392273937e-06,7.689119422679845e-06,1.6777418534322575e-05
mlp-fosls,201.92402755605568,9.517404029280727e-06,7.700675679176056e-06,1.69285687911561e-05
mlp-fosls,202.14653626433366,9.507715666287517e-06,7.677408459350535e-06,1.6802135662512646e-05
mlp-fosls,202.36904497261162,9.52433317485686e-06,7.654141239525016e-06,1.663523887767655e-05
mlp-fosls,202.5915536808896,9.559031491491538e-06,7.646461941657548e-06,1.652351923976611e-05
mlp-fosls,202.8140623891676,9.586878518700613e-06,7.642154158566433e-06,1.6504842734815264e-05
mlp-fosls,203.03657109744557,9.581649474933895e-06,7.656273391219012e-06,1.648616622986442e-05
mlp-fosls,203.25907980572356,9.57642043116718e-06,7.707731268219966e-06,1.647507594119893e-05
mlp-fosls,203.48158851400152,9.584205924118684e-06,7.759189145220917e-06,1.6465103591988932e-05
mlp-fosls,203.7040972222795,9.59298541724159e-06,7.776217744272687e-06,1.649363121020222e-05
mlp-fosls,203.92660593055749,9.593542128517621e-06,7.786595251331009e-06,1.6587229867580634e-05
mlp-fosls,204.14911463883547,9.584808869701482e-06,7.778580549716091e-06,1.6680828524959048e-05
mlp-fosls,204.37162334711346,9.564364471995748e-06,7.735818662652295e-06,1.669927846243839e-05
mlp-fosls,204.59413205539144,9.557273228749613e-06,7.693056775588497e-06,1.6706552877603233e-05
mlp-fosls,204.8166407636694,9.548155766702082e-06,7.682227618775091e-06,1.666586701580114e-05
mlp-fosls,205.03914947194738,9.511485754013005e-06,7.67682128140771e-06,1.654343493251587e-05
mlp-fosls,205.26165818022537,9.512574857386177e-06,7.692425321560427e-06,1.6421002849230598e-05
mlp-fosls,205.48416688850335,9.551176405559602e-06,7.744918253584541e-06,1.6420717340828165e-05
mlp-fosls,205.70667559678134,9.580451212930199e-06,7.797411185608655e-06,1.6439038831134573e-05
mlp-fosls,205.92918430505932,9.589467775248067e-06,7.771295717449537e-06,1.6442025035201843e-05
mlp-fosls,206.15169301333728,9.587615911107787e-06,7.733503250009003e-06,1.641850403475812e-05
mlp-fosls,206.37420172161526,9.564644482577217e-06,7.72694040842746e-06,1.639498303431439e-05
mlp-fosls,206.59671042989325,9.547871808832854e-06,7.771700936276473e-06,1.6412607005778254e-05
mlp-fosls,206.81921913817123,9.507550481658868e-06,7.816461464125485e-06,1.6436553069904785e-05
mlp-fosls,207.04172784644922,9.463303527533937e-06,7.721908948111449e-06,1.6472799227646684e-05
mlp-fosls,207.2642365547272,9.446544974098544e-06,7.609664407469805e-06,1.6530297121838007e-05
mlp-fosls,207.48674526300516,9.491778869814189e-06,7.569522591496319e-06,1.6587795016029323e-05
mlp-fosls,207.70925397128315,9.542134920631567e-06,7.643370283263415e-06,1.658378260247296e-05
mlp-fosls,207.93176267956113,9.543503694612842e-06,7.717217975030511e-06,1.6570253629165297e-05
mlp-fosls,208.15427138783912,9.529043226490678e-06,7.70471261730973e-06,1.659536941287357e-05
mlp-fosls,208.3767800961171,9.525870663240832e-06,7.682136852181644e-06,1.6687342397036032e-05
mlp-fosls,208.59928880439506,9.555343463545036e-06,7.6706845381244e-06,1.677931538119848e-05
mlp-fosls,208.82179751267304,9.58481626384924e-06,7.675649468089821e-06,1.6550613928642277e-05
mlp-fosls,209.04430622095103,9.585176406319339e-06,7.680614398055245e-06,1.627255155831774e-05
mlp-fosls,209.266814929229,9.578561043115832e-06,7.72221305359824e-06,1.615169484118041e-05
mlp-fosls,209.489323637507,9.583466133248426e-06,7.76733661301609e-06,1.6302386148339064e-05
mlp-fosls,209.71183234578498,9.589534186654975e-06,7.7828646546344e-06,1.6453077455497714e-05
mlp-fosls,209.93434105406294,9.595602240061525e-06,7.757563157797416e-06,1.650798489739859e-05
mlp-fosls,210.15684976234093,9.590787247823449e-06,7.732261660960426e-06,1.6548171408166237e-05
mlp-fosls,210.3793584706189,9.588709839264979e-06,7.652697159737124e-06,1.6547249341539917e-05
mlp-fosls,210.6018671788969,9.581959952753906e-06,7.568927996208081e-06,1.6474744608754824e-05
mlp-fosls,210.82437588717488,9.553628321979003e-06,7.5313435775568575e-06,1.6402239875969728e-05
mlp-fosls,211.04688459545287,9.5252966912041e-06,7.553463244609038e-06,1.6405806922440114e-05
mlp-fosls,211.26939330373082,9.523131221650896e-06,7.575582911661216e-06,1.6421220042177487e-05
mlp-fosls,211.4919020120088,9.550457353298867e-06,7.6108286998549485e-06,1.6480232849684248e-05
mlp-fosls,211.7144107202868,9.528076805737262e-06,7.646835635957107e-06,1.6615685898954993e-05
mlp-fosls,211.93691942856478,9.50023710261118e-06,7.654589047664895e-06,1.6751138948225738e-05
mlp-fosls,212.15942813684276,9.4723973994851e-06,7.62829027703148e-06,1.6638450112867584e-05
mlp-fosls,212.38193684512075,9.477639313529332e-06,7.601991506398064e-06,1.6486404374054414e-05
mlp-fosls,212.6044455533987,9.492564828671051e-06,7.671344683883464e-06,1.6417018054115432e-05
mlp-fosls,212.8269542616767,9.50090666296734e-06,7.74452003679755e-06,1.6493937460675995e-05
mlp-fosls,213.04946296995467,9.516938415158723e-06,7.746112691892857e-06,1.657085686723656e-05
mlp-fosls,213.27197167823266,9.539393226800783e-06,7.66691642500509e-06,1.664028626836743e-05
mlp-fosls,213.49448038651065,9.534213292771195e-06,7.587720158117322e-06,1.6708489192244608e-05
mlp-fosls,213.7169890947886,9.512295587278829e-06,7.597569876132652e-06,1.669501793801741e-05
mlp-fosls,213.9394978030666,9.48275535804554e-06,7.609416091810513e-06,1.6534771551893214e-05
mlp-fosls,214.16200651134457,9.50999437262732e-06,7.632830122955328e-06,1.6374525165769016e-05
mlp-fosls,214.38451521962256,9.537233387209095e-06,7.668473352270128e-06,1.6393661893078185e-05
mlp-fosls,214.60702392790054,9.520081048073645e-06,7.70411658158493e-06,1.644303784797417e-05
mlp-fosls,214.82953263617853,9.491677253617609e-06,7.718077408919338e-06,1.652385892078341e-05
mlp-fosls,215.05204134445648,9.47668231584745e-06,7.731922970566292e-06,1.6662089311294336e-05
mlp-fosls,215.27455005273447,9.480159601404393e-06,7.74164760418339e-06,1.680031970180528e-05
mlp-fosls,215.49705876101245,9.497354283802596e-06,7.747292132665723e-06,1.670374738008491e-05
mlp-fosls,215.71956746929044,9.52639132885837e-06,7.752702349599171e-06,1.6566380877316828e-05
mlp-fosls,215.94207617756842,9.561560876855133e-06,7.735977593584271e-06,1.640208905089879e-05
mlp-fosls,216.1645848858464,9.585833309509585e-06,7.719252837569371e-06,1.618770715161332e-05
mlp-fosls,216.38709359412437,9.5852225540269e-06,7.694422751252038e-06,1.5973325252327883e-05
mlp-fosls,216.60960230240235,9.603686041960707e-06,7.662078967008392e-06,1.618246092040523e-05
mlp-fosls,216.83211101068034,9.59606491976701e-06,7.63054959923698e-06,1.6467790386113204e-05
mlp-fosls,217.05461971895832,9.583014611333342e-06,7.628582433087847e-06,1.6654848689273386e-05
mlp-fosls,217.2771284272363,9.515163907518593e-06,7.626615266938713e-06,1.6655753666651954e-05
mlp-fosls,217.4996371355143,9.482606612960237e-06,7.627847215913971e-06,1.665665864403052e-05
mlp-fosls,217.72214584379225,9.498045223220398e-06,7.631861812348106e-06,1.6562163730392574e-05
mlp-fosls,217.94465455207023,9.54600393055861e-06,7.635604614784393e-06,1.644991226299518e-05
mlp-fosls,218.16716326034822,9.594353329157544e-06,7.633301536426871e-06,1.6376835185894358e-05
mlp-fosls,218.3896719686262,9.623010005536344e-06,7.630998458069348e-06,1.637954889083477e-05
mlp-fosls,218.6121806769042,9.598747588428254e-06,7.649312127550093e-06,1.638226259577518e-05
mlp-fosls,218.83468938518214,9.574485171320166e-06,7.684413972258768e-06,1.6394054208038035e-05
mlp-fosls,219.05719809346013,9.575255427692487e-06,7.716464766891748e-06,1.64075938932636e-05
mlp-fosls,219.27970680173812,9.601674081769473e-06,7.700599310793042e-06,1.6420771901208606e-05
mlp-fosls,219.5022155100161,9.631052940771467e-06,7.684733854694336e-06,1.6433235007746956e-05
mlp-fosls,219.72472421829409,9.591255141497292e-06,7.682515696638203e-06,1.6445698114285302e-05
mlp-fosls,219.94723292657207,9.551457342223119e-06,7.69069006205932e-06,1.6404802521401564e-05
mlp-fosls,220.16974163485003,9.535661766507149e-06,7.702077237478239e-06,1.6353314666295123e-05
mlp-fosls,220.392250343128,9.524303158861722e-06,7.752719073181956e-06,1.6323590855531693e-05
mlp-fosls,220.614759051406,9.500452125340368e-06,7.803360908885671e-06,1.6337605594819293e-05
mlp-fosls,220.83726775968398,9.479176672123327e-06,7.759818475283613e-06,1.6351620334106894e-05
mlp-fosls,221.05977646796197,9.457901218906286e-06,7.649158448831039e-06,1.6491608149973443e-05
mlp-fosls,221.28228517623995,9.457809415235423e-06,7.552571094038051e-06,1.6657370592747946e-05
mlp-fosls,221.5047938845179,9.46557760964635e-06,7.594133674498724e-06,1.6770102793694963e-05
mlp-fosls,221.7273025927959,9.492099396536063e-06,7.635696254959403e-06,1.677419808614749e-05
mlp-fosls,221.94981130107388,9.481035228930436e-06,7.652286512893625e-06,1.6778293378600013e-05
mlp-fosls,222.17232000935186,9.433234613355439e-06,7.652286512893625e-06,1.687445662774446e-05
mlp-fosls,222.39482871762985,9.440005677448653e-06,7.652286512893625e-06,1.698988995835977e-05
mlp-fosls,222.61733742590783,9.437931570858497e-06,7.652286512893625e-06,1.7067557564587332e-05
mlp-fosls,222.8398461341858,9.435857464268338e-06,7.652286512893625e-06,1.7067557564587332e-05
