plot-name,time,median,low,high
kan_V0-fosls,1.3051791191101074,0.03971646021054127,0.03911943905197696,0.040130284529219004
kan_V0-fosls,1.5040728337055929,0.03734588630949483,0.036753618778620635,0.03770842550671046
kan_V0-fosls,1.7029665483010783,0.034770507987013116,0.03421705477774234,0.03510557114027307
kan_V0-fosls,1.9018602628965635,0.03198845282274551,0.031476740333170855,0.03229360456769135
kan_V0-fosls,2.100753977492049,0.028940176467064656,0.028473909572461414,0.029212200650824936
kan_V0-fosls,2.299647692087534,0.025535501885255062,0.02511457486559458,0.02576486828519988
kan_V0-fosls,2.4985414066830196,0.02158883387332658,0.021230172279527077,0.021778526319366515
kan_V0-fosls,2.697435121278505,0.018617532405690345,0.018380065734872265,0.018808704615422323
kan_V0-fosls,2.8963288358739905,0.01795937170039256,0.017725499904424926,0.01814834865268361
kan_V0-fosls,3.095222550469476,0.017276155555892986,0.017045817003162697,0.017463039492840785
kan_V0-fosls,3.2941162650649614,0.016563988219047483,0.016337882596862207,0.016749714559886414
kan_V0-fosls,3.493009979660447,0.01581388309402216,0.01559785043499249,0.01600462831017406
kan_V0-fosls,3.691903694255932,0.015033614105562157,0.014820913218689932,0.015223117842806676
kan_V0-fosls,3.8907974088514172,0.01421439644154186,0.014000928507762633,0.014399253673893414
kan_V0-fosls,4.089691123446903,0.013711352943991333,0.013513693062745356,0.01390157531375809
kan_V0-fosls,4.288584838042388,0.013275076145407062,0.013071880082696974,0.013456994500093303
kan_V0-fosls,4.4874785526378735,0.012823954276194873,0.012614602554132555,0.012997215307403135
kan_V0-fosls,4.686372267233359,0.012356358775266552,0.012140113109071322,0.012520563506426035
kan_V0-fosls,4.885265981828844,0.011867903707540772,0.011646308213479634,0.012025032860242023
kan_V0-fosls,5.084159696424329,0.011354600137423287,0.011130617400022382,0.01150818491602188
kan_V0-fosls,5.283053411019815,0.010871986252511404,0.010696930215319181,0.01102590139981701
kan_V0-fosls,5.4819471256153,0.010554649511584191,0.010470581923159776,0.010684726240149692
kan_V0-fosls,5.680840840210786,0.0102558735327693,0.010115313155986386,0.010332291516183622
kan_V0-fosls,5.879734554806271,0.009894317502040645,0.009747103912329153,0.010131857705417295
kan_V0-fosls,6.078628269401756,0.009519038511164372,0.009364427858220347,0.009936361611439853
kan_V0-fosls,6.277521983997242,0.009128344184305382,0.008965432702657709,0.009736941182104747
kan_V0-fosls,6.476415698592727,0.008722668882307407,0.008547833525517173,0.009533350150615426
kan_V0-fosls,6.675309413188213,0.008427877624417126,0.008249429276761632,0.009201907562007906
kan_V0-fosls,6.874203127783698,0.00818078375469367,0.008015719959860975,0.00880728533754362
kan_V0-fosls,7.073096842379184,0.007925965526248156,0.007751850288007111,0.008394131715316562
kan_V0-fosls,7.271990556974669,0.007662646962471906,0.007442384944272149,0.007959561513755386
kan_V0-fosls,7.470884271570155,0.007380828958131883,0.00711948062921598,0.007499852780450323
kan_V0-fosls,7.66977798616564,0.0070066910895944055,0.006781217825791648,0.007237839945085732
kan_V0-fosls,7.868671700761125,0.006667103578867504,0.006449261116034853,0.0069784346575365395
kan_V0-fosls,8.067565415356611,0.006510670320114397,0.006279240728487351,0.006810828379956023
kan_V0-fosls,8.266459129952096,0.006323126965471293,0.006104486817889741,0.006638992105201035
kan_V0-fosls,8.465352844547581,0.006140230812380961,0.0059245805331082195,0.00646258842296405
kan_V0-fosls,8.664246559143066,0.005894766247053677,0.005739037347567982,0.006281232528440279
kan_V0-fosls,8.863140273738551,0.005654651572831921,0.005547291668938583,0.006112166680183046
kan_V0-fosls,9.062033988334036,0.005415965463708036,0.005289356528407691,0.006010468033282463
kan_V0-fosls,9.260927702929523,0.005242534639114858,0.005084890149037645,0.005860412400996087
kan_V0-fosls,9.459821417525008,0.0051471545033830255,0.004959427308300538,0.005685763902995159
kan_V0-fosls,9.658715132120493,0.005049904659105323,0.004830707052270314,0.00563709068377484
kan_V0-fosls,9.857608846715978,0.004950666433926225,0.004698461665629632,0.005587993521256037
kan_V0-fosls,10.056502561311465,0.004849307610629986,0.004532508514986485,0.0055384611409756935
kan_V0-fosls,10.25539627590695,0.004704041700858769,0.004353537531542497,0.005488481759703327
kan_V0-fosls,10.454289990502435,0.0045290945929501066,0.0041668866841652035,0.005437798198661033
kan_V0-fosls,10.65318370509792,0.004396955183913002,0.0040528361625220945,0.005207872629853237
kan_V0-fosls,10.852077419693405,0.004294638375861861,0.003947965066164016,0.004967315714567351
kan_V0-fosls,11.050971134288892,0.004161436947718367,0.0038402311606277116,0.004766968084705908
kan_V0-fosls,11.249864848884377,0.004037664627332188,0.0037293863530694546,0.004832445143375446
kan_V0-fosls,11.448758563479862,0.003919050919188354,0.0036151445024874616,0.004897046804642688
kan_V0-fosls,11.647652278075347,0.003796657004392112,0.0034971727119588966,0.004960807267974578
kan_V0-fosls,11.846545992670833,0.0036863836847220548,0.0033876665547536234,0.00495153622290192
kan_V0-fosls,12.045439707266318,0.0038521969463587453,0.003306999509673502,0.004827577883223227
kan_V0-fosls,12.244333421861803,0.0039788708079696155,0.0032243149392956762,0.004700351632640081
kan_V0-fosls,12.443227136457288,0.003846194931877745,0.0031394534394619993,0.004569584524039195
kan_V0-fosls,12.642120851052773,0.0036902808657241336,0.0030522334395216683,0.0044836548287084865
kan_V0-fosls,12.84101456564826,0.0035274233705296434,0.0029624466307629524,0.004652560990610878
kan_V0-fosls,13.039908280243745,0.003429622992505159,0.0028698521061029025,0.004815546378107805
kan_V0-fosls,13.23880199483923,0.0033524029609905783,0.002797445681056053,0.004687340755076154
kan_V0-fosls,13.437695709434715,0.003317776040065449,0.0027332647391362487,0.00444304811301621
kan_V0-fosls,13.636589424030202,0.003311763660699422,0.0026675400521738984,0.00418451785931855
kan_V0-fosls,13.835483138625687,0.0033343329506351767,0.002600154558040407,0.003908926053960974
kan_V0-fosls,14.034376853221172,0.0032520051613108766,0.0025309756066475013,0.0036435483907951527
kan_V0-fosls,14.233270567816657,0.0031558079154067158,0.002459851889279326,0.0034727670016643447
kan_V0-fosls,14.432164282412142,0.002891470791908132,0.0023924320478881183,0.0034734201050509975
kan_V0-fosls,14.631057997007629,0.0029914816632407564,0.0023750654377728045,0.0034526277177950736
kan_V0-fosls,14.829951711603114,0.003088254018493415,0.002357570903206033,0.0035496945281686004
kan_V0-fosls,15.028845426198599,0.0031534581618147175,0.0023399455749193187,0.003644176769715403
kan_V0-fosls,15.227739140794084,0.0031845495477638534,0.0023221864747528975,0.003736270522132555
kan_V0-fosls,15.42663285538957,0.003197558980662706,0.0023042905097808474,0.0038261482590432857
kan_V0-fosls,15.625526569985055,0.0031551110185895656,0.00228625446602229,0.00391396264491669
kan_V0-fosls,15.82442028458054,0.003064024094234669,0.002331406239796248,0.0038154950729150307
kan_V0-fosls,16.023313999176025,0.002939646020473281,0.0023553134680724852,0.003655447265786196
kan_V0-fosls,16.22220771377151,0.0028742799267078654,0.002289141178709214,0.003667616257134984
kan_V0-fosls,16.421101428366995,0.002779309514701275,0.0022209982303551664,0.0036797450056026827
kan_V0-fosls,16.61999514296248,0.0026864903479709755,0.002150697315388512,0.0036918339078180294
kan_V0-fosls,16.818888857557965,0.002576722259339229,0.0020780194285901,0.0037038833539370535
kan_V0-fosls,17.01778257215345,0.002459265590666535,0.002025349519597875,0.0037158937277899985
kan_V0-fosls,17.21667628674894,0.0024733181353458183,0.0021547478566763924,0.003529948580531268
kan_V0-fosls,17.415570001344424,0.002494655583929387,0.002212739594265155,0.003388058470979591
kan_V0-fosls,17.61446371593991,0.0024809254363329925,0.0022317830221822766,0.003239960404751641
kan_V0-fosls,17.813357430535394,0.002503334295904394,0.0021675730476007336,0.0030847603871192765
kan_V0-fosls,18.01225114513088,0.0026074157907023474,0.002101402002299705,0.0029213267307033838
kan_V0-fosls,18.211144859726364,0.002536330014664084,0.002033078413109855,0.0029903418455505607
kan_V0-fosls,18.41003857432185,0.0026611918618991313,0.001992232661999592,0.0030317634313904366
kan_V0-fosls,18.608932288917337,0.002584257884675252,0.0019779328096474445,0.004099355533476845
kan_V0-fosls,18.807826003512822,0.0025218100787703594,0.00196352881807772,0.004949522462534398
kan_V0-fosls,19.006719718108307,0.002422670020147823,0.001949018378405792,0.005673696275305713
kan_V0-fosls,19.205613432703792,0.002400449542846623,0.001919172942222171,0.006315369050317112
kan_V0-fosls,19.404507147299277,0.00239348871763753,0.0018789541763345936,0.0068976041535440845
kan_V0-fosls,19.603400861894762,0.0023850456546628575,0.0018031672525780059,0.007434379589197336
kan_V0-fosls,19.802294576490247,0.0024295441325655753,0.0019212913617077383,0.006974688904908339
kan_V0-fosls,20.001188291085732,0.0025341431283564227,0.0019835580286736557,0.006402114944676044
kan_V0-fosls,20.200082005681217,0.002446307419888399,0.001937640685972375,0.005773029205662934
kan_V0-fosls,20.398975720276702,0.0023715704837766003,0.0018906084742101612,0.005066424444717406
kan_V0-fosls,20.59786943487219,0.002384847334771113,0.001842376014166231,0.004243753892324909
kan_V0-fosls,20.796763149467676,0.002441293487222674,0.0017928464385983608,0.003938424919600732
kan_V0-fosls,20.99565686406316,0.002365479362384757,0.0017279848658736914,0.0040137465726610855
kan_V0-fosls,21.194550578658646,0.002350351936725196,0.0017579668817991024,0.0037894737448129906
kan_V0-fosls,21.39344429325413,0.0023841636988639523,0.001787446060253679,0.0035510647664757354
kan_V0-fosls,21.592338007849616,0.0024164794771920324,0.0018164468831018258,0.0035180031245238786
kan_V0-fosls,21.7912317224451,0.00243475115020426,0.0018449919078262315,0.0037686629856506235
kan_V0-fosls,21.990125437040586,0.002421596545959864,0.0018226964984521894,0.004003660252152568
kan_V0-fosls,22.18901915163607,0.002359200672959272,0.001715859432751113,0.004225608847245526
kan_V0-fosls,22.38791286623156,0.0023527209025194216,0.0017975355530068455,0.004074675871988511
kan_V0-fosls,22.586806580827044,0.002400336138613945,0.0019284990332110793,0.003806385340035258
kan_V0-fosls,22.78570029542253,0.0024469890548839053,0.0019662571105961606,0.0035176917505525293
kan_V0-fosls,22.984594010018014,0.002492737526168393,0.0019870373257630607,0.0032030830690094993
kan_V0-fosls,23.1834877246135,0.0024804564281470693,0.002007602461390519,0.0028969949821310175
kan_V0-fosls,23.382381439208984,0.0024271013455598118,0.0020176015590067514,0.0029408771506761245
kan_V0-fosls,23.58127515380447,0.0024682774914316814,0.0019814832740837774,0.0029541052204422537
kan_V0-fosls,23.780168868399954,0.0024845089321239022,0.002004171652135386,0.0029171149574328667
kan_V0-fosls,23.97906258299544,0.002439002683736806,0.0020266060438507527,0.002882061384225294
kan_V0-fosls,24.177956297590928,0.002358825012680999,0.0020487947927310137,0.002846576183770018
kan_V0-fosls,24.376850012186413,0.0023660021876829845,0.0020655633783471044,0.002810643007849047
kan_V0-fosls,24.575743726781898,0.0023579275670632728,0.001873235597685503,0.0027742444494194816
kan_V0-fosls,24.774637441377383,0.0023161689072034412,0.0016587559009401066,0.002755813975255447
kan_V0-fosls,24.973531155972868,0.002327218551520397,0.0015658526179784572,0.002714068641570046
kan_V0-fosls,25.172424870568353,0.002335442523405464,0.001639413022081223,0.0026494284024018316
kan_V0-fosls,25.371318585163838,0.0022539606567245326,0.0017098115956762573,0.0026033606152420776
kan_V0-fosls,25.570212299759323,0.002278231036130656,0.001777424071078281,0.0026428194287335567
kan_V0-fosls,25.769106014354808,0.002300802659098952,0.0017464583666042446,0.002720038571805482
kan_V0-fosls,25.967999728950296,0.00225013459396756,0.0016251097622293593,0.002795125244300809
kan_V0-fosls,26.16689344354578,0.002237083642299009,0.0014683233341121916,0.0028798159113656314
kan_V0-fosls,26.365787158141266,0.0021591455191035096,0.0014594669802652344,0.0031014523183863847
kan_V0-fosls,26.56468087273675,0.002092690439101124,0.0014262985384841682,0.0033082734595395675
kan_V0-fosls,26.763574587332236,0.002038142385882808,0.0013923401794387843,0.003502904520960215
kan_V0-fosls,26.96246830192772,0.001981840212859429,0.0013575326256400535,0.003687276350212055
kan_V0-fosls,27.161362016523206,0.0019243621836588709,0.0013218087925546303,0.003862858227103701
kan_V0-fosls,27.36025573111869,0.0018648374032269165,0.0012850922684664637,0.004030798988112948
kan_V0-fosls,27.559149445714176,0.0018237269742150352,0.001300389966932856,0.003982872249068372
kan_V0-fosls,27.758043160309665,0.00181150152050222,0.001388174671401182,0.00371386436693813
kan_V0-fosls,27.95693687490515,0.001884875577198285,0.0014537444792054337,0.003423785291110791
kan_V0-fosls,28.155830589500635,0.0018911020779102828,0.0014753652508283752,0.003106738306204829
kan_V0-fosls,28.35472430409612,0.0018812142862309803,0.001496673723923645,0.0027534233395637322
kan_V0-fosls,28.553618018691605,0.0018709777997329658,0.0014390446782215139,0.002676322996527292
kan_V0-fosls,28.75251173328709,0.0018087611708967042,0.0013697697672143112,0.00270587272852539
kan_V0-fosls,28.951405447882575,0.0018198587567130283,0.0014268983716647257,0.0026356930855040463
kan_V0-fosls,29.15029916247806,0.0019266708033733066,0.0014908403008274322,0.0025322712804363005
kan_V0-fosls,29.349192877073545,0.001937430994582815,0.00155215032844213,0.0024244417160392126
kan_V0-fosls,29.548086591669033,0.0019464534797694008,0.0015321262047855876,0.0024383950712755903
kan_V0-fosls,29.74698030626452,0.0019537909796250672,0.0014928677816012151,0.0026283291106224734
kan_V0-fosls,29.945874020860003,0.0018952606114943898,0.0014525486977362166,0.0028054335322495083
kan_V0-fosls,30.14476773545549,0.001898572847523424,0.0014880684914628836,0.0029475159221236977
kan_V0-fosls,30.343661450050973,0.00199856750939262,0.001612010107953941,0.0028940462209127095
kan_V0-fosls,30.54255516464646,0.001983181320224893,0.00160742080115752,0.0030388798734066625
kan_V0-fosls,30.741448879241943,0.001968664492481669,0.001582108912991196,0.0032017161766686925
kan_V0-fosls,30.94034259383743,0.0020011821976244543,0.0015563854256380337,0.0033566623403148378
kan_V0-fosls,31.139236308432913,0.002055415262563474,0.0015302295820270836,0.00350476499323903
kan_V0-fosls,31.338130023028402,0.002140990203977067,0.0015036188194762266,0.00364685799679391
kan_V0-fosls,31.537023737623887,0.0021823800982317012,0.0015426712496091311,0.003537149633844993
kan_V0-fosls,31.735917452219372,0.002153107839671505,0.0016525764861397348,0.0033075949121778125
kan_V0-fosls,31.934811166814857,0.0020706800352218928,0.0016084623016131981,0.003060872534738964
kan_V0-fosls,32.13370488141034,0.001961156391310164,0.0015123255840705217,0.0027924357190048515
kan_V0-fosls,32.33259859600582,0.001871140854515417,0.0014096476044592337,0.002700231714619359
kan_V0-fosls,32.53149231060131,0.0016815135689113435,0.0012988780024625363,0.0028017744935971227
kan_V0-fosls,32.73038602519679,0.0015760965460153496,0.0011817272104942302,0.0028187417387435646
kan_V0-fosls,32.92927973979228,0.0016411656271097764,0.0012078074857804144,0.0026425866976245273
kan_V0-fosls,33.12817345438777,0.0016534916220527578,0.0012216772729746563,0.002453818232711845
kan_V0-fosls,33.327067168983255,0.0015966403265475053,0.0012353913533364152,0.002249262853451347
kan_V0-fosls,33.52596088357874,0.0015233674997023542,0.0012489548560672501,0.002315542817892648
kan_V0-fosls,33.724854598174225,0.0014414739106747164,0.001259529478484339,0.0024537809823051843
kan_V0-fosls,33.92374831276971,0.0014476296443291954,0.0011967363413049141,0.002584636082072477
kan_V0-fosls,34.122642027365195,0.001392625718678132,0.0011268553558086522,0.002557822341664719
kan_V0-fosls,34.32153574196068,0.0013759925058153466,0.0011373656638893526,0.002444776628603277
kan_V0-fosls,34.520429456556165,0.0013926121971261913,0.001147779732298097,0.002326243838468019
kan_V0-fosls,34.71932317115165,0.0014012089851623583,0.0011581001573068342,0.00220133778149925
kan_V0-fosls,34.918216885747135,0.0013984137621291808,0.0011683294205120137,0.0020689044590076313
kan_V0-fosls,35.11711060034262,0.001406679084390136,0.0011784698958029268,0.001927392874519172
kan_V0-fosls,35.316004314938105,0.0014231699679815673,0.0011932011991659002,0.0017803296218573271
kan_V0-fosls,35.51489802953359,0.0014714913887727034,0.0012584762459993469,0.001721721214860057
kan_V0-fosls,35.713791744129075,0.001539841619724769,0.0012345013294163063,0.0017235439910523451
kan_V0-fosls,35.91268545872457,0.0015047591763478294,0.0011855926391326108,0.0017253648415584753
kan_V0-fosls,36.11157917332005,0.0014633925101692883,0.0011345775776033275,0.0018234118563021208
kan_V0-fosls,36.31047288791554,0.001501311092290081,0.0010811580149242943,0.0019303211537563504
kan_V0-fosls,36.50936660251102,0.0015539194564953502,0.0010249580610297408,0.002031612343823336
kan_V0-fosls,36.70826031710651,0.0015731188082312283,0.0010467580173907126,0.002063667021664802
kan_V0-fosls,36.90715403170199,0.0015607089566411839,0.001121767474805103,0.002027134568368637
kan_V0-fosls,37.10604774629748,0.0015471990420307343,0.0011920663522176523,0.00198993154159718
kan_V0-fosls,37.30494146089296,0.0015578738092068068,0.0012584443208375896,0.001952019600877911
kan_V0-fosls,37.50383517548845,0.0016160605995577761,0.001299584462130837,0.001946315678256359
kan_V0-fosls,37.70272889008393,0.0016715121481761142,0.0012788101736451783,0.001991879121011772
kan_V0-fosls,37.90162260467942,0.0017246215341934197,0.0012261334108243749,0.002036423371015651
kan_V0-fosls,38.1005163192749,0.001672495964900919,0.0011957348649036018,0.002144455461083369
kan_V0-fosls,38.29941003387039,0.001610333435259382,0.001172662642319773,0.002261672525338162
kan_V0-fosls,38.49830374846587,0.0015449859377156259,0.0011491272680772785,0.002373106824221934
kan_V0-fosls,38.69719746306136,0.0014786490063787316,0.0011250996772664665,0.002479538139748596
kan_V0-fosls,38.89609117765684,0.0014497395786792992,0.0010993622665692027,0.0025815853218065722
kan_V0-fosls,39.09498489225233,0.0014191816879396005,0.0010640638626927684,0.0026797492720525844
kan_V0-fosls,39.29387860684781,0.0014021479920513394,0.0010294798994112564,0.0027141892865412778
kan_V0-fosls,39.4927723214433,0.0014036727599810047,0.001033454299589512,0.002546657758091465
kan_V0-fosls,39.69166603603879,0.0014200944474852496,0.0010374134736874621,0.00236729972553528
kan_V0-fosls,39.890559750634274,0.0013862087141801442,0.0010413575953708335,0.0021731889573139767
kan_V0-fosls,40.08945346522976,0.0014034212623160371,0.001045286835028913,0.0019599470650666574
kan_V0-fosls,40.288347179825244,0.0014543640724908853,0.001049063783157335,0.0020820024748830507
kan_V0-fosls,40.48724089442073,0.0014506245037234327,0.0009694060817223387,0.002222982382481929
kan_V0-fosls,40.686134609016214,0.0014756053318690167,0.0009782333167347348,0.0021464355964546287
kan_V0-fosls,40.8850283236117,0.001542674661193124,0.0010202471150665211,0.0020091112074502155
kan_V0-fosls,41.083922038207184,0.0015436372284243429,0.001060597911384554,0.001861684698888775
kan_V0-fosls,41.28281575280267,0.0015440974084786415,0.0010994688187779575,0.001888317423118617
kan_V0-fosls,41.481709467398154,0.00151162325650864,0.0011370116258406138,0.001992548071207107
kan_V0-fosls,41.68060318199364,0.0014834457810361827,0.001166071891754479,0.00212550347679884
kan_V0-fosls,41.879496896589124,0.0014557975690943459,0.0010369052465887083,0.0022506181914524618
kan_V0-fosls,42.07839061118461,0.001454984033028345,0.0010296382648444184,0.0021931323752116694
kan_V0-fosls,42.277284325780094,0.0014911187395960715,0.0010223196283259258,0.0020694161226933487
kan_V0-fosls,42.47617804037558,0.0014719992399753014,0.0010149482196097955,0.001937817473996136
kan_V0-fosls,42.675071754971064,0.0014398351944737236,0.0010075228803941517,0.0017966051419792718
kan_V0-fosls,42.87396546956655,0.0014119775364171065,0.001000042409373904,0.001682714581296218
kan_V0-fosls,43.072859184162034,0.001330897994488471,0.0009925055599718307,0.001726475832690073
kan_V0-fosls,43.271752898757526,0.0012440280538857976,0.0009525575582214224,0.0017010122155035976
kan_V0-fosls,43.47064661335301,0.001317340832924029,0.0009887849025557844,0.0016408956906089447
kan_V0-fosls,43.669540327948496,0.0013450018596660885,0.0010237310512628529,0.0016890143496303815
kan_V0-fosls,43.86843404254398,0.0012924286149700193,0.0010575230243910715,0.0017357996079777399
kan_V0-fosls,44.067327757139466,0.001234002174901765,0.0010409206030316726,0.0017813565294050517
kan_V0-fosls,44.26622147173495,0.0011601750450580164,0.001012597110657565,0.0018986578047637645
kan_V0-fosls,44.465115186330436,0.0011204553288168841,0.0009834582427374725,0.0019958871608907864
kan_V0-fosls,44.66400890092592,0.0011597057381000854,0.0009894262392796276,0.0019285006430309946
kan_V0-fosls,44.862902615521406,0.001198472703585048,0.0010048176095402122,0.0018586726181157444
kan_V0-fosls,45.06179633011689,0.0012353041479335255,0.0010199767516513236,0.0017861167578004278
kan_V0-fosls,45.260690044712376,0.0012708172176301251,0.0010349138705110998,0.0017104859671034393
kan_V0-fosls,45.45958375930786,0.0012410416184621925,0.0010496384448196172,0.0016313526334977562
kan_V0-fosls,45.658477473903346,0.001204710294144866,0.0010641592974317444,0.0015481797653962347
kan_V0-fosls,45.85737118849883,0.0012238203666960603,0.0010770137990120082,0.0015231514929272467
kan_V0-fosls,46.056264903094316,0.0012901945964122626,0.001087331931080578,0.0015541395481604812
kan_V0-fosls,46.2551586176898,0.0013626345909112003,0.001096974370261029,0.001584521694362822
kan_V0-fosls,46.454052332285286,0.0014413592468317965,0.0011065327874363884,0.0016143321419882564
kan_V0-fosls,46.65294604688077,0.001502570426683705,0.0011160093415083518,0.0016436019984796674
kan_V0-fosls,46.85183976147626,0.0015461825543383605,0.0010755326389762995,0.0017067811206822863
kan_V0-fosls,47.05073347607175,0.0015603496378119976,0.0009716174815896536,0.0017936219140924207
kan_V0-fosls,47.24962719066723,0.0015770662566068922,0.0009832530006890505,0.0017797730325526298
kan_V0-fosls,47.44852090526272,0.0015073553144253414,0.0010127475641027125,0.0018366860773711756
kan_V0-fosls,47.6474146198582,0.0014719207413379867,0.0010414071220363021,0.0019783930106971387
kan_V0-fosls,47.84630833445369,0.0014682663862172801,0.0010692988165428266,0.0021106070365516797
kan_V0-fosls,48.04520204904917,0.0014066611817722232,0.0010964812466667385,0.0022350134721534983
kan_V0-fosls,48.24409576364466,0.0013938470077849957,0.0011230059169584996,0.002352851116979952
kan_V0-fosls,48.44298947824014,0.001339549003584483,0.0010739700062019786,0.00237552405027645
kan_V0-fosls,48.64188319283563,0.0012765073284757428,0.0010751105494616582,0.0022184250829259586
kan_V0-fosls,48.84077690743111,0.0012625815838030728,0.0010762498840446019,0.0020493182241097317
kan_V0-fosls,49.0396706220266,0.0012741066188361877,0.0010773880137853256,0.0018649398163966258
kan_V0-fosls,49.23856433662208,0.001262059924995794,0.001047762258697993,0.001660209581316376
kan_V0-fosls,49.43745805121757,0.0012496432555610206,0.0009618773537844033,0.0014950523946240391
kan_V0-fosls,49.63635176581305,0.0011692839102181302,0.0008675311733273063,0.001552946503914811
kan_V0-fosls,49.83524548040854,0.0011355451199665174,0.0008968609842524784,0.0015096884784840284
kan_V0-fosls,50.03413919500402,0.0011852779341773607,0.0008874561007615551,0.001464757238322875
kan_V0-fosls,50.23303290959951,0.0012044297609494709,0.0008779504749605656,0.001474808656512815
kan_V0-fosls,50.431926624195,0.0011998209415148252,0.0008683407984127324,0.0014847920323840017
kan_V0-fosls,50.630820338790485,0.0012100339640866856,0.0008586235775312957,0.0014947087293305317
kan_V0-fosls,50.82971405338597,0.0012204844632558672,0.0008487951187402175,0.0015045600658141805
kan_V0-fosls,51.028607767981455,0.0012142966913190375,0.0008544042622996172,0.0015137789033933628
kan_V0-fosls,51.22750148257694,0.0012207158426323652,0.0009321484758175006,0.001464777539011732
kan_V0-fosls,51.426395197172425,0.001230305654167005,0.0009975326626261666,0.0014140791736065275
kan_V0-fosls,51.62528891176791,0.0012036125210968974,0.0009874198427703145,0.0013614942451814383
kan_V0-fosls,51.824182626363395,0.001148060605940433,0.0009757261474460128,0.0013097269724173242
kan_V0-fosls,52.02307634095888,0.0011571638281336384,0.0009638905973828794,0.0013490889445064694
kan_V0-fosls,52.221970055554365,0.0011395347671776823,0.0008825709202438444,0.0013873345732380883
kan_V0-fosls,52.42086377014985,0.0011498382698716383,0.0008469135962411848,0.0014083670692999523
kan_V0-fosls,52.619757484745335,0.001176306949978769,0.000845601339796845,0.0013832125995827127
kan_V0-fosls,52.81865119934082,0.0011364965111712254,0.0008442870437441653,0.0015184515124588062
kan_V0-fosls,53.017544913936305,0.001113338948722141,0.0008140778542187154,0.0016649162576569084
kan_V0-fosls,53.21643862853179,0.0011066759785168091,0.0007732338111352732,0.0017994991787528367
kan_V0-fosls,53.415332343127275,0.0010987128969603762,0.0007301084170424353,0.0019246943766878892
kan_V0-fosls,53.61422605772276,0.0010933955570560793,0.0006942496298576348,0.0020422290745594216
kan_V0-fosls,53.813119772318245,0.0011252316895731026,0.0008839805781476641,0.0020182394416878
kan_V0-fosls,54.01201348691373,0.0011541716273360662,0.0009038921815263649,0.0019260922686555925
kan_V0-fosls,54.21090720150922,0.001156453291994829,0.0009177423847558705,0.0018293092714916736
kan_V0-fosls,54.40980091610471,0.001167586988047323,0.0009067863614012097,0.001727111285978979
kan_V0-fosls,54.60869463070019,0.001195292175803695,0.0008818576582517478,0.0016184728535092972
kan_V0-fosls,54.80758834529568,0.0012207896673684026,0.0008562034533983542,0.0015095089375245074
kan_V0-fosls,55.00648205989116,0.0011894259566258814,0.0008567008215098727,0.0015309503436908983
kan_V0-fosls,55.20537577448665,0.0011591234093577306,0.0009255222677299416,0.0017262360781875698
kan_V0-fosls,55.40426948908213,0.0011510524416375604,0.000989568915514355,0.001907582345627271
kan_V0-fosls,55.60316320367762,0.0011486439316128372,0.0010497151085130383,0.0020731256143951527
kan_V0-fosls,55.8020569182731,0.0011710050994890014,0.001045551453914669,0.0022263937703770466
kan_V0-fosls,56.00095063286859,0.001164737678610142,0.0010356798122439696,0.0023697697416597586
kan_V0-fosls,56.19984434746407,0.0012087880992813407,0.0009718996740931023,0.0025005238505310364
kan_V0-fosls,56.39873806205956,0.0012227641481825043,0.0009364831738559969,0.0023357816041269792
kan_V0-fosls,56.59763177665504,0.0011663605792879665,0.0009808449680846283,0.002158502230084891
kan_V0-fosls,56.79652549125053,0.0010952546763966131,0.0009748894513708663,0.001965295919800601
kan_V0-fosls,56.99541920584601,0.001066399186614247,0.0009687547485315323,0.0017508981202481008
kan_V0-fosls,57.1943129204415,0.0010891355016360153,0.000934263825513271,0.0015062869589131335
kan_V0-fosls,57.39320663503698,0.001087496539345701,0.0008425645640500279,0.0012785537076764593
kan_V0-fosls,57.59210034963247,0.0010689930609438256,0.0007840054899362908,0.0012884993374558372
kan_V0-fosls,57.79099406422796,0.0010649264710601756,0.0007943459240348517,0.0012738570284528236
kan_V0-fosls,57.989887778823444,0.001043095997539112,0.000795709205249042,0.001372697128609754
kan_V0-fosls,58.18878149341893,0.0010203353373780754,0.0007970701547576233,0.001494658628594731
kan_V0-fosls,58.387675208014414,0.0010207799253519271,0.0007984287844840145,0.0016073927414206833
kan_V0-fosls,58.5865689226099,0.0010434679317661414,0.0007997851062503606,0.0017127225211081678
kan_V0-fosls,58.785462637205384,0.001040126165492357,0.0007693318957365584,0.001811939690897668
kan_V0-fosls,58.98435635180087,0.0010206506070015724,0.000757013443146483,0.0017312745724231198
kan_V0-fosls,59.183250066396354,0.000997848937723007,0.0007842843687088278,0.0016182383346309663
kan_V0-fosls,59.38214378099184,0.0009980155817374992,0.0008076923616387762,0.0014966893365757467
kan_V0-fosls,59.581037495587324,0.0010088746592223016,0.0008032904612257192,0.0013643542915129834
kan_V0-fosls,59.77993121018281,0.0010190808430381565,0.0007988643058385034,0.0013976911405761318
kan_V0-fosls,59.978824924778294,0.0009975590420626317,0.0007944134900600813,0.0014535769499518926
kan_V0-fosls,60.17771863937378,0.0009733004269080006,0.0007862767670545142,0.0014912280217685076
kan_V0-fosls,60.376612353969264,0.0010434024530813673,0.0007589567021071993,0.001407675910881678
kan_V0-fosls,60.57550606856475,0.0010446462640397833,0.0007449061052554804,0.0013188411304040784
kan_V0-fosls,60.774399783160234,0.0010645367902364063,0.0007305853376713369,0.0013624944666532975
kan_V0-fosls,60.97329349775572,0.001089867445921306,0.0007159781879315836,0.0014711992187322514
kan_V0-fosls,61.172187212351204,0.001056717678649332,0.0007010667554286445,0.0015724067892043461
kan_V0-fosls,61.371080926946696,0.0010364109206652276,0.0006858311931814553,0.0016674828575650982
kan_V0-fosls,61.56997464154218,0.0010340847530553995,0.0006702493979961126,0.0016265918073586699
kan_V0-fosls,61.768868356137666,0.0010199662358851159,0.0007077871367618623,0.00160120309279503
kan_V0-fosls,61.96776207073315,0.0010248885267453295,0.0007468133945334089,0.0015816070503158913
kan_V0-fosls,62.166655785328636,0.0010429811519745342,0.0007838991399047909,0.0015617651484270926
kan_V0-fosls,62.36554949992412,0.0010688868765491729,0.0008193079255276545,0.0015416678942217301
kan_V0-fosls,62.564443214519606,0.001058942966894398,0.0008270384906759043,0.001556120886172838
kan_V0-fosls,62.76333692911509,0.0010662746517554325,0.0007606342980057786,0.001617386996429195
kan_V0-fosls,62.962230643710576,0.001057733971127557,0.0007689957581591374,0.001562485786609171
kan_V0-fosls,63.16112435830606,0.0010631451966757414,0.0007772672750288343,0.0014823638669578464
kan_V0-fosls,63.360018072901546,0.0011046092390008498,0.0007854516901724462,0.0013976564079804308
kan_V0-fosls,63.55891178749703,0.0010755619185914998,0.000793551698604921,0.0013074724606947944
kan_V0-fosls,63.757805502092516,0.0010185347101230222,0.000801569859165599,0.0013615604326728172
kan_V0-fosls,63.956699216688,0.0010129112764354447,0.0008095086039609221,0.0014460840073579836
kan_V0-fosls,64.15559293128348,0.0009927652729500996,0.0008144829712687493,0.0015259328624984954
kan_V0-fosls,64.35448664587898,0.0009720141529449755,0.0008169186874945436,0.0015004108248188677
kan_V0-fosls,64.55338036047445,0.0009506585887840667,0.0008193471629711332,0.0014405783719004196
kan_V0-fosls,64.75227407506995,0.0009347945442763318,0.0008162454642888728,0.001378150734840303
kan_V0-fosls,64.95116778966543,0.0009427755054018885,0.0007847207551183298,0.001312757727189021
kan_V0-fosls,65.15006150426092,0.0009254650494781504,0.000751875434533411,0.0012439317717013664
kan_V0-fosls,65.3489552188564,0.0009077480055758384,0.0007175281698972729,0.001171067741423064
kan_V0-fosls,65.54784893345189,0.0009132211589849689,0.0007090502280692698,0.001125536069649666
kan_V0-fosls,65.74674264804737,0.000940041240769103,0.0007044149871460973,0.0010953477223669464
kan_V0-fosls,65.94563636264286,0.0009439986332598232,0.0006997490423766146,0.001064303444374064
kan_V0-fosls,66.14453007723834,0.0009247785185650256,0.0006950517754080929,0.001032326019491195
kan_V0-fosls,66.34342379183383,0.0009050063684876725,0.000690322546849583,0.0010553851189854027
kan_V0-fosls,66.54231750642931,0.000891913128798486,0.0006855606952559689,0.0010844934403004237
kan_V0-fosls,66.7412112210248,0.0008801626534487399,0.0006971679523937946,0.0011128406421107488
kan_V0-fosls,66.94010493562028,0.0008678695881896526,0.0007447808510503089,0.001076971579658682
kan_V0-fosls,67.13899865021577,0.0008678539285953968,0.0007595981400135663,0.0010756464696637575
kan_V0-fosls,67.33789236481125,0.0008670514806586968,0.0007632434312774447,0.0010808635893269328
kan_V0-fosls,67.53678607940674,0.000890303995401546,0.0007668713949967528,0.0010860556476374938
kan_V0-fosls,67.73567979400222,0.0008964227390114933,0.0007466157805641772,0.0010912230023225737
kan_V0-fosls,67.93457350859771,0.0008838091380877071,0.0007044099756991451,0.0010963660026790721
kan_V0-fosls,68.1334672231932,0.0009134653701564423,0.0007058454179559682,0.001088548186729268
kan_V0-fosls,68.33236093778868,0.000928716184414362,0.0007490298225489456,0.00105183017693852
kan_V0-fosls,68.53125465238416,0.0009077619048735975,0.0007200866540182566,0.001090847622811167
kan_V0-fosls,68.73014836697965,0.0009004855017199933,0.0006899303613573706,0.0011797592274406057
kan_V0-fosls,68.92904208157513,0.0009155948552865506,0.0006583942722641317,0.001262424307936811
kan_V0-fosls,69.12793579617062,0.0009150033155488063,0.0006252696474143928,0.0013399994148536847
kan_V0-fosls,69.3268295107661,0.0009303186319639964,0.0005902891208596196,0.0014014165760991195
kan_V0-fosls,69.52572322536159,0.0009410087757839357,0.000618057858537791,0.0013156292204429074
kan_V0-fosls,69.72461693995707,0.0009336325920878032,0.0006671464885043273,0.001223843156454717
kan_V0-fosls,69.92351065455256,0.0009676810367308774,0.0007128627902668151,0.0011245905466074654
kan_V0-fosls,70.12240436914804,0.000963704337484671,0.0007558189454957608,0.0011047644476270405
kan_V0-fosls,70.32129808374353,0.0009156204921455973,0.0007291013653458193,0.001185745958129289
kan_V0-fosls,70.52019179833903,0.0008744690613906993,0.0006648194832346307,0.0012627106121770398
kan_V0-fosls,70.71908551293451,0.0008818505755240175,0.0006241666797411949,0.001305642827656087
kan_V0-fosls,70.91797922753,0.0008782184207862109,0.0006483541729019053,0.0012973518925742452
kan_V0-fosls,71.11687294212548,0.0008732096402269496,0.0006716712163994229,0.0012890076310566084
kan_V0-fosls,71.31576665672097,0.0008514762705392561,0.0006769497282664278,0.001280609000701761
kan_V0-fosls,71.51466037131645,0.000814717230628979,0.0006785956366363129,0.0012721549246984647
kan_V0-fosls,71.71355408591194,0.0008059069077591766,0.0006802375625645025,0.001263644290214121
kan_V0-fosls,71.91244780050742,0.0007847164971833045,0.0006053441322972573,0.001255075946684878
kan_V0-fosls,72.11134151510291,0.000767159502943627,0.0006235248179449831,0.0011953207310731126
kan_V0-fosls,72.31023522969839,0.0007463154097794353,0.0006411902047598116,0.001118150652430052
kan_V0-fosls,72.50912894429388,0.00073405044079245,0.0006583817728085536,0.0010352439871481225
kan_V0-fosls,72.70802265888936,0.0007340478018870013,0.0006751357188396558,0.000990870238683308
kan_V0-fosls,72.90691637348485,0.0007404219074830952,0.0006352792004128841,0.0010474134228587132
kan_V0-fosls,73.10581008808033,0.0007337685147204688,0.0005916465688788436,0.0011010567318993582
kan_V0-fosls,73.30470380267582,0.0007463233933023615,0.0005578230530887777,0.0011522052661471327
kan_V0-fosls,73.5035975172713,0.0007668237805830725,0.0006250562220476852,0.0011530582148573405
kan_V0-fosls,73.70249123186679,0.0007716419047965148,0.0006804007722463921,0.001124940593772961
kan_V0-fosls,73.90138494646227,0.0007764280682907089,0.0007079888349245575,0.0012213008140481941
kan_V0-fosls,74.10027866105776,0.0008004284020266256,0.0006965915931604285,0.0013533681162921883
kan_V0-fosls,74.29917237565324,0.0008443775946176496,0.0006850047481191173,0.0014736467819656616
kan_V0-fosls,74.49806609024873,0.0008861237161511711,0.0006732185100171318,0.0015848231503228474
kan_V0-fosls,74.69695980484421,0.0009108217384199552,0.0006858701458620012,0.0015668755416539631
kan_V0-fosls,74.8958535194397,0.0008954989641844825,0.0007338544544471125,0.0014755502183072474
kan_V0-fosls,75.09474723403518,0.0008749409506737388,0.0007125193854887445,0.001378186464329022
kan_V0-fosls,75.29364094863067,0.0008608706533090067,0.0006838875381301575,0.0012733999427410447
kan_V0-fosls,75.49253466322615,0.0008813950592408884,0.0006540034058949519,0.0011591794071178375
kan_V0-fosls,75.69142837782164,0.0008914348507539044,0.000622686714997732,0.0010323983638108045
kan_V0-fosls,75.89032209241712,0.0008764674143423913,0.0006034360030823469,0.001024189864267987
kan_V0-fosls,76.08921580701261,0.0008590358938479388,0.0006361233814507687,0.0010389360683213309
kan_V0-fosls,76.28810952160809,0.0008409761639629101,0.0006672112881544513,0.001053244671049645
kan_V0-fosls,76.48700323620358,0.0008262829473823067,0.0006969138036034904,0.0010673614758505972
kan_V0-fosls,76.68589695079906,0.0008433839371837855,0.000718390768798241,0.0010812939947883993
kan_V0-fosls,76.88479066539455,0.0008443601064385049,0.000664356952940722,0.0010950492619973518
kan_V0-fosls,77.08368437999003,0.0008443169747886818,0.0006055204580745673,0.001130231434002613
kan_V0-fosls,77.28257809458552,0.0008366046680689272,0.0005889846162426318,0.0011030370318845185
kan_V0-fosls,77.481471809181,0.0008366092595553295,0.0006371384844347413,0.001040998569839447
kan_V0-fosls,77.68036552377649,0.0008086780205231312,0.0006682570484785789,0.0009756091889338803
kan_V0-fosls,77.87925923837199,0.0007690958485428688,0.0006600443692442248,0.0009129303278942555
kan_V0-fosls,78.07815295296747,0.0007537422683310405,0.0006454653849254351,0.0009442843343361924
kan_V0-fosls,78.27704666756296,0.0007386904374096881,0.0006305494087721227,0.0009746301988735928
kan_V0-fosls,78.47594038215844,0.000705899145708366,0.0006194942955700765,0.0010015975972708056
kan_V0-fosls,78.67483409675393,0.0007123046023901041,0.0006196243443317595,0.0009768310505384437
kan_V0-fosls,78.87372781134941,0.0007327004035929623,0.0006293941206132704,0.0009632096274249368
kan_V0-fosls,79.0726215259449,0.0007458963408775301,0.0006390145460289156,0.0010228431700073524
kan_V0-fosls,79.27151524054038,0.0007505079020382612,0.000648492267502497,0.0010791865058910317
kan_V0-fosls,79.47040895513587,0.0007680758087197767,0.0006578334530749551,0.001132730717586443
kan_V0-fosls,79.66930266973135,0.0007871254867840983,0.000667043838858068,0.0011838556679893467
kan_V0-fosls,79.86819638432684,0.000797587584949363,0.0006764002907824158,0.0012065920085373564
kan_V0-fosls,80.06709009892232,0.0007967471012366378,0.0006887246521613737,0.0011421683585061012
kan_V0-fosls,80.2659838135178,0.000800596392529466,0.0007008323191884588,0.0010738867925804987
kan_V0-fosls,80.46487752811329,0.0008171224387631977,0.0007053688155505083,0.0010009581047102523
kan_V0-fosls,80.66377124270878,0.000824612716894404,0.0006976444691904776,0.0009838242441523057
kan_V0-fosls,80.86266495730426,0.0008190669057745387,0.0006898336356202119,0.001021656779245929
kan_V0-fosls,81.06155867189975,0.0007708222634765915,0.0006819333429844412,0.0010581375174222273
kan_V0-fosls,81.26045238649523,0.0007732306036012025,0.0007041337242017031,0.0010460968934913296
kan_V0-fosls,81.45934610109072,0.0007809242822000701,0.0007025138895073067,0.000981692247890174
kan_V0-fosls,81.6582398156862,0.0007855559586164803,0.0006979586610798438,0.0009458620438189974
kan_V0-fosls,81.85713353028169,0.0007771448785317753,0.0006933735069946444,0.0010251566674110446
kan_V0-fosls,82.05602724487717,0.0007433424019890464,0.0006775501172290826,0.0010987435458455202
kan_V0-fosls,82.25492095947266,0.0006983652314981768,0.000641053263420418,0.0011677022592840413
kan_V0-fosls,82.45381467406814,0.0006951549795731616,0.0005574266449901058,0.0012078327071650778
kan_V0-fosls,82.65270838866363,0.0007270411924586598,0.0005632969273948631,0.001139468240529587
kan_V0-fosls,82.85160210325911,0.0007220267777657459,0.0005817904939251143,0.0010667314066124917
kan_V0-fosls,83.0504958178546,0.0007167925445746019,0.0005997140395478192,0.0009958537080266162
kan_V0-fosls,83.24938953245008,0.000711326123089269,0.0006110771096557357,0.001073512828926766
kan_V0-fosls,83.44828324704557,0.000705613458828724,0.0006028001628200041,0.0011459210181990445
kan_V0-fosls,83.64717696164105,0.0006922230790738502,0.0005944079732359242,0.0012140181901562769
kan_V0-fosls,83.84607067623654,0.0006824331836821343,0.0005948802339858779,0.0012156661176048063
kan_V0-fosls,84.04496439083202,0.0006945742776277423,0.0006111323889221249,0.0011563318578728568
kan_V0-fosls,84.2438581054275,0.0007227804992405327,0.0006269633966925292,0.001093783626486995
kan_V0-fosls,84.44275182002299,0.0007524842436973302,0.0006214904013122906,0.0010274346098951466
kan_V0-fosls,84.64164553461848,0.0007687963671032252,0.0006037958010457357,0.0009564941890308281
kan_V0-fosls,84.84053924921396,0.0007847692104755307,0.0005855667509324717,0.0009982073958199748
kan_V0-fosls,85.03943296380946,0.0007767639590297048,0.0005758097755533415,0.0010436333074789026
kan_V0-fosls,85.23832667840495,0.0007621557071572616,0.0005744277273228076,0.0010089991192095279
kan_V0-fosls,85.43722039300043,0.0007635406384139075,0.0005920514794286401,0.0009731330662616766
kan_V0-fosls,85.63611410759592,0.000782041511502887,0.0005989413808664618,0.0009358935338691588
kan_V0-fosls,85.8350078221914,0.0007467453823068818,0.0006057529208636197,0.0008971094965634638
kan_V0-fosls,86.03390153678689,0.0007299437529320783,0.0006124887138187849,0.000864096271873896
kan_V0-fosls,86.23279525138237,0.000709764598606674,0.000571175147494074,0.000896321245408493
kan_V0-fosls,86.43168896597786,0.0006965670513504427,0.0005827791618773558,0.0009162007470606121
kan_V0-fosls,86.63058268057334,0.0007062150441365374,0.0006367851154373064,0.0008857471965670428
kan_V0-fosls,86.82947639516883,0.000744089769996346,0.0006405974663621287,0.0008542086299835231
kan_V0-fosls,87.02837010976431,0.0007431009990497897,0.000610287259512432,0.0008351311116353087
kan_V0-fosls,87.2272638243598,0.0007444415319941151,0.0005783908404675943,0.0008919204982090999
kan_V0-fosls,87.42615753895528,0.0007446696584794521,0.0005446295893085739,0.0009453043830586588
kan_V0-fosls,87.62505125355077,0.000729991162602253,0.0005284451472120586,0.0009958305971068844
kan_V0-fosls,87.82394496814625,0.0007244594192984181,0.0005700313515702056,0.0009913782929053389
kan_V0-fosls,88.02283868274174,0.000727734054453615,0.0006087833850672474,0.0009430328940587909
kan_V0-fosls,88.22173239733722,0.0007283705766699839,0.0006452121186826217,0.0008920712745682901
kan_V0-fosls,88.4206261119327,0.0007177037202153627,0.0006404638857870985,0.0008380162758221873
kan_V0-fosls,88.61951982652819,0.000711704354260048,0.0006207656520534382,0.0008047237360260046
kan_V0-fosls,88.81841354112368,0.0007104170334639723,0.0005956504171234362,0.0007949456910713389
kan_V0-fosls,89.01730725571916,0.0006904974338799502,0.0005985549413719266,0.0007906020035940239
kan_V0-fosls,89.21620097031465,0.0007001091490002197,0.0006368204743946522,0.0007910434348279633
kan_V0-fosls,89.41509468491013,0.0006946480821278702,0.0006288454827100276,0.0008508896567011382
kan_V0-fosls,89.61398839950562,0.0006938763666985532,0.0006193659192895898,0.0009307162420347554
kan_V0-fosls,89.8128821141011,0.000684786284425108,0.0006067627827746054,0.001004217226746093
kan_V0-fosls,90.01177582869659,0.0006704513835124614,0.0005709183365829594,0.0010726936905752407
kan_V0-fosls,90.21066954329207,0.0006555826294592942,0.0005191545314525353,0.0011186800531019865
kan_V0-fosls,90.40956325788756,0.0006429415151044278,0.0005367787676182442,0.0010595667207506654
kan_V0-fosls,90.60845697248304,0.0006391947773137601,0.0005581317351560459,0.0009969544674840339
kan_V0-fosls,90.80735068707853,0.0006351558099544569,0.0005738578057098425,0.0009301369709620344
kan_V0-fosls,91.00624440167401,0.0006377501054301142,0.0005745372845373006,0.0008873862115572026
kan_V0-fosls,91.2051381162695,0.0006376801336484147,0.0005748052301689922,0.0008927805840451919
kan_V0-fosls,91.40403183086498,0.0006544173857806801,0.000545971494527057,0.0008981425577458757
kan_V0-fosls,91.60292554546047,0.0006647323884984353,0.0005236127361306996,0.0009034727095051258
kan_V0-fosls,91.80181926005595,0.0006685324038366502,0.0005475179950646057,0.0008936856026839102
kan_V0-fosls,92.00071297465144,0.0006819914670423071,0.0005704223105742389,0.0008609350490493363
kan_V0-fosls,92.19960668924692,0.0007143194933185919,0.0005924417860702782,0.0008286600410868411
kan_V0-fosls,92.39850040384242,0.0007526650168975539,0.0006136716771722734,0.0008276687899496339
kan_V0-fosls,92.5973941184379,0.0007682652973858986,0.0006174321836863969,0.0008612882991039642
kan_V0-fosls,92.79628783303339,0.0007645610947207008,0.000603208497223701,0.0008930132109698946
kan_V0-fosls,92.99518154762887,0.0007490244208030165,0.0005904884971905616,0.0008498417437313628
kan_V0-fosls,93.19407526222436,0.0007268064676735842,0.0005822351207508789,0.0008878138210339863
kan_V0-fosls,93.39296897681984,0.0007169704408516679,0.0005738630554036504,0.000930566838467109
kan_V0-fosls,93.59186269141533,0.0007023940868786892,0.0005653670284679111,0.000971440116986309
kan_V0-fosls,93.79075640601081,0.0006677281815965171,0.0005567413649083911,0.0010106617440697341
kan_V0-fosls,93.9896501206063,0.000628678981734941,0.0005479799429919685,0.0010484171025702416
kan_V0-fosls,94.18854383520178,0.0006198168838289619,0.0005390761434555452,0.0010848592908748505
kan_V0-fosls,94.38743754979727,0.0006368357016069294,0.0005447381519997522,0.0010326419742842374
kan_V0-fosls,94.58633126439275,0.0006735434737075558,0.0005501271878616385,0.0009661988702660365
kan_V0-fosls,94.78522497898824,0.0006858797448592039,0.0005496816249742614,0.000894835776415473
kan_V0-fosls,94.98411869358372,0.0006838170080309418,0.000549235700627822,0.0009662972213708456
kan_V0-fosls,95.18301240817921,0.0006788462997357693,0.0005487894139411987,0.00103314637523059
kan_V0-fosls,95.3819061227747,0.0006291378124656742,0.0005483427640296846,0.001095925428701788
kan_V0-fosls,95.58079983737018,0.0006204622414443112,0.0005547938204487934,0.0010617869479176334
kan_V0-fosls,95.77969355196566,0.0006260098828069092,0.0005390459915012659,0.0010021899188386813
kan_V0-fosls,95.97858726656115,0.000635377027719224,0.0005308904914722351,0.0009388172048250512
kan_V0-fosls,96.17748098115663,0.0006529631681094603,0.0005226077371391281,0.0008708449085394951
kan_V0-fosls,96.37637469575212,0.0006680015122181929,0.0005141915789856233,0.0007970972120029033
kan_V0-fosls,96.5752684103476,0.0006510267221420419,0.0005056353556484921,0.0007458313489962957
kan_V0-fosls,96.77416212494309,0.0006070061859327052,0.0004969318322102396,0.000740897034945875
kan_V0-fosls,96.97305583953857,0.0006085025160379623,0.0004908623884662425,0.0007245260446332591
kan_V0-fosls,97.17194955413406,0.0006275559167183051,0.0005314824577705831,0.000725591046331692
kan_V0-fosls,97.37084326872954,0.0006145967627578816,0.0005481879878493122,0.000781920545251083
kan_V0-fosls,97.56973698332503,0.0006082748554726427,0.0005433189027876132,0.0008605052323276122
kan_V0-fosls,97.76863069792051,0.0005884376301050962,0.0005256741574933802,0.0009324906276422542
kan_V0-fosls,97.967524412516,0.0005767788084765186,0.0005074162094241908,0.00099930390093209
kan_V0-fosls,98.16641812711148,0.0006023389941895796,0.0004991971048689005,0.001050340063388681
kan_V0-fosls,98.36531184170697,0.0006312430429284371,0.0005007772068231158,0.0010322630445963846
kan_V0-fosls,98.56420555630245,0.0006341762519754372,0.0005023523387400834,0.0010138637668441733
kan_V0-fosls,98.76309927089794,0.0006350053714735106,0.000503922547224969,0.0009951243551433737
kan_V0-fosls,98.96199298549342,0.0006217631574945916,0.0005054878781590819,0.0009760252182600479
kan_V0-fosls,99.16088670008891,0.0006150692336915456,0.0005070483767155166,0.0009565448087568261
kan_V0-fosls,99.3597804146844,0.0006072062521518586,0.0005086040873743644,0.0009366593380945347
kan_V0-fosls,99.5586741292799,0.0006013631649299292,0.0005406081648489861,0.000914300452783069
kan_V0-fosls,99.75756784387538,0.0006284604351482548,0.0005721487118058215,0.0008897788822787709
kan_V0-fosls,99.95646155847086,0.0006866930268386946,0.0005762582058700396,0.0008645620861101837
kan_V0-fosls,100.15535527306635,0.0006994460923430092,0.0005803386005118503,0.0008385873491349166
kan_V0-fosls,100.35424898766183,0.0006726108729252727,0.0005843905052749822,0.0008138650986993636
kan_V0-fosls,100.55314270225732,0.0006861343511208188,0.0005729504236545306,0.0008670438998322331
kan_V0-fosls,100.7520364168528,0.0006925871999741725,0.0005769408177341203,0.0009171443995313116
kan_V0-fosls,100.95093013144829,0.000696981964902095,0.0005816341265954124,0.0008875033906069022
kan_V0-fosls,101.14982384604377,0.000698656694515873,0.0005672777057225119,0.0008358384163023937
kan_V0-fosls,101.34871756063926,0.0006920446482400469,0.0005525483993273218,0.0008265367759164664
kan_V0-fosls,101.54761127523474,0.0007025864063127747,0.0005374155485176943,0.0008204960543282188
kan_V0-fosls,101.74650498983023,0.0006682482778127344,0.0005218440475639852,0.0008149323600382636
kan_V0-fosls,101.94539870442571,0.000655202364271101,0.0005057933848592245,0.0008540173061772745
kan_V0-fosls,102.1442924190212,0.0006666757718799714,0.0004982256543654374,0.0008214874873338798
kan_V0-fosls,102.34318613361668,0.0006758762635619116,0.0005045295605383899,0.00078761527692267
kan_V0-fosls,102.54207984821217,0.0006666547592846992,0.0005261179395209512,0.0007614859863617145
kan_V0-fosls,102.74097356280765,0.0006655266023382107,0.0005279420966554351,0.0008000517710620469
kan_V0-fosls,102.93986727740314,0.0006262184475148047,0.0005297599725876828,0.0008368421388372852
kan_V0-fosls,103.13876099199862,0.0006126339541440988,0.0005207231396673111,0.0008720818162810222
kan_V0-fosls,103.33765470659411,0.0006132824702101763,0.0004986227520596992,0.000882072616736672
kan_V0-fosls,103.5365484211896,0.0006280789287429028,0.0005012627923657784,0.000848044850686397
kan_V0-fosls,103.73544213578508,0.0006427857417234313,0.0005149925714286101,0.000812593401619006
kan_V0-fosls,103.93433585038056,0.0006413045590517145,0.0005229853712143236,0.0007755230518390674
kan_V0-fosls,104.13322956497605,0.0006396247970229946,0.0005308578419706313,0.0007527227569909486
kan_V0-fosls,104.33212327957153,0.0006452106680982744,0.0005386152599576507,0.0007650138188634443
kan_V0-fosls,104.53101699416702,0.0006538935597496101,0.0005462625267550204,0.0007771105051484035
kan_V0-fosls,104.7299107087625,0.0006621142443591652,0.0005602944896179871,0.0007683059505005179
kan_V0-fosls,104.92880442335799,0.0006562206019888798,0.0005747167117924998,0.0007381383286835932
kan_V0-fosls,105.12769813795347,0.0006484964094302251,0.0005658435861235828,0.0007066840531447645
kan_V0-fosls,105.32659185254896,0.0006367632196202038,0.0005568290842806342,0.0006737629476799807
kan_V0-fosls,105.52548556714444,0.0006297932631634875,0.0005476662252178994,0.0006597418485748989
kan_V0-fosls,105.72437928173993,0.0006142152375724667,0.0005383474337154735,0.0006577790190516261
kan_V0-fosls,105.92327299633541,0.0005978427700026817,0.0005019354519874888,0.0006548658006216367
kan_V0-fosls,106.1221667109309,0.0005929836507254919,0.0004889436566055304,0.000633684451888591
kan_V0-fosls,106.32106042552638,0.000588581590273693,0.0004948690290074068,0.0006117701793213452
kan_V0-fosls,106.51995414012187,0.0005793115529932886,0.0005007242878138432,0.0005898083731620567
kan_V0-fosls,106.71884785471735,0.00056352419090403,0.0005065118645625464,0.0005948019591224335
kan_V0-fosls,106.91774156931285,0.00054048224232684,0.0005122340534155989,0.0006045050673527269
kan_V0-fosls,107.11663528390834,0.0005256121892884103,0.00047964101927566255,0.0006140548691561396
kan_V0-fosls,107.31552899850382,0.00052898773133303,0.0004622732127464022,0.0006234584093695447
kan_V0-fosls,107.51442271309931,0.000531935961080279,0.0004612694505318431,0.0006579151389905639
kan_V0-fosls,107.71331642769479,0.0005363415103916357,0.00046026349927516134,0.0007093207578945469
kan_V0-fosls,107.91221014229028,0.0005406982568697042,0.0004592553445917472,0.0007572447061863263
kan_V0-fosls,108.11110385688576,0.000548038458503516,0.00045824497193875735,0.0008023111319895398
kan_V0-fosls,108.30999757148125,0.0005570161707952855,0.0004572323666126672,0.000844977372467132
kan_V0-fosls,108.50889128607673,0.0005658427274439288,0.00045621751374677464,0.0008737757371735221
kan_V0-fosls,108.70778500067222,0.0005774714259214441,0.00046087596324354235,0.0008368268548696899
kan_V0-fosls,108.9066787152677,0.0005982112078288807,0.0004658454635604799,0.0007981693624720648
kan_V0-fosls,109.10557242986319,0.000610845554097553,0.0004707625073687302,0.0007575417330728569
kan_V0-fosls,109.30446614445867,0.000628942399423191,0.00047562872155527903,0.0007407820779122349
kan_V0-fosls,109.50335985905416,0.0006409720653749314,0.0004804456506125584,0.0007505685612924748
kan_V0-fosls,109.70225357364964,0.0006354063633248469,0.00047942670452710324,0.000760229073007171
kan_V0-fosls,109.90114728824513,0.0006254838713905711,0.00048362139947217593,0.0007697683558643013
kan_V0-fosls,110.10004100284061,0.0006311568493343705,0.0005007251370696799,0.0007525411026980612
kan_V0-fosls,110.2989347174361,0.0006566148301241258,0.0005136286520507842,0.0007247054135230775
kan_V0-fosls,110.49782843203158,0.0006471010309390165,0.000524001378128065,0.0007246599411626837
kan_V0-fosls,110.69672214662707,0.0006317926519306745,0.0005341727214606874,0.0007755877043825894
kan_V0-fosls,110.89561586122255,0.0006159675359512941,0.000535708119924077,0.0008233714496222259
kan_V0-fosls,111.09450957581804,0.0005888579608546115,0.000530372476722252,0.0008685302533110498
kan_V0-fosls,111.29340329041352,0.0005913981810789002,0.0005338632973561312,0.0008456421479477432
kan_V0-fosls,111.49229700500901,0.0005987223995734337,0.0005373314400474126,0.0007989258886896534
kan_V0-fosls,111.69119071960449,0.0006019512703091508,0.0005304770402373716,0.0008257247188268551
kan_V0-fosls,111.89008443419998,0.0005957017284919985,0.0005210347117281638,0.0008945073137988868
kan_V0-fosls,112.08897814879546,0.0005792572345644674,0.0005114180789063871,0.00095836598311799
kan_V0-fosls,112.28787186339095,0.0005691488430488655,0.0005016171169716484,0.001018227568255605
kan_V0-fosls,112.48676557798643,0.0005547616216049775,0.0004940760918114477,0.0010338753870312
kan_V0-fosls,112.68565929258192,0.0005584950555420987,0.00047591473151065405,0.0009695876545593926
kan_V0-fosls,112.8845530071774,0.0005714961133367628,0.00046937079428242796,0.0009007231116381184
kan_V0-fosls,113.08344672177289,0.0005861228393656741,0.0004627343226753086,0.0008261380198272711
kan_V0-fosls,113.28234043636837,0.0005801618417697347,0.00045600127657522625,0.0007441141926943707
kan_V0-fosls,113.48123415096386,0.0005665081511406466,0.0004491673130301172,0.0006518495499225764
kan_V0-fosls,113.68012786555934,0.0005457011037362958,0.0004422277534836033,0.0006536913460674175
kan_V0-fosls,113.87902158015483,0.0005282275827803171,0.00043517754630451006,0.0006479131207454872
kan_V0-fosls,114.07791529475033,0.0005291497128530071,0.00044987295738649217,0.0006364730395560692
kan_V0-fosls,114.27680900934581,0.0005382055826455282,0.0004641811553310767,0.0006504440167571042
kan_V0-fosls,114.4757027239413,0.0005375106330291486,0.0004709471965530506,0.0006641211544503688
kan_V0-fosls,114.67459643853678,0.0005256906154853921,0.0004620807959285606,0.0006775222480788841
kan_V0-fosls,114.87349015313227,0.0005105087919777381,0.0004530101718284181,0.0006906633662611905
kan_V0-fosls,115.07238386772775,0.0005035049664655612,0.0004464139350091231,0.0006943107580198346
kan_V0-fosls,115.27127758232324,0.0005161372294523391,0.0004572816788288288,0.0006761060681560587
kan_V0-fosls,115.47017129691872,0.0005303288835017616,0.0004744728592444614,0.0006573974460650216
kan_V0-fosls,115.6690650115142,0.0005569719517432452,0.0004878975717855715,0.0006381405713384637
kan_V0-fosls,115.86795872610969,0.0005665672028066185,0.000500962660234173,0.0006268918691397644
kan_V0-fosls,116.06685244070518,0.0005692933297869676,0.0005024400837567527,0.0006640912891574285
kan_V0-fosls,116.26574615530066,0.0005645580118378646,0.0004926227885386944,0.0006993147110393168
kan_V0-fosls,116.46463986989615,0.0005612133973031232,0.00048304824618008665,0.0007165468990916245
kan_V0-fosls,116.66353358449163,0.0005727166022544913,0.0004904560178386666,0.000737196215752893
kan_V0-fosls,116.86242729908712,0.0005892683838658378,0.0004970185729777051,0.000708964209442136
kan_V0-fosls,117.0613210136826,0.0005895310364090943,0.0004943238269526745,0.0006795603284620431
kan_V0-fosls,117.26021472827809,0.0005683129218969733,0.0004887108316751443,0.0006488252690586018
kan_V0-fosls,117.45910844287357,0.0005527175401222264,0.0004694800661692851,0.0006676434512001641
kan_V0-fosls,117.65800215746906,0.0005493153314256147,0.0004494271777096057,0.0006863740618544471
kan_V0-fosls,117.85689587206454,0.0005356807813929741,0.0004489672585823989,0.0006606842048047786
kan_V0-fosls,118.05578958666003,0.0005284178438337468,0.00046046418503103363,0.0006339541656701002
kan_V0-fosls,118.25468330125551,0.0005409610640988412,0.0004716809643324535,0.0006375505308619553
kan_V0-fosls,118.453577015851,0.000552142020862196,0.000482637129250219,0.000645983118286613
kan_V0-fosls,118.65247073044648,0.0005353338328592596,0.00047957079331397936,0.0006543070371165448
kan_V0-fosls,118.85136444504197,0.0005257113598063645,0.00046751892518453217,0.0006625263832702564
kan_V0-fosls,119.05025815963745,0.0005280548474150752,0.0004551480473555839,0.0006649381182160673
kan_V0-fosls,119.24915187423294,0.000530479708591898,0.00045618846322400923,0.00064318483336386
kan_V0-fosls,119.44804558882842,0.0005350500685555018,0.00045935564812068423,0.0006206696050894291
kan_V0-fosls,119.6469393034239,0.0005354105598046431,0.00046250114480081504,0.0006056725267610799
kan_V0-fosls,119.84583301801939,0.0005274833995926371,0.0004656253928038667,0.0006088607829420486
kan_V0-fosls,120.04472673261488,0.0005076901724563451,0.00046106701366702683,0.0006331976782010674
kan_V0-fosls,120.24362044721036,0.0004885324949825788,0.00045522734393838493,0.0006558947168232708
kan_V0-fosls,120.44251416180585,0.0004884032053056891,0.0004493117828930852,0.0006405348244569297
kan_V0-fosls,120.64140787640133,0.0004960823494744436,0.0004486887911832876,0.0006247974416780697
kan_V0-fosls,120.84030159099682,0.0004959395555720203,0.00045480281676976605,0.0006086532879339865
kan_V0-fosls,121.0391953055923,0.0004957871868923604,0.0004573765890146501,0.0006072926089385841
kan_V0-fosls,121.23808902018779,0.0004956252063051654,0.0004554580817468522,0.0006400431761399067
kan_V0-fosls,121.43698273478329,0.0004973037302785924,0.00045353145897320977,0.0006711976026291289
kan_V0-fosls,121.63587644937877,0.000501123825203993,0.00045159661682547445,0.0006929560749469422
kan_V0-fosls,121.83477016397426,0.000511133434343544,0.0004543418013340095,0.000671213584725958
kan_V0-fosls,122.03366387856974,0.0005360779404354891,0.000449488118260007,0.0006487428079258138
kan_V0-fosls,122.23255759316523,0.0005365984317351828,0.0004445814486395171,0.0006435990805188269
kan_V0-fosls,122.43145130776071,0.0005455213218147242,0.00043962001830205713,0.0006776425271412728
kan_V0-fosls,122.6303450223562,0.0005580386568470866,0.00043460195180117467,0.0007243973115670718
kan_V0-fosls,122.82923873695168,0.0005512970916665388,0.00042952526413108695,0.0007683121341100841
kan_V0-fosls,123.02813245154717,0.0005435409399228612,0.0004260839268217679,0.0007841220981508305
kan_V0-fosls,123.22702616614265,0.0005474520458004823,0.0004374667684032778,0.0007433049625551437
kan_V0-fosls,123.42591988073814,0.0005520257114013409,0.0004485608478440317,0.0007001121838032435
kan_V0-fosls,123.62481359533362,0.000556540187468091,0.00045509166158199966,0.0006554083891173385
kan_V0-fosls,123.8237073099291,0.0005609979315206854,0.00046053921596972983,0.0006425182120205616
kan_V0-fosls,124.02260102452459,0.0005404469975613667,0.000454850178379795,0.0006293640830479716
kan_V0-fosls,124.22149473912008,0.0004937198646970394,0.000446359118187428,0.0006157187594349543
kan_V0-fosls,124.42038845371556,0.0005175839328554577,0.0004393083113028478,0.0005984876466529186
kan_V0-fosls,124.61928216831105,0.0005337445576422723,0.0004350692882164628,0.000580745499915564
kan_V0-fosls,124.81817588290653,0.0005259714809961911,0.000430788554535284,0.0006039085511675387
kan_V0-fosls,125.01706959750202,0.0005144596864818002,0.00042646485422367356,0.0006418580336755461
kan_V0-fosls,125.2159633120975,0.0005026182045276698,0.0004220968669126068,0.0006776857181720751
kan_V0-fosls,125.41485702669299,0.00048657352601069596,0.0004176832031897604,0.0007117121116258764
kan_V0-fosls,125.61375074128847,0.0004883629681339695,0.0004132223994367663,0.0007441843367442819
kan_V0-fosls,125.81264445588396,0.0004962539433515454,0.0004218764179538671,0.0007161507483963629
kan_V0-fosls,126.01153817047944,0.0004986525563395391,0.0004338777741103544,0.0006836242670656015
kan_V0-fosls,126.21043188507493,0.0005042070681954453,0.0004455559826871653,0.0006494708481627879
kan_V0-fosls,126.40932559967041,0.0005070157533767676,0.00045693582104021493,0.0006134188020476721
kan_V0-fosls,126.6082193142659,0.0004968186793790138,0.00046803905327554143,0.0006244351157891415
kan_V0-fosls,126.80711302886138,0.0004918988434558364,0.00047757608197388857,0.0006489257814592979
kan_V0-fosls,127.00600674345687,0.0005031385468832139,0.0004834130337564935,0.0006491447183349418
kan_V0-fosls,127.20490045805235,0.0005195909941106549,0.0004837272260492142,0.0006456523117586271
kan_V0-fosls,127.40379417264784,0.0005208592498935913,0.0004868812231098103,0.000642140911339846
kan_V0-fosls,127.60268788724332,0.0005269225838146323,0.0004900149197856553,0.0006386102037655494
kan_V0-fosls,127.8015816018388,0.0005365258167858184,0.00049152345521142,0.0006350598670130124
kan_V0-fosls,128.0004753164343,0.000545959427163342,0.00048155891171622296,0.0006549291091885138
kan_V0-fosls,128.1993690310298,0.0005532973817582416,0.00048435391546480995,0.0006663711827783355
kan_V0-fosls,128.39826274562526,0.0005475941798953892,0.0004826530826282633,0.0006542970640612964
kan_V0-fosls,128.59715646022076,0.0005395241121007669,0.0004814103977701253,0.000641995905626402
kan_V0-fosls,128.79605017481623,0.0005459887965829188,0.0004749366702977795,0.000647193245937319
kan_V0-fosls,128.99494388941173,0.0005520227403388455,0.00046263121502048614,0.0006554827924987738
kan_V0-fosls,129.19383760400723,0.0005361969600324902,0.0004499893792403559,0.0006636688066627045
kan_V0-fosls,129.3927313186027,0.0005195783033734888,0.0004369819695901789,0.0006717550733803237
kan_V0-fosls,129.59162503319817,0.0005054112970834103,0.0004396887365308093,0.0006486889111604841
kan_V0-fosls,129.79051874779367,0.0005227498755525061,0.0004617298184289667,0.0006203986066356847
kan_V0-fosls,129.98941246238914,0.0005281757044242015,0.0004652586264002918,0.0006086898605944223
kan_V0-fosls,130.18830617698464,0.0005273544674477388,0.00046063012800946464,0.0006163476573987657
kan_V0-fosls,130.3871998915801,0.0005314275396468517,0.00045595464710883896,0.0006239114706201787
kan_V0-fosls,130.5860936061756,0.0005446046152415937,0.0004512307232561579,0.0006313846779594221
kan_V0-fosls,130.78498732077108,0.0005513343544266801,0.0004464568187410799,0.0006437091041124246
kan_V0-fosls,130.98388103536658,0.0005369208612809841,0.0004429158929253312,0.0006404351738452819
kan_V0-fosls,131.18277474996205,0.0005220986365051302,0.0004454706761674017,0.0006112093028471883
kan_V0-fosls,131.38166846455755,0.0005068415140454994,0.0004473136955883432,0.000587922293480255
kan_V0-fosls,131.58056217915302,0.0004884329538367532,0.0004451241327419003,0.0005926731737382922
kan_V0-fosls,131.77945589374852,0.0004768424214247513,0.00044031143435745813,0.0006004951585011519
kan_V0-fosls,131.978349608344,0.00046859064201810823,0.0004354455475746836,0.0006082165567440809
kan_V0-fosls,132.1772433229395,0.00047627638731052846,0.0004050859864906082,0.0006071184656135048
kan_V0-fosls,132.376137037535,0.0004966450410079553,0.00040835660365492186,0.0005838004689056332
kan_V0-fosls,132.57503075213046,0.000489303888607298,0.0004169261516192191,0.0006062608530075047
kan_V0-fosls,132.77392446672596,0.0004908768898987863,0.00042532307256889113,0.0006580520886873561
kan_V0-fosls,132.97281818132143,0.0004922425836999679,0.0004335050926505712,0.0007060544461740804
kan_V0-fosls,133.17171189591693,0.00048138023941143263,0.0004339018757938739,0.0007509948138959364
kan_V0-fosls,133.3706056105124,0.0004747760435418328,0.0004342982964287385,0.0007804226664345987
kan_V0-fosls,133.5694993251079,0.0004774805644077119,0.0004305584989085689,0.0007397680898125076
kan_V0-fosls,133.76839303970337,0.0004784898537108746,0.0004293483661852277,0.0006967453732353108
kan_V0-fosls,133.96728675429887,0.0004798172702045872,0.000433546459709749,0.0006508850924278186
kan_V0-fosls,134.16618046889434,0.0004842085587485155,0.00043770429048364275,0.0006015386038856825
kan_V0-fosls,134.36507418348984,0.00047409227848693963,0.0004418229952013835,0.0005477645300534652
kan_V0-fosls,134.5639678980853,0.00047116946973016786,0.0004416191586713803,0.0005037519811283706
kan_V0-fosls,134.7628616126808,0.0004687798277001594,0.0004499473140830896,0.0005088904685173819
kan_V0-fosls,134.96175532727628,0.00047019623834126153,0.0004539549522050823,0.0005071627213069019
kan_V0-fosls,135.16064904187178,0.00047349234982010376,0.0004531175970977881,0.0005198979452244874
kan_V0-fosls,135.35954275646725,0.0004788865518294258,0.00044269675974674785,0.0005477326346067015
kan_V0-fosls,135.55843647106275,0.0004839310134594411,0.00043179236565669325,0.0005742196483731263
kan_V0-fosls,135.75733018565822,0.00048459873512772945,0.00042060536490698565,0.0005995376302971408
kan_V0-fosls,135.95622390025372,0.000485210169664228,0.00040911257489555645,0.0006163772241664818
kan_V0-fosls,136.1551176148492,0.00048159444084867875,0.0004057123742309516,0.0005949594355908316
kan_V0-fosls,136.3540113294447,0.00048441130056260277,0.0004358954759338847,0.0005727412832387243
kan_V0-fosls,136.55290504404016,0.0004896288745741296,0.00044710470467623206,0.0005496257136027427
kan_V0-fosls,136.75179875863566,0.0004940560675143125,0.00044777356886973625,0.0005436419738020519
kan_V0-fosls,136.95069247323113,0.0004917594908318659,0.00043993638415462823,0.000582404170118265
kan_V0-fosls,137.14958618782663,0.0004763591765007977,0.00043195702937648303,0.000618742789099724
kan_V0-fosls,137.3484799024221,0.0004757847252299551,0.00042907477003076196,0.0006530625243838906
kan_V0-fosls,137.5473736170176,0.0004933684163373878,0.00043786224684070994,0.0006513166251736807
kan_V0-fosls,137.74626733161307,0.0005076377236486343,0.0004464768035854016,0.0006187154574690058
kan_V0-fosls,137.94516104620857,0.0005014615968777726,0.00045192997836801166,0.0005842981160285591
kan_V0-fosls,138.14405476080404,0.0004950051454029376,0.000452049435749486,0.0005838697287281795
kan_V0-fosls,138.34294847539954,0.0004899497061042863,0.00045216886157180915,0.000611732954393842
kan_V0-fosls,138.541842189995,0.0004781549470991319,0.0004480118942777057,0.0006383811987031842
kan_V0-fosls,138.7407359045905,0.0004764671721420166,0.00041926861643617563,0.0006401865538528841
kan_V0-fosls,138.93962961918598,0.00046969002357964235,0.000421290569433413,0.0006210631787548783
kan_V0-fosls,139.13852333378148,0.0004708046823123547,0.00042495017951456695,0.0006013319551430747
kan_V0-fosls,139.33741704837695,0.00047151477199886514,0.0004285785415129828,0.0005809309498961775
kan_V0-fosls,139.53631076297245,0.0004619943631245956,0.0004285693309844839,0.0005597869387707737
kan_V0-fosls,139.73520447756795,0.00046148695755000044,0.0004165303658076069,0.0005586701335734225
kan_V0-fosls,139.93409819216342,0.0004555603338104873,0.00040650362854033226,0.0005647360421081185
kan_V0-fosls,140.13299190675892,0.0004532615996707477,0.0004086951285934945,0.0005607550147829688
kan_V0-fosls,140.3318856213544,0.0004524380441921945,0.00041087493992168636,0.0005503200981100914
kan_V0-fosls,140.5307793359499,0.0004516116684551467,0.0004130432475846155,0.0005396834573743687
kan_V0-fosls,140.72967305054536,0.00044926902385182294,0.0004152002318097165,0.0005288329206310867
kan_V0-fosls,140.92856676514086,0.0004548090972128643,0.0004173460681669817,0.0005189085284762561
kan_V0-fosls,141.12746047973633,0.00045871194392923,0.00041948092773573786,0.0005237600285112482
kan_V0-fosls,141.32635419433183,0.0004619070905757384,0.00042381901590114566,0.0005239095030050849
kan_V0-fosls,141.5252479089273,0.0004602814669423654,0.00042965175045986143,0.0005221752710129945
kan_V0-fosls,141.7241416235228,0.00046610383794542967,0.000435406356300676,0.0005204352601197898
kan_V0-fosls,141.92303533811827,0.00046673941340978403,0.0004395731551415758,0.0005186894121672551
kan_V0-fosls,142.12192905271377,0.00045859378131595386,0.0004371804124678249,0.0005169376680150825
kan_V0-fosls,142.32082276730924,0.0004553307162026345,0.0004286572307493902,0.0005151799675174986
kan_V0-fosls,142.51971648190474,0.00045654387486621616,0.00041996110522515454,0.0005116479871685069
kan_V0-fosls,142.7186101965002,0.00045330348082653175,0.00041310455225195453,0.0005056874180385618
kan_V0-fosls,142.9175039110957,0.0004511634171374763,0.00040638076704144774,0.0005105363875886148
kan_V0-fosls,143.11639762569118,0.00044932599430858624,0.00040869322071968473,0.0005153397339052722
kan_V0-fosls,143.31529134028668,0.0004474807309420869,0.00040521801480769825,0.0005200987210434976
kan_V0-fosls,143.51418505488215,0.0004387094282792811,0.000401712746109898,0.0005248145557438421
kan_V0-fosls,143.71307876947765,0.000435970896681938,0.0003981766206718049,0.0005294883910060083
kan_V0-fosls,143.91197248407312,0.0004395949273280981,0.0003944908205915332,0.0005321391839999244
kan_V0-fosls,144.11086619866862,0.0004420634260653887,0.0003985791980213449,0.0005318239331458444
kan_V0-fosls,144.3097599132641,0.0004423473919484719,0.00040985283817050576,0.0005315084953087069
kan_V0-fosls,144.5086536278596,0.0004448335212467046,0.0004208245724972586,0.000531192870155404
kan_V0-fosls,144.70754734245506,0.00044730421188292086,0.00041981872159343786,0.0005308770573518374
kan_V0-fosls,144.90644105705056,0.0004497597711274361,0.0004133498793641133,0.0005305610565629145
kan_V0-fosls,145.10533477164603,0.0004529243755102785,0.0004067781785448997,0.0005302448674525444
kan_V0-fosls,145.30422848624153,0.00045867722297690484,0.0004003612539481178,0.0005161998179680963
kan_V0-fosls,145.503122200837,0.0004588127935564753,0.00040003437840907167,0.0004987571336261054
kan_V0-fosls,145.7020159154325,0.00045935845068534304,0.0003997072355554192,0.0004971654455318046
kan_V0-fosls,145.90090963002797,0.00045870463109407955,0.0003993798247302665,0.0004955995565597765
kan_V0-fosls,146.09980334462347,0.00045505458507982984,0.00039905214527402485,0.000494028704321577
kan_V0-fosls,146.29869705921894,0.0004541440203273522,0.00039872419652439516,0.0005017185628678222
kan_V0-fosls,146.49759077381444,0.0004532314660732433,0.0003983959778163523,0.0005029885955786411
kan_V0-fosls,146.6964844884099,0.0004592528538325727,0.0003982435637215576,0.0004872585789065463
kan_V0-fosls,146.8953782030054,0.0004611250085672676,0.00039829290573510716,0.00049270236663734
kan_V0-fosls,147.0942719176009,0.00045454614726929453,0.00039834224163674077,0.0005120686738273522
kan_V0-fosls,147.29316563219638,0.0004510737764495007,0.00039839157142872915,0.00053072877380124
kan_V0-fosls,147.49205934679188,0.00045477065828848553,0.00039844089511334153,0.0005487547138438405
kan_V0-fosls,147.69095306138735,0.00045176535089217135,0.0003984902126928458,0.0005656078841564517
kan_V0-fosls,147.88984677598285,0.0004512140874678975,0.0003932995482029485,0.0005612464105676546
kan_V0-fosls,148.08874049057832,0.00045382130478682146,0.0003927905123804716,0.0005568507772556443
kan_V0-fosls,148.28763420517382,0.0004512909988711202,0.00039228081601779024,0.00055242016878944
kan_V0-fosls,148.4865279197693,0.0004521449879028081,0.0003917704565368009,0.0005479537367702608
kan_V0-fosls,148.6854216343648,0.000448784853219347,0.0003912594313425855,0.0005434505979347437
kan_V0-fosls,148.88431534896026,0.00044664176476531933,0.0003907477378232577,0.000538909832115512
kan_V0-fosls,149.08320906355576,0.0004417320398607016,0.0003927638540266117,0.0005301868782877516
kan_V0-fosls,149.28210277815123,0.00043713224679877387,0.00040790300959002093,0.0005164813359877048
kan_V0-fosls,149.48099649274673,0.0004396804006539266,0.0004139714499681324,0.0005085435702714453
kan_V0-fosls,149.6798902073422,0.00044746268529266396,0.00041995220864383893,0.0005004799249772298
kan_V0-fosls,149.8787839219377,0.0004526108795950782,0.00041730362803424717,0.0004922842143985499
kan_V0-fosls,150.07767763653317,0.00044773125504082216,0.00041277064914822326,0.0004839497289871982
kan_V0-fosls,150.27657135112867,0.0004415836585947604,0.00040818733398520024,0.0004896844829911657
kan_V0-fosls,150.47546506572414,0.00044053028450992914,0.00040536624343227455,0.0004948619600762082
kan_V0-fosls,150.67435878031964,0.0004431055259421681,0.00040413936781762025,0.0004928078045792726
kan_V0-fosls,150.8732524949151,0.0004473234455070606,0.00040290875632785337,0.0004907450508950842
kan_V0-fosls,151.0721462095106,0.00045489096189485923,0.0004016743746261257,0.0004886735901415122
kan_V0-fosls,151.27103992410608,0.00045929788090197615,0.00040043618784635463,0.0004865933111188138
kan_V0-fosls,151.46993363870158,0.000458029880328898,0.0003991941605817308,0.00048450410023997384
kan_V0-fosls,151.66882735329705,0.00045453463348304893,0.00039794825687290616,0.00048244044164334103
kan_V0-fosls,151.86772106789255,0.00045283698132819115,0.0004066495038853036,0.0005013415606971375
kan_V0-fosls,152.06661478248802,0.0004573946066253452,0.00041273027478175815,0.0005195555227610023
kan_V0-fosls,152.26550849708352,0.00045182799564524076,0.0004134485478927574,0.0005371522335247971
kan_V0-fosls,152.464402211679,0.0004463734477316816,0.0004133830440914839,0.0005541904931789204
kan_V0-fosls,152.6632959262745,0.00044695715505945713,0.0004087120112430277,0.0005707203198407384
kan_V0-fosls,152.86218964086996,0.00044550495022310007,0.00040398697395621614,0.0005867846830212354
kan_V0-fosls,153.06108335546546,0.0004449659923530707,0.0003992060146318935,0.000582621224654639
kan_V0-fosls,153.25997707006093,0.000444245888674233,0.00041702135667211324,0.0005600349527477897
kan_V0-fosls,153.45887078465643,0.00044686008663158807,0.00041546038372479937,0.0005364986534748832
kan_V0-fosls,153.6577644992519,0.00045906213152720893,0.0004130418078437617,0.0005118812968467498
kan_V0-fosls,153.8566582138474,0.0004628484634084955,0.0004106089862739588,0.0004894170407272505
kan_V0-fosls,154.05555192844287,0.0004552432916906018,0.0004081616642839128,0.0005102720940072332
kan_V0-fosls,154.25444564303837,0.0004406218203660059,0.0004029471464553491,0.0005303076277886612
kan_V0-fosls,154.45333935763387,0.00043785184641310937,0.00039675001638935636,0.0005388889822276794
kan_V0-fosls,154.65223307222934,0.00043544744700883066,0.0003969891838207765,0.0005212015007101398
kan_V0-fosls,154.85112678682484,0.00043368564249534323,0.00039722820725172334,0.0005028923080726299
kan_V0-fosls,155.0500205014203,0.0004271009329928744,0.000397467086941988,0.0004838908375808894
kan_V0-fosls,155.2489142160158,0.0004209885811181916,0.0003977058231505815,0.00046411206822366704
kan_V0-fosls,155.44780793061128,0.00041329896458216863,0.00039794441613573797,0.00044739752119741225
kan_V0-fosls,155.64670164520678,0.0004145708312100513,0.00039803585554303684,0.00044734042047656796
kan_V0-fosls,155.84559535980225,0.00041387607243709786,0.0003978855621947497,0.00044211368346787247
kan_V0-fosls,156.04448907439775,0.0004177543225119206,0.0003977352120546868,0.0004517257257615595
kan_V0-fosls,156.24338278899322,0.0004200136633941509,0.00039758480505841943,0.0004686808243196212
kan_V0-fosls,156.44227650358872,0.0004222599740161438,0.0003974343411413967,0.0004850436051068335
kan_V0-fosls,156.6411702181842,0.0004224449193509697,0.000395448525272995,0.0005008721220283135
kan_V0-fosls,156.84006393277969,0.000425814388442652,0.00039131226155873083,0.000515810429170325
kan_V0-fosls,157.03895764737516,0.00042959227792653234,0.00039374460718213553,0.0005023271038405629
kan_V0-fosls,157.23785136197066,0.00043191903298992656,0.00039902896388859584,0.0004884717388599042
kan_V0-fosls,157.43674507656613,0.0004281096038890194,0.00040424424839321816,0.00047421172494655926
kan_V0-fosls,157.63563879116163,0.00043069965126567213,0.00040939310044990987,0.0004605386840606212
kan_V0-fosls,157.8345325057571,0.00043763418571768624,0.0004051530249905583,0.0004720126329885842
kan_V0-fosls,158.0334262203526,0.0004298842221663872,0.00039766059612812054,0.00048321420910952585
kan_V0-fosls,158.23231993494807,0.0004258350346214009,0.00039002426304903806,0.0004889220417213578
kan_V0-fosls,158.43121364954357,0.000435874964869747,0.00038536756214393547,0.0004854851010186168
kan_V0-fosls,158.63010736413904,0.0004476769077030156,0.00038946182874072954,0.00047494931110344423
kan_V0-fosls,158.82900107873454,0.0004447665089763718,0.0003935134993102361,0.00048189974844142596
kan_V0-fosls,159.02789479333,0.00044127431824591775,0.00039752387630518575,0.0004985368498573189
kan_V0-fosls,159.2267885079255,0.00042911545693142844,0.0004014941971262032,0.0005146363898748421
kan_V0-fosls,159.42568222252098,0.0004152304971616798,0.0004054256385816367,0.0005302473355908164
kan_V0-fosls,159.62457593711648,0.0004154180020833922,0.0004001444322971801,0.0005165874373322932
kan_V0-fosls,159.82346965171195,0.00041958294702768907,0.0004024185680244535,0.0004980957401688133
kan_V0-fosls,160.02236336630745,0.0004234179603535218,0.0004047741930365913,0.00047889054317149275
kan_V0-fosls,160.22125708090292,0.0004273171637829761,0.00040483597373846414,0.0004634670218119986
kan_V0-fosls,160.42015079549842,0.0004275523048307614,0.00040320168282285545,0.0004718727749659638
kan_V0-fosls,160.6190445100939,0.00041673408918855166,0.0004015607406477815,0.00048517649566891046
kan_V0-fosls,160.81793822468939,0.0004115424292886346,0.0003999130653379644,0.0004981250326424595
kan_V0-fosls,161.01683193928486,0.00041961238863811863,0.00039971968236880863,0.0004952178165806714
kan_V0-fosls,161.21572565388036,0.0004230455338618881,0.00040054064317754845,0.0004918605084966535
kan_V0-fosls,161.41461936847585,0.00042980740191063513,0.00039666680111259244,0.0004884801262879029
kan_V0-fosls,161.61351308307133,0.0004318664341019018,0.0003926941131669812,0.0004861504694387744
kan_V0-fosls,161.81240679766682,0.0004303777240489939,0.00038868082269016857,0.0005040928083529275
kan_V0-fosls,162.0113005122623,0.0004296507031453619,0.0003846256587101426,0.0005214181047209037
kan_V0-fosls,162.2101942268578,0.0004291807865894943,0.00038767680071177975,0.0005178893633019969
kan_V0-fosls,162.40908794145327,0.00042949295396110544,0.00040260321655500295,0.0005065610192274588
kan_V0-fosls,162.60798165604876,0.0004268861361990117,0.0004058509026176674,0.0004949734738146828
kan_V0-fosls,162.80687537064424,0.00042863478310332037,0.00040496855048405506,0.00048310807627236857
kan_V0-fosls,163.00576908523973,0.00043190871414037135,0.0004040842716646342,0.00047094382567244814
kan_V0-fosls,163.2046627998352,0.0004268830481392439,0.0004031980534828004,0.0004584569342025655
kan_V0-fosls,163.4035565144307,0.0004161847040284462,0.00040230988312232695,0.00047018038116451385
kan_V0-fosls,163.60245022902618,0.0004117505922509643,0.0004016093451418111,0.0004671644013502298
kan_V0-fosls,163.80134394362167,0.0004138434873004467,0.00039659142714485997,0.00047100633752386763
kan_V0-fosls,164.00023765821715,0.00041592487215101647,0.0004011618460919646,0.00048143169229747173
kan_V0-fosls,164.19913137281264,0.00041799494753060496,0.0004009379092668245,0.0004916360225910719
kan_V0-fosls,164.39802508740812,0.0004203015662402952,0.0004007138472957876,0.0005016328169786432
kan_V0-fosls,164.59691880200361,0.0004244376530194434,0.00040048965996880754,0.0005114342454614184
kan_V0-fosls,164.79581251659909,0.00042417435896586255,0.0004002653470752501,0.0005049734454407888
kan_V0-fosls,164.99470623119458,0.000423418321141754,0.0004024970895113373,0.00048664816467096356
kan_V0-fosls,165.19359994579006,0.0004224248624622851,0.0004030103858738423,0.0004676052734464144
kan_V0-fosls,165.39249366038555,0.0004202298322915901,0.00040352302930473386,0.00044775322146487347
kan_V0-fosls,165.59138737498103,0.00041798133684665825,0.0004023631838979174,0.000435567834216717
kan_V0-fosls,165.79028108957652,0.00041038170096782125,0.00039691933556842377,0.00043644692412634695
kan_V0-fosls,165.989174804172,0.00040868975962648905,0.00038305450864667705,0.0004373242469317897
kan_V0-fosls,166.1880685187675,0.00041504514515689644,0.0003902895137695106,0.00043819981324683924
kan_V0-fosls,166.38696223336296,0.00041929207477321327,0.00039503223442536553,0.000450068022767043
kan_V0-fosls,166.58585594795846,0.0004257683380051894,0.00039837149128559316,0.00048007963857976904
kan_V0-fosls,166.78474966255393,0.00042368078163884,0.0004014347738040616,0.0005083224307861338
kan_V0-fosls,166.98364337714943,0.0004215210145151248,0.0004002273150998445,0.0005350765626541402
kan_V0-fosls,167.1825370917449,0.00041928598051222483,0.0003990162025343613,0.0005605552266844117
kan_V0-fosls,167.3814308063404,0.00042056108047537865,0.00039479118333824836,0.0005635341160961086
kan_V0-fosls,167.58032452093587,0.0004201402209536392,0.00039592546279629335,0.000545865974469762
kan_V0-fosls,167.77921823553137,0.00042826694283406956,0.000390190486609122,0.0005252005037153451
kan_V0-fosls,167.97811195012684,0.00043610218647065235,0.0003902456273727743,0.000503687875694745
kan_V0-fosls,168.17700566472234,0.0004378527942212599,0.00039030076034627065,0.00048121448766731277
kan_V0-fosls,168.37589937931781,0.00042855088342021923,0.00038893820458033696,0.0004706035466208918
kan_V0-fosls,168.5747930939133,0.0004204062410671207,0.0003845952645514137,0.00048463350095404983
kan_V0-fosls,168.7736868085088,0.00040220876971693985,0.00038360340895953984,0.0004938133390410296
kan_V0-fosls,168.97258052310428,0.00040047717855212675,0.0003856362979636103,0.00047955765928713213
kan_V0-fosls,169.17147423769978,0.00040611744603069654,0.0003876585266039909,0.0004648650162649943
kan_V0-fosls,169.37036795229525,0.00040578291008714533,0.000387395605057961,0.00044969258178577474
kan_V0-fosls,169.56926166689075,0.00040633598178486995,0.0003840994943459736,0.0004339900377649884
kan_V0-fosls,169.76815538148622,0.000408514884758297,0.00038077485249874614,0.0004337491280076484
kan_V0-fosls,169.96704909608172,0.00040378186604605895,0.0003774209255381195,0.00043654244256255306
kan_V0-fosls,170.1659428106772,0.00040305184695291955,0.00037423033496663573,0.00043831462234071003
kan_V0-fosls,170.3648365252727,0.0004052793566003094,0.0003752628468386959,0.00044035177768337317
kan_V0-fosls,170.56373023986816,0.00040375255231941867,0.0003762925256043822,0.00044467073414508043
kan_V0-fosls,170.76262395446366,0.00040544460092273944,0.00037731939445775485,0.00045424437065849014
kan_V0-fosls,170.96151766905913,0.0004072323496838307,0.0003783434762781154,0.0004706411551313863
kan_V0-fosls,171.16041138365463,0.00040899783097039755,0.00037936479363595544,0.0004864856067057746
kan_V0-fosls,171.3593050982501,0.0004112952760211491,0.0003783226693231385,0.0005018300450953126
kan_V0-fosls,171.5581988128456,0.0004114326297732536,0.00037786124807912355,0.000516719017251004
kan_V0-fosls,171.75709252744107,0.0004087987975585505,0.0003803510184047896,0.0005172990057170829
kan_V0-fosls,171.95598624203657,0.000411275352117813,0.0003828245963926671,0.0005024865352417902
kan_V0-fosls,172.15487995663204,0.00041245596318798905,0.00038517919500855513,0.0004872239473617008
kan_V0-fosls,172.35377367122754,0.0004098300908429989,0.00038440587758206603,0.00047146752981105044
kan_V0-fosls,172.552667385823,0.0004077064067552948,0.00037557467751643693,0.00045516600098156743
kan_V0-fosls,172.7515611004185,0.00040694957973190266,0.00038418179153959796,0.0004479400565788963
kan_V0-fosls,172.95045481501398,0.0004085268163364275,0.00038870861656408845,0.00044688282699948014
kan_V0-fosls,173.14934852960948,0.00041298952123771266,0.000388412112453797,0.00044582309030173574
kan_V0-fosls,173.34824224420495,0.0004149421578286659,0.00038811538182668645,0.00044476082856444556
kan_V0-fosls,173.54713595880045,0.00041761286083627394,0.00038781842416281377,0.0004498934550178704
kan_V0-fosls,173.74602967339592,0.00042058662168996955,0.000387521238940244,0.00045607944452653474
kan_V0-fosls,173.94492338799142,0.00042353428433253835,0.0003864163285847689,0.0004612589682909019
kan_V0-fosls,174.1438171025869,0.00042438730065925083,0.0003879641239940322,0.0004579448607819264
kan_V0-fosls,174.3427108171824,0.0004203613839889667,0.0003899310361483803,0.00046206250350999884
kan_V0-fosls,174.54160453177786,0.0004148784941867518,0.00038993464067869373,0.00046614377479837365
kan_V0-fosls,174.74049824637336,0.00041184563806617453,0.0003899382451756874,0.0004701896217661835
kan_V0-fosls,174.93939196096883,0.00041351261899747534,0.00038994184963936227,0.0004742009511272367
kan_V0-fosls,175.13828567556433,0.00041320172581730185,0.0003813993108017681,0.0004781786315628561
kan_V0-fosls,175.3371793901598,0.0004098372432387909,0.000384295137345068,0.00047406915123308343
kan_V0-fosls,175.5360731047553,0.00040717057503679183,0.00039065082102621884,0.00046550817116262634
kan_V0-fosls,175.73496681935077,0.0004021018064757254,0.00039187837719113116,0.00045678677157672925
kan_V0-fosls,175.93386053394627,0.0004011650509726456,0.000389551861179249,0.00044789558153191005
kan_V0-fosls,176.13275424854177,0.00040294908432276155,0.0003841295987301677,0.00043882428057723146
kan_V0-fosls,176.33164796313724,0.0004049811908582648,0.00037862969335880544,0.0004295614583414611
kan_V0-fosls,176.53054167773274,0.0004037861190414457,0.0003730487109820456,0.000429503623561609
kan_V0-fosls,176.7294353923282,0.00040213260420610727,0.0003752709918437034,0.00042837512709174586
kan_V0-fosls,176.9283291069237,0.00040038186200609704,0.00037907173642126514,0.00043221946322297735
kan_V0-fosls,177.12722282151918,0.0003993100364546926,0.00038247398275644755,0.0004377398033708764
kan_V0-fosls,177.32611653611468,0.0004001230289662332,0.0003797539631745399,0.0004431913881401455
kan_V0-fosls,177.52501025071015,0.0004031377550876988,0.0003764345627025809,0.00044857672430477713
kan_V0-fosls,177.72390396530565,0.0004030164184329302,0.00037308563018078906,0.00045389816991746025
kan_V0-fosls,177.92279767990112,0.000403127814356992,0.00038245686135394275,0.0004519572599957782
kan_V0-fosls,178.12169139449662,0.0004033857499235342,0.00039216158810418864,0.00044585355932983854
kan_V0-fosls,178.3205851090921,0.00040733802450128244,0.0003929078797855213,0.00043966513151634046
kan_V0-fosls,178.5194788236876,0.0004119142846940266,0.00039240705710543377,0.0004333883470693176
kan_V0-fosls,178.71837253828306,0.00041046803366710577,0.0003902208981585406,0.000427095709477609
kan_V0-fosls,178.91726625287856,0.000408997044401955,0.0003878267030385446,0.00043455703877612626
kan_V0-fosls,179.11615996747403,0.0004043985778895344,0.0003851908524101363,0.00043884066419036223
kan_V0-fosls,179.31505368206953,0.0004012047529736456,0.00038253684001824853,0.00043022301793515047
kan_V0-fosls,179.513947396665,0.0004021635622212526,0.00037986428518860135,0.0004224587698254
kan_V0-fosls,179.7128411112605,0.00040310736351857417,0.0003790784883388115,0.0004154659144953033
kan_V0-fosls,179.91173482585597,0.00040186443303341044,0.00037680724984824685,0.00041491110721098625
kan_V0-fosls,180.11062854045147,0.0003988921338643165,0.0003745222379981723,0.0004143555570602069
kan_V0-fosls,180.30952225504694,0.0003943152885769758,0.0003722231991320803,0.0004138898763478184
kan_V0-fosls,180.50841596964244,0.0003924593618704435,0.0003722594348638405,0.00041699402461825466
kan_V0-fosls,180.7073096842379,0.00039674528775494053,0.00037064639070261883,0.00041734328044527256
kan_V0-fosls,180.9062033988334,0.00040049186263313414,0.00037198651556911793,0.0004201183403666621
kan_V0-fosls,181.10509711342888,0.00039715319646951115,0.0003733218297791179,0.0004170553082322802
kan_V0-fosls,181.30399082802438,0.0003955399689314962,0.0003746523847702079,0.00042283224313947843
kan_V0-fosls,181.50288454261985,0.00039677614495707027,0.0003759782310698041,0.00043038496457301105
kan_V0-fosls,181.70177825721535,0.00039761504287144254,0.0003750561203358802,0.0004378074115666178
kan_V0-fosls,181.90067197181082,0.00039946791596369744,0.0003726074518931717,0.00044510610141269786
kan_V0-fosls,182.09956568640632,0.0004002657231244915,0.00037754573935328646,0.0004414544369492389
kan_V0-fosls,182.2984594010018,0.0004017512006495911,0.00038242026280169394,0.0004358911356487576
kan_V0-fosls,182.4973531155973,0.00040288602099365525,0.0003868132976877418,0.00043025590567958156
kan_V0-fosls,182.69624683019276,0.00040467300705861214,0.00038962465871852697,0.0004245458828055586
kan_V0-fosls,182.89514054478826,0.0004041917046425468,0.00039176185641576775,0.00042405897480140957
kan_V0-fosls,183.09403425938373,0.00040302237187895846,0.0003914421960361287,0.0004300675795127596
kan_V0-fosls,183.29292797397923,0.0003999206588855851,0.0003904986606145171,0.00043599338502585774
kan_V0-fosls,183.49182168857473,0.0003971480523195578,0.00038929841535466787,0.0004395553060678912
kan_V0-fosls,183.6907154031702,0.00039396258049283087,0.00038809445815880865,0.00043196511231489797
kan_V0-fosls,183.8896091177657,0.00039125926084195516,0.00038531320164907556,0.00042423914178444966
kan_V0-fosls,184.08850283236117,0.0003885357183644486,0.0003785968068454268,0.0004163698363075684
kan_V0-fosls,184.28739654695667,0.0003868194828806083,0.0003717590899252431,0.0004083489093307036
kan_V0-fosls,184.48629026155214,0.00038582116440490154,0.00036918662869570094,0.00040016724368238855
kan_V0-fosls,184.68518397614764,0.00038900247061307217,0.0003693777288359066,0.00040211193363932365
kan_V0-fosls,184.8840776907431,0.0003914211683420585,0.00036956873016023384,0.00041177344237521875
kan_V0-fosls,185.0829714053386,0.0003941040872535726,0.0003697596328218143,0.0004215993415442969
kan_V0-fosls,185.28186511993408,0.0003967675321447637,0.0003699504369733845,0.00043485293519658977
kan_V0-fosls,185.48075883452958,0.00039941194508992165,0.0003701411427672873,0.00045175158405572763
kan_V0-fosls,185.67965254912505,0.00040079936736825016,0.0003703381105097079,0.00046804050267538447
kan_V0-fosls,185.87854626372055,0.0004021757201204389,0.00037070201621755257,0.0004837812838384679
kan_V0-fosls,186.07743997831602,0.00040633358439752786,0.00037106556504156585,0.000499025799974474
kan_V0-fosls,186.27633369291152,0.0004103943661951328,0.00037142875802968534,0.0004834981397812351
kan_V0-fosls,186.475227407507,0.00041318538645297004,0.00037179159622472975,0.0004666649087637026
kan_V0-fosls,186.6741211221025,0.0004089284592850879,0.0003721540806644346,0.00044920131675113415
kan_V0-fosls,186.87301483669796,0.0004044943942992144,0.000372516212381486,0.00044769002763391354
kan_V0-fosls,187.07190855129346,0.0004063968713458475,0.00037319162049794674,0.0004558591673768153
kan_V0-fosls,187.27080226588893,0.00039939688864412866,0.0003742265666974205,0.00045139805371227
kan_V0-fosls,187.46969598048443,0.0003956816676340709,0.00037525865857351577,0.0004467979982802416
kan_V0-fosls,187.6685896950799,0.0003943674293416822,0.0003762879196129606,0.0004421500872319678
kan_V0-fosls,187.8674834096754,0.00039404637588738947,0.0003759868445155691,0.0004413839021534107
kan_V0-fosls,188.06637712427087,0.0003946292612413963,0.0003740097395089804,0.0004500838519218943
kan_V0-fosls,188.26527083886637,0.0003947225305345399,0.00037202212736123073,0.00045302241970065983
kan_V0-fosls,188.46416455346184,0.00039304168728809423,0.0003700238387525545,0.0004426336857144094
kan_V0-fosls,188.66305826805734,0.0003920841428746822,0.00036936776325641624,0.0004319951929209433
kan_V0-fosls,188.8619519826528,0.0003919683761384018,0.00036890134484734034,0.00042108801180333404
kan_V0-fosls,189.0608456972483,0.00039362346642613075,0.0003684343359776673,0.00040989069355398306
kan_V0-fosls,189.25973941184378,0.0003936813299392747,0.0003679667343992293,0.0004044260374615306
kan_V0-fosls,189.45863312643928,0.00038957495419038443,0.00036749853784955565,0.00040710237669538675
kan_V0-fosls,189.65752684103475,0.00038918222982739015,0.00036702974405174524,0.0004097612358986993
kan_V0-fosls,189.85642055563025,0.00039658435085727,0.00036661271884750343,0.00041240295316525893
kan_V0-fosls,190.05531427022572,0.0003980546395332428,0.0003663240654102954,0.00042799077190945834
kan_V0-fosls,190.25420798482122,0.0004048122274042553,0.00036603518434256304,0.00044611844371141436
kan_V0-fosls,190.45310169941672,0.0004069633988548302,0.0003657460751049311,0.00046353773395413535
kan_V0-fosls,190.6519954140122,0.00041444780592433825,0.00036545673715589053,0.00048032571842362645
kan_V0-fosls,190.8508891286077,0.0004212127072418957,0.0003651671699517872,0.0004965464336383992
kan_V0-fosls,191.04978284320316,0.0004189971936113501,0.00036487737294680966,0.0004863715407784152
kan_V0-fosls,191.24867655779866,0.00041434098504606443,0.00036728113510211993,0.00047285972022204217
kan_V0-fosls,191.44757027239413,0.0004096199321794348,0.0003707100745563461,0.00045895027436288594
kan_V0-fosls,191.64646398698963,0.0004048309107973264,0.0003715918197902999,0.00044460588577645565
kan_V0-fosls,191.8453577015851,0.00039923498312401703,0.000371631636788407,0.0004297830068724996
kan_V0-fosls,192.0442514161806,0.00039329174436021077,0.00037167144952093676,0.00041443029851311
kan_V0-fosls,192.24314513077607,0.00038902886935851674,0.0003717112579892597,0.0004057796350488172
kan_V0-fosls,192.44203884537157,0.00039167130748968607,0.0003718597203360923,0.00041234952545838373
kan_V0-fosls,192.64093255996704,0.0003949441309256536,0.0003733248077611911,0.0004188163679599407
kan_V0-fosls,192.83982627456254,0.0003947691208636911,0.0003742234977877644,0.0004251848644960912
kan_V0-fosls,193.038719989158,0.0003957531301212885,0.00037512003479298116,0.00043298624326744406
kan_V0-fosls,193.2376137037535,0.00039945643567361054,0.00037601443417728796,0.0004409392427184689
kan_V0-fosls,193.43650741834898,0.0004029911032684321,0.00037576592514721276,0.0004487513171896195
kan_V0-fosls,193.63540113294448,0.00040355365829203033,0.00037774606076321443,0.00045330830521546757
kan_V0-fosls,193.83429484753995,0.0004003145163616505,0.00037838497406098264,0.0004532216998488123
kan_V0-fosls,194.03318856213545,0.00039907856018949026,0.0003790228103533282,0.00045313507792972085
kan_V0-fosls,194.23208227673092,0.00040584931829449055,0.0003796595750684281,0.00045304843944869906
kan_V0-fosls,194.43097599132642,0.00040118811223689395,0.0003788668492769893,0.00045296178439624337
kan_V0-fosls,194.6298697059219,0.00039782213683575306,0.0003734291147639486,0.00045287511276284126
kan_V0-fosls,194.8287634205174,0.0003937644093594913,0.0003715260248445928,0.0004527884245389711
kan_V0-fosls,195.02765713511286,0.00039262408819873873,0.0003739498613710609,0.0004471940901859441
kan_V0-fosls,195.22655084970836,0.00039348875612581924,0.00037635808813156463,0.000440391405309595
kan_V0-fosls,195.42544456430383,0.000394226156213677,0.00037875100288270816,0.0004334819782227244
kan_V0-fosls,195.62433827889933,0.00039491175739546635,0.000380230200936374,0.00042646062071100086
kan_V0-fosls,195.8232319934948,0.00039050102201281,0.0003797965482277786,0.0004308532817203523
kan_V0-fosls,196.0221257080903,0.0003874922123381693,0.0003793623998070386,0.0004384709461270364
kan_V0-fosls,196.22101942268577,0.00038479572866892094,0.0003763187263296424,0.0004459585079644503
kan_V0-fosls,196.41991313728127,0.00038607647027858887,0.00037510331891071425,0.0004384053769523089
kan_V0-fosls,196.61880685187674,0.0003873635563390402,0.00037581099841420474,0.00043057890752030113
kan_V0-fosls,196.81770056647224,0.00038919352199500714,0.0003742716963205659,0.0004263496656952805
kan_V0-fosls,197.0165942810677,0.0003910145388093461,0.0003727260371965803,0.0004297015088934799
kan_V0-fosls,197.2154879956632,0.00039282674182217116,0.000371173941625566,0.0004330274079688141
kan_V0-fosls,197.41438171025868,0.00039416855108706067,0.0003696153285233876,0.0004361771194627859
kan_V0-fosls,197.61327542485418,0.00039289208676233825,0.0003701621485192757,0.0004298726080442455
kan_V0-fosls,197.81216913944968,0.00039219320977270343,0.00037300186234675046,0.00042347424803719725
kan_V0-fosls,198.01106285404515,0.00039144432259244013,0.00037582011978056965,0.00041697771925437277
kan_V0-fosls,198.20995656864065,0.0003898786059955199,0.0003738911706558838,0.0004103783595153217
kan_V0-fosls,198.40885028323612,0.00038937745201289835,0.0003704149525463224,0.0004036711254999489
kan_V0-fosls,198.60774399783162,0.000389180704406436,0.0003669058007791115,0.00039883228337302216
kan_V0-fosls,198.8066377124271,0.00038998715763717947,0.0003633627611916611,0.00039943890459778444
kan_V0-fosls,199.0055314270226,0.0003907958141640992,0.00036102473155530065,0.0004010449109756064
kan_V0-fosls,199.20442514161806,0.00038954645939860813,0.000361186162228185,0.00040264451161363917
kan_V0-fosls,199.40331885621356,0.0003884929130133693,0.00036134752078251854,0.0004059104665750121
kan_V0-fosls,199.60221257080903,0.0003874313025435482,0.000361508807314871,0.0004095863973741715
kan_V0-fosls,199.80110628540453,0.0003863614750743333,0.000361670021921597,0.0004132296298098212
kan_V0-fosls,200.0,0.0003855161344370015,0.0003618311646988362,0.0004168410212437957
mlp_V0-fosls,0.5432770252227783,0.20227346462199308,0.1726751666688591,0.24841475052709333
mlp_V0-fosls,0.7429334045769097,0.17352098905270974,0.1494169328833975,0.2089578149343841
mlp_V0-fosls,0.9425897839310411,0.13878746688407018,0.12175666652749084,0.15994779575019727
mlp_V0-fosls,1.1422461632851724,0.10139956188270219,0.09331156347223735,0.11016574085117883
mlp_V0-fosls,1.3419025426393039,0.08532302179620549,0.07951189057548921,0.09801183275637843
mlp_V0-fosls,1.5415589219934351,0.06767501657134994,0.05753768886494324,0.08608640867670408
mlp_V0-fosls,1.7412153013475664,0.052422928709671135,0.03887671194856637,0.07457393638329197
mlp_V0-fosls,1.940871680701698,0.04259927935493261,0.03122497343796472,0.06216751091681258
mlp_V0-fosls,2.1405280600558294,0.030113384733164893,0.02094276009678289,0.048594692427298046
mlp_V0-fosls,2.3401844394099607,0.024093560301217086,0.01643271935126906,0.039945793988847074
mlp_V0-fosls,2.539840818764092,0.019921167112210765,0.013999927870492177,0.032003662564803845
mlp_V0-fosls,2.7394971981182232,0.014894274360004626,0.0112012889666089,0.02186590734165264
mlp_V0-fosls,2.9391535774723545,0.013263444772393433,0.010341557388178114,0.018697373631850034
mlp_V0-fosls,3.138809956826486,0.01139949390373533,0.00940354953793983,0.014868276886857566
mlp_V0-fosls,3.3384663361806175,0.009478979566722596,0.008056317267115063,0.012883186065372454
mlp_V0-fosls,3.5381227155347488,0.008715477938671237,0.007407241950232281,0.012108858398707255
mlp_V0-fosls,3.73777909488888,0.007514486601410757,0.006489357027302615,0.011281507888792149
mlp_V0-fosls,3.9374354742430113,0.006692179894460178,0.005867003745159973,0.010550623244364706
mlp_V0-fosls,4.137091853597143,0.006260018980833216,0.005455496723208284,0.009880579033935868
mlp_V0-fosls,4.336748232951274,0.005795561457836333,0.005010304985542447,0.00916166105284284
mlp_V0-fosls,4.536404612305406,0.005433726135988968,0.004638144726963766,0.008671334755230384
mlp_V0-fosls,4.736060991659537,0.005117682751501871,0.0042478168385525535,0.008197871789456355
mlp_V0-fosls,4.935717371013668,0.004925432225763627,0.003888442575208957,0.007699895221865089
mlp_V0-fosls,5.135373750367799,0.004820044415281244,0.003856555832820341,0.007198483407066014
mlp_V0-fosls,5.335030129721931,0.004659485167662566,0.0038163140041981383,0.006659424922311884
mlp_V0-fosls,5.534686509076062,0.004501044853639549,0.0035414459993575276,0.006182939659486103
mlp_V0-fosls,5.734342888430193,0.004296578117820141,0.0033330289671738146,0.006275028975224587
mlp_V0-fosls,5.933999267784325,0.004314279999060909,0.0029604266490809925,0.006890301985496749
mlp_V0-fosls,6.133655647138457,0.004201814605502987,0.0028590537102856067,0.006362911268545924
mlp_V0-fosls,6.333312026492588,0.004135609673524294,0.002879957442776974,0.005289038385547396
mlp_V0-fosls,6.532968405846719,0.003918688718806322,0.00290071053814666,0.005310052355359484
mlp_V0-fosls,6.7326247852008505,0.0038939147727201223,0.0029724089439483576,0.004719772333311309
mlp_V0-fosls,6.932281164554982,0.0039037314415487382,0.0028157241999157553,0.00434091935484637
mlp_V0-fosls,7.131937543909113,0.0037688585645184675,0.0029643740698463397,0.0046159700432772165
mlp_V0-fosls,7.331593923263244,0.0037112679314137715,0.0030865948945405053,0.004016978455814211
mlp_V0-fosls,7.531250302617376,0.0034834300606105535,0.0030222597454355954,0.004593072335084309
mlp_V0-fosls,7.730906681971507,0.003378203929249854,0.0028828524162281175,0.004650800550271854
mlp_V0-fosls,7.930563061325638,0.003286608228076681,0.002982611167586977,0.004181553308906062
mlp_V0-fosls,8.13021944067977,0.003250025968747414,0.00297783705671346,0.0037402190403558796
mlp_V0-fosls,8.329875820033902,0.003264582959339614,0.002916125367306468,0.004408555258088815
mlp_V0-fosls,8.529532199388033,0.003142933029378057,0.0027335216190946705,0.005403466180966281
mlp_V0-fosls,8.729188578742164,0.003018628429017647,0.0023383960191749333,0.0060765303695957
mlp_V0-fosls,8.928844958096295,0.002940656306728952,0.0023554982283243995,0.005143451346818452
mlp_V0-fosls,9.128501337450427,0.0028220789626687186,0.002372477157905971,0.003998244887642359
mlp_V0-fosls,9.328157716804558,0.0027012320968625115,0.0020206330473867503,0.003982349872183899
mlp_V0-fosls,9.52781409615869,0.0025697204887883667,0.0020323847192753553,0.0035092848826727852
mlp_V0-fosls,9.72747047551282,0.0025320778278094024,0.002044068830078006,0.0032358883687602187
mlp_V0-fosls,9.927126854866952,0.0025024385843161506,0.00209070004875166,0.0032420786879598803
mlp_V0-fosls,10.126783234221083,0.0024682646718138185,0.002147008235358851,0.003351822788104543
mlp_V0-fosls,10.326439613575214,0.002484980542029682,0.0021600018496848944,0.0034834516570457726
mlp_V0-fosls,10.526095992929346,0.0026280494302430043,0.0021942607743276445,0.0035018312039815447
mlp_V0-fosls,10.725752372283477,0.002757978381636595,0.002231340943585288,0.003536214795518739
mlp_V0-fosls,10.925408751637608,0.002890844115778655,0.0021619832965404325,0.0037034548101564473
mlp_V0-fosls,11.12506513099174,0.0029464369690824863,0.002111370765763345,0.003923703049455447
mlp_V0-fosls,11.324721510345872,0.0028195792879207263,0.002041305386324195,0.004742369011727641
mlp_V0-fosls,11.524377889700004,0.0029240837782512357,0.002018490864218517,0.005011723065126369
mlp_V0-fosls,11.724034269054135,0.002912532759368579,0.001994908790346279,0.005202820577515452
mlp_V0-fosls,11.923690648408266,0.0027607986759493634,0.0019710445947943673,0.006601407002951813
mlp_V0-fosls,12.123347027762398,0.0029635886200993,0.0018530423594212671,0.006133986478544009
mlp_V0-fosls,12.323003407116529,0.002847907470074386,0.0019027705408026202,0.00456295729293954
mlp_V0-fosls,12.52265978647066,0.002551017020880476,0.0018657239948539418,0.004734540145125235
mlp_V0-fosls,12.722316165824791,0.002760319491028852,0.0018873808329671117,0.004149189662136721
mlp_V0-fosls,12.921972545178923,0.0028550589176081593,0.0019286321967324706,0.004070315773882326
mlp_V0-fosls,13.121628924533054,0.002589908672979654,0.0019413371159035715,0.004594716352032084
mlp_V0-fosls,13.321285303887185,0.0024733723585152684,0.0018792985039136443,0.003942168038783338
mlp_V0-fosls,13.520941683241317,0.002411244598020253,0.001815140748272521,0.004419788079975576
mlp_V0-fosls,13.720598062595448,0.002350783256724611,0.0019091010096322458,0.004466542019361232
mlp_V0-fosls,13.920254441949579,0.002341379046217302,0.0020486130340270554,0.003874581579584182
mlp_V0-fosls,14.11991082130371,0.0023818750925853997,0.001933385651533674,0.0031740773813797598
mlp_V0-fosls,14.319567200657842,0.0023147583615147514,0.0017885682039137667,0.003346074356632795
mlp_V0-fosls,14.519223580011973,0.002180673263515614,0.001682224066343362,0.0038299289665490754
mlp_V0-fosls,14.718879959366104,0.0021414335077487457,0.0015741193686542507,0.004259166371193753
mlp_V0-fosls,14.918536338720235,0.002229718858748701,0.0016494675859237303,0.003940083154629039
mlp_V0-fosls,15.118192718074367,0.002203811298235693,0.0017215210853351929,0.003583569789810605
mlp_V0-fosls,15.317849097428498,0.0022174761514460314,0.0017471563108708752,0.003245489054035417
mlp_V0-fosls,15.517505476782631,0.002401514542617074,0.001667500285820482,0.003048987252588386
mlp_V0-fosls,15.717161856136762,0.00242893591129868,0.0015838431840958418,0.0028389165773282693
mlp_V0-fosls,15.916818235490894,0.002394241526160224,0.0015994175600072564,0.002864828306945062
mlp_V0-fosls,16.116474614845025,0.0023311703282076117,0.0016883295693383695,0.003008530272825595
mlp_V0-fosls,16.316130994199156,0.002162675539149417,0.0016285274514523317,0.003145674423194872
mlp_V0-fosls,16.515787373553287,0.0021463584584498104,0.0016117688907182944,0.003119806894409757
mlp_V0-fosls,16.71544375290742,0.0021560142128589695,0.001618902003350899,0.003052337265015432
mlp_V0-fosls,16.91510013226155,0.0021457098899354673,0.001624881000501888,0.00300900190675694
mlp_V0-fosls,17.11475651161568,0.0021244187726462936,0.001739581647840304,0.0028582750064766746
mlp_V0-fosls,17.314412890969813,0.0022570881980281,0.0017589498288455017,0.0031820723856763105
mlp_V0-fosls,17.514069270323944,0.002174595036344475,0.0017463372751987756,0.0033817901464033868
mlp_V0-fosls,17.713725649678075,0.002235528133418885,0.0016790380228463725,0.003197443854557063
mlp_V0-fosls,17.913382029032206,0.0022809487771629873,0.0016089261902209892,0.003595216828286766
mlp_V0-fosls,18.113038408386338,0.0024893857650803504,0.0015190067234437947,0.003588565389430703
mlp_V0-fosls,18.31269478774047,0.002461097671822439,0.0015044740937395448,0.00318045963243935
mlp_V0-fosls,18.5123511670946,0.002089183798087102,0.001489799708551252,0.0035231418286391543
mlp_V0-fosls,18.71200754644873,0.0019323934737380357,0.0016382752042304277,0.0032277650716922503
mlp_V0-fosls,18.911663925802863,0.0019304856903920023,0.0017666770279102665,0.0030031010860738206
mlp_V0-fosls,19.111320305156994,0.001998658466733807,0.0017905034170561886,0.002801176171026037
mlp_V0-fosls,19.310976684511125,0.0019744874103740763,0.0016619531058886024,0.002928454152837559
mlp_V0-fosls,19.510633063865257,0.002025372173946681,0.0015225878516051733,0.0035202882275316553
mlp_V0-fosls,19.710289443219388,0.0020235757398788003,0.0015640264738691013,0.0035945393109083714
mlp_V0-fosls,19.90994582257352,0.0019312470050380408,0.0015414014217422463,0.0029796483274993333
mlp_V0-fosls,20.10960220192765,0.0019395082933020644,0.0015015800142761057,0.0026319887367052576
mlp_V0-fosls,20.30925858128178,0.0018948029450610087,0.0014633756338497186,0.002930837396088193
mlp_V0-fosls,20.508914960635913,0.00196279891285969,0.0013933114683572316,0.0037032057913859015
mlp_V0-fosls,20.708571339990044,0.0019921075849764517,0.0013195322845487728,0.004205637447427176
mlp_V0-fosls,20.908227719344175,0.0020268426169794676,0.0013307775429287137,0.003519026908485153
mlp_V0-fosls,21.107884098698307,0.0020834009808255215,0.001342512669415654,0.00302390565167673
mlp_V0-fosls,21.307540478052438,0.002003412463633947,0.001407931991819093,0.0030830343259317405
mlp_V0-fosls,21.50719685740657,0.001965140357970494,0.0015068233145342058,0.0028160743252993027
mlp_V0-fosls,21.7068532367607,0.0019605564040672415,0.0015440675781957986,0.0025210014986799326
mlp_V0-fosls,21.906509616114835,0.001958387121651607,0.001540658152603608,0.0023791992180840424
mlp_V0-fosls,22.106165995468967,0.001954030230220293,0.0015081334835265183,0.0029143959084980417
mlp_V0-fosls,22.305822374823098,0.0019596696933862484,0.0014004029237910862,0.003365533851205264
mlp_V0-fosls,22.50547875417723,0.002018636893091412,0.0013936333345147072,0.0030765133662736715
mlp_V0-fosls,22.70513513353136,0.0021137061004098084,0.0014336689995885716,0.0029702753707816806
mlp_V0-fosls,22.90479151288549,0.0021196987490522193,0.0014387046443705546,0.0030771027598050153
mlp_V0-fosls,23.104447892239623,0.0020583269539490067,0.0014137668387813889,0.0027085290205010066
mlp_V0-fosls,23.304104271593754,0.0019193245726944648,0.0013594592546625427,0.002271644736207763
mlp_V0-fosls,23.503760650947886,0.0018723729067893664,0.0013151600557580725,0.0021826847607541978
mlp_V0-fosls,23.703417030302017,0.0018159014822000641,0.001293217418525433,0.0022859284625261693
mlp_V0-fosls,23.903073409656148,0.0017575452081157383,0.0012708959874409838,0.002384706503271609
mlp_V0-fosls,24.10272978901028,0.0017567367004676484,0.0012703879239295017,0.0026229250102822723
mlp_V0-fosls,24.30238616836441,0.0017868999900016343,0.0012835760116309358,0.0032137191428990917
mlp_V0-fosls,24.502042547718542,0.001816321109191866,0.0012966299695760745,0.003694802230237816
mlp_V0-fosls,24.701698927072673,0.0017813504301530535,0.0014495301767092192,0.0031612733227527868
mlp_V0-fosls,24.901355306426805,0.0017986511333009903,0.001382884047113442,0.0027218164742355277
mlp_V0-fosls,25.101011685780936,0.0017337296599286753,0.00131808365280939,0.002581866924223487
mlp_V0-fosls,25.300668065135067,0.001746042998707766,0.0012817580493892813,0.002354220280979834
mlp_V0-fosls,25.5003244444892,0.0017499202083194531,0.0012443724838427947,0.0021020631409056885
mlp_V0-fosls,25.69998082384333,0.001793385600082434,0.0014997103121740982,0.0019636942647829484
mlp_V0-fosls,25.89963720319746,0.0017558723848501503,0.0014832384043330699,0.0030891650822102833
mlp_V0-fosls,26.099293582551592,0.0018105964248181228,0.001364611281977688,0.0039025359248510564
mlp_V0-fosls,26.298949961905723,0.0018137550529262105,0.0012751943578765065,0.003618273150666296
mlp_V0-fosls,26.498606341259855,0.0017801160963190265,0.001270166080486096,0.0027134769292722545
mlp_V0-fosls,26.698262720613986,0.001683553883913027,0.0012651178181002543,0.0019750267097441254
mlp_V0-fosls,26.897919099968117,0.001687286529434693,0.0012551128953898546,0.00217550952475123
mlp_V0-fosls,27.09757547932225,0.0016958523354697207,0.0012448714405464037,0.0023915805255781473
mlp_V0-fosls,27.29723185867638,0.0017030231473543884,0.0012404741284679636,0.002616915174197554
mlp_V0-fosls,27.49688823803051,0.001671644547548281,0.0012547722822734324,0.002311146432179225
mlp_V0-fosls,27.696544617384642,0.0016655190764554109,0.0012689093337685728,0.0021447181546755643
mlp_V0-fosls,27.896200996738774,0.0016587444771881824,0.001279110678703147,0.002140600215551354
mlp_V0-fosls,28.095857376092905,0.0016586628302191642,0.0012856297006677022,0.001924878857504611
mlp_V0-fosls,28.295513755447036,0.00165857766489015,0.0012921158330836387,0.0018677522628765637
mlp_V0-fosls,28.495170134801167,0.0016453674132630466,0.0012776458434504393,0.0018441743192299015
mlp_V0-fosls,28.6948265141553,0.0016471285872409758,0.0012529938344293273,0.0017952700305518053
mlp_V0-fosls,28.89448289350943,0.0016425549361292224,0.0012278338161540712,0.0017770660030188466
mlp_V0-fosls,29.09413927286356,0.0016608217701517302,0.0012017756353150083,0.0018708234140608017
mlp_V0-fosls,29.293795652217693,0.00165735816542104,0.001175139768360391,0.0022040812526253964
mlp_V0-fosls,29.493452031571824,0.0016532747128132543,0.0011862362891139032,0.0024344972100876832
mlp_V0-fosls,29.693108410925955,0.001646728887973924,0.0012796552978858238,0.002369833194870774
mlp_V0-fosls,29.892764790280086,0.0016629915475706125,0.0013667036362005444,0.002862397538086609
mlp_V0-fosls,30.092421169634218,0.0015978993548427692,0.0013775030939173034,0.002827185061860221
mlp_V0-fosls,30.29207754898835,0.0015987037623367787,0.001333678424564261,0.0023453619531607793
mlp_V0-fosls,30.491733928342484,0.0015928791333246956,0.001273992778389505,0.0017406997070078568
mlp_V0-fosls,30.691390307696615,0.0015673653316887295,0.0012417648470639728,0.001706246509520593
mlp_V0-fosls,30.891046687050746,0.0015527827828296314,0.001246034494524654,0.0016504332472119737
mlp_V0-fosls,31.090703066404878,0.0015239324120793706,0.0012567796086129096,0.0016322721472044133
mlp_V0-fosls,31.29035944575901,0.001541662278006032,0.001307465974938714,0.0017457775525657952
mlp_V0-fosls,31.49001582511314,0.0015585601421440952,0.0013418862100374625,0.0018524177136876965
mlp_V0-fosls,31.68967220446727,0.0015556373171361898,0.0013139970566472515,0.001900821389048696
mlp_V0-fosls,31.889328583821403,0.001579621659152089,0.0012276951422624108,0.0017999704078386974
mlp_V0-fosls,32.088984963175534,0.0015534799462666303,0.0011348490911975047,0.001959561098999205
mlp_V0-fosls,32.288641342529665,0.0015675859166751221,0.0011408602777716102,0.0018797635011384801
mlp_V0-fosls,32.4882977218838,0.0015929775231245382,0.0011993982389018642,0.0018104741398523069
mlp_V0-fosls,32.68795410123793,0.0015563310094844876,0.0012552091847834253,0.00192102627369354
mlp_V0-fosls,32.88761048059206,0.0015809014036249147,0.0012104644833244838,0.0017859794600229625
mlp_V0-fosls,33.08726685994619,0.0015725959353988573,0.001155323468649565,0.0020040354852488957
mlp_V0-fosls,33.28692323930032,0.0015164426066394837,0.001112351988853593,0.0021520204003789875
mlp_V0-fosls,33.48657961865445,0.0015450508400832541,0.0011294294964058736,0.0019456477731589629
mlp_V0-fosls,33.686235998008584,0.0015307060736573475,0.0011462526020021536,0.002029189632063999
mlp_V0-fosls,33.885892377362715,0.001532572234736673,0.0011552845627735117,0.0019938729918558334
mlp_V0-fosls,34.08554875671685,0.0015338968848890547,0.0011553896873616883,0.0019987350103581845
mlp_V0-fosls,34.28520513607098,0.0014668260598885965,0.0011554948023858418,0.002237345081521622
mlp_V0-fosls,34.48486151542511,0.0015000535229731556,0.0011640266071320045,0.002205962393372442
mlp_V0-fosls,34.68451789477924,0.0015249647148777431,0.0011755613000934727,0.0018944426404836534
mlp_V0-fosls,34.88417427413337,0.0014657586395998784,0.001187108443639308,0.0017723372571040587
mlp_V0-fosls,35.0838306534875,0.0014700441410589568,0.00120933884998172,0.0018576814376994838
mlp_V0-fosls,35.283487032841634,0.001481535867493665,0.001213142110550136,0.002223891530964976
mlp_V0-fosls,35.483143412195766,0.0014828591072966915,0.0012361763756277271,0.002390337319288412
mlp_V0-fosls,35.6827997915499,0.0014956902740861824,0.0013020335798493727,0.0020707584161346578
mlp_V0-fosls,35.88245617090403,0.0015580255029067477,0.0013457509650682488,0.001719904756756764
mlp_V0-fosls,36.08211255025816,0.0015280818805042153,0.0013422611749837755,0.0017489270221920396
mlp_V0-fosls,36.28176892961229,0.0015211156936625868,0.0013380642277177298,0.0016412402533345343
mlp_V0-fosls,36.48142530896642,0.001465418016148311,0.0012647117926643592,0.0017009253344321452
mlp_V0-fosls,36.68108168832055,0.0014402738340449851,0.00124044438705628,0.0017581054489248019
mlp_V0-fosls,36.880738067674685,0.0014286927043351647,0.0012406484812967022,0.0018134835388734724
mlp_V0-fosls,37.080394447028816,0.0014092825893594909,0.0012276515555440285,0.0018046277682291435
mlp_V0-fosls,37.28005082638295,0.0013983147339638393,0.0012151272312622189,0.001681904265662926
mlp_V0-fosls,37.47970720573708,0.001398157575280771,0.0012024724672441774,0.0016876332099109677
mlp_V0-fosls,37.67936358509121,0.0013737688086818932,0.0011807066440386942,0.0016766548906195621
mlp_V0-fosls,37.87901996444534,0.0013925733319723244,0.001128676045705597,0.001601724514053962
mlp_V0-fosls,38.07867634379947,0.0014035078732971976,0.0010741280431224803,0.0016900989071518876
mlp_V0-fosls,38.2783327231536,0.0014151600886717678,0.0011762323901457858,0.001663906357447888
mlp_V0-fosls,38.477989102507735,0.0014391611439800592,0.0012841616732454254,0.0019311545641784783
mlp_V0-fosls,38.677645481861866,0.0014635440878745564,0.0013432653734376427,0.002165671151199839
mlp_V0-fosls,38.877301861216,0.0014732779989709225,0.0013254195352242286,0.0018927546551674253
mlp_V0-fosls,39.07695824057013,0.0014609134842632388,0.0012364689536724573,0.0017504399559663156
mlp_V0-fosls,39.27661461992426,0.0013907136064998955,0.0010884116436369851,0.0018845602595716257
mlp_V0-fosls,39.47627099927839,0.0013930172891945258,0.0010839909978704477,0.0017015315019837441
mlp_V0-fosls,39.67592737863252,0.0013644841187242561,0.0010795522502055075,0.0015228428171625995
mlp_V0-fosls,39.875583757986654,0.0013699494232927484,0.001130916412172528,0.0015400697795452966
mlp_V0-fosls,40.075240137340785,0.0013655839824020881,0.001216308239027778,0.0015337403399970386
mlp_V0-fosls,40.274896516694916,0.0013605527600022908,0.0012051929721630021,0.0015751580540099984
mlp_V0-fosls,40.47455289604905,0.0013777732734196017,0.0011918511621681446,0.0015927204151940525
mlp_V0-fosls,40.67420927540318,0.0013515032692999365,0.0011775817739211568,0.00160543146704469
mlp_V0-fosls,40.87386565475731,0.0013505497279499238,0.0011632429662021,0.0016165235768115468
mlp_V0-fosls,41.07352203411144,0.0013422489247598881,0.0011676002881013587,0.0016391451020884562
mlp_V0-fosls,41.27317841346557,0.0013438130069890418,0.001139073041530261,0.0017297551377293311
mlp_V0-fosls,41.472834792819704,0.0013019110304204862,0.0010906604329814717,0.0017665302186618533
mlp_V0-fosls,41.672491172173835,0.0013245019839240885,0.0011697735210198033,0.0016113851322162355
mlp_V0-fosls,41.872147551527966,0.0012942882164261697,0.001165604444453116,0.001548601200727321
mlp_V0-fosls,42.0718039308821,0.0013436026084870174,0.0011812642415937585,0.001634920635404557
mlp_V0-fosls,42.27146031023623,0.0013670623176673972,0.001212666162056238,0.0017898624842583115
mlp_V0-fosls,42.47111668959036,0.0013550211884251788,0.0012432752039368976,0.001990652032103677
mlp_V0-fosls,42.67077306894449,0.0013695493577852934,0.0012230605707213248,0.0018717503146459629
mlp_V0-fosls,42.87042944829862,0.0013304628100926953,0.0011909104828899625,0.0016799415052859625
mlp_V0-fosls,43.070085827652754,0.0013207979146358081,0.0010391093149481057,0.0018632579219187808
mlp_V0-fosls,43.26974220700689,0.0013473710769427369,0.0010419819908474319,0.0017605534094140972
mlp_V0-fosls,43.469398586361024,0.0013290524219647507,0.0010448467687124432,0.001640189788598065
mlp_V0-fosls,43.669054965715155,0.0012919451584461885,0.0010711235480129152,0.001619858757236865
mlp_V0-fosls,43.868711345069286,0.0013348875056033694,0.0011413507464926287,0.00149537095482284
mlp_V0-fosls,44.06836772442342,0.0013137181302569538,0.0012075004753335648,0.001636118805716257
mlp_V0-fosls,44.26802410377755,0.0013392742176258575,0.0011938023111127051,0.0016176823838482813
mlp_V0-fosls,44.46768048313168,0.0013212975648787778,0.0011261118667856272,0.0014726139771115128
mlp_V0-fosls,44.66733686248581,0.0012634013813038417,0.0010540834478411961,0.0015212461041515916
mlp_V0-fosls,44.86699324183994,0.0012696356697488153,0.0010696555183063625,0.0015142572813530146
mlp_V0-fosls,45.066649621194074,0.00128665076888261,0.0010976676899943673,0.001438751638484311
mlp_V0-fosls,45.266306000548205,0.0012793005430306852,0.0011250452152797167,0.0013938871403552367
mlp_V0-fosls,45.46596237990234,0.0013027080038126478,0.0011521348636249153,0.0013963635314127062
mlp_V0-fosls,45.66561875925647,0.001314737874456716,0.0011786020327219108,0.0013990475377860631
mlp_V0-fosls,45.8652751386106,0.0012957775115368915,0.0011849848537565507,0.0014062991075020077
mlp_V0-fosls,46.06493151796473,0.0012677792461312197,0.0011634512481199452,0.0014277518468503885
mlp_V0-fosls,46.26458789731886,0.001251470265361336,0.0011415115022947787,0.0014787491509023342
mlp_V0-fosls,46.46424427667299,0.0012667422649534415,0.0011102270587788313,0.0014990292316612052
mlp_V0-fosls,46.663900656027124,0.001254278195625441,0.001073850423914098,0.001431041306251325
mlp_V0-fosls,46.863557035381255,0.0012355632019599725,0.0010361975409333304,0.0015082539351103997
mlp_V0-fosls,47.06321341473539,0.0012345532186536505,0.0010555860993103528,0.001599050925867139
mlp_V0-fosls,47.26286979408952,0.001235878157060576,0.0010770039976769849,0.001685503096126274
mlp_V0-fosls,47.46252617344365,0.001224532870949082,0.001087050424997259,0.0017248051369123864
mlp_V0-fosls,47.66218255279778,0.0012164681371094573,0.0010596501110883832,0.0015595082139422962
mlp_V0-fosls,47.86183893215191,0.001215100447303125,0.0010315222195243902,0.0015618433877345747
mlp_V0-fosls,48.06149531150604,0.0012433542323465776,0.001027887931417731,0.001574453066114266
mlp_V0-fosls,48.261151690860174,0.0012449496510088956,0.0010491364764662343,0.0015521011630842021
mlp_V0-fosls,48.460808070214306,0.0012464486572638781,0.0010699631269112729,0.001714722100078845
mlp_V0-fosls,48.66046444956844,0.0012183388238293917,0.0010690843719673932,0.001569195648948127
mlp_V0-fosls,48.86012082892257,0.001216292954988625,0.0010617033768353236,0.0014087150488500725
mlp_V0-fosls,49.0597772082767,0.0012129679313260438,0.0010544274684714606,0.0013420489934858734
mlp_V0-fosls,49.25943358763083,0.0012230365890940837,0.0010509199074273468,0.0013444546381865153
mlp_V0-fosls,49.45908996698496,0.0012265219474698144,0.0010474006002418907,0.0013475398814225554
mlp_V0-fosls,49.65874634633909,0.0012339698171105473,0.0011023589554602562,0.0013496893691721007
mlp_V0-fosls,49.858402725693225,0.0012372397273421462,0.0011645101254390922,0.0013440484261182401
mlp_V0-fosls,50.058059105047356,0.0012266317665845508,0.0011728119784120154,0.0014177235235512489
mlp_V0-fosls,50.25771548440149,0.0012268230174398193,0.0011472894551271778,0.0013898008549863385
mlp_V0-fosls,50.45737186375562,0.0012179005100897266,0.0011403719467394328,0.0013342758121348056
mlp_V0-fosls,50.65702824310975,0.001188609915286346,0.0010430231134099372,0.0013338731032013047
mlp_V0-fosls,50.85668462246388,0.0012032804510599248,0.0010153112821732584,0.0013347180057234496
mlp_V0-fosls,51.05634100181801,0.001227895130947036,0.001018658592995142,0.001336251682408239
mlp_V0-fosls,51.25599738117214,0.0012630574667361239,0.0010216798787578223,0.0013377836008395812
mlp_V0-fosls,51.455653760526275,0.0012215158763549403,0.0010224134820707137,0.0013345582655832889
mlp_V0-fosls,51.655310139880406,0.0012090202299912364,0.001023146559384981,0.0013308655672486023
mlp_V0-fosls,51.85496651923454,0.0011967225004012039,0.001024608477244959,0.0013286422938600959
mlp_V0-fosls,52.05462289858867,0.0011874995169309718,0.0010271977036946434,0.0013331261977555203
mlp_V0-fosls,52.2542792779428,0.0011805746441456754,0.0010297804199482837,0.001337595070733428
mlp_V0-fosls,52.45393565729693,0.0012041466993575798,0.0010974884497893754,0.0017075944254559476
mlp_V0-fosls,52.65359203665106,0.001224898849643165,0.0011188773136223912,0.002301832536618483
mlp_V0-fosls,52.853248416005194,0.0012244900568787035,0.0011059237621220573,0.0027714594226549184
mlp_V0-fosls,53.052904795359325,0.0012231432459007142,0.00109863088348953,0.00244559435644012
mlp_V0-fosls,53.252561174713456,0.0012073271582889451,0.001094177496745496,0.0019277632978037366
mlp_V0-fosls,53.45221755406759,0.0011874042363591727,0.0010744760381319414,0.0013545560282676923
mlp_V0-fosls,53.65187393342172,0.00118072690261656,0.0010775155428095835,0.001333700443380951
mlp_V0-fosls,53.85153031277585,0.0011789959857227209,0.0010805464975986686,0.0013120604144577384
mlp_V0-fosls,54.05118669212998,0.0011814288634810679,0.001095837122288516,0.0012963670698267697
mlp_V0-fosls,54.25084307148411,0.0011831310928943767,0.0010943850032350943,0.00129899248796655
mlp_V0-fosls,54.450499450838244,0.001185563638469253,0.0010898363366206184,0.0013016126105165897
mlp_V0-fosls,54.650155830192375,0.001217036132394223,0.0010855773443493274,0.0013473582269021294
mlp_V0-fosls,54.849812209546506,0.00121351852310777,0.0010751657559745303,0.0015391212867943323
mlp_V0-fosls,55.04946858890064,0.0012091392027288109,0.0010647754683169,0.0017095070866556923
mlp_V0-fosls,55.24912496825477,0.001197015317822345,0.0010668335023796206,0.0015526100690830276
mlp_V0-fosls,55.4487813476089,0.0011853728581214542,0.0010688875739148912,0.001360958756307119
mlp_V0-fosls,55.64843772696303,0.0011735887455560745,0.0010680345625852837,0.001377201430658229
mlp_V0-fosls,55.84809410631716,0.001161413619423554,0.001059651844014667,0.0013309077014225102
mlp_V0-fosls,56.047750485671294,0.0011595353469394608,0.0010512022803298275,0.001295505487510329
mlp_V0-fosls,56.247406865025425,0.001166855374205412,0.0010528108351696094,0.0012807087759591962
mlp_V0-fosls,56.44706324437956,0.0011458560629412085,0.001062618269105994,0.0012935078487701821
mlp_V0-fosls,56.64671962373369,0.0011392810148548363,0.0010680623452533364,0.0013061815114451842
mlp_V0-fosls,56.84637600308782,0.001148377200531972,0.0010521775955492272,0.0013024305000882619
mlp_V0-fosls,57.04603238244195,0.0011656831182352114,0.001052330792319745,0.0012874987502208021
mlp_V0-fosls,57.24568876179608,0.0011692732810344606,0.0010421318322721667,0.001337304520180335
mlp_V0-fosls,57.44534514115021,0.0011831838627848657,0.0010510422197689236,0.0012929338353531309
mlp_V0-fosls,57.645001520504344,0.0011575920617791133,0.0010501872789884159,0.001361843968256782
mlp_V0-fosls,57.844657899858476,0.0011220489842822582,0.0010586439799308259,0.0013839475079624893
mlp_V0-fosls,58.04431427921261,0.001160694370317361,0.0010457661123174432,0.0013599162909979045
mlp_V0-fosls,58.24397065856674,0.0011562075902114832,0.0010310451616993236,0.0015757676192815107
mlp_V0-fosls,58.44362703792087,0.0011459676699943143,0.001023678925686302,0.0016065816416258609
mlp_V0-fosls,58.643283417275,0.0011382998896441949,0.0010206783073518626,0.0014345072782925095
mlp_V0-fosls,58.84293979662913,0.0011312052231094091,0.001017668841668578,0.0012930101312933337
mlp_V0-fosls,59.04259617598326,0.0011443696254002378,0.0010235514244994646,0.0012791951949011934
mlp_V0-fosls,59.242252555337394,0.0011616808023411059,0.0010303594860491818,0.0014021989615063417
mlp_V0-fosls,59.441908934691526,0.001149901506595821,0.0010323931357959742,0.0015147579605565176
mlp_V0-fosls,59.64156531404566,0.0011418714321270573,0.0010277485274374576,0.0013717711833984535
mlp_V0-fosls,59.84122169339979,0.0011486898936351642,0.0010206934474871244,0.001263779190981469
mlp_V0-fosls,60.04087807275392,0.0011122357336716846,0.001023899794341205,0.0012518950315078435
mlp_V0-fosls,60.24053445210806,0.0010979944655324795,0.0010398526058572747,0.0012514447856755051
mlp_V0-fosls,60.44019083146219,0.0010846916728034354,0.0010342077542987696,0.0012509943777950392
mlp_V0-fosls,60.63984721081632,0.0010828431711510773,0.0010308169053953244,0.0012516268417043753
mlp_V0-fosls,60.83950359017045,0.00108056848571357,0.0010338954214135965,0.0012534464665640887
mlp_V0-fosls,61.03915996952458,0.0010788450384555815,0.0010223498349394673,0.001255263453705687
mlp_V0-fosls,61.238816348878714,0.001078796815927817,0.0010205758860273402,0.0012519380937106516
mlp_V0-fosls,61.438472728232846,0.0010806575512473434,0.0010189866242766496,0.0012468280649589136
mlp_V0-fosls,61.63812910758698,0.0010799028441750257,0.0010180115955001734,0.0012417206735968838
mlp_V0-fosls,61.83778548694111,0.0010750172778691302,0.001016233695513268,0.0012491487175593913
mlp_V0-fosls,62.03744186629524,0.0010730534291681774,0.0010117916469809729,0.0013326801499053272
mlp_V0-fosls,62.23709824564937,0.001072870420915098,0.0010100494450519459,0.0014019432769721174
mlp_V0-fosls,62.4367546250035,0.001072160572748779,0.001018389846047148,0.0013226637946113712
mlp_V0-fosls,62.63641100435763,0.0010715506011687052,0.001026662493526536,0.0012383190523060624
mlp_V0-fosls,62.836067383711764,0.0011198986457424346,0.001025133917120984,0.001236487642798479
mlp_V0-fosls,63.035723763065896,0.0011241243000799069,0.0010129100402828627,0.0013662834551675484
mlp_V0-fosls,63.23538014242003,0.001127320249567138,0.0010005368315958432,0.0015123314377765453
mlp_V0-fosls,63.43503652177416,0.0011207317061517753,0.0009953627010983936,0.0013738056356569744
mlp_V0-fosls,63.63469290112829,0.0011061866988522997,0.0009926484100184101,0.0012251978780546016
mlp_V0-fosls,63.83434928048242,0.001075544208720341,0.0009899865554241604,0.0012220402366008598
mlp_V0-fosls,64.03400565983655,0.0010697409638540144,0.0009912508932002205,0.001222301444469681
mlp_V0-fosls,64.23366203919068,0.0010660836146442155,0.0009925136203699553,0.0012225625965298678
mlp_V0-fosls,64.43331841854481,0.0010643518216560065,0.0009928278339161557,0.0012246232648602657
mlp_V0-fosls,64.63297479789894,0.0010832214387043264,0.0009907355368142456,0.0012299336848716627
mlp_V0-fosls,64.83263117725308,0.001094264807214006,0.0009886388117075803,0.0012352212747224513
mlp_V0-fosls,65.0322875566072,0.0010880754193142756,0.000985787620472957,0.0012340350038690295
mlp_V0-fosls,65.23194393596134,0.0010708658986122925,0.0009823121150552283,0.0012289274855506363
mlp_V0-fosls,65.43160031531546,0.0010694743127013877,0.0009788242692592057,0.0012237986512125202
mlp_V0-fosls,65.6312566946696,0.0010754211785866052,0.0009762770928950429,0.001494511995924234
mlp_V0-fosls,65.83091307402373,0.001092327801867881,0.0009739367858160904,0.0017495192187938068
mlp_V0-fosls,66.03056945337786,0.0010939170101303204,0.0009717734305912281,0.0019373076407398046
mlp_V0-fosls,66.23022583273199,0.0010936277454497857,0.0009715884545941468,0.001932775152568194
mlp_V0-fosls,66.42988221208613,0.0010911155330372456,0.0009714034433736789,0.0019282320103922097
mlp_V0-fosls,66.62953859144025,0.0010791670146520164,0.0009709099208963771,0.0018449467768835884
mlp_V0-fosls,66.82919497079439,0.0010685077669120961,0.000969847539512575,0.0016413037780763752
mlp_V0-fosls,67.02885135014851,0.0010574873960073057,0.000968783993107949,0.0014085196393101784
mlp_V0-fosls,67.22850772950265,0.001050015668096428,0.0009674040909865013,0.0013261142714102675
mlp_V0-fosls,67.42816410885678,0.0010442291654585907,0.0009658283127034628,0.001320632068630534
mlp_V0-fosls,67.62782048821092,0.0010401134129384899,0.0009642499592853592,0.001315127013087611
mlp_V0-fosls,67.82747686756504,0.0010416374561134653,0.0009621449400832059,0.0013018699272608382
mlp_V0-fosls,68.02713324691918,0.0010441889467673452,0.0009599686170019693,0.0012881859208461047
mlp_V0-fosls,68.2267896262733,0.0010449192694225679,0.0009581061621497093,0.0012778345006653508
mlp_V0-fosls,68.42644600562744,0.0010474845635662906,0.0009579813814104506,0.0012788667335070128
mlp_V0-fosls,68.62610238498156,0.0010666614918557224,0.0009578565844159062,0.0012798981338571938
mlp_V0-fosls,68.8257587643357,0.0010990865889906063,0.0009582311790862583,0.0012648636944537347
mlp_V0-fosls,69.02541514368984,0.0011172935118555461,0.0009592877614778342,0.0013000059867212135
mlp_V0-fosls,69.22507152304397,0.0011152736953627946,0.0009603431814040579,0.001414476350880283
mlp_V0-fosls,69.4247279023981,0.001110878266907252,0.0009581418075474892,0.0013367909909853097
mlp_V0-fosls,69.62438428175223,0.00108938182035395,0.0009544707801579304,0.0012141820679060483
mlp_V0-fosls,69.82404066110637,0.001084064851452756,0.0009507855788663426,0.001193317409634466
mlp_V0-fosls,70.02369704046049,0.0010634431671999564,0.000949391682418391,0.0011973886374953629
mlp_V0-fosls,70.22335341981463,0.001042410830987634,0.0009480956409345508,0.001201446069646612
mlp_V0-fosls,70.42300979916875,0.0010333475737982246,0.000946955466096964,0.0012033091814954255
mlp_V0-fosls,70.62266617852289,0.001032368626653012,0.0009463532967602922,0.0012002328929773892
mlp_V0-fosls,70.82232255787702,0.0010313883491420055,0.0009457507440162175,0.0011971486994097915
mlp_V0-fosls,71.02197893723115,0.0010327019513011017,0.0009547993248469729,0.001194321893088679
mlp_V0-fosls,71.22163531658528,0.0010383806634210522,0.0009734237817458385,0.0011916843896843507
mlp_V0-fosls,71.42129169593942,0.00103990119705251,0.000983552940433902,0.001189041035845189
mlp_V0-fosls,71.62094807529354,0.001039054929203802,0.0009775954732842013,0.0011891186326080142
mlp_V0-fosls,71.82060445464768,0.001039430246034476,0.0009608519112930009,0.001189698033553232
mlp_V0-fosls,72.0202608340018,0.0010424693370123012,0.0009411368429078157,0.001190742419563634
mlp_V0-fosls,72.21991721335594,0.0010530291815628685,0.0009466552531318392,0.001195446148697405
mlp_V0-fosls,72.41957359271007,0.0010634619749321497,0.0009521416803636534,0.0012001314424356438
mlp_V0-fosls,72.6192299720642,0.0010579467903360402,0.0009565820853113966,0.0012032201924336231
mlp_V0-fosls,72.81888635141833,0.0010447287478051607,0.0009586130104934726,0.0012037437765760061
mlp_V0-fosls,73.01854273077247,0.0010337702137532855,0.0009606396420281735,0.0012042671330775936
mlp_V0-fosls,73.21819911012659,0.0010328644807265958,0.0009606925438861673,0.0012001991245334063
mlp_V0-fosls,73.41785548948073,0.0010319997823972447,0.0009592258928187239,0.0011936222386093045
mlp_V0-fosls,73.61751186883485,0.001033379757843123,0.0009577569958132807,0.0011870089125506267
mlp_V0-fosls,73.81716824818899,0.0010404222000416278,0.0009724624354017005,0.0011929237727576552
mlp_V0-fosls,74.01682462754312,0.0010473054174082491,0.0009774604045835905,0.0012000285145894443
mlp_V0-fosls,74.21648100689725,0.001048446375938259,0.0009795801433826305,0.0012101336953281028
mlp_V0-fosls,74.41613738625138,0.0010434398138810179,0.0009735000911796133,0.0012339078036632492
mlp_V0-fosls,74.61579376560552,0.0010384010233998775,0.0009606544331261091,0.0012572324269257782
mlp_V0-fosls,74.81545014495964,0.001039830296652521,0.0009404017944760176,0.001257840709827954
mlp_V0-fosls,75.01510652431378,0.001042888922797267,0.0009336776440179397,0.0012303742318493065
mlp_V0-fosls,75.2147629036679,0.0010452768360852689,0.0009269047150727351,0.0012022804371264863
mlp_V0-fosls,75.41441928302204,0.001045923923088728,0.0009280507056377918,0.0011931885394357346
mlp_V0-fosls,75.61407566237617,0.0010463970818262078,0.0009337363058580383,0.00119179893098967
mlp_V0-fosls,75.8137320417303,0.0010449634851283126,0.0009393874948710088,0.0011904077004016138
mlp_V0-fosls,76.01338842108443,0.0010380419973528825,0.0009345283140117891,0.0011853260411869974
mlp_V0-fosls,76.21304480043857,0.0010309755952342793,0.0009285057384010143,0.0011801659171757955
mlp_V0-fosls,76.41270117979269,0.001028429130578944,0.0009235419014804983,0.0011759433506988788
mlp_V0-fosls,76.61235755914683,0.0010295328433368128,0.0009239021975842121,0.0011745381159907926
mlp_V0-fosls,76.81201393850095,0.0010306347382972698,0.0009242623532372498,0.001173131198024115
mlp_V0-fosls,77.01167031785509,0.0010322345021448126,0.0009232015509912446,0.0011802650601203531
mlp_V0-fosls,77.21132669720922,0.0010339133657581352,0.0009203134168583438,0.001195063128597194
mlp_V0-fosls,77.41098307656335,0.0010347815365830996,0.0009174161905843604,0.0012263912457700483
mlp_V0-fosls,77.61063945591748,0.0010301950401870996,0.000918039853538522,0.001200265970359314
mlp_V0-fosls,77.81029583527162,0.001025587570084396,0.0009201319637450147,0.0011843280081925793
mlp_V0-fosls,78.00995221462574,0.001022580990265716,0.0009222193278854454,0.0011690551898989067
mlp_V0-fosls,78.20960859397988,0.0010228534754405617,0.0009170430022511525,0.0011675966858307964
mlp_V0-fosls,78.409264973334,0.001028696954328443,0.0009116391900235072,0.0011830173238347884
mlp_V0-fosls,78.60892135268814,0.0010287492240864755,0.0009079965217385507,0.0011843073577012394
mlp_V0-fosls,78.80857773204227,0.0010295167997764671,0.0009099704521929275,0.0011645870641075148
mlp_V0-fosls,79.0082341113964,0.001028633117465965,0.0009119401100067349,0.001164159942890431
mlp_V0-fosls,79.20789049075053,0.0010265246208700381,0.0009126500971119082,0.0011740043582106215
mlp_V0-fosls,79.40754687010467,0.0010300991474577058,0.000912145611780275,0.0011906190074031276
mlp_V0-fosls,79.60720324945879,0.0010331537306708606,0.000911640847275751,0.001207004974505773
mlp_V0-fosls,79.80685962881293,0.0010337694526409758,0.0009175671509866405,0.0011938020197075256
mlp_V0-fosls,80.00651600816705,0.0010343545779402268,0.0009252814957251338,0.0011757349862788554
mlp_V0-fosls,80.20617238752119,0.0010326092658335645,0.0009323258204659078,0.001160087448152716
mlp_V0-fosls,80.40582876687532,0.0010288835871613087,0.00092644762208864,0.0011618782772748503
mlp_V0-fosls,80.60548514622946,0.0010251233088684126,0.00092053188833411,0.0011636663503963958
mlp_V0-fosls,80.80514152558358,0.001021728417602716,0.0009153999795759554,0.0011645730878799816
mlp_V0-fosls,81.00479790493772,0.0010183367551677633,0.0009120545448104186,0.0011641683160651803
mlp_V0-fosls,81.20445428429184,0.0010186989601166016,0.0009086967936616815,0.0011637634034655667
mlp_V0-fosls,81.40411066364598,0.001037855015708986,0.0009095756091934186,0.0011616552923792525
mlp_V0-fosls,81.6037670430001,0.0010493478162798952,0.0009135099687127653,0.0011587008109446375
mlp_V0-fosls,81.80342342235424,0.0010490555057279848,0.0009174274560070769,0.0011557387768240685
mlp_V0-fosls,82.00307980170837,0.0010476948452188951,0.0009112686635726988,0.0011563682727014843
mlp_V0-fosls,82.2027361810625,0.0010280292656394854,0.0009032532131968656,0.00115723265506136
mlp_V0-fosls,82.40239256041663,0.0010388721568062326,0.0008960177927743809,0.0011584181533149296
mlp_V0-fosls,82.60204893977077,0.0010422215047608911,0.000895182285016785,0.0011608340365974045
mlp_V0-fosls,82.80170531912489,0.0010455580756361927,0.0008943459967190953,0.0011990654656684823
mlp_V0-fosls,83.00136169847903,0.0010385266572406921,0.00089427509162751,0.0012588201543392982
mlp_V0-fosls,83.20101807783315,0.001030338091280778,0.0008954256549196327,0.0013157129060720912
mlp_V0-fosls,83.40067445718729,0.0010237528903451038,0.0008965747417093094,0.0013607003941134093
mlp_V0-fosls,83.60033083654142,0.0010251653863607687,0.0008981278400782199,0.0012702905217777914
mlp_V0-fosls,83.79998721589556,0.0010334292560348545,0.0008998935647268463,0.001172932417872651
mlp_V0-fosls,83.99964359524968,0.0010295346763638824,0.0009016558315399577,0.0011474110747123323
mlp_V0-fosls,84.19929997460382,0.0010286200155406329,0.0009049752091367831,0.0011482206122727346
mlp_V0-fosls,84.39895635395794,0.0010294957092296655,0.0009084160402817584,0.001149029579481502
mlp_V0-fosls,84.59861273331208,0.0010284136891640803,0.0009096833717706713,0.0011492154159878766
mlp_V0-fosls,84.7982691126662,0.0010263677610921659,0.0009016185567518053,0.001147800181456536
mlp_V0-fosls,84.99792549202034,0.0010243315988938692,0.0008934809493673373,0.0011463831997892875
mlp_V0-fosls,85.19758187137447,0.0010228771617009854,0.0008900694204729917,0.0011448860601001633
mlp_V0-fosls,85.3972382507286,0.0010214470833422697,0.0008923362945431009,0.0011433225226165234
mlp_V0-fosls,85.59689463008273,0.0010221243463546222,0.0008945974244634823,0.001141756844005214
mlp_V0-fosls,85.79655100943687,0.0010156918199757227,0.0008930771091373381,0.0011420822948576637
mlp_V0-fosls,85.996207388791,0.0010112548257824973,0.0008901108928530254,0.0011428317490105061
mlp_V0-fosls,86.19586376814513,0.0010083769012803304,0.0008871347588084438,0.0011446222017629374
mlp_V0-fosls,86.39552014749927,0.0010076243907663962,0.0008859209366614416,0.0011575592710244406
mlp_V0-fosls,86.5951765268534,0.001006923567724883,0.0008847193632863483,0.0011703533428416533
mlp_V0-fosls,86.79483290620753,0.0010085038869265652,0.0008838409711410558,0.0011877422611031006
mlp_V0-fosls,86.99448928556166,0.0010089452881831425,0.0008838902853285155,0.001213387994330706
mlp_V0-fosls,87.1941456649158,0.001010287179618464,0.0008839395967647814,0.0012385027940063295
mlp_V0-fosls,87.39380204426992,0.001009835889867164,0.0008865424476211795,0.001224256626446733
mlp_V0-fosls,87.59345842362406,0.0010093487573003836,0.0008914162697715941,0.001185271631310317
mlp_V0-fosls,87.79311480297818,0.0010187675135915767,0.0008962635887911851,0.001144959996060697
mlp_V0-fosls,87.99277118233232,0.0010187693230686488,0.0008959751179014037,0.0014338030174704478
mlp_V0-fosls,88.19242756168644,0.0010187694174965776,0.000894361579140677,0.001695688953871087
mlp_V0-fosls,88.39208394104058,0.001018659944521455,0.000892549197256453,0.0016961590020979163
mlp_V0-fosls,88.5917403203947,0.0010188264743077355,0.0008877885266474804,0.0014365677091377764
mlp_V0-fosls,88.79139669974884,0.001018989784273313,0.0008830021894484005,0.0012400903744244592
mlp_V0-fosls,88.99105307910297,0.0010140705703082658,0.0008794693521512734,0.0012481790513519217
mlp_V0-fosls,89.1907094584571,0.0010139214530468673,0.0008785177344120871,0.0012089174434036735
mlp_V0-fosls,89.39036583781123,0.0010169824167284294,0.0008775650847542377,0.0011683372054751883
mlp_V0-fosls,89.59002221716537,0.0010426480045919297,0.0008769177983572579,0.0011568377775625822
mlp_V0-fosls,89.7896785965195,0.0010362651745100203,0.0008764753333270887,0.0011585938912957825
mlp_V0-fosls,89.98933497587363,0.0010491507426802996,0.0008760326448174876,0.0011603473472628241
mlp_V0-fosls,90.18899135522776,0.0010591792045918196,0.0008897893131035599,0.0011521896682313664
mlp_V0-fosls,90.3886477345819,0.001050038174713719,0.0009054669496341076,0.0012020969411023837
mlp_V0-fosls,90.58830411393602,0.0010349708431964502,0.0009168373840549516,0.0013076649234333047
mlp_V0-fosls,90.78796049329016,0.0010297992904559215,0.0009020265116811984,0.00142932513483269
mlp_V0-fosls,90.98761687264428,0.0010235762409521103,0.0008869683572432431,0.001541412705978227
mlp_V0-fosls,91.18727325199842,0.001024052266273804,0.0008783594338628258,0.0014231740334965967
mlp_V0-fosls,91.38692963135254,0.00102285836088843,0.0008796576302433986,0.0012479722889547644
mlp_V0-fosls,91.58658601070668,0.001021838876725083,0.0008809539135704206,0.0011295382510050512
mlp_V0-fosls,91.7862423900608,0.0010219755565813145,0.0008793789286181819,0.0011286675145426226
mlp_V0-fosls,91.98589876941494,0.00101417038740006,0.0008763835501937468,0.001127844851263232
mlp_V0-fosls,92.18555514876907,0.0010100228319604738,0.0008733778987372706,0.001127033297100478
mlp_V0-fosls,92.38521152812321,0.001008772283799534,0.0008727119418221314,0.001126539198912578
mlp_V0-fosls,92.58486790747733,0.0010071146697920716,0.0008722012246427556,0.0011260448839189364
mlp_V0-fosls,92.78452428683147,0.0010063802262079051,0.000871909699570607,0.0011261118135295004
mlp_V0-fosls,92.9841806661856,0.0010055567371172768,0.0008724639676586047,0.001127466474299457
mlp_V0-fosls,93.18383704553973,0.001005059586589998,0.0008730178838488269,0.0011288195093848248
mlp_V0-fosls,93.38349342489386,0.001005468163569152,0.0008723911715701173,0.001128481569411592
mlp_V0-fosls,93.583149804248,0.0010051799071962365,0.0008704462259303949,0.0011268774976520462
mlp_V0-fosls,93.78280618360212,0.001007294652209079,0.0008684969247150243,0.001125271139293737
mlp_V0-fosls,93.98246256295626,0.0010064562020645532,0.0008700752725765914,0.0011259394480823608
mlp_V0-fosls,94.18211894231038,0.0010044097665680585,0.0008728810769677305,0.0011270385203522935
mlp_V0-fosls,94.38177532166452,0.001003492797514703,0.0008756281340392059,0.0011281667743037363
mlp_V0-fosls,94.58143170101864,0.0010030905961771978,0.0008721944619978801,0.0011295407740130367
mlp_V0-fosls,94.78108808037278,0.0010026881150145852,0.000868747218676734,0.0011428054217358387
mlp_V0-fosls,94.9807444597269,0.0010025764379721625,0.0008662918450932866,0.0011604278944696907
mlp_V0-fosls,95.18040083908105,0.0010026058343170162,0.0008664692251073362,0.001143423903356783
mlp_V0-fosls,95.38005721843517,0.0010030338821439139,0.0008666465688163107,0.001126163197441635
mlp_V0-fosls,95.57971359778931,0.0010044969278864418,0.0008664720907699535,0.0011270173049912216
mlp_V0-fosls,95.77936997714343,0.0010059552674610986,0.0008660023526198891,0.0011351892286125603
mlp_V0-fosls,95.97902635649757,0.001007528085038622,0.0008655323595355118,0.0011433027437062696
mlp_V0-fosls,96.1786827358517,0.0010091870374253588,0.0008744429394383647,0.0011382844414134625
mlp_V0-fosls,96.37833911520583,0.0010113440358778293,0.0008853928521114616,0.0011320132561704911
mlp_V0-fosls,96.57799549455996,0.0010108803065378236,0.0008951066188562002,0.0011828551110953664
mlp_V0-fosls,96.7776518739141,0.001007398135266369,0.0008920996101615818,0.0012676184262532786
mlp_V0-fosls,96.97730825326822,0.001005272458061709,0.0008890824313755807,0.001347058549324873
mlp_V0-fosls,97.17696463262236,0.0010047606507933306,0.0008848457754572778,0.0012901761421941344
mlp_V0-fosls,97.37662101197648,0.0010042615241879541,0.000878307485170208,0.001201017862132898
mlp_V0-fosls,97.57627739133062,0.00100325155406178,0.0008717201561667816,0.0011149994324787308
mlp_V0-fosls,97.77593377068474,0.0010012499537358026,0.0008760135732270301,0.0011156878712146974
mlp_V0-fosls,97.97559015003888,0.0009992395511058934,0.0008870198084022222,0.0011168398896583566
mlp_V0-fosls,98.17524652939301,0.000999669747472367,0.0008978911406834567,0.0011485262159725658
mlp_V0-fosls,98.37490290874715,0.0010022272004900272,0.0008930472823221757,0.0012631464288338284
mlp_V0-fosls,98.57455928810127,0.0010047779782565544,0.0008860651594999583,0.0013681978411673608
mlp_V0-fosls,98.77421566745541,0.0010043426754064763,0.0008841051077116978,0.0013797716842249982
mlp_V0-fosls,98.97387204680953,0.0010030523819559386,0.0009102603285013421,0.0013418729395167468
mlp_V0-fosls,99.17352842616367,0.0010018130458415845,0.0009226764666758689,0.0013028722389495965
mlp_V0-fosls,99.3731848055178,0.0010003938648085798,0.0009223088874838914,0.0012967206225564718
mlp_V0-fosls,99.57284118487193,0.000998951921721582,0.0009112385339317034,0.00129365970424618
mlp_V0-fosls,99.77249756422606,0.0009985344193268286,0.0008827857886098294,0.001288997984065922
mlp_V0-fosls,99.9721539435802,0.0009999177884785814,0.0008740164042736119,0.0012772859326008537
mlp_V0-fosls,100.17181032293432,0.0010012950545672857,0.0008745083017773668,0.0012654654891833506
mlp_V0-fosls,100.37146670228846,0.001000580148522382,0.0008749999227518219,0.0012532248705781597
mlp_V0-fosls,100.57112308164258,0.0009988915513464288,0.0008751656215305576,0.0012404919064745031
mlp_V0-fosls,100.77077946099672,0.0009971977648033574,0.000875315919609978,0.0012276268829827114
mlp_V0-fosls,100.97043584035085,0.0009964129870303502,0.0008752938609508044,0.0012129356302724823
mlp_V0-fosls,101.17009221970498,0.0009955803350912777,0.0008746706673916359,0.0011974190846740001
mlp_V0-fosls,101.36974859905911,0.0009947463607952543,0.0008740470294969794,0.0011816988133608918
mlp_V0-fosls,101.56940497841325,0.0009953049714280771,0.0008730673270918439,0.0011904762340841908
mlp_V0-fosls,101.76906135776737,0.000995860391934238,0.0008717167942058762,0.001199271489096329
mlp_V0-fosls,101.96871773712151,0.0009961180230797602,0.0008703641657179154,0.0011986259027899444
mlp_V0-fosls,102.16837411647563,0.00099525398505707,0.0008706674156419583,0.001171827893350999
mlp_V0-fosls,102.36803049582977,0.0009943864363679926,0.0008714987175435273,0.001144402537760148
mlp_V0-fosls,102.5676868751839,0.0009979819422944497,0.000872318453926648,0.0011538207117936853
mlp_V0-fosls,102.76734325453803,0.0010033355863459388,0.0008727323693482072,0.001194301356705735
mlp_V0-fosls,102.96699963389217,0.0010070966950659179,0.0008731460885529372,0.0012334541849190154
mlp_V0-fosls,103.1666560132463,0.0010024214305750787,0.0008756543443465188,0.0012370788233816627
mlp_V0-fosls,103.36631239260043,0.0009962338155853345,0.0008831589512539876,0.0012323725460285416
mlp_V0-fosls,103.56596877195456,0.000992334383157517,0.0008906003231456598,0.0012276773374391892
mlp_V0-fosls,103.7656251513087,0.000994712700347189,0.0008879319401576461,0.0012233114580965498
mlp_V0-fosls,103.96528153066282,0.0009970830994338712,0.0008772882529943477,0.0012189299414481689
mlp_V0-fosls,104.16493791001696,0.0009976243432574363,0.0008665138356261983,0.0012171689996441225
mlp_V0-fosls,104.36459428937108,0.0009971754955789124,0.0008659065821225605,0.0012203242315521254
mlp_V0-fosls,104.56425066872522,0.0009967100796108297,0.0008674167492017939,0.001223471326403646
mlp_V0-fosls,104.76390704807935,0.0009957459621492254,0.0008699604313880273,0.0012258977467450934
mlp_V0-fosls,104.96356342743348,0.0009940722667162324,0.0008821578654726641,0.001227881298986439
mlp_V0-fosls,105.16321980678761,0.0009923854024818579,0.0008941889325247376,0.0012298616521082982
mlp_V0-fosls,105.36287618614175,0.000991942554464698,0.0008982047182192423,0.0012435327707586506
mlp_V0-fosls,105.56253256549587,0.0009915759353978008,0.0008883800709050995,0.0012584859352850915
mlp_V0-fosls,105.76218894485001,0.0009917610732719908,0.0008784455503509534,0.0012710455661607862
mlp_V0-fosls,105.96184532420413,0.0009929020335785513,0.0008724723159053841,0.0012717623934425952
mlp_V0-fosls,106.16150170355827,0.0009940412516641463,0.0008688351638006733,0.0012724788169131474
mlp_V0-fosls,106.3611580829124,0.0009940762636168397,0.0008651827215633596,0.0012699403369710047
mlp_V0-fosls,106.56081446226653,0.0009933513496860676,0.0008638295927508459,0.0012630469649666622
mlp_V0-fosls,106.76047084162066,0.00099262585378127,0.0008627296698482579,0.0012561157637562576
mlp_V0-fosls,106.9601272209748,0.0009918991332805629,0.0008617307527309587,0.0012411923476079627
mlp_V0-fosls,107.15978360032892,0.000991096043472634,0.0008612356043013399,0.0012226185205695878
mlp_V0-fosls,107.35943997968306,0.0009899432751934254,0.0008607401710332353,0.0012037581359720761
mlp_V0-fosls,107.55909635903718,0.0009879358808144699,0.0008615758770758157,0.001215318612934569
mlp_V0-fosls,107.75875273839132,0.0009859221232412633,0.0008641270918834055,0.0012279257891905126
mlp_V0-fosls,107.95840911774545,0.0009847259148681,0.0008666707967243282,0.001234042872996895
mlp_V0-fosls,108.15806549709959,0.0009844675541983883,0.0008658446926810408,0.0012191019512796026
mlp_V0-fosls,108.35772187645371,0.0009842091020408118,0.0008635970680129869,0.001203975632159157
mlp_V0-fosls,108.55737825580785,0.0009847538828833694,0.0008613435783224535,0.0011875741084142139
mlp_V0-fosls,108.75703463516197,0.0009857150180203919,0.000861282139515505,0.0011698583444153608
mlp_V0-fosls,108.95669101451611,0.0009866653440110482,0.000861284700657948,0.0011518701441658602
mlp_V0-fosls,109.15634739387023,0.000988019185442673,0.0008629534468880481,0.0011553151424215215
mlp_V0-fosls,109.35600377322437,0.0009895805735748182,0.0008698601058480301,0.001164997982173801
mlp_V0-fosls,109.5556601525785,0.000990769610743393,0.0008767123564749888,0.0011738109056415355
mlp_V0-fosls,109.75531653193264,0.000989129874295057,0.0008775438818036365,0.0011653344528894148
mlp_V0-fosls,109.95497291128676,0.000987486165753676,0.0008725579393589686,0.0011567958903709605
mlp_V0-fosls,110.1546292906409,0.000988044751521393,0.0008675433421943502,0.001156582158515735
mlp_V0-fosls,110.35428566999502,0.0009862455443949937,0.0008755829364945923,0.0011744156992873618
mlp_V0-fosls,110.55394204934916,0.0009861012061899684,0.0008872543912877006,0.0011919824579532754
mlp_V0-fosls,110.75359842870328,0.000986107640186778,0.000897511386424691,0.0011901379136029617
mlp_V0-fosls,110.95325480805742,0.0009860002133708688,0.000880138375918032,0.0011744834396872942
mlp_V0-fosls,111.15291118741155,0.0009858097474599846,0.0008624154641269446,0.0011586174721642118
mlp_V0-fosls,111.35256756676569,0.0009853580973236424,0.0008499773103182296,0.0011617744407266908
mlp_V0-fosls,111.55222394611981,0.000984946984172457,0.0008503196268572037,0.0011681511843243653
mlp_V0-fosls,111.75188032547395,0.0009848851035066098,0.0008506618056438978,0.001172976519247322
mlp_V0-fosls,111.95153670482807,0.0009853805262375424,0.0008515513370827639,0.0011671266003170167
mlp_V0-fosls,112.15119308418221,0.0009858754838554817,0.0008528484552412053,0.0011612472121084083
mlp_V0-fosls,112.35084946353633,0.0009855239897746152,0.0008541436035744676,0.0011740081330165663
mlp_V0-fosls,112.55050584289047,0.000984676487051452,0.0008525125624438199,0.001214388015780312
mlp_V0-fosls,112.7501622222446,0.000983827810158094,0.0008503202487417367,0.001253467753615001
mlp_V0-fosls,112.94981860159874,0.000983092547643337,0.0008486842777271537,0.0012476120114226
mlp_V0-fosls,113.14947498095286,0.0009822252726224413,0.0008516718059437294,0.0012190532076946394
mlp_V0-fosls,113.349131360307,0.0009812158107519611,0.000854648890959116,0.0011898091087797354
mlp_V0-fosls,113.54878773966112,0.000980041361339713,0.0008552119047367389,0.0012023824827391218
mlp_V0-fosls,113.74844411901526,0.000978865272576599,0.0008517863936168111,0.0012176705923723405
mlp_V0-fosls,113.94810049836939,0.0009785784979538662,0.000848347050857151,0.001230439655070003
mlp_V0-fosls,114.14775687772352,0.0009794385100777875,0.0008473165433224974,0.0012341247178838364
mlp_V0-fosls,114.34741325707765,0.0009802967154632428,0.0008476199588422931,0.001237798809910128
mlp_V0-fosls,114.54706963643179,0.0009799788962326814,0.0008479232657897974,0.0012388285091256236
mlp_V0-fosls,114.74672601578591,0.0009792154692703989,0.0008472281132340339,0.0012369568901830416
mlp_V0-fosls,114.94638239514005,0.0009796657593653638,0.0008464363327991843,0.001235082435030224
mlp_V0-fosls,115.14603877449417,0.0009797270899554555,0.00084564487011324,0.0012170391151330572
mlp_V0-fosls,115.34569515384831,0.000981133122753932,0.0008448574874768771,0.0011931028135078025
mlp_V0-fosls,115.54535153320244,0.000981812469674754,0.000844069370337915,0.001169561671134481
mlp_V0-fosls,115.74500791255657,0.0009801328540688726,0.0008435658866667099,0.0011985467652967847
mlp_V0-fosls,115.9446642919107,0.000978447820384064,0.0008434146246527242,0.001226847258064298
mlp_V0-fosls,116.14432067126484,0.0009777174105612561,0.0008432633355058185,0.0012426559413343148
mlp_V0-fosls,116.34397705061896,0.0009775702666656525,0.0008434644082372173,0.0012286780682632331
mlp_V0-fosls,116.5436334299731,0.0009774217239890322,0.0008438056508167615,0.0012145393374974178
mlp_V0-fosls,116.74328980932722,0.0009774402855083205,0.0008441467554505187,0.00119657817446091
mlp_V0-fosls,116.94294618868136,0.00097763849557583,0.0008437296748588508,0.0011753884237535523
mlp_V0-fosls,117.14260256803549,0.0009777982261489559,0.0008432989558536516,0.0011538095881866819
mlp_V0-fosls,117.34225894738962,0.0009779436343042944,0.0008430395234257888,0.0011885622493745952
mlp_V0-fosls,117.54191532674375,0.000978130607519816,0.0008432925166699905,0.0012334445121051922
mlp_V0-fosls,117.74157170609789,0.0009781467941574707,0.0008435454340373323,0.0012690186516405193
mlp_V0-fosls,117.94122808545201,0.0009774451034744976,0.0008431776392884766,0.0012327392167748846
mlp_V0-fosls,118.14088446480615,0.0009780587420508498,0.0008422327650327002,0.0011953591991271844
mlp_V0-fosls,118.34054084416027,0.0009831625161583132,0.0008412868295612186,0.0011834747815928398
mlp_V0-fosls,118.54019722351441,0.0009752904177401368,0.0008437336233344179,0.0012162263813295818
mlp_V0-fosls,118.73985360286854,0.0009745844413192283,0.000847091041216723,0.0012481188495563527
mlp_V0-fosls,118.93950998222267,0.0009749981229229662,0.000850064753991243,0.0012556329434675107
mlp_V0-fosls,119.1391663615768,0.0009756201135478889,0.0008465289553944242,0.0012496951418619123
mlp_V0-fosls,119.33882274093094,0.0009762696254856545,0.0008429783263312036,0.0012437289923715872
mlp_V0-fosls,119.53847912028506,0.0009764158775882601,0.0008422451873075429,0.0012471994721276213
mlp_V0-fosls,119.7381354996392,0.0009765494355743224,0.0008474805785295874,0.0012515970671537677
mlp_V0-fosls,119.93779187899334,0.0009762630854549042,0.0008526838255924466,0.0012484963014217497
mlp_V0-fosls,120.13744825834746,0.0009751795702880071,0.0008519714319206445,0.0012105614672014435
mlp_V0-fosls,120.3371046377016,0.0009740937346388832,0.0008471145876808274,0.0011713987865291766
mlp_V0-fosls,120.53676101705572,0.0009741181255360182,0.0008422297361850885,0.001180943354676281
mlp_V0-fosls,120.73641739640986,0.0009751224275125615,0.0008412151095808129,0.0012483559258228024
mlp_V0-fosls,120.93607377576399,0.0009761248410110805,0.0008408531616681493,0.0013123101112617142
mlp_V0-fosls,121.13573015511813,0.0009771472750688015,0.0008406333627429077,0.0012851133278572197
mlp_V0-fosls,121.33538653447225,0.0009782040757669252,0.0008414270694570928,0.0012206562046688377
mlp_V0-fosls,121.53504291382639,0.0009791992635881956,0.0008422200281837601,0.0011526000496949469
mlp_V0-fosls,121.73469929318051,0.0009777225601327508,0.0008423934183022964,0.001219858336780658
mlp_V0-fosls,121.93435567253465,0.0009762376489531848,0.0008416019117616349,0.001284765813636606
mlp_V0-fosls,122.13401205188877,0.0009747683159192421,0.0008408096601268625,0.0013365959045963764
mlp_V0-fosls,122.33366843124291,0.0009741072441063806,0.0008407945706545886,0.0013589843513427578
mlp_V0-fosls,122.53332481059704,0.000973444746520759,0.0008411823055420328,0.0013810098921460273
mlp_V0-fosls,122.73298118995118,0.000973479141436018,0.000841569861789136,0.001343802482321831
mlp_V0-fosls,122.9326375693053,0.0009738609323278185,0.0008402346927474713,0.0012498368007749592
mlp_V0-fosls,123.13229394865944,0.0009745344308313307,0.0008387604054040283,0.0011482068392273395
mlp_V0-fosls,123.33195032801356,0.000977161788659745,0.0008381374257217617,0.0011254037404998265
mlp_V0-fosls,123.5316067073677,0.0009795510983763125,0.0008410472809275063,0.0011233760219281237
mlp_V0-fosls,123.73126308672182,0.000979924621942871,0.0008439471032686832,0.0011213268189349177
mlp_V0-fosls,123.93091946607596,0.000977384967719219,0.0008438625019117455,0.001119044915095666
mlp_V0-fosls,124.13057584543009,0.000978548438023333,0.0008403099877005755,0.001116758348587657
mlp_V0-fosls,124.33023222478423,0.0009861013572155003,0.0008367423908981377,0.001105041052685316
mlp_V0-fosls,124.52988860413835,0.0009741406847860342,0.0008363347623216146,0.0010775210405059884
mlp_V0-fosls,124.72954498349249,0.0009742557104073448,0.0008370932307825514,0.0010794338110998714
mlp_V0-fosls,124.92920136284661,0.0009745960864755882,0.0008378510126367265,0.0010809389892769943
mlp_V0-fosls,125.12885774220075,0.0009747413070746193,0.0008370990298463253,0.0010791971803379905
mlp_V0-fosls,125.32851412155487,0.0009745564946255637,0.0008363450609316436,0.0010774525555957298
mlp_V0-fosls,125.52817050090901,0.0009735085957614179,0.0008359842261609807,0.0010763050760475745
mlp_V0-fosls,125.72782688026314,0.0009724925275029073,0.0008367036933988777,0.0010761420743896032
mlp_V0-fosls,125.92748325961728,0.0009717405667963047,0.0008374225425104537,0.0010759790480382697
mlp_V0-fosls,126.1271396389714,0.0009713254114491038,0.0008367881136397,0.001075807339401469
mlp_V0-fosls,126.32679601832554,0.0009709100296383755,0.0008349745224585947,0.0010757983342852813
mlp_V0-fosls,126.52645239767966,0.0009709059719346356,0.0008331569835158493,0.0010772708990046862
mlp_V0-fosls,126.7261087770338,0.0009711424011898094,0.0008336287230426789,0.0010772004205747685
mlp_V0-fosls,126.92576515638793,0.0009713787687215837,0.0008346618026756959,0.0010762596279496306
mlp_V0-fosls,127.12542153574206,0.0009714218206834401,0.0008355038207262359,0.0010764608734769843
mlp_V0-fosls,127.32507791509619,0.0009714297358160622,0.0008338789017748905,0.0010756150575873585
mlp_V0-fosls,127.52473429445033,0.0009713618882490518,0.0008322508102744366,0.001074768576062066
mlp_V0-fosls,127.72439067380445,0.0009713506957894206,0.0008322879606196641,0.0010746850442099496
mlp_V0-fosls,127.92404705315859,0.0009713390021299187,0.0008355472238980435,0.0010740849053668443
mlp_V0-fosls,128.1237034325127,0.0009715442023865331,0.0008387938228998915,0.0010734062842752481
mlp_V0-fosls,128.32335981186685,0.0009717486054369146,0.0008384540625919047,0.0010734795001232488
mlp_V0-fosls,128.52301619122096,0.000971952696686566,0.0008357929450510282,0.0010746829672910862
mlp_V0-fosls,128.7226725705751,0.0009717730947718613,0.0008331233275555738,0.0010758850882814056
mlp_V0-fosls,128.92232894992924,0.0009714272927470791,0.0008322965538068369,0.0010760297121162926
mlp_V0-fosls,129.12198532928338,0.0009710601528290844,0.0008317283208184022,0.0010761535339944206
mlp_V0-fosls,129.32164170863751,0.0009713049692414826,0.0008312001103220822,0.001076246052675192
mlp_V0-fosls,129.52129808799162,0.0009717034537016992,0.0008309085054444107,0.0010762433853678225
mlp_V0-fosls,129.72095446734576,0.0009721804405183679,0.0008306167981929374,0.0010762407180538425
mlp_V0-fosls,129.9206108466999,0.0009722206753414919,0.0008307807194629498,0.0010791883626392886
mlp_V0-fosls,130.12026722605404,0.0009722605239651399,0.0008315877132660194,0.0010848936791736027
mlp_V0-fosls,130.31992360540815,0.0009717353147735313,0.0008323939247007023,0.0010905691487317994
mlp_V0-fosls,130.5195799847623,0.0009707493499311926,0.0008330901383766938,0.0010912673995666638
mlp_V0-fosls,130.71923636411643,0.0009697623567335105,0.0008337351659154581,0.0010905851707456375
mlp_V0-fosls,130.91889274347056,0.0009696996690771969,0.0008343796948078578,0.001089627793988063
mlp_V0-fosls,131.11854912282467,0.0009700686649624765,0.0008342316300471474,0.0010834359218609502
mlp_V0-fosls,131.3182055021788,0.0009705932020097561,0.0008340424005360438,0.0010772084589930027
mlp_V0-fosls,131.51786188153295,0.0009709028422943146,0.0008343944235915599,0.0010736415607291011
mlp_V0-fosls,131.7175182608871,0.0009711393216440021,0.0008366840040761297,0.001075855401479389
mlp_V0-fosls,131.9171746402412,0.0009708671490588689,0.0008389673362134179,0.0010780646960456193
mlp_V0-fosls,132.11683101959534,0.0009700760933412007,0.0008390926377891068,0.00107754815319752
mlp_V0-fosls,132.31648739894948,0.0009692840805022708,0.0008369344996355079,0.0010750934173830887
mlp_V0-fosls,132.51614377830361,0.0009692818228616251,0.0008347707820524113,0.0010726330638860197
mlp_V0-fosls,132.71580015765772,0.0009699480303895899,0.0008336476754122679,0.001072073991019422
mlp_V0-fosls,132.91545653701186,0.000970612295161865,0.0008328641412466309,0.0010718445022771166
mlp_V0-fosls,133.115112916366,0.0009704834084901951,0.000832082068110232,0.0010717240670190002
mlp_V0-fosls,133.31476929572014,0.0009698962997117884,0.0008313964879997563,0.0010724081605414312
mlp_V0-fosls,133.51442567507425,0.0009691397134277135,0.0008307103420844459,0.0010730918179559315
mlp_V0-fosls,133.7140820544284,0.0009692329584247241,0.0008304217874795023,0.0010729477658424288
mlp_V0-fosls,133.91373843378253,0.0009693252379915735,0.0008311075325359224,0.0010714893241832834
mlp_V0-fosls,134.11339481313667,0.0009712014277233902,0.0008317927122518247,0.0010700288946805313
mlp_V0-fosls,134.31305119249078,0.0009753087630738546,0.0008318230446087632,0.0010712000163254295
mlp_V0-fosls,134.5127075718449,0.000979398607482936,0.0008313351503598847,0.0010737595285261058
mlp_V0-fosls,134.71236395119905,0.0009798016717476265,0.0008308469696072748,0.0010763129541288676
mlp_V0-fosls,134.9120203305532,0.0009781364468097833,0.0008302391877614163,0.0010749055331169964
mlp_V0-fosls,135.1116767099073,0.0009762927069647276,0.000829605624436276,0.0010731569035156555
mlp_V0-fosls,135.31133308926144,0.0009738669760635899,0.0008290779251833908,0.001071612094481608
mlp_V0-fosls,135.51098946861558,0.000971912667443511,0.0008295876980699575,0.0010709551613065755
mlp_V0-fosls,135.71064584796972,0.0009707974966425154,0.0008300971578987763,0.0010702978249156295
mlp_V0-fosls,135.91030222732383,0.0009698318181000306,0.0008304346944880691,0.001070059185581435
mlp_V0-fosls,136.10995860667796,0.0009688614833578181,0.0008304672582914127,0.0010693729103148134
mlp_V0-fosls,136.3096149860321,0.0009687654477638706,0.0008304998208179331,0.001068983217966663
mlp_V0-fosls,136.50927136538624,0.0009699977914838101,0.000830469195653359,0.0010689668887275449
mlp_V0-fosls,136.70892774474035,0.0009712285610321393,0.0008304010681627369,0.0010690930524267846
mlp_V0-fosls,136.9085841240945,0.000971149874394677,0.000830332935082363,0.0010710326611948946
mlp_V0-fosls,137.10824050344863,0.0009708940409854149,0.0008296120674700844,0.0010717994275365424
mlp_V0-fosls,137.30789688280277,0.0009707289300314905,0.00082881446120239,0.0010710930681370212
mlp_V0-fosls,137.5075532621569,0.0009693487919137945,0.0008282342486896387,0.0010703862426034326
mlp_V0-fosls,137.707209641511,0.0009678017586541379,0.0008287643160450857,0.0010698016196745892
mlp_V0-fosls,137.90686602086515,0.000967068734032989,0.0008292940445926686,0.0010695259608872504
mlp_V0-fosls,138.1065224002193,0.00096867085464111,0.0008294014813267238,0.0010686664195559737
mlp_V0-fosls,138.30617877957343,0.0009702703235066298,0.0008289534476090718,0.001068020029923461
mlp_V0-fosls,138.50583515892754,0.0009706390464456409,0.0008285051716066524,0.0010690492075056547
mlp_V0-fosls,138.70549153828168,0.0009699114734826237,0.0008289042407307619,0.0010697166256360344
mlp_V0-fosls,138.90514791763582,0.0009691826357266319,0.0008296675797146608,0.0010693906600081303
mlp_V0-fosls,139.10480429698995,0.0009679982110273237,0.0008304302170307421,0.0010690645949909226
mlp_V0-fosls,139.30446067634406,0.0009669570176142761,0.0008300207958449313,0.0010687461219383066
mlp_V0-fosls,139.5041170556982,0.0009662606831494741,0.0008295704092589808,0.0010684343331175525
mlp_V0-fosls,139.70377343505234,0.0009670132003015434,0.0008291732126735923,0.0010681224532845138
mlp_V0-fosls,139.90342981440648,0.000967765002031593,0.0008289505379634652,0.0010685113392132426
mlp_V0-fosls,140.1030861937606,0.0009680140568219265,0.0008287278034218416,0.001069078045454984
mlp_V0-fosls,140.30274257311473,0.0009675756200905961,0.0008285144740907152,0.0010696138828230793
mlp_V0-fosls,140.50239895246887,0.0009671369840198546,0.0008283104859831339,0.001069693480117073
mlp_V0-fosls,140.702055331823,0.0009673233830839897,0.0008281064476270044,0.0010697730714885687
mlp_V0-fosls,140.90171171117711,0.0009679137634995723,0.000828589717251633,0.001069537522037939
mlp_V0-fosls,141.10136809053125,0.0009684891520468388,0.0008292781938441538,0.0010686563792749462
mlp_V0-fosls,141.3010244698854,0.0009680985473528197,0.0008299242650905644,0.0010682418379857456
mlp_V0-fosls,141.50068084923953,0.0009675633494274823,0.0008295050142930927,0.001067447574460226
mlp_V0-fosls,141.70033722859364,0.0009670203819262748,0.0008290855514895035,0.0010675007878750598
mlp_V0-fosls,141.89999360794778,0.0009664686921718546,0.0008286314316690251,0.001067553998637412
mlp_V0-fosls,142.09964998730192,0.0009659166797711573,0.0008280988644125494,0.0010671400172012097
mlp_V0-fosls,142.29930636665605,0.00096591919786952,0.0008275659544307325,0.0010666496350806869
mlp_V0-fosls,142.49896274601016,0.0009663741018782628,0.0008274420754935843,0.0010663254045693053
mlp_V0-fosls,142.6986191253643,0.0009668284114620078,0.0008276220213848121,0.0010671608358058932
mlp_V0-fosls,142.89827550471844,0.0009666850390853904,0.0008278019281597708,0.001067995613533114
mlp_V0-fosls,143.09793188407258,0.0009664785264019072,0.0008280431488753602,0.0010681600167146942
mlp_V0-fosls,143.2975882634267,0.0009663454297274994,0.0008282958178064568,0.0010672817940584635
mlp_V0-fosls,143.49724464278083,0.0009663498281060649,0.0008286462965984489,0.0010664028481532529
mlp_V0-fosls,143.69690102213497,0.0009663115601696954,0.0008297919027590365,0.001065903143099573
mlp_V0-fosls,143.8965574014891,0.00096595850123248,0.0008309359294810884,0.0010656018282429517
mlp_V0-fosls,144.09621378084321,0.0009651070344034782,0.0008314924261159579,0.0010653004281609454
mlp_V0-fosls,144.29587016019735,0.0009642548133180038,0.0008310796553827218,0.0010656057771906426
mlp_V0-fosls,144.4955265395515,0.0009641098745118673,0.000830666679537542,0.0010659620275016801
mlp_V0-fosls,144.69518291890563,0.0009649275349216476,0.0008298623090006696,0.0010662568184667271
mlp_V0-fosls,144.89483929825974,0.0009657406867166203,0.0008288414090475339,0.0010662870751027684
mlp_V0-fosls,145.09449567761388,0.0009657051291185544,0.0008278192500805232,0.0010663173308802809
mlp_V0-fosls,145.29415205696802,0.0009651088107730423,0.0008280934193845214,0.001066183048140285
mlp_V0-fosls,145.49380843632215,0.0009645088203000898,0.0008284919591443079,0.0010658505919479695
mlp_V0-fosls,145.69346481567626,0.0009644021835873004,0.0008288147650714783,0.0010655180320247822
mlp_V0-fosls,145.8931211950304,0.0009643075817133888,0.0008287932767136056,0.0010655286674839974
mlp_V0-fosls,146.09277757438454,0.0009645119601174832,0.0008287717877985837,0.0010656729811570438
mlp_V0-fosls,146.29243395373868,0.0009647942564581639,0.000828838828113482,0.0010658172752897462
mlp_V0-fosls,146.4920903330928,0.0009650737817781779,0.000829014987878908,0.0010654561830031562
mlp_V0-fosls,146.69174671244693,0.0009642195615453928,0.0008291911102195933,0.0010650875124857016
mlp_V0-fosls,146.89140309180107,0.000963087614181711,0.0008288467650786746,0.001064630317179098
mlp_V0-fosls,147.0910594711552,0.000961961603881621,0.0008282955868431209,0.0010639084975194216
mlp_V0-fosls,147.29071585050932,0.0009622948776284929,0.0008277440415890633,0.001063186187801177
mlp_V0-fosls,147.49037222986345,0.0009629401763204339,0.0008280959534515455,0.0010629875970889924
mlp_V0-fosls,147.6900286092176,0.0009636164597340146,0.0008284619677297395,0.001063294180433454
mlp_V0-fosls,147.88968498857173,0.0009628371943905568,0.0008286632989149246,0.0010636006754051405
mlp_V0-fosls,148.08934136792584,0.0009620565768135468,0.000828377128886185,0.0010637803935074528
mlp_V0-fosls,148.28899774727998,0.0009613185073017729,0.0008280908599633693,0.0010639231454378992
mlp_V0-fosls,148.48865412663412,0.0009609014738933975,0.000827883519892294,0.0010640569134637721
mlp_V0-fosls,148.68831050598826,0.0009604842282215047,0.0008277490949492176,0.0010639734224989514
mlp_V0-fosls,148.88796688534237,0.0009606034197470342,0.0008276146481722294,0.0010638899249820043
mlp_V0-fosls,149.0876232646965,0.000960816816770911,0.0008267990227652496,0.0010639054937839688
mlp_V0-fosls,149.28727964405064,0.0009610124030417055,0.0008257983504015391,0.0010642943030765818
mlp_V0-fosls,149.48693602340478,0.0009614415205606932,0.0008249107131909572,0.0010657210094841682
mlp_V0-fosls,149.6865924027589,0.0009619261745809395,0.0008259996219022205,0.0010648030243609514
mlp_V0-fosls,149.88624878211303,0.0009621627601049826,0.0008270870970024915,0.00106463354042323
mlp_V0-fosls,150.08590516146717,0.0009619095587847612,0.0008273711640517992,0.0010647258074314664
mlp_V0-fosls,150.2855615408213,0.0009616559993744513,0.0008259734669637779,0.001064586676453853
mlp_V0-fosls,150.48521792017542,0.0009618526036359777,0.000824573400706024,0.0010654766032415542
mlp_V0-fosls,150.68487429952955,0.0009622546923469767,0.0008239003598793215,0.0010653461852136437
mlp_V0-fosls,150.8845306788837,0.0009626565280884541,0.0008237322383120493,0.0010646948488882435
mlp_V0-fosls,151.08418705823783,0.0009618246358274035,0.0008235640824246055,0.0010640431138582008
mlp_V0-fosls,151.28384343759194,0.0009607976909563492,0.0008238298970398793,0.0010649697715810421
mlp_V0-fosls,151.48349981694608,0.0009600339648921056,0.000824167819027744,0.0010660156807816928
mlp_V0-fosls,151.68315619630022,0.0009605933496244245,0.0008245023135222419,0.0010664958326916684
mlp_V0-fosls,151.88281257565436,0.0009611648687237977,0.0008248137732674278,0.0010653183802124015
mlp_V0-fosls,152.08246895500847,0.0009613641797179691,0.0008251251154459998,0.001065475047014501
mlp_V0-fosls,152.2821253343626,0.0009610820558392155,0.000825392960760442,0.0010656316907837959
mlp_V0-fosls,152.48178171371674,0.000960799847243551,0.0008255937703432234,0.0010655247462309522
mlp_V0-fosls,152.68143809307088,0.0009622928316490121,0.000825794531094866,0.001065387599309082
mlp_V0-fosls,152.881094472425,0.0009644823497480701,0.0008253276252017821,0.0010652892667734257
mlp_V0-fosls,153.08075085177913,0.0009666088258330391,0.0008245168320849917,0.0010653916021972736
mlp_V0-fosls,153.28040723113327,0.0009642730648999413,0.0008237052408851892,0.0010654939277923102
mlp_V0-fosls,153.4800636104874,0.0009619159080647207,0.0008241729019373776,0.0010668152999773143
mlp_V0-fosls,153.67971998984152,0.0009602828123143881,0.0008247388202812578,0.0010708890787782376
mlp_V0-fosls,153.87937636919565,0.0009603582280234295,0.0008251660428707478,0.0010729253402889435
mlp_V0-fosls,154.0790327485498,0.0009604335424589185,0.0008250257756060646,0.001069233709960728
mlp_V0-fosls,154.27868912790393,0.0009604701364047739,0.0008248854844897008,0.001065529289695323
mlp_V0-fosls,154.47834550725807,0.0009606205279441926,0.000824847982019073,0.0010641595988743102
mlp_V0-fosls,154.67800188661218,0.0009607708251229623,0.0008249293739279459,0.001063506019970081
mlp_V0-fosls,154.87765826596632,0.0009609574551480546,0.0008250107578070533,0.00106281840497603
mlp_V0-fosls,155.07731464532046,0.0009611424388237384,0.0008275637675792304,0.0010622696521123218
mlp_V0-fosls,155.2769710246746,0.0009612938768741659,0.0008310092690660974,0.0010621996552982597
mlp_V0-fosls,155.4766274040287,0.0009612545734817728,0.0008344405438002204,0.001062129653871245
mlp_V0-fosls,155.67628378338284,0.0009612357141306878,0.0008302370372983165,0.0010620267834493948
mlp_V0-fosls,155.87594016273698,0.0009613966455273635,0.0008260044155140326,0.0010618898911149532
mlp_V0-fosls,156.07559654209112,0.0009616032910681857,0.0008231175753173506,0.0010617529811309157
mlp_V0-fosls,156.27525292144523,0.0009618097737624949,0.0008239863630058977,0.0010621247013613809
mlp_V0-fosls,156.47490930079937,0.0009617581143704108,0.0008248542356338237,0.0010626593868577098
mlp_V0-fosls,156.6745656801535,0.0009615148923592272,0.0008250752581356531,0.0010631801031710487
mlp_V0-fosls,156.87422205950764,0.0009612715902465444,0.0008247328179343379,0.0010631216728388222
mlp_V0-fosls,157.07387843886175,0.0009615549877864224,0.0008243902354881534,0.0010630632392950243
mlp_V0-fosls,157.2735348182159,0.0009619992600507152,0.0008247947769565931,0.0010632027361418535
mlp_V0-fosls,157.47319119757003,0.0009623867594533745,0.0008253837126212743,0.0010638291132764773
mlp_V0-fosls,157.67284757692417,0.0009619566759396632,0.000825960169580785,0.001064455121820412
mlp_V0-fosls,157.87250395627828,0.0009614691900374123,0.000826375452178125,0.0010647871683684565
mlp_V0-fosls,158.07216033563242,0.0009611480531418763,0.0008267905261862173,0.0010648827950286164
mlp_V0-fosls,158.27181671498656,0.0009612691571887417,0.0008275270883909998,0.0010649784131022565
mlp_V0-fosls,158.4714730943407,0.0009613902208664186,0.0008288942041882493,0.0010659261829044345
mlp_V0-fosls,158.6711294736948,0.0009612572182690774,0.0008302590688772126,0.0010670608957428873
mlp_V0-fosls,158.87078585304894,0.0009610051160094254,0.0008290304777150402,0.0010680566333265543
mlp_V0-fosls,159.07044223240308,0.0009607529272255337,0.0008261029245523894,0.0010675713976483834
mlp_V0-fosls,159.27009861175722,0.0009604885174230828,0.0008231649597301831,0.0010670859413191571
mlp_V0-fosls,159.46975499111133,0.0009602241686139758,0.0008230723286112927,0.001066902795094618
mlp_V0-fosls,159.66941137046547,0.0009601232685327492,0.0008233944146582787,0.0010672779578762847
mlp_V0-fosls,159.8690677498196,0.0009605126526022392,0.0008236784696539758,0.00106765298882944
mlp_V0-fosls,160.06872412917375,0.0009609020789680237,0.0008237297467718854,0.001066319050989184
mlp_V0-fosls,160.26838050852785,0.0009614214434057135,0.0008237810206979967,0.0010639183309266195
mlp_V0-fosls,160.468036887882,0.0009620099578804816,0.0008240155418993829,0.0010615121814001444
mlp_V0-fosls,160.66769326723613,0.0009625974711285964,0.0008245325686372867,0.0010613267877712055
mlp_V0-fosls,160.86734964659027,0.0009620188003036401,0.0008250492713744253,0.001061437808828571
mlp_V0-fosls,161.06700602594438,0.0009612867961925446,0.0008241841623867529,0.0010614985145187953
mlp_V0-fosls,161.26666240529852,0.0009606210730722408,0.0008226077860232726,0.001061269980067199
mlp_V0-fosls,161.46631878465266,0.0009606313792251352,0.0008210283830191663,0.0010610413963922692
mlp_V0-fosls,161.6659751640068,0.0009606332530157886,0.0008213207900393356,0.0010609690288131102
mlp_V0-fosls,161.8656315433609,0.0009605672537769249,0.0008217572514724059,0.0010611227398503933
mlp_V0-fosls,162.06528792271504,0.0009600284556559593,0.000822075712518358,0.001061276428624784
mlp_V0-fosls,162.26494430206918,0.0009594893548693584,0.0008219115327736771,0.001061272122095644
mlp_V0-fosls,162.46460068142332,0.000959379031213699,0.0008217473202269567,0.0010611917961594892
mlp_V0-fosls,162.66425706077743,0.0009599578813778345,0.0008216585542430072,0.0010611114641426768
mlp_V0-fosls,162.86391344013157,0.0009605356701395174,0.000821657250709087,0.0010612359861650446
mlp_V0-fosls,163.0635698194857,0.0009607776005979707,0.0008216559471730988,0.001061373300865733
mlp_V0-fosls,163.26322619883985,0.0009606021252583645,0.0008218036498219815,0.0010613747532043957
mlp_V0-fosls,163.46288257819396,0.0009603436667098362,0.0008220064245920437,0.0010608564939540972
mlp_V0-fosls,163.6625389575481,0.0009599603679100172,0.0008222091493534117,0.0010603379813953037
mlp_V0-fosls,163.86219533690223,0.0009596105171852179,0.0008220059751838189,0.0010600955114256976
mlp_V0-fosls,164.06185171625637,0.0009594032688365002,0.0008218013840674261,0.0010601608408390057
mlp_V0-fosls,164.26150809561048,0.0009598259121291212,0.0008217355102713037,0.0010602261662268216
mlp_V0-fosls,164.46116447496462,0.0009602480276325646,0.0008220569388459961,0.0010605990203058555
mlp_V0-fosls,164.66082085431876,0.0009601260803380106,0.0008223782417895426,0.0010610802734652472
mlp_V0-fosls,164.8604772336729,0.0009593158348938037,0.0008228283524121376,0.0010615567354772828
mlp_V0-fosls,165.060133613027,0.0009585045769811315,0.0008233918268494087,0.0010611329220452665
mlp_V0-fosls,165.25978999238114,0.0009582080316903641,0.0008239549159459761,0.0010607089392757401
mlp_V0-fosls,165.45944637173528,0.0009581507710945405,0.0008235583951848328,0.0010603889938733276
mlp_V0-fosls,165.65910275108942,0.0009582043345617924,0.0008229212912012644,0.001060349114648879
mlp_V0-fosls,165.85875913044353,0.000958769287068245,0.0008223240710226598,0.0010603092339245353
mlp_V0-fosls,166.05841550979767,0.0009593406215320976,0.0008222875853534485,0.0010604067168303094
mlp_V0-fosls,166.2580718891518,0.0009596966302946044,0.0008222510980652622,0.00106062326563742
mlp_V0-fosls,166.45772826850595,0.0009596550073511369,0.0008224173066595301,0.001060839770240508
mlp_V0-fosls,166.65738464786006,0.0009596133765827735,0.0008229854628361152,0.001060878213046068
mlp_V0-fosls,166.8570410272142,0.0009593735236657058,0.0008235532270509504,0.001060872431786391
mlp_V0-fosls,167.05669740656833,0.0009589850267535387,0.0008239598039739337,0.0010608361632056225
mlp_V0-fosls,167.25635378592247,0.0009586032517181156,0.0008242604284630139,0.0010603746888848248
mlp_V0-fosls,167.45601016527658,0.0009589075771568945,0.0008245609433482154,0.0010599130136432666
mlp_V0-fosls,167.65566654463072,0.0009593767322691552,0.0008241072115417302,0.001059605522520837
mlp_V0-fosls,167.85532292398486,0.000959732004103836,0.000823540611497497,0.0010596076809154984
mlp_V0-fosls,168.054979303339,0.000959023923891763,0.0008230715428825039,0.0010596098393057631
mlp_V0-fosls,168.2546356826931,0.0009583151231924872,0.0008232128126941285,0.0010598480237113642
mlp_V0-fosls,168.45429206204724,0.0009579653853111652,0.0008233540582668985,0.001060244320142808
mlp_V0-fosls,168.65394844140138,0.0009581195498772847,0.0008234132232902964,0.0010606404685025393
mlp_V0-fosls,168.85360482075552,0.0009582736680836727,0.0008233521622104807,0.001060252215471503
mlp_V0-fosls,169.05326120010963,0.00095841248332858,0.0008232910966019442,0.0010597400030266766
mlp_V0-fosls,169.25291757946377,0.0009585435745828473,0.0008231373334053375,0.0010592392738323876
mlp_V0-fosls,169.4525739588179,0.00095860095343256,0.000822938603047061,0.0010588171777013667
mlp_V0-fosls,169.65223033817205,0.0009583089786831697,0.0008227398246860589,0.001058394913235136
mlp_V0-fosls,169.85188671752616,0.0009580272876309595,0.0008227225105756037,0.0010584397275023498
mlp_V0-fosls,170.0515430968803,0.0009580672332028071,0.000822716632965121,0.0010592001133276584
mlp_V0-fosls,170.25119947623443,0.0009587257391645372,0.000822744525183127,0.0010599599536734396
mlp_V0-fosls,170.45085585558857,0.0009593837931152315,0.0008229012566037787,0.0010598587391923784
mlp_V0-fosls,170.65051223494268,0.0009594405909631603,0.0008230579581787342,0.0010593150239059832
mlp_V0-fosls,170.85016861429682,0.0009591574502684813,0.0008231543534477018,0.0010587710294031516
mlp_V0-fosls,171.04982499365096,0.0009588738937936718,0.0008231841354185453,0.0010588652993137827
mlp_V0-fosls,171.2494813730051,0.0009586236979887286,0.0008232139163119462,0.0010599644241317536
mlp_V0-fosls,171.44913775235923,0.0009581420753798958,0.0008231830516235877,0.001058890329808585
mlp_V0-fosls,171.64879413171334,0.0009576951440317513,0.000823131154354046,0.0010589334771226103
mlp_V0-fosls,171.84845051106748,0.000958283758219256,0.0008230763968687669,0.001058976622678626
mlp_V0-fosls,172.04810689042162,0.0009589314266439889,0.0008227414743733205,0.001059264524082777
mlp_V0-fosls,172.24776326977576,0.0009591583432105694,0.0008224064154817242,0.0010598428228261708
mlp_V0-fosls,172.44741964912987,0.0009588326699154604,0.0008222465309033175,0.001060420806195342
mlp_V0-fosls,172.647076028484,0.0009585065696516124,0.0008225435532048296,0.0010605435859004399
mlp_V0-fosls,172.84673240783815,0.0009583647983085569,0.0008228404682896391,0.0010604913651312282
mlp_V0-fosls,173.04638878719229,0.0009582417009155772,0.0008229414272905503,0.0010604391417904323
mlp_V0-fosls,173.2460451665464,0.0009581458002312941,0.0008228784823854027,0.0010604131767377894
mlp_V0-fosls,173.44570154590053,0.0009585789507505033,0.0008228155326650067,0.001060387533233285
mlp_V0-fosls,173.64535792525467,0.0009590246359519486,0.0008228692491817671,0.0010602277257596865
mlp_V0-fosls,173.8450143046088,0.0009593647962598628,0.000822949988191782,0.0010613689287640622
mlp_V0-fosls,174.04467068396292,0.0009591286389879015,0.0008230342643448523,0.0010631553072229492
mlp_V0-fosls,174.24432706331706,0.0009588922814172229,0.0008231596980121734,0.001061408928220323
mlp_V0-fosls,174.4439834426712,0.000958637626493855,0.0008232851125687339,0.0010602366032791551
mlp_V0-fosls,174.64363982202534,0.0009586613752123582,0.0008233623518862354,0.0010611564701593307
mlp_V0-fosls,174.84329620137945,0.0009586848483109851,0.000823348986101553,0.001060714332014647
mlp_V0-fosls,175.04295258073358,0.0009585622569173108,0.0008233356200998943,0.0010598962586790472
mlp_V0-fosls,175.24260896008772,0.0009582394555812902,0.0008230529473789404,0.0010591183252047804
mlp_V0-fosls,175.44226533944186,0.0009579152836327724,0.0008226011981395297,0.0010591158907022411
mlp_V0-fosls,175.64192171879597,0.0009576410610876223,0.0008221492006758985,0.001059113456194106
mlp_V0-fosls,175.8415780981501,0.0009573783428821006,0.0008223609101781102,0.00105927005685005
mlp_V0-fosls,176.04123447750425,0.0009572459050102638,0.0008226611272670958,0.0010597703439589646
mlp_V0-fosls,176.24089085685839,0.0009574532554160407,0.0008229165124676291,0.0010602703950081302
mlp_V0-fosls,176.4405472362125,0.000957660543604772,0.0008229175233892662,0.0010605102574718268
mlp_V0-fosls,176.64020361556663,0.0009577413085573621,0.0008229185343096615,0.0010605631083226254
mlp_V0-fosls,176.83985999492077,0.0009577863428217772,0.0008227408881850103,0.0010606159565398486
mlp_V0-fosls,177.0395163742749,0.0009578313566051545,0.0008223126672004947,0.0010604458270502247
mlp_V0-fosls,177.23917275362902,0.0009577417376012269,0.0008218842231028186,0.0010602355404233884
mlp_V0-fosls,177.43882913298316,0.0009575474090718755,0.0008218606031599219,0.0010600490530739335
mlp_V0-fosls,177.6384855123373,0.0009572960545975043,0.0008220245588933044,0.001060049464905425
mlp_V0-fosls,177.83814189169144,0.0009570835373669083,0.0008221884819316509,0.001060049876736756
mlp_V0-fosls,178.03779827104555,0.000956893932796092,0.0008225085687345495,0.0010602325268908128
mlp_V0-fosls,178.23745465039968,0.0009569447066672996,0.0008228366193037858,0.0010607139183252086
mlp_V0-fosls,178.43711102975382,0.0009571588842787978,0.0008230258424535855,0.0010611950913853479
mlp_V0-fosls,178.63676740910796,0.0009573728719842892,0.000822718263907874,0.0010612598828790099
mlp_V0-fosls,178.83642378846207,0.0009573660780654225,0.0008224105703289195,0.0010610957433097054
mlp_V0-fosls,179.0360801678162,0.0009573347911700335,0.0008226503042990898,0.0010609315783459282
mlp_V0-fosls,179.23573654717035,0.0009572949295190361,0.0008234699806248063,0.001061075307739204
mlp_V0-fosls,179.4353929265245,0.0009570103495973538,0.0008242888418613057,0.0010612488305034814
mlp_V0-fosls,179.6350493058786,0.00095670815317807,0.000823687668478439,0.0010614129624763767
mlp_V0-fosls,179.83470568523273,0.0009563852481771289,0.0008226205631903538,0.00106153369493437
mlp_V0-fosls,180.03436206458687,0.0009563889023472181,0.0008215797194440558,0.001061654413662541
mlp_V0-fosls,180.234018443941,0.0009563976423626486,0.0008218464164775535,0.0010616193969670222
mlp_V0-fosls,180.43367482329512,0.0009567904754190599,0.0008221130269933808,0.001061388896626996
mlp_V0-fosls,180.63333120264926,0.0009572338396272711,0.0008223335186290183,0.0010611583462186596
mlp_V0-fosls,180.8329875820034,0.0009576766746473453,0.0008224400041653812,0.0010612153048900057
mlp_V0-fosls,181.03264396135754,0.0009576675235286048,0.0008225464759162988,0.0010613899715761128
mlp_V0-fosls,181.23230034071165,0.0009575638287082237,0.0008225800767791422,0.0010615646095230827
mlp_V0-fosls,181.43195672006578,0.0009574050505911905,0.0008225554827348956,0.0010621015186812117
mlp_V0-fosls,181.63161309941992,0.0009570806882331067,0.0008225308879552757,0.001062647139273655
mlp_V0-fosls,181.83126947877406,0.0009568085921040118,0.0008225905500177614,0.0010629734395659703
mlp_V0-fosls,182.03092585812817,0.0009566353615941506,0.0008226682759055655,0.001062613644664294
mlp_V0-fosls,182.2305822374823,0.0009563601571531378,0.0008227112923229279,0.001062253727896852
mlp_V0-fosls,182.43023861683645,0.0009560848723850625,0.0008224076484792845,0.0010620501341883652
mlp_V0-fosls,182.6298949961906,0.000956153188388964,0.0008221038924848798,0.0010619981142105626
mlp_V0-fosls,182.8295513755447,0.0009566006848923398,0.0008220282290170302,0.0010619460916845346
mlp_V0-fosls,183.02920775489883,0.0009570479620897118,0.0008223598129491407,0.0010622525976930848
mlp_V0-fosls,183.22886413425297,0.0009572956954701974,0.000822691263237076,0.0010626636186062866
mlp_V0-fosls,183.4285205136071,0.0009575620780669037,0.0008224348056314663,0.001063032139781479
mlp_V0-fosls,183.62817689296122,0.0009577925217429328,0.0008218278784172487,0.0010623773099200518
mlp_V0-fosls,183.82783327231536,0.0009572636338039805,0.0008212205026504904,0.001061722076184508
mlp_V0-fosls,184.0274896516695,0.000956646224884172,0.0008211845121069383,0.0010613713994578166
mlp_V0-fosls,184.22714603102364,0.000956342309692548,0.0008212156104690619,0.0010617145226493165
mlp_V0-fosls,184.42680241037775,0.0009566431587419186,0.0008212439489570361,0.0010620575349866354
mlp_V0-fosls,184.62645878973188,0.0009569438550006931,0.0008212580944962165,0.0010621541980490921
mlp_V0-fosls,184.82611516908602,0.000956951259782141,0.0008212722397917548,0.001062066138484575
mlp_V0-fosls,185.02577154844016,0.0009568121673799049,0.0008214474237897492,0.0010619780716181301
mlp_V0-fosls,185.22542792779427,0.0009566740153820544,0.0008218424961360301,0.0010629183732089238
mlp_V0-fosls,185.4250843071484,0.0009564923807165385,0.0008222373786561795,0.0010640568059446924
mlp_V0-fosls,185.62474068650255,0.0009562773627142629,0.0008222005522280896,0.0010649917925000328
mlp_V0-fosls,185.8243970658567,0.0009560232203375961,0.0008219702109751777,0.0010641800686035318
mlp_V0-fosls,186.0240534452108,0.0009558463148941633,0.000821739805155489,0.0010633677250761388
mlp_V0-fosls,186.22370982456493,0.0009556761652023794,0.0008215052796983216,0.0010629133661640628
mlp_V0-fosls,186.42336620391907,0.0009558101800088614,0.0008212705115878866,0.0010630709173495712
mlp_V0-fosls,186.6230225832732,0.0009562563353138754,0.0008211651793031101,0.0010632284451888498
mlp_V0-fosls,186.82267896262732,0.0009567022438354154,0.0008215034868930487,0.001063255725232331
mlp_V0-fosls,187.02233534198146,0.0009567296784568963,0.0008218416552201319,0.0010632079614140656
mlp_V0-fosls,187.2219917213356,0.000956629736523421,0.0008219892965942478,0.0010631601954499503
mlp_V0-fosls,187.42164810068974,0.0009565671710386483,0.0008219415994910096,0.0010636040679842778
mlp_V0-fosls,187.62130448004385,0.0009569421627022264,0.0008218938996197579,0.0010641023831636095
mlp_V0-fosls,187.82096085939799,0.0009573628512634799,0.0008219979137643802,0.0010644697891232424
mlp_V0-fosls,188.02061723875212,0.0009576832011667267,0.000822149468609587,0.0010641791488440883
mlp_V0-fosls,188.22027361810626,0.0009573073164805522,0.000822289767624102,0.001063888429165848
mlp_V0-fosls,188.4199299974604,0.0009569310739391432,0.0008220551801216521,0.0010637489606383562
mlp_V0-fosls,188.6195863768145,0.0009566414797281789,0.0008218205256565355,0.0010638086550986603
mlp_V0-fosls,188.81924275616865,0.0009566727461086346,0.0008216372766145867,0.0010638683462094632
mlp_V0-fosls,189.0188991355228,0.0009567039666191037,0.0008215757441439167,0.0010640793585955342
mlp_V0-fosls,189.21855551487693,0.0009567568502388197,0.0008215142070643857,0.0010643560756877608
mlp_V0-fosls,189.41821189423104,0.0009567465598199563,0.0008216687660292402,0.0010646327208562664
mlp_V0-fosls,189.61786827358517,0.0009567090088838629,0.0008219896570259274,0.0010643720575137904
mlp_V0-fosls,189.8175246529393,0.0009568485265704274,0.0008223104228010182,0.001064090706974542
mlp_V0-fosls,190.01718103229345,0.0009570352300103543,0.0008219403613785138,0.0010637132922756342
mlp_V0-fosls,190.21683741164756,0.0009572879042751752,0.0008214306462080348,0.0010630115405061925
mlp_V0-fosls,190.4164937910017,0.0009572622613902916,0.0008210021103538142,0.0010623093251660874
mlp_V0-fosls,190.61615017035584,0.0009572364633861019,0.0008213075171463549,0.0010622146209291888
mlp_V0-fosls,190.81580654970998,0.0009572383966316707,0.0008216128104142508,0.0010627408543419303
mlp_V0-fosls,191.01546292906409,0.0009573563467788521,0.0008217627323895584,0.001063266827310573
mlp_V0-fosls,191.21511930841822,0.0009574700053964246,0.0008216398728398302,0.0010632011174685034
mlp_V0-fosls,191.41477568777236,0.0009572155551913378,0.0008215169949162048,0.0010629487150299085
mlp_V0-fosls,191.6144320671265,0.0009568894603653007,0.0008213784232759988,0.001062701964208848
mlp_V0-fosls,191.8140884464806,0.0009565080887513776,0.0008212306288320182,0.0010626687049729838
mlp_V0-fosls,192.01374482583475,0.0009562848074689776,0.0008210828077851211,0.0010626354446961446
mlp_V0-fosls,192.2134012051889,0.0009560797428281527,0.000821170358584168,0.0010625379459387157
mlp_V0-fosls,192.41305758454303,0.0009561653078669036,0.0008212844386989445,0.0010622846288353967
mlp_V0-fosls,192.61271396389714,0.0009563607318745732,0.0008214022747222648,0.0010620312513105478
mlp_V0-fosls,192.81237034325127,0.0009565560024477737,0.0008215389334898959,0.0010621775080905034
mlp_V0-fosls,193.0120267226054,0.000956517634650508,0.0008216755695288256,0.001062640455909952
mlp_V0-fosls,193.21168310195955,0.0009564380928242101,0.0008218291043704788,0.001063103202130287
mlp_V0-fosls,193.41133948131366,0.0009563570542266135,0.0008220046272116182,0.0010627344163092775
mlp_V0-fosls,193.6109958606678,0.0009561695773314658,0.0008221801125813246,0.0010621882589442232
mlp_V0-fosls,193.81065224002194,0.0009559520497750772,0.0008221797344686484,0.0010616899242295462
mlp_V0-fosls,194.01030861937608,0.0009557469087101643,0.0008221046329797102,0.0010616782955250978
mlp_V0-fosls,194.2099649987302,0.0009556618053551626,0.0008220295246294206,0.0010616666666932776
mlp_V0-fosls,194.40962137808432,0.0009555766929485441,0.00082205319814491,0.0010615348084937453
mlp_V0-fosls,194.60927775743846,0.0009557012143349793,0.0008220799925580674,0.0010611844587352028
mlp_V0-fosls,194.8089341367926,0.000956141009373482,0.0008220082805443603,0.0010608339932705766
mlp_V0-fosls,195.0085905161467,0.0009565805708892237,0.0008216183738590068,0.0010604919050013636
mlp_V0-fosls,195.20824689550085,0.0009566253213251334,0.0008212282820519161,0.0010601549083225788
mlp_V0-fosls,195.407903274855,0.0009565274027927922,0.0008211524335711443,0.0010598178044869267
mlp_V0-fosls,195.60755965420913,0.0009564621468496671,0.0008213859108471597,0.0010601981738895176
mlp_V0-fosls,195.80721603356324,0.0009565339491746696,0.0008216193217765902,0.0010606843000804242
mlp_V0-fosls,196.00687241291737,0.0009566030870272002,0.0008215807254080412,0.0010610504460386583
mlp_V0-fosls,196.2065287922715,0.0009567478944428737,0.0008214614931635317,0.0010606608661804728
mlp_V0-fosls,196.40618517162565,0.0009570064257295508,0.00082134013162354,0.0010602711431773413
mlp_V0-fosls,196.60584155097976,0.0009572648579866586,0.0008211661647913397,0.0010601808550677642
mlp_V0-fosls,196.8054979303339,0.0009572532042841694,0.0008209921610958663,0.0010605340804158933
mlp_V0-fosls,197.00515430968804,0.0009570856568477811,0.0008208751782019459,0.001060887188156664
mlp_V0-fosls,197.20481068904218,0.000956918078867665,0.0008208871794367651,0.0010607837467000692
mlp_V0-fosls,197.4044670683963,0.0009568513928586381,0.0008208991804961308,0.0010604546911494818
mlp_V0-fosls,197.60412344775042,0.0009567936784605127,0.0008210186274432537,0.001060125533462358
mlp_V0-fosls,197.80377982710456,0.0009567570131923314,0.0008212175869659486,0.0010599157246780875
mlp_V0-fosls,198.0034362064587,0.0009569403997876039,0.0008214164982976337,0.0010597142483806756
mlp_V0-fosls,198.2030925858128,0.0009571376235087085,0.0008215288695054218,0.001059591899592137
mlp_V0-fosls,198.40274896516695,0.0009571797102054041,0.0008216249336102111,0.0010597856979868176
mlp_V0-fosls,198.6024053445211,0.0009570089266266297,0.0008216926070745683,0.0010599794609489086
mlp_V0-fosls,198.80206172387523,0.0009568380744723772,0.0008215281193404839,0.0010599799816074617
mlp_V0-fosls,199.00171810322934,0.0009568428532631408,0.000821363598665794,0.0010597591504705804
mlp_V0-fosls,199.20137448258347,0.0009568880187055323,0.0008213166754604896,0.001059538273307622
mlp_V0-fosls,199.4010308619376,0.0009569156387868828,0.0008214644044870069,0.0010594530739692536
mlp_V0-fosls,199.60068724129175,0.0009565938740550076,0.0008216121069512756,0.001059417703909259
mlp_V0-fosls,199.80034362064586,0.0009562192299301449,0.0008215432304220661,0.001059382332668349
mlp_V0-fosls,200.0,0.0009559354701954362,0.0008213549361233427,0.001059556439083639
