plot-name,time,median,low,high
kan-fosls,1.1552672386169434,0.0015190709964372218,0.0014750807313248515,0.001566870603710413
kan-fosls,1.6205034673631609,0.0010670004048052148,0.0010266718959469523,0.0010993953431442482
kan-fosls,2.0857396961093784,0.0006162970953691731,0.0005756412545988353,0.0006311740867283716
kan-fosls,2.550975924855596,0.00033936954691900906,0.0003093055748631203,0.00035206799931944123
kan-fosls,3.0162121536018134,0.00025431230032202433,0.00022865092123083202,0.0002640641645306565
kan-fosls,3.481448382348031,0.00016668399745678954,0.00014835922090289665,0.00017616960683109498
kan-fosls,3.9466846110942484,0.000127200243334642,0.00011327768014145242,0.00013832884412629898
kan-fosls,4.411920839840466,8.818706778715917e-05,7.812374695617192e-05,0.00010048808142150297
kan-fosls,4.877157068586683,6.199879082256551e-05,5.4543807383551965e-05,7.464404117815504e-05
kan-fosls,5.342393297332901,4.804647963488333e-05,4.1661019818591626e-05,7.054908721296721e-05
kan-fosls,5.807629526079118,3.525907412673217e-05,2.898480653968998e-05,6.921387411495844e-05
kan-fosls,6.272865754825336,3.090791285745237e-05,2.5065757954617257e-05,6.308673108782693e-05
kan-fosls,6.738101983571553,2.5038438007400996e-05,2.1146709369544534e-05,5.692800901455445e-05
kan-fosls,7.203338212317771,2.299158052936158e-05,1.8462140314024648e-05,4.821049724520624e-05
kan-fosls,7.6685744410639884,2.149414864332057e-05,1.6875722359372964e-05,3.687680205025286e-05
kan-fosls,8.133810669810206,1.9421627060659188e-05,1.47027545170651e-05,3.313638996313005e-05
kan-fosls,8.599046898556423,1.9574734986703673e-05,1.4393566364346878e-05,2.8920597333824196e-05
kan-fosls,9.064283127302641,1.780966362253313e-05,1.3886047242964575e-05,3.469920650849623e-05
kan-fosls,9.529519356048858,1.7435984603507434e-05,1.1381173480224833e-05,3.6279845185827774e-05
kan-fosls,9.994755584795076,1.706736926176394e-05,1.0940344794401757e-05,3.3564583854913505e-05
kan-fosls,10.459991813541293,1.919612227977717e-05,8.708145300495857e-06,3.284926052356971e-05
kan-fosls,10.925228042287511,1.941295297478152e-05,8.741904244557663e-06,2.312390981384765e-05
kan-fosls,11.390464271033728,1.4380261794780505e-05,8.122280932027596e-06,2.7807702145183487e-05
kan-fosls,11.855700499779946,1.223136704901431e-05,9.216787821674387e-06,2.6250901495222928e-05
kan-fosls,12.320936728526164,1.5977095199690223e-05,1.0088308959265526e-05,1.872499638032094e-05
kan-fosls,12.786172957272381,1.6048922823879737e-05,9.166826743330239e-06,2.2766851004725248e-05
kan-fosls,13.251409186018599,1.415281411246298e-05,8.73334196916722e-06,2.256901550434004e-05
kan-fosls,13.716645414764816,1.1348859808822297e-05,6.038357315369679e-06,2.6121334806831828e-05
kan-fosls,14.181881643511034,1.1354875300616455e-05,7.139887274920349e-06,2.517232132839874e-05
kan-fosls,14.647117872257251,1.2993658016644413e-05,6.463359157573564e-06,2.0986492809159585e-05
kan-fosls,15.112354101003469,1.430308320680782e-05,5.822056785055524e-06,2.266047738149624e-05
kan-fosls,15.577590329749686,1.3173145337731739e-05,6.288424804333189e-06,1.7587858016624323e-05
kan-fosls,16.042826558495904,1.1469303395546013e-05,6.743346055545423e-06,2.169336017681401e-05
kan-fosls,16.50806278724212,1.0660851695743275e-05,5.350809202628371e-06,1.9287930842522494e-05
kan-fosls,16.97329901598834,1.0862559110504275e-05,4.662306538053869e-06,1.4566659758040352e-05
kan-fosls,17.438535244734556,7.270493105204158e-06,4.209852186662722e-06,1.3986925379053253e-05
kan-fosls,17.903771473480774,7.216460306480383e-06,5.247294656063924e-06,1.4879368573641608e-05
kan-fosls,18.36900770222699,6.726676310668935e-06,4.946441729900722e-06,1.6135945176892737e-05
kan-fosls,18.83424393097321,7.6405001117386e-06,4.857103736263192e-06,1.5011423185293634e-05
kan-fosls,19.299480159719426,8.190453586832072e-06,5.0365718314511935e-06,1.5200829971143516e-05
kan-fosls,19.764716388465644,8.380707826194683e-06,5.233445872398014e-06,1.8975190005964708e-05
kan-fosls,20.22995261721186,8.782906170859044e-06,5.619082050268105e-06,1.3326904769869915e-05
kan-fosls,20.69518884595808,8.414824391578614e-06,5.610324068977962e-06,1.3614432285682846e-05
kan-fosls,21.160425074704296,9.569788252188166e-06,4.69635279298306e-06,1.4731493609377273e-05
kan-fosls,21.625661303450514,8.958790210244745e-06,4.494190689368069e-06,1.8338575983642227e-05
kan-fosls,22.09089753219673,8.22238888600235e-06,4.570631964847067e-06,2.4854212522936372e-05
kan-fosls,22.55613376094295,1.021306814384016e-05,4.6448052763532806e-06,2.0589382076825943e-05
kan-fosls,23.021369989689166,9.203593577596134e-06,4.101272615290439e-06,2.7409918923685745e-05
kan-fosls,23.486606218435384,9.101457645798607e-06,4.303100730326067e-06,2.596254459429728e-05
kan-fosls,23.9518424471816,7.927646926169647e-06,5.158517138405562e-06,1.6011636634708123e-05
kan-fosls,24.41707867592782,7.074247388589536e-06,4.599057266068823e-06,1.2010072073827114e-05
kan-fosls,24.882314904674036,8.010320791035448e-06,5.268860515546328e-06,1.2340312293817439e-05
kan-fosls,25.347551133420254,7.610252985749089e-06,4.35573683896035e-06,1.7464252755716958e-05
kan-fosls,25.81278736216647,6.576445016432082e-06,4.305271319406551e-06,1.8049691870332818e-05
kan-fosls,26.27802359091269,5.63589895162656e-06,4.125314559766599e-06,1.551333709003504e-05
kan-fosls,26.743259819658906,5.194674635875608e-06,3.0743198134455047e-06,1.27990291307595e-05
kan-fosls,27.208496048405124,5.545961342095019e-06,3.2532407407623555e-06,9.085114824688346e-06
kan-fosls,27.67373227715134,5.059599440905142e-06,3.233550837920247e-06,1.3324631947421403e-05
kan-fosls,28.13896850589756,5.900558611532942e-06,3.646190424120463e-06,1.3103229239495272e-05
kan-fosls,28.604204734643776,5.545188816954303e-06,3.929159844231548e-06,1.2578214497128811e-05
kan-fosls,29.069440963389994,5.443918837382026e-06,3.0522582972279004e-06,1.77516425331817e-05
kan-fosls,29.53467719213621,5.813775359468801e-06,3.207529260813478e-06,1.3716725695921879e-05
kan-fosls,29.99991342088243,5.545097884061674e-06,3.195320609725e-06,9.681808858662057e-06
kan-fosls,30.465149649628646,5.9193931488686236e-06,3.914516479498286e-06,9.130348677844465e-06
kan-fosls,30.930385878374864,6.626789393601988e-06,4.4495945386263944e-06,1.0100103034148518e-05
kan-fosls,31.39562210712108,6.9326234172305124e-06,5.2354897671597935e-06,1.109400292431274e-05
kan-fosls,31.8608583358673,6.515327700800624e-06,5.4735060925871106e-06,1.0247012205991731e-05
kan-fosls,32.32609456461351,5.570405635501859e-06,4.0885509671960515e-06,1.2746516504280321e-05
kan-fosls,32.791330793359734,5.60201755955729e-06,3.6463605729228645e-06,1.2251432036112328e-05
kan-fosls,33.256567022105955,6.26524553587635e-06,3.5144276542847034e-06,8.723949069661352e-06
kan-fosls,33.72180325085217,5.736740625783513e-06,3.031178090459845e-06,8.753033591231477e-06
kan-fosls,34.18703947959838,5.136431762982046e-06,3.657440112808639e-06,9.524754158221451e-06
kan-fosls,34.652275708344604,4.878277021459073e-06,2.424590509392569e-06,1.0296474725211438e-05
kan-fosls,35.117511937090825,4.9609762311935e-06,1.8012309792351345e-06,8.57867587687163e-06
kan-fosls,35.58274816583704,4.424240213847388e-06,1.7199469194555223e-06,5.91317444313128e-06
kan-fosls,36.04798439458325,3.96555442835781e-06,1.6788684539917142e-06,6.078929452692526e-06
kan-fosls,36.513220623329474,3.9257889663278794e-06,2.153303775558809e-06,5.308287243813577e-06
kan-fosls,36.978456852075695,3.820177317074601e-06,2.6277390971259035e-06,5.005376461783602e-06
kan-fosls,37.44369308082191,3.955548641190166e-06,3.057536409258558e-06,4.656835164737856e-06
kan-fosls,37.90892930956812,4.169083089564789e-06,2.8798732129286983e-06,5.901423963489174e-06
kan-fosls,38.374165538314344,4.0673685326234925e-06,2.3144526126694915e-06,6.5310275477936105e-06
kan-fosls,38.839401767060565,4.587999837973686e-06,2.9031548802283214e-06,7.3786888636022905e-06
kan-fosls,39.30463799580678,4.900979537457755e-06,2.088127707517672e-06,1.0601109045107539e-05
kan-fosls,39.76987422455299,4.350440183556302e-06,1.977885276319032e-06,9.45664534055678e-06
kan-fosls,40.235110453299214,4.187573540498434e-06,2.256090236510987e-06,5.954837732492388e-06
kan-fosls,40.700346682045435,3.202526186537976e-06,2.1359911044185455e-06,5.847006277610089e-06
kan-fosls,41.16558291079165,3.376574061581422e-06,2.502296027861612e-06,4.289230444700065e-06
kan-fosls,41.63081913953786,3.0546000142958167e-06,2.255626068610256e-06,4.661336282684736e-06
kan-fosls,42.096055368284084,2.981381383786847e-06,2.4534912879982145e-06,8.009146231716534e-06
kan-fosls,42.561291597030305,3.0422429505520753e-06,2.0739442273732317e-06,1.2303547541803382e-05
kan-fosls,43.02652782577652,2.8891408113036265e-06,1.7957024196868281e-06,1.4193026307850254e-05
kan-fosls,43.49176405452273,3.106412245205107e-06,2.022046317473592e-06,9.129301265250123e-06
kan-fosls,43.957000283268954,3.1219058497369247e-06,1.950282812015201e-06,4.888217765503901e-06
kan-fosls,44.422236512015175,3.198110664489562e-06,1.5355998632027574e-06,5.338453495775422e-06
kan-fosls,44.88747274076139,3.323088747578058e-06,1.4909270022025394e-06,6.05832651145009e-06
kan-fosls,45.3527089695076,3.584172375295312e-06,1.474936631533876e-06,6.195013626632821e-06
kan-fosls,45.817945198253824,3.535222554190923e-06,1.5753362688319147e-06,5.12362186705508e-06
kan-fosls,46.283181427000045,3.404182883972216e-06,1.6757359061299534e-06,4.420751810047591e-06
kan-fosls,46.74841765574626,3.6025886245067454e-06,1.5571643791367272e-06,4.262624287693585e-06
kan-fosls,47.21365388449247,3.4207686434008196e-06,1.345466117363538e-06,5.184449742616265e-06
kan-fosls,47.678890113238694,3.237494470990503e-06,1.2422899932166365e-06,5.552983880345082e-06
kan-fosls,48.144126341984915,3.6553590672136e-06,1.5523516167017393e-06,4.07712369629457e-06
kan-fosls,48.60936257073113,2.1785382613449556e-06,1.3291468871076795e-06,5.985105306988953e-06
kan-fosls,49.07459879947734,2.2266754545673066e-06,1.2137412531771224e-06,4.902036677830657e-06
kan-fosls,49.539835028223564,2.462928605028579e-06,1.4637119477835812e-06,3.4690762938559952e-06
kan-fosls,50.005071256969785,2.0542250337351973e-06,1.5498446396440807e-06,3.7475685399290976e-06
kan-fosls,50.470307485716,2.49396866808309e-06,1.7974757795182898e-06,4.631039889320469e-06
kan-fosls,50.93554371446221,2.8868982382460627e-06,1.5988338326166175e-06,5.538251958209762e-06
kan-fosls,51.400779943208434,2.6369230112996805e-06,1.5147765457558482e-06,4.766751837281495e-06
kan-fosls,51.866016171954655,2.4913838643814836e-06,1.4831029322701286e-06,3.78399607016447e-06
kan-fosls,52.33125240070087,1.943873191788625e-06,1.281795029390424e-06,2.9746163394504673e-06
kan-fosls,52.79648862944708,1.903713117770257e-06,1.5091073297614317e-06,2.510557043616503e-06
kan-fosls,53.261724858193304,1.969882466020335e-06,1.2177716595724365e-06,2.6686951766054658e-06
kan-fosls,53.726961086939525,1.891195307551253e-06,1.4270735172922753e-06,2.8073035995771736e-06
kan-fosls,54.19219731568574,2.200245353790768e-06,1.4326607996570499e-06,3.5540469754956795e-06
kan-fosls,54.65743354443195,2.3269192701989743e-06,1.2388612798371205e-06,3.805063602504403e-06
kan-fosls,55.122669773178174,2.241660116728627e-06,1.6806934983117318e-06,3.0706329818516967e-06
kan-fosls,55.587906001924395,2.1092331640395426e-06,1.493642296361911e-06,4.489888030131743e-06
kan-fosls,56.05314223067061,2.0810187741552575e-06,1.2963446115181234e-06,4.163382767766843e-06
kan-fosls,56.51837845941682,2.108658229692187e-06,1.1957676763605115e-06,2.8837789733434436e-06
kan-fosls,56.983614688163044,1.9575198685260743e-06,1.125770844821675e-06,3.195697672636609e-06
kan-fosls,57.448850916909265,1.831950371381572e-06,1.1420292410013634e-06,4.289515475964209e-06
kan-fosls,57.91408714565548,1.8340058831635366e-06,1.1582876371810513e-06,5.383333279291791e-06
kan-fosls,58.37932337440169,1.787256088921712e-06,1.1928208938231565e-06,4.996914130175619e-06
kan-fosls,58.844559603147914,1.666676090038236e-06,1.2599955012244465e-06,3.703790406178535e-06
kan-fosls,59.309795831894135,1.609293623041358e-06,1.2547846800787795e-06,2.5641521801913093e-06
kan-fosls,59.77503206064035,1.81692759497753e-06,1.2323837555928484e-06,2.5882482972227284e-06
kan-fosls,60.24026828938656,1.9835203002355426e-06,1.1460493464979565e-06,2.6123444142541475e-06
kan-fosls,60.705504518132784,2.034415043213869e-06,1.0867936341621838e-06,2.395412645994618e-06
kan-fosls,61.170740746879005,1.7159607377167874e-06,1.0740696155353877e-06,2.42299131614688e-06
kan-fosls,61.63597697562522,1.4587936371573576e-06,1.1357720651350748e-06,2.717312200941278e-06
kan-fosls,62.10121320437143,1.6959811653318422e-06,1.1717721006410747e-06,2.4318221068574926e-06
kan-fosls,62.566449433117654,1.7401028328122571e-06,9.250335958846981e-07,2.4581867351876228e-06
kan-fosls,63.031685661863875,1.5537328396768321e-06,9.137219279360471e-07,2.5609697816219247e-06
kan-fosls,63.49692189061009,1.5101028885884944e-06,9.546259840281606e-07,2.7032996156565886e-06
kan-fosls,63.9621581193563,1.256780047192453e-06,7.969218112750739e-07,2.981703094273214e-06
kan-fosls,64.42739434810252,1.3488272961062514e-06,7.9004495851425e-07,2.851151492739704e-06
kan-fosls,64.89263057684875,1.3564785071249667e-06,7.831681057534262e-07,3.297748886654741e-06
kan-fosls,65.35786680559497,1.3768404162599114e-06,8.556573925873012e-07,3.3648082946910562e-06
kan-fosls,65.82310303434117,1.4044716109351057e-06,9.747202655170813e-07,3.25561778102809e-06
kan-fosls,66.2883392630874,1.5100618521842198e-06,9.718110470102282e-07,2.989353816157369e-06
kan-fosls,66.75357549183362,1.565098121786331e-06,1.0165749155785253e-06,2.3514140635215367e-06
kan-fosls,67.21881172057982,1.496248708287532e-06,8.44837770768327e-07,3.0223410650822804e-06
kan-fosls,67.68404794932604,1.5369715248078912e-06,9.68536707467196e-07,2.6436677101833383e-06
kan-fosls,68.14928417807226,1.556225410827542e-06,1.003746193509038e-06,2.277615069702117e-06
kan-fosls,68.61452040681849,1.5032995114386755e-06,9.236277872579541e-07,2.565365646721664e-06
kan-fosls,69.0797566355647,1.3699722666008856e-06,9.532458076206359e-07,2.013873001577403e-06
kan-fosls,69.54499286431091,1.1726700560465178e-06,6.956907533384098e-07,2.08621003532679e-06
kan-fosls,70.01022909305713,1.157670704544905e-06,8.602913882283367e-07,1.840205868522969e-06
kan-fosls,70.47546532180336,1.1974073650917103e-06,9.577094105832408e-07,1.5297286149374963e-06
kan-fosls,70.94070155054956,1.1009302202819822e-06,8.738399806586615e-07,1.673323051198662e-06
kan-fosls,71.40593777929578,1.340777247988856e-06,9.282820186594736e-07,1.6343087755434194e-06
kan-fosls,71.871174008042,1.4238433940748122e-06,8.490587909857983e-07,1.989262424226837e-06
kan-fosls,72.33641023678823,1.4057274960015303e-06,9.324105218892534e-07,1.6638669424136788e-06
kan-fosls,72.80164646553445,1.297488753933479e-06,9.38142411886432e-07,1.7594899634768524e-06
kan-fosls,73.26688269428065,1.2423968101431262e-06,9.648378105684978e-07,2.176932820865501e-06
kan-fosls,73.73211892302687,1.3882241609677962e-06,8.920641148420299e-07,1.8666012422690523e-06
kan-fosls,74.1973551517731,1.2911879910689908e-06,8.192904191155621e-07,2.247330085571541e-06
kan-fosls,74.6625913805193,1.246019539115367e-06,8.880567762810505e-07,1.9391497315688265e-06
kan-fosls,75.12782760926552,1.381297694337489e-06,8.361204517685125e-07,1.688870257908955e-06
kan-fosls,75.59306383801174,1.2482055081066794e-06,8.380803252929344e-07,2.300940915349445e-06
kan-fosls,76.05830006675797,1.1600855420029546e-06,7.951007497651997e-07,2.4008060787487536e-06
kan-fosls,76.52353629550419,1.0520477428742138e-06,6.271271316568968e-07,2.316962493437944e-06
kan-fosls,76.9887725242504,1.0281800336163199e-06,6.358334058681404e-07,2.1450598764721727e-06
kan-fosls,77.45400875299661,9.152275948014631e-07,7.219479195293324e-07,1.6820001057277786e-06
kan-fosls,77.91924498174284,9.854462348705387e-07,6.708169578548674e-07,1.6062291729136308e-06
kan-fosls,78.38448121048904,1.1035007629154742e-06,8.078346203553874e-07,1.4745540167227058e-06
kan-fosls,78.84971743923526,1.081369536445227e-06,8.62054495422775e-07,2.032007039238471e-06
kan-fosls,79.31495366798148,1.1307857778846522e-06,8.052751024520473e-07,1.9808224637191594e-06
kan-fosls,79.7801898967277,1.1102612212831492e-06,6.947603369790238e-07,2.300492819777956e-06
kan-fosls,80.24542612547393,1.1288790257903846e-06,5.722852125203643e-07,2.2838465982708827e-06
kan-fosls,80.71066235422013,1.0345151635000866e-06,6.702413610606332e-07,1.6610974133770414e-06
kan-fosls,81.17589858296635,9.725858735194393e-07,6.443648538521732e-07,1.498010860001523e-06
kan-fosls,81.64113481171258,9.63421306222728e-07,6.850957907571939e-07,1.344939864079495e-06
kan-fosls,82.10637104045878,8.779935246714269e-07,7.276227145119243e-07,1.5611916948391101e-06
kan-fosls,82.571607269205,8.89100044233793e-07,6.288930459272796e-07,1.6122415599444406e-06
kan-fosls,83.03684349795122,9.718509305516785e-07,6.94730687710159e-07,1.4859578198201905e-06
kan-fosls,83.50207972669745,9.60680145322471e-07,7.680514323081402e-07,1.5764810601596818e-06
kan-fosls,83.96731595544367,9.825160189051307e-07,7.548236938022265e-07,1.5066913742632538e-06
kan-fosls,84.43255218418987,8.568227256658772e-07,6.811872250578341e-07,1.4144265386465852e-06
kan-fosls,84.8977884129361,8.306102185663217e-07,6.687002138100881e-07,1.3673628123097555e-06
kan-fosls,85.36302464168232,9.284346643134586e-07,7.440450259515542e-07,1.4012262108575857e-06
kan-fosls,85.82826087042852,9.170556222982722e-07,7.219780481819224e-07,1.949625726184801e-06
kan-fosls,86.29349709917474,9.46395351372556e-07,6.8796987049451e-07,1.5353402906062543e-06
kan-fosls,86.75873332792096,8.414091938691861e-07,6.949845567364788e-07,1.1928718451771433e-06
kan-fosls,87.22396955666719,8.240838179023646e-07,6.598388771112808e-07,1.1418641108357992e-06
kan-fosls,87.6892057854134,8.246099721764096e-07,6.893195301206105e-07,1.2320846799234665e-06
kan-fosls,88.15444201415961,8.25502564097682e-07,5.762020331754053e-07,1.5092143770278573e-06
kan-fosls,88.61967824290583,8.495777233329024e-07,5.924299565042924e-07,1.201689148507464e-06
kan-fosls,89.08491447165206,9.230066130556534e-07,5.40225791568898e-07,1.337801221887463e-06
kan-fosls,89.55015070039826,8.881322350366896e-07,6.282968180594968e-07,1.8533682881459286e-06
kan-fosls,90.01538692914448,9.92616313738818e-07,6.306018854906248e-07,1.7326048194056423e-06
kan-fosls,90.4806231578907,8.115238400149773e-07,5.793019377082232e-07,2.137527328288342e-06
kan-fosls,90.94585938663693,7.286650672314508e-07,6.686120785552084e-07,1.7234862627465454e-06
kan-fosls,91.41109561538315,8.114703547842267e-07,5.887271664279526e-07,1.2311654227221245e-06
kan-fosls,91.87633184412935,7.717368757333709e-07,5.534473900777948e-07,1.2276688437918622e-06
kan-fosls,92.34156807287557,7.419519208457202e-07,5.793882599547626e-07,1.148726165487977e-06
kan-fosls,92.8068043016218,7.10268502185674e-07,5.382857511560612e-07,9.246994151642615e-07
kan-fosls,93.272040530368,6.966705264583778e-07,5.721922711670446e-07,8.919351281390424e-07
kan-fosls,93.73727675911422,6.630302777310119e-07,5.426574988855411e-07,9.234505088659754e-07
kan-fosls,94.20251298786044,6.774924708831266e-07,5.412429894429299e-07,9.507082452639519e-07
kan-fosls,94.66774921660667,7.559843949999899e-07,5.338429953860811e-07,1.0023217337761266e-06
kan-fosls,95.13298544535289,7.0646983043462e-07,4.910310254703124e-07,1.3387836104889864e-06
kan-fosls,95.5982216740991,7.290421022453166e-07,5.475801346737933e-07,1.1106077017463695e-06
kan-fosls,96.06345790284531,6.823815718373914e-07,5.323836750857796e-07,1.1912838540627584e-06
kan-fosls,96.52869413159154,6.66964304681633e-07,5.290315460567711e-07,1.407569707443841e-06
kan-fosls,96.99393036033774,6.535526065997912e-07,5.068097344231184e-07,1.1552967949235001e-06
kan-fosls,97.45916658908396,6.442685816736505e-07,4.84788574473764e-07,1.1343084919723702e-06
kan-fosls,97.92440281783018,6.561151907729845e-07,4.6480026432363036e-07,1.0992035024584943e-06
kan-fosls,98.3896390465764,6.250653033423962e-07,4.448119541734967e-07,1.0640985129446181e-06
kan-fosls,98.85487527532263,6.04365821813949e-07,4.889348026737807e-07,9.721123659248046e-07
kan-fosls,99.32011150406883,6.33180662735353e-07,4.934051372971231e-07,9.257314875009902e-07
kan-fosls,99.78534773281505,5.891514454870312e-07,4.5240355761135184e-07,1.173233041134405e-06
kan-fosls,100.25058396156128,5.9764354655503e-07,4.4748948163759845e-07,9.692102193939371e-07
kan-fosls,100.71582019030748,5.806794665339139e-07,4.4361326599844276e-07,8.592405781812047e-07
kan-fosls,101.1810564190537,5.621218098709194e-07,4.5400635338321505e-07,9.250328298348924e-07
kan-fosls,101.64629264779992,6.502113859850527e-07,5.164458627520616e-07,1.0452634189192286e-06
kan-fosls,102.11152887654615,6.439329069841217e-07,4.776453050734874e-07,1.3334939212331917e-06
kan-fosls,102.57676510529237,6.368745264306308e-07,5.433347920527816e-07,1.131839728942185e-06
kan-fosls,103.04200133403857,6.443212895811116e-07,5.775059031291908e-07,8.837574954660535e-07
kan-fosls,103.5072375627848,6.394441999976114e-07,4.620766390126994e-07,8.150774820174991e-07
kan-fosls,103.97247379153102,6.143676378884015e-07,5.228137985682242e-07,1.0633932208167494e-06
kan-fosls,104.43771002027722,5.878246484981398e-07,4.24341759917916e-07,1.3419699671174426e-06
kan-fosls,104.90294624902344,5.825642653114767e-07,4.879888080390754e-07,1.020968136976585e-06
kan-fosls,105.36818247776966,5.995734423671161e-07,4.443782500370833e-07,7.761971930001412e-07
kan-fosls,105.83341870651589,5.732559137243086e-07,4.16501385100425e-07,9.166476566941309e-07
kan-fosls,106.2986549352621,5.335779854554014e-07,4.313786798842324e-07,1.7639650797434294e-06
kan-fosls,106.76389116400831,5.266028490357892e-07,4.1350042033924377e-07,2.5377514318334e-06
kan-fosls,107.22912739275453,5.52243251259564e-07,4.3364894576409535e-07,1.7165648263268638e-06
kan-fosls,107.69436362150076,6.080544472192013e-07,4.537974711889469e-07,8.972593924639188e-07
kan-fosls,108.15959985024696,6.025977792634853e-07,4.801030642540781e-07,1.1682381067698943e-06
kan-fosls,108.62483607899318,5.478472425578471e-07,4.6146805687823214e-07,1.0905642639654025e-06
kan-fosls,109.0900723077394,5.143912229736561e-07,4.194370614044775e-07,9.803472935179834e-07
kan-fosls,109.55530853648563,5.769959999695401e-07,4.2933900823508325e-07,7.84599235606725e-07
kan-fosls,110.02054476523185,6.111922716378205e-07,4.3477793812662954e-07,1.0387612272877076e-06
kan-fosls,110.48578099397805,6.436486499040109e-07,4.148479904925996e-07,1.064994378299173e-06
kan-fosls,110.95101722272427,5.733414933931409e-07,3.8873873672346274e-07,8.087829239401307e-07
kan-fosls,111.4162534514705,5.098455282015825e-07,3.6600156995423274e-07,8.299644526430665e-07
kan-fosls,111.8814896802167,4.916642275862273e-07,4.021339725958783e-07,8.108889903953337e-07
kan-fosls,112.34672590896292,4.922981131151004e-07,4.1731591997139935e-07,7.588646125861004e-07
kan-fosls,112.81196213770914,5.007694324779354e-07,4.0733483044994266e-07,7.24730899630821e-07
kan-fosls,113.27719836645537,4.934030088537194e-07,4.109824042205977e-07,7.919779816333477e-07
kan-fosls,113.74243459520159,4.754772632854802e-07,4.0745098344017155e-07,8.592250636358743e-07
kan-fosls,114.2076708239478,4.915828397700387e-07,4.0269570409436567e-07,7.729581183689822e-07
kan-fosls,114.67290705269401,4.74906816458336e-07,3.929291073317789e-07,7.943118875585049e-07
kan-fosls,115.13814328144024,5.341649373500413e-07,3.8899286149835363e-07,7.871085524562022e-07
kan-fosls,115.60337951018644,5.719032168121024e-07,3.995156902935037e-07,7.722210901454196e-07
kan-fosls,116.06861573893266,5.718889197420495e-07,4.066696984451658e-07,9.582209659794582e-07
kan-fosls,116.53385196767888,5.83727495244641e-07,4.1235424835172235e-07,7.699760978405519e-07
kan-fosls,116.9990881964251,5.318483506490824e-07,3.9797207238938704e-07,7.475691741704857e-07
kan-fosls,117.46432442517133,4.884978588113991e-07,3.757288465004327e-07,8.3828301644281e-07
kan-fosls,117.92956065391753,4.853628744770069e-07,3.93454176880659e-07,7.007326124582953e-07
kan-fosls,118.39479688266375,4.814333743369216e-07,4.1117950726088585e-07,7.489067038586627e-07
kan-fosls,118.86003311140998,4.996407734797858e-07,4.226433751268744e-07,6.404580832169008e-07
kan-fosls,119.32526934015618,4.934234375101561e-07,4.3471319805939846e-07,8.819672951855366e-07
kan-fosls,119.7905055689024,4.618569916074258e-07,4.3407108455457855e-07,9.94353700411502e-07
kan-fosls,120.25574179764862,4.482645088675489e-07,3.942045935109212e-07,7.219634435647974e-07
kan-fosls,120.72097802639485,4.388020114154379e-07,3.543381024672638e-07,5.855601575270994e-07
kan-fosls,121.18621425514107,4.43556614089974e-07,3.853702053293284e-07,5.256644444452289e-07
kan-fosls,121.65145048388727,4.5375497516157454e-07,3.859977941301664e-07,5.852999701638624e-07
kan-fosls,122.1166867126335,4.6174525636220146e-07,3.82970645296242e-07,6.034010805651587e-07
kan-fosls,122.58192294137972,4.6831141654965603e-07,3.95303028932099e-07,5.997897205232411e-07
kan-fosls,123.04715917012592,4.7614872443524387e-07,3.957270055439379e-07,6.046582148138951e-07
kan-fosls,123.51239539887214,4.822592754486636e-07,3.8738312891349225e-07,5.78601439810562e-07
kan-fosls,123.97763162761836,4.94840496347418e-07,3.921899303613104e-07,6.280462597865316e-07
kan-fosls,124.44286785636459,4.800637880022254e-07,4.07358247184261e-07,6.616050883459947e-07
kan-fosls,124.9081040851108,4.6426451449482126e-07,4.1866889933495844e-07,5.961268088115695e-07
kan-fosls,125.37334031385701,4.3831248931240247e-07,4.154740043130546e-07,5.783467343636434e-07
kan-fosls,125.83857654260323,4.249116129871768e-07,4.015510759279079e-07,5.105185703426583e-07
kan-fosls,126.30381277134946,4.138872496230302e-07,3.748500947798478e-07,5.019955611647333e-07
kan-fosls,126.76904900009566,4.381003243642791e-07,3.655175112637829e-07,5.172574962306497e-07
kan-fosls,127.23428522884188,4.4491747003752814e-07,3.80140157315679e-07,6.815022283633384e-07
kan-fosls,127.6995214575881,4.693947093400023e-07,3.6944580414418813e-07,7.79357293331479e-07
kan-fosls,128.16475768633433,4.971000431073996e-07,3.8306156295219494e-07,6.499598363360332e-07
kan-fosls,128.62999391508055,4.6129647811642104e-07,3.847724117769347e-07,5.621226186447149e-07
kan-fosls,129.09523014382677,4.442993203759744e-07,3.838979123942689e-07,5.762079985010955e-07
kan-fosls,129.560466372573,4.533404657684972e-07,3.549942492982593e-07,6.113406160204817e-07
kan-fosls,130.02570260131918,4.4978801099371644e-07,3.3502820383768e-07,7.137329149811429e-07
kan-fosls,130.4909388300654,4.3132121123298327e-07,3.5588664603951303e-07,6.188743390684206e-07
kan-fosls,130.95617505881162,4.198307309845991e-07,3.561162288842073e-07,4.847161809097102e-07
kan-fosls,131.42141128755785,4.181036905668531e-07,3.6002569286908054e-07,4.6892544945063716e-07
kan-fosls,131.88664751630407,4.550294935447067e-07,3.7390545972397725e-07,5.146047765874762e-07
kan-fosls,132.3518837450503,4.4966093789702216e-07,3.8778522657887396e-07,5.565844079399461e-07
kan-fosls,132.8171199737965,4.272725667804117e-07,3.694752866689765e-07,4.797330279252685e-07
kan-fosls,133.2823562025427,4.0051460133626254e-07,3.418774457114113e-07,4.6245371950976656e-07
kan-fosls,133.74759243128892,4.1143575450146525e-07,3.250712295051277e-07,4.668628837509948e-07
kan-fosls,134.21282866003514,4.1560946839242653e-07,3.365035820401818e-07,5.294222297745155e-07
kan-fosls,134.67806488878136,4.054658685862856e-07,3.4793593457523585e-07,5.84461272493602e-07
kan-fosls,135.14330111752759,3.8508752027865136e-07,3.282778504460431e-07,5.270705019697188e-07
kan-fosls,135.6085373462738,3.6734810211668023e-07,3.3285549802323253e-07,5.311887508359363e-07
kan-fosls,136.07377357502003,3.768266374179175e-07,3.3743314560042195e-07,5.092832291826824e-07
kan-fosls,136.53900980376625,3.9835827887982474e-07,3.586607568017095e-07,4.75734290390705e-07
kan-fosls,137.00424603251247,4.118831414525549e-07,3.651855417235482e-07,4.935892511835711e-07
kan-fosls,137.46948226125866,4.1128839518716636e-07,3.616050996903293e-07,5.799240383643812e-07
kan-fosls,137.93471849000488,4.012687971781028e-07,3.4898639972051753e-07,6.662588255451967e-07
kan-fosls,138.3999547187511,4.1528936176195105e-07,3.619001230186769e-07,6.328617413082641e-07
kan-fosls,138.86519094749733,4.110066716010913e-07,3.5925004052036673e-07,5.883692243120724e-07
kan-fosls,139.33042717624355,4.25395853630236e-07,3.558405488854853e-07,6.82082172275452e-07
kan-fosls,139.79566340498977,4.232758657784046e-07,3.535806408370359e-07,6.011264539386522e-07
kan-fosls,140.260899633736,4.183838029612332e-07,3.5180084006754965e-07,5.456375387715245e-07
kan-fosls,140.72613586248218,4.218257921037282e-07,3.441147708120546e-07,4.996106503614523e-07
kan-fosls,141.1913720912284,4.1677936835652526e-07,3.379830562567274e-07,4.669755916258277e-07
kan-fosls,141.65660831997462,3.81151074448623e-07,3.169318024406523e-07,4.3701914838052676e-07
kan-fosls,142.12184454872084,3.780758255674495e-07,3.083180312100493e-07,4.401861084345522e-07
kan-fosls,142.58708077746707,3.9304649575978785e-07,3.1290200670251184e-07,4.4335306848857757e-07
kan-fosls,143.0523170062133,3.9611415092832305e-07,3.1892141193672737e-07,4.7465958837143e-07
kan-fosls,143.5175532349595,3.810190037657467e-07,3.283000982763712e-07,5.133868194442162e-07
kan-fosls,143.98278946370573,3.800705379425943e-07,3.258272911290015e-07,5.259082299258006e-07
kan-fosls,144.44802569245195,3.9683587148147195e-07,3.366538616414013e-07,5.967053109493046e-07
kan-fosls,144.91326192119814,3.991490421916477e-07,3.3299473104010836e-07,6.869342071641525e-07
kan-fosls,145.37849814994436,4.0110686152628536e-07,3.298474021656104e-07,5.907631559096341e-07
kan-fosls,145.84373437869058,4.105048537566531e-07,3.2749413575121753e-07,4.795272135889182e-07
kan-fosls,146.3089706074368,3.585967526768095e-07,3.259574467994148e-07,5.027570303772275e-07
kan-fosls,146.77420683618303,4.123510924973703e-07,3.0794446220341293e-07,4.7479133374477944e-07
kan-fosls,147.23944306492925,4.21218053855688e-07,3.422837613858474e-07,5.45762518774804e-07
kan-fosls,147.70467929367547,4.209256016927298e-07,3.4328855396044144e-07,5.258997770003656e-07
kan-fosls,148.16991552242166,4.02147340602112e-07,3.3136296833124234e-07,5.193202824263882e-07
kan-fosls,148.63515175116788,4.056825298449026e-07,3.1943738270204255e-07,5.270027668943897e-07
kan-fosls,149.1003879799141,3.91346264197652e-07,3.610103379391978e-07,5.715081601446308e-07
kan-fosls,149.56562420866032,4.0722022226368175e-07,3.3604868557575e-07,6.160135533948719e-07
kan-fosls,150.03086043740655,4.0483438507558375e-07,3.3465500020903193e-07,5.418057959339159e-07
kan-fosls,150.49609666615277,4.085144012601809e-07,3.244298277402907e-07,4.859670096533372e-07
kan-fosls,150.961332894899,3.670781741908528e-07,3.105078632759669e-07,4.54808781459558e-07
kan-fosls,151.4265691236452,3.767098837646081e-07,3.0463810014963186e-07,4.1280088104050825e-07
kan-fosls,151.89180535239143,3.670131822726549e-07,3.0049144909299286e-07,4.154552039983381e-07
kan-fosls,152.35704158113762,3.6087262296670394e-07,2.9766022730888455e-07,5.034620884870438e-07
kan-fosls,152.82227780988384,3.466149778180714e-07,2.9749160808874783e-07,6.040780423012325e-07
kan-fosls,153.28751403863006,3.333881302273479e-07,2.973229888686111e-07,6.315402864738341e-07
kan-fosls,153.75275026737629,3.440249141700699e-07,3.0501310999857445e-07,5.219621379442855e-07
kan-fosls,154.2179864961225,3.60768458599963e-07,3.183739901357495e-07,4.2139462484985143e-07
kan-fosls,154.68322272486873,3.606695128929171e-07,3.206135136923386e-07,4.2861501298113684e-07
kan-fosls,155.14845895361495,3.4378806233703785e-07,3.1143335985424145e-07,4.3509569074874034e-07
kan-fosls,155.61369518236114,3.4063551831756457e-07,2.977431427300966e-07,4.3255313905227204e-07
kan-fosls,156.07893141110736,3.418634066132637e-07,3.025315497392024e-07,3.936705192768251e-07
kan-fosls,156.54416763985358,3.4822548621161596e-07,3.155413863110241e-07,4.054727105263968e-07
kan-fosls,157.0094038685998,3.473640370485545e-07,3.205059613799671e-07,3.910496140146627e-07
kan-fosls,157.47464009734603,3.4440391978292395e-07,3.106833179013393e-07,3.6607131809919784e-07
kan-fosls,157.93987632609225,3.4086313591006256e-07,3.0086067442271144e-07,3.725436041119339e-07
kan-fosls,158.40511255483847,3.34561031130904e-07,3.027318308317048e-07,3.7514700742828825e-07
kan-fosls,158.8703487835847,3.283817865485814e-07,2.994383525435633e-07,3.962067324237619e-07
kan-fosls,159.3355850123309,3.2856170722896086e-07,2.8878459777586637e-07,3.741606003122004e-07
kan-fosls,159.8008212410771,3.271312966081516e-07,2.9860999929309923e-07,4.0555134239757135e-07
kan-fosls,160.26605746982332,3.3148090420452055e-07,3.0504248861095445e-07,4.2688506588161733e-07
kan-fosls,160.73129369856954,3.2683653614072967e-07,3.0079819502469753e-07,4.219714346072955e-07
kan-fosls,161.19652992731577,3.303906536695115e-07,2.965539014384406e-07,4.1705780333297366e-07
kan-fosls,161.661766156062,3.3437639390542856e-07,3.025679159709229e-07,3.914143675454819e-07
kan-fosls,162.1270023848082,3.335156106516842e-07,2.9618711621035505e-07,3.715359794230734e-07
kan-fosls,162.59223861355443,3.385601454509615e-07,2.886305618591933e-07,3.931878440620376e-07
kan-fosls,163.05747484230062,3.4321783870987255e-07,2.976457800435849e-07,4.2719564714336165e-07
kan-fosls,163.52271107104684,3.3849517211465224e-07,3.113128137331874e-07,4.099439251958865e-07
kan-fosls,163.98794729979306,3.350712853703496e-07,3.083635522570636e-07,3.805508984678917e-07
kan-fosls,164.45318352853928,3.2107602617970465e-07,2.996573688236294e-07,3.714457111410614e-07
kan-fosls,164.9184197572855,3.1783506114735204e-07,2.892506008342945e-07,3.8213499756546566e-07
kan-fosls,165.38365598603173,3.24696340000732e-07,2.9462021161133586e-07,3.7938545939578546e-07
kan-fosls,165.84889221477795,3.2313752101189724e-07,3.029632907894451e-07,3.8414954439642015e-07
kan-fosls,166.31412844352417,3.354647367215376e-07,3.081724090943747e-07,3.788357114800314e-07
kan-fosls,166.7793646722704,3.3295341511479893e-07,3.120987473584275e-07,3.7221492504108877e-07
kan-fosls,167.24460090101658,3.2297909172283185e-07,3.165443794023749e-07,3.844938994837345e-07
kan-fosls,167.7098371297628,3.266392444639979e-07,2.99302670695962e-07,3.8077301257284643e-07
kan-fosls,168.17507335850902,3.2431671217919233e-07,2.820609619895491e-07,3.7705212566195835e-07
kan-fosls,168.64030958725525,3.227714888644049e-07,2.914629962147042e-07,3.601169383505924e-07
kan-fosls,169.10554581600147,3.224042410562862e-07,2.9706482376832703e-07,3.6625469605597853e-07
kan-fosls,169.5707820447477,3.233648976212534e-07,2.988818369069732e-07,3.6732945327219533e-07
kan-fosls,170.0360182734939,3.275404820829645e-07,3.0811715520794043e-07,3.6115456650783386e-07
kan-fosls,170.5012545022401,3.342675592823208e-07,3.013799803726093e-07,3.7236724880416314e-07
kan-fosls,170.96649073098632,3.30500618997319e-07,2.980447257492764e-07,3.6709204461969094e-07
kan-fosls,171.43172695973254,3.271219435248866e-07,3.0621193118828034e-07,3.5524176758909495e-07
kan-fosls,171.89696318847876,3.269415333640997e-07,2.9696844644994376e-07,3.659388169251242e-07
kan-fosls,172.36219941722499,3.290514982553025e-07,2.957805966732168e-07,3.6669353463119685e-07
kan-fosls,172.8274356459712,3.309621111187873e-07,2.9053838856470345e-07,3.666827598098965e-07
kan-fosls,173.29267187471743,3.2838406630144305e-07,2.975559514657472e-07,3.5232627832496565e-07
kan-fosls,173.75790810346365,3.3451888379880197e-07,2.956969791953076e-07,3.5877869883415305e-07
kan-fosls,174.22314433220987,3.4049375228134904e-07,2.908275399952283e-07,3.702275509687389e-07
kan-fosls,174.68838056095606,3.3264411052461115e-07,2.9610704034501354e-07,4.0779853867660285e-07
kan-fosls,175.15361678970228,3.196041178192429e-07,2.982421725248748e-07,3.746115877332071e-07
kan-fosls,175.6188530184485,3.176567590165519e-07,3.0134840654748003e-07,3.6274689485252304e-07
kan-fosls,176.08408924719473,3.1612048396133327e-07,2.8443470216856906e-07,3.736526118283522e-07
kan-fosls,176.54932547594095,3.200746176060507e-07,2.864209816381308e-07,3.7050621525032723e-07
kan-fosls,177.01456170468717,3.18033126082094e-07,3.101350062949712e-07,3.616314759283936e-07
kan-fosls,177.4797979334334,3.1442893964151465e-07,3.046125402171538e-07,3.9650785304404417e-07
kan-fosls,177.94503416217958,3.162997200665286e-07,2.9339768585058126e-07,3.956277541638304e-07
kan-fosls,178.4102703909258,3.1357257965183125e-07,2.9056790713552153e-07,3.947467978375438e-07
kan-fosls,178.87550661967202,3.0920866728446197e-07,2.9063566341304006e-07,3.898758768979603e-07
kan-fosls,179.34074284841824,3.12138774729284e-07,2.853969818459835e-07,3.480462587652198e-07
kan-fosls,179.80597907716447,3.0553323329046796e-07,2.801583002789269e-07,3.296718346836665e-07
kan-fosls,180.2712153059107,3.0583563919514776e-07,2.909031364262745e-07,3.311906838952991e-07
kan-fosls,180.7364515346569,3.1281525684329125e-07,2.824319391546397e-07,3.330381820593119e-07
kan-fosls,181.20168776340313,3.1007353588186134e-07,2.778467326280041e-07,3.342631239231941e-07
kan-fosls,181.66692399214935,3.122038385171549e-07,2.8050407612798114e-07,3.244843543615181e-07
kan-fosls,182.13216022089554,3.0281030327655873e-07,2.8314674630074423e-07,3.2123762185319404e-07
kan-fosls,182.59739644964176,2.9828333133894273e-07,2.7657171015625085e-07,3.2473291556317157e-07
kan-fosls,183.06263267838798,3.0628739860269577e-07,2.7442663475642527e-07,3.3119637939876325e-07
kan-fosls,183.5278689071342,3.116857359495095e-07,2.7228155935659964e-07,3.42544629305095e-07
kan-fosls,183.99310513588043,3.0548605385932667e-07,2.817867579080873e-07,3.582855780986351e-07
kan-fosls,184.45834136462665,2.9514437157935694e-07,2.752356864083688e-07,3.732882270152651e-07
kan-fosls,184.92357759337287,2.917834959473252e-07,2.764530916267022e-07,3.6874911412389184e-07
kan-fosls,185.38881382211906,2.956849991334045e-07,2.73270464929866e-07,3.642100012325188e-07
kan-fosls,185.85405005086528,2.9768685253605844e-07,2.719903597801146e-07,3.537273412109344e-07
kan-fosls,186.3192862796115,2.9728451744066005e-07,2.7657193310451044e-07,3.3820439151214486e-07
kan-fosls,186.78452250835772,2.9875548452375725e-07,2.6668242816577014e-07,3.2336698500639715e-07
kan-fosls,187.24975873710395,2.9689425611703426e-07,2.608922604873869e-07,3.211053065771486e-07
kan-fosls,187.71499496585017,3.000607299824382e-07,2.630793116387727e-07,3.188436281479001e-07
kan-fosls,188.1802311945964,2.9856501809983965e-07,2.652663627901584e-07,3.129091007970639e-07
kan-fosls,188.6454674233426,3.0369502450685446e-07,2.720443994837321e-07,3.338178672224647e-07
kan-fosls,189.11070365208883,3.0839132243892226e-07,2.7970025881184993e-07,3.5902776570876715e-07
kan-fosls,189.57593988083502,3.0810512555791426e-07,2.8234615207693346e-07,3.671087397498541e-07
kan-fosls,190.04117610958124,2.9887809856040406e-07,2.753546102925097e-07,3.7057935060801354e-07
kan-fosls,190.50641233832746,2.950960281542943e-07,2.683630685080859e-07,3.6889191635665374e-07
kan-fosls,190.9716485670737,2.918725750505159e-07,2.7174670937196844e-07,3.545775496750002e-07
kan-fosls,191.4368847958199,2.921058080004642e-07,2.707263434235883e-07,3.5042114673103455e-07
kan-fosls,191.90212102456613,2.9785850574520934e-07,2.791988453267974e-07,3.600815235100834e-07
kan-fosls,192.36735725331235,3.0486868864442813e-07,2.7555719090666527e-07,3.697419002891322e-07
kan-fosls,192.83259348205854,3.0313893264942926e-07,2.719155364865334e-07,3.574607080408945e-07
kan-fosls,193.29782971080476,2.998983003647871e-07,2.8079250834482225e-07,3.453554643029039e-07
kan-fosls,193.76306593955098,2.9950141228073604e-07,2.821287453369088e-07,3.502114261767293e-07
kan-fosls,194.2283021682972,2.964534626272423e-07,2.769688581281109e-07,3.416690834774324e-07
kan-fosls,194.69353839704343,2.9015682813656964e-07,2.7261128767472714e-07,3.5993959328400627e-07
kan-fosls,195.15877462578965,2.8944409098707025e-07,2.6771323639891963e-07,3.516136197380338e-07
kan-fosls,195.62401085453587,2.9478698614130784e-07,2.765919578252671e-07,3.274961993105344e-07
kan-fosls,196.0892470832821,2.964979380049352e-07,2.8287580846059565e-07,3.353428732259911e-07
kan-fosls,196.5544833120283,2.953798188446085e-07,2.8996551927384236e-07,3.3404094651506637e-07
kan-fosls,197.0197195407745,2.9639650816137255e-07,2.8544011087649865e-07,3.467815759290255e-07
kan-fosls,197.48495576952072,2.9153814166751274e-07,2.7832773674278037e-07,3.4285188401166797e-07
kan-fosls,197.95019199826694,2.8624719101715436e-07,2.783559750840862e-07,3.3892219209431037e-07
kan-fosls,198.41542822701317,2.8358570701686094e-07,2.695952052103661e-07,3.357952331199071e-07
kan-fosls,198.8806644557594,2.915560868824159e-07,2.739870545477464e-07,3.3282122763865966e-07
kan-fosls,199.3459006845056,2.9617076630793243e-07,2.7400701524932227e-07,3.2672464205779174e-07
kan-fosls,199.81113691325183,2.9991682021708783e-07,2.749050807726721e-07,3.2971006047785037e-07
kan-fosls,200.27637314199802,2.964919082410402e-07,2.7462700748731347e-07,3.171328831794174e-07
kan-fosls,200.74160937074424,2.9362740553548626e-07,2.7488918157574395e-07,3.024742337619084e-07
kan-fosls,201.20684559949046,2.9095975913625465e-07,2.8217943600568716e-07,3.025025694029312e-07
kan-fosls,201.67208182823668,2.937347955036689e-07,2.8380591040249003e-07,3.0356341583107966e-07
kan-fosls,202.1373180569829,2.95177945566137e-07,2.8568433033616444e-07,3.1292611886800414e-07
kan-fosls,202.60255428572913,2.9252401803138627e-07,2.850817707835748e-07,3.1045022004348115e-07
kan-fosls,203.06779051447535,2.953424316133431e-07,2.7966712171323695e-07,3.17259497085901e-07
kan-fosls,203.53302674322157,2.9507725470642147e-07,2.726888072597627e-07,3.120395287066036e-07
kan-fosls,203.9982629719678,2.9384107971750645e-07,2.6319202125448786e-07,3.168002974463029e-07
kan-fosls,204.46349920071398,2.988503418910744e-07,2.536952352492136e-07,3.215610661860019e-07
kan-fosls,204.9287354294602,3.070590353319471e-07,2.5674825853380154e-07,3.3386369498364857e-07
kan-fosls,205.39397165820642,3.0630568702026814e-07,2.611659401231481e-07,3.5161882536638383e-07
kan-fosls,205.85920788695265,3.008847722704622e-07,2.6100495732180084e-07,3.3531276909805443e-07
kan-fosls,206.32444411569887,2.943367436908406e-07,2.543405989698871e-07,3.159654873535968e-07
kan-fosls,206.7896803444451,2.924841667795006e-07,2.476762406179734e-07,3.090293407829592e-07
kan-fosls,207.2549165731913,2.942453450555526e-07,2.520800741049379e-07,3.0638135593014473e-07
kan-fosls,207.7201528019375,2.93150811157546e-07,2.575519282575161e-07,3.112823553830452e-07
kan-fosls,208.18538903068372,2.8912891769121005e-07,2.6226250337638814e-07,3.1151684278547277e-07
kan-fosls,208.65062525942994,2.8821846934107817e-07,2.677540520856506e-07,3.156113910135879e-07
kan-fosls,209.11586148817617,2.9148531480966367e-07,2.772901791492735e-07,3.102020532494259e-07
kan-fosls,209.5810977169224,2.971163232387474e-07,2.7269771844416426e-07,3.0949717779106105e-07
kan-fosls,210.0463339456686,2.957463912106351e-07,2.7779466131945887e-07,3.2615632023482754e-07
kan-fosls,210.51157017441483,2.96100409537718e-07,2.812385497868045e-07,3.136479334741537e-07
kan-fosls,210.97680640316105,2.9144987901286295e-07,2.751312339980401e-07,3.011395467134799e-07
kan-fosls,211.44204263190727,2.8823598620122235e-07,2.74423059903076e-07,3.0535711880829337e-07
kan-fosls,211.90727886065346,2.811065934234606e-07,2.7274965152597676e-07,2.979123937342312e-07
kan-fosls,212.37251508939968,2.7805047033820537e-07,2.7180741192219667e-07,2.986890294794347e-07
kan-fosls,212.8377513181459,2.89780593815746e-07,2.6727467089604236e-07,3.201775800186382e-07
kan-fosls,213.30298754689213,2.9111117030085205e-07,2.570748079415488e-07,3.416661305578417e-07
kan-fosls,213.76822377563835,3.0046051584920717e-07,2.468749449870552e-07,3.281432983510632e-07
kan-fosls,214.23346000438457,2.9250248811799596e-07,2.678725449333233e-07,3.250095031328259e-07
kan-fosls,214.6986962331308,2.875471635750638e-07,2.7493173191787695e-07,3.119848098195908e-07
kan-fosls,215.16393246187698,2.8277093576530685e-07,2.696677754025259e-07,3.041712298320055e-07
kan-fosls,215.6291686906232,2.7803056344130113e-07,2.6404689987161724e-07,3.072424332976956e-07
kan-fosls,216.09440491936942,2.8419041243056984e-07,2.6634215879932163e-07,3.103136367633857e-07
kan-fosls,216.55964114811565,2.901827451796292e-07,2.7062208209450734e-07,3.210217062336567e-07
kan-fosls,217.02487737686187,2.854005897435586e-07,2.7683269813303274e-07,3.1403006336542603e-07
kan-fosls,217.4901136056081,2.8553384536772026e-07,2.7881580778642656e-07,3.068401503853758e-07
kan-fosls,217.9553498343543,2.8484054623937905e-07,2.7423374976796754e-07,3.0456251690561363e-07
kan-fosls,218.42058606310053,2.8000135408993225e-07,2.556620328118141e-07,3.018873217581966e-07
kan-fosls,218.88582229184675,2.7607542315292925e-07,2.6452588364357076e-07,3.0432515909720284e-07
kan-fosls,219.35105852059294,2.765553412433335e-07,2.6966770469441004e-07,3.0218188694012916e-07
kan-fosls,219.81629474933916,2.8313329338440637e-07,2.7026851747299364e-07,3.058980425651989e-07
kan-fosls,220.28153097808539,2.848449935045319e-07,2.697623190763582e-07,3.244172384263539e-07
kan-fosls,220.7467672068316,2.852827558985526e-07,2.6852652079708607e-07,3.217648881380391e-07
kan-fosls,221.21200343557783,2.831066978771472e-07,2.670194820937972e-07,3.1503274134321936e-07
kan-fosls,221.67723966432405,2.762789794842648e-07,2.6474382128741963e-07,3.057798055111424e-07
kan-fosls,222.14247589307027,2.7637937659977053e-07,2.599009182915072e-07,2.9370956106012345e-07
kan-fosls,222.60771212181646,2.765538083967767e-07,2.550580152955952e-07,2.928556088068508e-07
kan-fosls,223.07294835056268,2.7577892427248527e-07,2.577331043549158e-07,2.9179993242213446e-07
kan-fosls,223.5381845793089,2.743386887545121e-07,2.631206874763058e-07,2.883363535100796e-07
kan-fosls,224.00342080805513,2.7403328320486347e-07,2.646138449078741e-07,2.980994445066784e-07
kan-fosls,224.46865703680135,2.7345488031060637e-07,2.634356493519464e-07,2.926343881443914e-07
kan-fosls,224.93389326554757,2.728764774163493e-07,2.619561670575325e-07,2.9467192279228996e-07
kan-fosls,225.3991294942938,2.7126160787497795e-07,2.6047668476311867e-07,2.9639812634804066e-07
kan-fosls,225.86436572304,2.740429347829934e-07,2.601768651959918e-07,2.9261687270447605e-07
kan-fosls,226.32960195178623,2.743460491856036e-07,2.598962440512201e-07,3.0021720576354514e-07
kan-fosls,226.79483818053242,2.720336420818695e-07,2.6127163488154807e-07,2.980054391561184e-07
kan-fosls,227.26007440927864,2.719264396466231e-07,2.617878563088215e-07,3.086459039911577e-07
kan-fosls,227.72531063802487,2.7372235967566826e-07,2.6376320903375873e-07,3.090258826490422e-07
kan-fosls,228.1905468667711,2.740318070976229e-07,2.5957189693368287e-07,2.998446156719366e-07
kan-fosls,228.6557830955173,2.8189702454854627e-07,2.5156161002643916e-07,3.0993320579126224e-07
kan-fosls,229.12101932426353,2.8414925631443167e-07,2.49870419426266e-07,2.962380556199445e-07
kan-fosls,229.58625555300975,2.8570385376432333e-07,2.5474453520373017e-07,3.094301516037269e-07
kan-fosls,230.05149178175594,2.790211229300711e-07,2.596186509811941e-07,3.0455774690132596e-07
kan-fosls,230.51672801050216,2.7382450475612967e-07,2.6127682078236174e-07,2.9761590144666863e-07
kan-fosls,230.98196423924838,2.775556659777999e-07,2.629203007817488e-07,3.047348671919157e-07
kan-fosls,231.4472004679946,2.7753101596413096e-07,2.620861433070796e-07,2.959431111931791e-07
kan-fosls,231.91243669674083,2.798804561839819e-07,2.5872100929474813e-07,2.8715135519444247e-07
kan-fosls,232.37767292548705,2.811961874819721e-07,2.553606007723355e-07,2.9317356800807317e-07
kan-fosls,232.84290915423327,2.7998819092612185e-07,2.6036255251197125e-07,3.016059510453471e-07
kan-fosls,233.3081453829795,2.792193127487407e-07,2.634625881341958e-07,3.1003833408262106e-07
kan-fosls,233.7733816117257,2.746595599209714e-07,2.6485847690955407e-07,3.024080931059014e-07
kan-fosls,234.2386178404719,2.7511265566287303e-07,2.662543656849122e-07,2.873663862167994e-07
kan-fosls,234.70385406921812,2.738103815619046e-07,2.629242006589279e-07,2.895914289018142e-07
kan-fosls,235.16909029796435,2.794688986877995e-07,2.6089713929714065e-07,2.9395655974489436e-07
kan-fosls,235.63432652671057,2.82713308153039e-07,2.4728939368786175e-07,3.0247905882360165e-07
kan-fosls,236.0995627554568,2.792188840176898e-07,2.4484362011277854e-07,2.973495203636008e-07
kan-fosls,236.564798984203,2.7625320966898704e-07,2.5261932276250845e-07,2.995368203164258e-07
kan-fosls,237.03003521294923,2.7124058038281365e-07,2.604588629467754e-07,2.9317170360403064e-07
kan-fosls,237.49527144169542,2.7157573783994026e-07,2.668851894958949e-07,2.860637749179081e-07
kan-fosls,237.96050767044164,2.7501190179563423e-07,2.5965735943457225e-07,2.898784803546584e-07
kan-fosls,238.42574389918786,2.7812777232069735e-07,2.668992280263158e-07,3.067540696650566e-07
kan-fosls,238.89098012793409,2.747814902260419e-07,2.620325391920008e-07,3.2362965897545476e-07
kan-fosls,239.3562163566803,2.767757374347826e-07,2.572044715998316e-07,3.204518085498097e-07
kan-fosls,239.82145258542653,2.7805703428730217e-07,2.658016185323495e-07,3.165264769854056e-07
kan-fosls,240.28668881417275,2.7700391695852696e-07,2.6088286516137905e-07,3.0572761140455086e-07
kan-fosls,240.75192504291897,2.7603307591128114e-07,2.62769424736718e-07,2.8732894158695846e-07
kan-fosls,241.2171612716652,2.779799318968289e-07,2.6541962297745427e-07,2.906016198869446e-07
kan-fosls,241.68239750041138,2.808676487926648e-07,2.642471225386403e-07,2.9661829436796363e-07
kan-fosls,242.1476337291576,2.7518818534542316e-07,2.6293728159566785e-07,3.035581733575141e-07
kan-fosls,242.61286995790383,2.7538490389658604e-07,2.524153409319091e-07,3.047605441605774e-07
kan-fosls,243.07810618665005,2.7704993157089367e-07,2.4393990979050534e-07,2.9347465803841485e-07
kan-fosls,243.54334241539627,2.742675060683448e-07,2.45384344912135e-07,3.12351815586864e-07
kan-fosls,244.0085786441425,2.720482394090559e-07,2.46835598489614e-07,2.94681990527181e-07
kan-fosls,244.4738148728887,2.68266753619343e-07,2.4839759361524225e-07,2.7900202004437306e-07
kan-fosls,244.9390511016349,2.6904109318537853e-07,2.4995958874087043e-07,2.840182369664675e-07
kan-fosls,245.40428733038112,2.727342524742082e-07,2.506829113661952e-07,2.9369867449997956e-07
kan-fosls,245.86952355912734,2.7568394595626145e-07,2.507585116509889e-07,3.0337911203349165e-07
kan-fosls,246.33475978787357,2.7433192867449975e-07,2.507843758483682e-07,2.922695557390738e-07
kan-fosls,246.7999960166198,2.7196842986072993e-07,2.5007589595576483e-07,2.83573075347037e-07
kan-fosls,247.265232245366,2.741162112592948e-07,2.4936741606316146e-07,2.9209680776482045e-07
kan-fosls,247.73046847411223,2.7646933127388254e-07,2.48119773641106e-07,2.880543085103675e-07
kan-fosls,248.19570470285845,2.7301449970750327e-07,2.4645955613353377e-07,2.981589161308442e-07
kan-fosls,248.66094093160467,2.734278973528094e-07,2.449117134012763e-07,2.902153635773215e-07
kan-fosls,249.12617716035086,2.712461972669346e-07,2.45057841208782e-07,2.8530190479916385e-07
kan-fosls,249.59141338909708,2.6938127963961414e-07,2.4520396901628765e-07,2.901733520551686e-07
kan-fosls,250.0566496178433,2.724798221641115e-07,2.505977180052919e-07,2.8706667544952716e-07
kan-fosls,250.52188584658953,2.732202718775126e-07,2.5995493837316223e-07,2.8785712278983713e-07
kan-fosls,250.98712207533575,2.7272857435964537e-07,2.649922272645622e-07,2.8089719934792777e-07
kan-fosls,251.45235830408197,2.6957188686015646e-07,2.6100829268394017e-07,2.788172214422513e-07
kan-fosls,251.9175945328282,2.69526291236616e-07,2.604423502131363e-07,2.824722272703444e-07
kan-fosls,252.38283076157438,2.734454253713104e-07,2.6167934612882276e-07,2.8367359433264457e-07
kan-fosls,252.8480669903206,2.7519857574188825e-07,2.5594770363900975e-07,2.886093303395563e-07
kan-fosls,253.31330321906682,2.7538885290594583e-07,2.4999298635726464e-07,2.945733671290393e-07
kan-fosls,253.77853944781305,2.725575264880043e-07,2.5312128753171523e-07,3.0462528955145223e-07
kan-fosls,254.24377567655927,2.729748338153306e-07,2.562495887061659e-07,3.0431519569129223e-07
kan-fosls,254.7090119053055,2.738365409372225e-07,2.5215947478457284e-07,2.917597936867459e-07
kan-fosls,255.1742481340517,2.7635400206574354e-07,2.4284557481003997e-07,2.9227712024782294e-07
kan-fosls,255.63948436279793,2.7838742307787903e-07,2.3474954777926833e-07,2.946189611371442e-07
kan-fosls,256.10472059154415,2.779643971948067e-07,2.4031269645082497e-07,2.9865129101767394e-07
kan-fosls,256.5699568202904,2.743879659531803e-07,2.458758451223816e-07,2.9887842074087756e-07
kan-fosls,257.0351930490366,2.7233040177640943e-07,2.4958218011796867e-07,3.0396030424662727e-07
kan-fosls,257.5004292777828,2.7060052238829085e-07,2.519549784128893e-07,3.1187183180738526e-07
kan-fosls,257.96566550652904,2.716787031837364e-07,2.536017472348608e-07,2.9240705869287235e-07
kan-fosls,258.4309017352752,2.7107885641761074e-07,2.4727096164265423e-07,2.81677477017172e-07
kan-fosls,258.8961379640214,2.666046314732519e-07,2.4094017605044694e-07,2.8552752358507637e-07
kan-fosls,259.36137419276764,2.6734105303348117e-07,2.4596025637939346e-07,2.7789802538582023e-07
kan-fosls,259.82661042151386,2.675374690004152e-07,2.587742305137722e-07,2.8345043161028585e-07
kan-fosls,260.2918466502601,2.6738437949882443e-07,2.598457786891109e-07,2.754196529898276e-07
kan-fosls,260.7570828790063,2.6681953846268536e-07,2.594263377314022e-07,2.7428576635602457e-07
kan-fosls,261.2223191077525,2.6788828126607826e-07,2.5593952157418353e-07,2.7649239123453347e-07
kan-fosls,261.68755533649875,2.66619879109727e-07,2.5700367706987925e-07,2.7511735703752577e-07
kan-fosls,262.15279156524497,2.658036143632026e-07,2.571834076506576e-07,2.7201120587227574e-07
kan-fosls,262.6180277939912,2.6520648904684166e-07,2.543810357018559e-07,2.7350921048387526e-07
kan-fosls,263.0832640227374,2.6675188946166975e-07,2.556089643744546e-07,2.766858033425151e-07
kan-fosls,263.54850025148363,2.6783661382999545e-07,2.5683689304705323e-07,2.8223239229563366e-07
kan-fosls,264.01373648022985,2.6954446001089723e-07,2.578828235779467e-07,2.8916193829890635e-07
kan-fosls,264.4789727089761,2.6634879414747475e-07,2.5880861519456286e-07,2.933533755777422e-07
kan-fosls,264.9442089377223,2.6874165145196944e-07,2.5958243915410304e-07,2.869472186321658e-07
kan-fosls,265.40944516646846,2.700367806149659e-07,2.5906547843005616e-07,2.993835312954173e-07
kan-fosls,265.8746813952147,2.7102896934946703e-07,2.5854851770600923e-07,2.9979924671046666e-07
kan-fosls,266.3399176239609,2.6908220903439276e-07,2.569248320377882e-07,2.8786830772975917e-07
kan-fosls,266.8051538527071,2.666650095766265e-07,2.5458509698082286e-07,2.7737790615709644e-07
kan-fosls,267.27039008145334,2.666211590275058e-07,2.5197786343879477e-07,2.786009253261502e-07
kan-fosls,267.73562631019956,2.6852815442522506e-07,2.4731040375168074e-07,2.7788347341527675e-07
kan-fosls,268.2008625389458,2.6766086687283984e-07,2.4264294406456667e-07,2.79672256001418e-07
kan-fosls,268.666098767692,2.684127819025792e-07,2.399565270824622e-07,2.853295955332826e-07
kan-fosls,269.1313349964382,2.67927558471956e-07,2.3850131534319814e-07,2.9201545479509497e-07
kan-fosls,269.59657122518445,2.6968682421607386e-07,2.378002490201014e-07,2.847038467214884e-07
kan-fosls,270.06180745393067,2.711576757191011e-07,2.4292617595259947e-07,2.8083785431341237e-07
kan-fosls,270.5270436826769,2.6811706675969357e-07,2.480521028850976e-07,2.8059143774001984e-07
kan-fosls,270.9922799114231,2.6933875511887555e-07,2.491600513909151e-07,2.7821628153490763e-07
kan-fosls,271.45751614016933,2.7112123830934453e-07,2.4777646089958243e-07,2.7631139418619795e-07
kan-fosls,271.92275236891555,2.696637041487147e-07,2.4691723761654176e-07,2.8070633657626084e-07
kan-fosls,272.3879885976618,2.668435774364546e-07,2.499404314268054e-07,2.855439335667982e-07
kan-fosls,272.853224826408,2.6660252184093744e-07,2.5296362523706904e-07,2.8907683470386913e-07
kan-fosls,273.31846105515416,2.645245886147079e-07,2.5165512453998495e-07,2.886976809698994e-07
kan-fosls,273.7836972839004,2.6505530039327556e-07,2.477602771961738e-07,3.0104861905107183e-07
kan-fosls,274.2489335126466,2.612912473030135e-07,2.439672562248135e-07,2.8785516317120443e-07
kan-fosls,274.7141697413928,2.6323358280433415e-07,2.4086359085179915e-07,2.7786694133131414e-07
kan-fosls,275.17940597013904,2.6235077727503666e-07,2.3775992547878484e-07,2.762615865496745e-07
kan-fosls,275.64464219888526,2.663955638420345e-07,2.3791294492042716e-07,2.8206609028379954e-07
kan-fosls,276.1098784276315,2.6656726769598894e-07,2.399669622218905e-07,2.899408402837406e-07
kan-fosls,276.5751146563777,2.6579557039715065e-07,2.419095902761048e-07,2.930513587065969e-07
kan-fosls,277.0403508851239,2.6573567768206776e-07,2.4312324235141044e-07,2.7924189225833545e-07
kan-fosls,277.50558711387015,2.630784038357787e-07,2.443368944267161e-07,2.73134114792979e-07
kan-fosls,277.97082334261637,2.6022415259280036e-07,2.4395029700026054e-07,2.760668706989239e-07
kan-fosls,278.4360595713626,2.618180265832057e-07,2.4264026808985873e-07,2.792985864278448e-07
kan-fosls,278.9012958001088,2.6556448057484045e-07,2.4175656023585074e-07,2.844389326666026e-07
kan-fosls,279.36653202885503,2.649112859466343e-07,2.4359204230560353e-07,3.0594027521704763e-07
kan-fosls,279.83176825760125,2.6546619880015336e-07,2.454275243753563e-07,3.002542511391557e-07
kan-fosls,280.2970044863474,2.6969150449994683e-07,2.434721767840787e-07,2.840689676155773e-07
kan-fosls,280.76224071509364,2.619734890380453e-07,2.393757673225588e-07,2.955010159268197e-07
kan-fosls,281.22747694383986,2.619859138954551e-07,2.3633252655784389e-07,3.054043802448482e-07
kan-fosls,281.6927131725861,2.64430778443733e-07,2.3956130631095393e-07,2.8614645769461055e-07
kan-fosls,282.1579494013323,2.6363688203972914e-07,2.427900860640639e-07,2.799446690056878e-07
kan-fosls,282.6231856300785,2.607118408465696e-07,2.4423632983449717e-07,2.806494762802911e-07
kan-fosls,283.08842185882474,2.6136862081058797e-07,2.4471132116526936e-07,2.813542835548944e-07
kan-fosls,283.55365808757097,2.600401031000398e-07,2.4446812103294633e-07,2.826909524601496e-07
kan-fosls,284.0188943163172,2.58400947193453e-07,2.402203709688484e-07,2.8431218442910606e-07
kan-fosls,284.4841305450634,2.588683848830838e-07,2.3597262090475048e-07,2.842105978169819e-07
kan-fosls,284.94936677380963,2.5884187525935157e-07,2.3599040833804961e-07,2.7695978915073765e-07
kan-fosls,285.41460300255585,2.5939953129137256e-07,2.3827429359374168e-07,2.750349571177886e-07
kan-fosls,285.87983923130207,2.6175682480366534e-07,2.3971399868532945e-07,2.716151511145688e-07
kan-fosls,286.3450754600483,2.6186207684849975e-07,2.3651286369246582e-07,2.740297689293397e-07
kan-fosls,286.8103116887945,2.619185898437963e-07,2.333117286996022e-07,2.763795898397582e-07
kan-fosls,287.27554791754073,2.651547808297165e-07,2.3619287470235964e-07,2.7626746865112005e-07
kan-fosls,287.74078414628696,2.653587163040412e-07,2.4226256608562465e-07,2.757369915057534e-07
kan-fosls,288.2060203750331,2.626609130534692e-07,2.473064894484482e-07,2.7523972742296986e-07
kan-fosls,288.67125660377934,2.6048633587646625e-07,2.4680734157380443e-07,2.7491481112495674e-07
kan-fosls,289.13649283252556,2.5992033915821996e-07,2.463081936991607e-07,2.732927976851337e-07
kan-fosls,289.6017290612718,2.6094296469905376e-07,2.438685017566951e-07,2.686091158750997e-07
kan-fosls,290.066965290018,2.609954103596954e-07,2.404273624176099e-07,2.670982101949557e-07
kan-fosls,290.5322015187642,2.596034969216828e-07,2.3812133823470237e-07,2.6804164891498427e-07
kan-fosls,290.99743774751045,2.573004143523641e-07,2.4180698620967384e-07,2.7176775597288416e-07
kan-fosls,291.46267397625667,2.572247394570618e-07,2.454926341846453e-07,2.729634961431898e-07
kan-fosls,291.9279102050029,2.5908121987401787e-07,2.4981891682006996e-07,2.7264055287260485e-07
kan-fosls,292.3931464337491,2.6048082976696526e-07,2.5297238021974e-07,2.722131215988936e-07
kan-fosls,292.85838266249533,2.6041921647806133e-07,2.5669812929744087e-07,2.710769357058914e-07
kan-fosls,293.32361889124155,2.61606263455218e-07,2.545608807138145e-07,2.714747160581327e-07
kan-fosls,293.7888551199878,2.616928096607588e-07,2.4857446232717536e-07,2.7513417620961266e-07
kan-fosls,294.254091348734,2.600622451171531e-07,2.526348488817796e-07,2.7003067384933084e-07
kan-fosls,294.7193275774802,2.590575944886894e-07,2.483925960416316e-07,2.6840931188972e-07
kan-fosls,295.1845638062264,2.616642787116596e-07,2.455997393044158e-07,2.7049905889546493e-07
kan-fosls,295.6498000349726,2.638043844592573e-07,2.4702829298284786e-07,2.725888059012101e-07
kan-fosls,296.1150362637188,2.6455033895286525e-07,2.484568466612799e-07,2.754379423214144e-07
kan-fosls,296.58027249246504,2.6234482658702103e-07,2.5197547570357014e-07,2.7869558420170115e-07
kan-fosls,297.04550872121126,2.599067558674784e-07,2.4822645004584474e-07,2.8093588213814373e-07
kan-fosls,297.5107449499575,2.6021208295915434e-07,2.453695191850136e-07,2.7761980771254694e-07
kan-fosls,297.9759811787037,2.6280468887395675e-07,2.467116523735428e-07,2.7430373328695015e-07
kan-fosls,298.4412174074499,2.626333161719825e-07,2.4805378556207197e-07,2.7198261274477657e-07
kan-fosls,298.90645363619615,2.5988666877700647e-07,2.4822491122187235e-07,2.7017368130838575e-07
kan-fosls,299.37168986494237,2.5943120481399656e-07,2.478359590149394e-07,2.689568210879429e-07
kan-fosls,299.8369260936886,2.5816796885187324e-07,2.4718825493673564e-07,2.7062200975329806e-07
kan-fosls,300.3021623224348,2.5835459516587105e-07,2.4533451799779297e-07,2.722871984186533e-07
kan-fosls,300.76739855118103,2.5921789343959824e-07,2.434807810588503e-07,2.7334066949702006e-07
kan-fosls,301.23263477992725,2.615974127600492e-07,2.430268658571281e-07,2.736014747477083e-07
kan-fosls,301.6978710086735,2.6077613572407684e-07,2.432280381265025e-07,2.749274554959062e-07
kan-fosls,302.1631072374197,2.637658234363211e-07,2.4320188090434817e-07,2.8004520394904063e-07
kan-fosls,302.6283434661659,2.6391047826932315e-07,2.421527263519923e-07,2.8516295240217506e-07
kan-fosls,303.0935796949121,2.634391131133406e-07,2.411035717996366e-07,2.8260472377360746e-07
kan-fosls,303.5588159236583,2.6444913268615925e-07,2.3938912529153866e-07,2.7670169375750933e-07
kan-fosls,304.0240521524045,2.637152184705137e-07,2.3736782192710787e-07,2.714248278882196e-07
kan-fosls,304.48928838115074,2.640169005045706e-07,2.3712141922683424e-07,2.694518867172556e-07
kan-fosls,304.95452460989696,2.629913542278196e-07,2.446722473409664e-07,2.7221148438151217e-07
kan-fosls,305.4197608386432,2.618779833949009e-07,2.521346070380754e-07,2.6887020681467936e-07
kan-fosls,305.8849970673894,2.621856178020225e-07,2.520694077119747e-07,2.7141879333061204e-07
kan-fosls,306.3502332961356,2.6265226974122626e-07,2.490289023566627e-07,2.749671221417613e-07
kan-fosls,306.81546952488185,2.6326462393027604e-07,2.4625802182889353e-07,2.687328485152826e-07
kan-fosls,307.28070575362807,2.6468647474627493e-07,2.4586290302845443e-07,2.7326755428714044e-07
kan-fosls,307.7459419823743,2.634658428766202e-07,2.4546778422801534e-07,2.695909174739081e-07
kan-fosls,308.2111782111205,2.5973187651638314e-07,2.4370943402537887e-07,2.6920101366098944e-07
kan-fosls,308.67641443986673,2.597091494242861e-07,2.413342343800505e-07,2.711215497155462e-07
kan-fosls,309.14165066861295,2.605564507534433e-07,2.3966149208060824e-07,2.7112994927692985e-07
kan-fosls,309.6068868973592,2.5899613303244843e-07,2.410162946183005e-07,2.7113834883831345e-07
kan-fosls,310.07212312610534,2.583481289455844e-07,2.423710971559926e-07,2.693615685025577e-07
kan-fosls,310.53735935485156,2.592455003822285e-07,2.443296268727368e-07,2.662670501294396e-07
kan-fosls,311.0025955835978,2.6162987434909887e-07,2.4655905309981533e-07,2.6706841201238683e-07
kan-fosls,311.467831812344,2.606064320883411e-07,2.4802574745794445e-07,2.6833874171398347e-07
kan-fosls,311.9330680410902,2.594792354008009e-07,2.462239294357573e-07,2.6928345085991357e-07
kan-fosls,312.39830426983644,2.6058537726968427e-07,2.4442211141357013e-07,2.7044963229735873e-07
kan-fosls,312.86354049858267,2.629666243554668e-07,2.439748506209343e-07,2.6845268491267895e-07
kan-fosls,313.3287767273289,2.64385396815715e-07,2.4375359729074625e-07,2.683650011015223e-07
kan-fosls,313.7940129560751,2.6419950471388005e-07,2.430846456453362e-07,2.676114123211748e-07
kan-fosls,314.25924918482133,2.6402467773777446e-07,2.4091729643940877e-07,2.6941709327560835e-07
kan-fosls,314.72448541356755,2.6270941532165854e-07,2.3813861125250344e-07,2.709711151957713e-07
kan-fosls,315.18972164231377,2.609773861378734e-07,2.3809039169706875e-07,2.791068653698891e-07
kan-fosls,315.65495787106,2.5924535695408826e-07,2.3921811511466585e-07,2.8724261554400684e-07
kan-fosls,316.1201940998062,2.574542784547738e-07,2.408831536888089e-07,2.7918339264087536e-07
kan-fosls,316.58543032855243,2.582440854288502e-07,2.4465160911479655e-07,2.698403671086951e-07
kan-fosls,317.05066655729865,2.5883647145554916e-07,2.484200645407841e-07,2.663843577067296e-07
kan-fosls,317.5159027860449,2.56746809891009e-07,2.467342313386998e-07,2.696923433796302e-07
kan-fosls,317.98113901479104,2.565216425155975e-07,2.427581745099585e-07,2.7149517993817787e-07
kan-fosls,318.44637524353726,2.5719410781306794e-07,2.3928641309747494e-07,2.6984483954391635e-07
kan-fosls,318.9116114722835,2.581285848431453e-07,2.3781179691130182e-07,2.681944991496548e-07
kan-fosls,319.3768477010297,2.586074642315423e-07,2.363371807251287e-07,2.662600260971911e-07
kan-fosls,319.8420839297759,2.5819572534930757e-07,2.3696054061076065e-07,2.642610507439171e-07
kan-fosls,320.30732015852215,2.555535591155436e-07,2.384644796018875e-07,2.653271922049807e-07
kan-fosls,320.77255638726837,2.560788984903029e-07,2.400958264668337e-07,2.663342651318513e-07
kan-fosls,321.2377926160146,2.548403042024977e-07,2.4222492548888214e-07,2.673413380587219e-07
kan-fosls,321.7030288447608,2.5436707127315524e-07,2.443540245109306e-07,2.647107442673237e-07
kan-fosls,322.16826507350703,2.559382878992736e-07,2.444581401679304e-07,2.659998450677424e-07
kan-fosls,322.63350130225325,2.563890886593185e-07,2.437318274678485e-07,2.668464784516768e-07
kan-fosls,323.0987375309995,2.5538441249655154e-07,2.429711946720648e-07,2.664055107479105e-07
kan-fosls,323.5639737597457,2.559049477233114e-07,2.420816363411464e-07,2.7133621562969364e-07
kan-fosls,324.0292099884919,2.5656666291228227e-07,2.4119207801022805e-07,2.7067744352184924e-07
kan-fosls,324.49444621723813,2.600134586411064e-07,2.4086145927626805e-07,2.6927283772422577e-07
kan-fosls,324.9596824459843,2.6240894878638494e-07,2.407629930276058e-07,2.739634492022748e-07
kan-fosls,325.4249186747305,2.615859333795242e-07,2.4070888900696016e-07,2.789843349273078e-07
kan-fosls,325.89015490347674,2.564110195773029e-07,2.408233685361691e-07,2.7375346433057e-07
kan-fosls,326.35539113222296,2.573829865090869e-07,2.409378480653781e-07,2.685225937338322e-07
kan-fosls,326.8206273609692,2.579870855533612e-07,2.4027634869378893e-07,2.674564851625254e-07
kan-fosls,327.2858635897154,2.579675098832498e-07,2.393020821878435e-07,2.6596662597994404e-07
kan-fosls,327.7510998184616,2.562804268532841e-07,2.3850996952471063e-07,2.629167960868792e-07
kan-fosls,328.21633604720785,2.573068481123077e-07,2.3837097583120778e-07,2.5986696619381434e-07
kan-fosls,328.68157227595407,2.5704372015472e-07,2.3823198213770495e-07,2.6080921239860324e-07
kan-fosls,329.1468085047003,2.5567927033658397e-07,2.3933880816555803e-07,2.627989317020397e-07
kan-fosls,329.6120447334465,2.5663300652664346e-07,2.40930556793007e-07,2.6645102456697364e-07
kan-fosls,330.07728096219273,2.587143761279295e-07,2.4149757173115176e-07,2.6722591663770305e-07
kan-fosls,330.54251719093895,2.582729126205607e-07,2.385084037232283e-07,2.692027004131395e-07
kan-fosls,331.0077534196852,2.564315261961172e-07,2.355192357153048e-07,2.651614457357395e-07
kan-fosls,331.4729896484314,2.562839383096845e-07,2.371602793854619e-07,2.6338237571437076e-07
kan-fosls,331.9382258771776,2.5564292006247914e-07,2.405781653001403e-07,2.6371250647513896e-07
kan-fosls,332.40346210592384,2.5591777340469154e-07,2.4252811821502386e-07,2.632304345481696e-07
kan-fosls,332.86869833467,2.5707546221611577e-07,2.394654995319376e-07,2.622813373877713e-07
kan-fosls,333.3339345634162,2.575132628629295e-07,2.3640288084885096e-07,2.600261487006118e-07
kan-fosls,333.79917079216244,2.571601217946061e-07,2.3549618745008112e-07,2.622677707770688e-07
kan-fosls,334.26440702090866,2.584059268489333e-07,2.353926359164402e-07,2.638301102358039e-07
kan-fosls,334.7296432496549,2.5690551260169754e-07,2.3551919119836798e-07,2.630375248777776e-07
kan-fosls,335.1948794784011,2.5527886417487673e-07,2.364086085048692e-07,2.6224493951975135e-07
kan-fosls,335.6601157071473,2.548884752340675e-07,2.3729802581137042e-07,2.6215599600738506e-07
kan-fosls,336.12535193589355,2.566114021793916e-07,2.3969601148542356e-07,2.683804590853866e-07
kan-fosls,336.59058816463977,2.5466030759749856e-07,2.4263422064760916e-07,2.6942341080683676e-07
kan-fosls,337.055824393386,2.5400150322612796e-07,2.448304755205987e-07,2.6755471412359496e-07
kan-fosls,337.5210606221322,2.5357571346534824e-07,2.446482534325724e-07,2.6647203659827324e-07
kan-fosls,337.98629685087843,2.544478540450184e-07,2.4446603134454613e-07,2.680822504038327e-07
kan-fosls,338.45153307962465,2.5381061439080366e-07,2.453156422524268e-07,2.698991824916215e-07
kan-fosls,338.9167693083709,2.53690194271417e-07,2.431663009923294e-07,2.68046265823454e-07
kan-fosls,339.3820055371171,2.5374859060225115e-07,2.426297047916383e-07,2.6441701219589203e-07
kan-fosls,339.84724176586326,2.54145788839295e-07,2.4600105595136345e-07,2.6173080756727593e-07
kan-fosls,340.3124779946095,2.5274237830031947e-07,2.465492427721747e-07,2.6313977057791234e-07
kan-fosls,340.7777142233557,2.5257551919769193e-07,2.466082577542268e-07,2.6498854802171916e-07
kan-fosls,341.2429504521019,2.52399707425908e-07,2.460500078936292e-07,2.666090000071506e-07
kan-fosls,341.70818668084814,2.527518634329391e-07,2.466158486400677e-07,2.6734707548749907e-07
kan-fosls,342.17342290959436,2.562528062638783e-07,2.484461220426865e-07,2.7161367353231713e-07
kan-fosls,342.6386591383406,2.5841927194692053e-07,2.487926589150106e-07,2.704744274560269e-07
kan-fosls,343.1038953670868,2.5670155855968835e-07,2.470099035204962e-07,2.707262437989923e-07
kan-fosls,343.569131595833,2.584719667875382e-07,2.445126118722288e-07,2.7572274773210804e-07
kan-fosls,344.03436782457925,2.606832717147351e-07,2.437576642717024e-07,2.6902615279187986e-07
kan-fosls,344.49960405332547,2.585480072683122e-07,2.4828458551398357e-07,2.6483167860305143e-07
kan-fosls,344.9648402820717,2.5684473767655877e-07,2.4990084329696374e-07,2.648721373402767e-07
kan-fosls,345.4300765108179,2.5454265427369545e-07,2.485335898754497e-07,2.6491259607750193e-07
kan-fosls,345.89531273956413,2.5462612096953107e-07,2.430498552755341e-07,2.668339000394647e-07
kan-fosls,346.36054896831035,2.5403003024550033e-07,2.388466561670493e-07,2.701864003416625e-07
kan-fosls,346.8257851970566,2.5467285906259964e-07,2.407938643197361e-07,2.735389006438603e-07
kan-fosls,347.2910214258028,2.542777947776526e-07,2.42741072472423e-07,2.706939045975951e-07
kan-fosls,347.75625765454896,2.5443687800546437e-07,2.4286078961261663e-07,2.685839294760876e-07
kan-fosls,348.2214938832952,2.542269016562575e-07,2.42375936099982e-07,2.6788940054601993e-07
kan-fosls,348.6867301120414,2.5392857190058407e-07,2.418773222347736e-07,2.66753182491131e-07
kan-fosls,349.1519663407876,2.5475123271251427e-07,2.413369499296359e-07,2.662100703841637e-07
kan-fosls,349.61720256953384,2.5429889041402424e-07,2.4079657762449813e-07,2.6708957011718417e-07
kan-fosls,350.08243879828007,2.5342697808688246e-07,2.423394749242048e-07,2.688178520524719e-07
kan-fosls,350.5476750270263,2.52815840908253e-07,2.4458661261602884e-07,2.712449109275968e-07
kan-fosls,351.0129112557725,2.518420519062383e-07,2.4568345050618364e-07,2.715200287508045e-07
kan-fosls,351.47814748451873,2.535474635832577e-07,2.432888762873805e-07,2.723114391216521e-07
kan-fosls,351.94338371326495,2.547443394763124e-07,2.408943020685774e-07,2.708462534745398e-07
kan-fosls,352.40861994201117,2.5435710968984645e-07,2.419149328429027e-07,2.6938106782742747e-07
kan-fosls,352.8738561707574,2.5340608153454334e-07,2.4405193875641017e-07,2.6845029941881345e-07
kan-fosls,353.3390923995036,2.5388277546854115e-07,2.4510741242667743e-07,2.6762538287560194e-07
kan-fosls,353.80432862824983,2.549187938571771e-07,2.4295822297132027e-07,2.667363607607486e-07
kan-fosls,354.26956485699606,2.5379087203339156e-07,2.408090335159631e-07,2.6572662361180863e-07
kan-fosls,354.7348010857422,2.520583587763812e-07,2.4091650275741584e-07,2.6471688646286876e-07
kan-fosls,355.20003731448844,2.523119966373525e-07,2.4173848014336725e-07,2.645491323361461e-07
kan-fosls,355.66527354323466,2.542055967472011e-07,2.4305668205525714e-07,2.659128821652375e-07
kan-fosls,356.1305097719809,2.5566985915325825e-07,2.4577711767730686e-07,2.6960913819515966e-07
kan-fosls,356.5957460007271,2.5605234795788215e-07,2.4849755329935653e-07,2.710248419539842e-07
kan-fosls,357.0609822294733,2.5649391451673345e-07,2.4463553946731826e-07,2.7244054571280876e-07
kan-fosls,357.52621845821955,2.5855484710733067e-07,2.386922866828937e-07,2.7066984606981775e-07
kan-fosls,357.99145468696577,2.582780410376005e-07,2.3530394706606242e-07,2.738060249732048e-07
kan-fosls,358.456690915712,2.5697328792042837e-07,2.3923579979513987e-07,2.7486935873350864e-07
kan-fosls,358.9219271444582,2.534920270012489e-07,2.4316765252421734e-07,2.706309109192629e-07
kan-fosls,359.38716337320443,2.5305185689317964e-07,2.4250028986662063e-07,2.6639246310501714e-07
kan-fosls,359.85239960195065,2.5262774879151787e-07,2.3733294225668073e-07,2.6529769257002434e-07
kan-fosls,360.3176358306969,2.5445915358859453e-07,2.3960747026138785e-07,2.646281864903087e-07
kan-fosls,360.7828720594431,2.556445477902915e-07,2.422292487414022e-07,2.6370900649412415e-07
kan-fosls,361.2481082881893,2.5540228771400744e-07,2.4485102722141663e-07,2.624119262721604e-07
kan-fosls,361.71334451693554,2.5404380384647533e-07,2.469864236513987e-07,2.611148460501967e-07
kan-fosls,362.17858074568176,2.5359303627413966e-07,2.4599867600075393e-07,2.622109541977271e-07
kan-fosls,362.6438169744279,2.5243872625113647e-07,2.450969871906466e-07,2.63546450183334e-07
kan-fosls,363.10905320317414,2.538329538645279e-07,2.4453573092822843e-07,2.6418475811703605e-07
kan-fosls,363.57428943192036,2.5523874995658635e-07,2.446058649556311e-07,2.638514670157944e-07
kan-fosls,364.0395256606666,2.5521864212098153e-07,2.4082792628715006e-07,2.6849098211066385e-07
kan-fosls,364.5047618894128,2.5384585292427245e-07,2.3584083248649737e-07,2.679896654926227e-07
kan-fosls,364.969998118159,2.5305148128882254e-07,2.3328922326691385e-07,2.701463174543543e-07
kan-fosls,365.43523434690525,2.5200608162442095e-07,2.3675374882841666e-07,2.692392045346459e-07
kan-fosls,365.90047057565147,2.5166638703461914e-07,2.4021827438991944e-07,2.6280841008778333e-07
kan-fosls,366.3657068043977,2.509037338611152e-07,2.4206802836796566e-07,2.563776156409207e-07
kan-fosls,366.8309430331439,2.497800597733025e-07,2.4350766455314e-07,2.6167890862777085e-07
kan-fosls,367.29617926189013,2.5048788390104105e-07,2.450271999496613e-07,2.676272383367058e-07
kan-fosls,367.76141549063635,2.521524793200522e-07,2.456302911441975e-07,2.7127148481993504e-07
kan-fosls,368.2266517193826,2.530202848661256e-07,2.4340579801478076e-07,2.7210185055822044e-07
kan-fosls,368.6918879481288,2.5054644546441334e-07,2.455023891921902e-07,2.729322162965058e-07
kan-fosls,369.157124176875,2.4957086584556387e-07,2.41413073667292e-07,2.717739198865417e-07
kan-fosls,369.6223604056212,2.512385253673276e-07,2.384695642239182e-07,2.7053918957538245e-07
kan-fosls,370.0875966343674,2.5133285187458225e-07,2.3814065852496388e-07,2.7002437877074157e-07
kan-fosls,370.5528328631136,2.51491014915489e-07,2.378117528260096e-07,2.703164276999969e-07
kan-fosls,371.01806909185984,2.5178064451611756e-07,2.3809838441301084e-07,2.706084766292522e-07
kan-fosls,371.48330532060606,2.521919973965232e-07,2.385335547222881e-07,2.682598372672333e-07
kan-fosls,371.9485415493523,2.518701242730977e-07,2.384056874810187e-07,2.658711076680544e-07
kan-fosls,372.4137777780985,2.5162380954872766e-07,2.3701579039436903e-07,2.648843578991408e-07
kan-fosls,372.8790140068447,2.526760831656807e-07,2.3562589330771934e-07,2.653256506303168e-07
kan-fosls,373.34425023559095,2.5279231650724564e-07,2.3664785058100401e-07,2.657628796642501e-07
kan-fosls,373.80948646433717,2.523299540994025e-07,2.382301189811698e-07,2.65885547444055e-07
kan-fosls,374.2747226930834,2.51594771744913e-07,2.398706330474869e-07,2.6600821522385987e-07
kan-fosls,374.7399589218296,2.5207984809423744e-07,2.4164001848370584e-07,2.6490924617650883e-07
kan-fosls,375.20519515057583,2.5078732022625473e-07,2.434094039199247e-07,2.6270305216777525e-07
kan-fosls,375.67043137932205,2.527663356649704e-07,2.4190756774624163e-07,2.605559444087657e-07
kan-fosls,376.1356676080683,2.527273056241588e-07,2.3966414604893523e-07,2.600015765404889e-07
kan-fosls,376.6009038368145,2.5289721115518336e-07,2.3910664532218903e-07,2.607233215583624e-07
kan-fosls,377.0661400655607,2.520747023606283e-07,2.4216231234144297e-07,2.6379004025661006e-07
kan-fosls,377.5313762943069,2.521397902078424e-07,2.452179793606965e-07,2.6481166502432547e-07
kan-fosls,377.9966125230531,2.536080392102491e-07,2.4428863618156866e-07,2.682017383983112e-07
kan-fosls,378.4618487517993,2.537100250585068e-07,2.424716421360969e-07,2.678190441340817e-07
kan-fosls,378.92708498054554,2.533063565002181e-07,2.417291827305401e-07,2.674363498698522e-07
kan-fosls,379.39232120929177,2.5227496351586527e-07,2.4324634987327546e-07,2.652827657751608e-07
kan-fosls,379.857557438038,2.5413154875324715e-07,2.447635170160108e-07,2.618192764694731e-07
kan-fosls,380.3227936667842,2.5481572109566723e-07,2.4261590067052705e-07,2.6486371568230725e-07
kan-fosls,380.7880298955304,2.552157724223621e-07,2.3970019239382153e-07,2.639723932062769e-07
kan-fosls,381.25326612427665,2.558352928738741e-07,2.3949880502586484e-07,2.6577928416881805e-07
kan-fosls,381.71850235302287,2.5511984617268344e-07,2.4490112005423416e-07,2.666772076921539e-07
kan-fosls,382.1837385817691,2.5432271780772e-07,2.503034350826035e-07,2.6415128852876027e-07
kan-fosls,382.6489748105153,2.537950520270169e-07,2.470190569825095e-07,2.627825953220266e-07
kan-fosls,383.11421103926153,2.5339029992569435e-07,2.4191132811255694e-07,2.655625166725737e-07
kan-fosls,383.57944726800775,2.5342390737490566e-07,2.3817737351612042e-07,2.683424380231208e-07
kan-fosls,384.044683496754,2.522704493735997e-07,2.372489452401327e-07,2.6941100382766434e-07
kan-fosls,384.50991972550014,2.517660148166633e-07,2.3632051696414508e-07,2.6943076103933537e-07
kan-fosls,384.97515595424636,2.52391358536412e-07,2.370109712840629e-07,2.6935993877099036e-07
kan-fosls,385.4403921829926,2.524653525288784e-07,2.3803810713611027e-07,2.686899890281029e-07
kan-fosls,385.9056284117388,2.5251105406289345e-07,2.391052844499743e-07,2.680200392852154e-07
kan-fosls,386.370864640485,2.5331057359944574e-07,2.4025431459746287e-07,2.661055642663695e-07
kan-fosls,386.83610086923125,2.52969924276468e-07,2.414033447449514e-07,2.6349734511281785e-07
kan-fosls,387.30133709797747,2.5160529553647816e-07,2.4243039885226327e-07,2.622759584960113e-07
kan-fosls,387.7665733267237,2.511906470510065e-07,2.434321356423839e-07,2.6081286535093383e-07
kan-fosls,388.2318095554699,2.529868716619018e-07,2.4305035457786293e-07,2.603919110106739e-07
kan-fosls,388.69704578421613,2.5246414704498124e-07,2.3986332618230613e-07,2.612309763283677e-07
kan-fosls,389.16228201296235,2.52824187089456e-07,2.3667629778674936e-07,2.626958270786101e-07
kan-fosls,389.6275182417086,2.5263575830492597e-07,2.3774418884580428e-07,2.6366486959351313e-07
kan-fosls,390.0927544704548,2.5160957607790084e-07,2.3968330589176e-07,2.6235320467536763e-07
kan-fosls,390.557990699201,2.5225379702742566e-07,2.4118055648903304e-07,2.610415397572222e-07
kan-fosls,391.02322692794723,2.533927885264927e-07,2.4179518239182834e-07,2.6091432374197353e-07
kan-fosls,391.48846315669346,2.5367781975921523e-07,2.4240980829462363e-07,2.610638229322923e-07
kan-fosls,391.9536993854397,2.527283577855361e-07,2.406607084477158e-07,2.613074937496608e-07
kan-fosls,392.41893561418584,2.5219427210885413e-07,2.384401373969207e-07,2.6151890987231777e-07
kan-fosls,392.88417184293206,2.504347832070961e-07,2.3729158538356654e-07,2.617303259949748e-07
kan-fosls,393.3494080716783,2.490880562951956e-07,2.3826856248165586e-07,2.602784025245488e-07
kan-fosls,393.8146443004245,2.508615685710656e-07,2.392455395797452e-07,2.5768570879658665e-07
kan-fosls,394.2798805291707,2.5044537483571433e-07,2.4027852998902716e-07,2.5907139912736156e-07
kan-fosls,394.74511675791695,2.5093009885559377e-07,2.4132253787187027e-07,2.6293486152780787e-07
kan-fosls,395.21035298666317,2.5302682643520263e-07,2.419153087958555e-07,2.593472025286011e-07
kan-fosls,395.6755892154094,2.533564695429774e-07,2.416144447992169e-07,2.595092160764491e-07
kan-fosls,396.1408254441556,2.5182282043040693e-07,2.413135808025783e-07,2.5852705935712423e-07
kan-fosls,396.60606167290183,2.5142017161967104e-07,2.39736990713286e-07,2.575449026377993e-07
kan-fosls,397.07129790164805,2.5005232069328947e-07,2.3791104150940803e-07,2.5561717761458375e-07
kan-fosls,397.5365341303943,2.5100045382507765e-07,2.3710631882345274e-07,2.544185293437807e-07
kan-fosls,398.0017703591405,2.5197971556497593e-07,2.3830599963579623e-07,2.557914788110478e-07
kan-fosls,398.4670065878867,2.529324821003653e-07,2.395056804481397e-07,2.5555093256467544e-07
kan-fosls,398.93224281663294,2.531964093564184e-07,2.387625459108691e-07,2.5603882991624803e-07
kan-fosls,399.3974790453791,2.5408853137096643e-07,2.3764782263080865e-07,2.564935425835874e-07
kan-fosls,399.8627152741253,2.542726973441659e-07,2.3707576934546785e-07,2.569482552509269e-07
kan-fosls,400.32795150287154,2.5370876069330633e-07,2.3753752904182623e-07,2.5830002998227555e-07
kan-fosls,400.79318773161776,2.526094291357124e-07,2.379992887381846e-07,2.576127080424735e-07
kan-fosls,401.258423960364,2.516068962072398e-07,2.4000696831284056e-07,2.5775445264344423e-07
kan-fosls,401.7236601891102,2.524375652007158e-07,2.422937292013329e-07,2.582416653075964e-07
kan-fosls,402.1888964178564,2.528150532370656e-07,2.422739323061804e-07,2.5923376343330745e-07
kan-fosls,402.65413264660265,2.512589758096663e-07,2.3797907821359146e-07,2.6197992784843756e-07
kan-fosls,403.11936887534887,2.493870327043006e-07,2.336842241210025e-07,2.622214425408444e-07
kan-fosls,403.5846051040951,2.503592050538602e-07,2.3298784826595426e-07,2.6206487724012676e-07
kan-fosls,404.0498413328413,2.5081207162990595e-07,2.3289661595603413e-07,2.6151235171736996e-07
kan-fosls,404.51507756158753,2.5160188336551706e-07,2.3290858578337486e-07,2.61066093020328e-07
kan-fosls,404.98031379033375,2.518165881218623e-07,2.331048533212742e-07,2.6237533854003965e-07
kan-fosls,405.44555001908,2.51195229771629e-07,2.333011208591735e-07,2.636211423638094e-07
kan-fosls,405.9107862478262,2.511330142024819e-07,2.357698825702152e-07,2.639096802824592e-07
kan-fosls,406.3760224765724,2.522129707372402e-07,2.385989552650858e-07,2.62400270417108e-07
kan-fosls,406.84125870531864,2.5221915680457227e-07,2.393921667914977e-07,2.6089086055175673e-07
kan-fosls,407.3064949340648,2.52022804911151e-07,2.3660127475334947e-07,2.6170192589046834e-07
kan-fosls,407.771731162811,2.526933957078489e-07,2.338103827152009e-07,2.629014216069627e-07
kan-fosls,408.23696739155724,2.52583407839525e-07,2.345566269533182e-07,2.6340552136929944e-07
kan-fosls,408.70220362030346,2.5208631090970723e-07,2.3584693726255117e-07,2.627214248302505e-07
kan-fosls,409.1674398490497,2.507174880847431e-07,2.3635921700311602e-07,2.6203732829120154e-07
kan-fosls,409.6326760777959,2.504157934835662e-07,2.3557728906192873e-07,2.6595262139867236e-07
kan-fosls,410.0979123065421,2.5119176967739403e-07,2.3479536112074144e-07,2.63169256119935e-07
kan-fosls,410.56314853528835,2.512341673405158e-07,2.347514744337717e-07,2.594541443715109e-07
kan-fosls,411.02838476403457,2.524090332040919e-07,2.3481195121213128e-07,2.6193686836683096e-07
kan-fosls,411.4936209927808,2.5186070325786324e-07,2.3501884162375684e-07,2.685574854811625e-07
kan-fosls,411.958857221527,2.5176942369639143e-07,2.3546831138937225e-07,2.647301666909729e-07
kan-fosls,412.42409345027323,2.5328812496980633e-07,2.3591778115498766e-07,2.5986722232020163e-07
kan-fosls,412.88932967901945,2.5343871453460926e-07,2.3684157263325777e-07,2.580312253920443e-07
kan-fosls,413.3545659077657,2.537461673229677e-07,2.378328978849244e-07,2.598700368406456e-07
kan-fosls,413.8198021365119,2.535407863592001e-07,2.384950948387478e-07,2.618465321660162e-07
kan-fosls,414.28503836525806,2.526774840062912e-07,2.386187382685684e-07,2.6095127756773674e-07
kan-fosls,414.7502745940043,2.5310949171489975e-07,2.387423816983889e-07,2.5985302663100535e-07
kan-fosls,415.2155108227505,2.5207941998061743e-07,2.390121060704794e-07,2.59211153671579e-07
kan-fosls,415.6807470514967,2.5168291588595054e-07,2.393009381066349e-07,2.5914469199513136e-07
kan-fosls,416.14598328024294,2.51378013298561e-07,2.38575286459717e-07,2.5907823031868376e-07
kan-fosls,416.61121950898917,2.508017885121518e-07,2.3622444572024028e-07,2.611574758271011e-07
kan-fosls,417.0764557377354,2.522771521867602e-07,2.338736049807636e-07,2.633364475188203e-07
kan-fosls,417.5416919664816,2.517410636352518e-07,2.37182130819907e-07,2.6260178568275387e-07
kan-fosls,418.00692819522783,2.5320026779744847e-07,2.412222096842526e-07,2.6146321518437014e-07
kan-fosls,418.47216442397405,2.5353801946870043e-07,2.4079438165090637e-07,2.6034886455809347e-07
kan-fosls,418.93740065272027,2.513411678543648e-07,2.391423432632563e-07,2.593036139614575e-07
kan-fosls,419.4026368814665,2.522358704766579e-07,2.3585465879745991e-07,2.5918112375364536e-07
kan-fosls,419.8678731102127,2.536153541196383e-07,2.386365858937167e-07,2.607445991595153e-07
kan-fosls,420.33310933895893,2.5417162191456806e-07,2.422093932728167e-07,2.612633168720829e-07
kan-fosls,420.79834556770516,2.5261902624759393e-07,2.432664676641712e-07,2.617820345846505e-07
kan-fosls,421.2635817964514,2.495804863260475e-07,2.4039481331989315e-07,2.614910497999602e-07
kan-fosls,421.7288180251976,2.508102021256992e-07,2.3752315897561508e-07,2.61188295314691e-07
kan-fosls,422.19405425394376,2.5196052818341413e-07,2.3821114248112533e-07,2.6075960479117145e-07
kan-fosls,422.65929048269,2.532271505641919e-07,2.3932636093960443e-07,2.6019857460382367e-07
kan-fosls,423.1245267114362,2.5323855279409926e-07,2.4010674553023124e-07,2.5963754441647593e-07
kan-fosls,423.5897629401824,2.5303227666597567e-07,2.4036904897395344e-07,2.5938463406194914e-07
kan-fosls,424.05499916892865,2.536608281831747e-07,2.4063135241767564e-07,2.5913367103841574e-07
kan-fosls,424.52023539767487,2.5227284540768936e-07,2.429006696257393e-07,2.59180979124967e-07
kan-fosls,424.9854716264211,2.5247254335830674e-07,2.4539757862101254e-07,2.586344783888759e-07
kan-fosls,425.4507078551673,2.518383996728541e-07,2.450781694853172e-07,2.589444540416673e-07
kan-fosls,425.91594408391353,2.5169924452831993e-07,2.4053468805517034e-07,2.5930631145586887e-07
kan-fosls,426.38118031265975,2.5158973157938745e-07,2.359912066250234e-07,2.6063399994922173e-07
kan-fosls,426.846416541406,2.5101542196652954e-07,2.35244202328015e-07,2.615131473724991e-07
kan-fosls,427.3116527701522,2.5136659717777977e-07,2.3488706446977053e-07,2.6109279666935995e-07
kan-fosls,427.7768889988984,2.514499935161852e-07,2.344413257277323e-07,2.60710851141671e-07
kan-fosls,428.24212522764464,2.5116415965522015e-07,2.3386935460770869e-07,2.614721978662635e-07
kan-fosls,428.70736145639086,2.5265836167298395e-07,2.3329738348768508e-07,2.6223354459085607e-07
kan-fosls,429.172597685137,2.5340772879902604e-07,2.3445532862363694e-07,2.610260066895199e-07
kan-fosls,429.63783391388324,2.5317966969935107e-07,2.3575984909155986e-07,2.616250959230848e-07
kan-fosls,430.10307014262946,2.515967995702236e-07,2.3645186796589377e-07,2.61834133832966e-07
kan-fosls,430.5683063713757,2.5283303633084474e-07,2.3631907841661763e-07,2.6130141012476856e-07
kan-fosls,431.0335426001219,2.508490065755318e-07,2.3618628886734152e-07,2.620147891774154e-07
kan-fosls,431.4987788288681,2.5013111199647723e-07,2.350811869342455e-07,2.6290453814001587e-07
kan-fosls,431.96401505761435,2.4990838789303464e-07,2.3390608547085613e-07,2.6021172684810983e-07
kan-fosls,432.42925128636057,2.5088880255265675e-07,2.339450407365864e-07,2.59436685623517e-07
kan-fosls,432.8944875151068,2.524278653804548e-07,2.3555765073823643e-07,2.624063905809834e-07
kan-fosls,433.359723743853,2.5266042337438797e-07,2.3717026073988647e-07,2.605271491101914e-07
kan-fosls,433.82495997259923,2.510349504405509e-07,2.389220049677552e-07,2.6043352138326147e-07
kan-fosls,434.29019620134545,2.5133307848803175e-07,2.406822590926139e-07,2.592721341655972e-07
kan-fosls,434.7554324300917,2.5263369616185155e-07,2.406334410183752e-07,2.5826877820002816e-07
kan-fosls,435.2206686588379,2.54198568959046e-07,2.3829028117052053e-07,2.5801128046623494e-07
kan-fosls,435.6859048875841,2.528127310948235e-07,2.3594712132266588e-07,2.56536446290867e-07
kan-fosls,436.15114111633034,2.5056926559987724e-07,2.3640169843405485e-07,2.5609709914011363e-07
kan-fosls,436.61637734507656,2.4996982649657535e-07,2.3701173280014548e-07,2.5673555604680326e-07
kan-fosls,437.0816135738227,2.515800364431675e-07,2.3769438639707897e-07,2.581984032046317e-07
kan-fosls,437.54684980256894,2.536578065949182e-07,2.3846493237243115e-07,2.587389641397158e-07
kan-fosls,438.01208603131516,2.543989268706577e-07,2.392354783477833e-07,2.6008904634627917e-07
kan-fosls,438.4773222600614,2.517225038908078e-07,2.3745052984343513e-07,2.620491094362612e-07
kan-fosls,438.9425584888076,2.506977631594241e-07,2.355518756928147e-07,2.619354991467102e-07
kan-fosls,439.4077947175538,2.481880424921746e-07,2.3439068520240103e-07,2.5969586405468673e-07
kan-fosls,439.87303094630005,2.4794761620231655e-07,2.3410438170506098e-07,2.5780611423746356e-07
kan-fosls,440.33826717504627,2.490653960837285e-07,2.3381807820772096e-07,2.600048874534315e-07
kan-fosls,440.8035034037925,2.5015826730600905e-07,2.3648149780448716e-07,2.6255280207768216e-07
kan-fosls,441.2687396325387,2.5084850963058283e-07,2.3926095214579496e-07,2.6360841095614595e-07
kan-fosls,441.73397586128493,2.4984766571968793e-07,2.406159194721721e-07,2.6319200836310957e-07
kan-fosls,442.19921209003115,2.4993950704372245e-07,2.4031800746714285e-07,2.627667764492988e-07
kan-fosls,442.6644483187774,2.518683450353686e-07,2.3989529893793145e-07,2.608855779685017e-07
kan-fosls,443.1296845475236,2.5322056263282193e-07,2.3949276536663557e-07,2.6045097877033664e-07
kan-fosls,443.5949207762698,2.5359774375882533e-07,2.3895754883191665e-07,2.595439789038569e-07
kan-fosls,444.060157005016,2.5410903857995424e-07,2.3757279993486957e-07,2.585862611189131e-07
kan-fosls,444.5253932337622,2.543581057805687e-07,2.3524911396239354e-07,2.5827300346094436e-07
kan-fosls,444.9906294625084,2.5401816810724365e-07,2.329254279899175e-07,2.5835866974903365e-07
kan-fosls,445.45586569125464,2.5262696295133626e-07,2.3462327600040651e-07,2.5844433603712295e-07
kan-fosls,445.92110192000086,2.534334233884443e-07,2.364240328663645e-07,2.5819694686672547e-07
kan-fosls,446.3863381487471,2.5315600942957885e-07,2.3839722723544913e-07,2.5813826442969453e-07
kan-fosls,446.8515743774933,2.5388477700176105e-07,2.405591997967184e-07,2.576294715956054e-07
kan-fosls,447.3168106062395,2.5432449396090436e-07,2.4272117235798763e-07,2.5946783025357657e-07
kan-fosls,447.78204683498575,2.5210012518666406e-07,2.4184804783020327e-07,2.6113440067946917e-07
kan-fosls,448.24728306373197,2.5285703619247664e-07,2.409168578016871e-07,2.6211005569425017e-07
kan-fosls,448.7125192924782,2.5307757791196304e-07,2.401334963970081e-07,2.626975438519452e-07
kan-fosls,449.1777555212244,2.5315151776153467e-07,2.395101149770955e-07,2.6160973131170696e-07
kan-fosls,449.64299174997063,2.5295749875275134e-07,2.388867335571828e-07,2.6052191877146874e-07
kan-fosls,450.10822797871685,2.52763479743968e-07,2.3739316640114875e-07,2.596266066961507e-07
kan-fosls,450.5734642074631,2.526314367065692e-07,2.358922890516076e-07,2.595846830745731e-07
kan-fosls,451.0387004362093,2.518904988507089e-07,2.352109787226069e-07,2.593274351503324e-07
kan-fosls,451.5039366649555,2.521394426020149e-07,2.3536429379784415e-07,2.5912763180389817e-07
kan-fosls,451.9691728937017,2.5168397206018317e-07,2.3551760887308137e-07,2.6082403897353606e-07
kan-fosls,452.4344091224479,2.5211981410462146e-07,2.368634503661366e-07,2.6252044614317417e-07
kan-fosls,452.8996453511941,2.526795561313738e-07,2.3821024675526146e-07,2.6348839881177943e-07
kan-fosls,453.36488157994035,2.509341281153282e-07,2.394692453887565e-07,2.6381330984019153e-07
kan-fosls,453.83011780868657,2.516529728667823e-07,2.4064061692887753e-07,2.641053960621696e-07
kan-fosls,454.2953540374328,2.513202831992948e-07,2.418013940433641e-07,2.634567689401885e-07
kan-fosls,454.760590266179,2.509623759377843e-07,2.4080019582825656e-07,2.628081418182074e-07
kan-fosls,455.22582649492523,2.508442226329904e-07,2.3928814528521713e-07,2.611896563214748e-07
kan-fosls,455.69106272367145,2.5011977167478253e-07,2.3953658270124585e-07,2.5873022171642396e-07
kan-fosls,456.15629895241767,2.4934246926015324e-07,2.399707294016006e-07,2.5646748308946827e-07
kan-fosls,456.6215351811639,2.4910431696797386e-07,2.4037885635428346e-07,2.595031762305005e-07
kan-fosls,457.0867714099101,2.488661646757945e-07,2.3874950350172386e-07,2.6283471257070827e-07
kan-fosls,457.55200763865633,2.500783585347551e-07,2.3712015064916423e-07,2.606738380622154e-07
kan-fosls,458.01724386740256,2.50560696662956e-07,2.3664462129397487e-07,2.59882968960057e-07
kan-fosls,458.4824800961488,2.505572257555294e-07,2.3722672556872282e-07,2.592336779292678e-07
kan-fosls,458.94771632489494,2.4914415965317703e-07,2.378305236428887e-07,2.6093125028836816e-07
kan-fosls,459.41295255364116,2.492485739505054e-07,2.3918285606415405e-07,2.6262882264746873e-07
kan-fosls,459.8781887823874,2.4954017104814253e-07,2.405351884854194e-07,2.6291617520957964e-07
kan-fosls,460.3434250111336,2.504574466325808e-07,2.396139017905801e-07,2.621210264251896e-07
kan-fosls,460.8086612398798,2.509758525981652e-07,2.367048815558934e-07,2.611792785926599e-07
kan-fosls,461.27389746862605,2.492411619012165e-07,2.3394442601460137e-07,2.5846318778537956e-07
kan-fosls,461.73913369737227,2.470813222747257e-07,2.3451308918484184e-07,2.557470969780993e-07
kan-fosls,462.2043699261185,2.4654285475904466e-07,2.350817523550823e-07,2.5727868392840753e-07
kan-fosls,462.6696061548647,2.455893068211857e-07,2.3555113948764792e-07,2.619107229090228e-07
kan-fosls,463.13484238361093,2.46173996126671e-07,2.3593876563750413e-07,2.659502984627281e-07
kan-fosls,463.60007861235715,2.473849321264864e-07,2.362832772136682e-07,2.636456310982117e-07
kan-fosls,464.0653148411034,2.483885689952553e-07,2.3583885226492593e-07,2.613409637336953e-07
kan-fosls,464.5305510698496,2.4902824691253045e-07,2.353944273161837e-07,2.603912037102418e-07
kan-fosls,464.9957872985958,2.4902824691253045e-07,2.3519572778241127e-07,2.605901170404914e-07
kan-fosls,465.46102352734204,2.4902824691253045e-07,2.3519572778241127e-07,2.603912037102418e-07
kan-fosls,465.92625975608826,2.4902824691253045e-07,2.3519572778241127e-07,2.603912037102418e-07
mlp-fosls,0.5536465644836426,0.06079958938062191,0.04920586198568344,0.10586997121572495
mlp-fosls,0.7761552727616228,0.04607666143791998,0.037839231027861,0.07748028594621384
mlp-fosls,0.9986639810396029,0.031030200544635036,0.026430192201907374,0.04887287307872535
mlp-fosls,1.221172689317583,0.021499624185932383,0.016640643142027983,0.031593834534866534
mlp-fosls,1.4436813975955631,0.017798888603647853,0.010671050558655172,0.026033905721519257
mlp-fosls,1.6661901058735433,0.012584234383147886,0.004701457975282361,0.02047397690817198
mlp-fosls,1.8886988141515233,0.009208219293299465,0.0032972905294855973,0.01745287519675753
mlp-fosls,2.1112075224295035,0.005847934153440364,0.0019823396184911325,0.01445695055287009
mlp-fosls,2.3337162307074837,0.003725131390044552,0.0011574421729084099,0.012363940116408354
mlp-fosls,2.556224938985464,0.002614320092468884,0.0007549696309802548,0.011257233081629264
mlp-fosls,2.778733647263444,0.0014929120685683267,0.0002292282003586486,0.010150526046850173
mlp-fosls,3.0012423555414243,0.0010598528929341594,0.00019286654267372492,0.008538723691298706
mlp-fosls,3.223751063819404,0.0006381903674965262,0.00015650488498880128,0.006923636420709027
mlp-fosls,3.446259772097384,0.00040030269632787573,0.00013024314894171415,0.005338024721518716
mlp-fosls,3.6687684803753644,0.0003177366381430408,0.00011339787004869284,0.0037826019879868477
mlp-fosls,3.8912771886533446,0.00021723875597604844,9.66763487329079e-05,0.0022271792544549794
mlp-fosls,4.113785896931325,0.0001893156381459191,8.545900296428617e-05,0.0015453083802186613
mlp-fosls,4.336294605209305,0.0001593295405370521,7.424165719566443e-05,0.0008679370660727073
mlp-fosls,4.558803313487285,0.00014005803718650277,6.763482146970691e-05,0.0004691415835006194
mlp-fosls,4.781312021765265,0.00012811997554894414,5.916198331157182e-05,0.0003541373738268934
mlp-fosls,5.003820730043246,0.0001080742712962288,4.922071043957827e-05,0.0002634126487987135
mlp-fosls,5.226329438321225,0.00010135448353369871,4.526543747190945e-05,0.00022781439540181295
mlp-fosls,5.448838146599206,9.822502671665579e-05,4.144803116458235e-05,0.00019221614200491224
mlp-fosls,5.671346854877186,9.06194044473334e-05,4.03814644902151e-05,0.00016724440824229068
mlp-fosls,5.8938555631551655,7.932384139255474e-05,3.934238606342601e-05,0.00015170344458972543
mlp-fosls,6.116364271433146,6.429087231563323e-05,3.622594001693949e-05,0.00013610570984205937
mlp-fosls,6.338872979711126,6.339704610429236e-05,3.586686660748377e-05,0.00011894443659895656
mlp-fosls,6.5613816879891065,6.258523653087555e-05,2.7118121302929314e-05,0.00010419965608293948
mlp-fosls,6.783890396267086,5.754136966872434e-05,2.3579322209288112e-05,9.294928686985058e-05
mlp-fosls,7.006399104545067,4.88431104302927e-05,2.5909882722309526e-05,8.783872334813444e-05
mlp-fosls,7.228907812823047,4.0144851191861096e-05,2.7646729173551972e-05,8.360227125951804e-05
mlp-fosls,7.451416521101027,3.982708335606464e-05,2.4154753021004353e-05,7.248055191554346e-05
mlp-fosls,7.673925229379007,4.0004380302103006e-05,1.985276004617219e-05,6.135883257156892e-05
mlp-fosls,7.896433937656987,3.861908557941094e-05,1.707041788198459e-05,5.417137645963327e-05
mlp-fosls,8.118942645934968,3.519710816994608e-05,1.6040477549830953e-05,5.0237909397206994e-05
mlp-fosls,8.341451354212946,3.127456205932634e-05,1.5010537217677331e-05,4.6385579597254655e-05
mlp-fosls,8.563960062490928,2.9378351218836216e-05,1.4670532097161044e-05,4.402689158098857e-05
mlp-fosls,8.786468770768908,2.9319102640552855e-05,1.4357805690744944e-05,4.1668203564722514e-05
mlp-fosls,9.008977479046887,2.7267812627223238e-05,1.41295007369188e-05,3.876020627896886e-05
mlp-fosls,9.231486187324869,2.6532188893663084e-05,1.3999887424847991e-05,3.784352488483723e-05
mlp-fosls,9.453994895602849,2.5055799767829572e-05,1.3870274112777186e-05,3.6926843490705605e-05
mlp-fosls,9.676503603880828,2.5050401817462688e-05,1.4067927549534846e-05,3.5527061942377226e-05
mlp-fosls,9.899012312158808,2.3613487084536678e-05,1.4279459508360832e-05,3.411928281214379e-05
mlp-fosls,10.121521020436788,2.1972638903373457e-05,1.4081228040885403e-05,3.348926048384036e-05
mlp-fosls,10.34402972871477,2.0359457783123257e-05,1.2479531202980373e-05,3.3689051000187176e-05
mlp-fosls,10.566538436992749,1.8895396006344983e-05,1.0357288052890112e-05,3.3888841516533985e-05
mlp-fosls,10.789047145270729,1.85459632589956e-05,1.0433394987629894e-05,3.7889488970644535e-05
mlp-fosls,11.011555853548709,1.9094721702507106e-05,1.0509501922369676e-05,4.19521882528147e-05
mlp-fosls,11.234064561826688,1.8789783288495272e-05,1.0601373285276213e-05,4.034143092014121e-05
mlp-fosls,11.45657327010467,1.88146833681184e-05,1.0705172431748548e-05,3.2676053714661635e-05
mlp-fosls,11.67908197838265,1.847923807282725e-05,1.0705859607299953e-05,2.7188020625397594e-05
mlp-fosls,11.90159068666063,1.7043918928576752e-05,9.397261556281093e-06,2.4354765756518356e-05
mlp-fosls,12.124099394938609,1.4014946307358542e-05,8.088663505262234e-06,2.3163608623090966e-05
mlp-fosls,12.34660810321659,1.343206523552317e-05,5.9034737573356934e-06,2.2608685759503258e-05
mlp-fosls,12.56911681149457,1.3195947971102785e-05,5.5201340262536485e-06,2.2389006391396667e-05
mlp-fosls,12.79162551977255,1.2959922906872408e-05,5.259888986870201e-06,2.2169327023290074e-05
mlp-fosls,13.01413422805053,1.2961567024235443e-05,5.67813744382719e-06,2.0981396518414218e-05
mlp-fosls,13.23664293632851,1.2973618847292065e-05,6.096385900784178e-06,1.9777472789363002e-05
mlp-fosls,13.459151644606491,1.2996167657110982e-05,7.180603506739678e-06,1.980340339862614e-05
mlp-fosls,13.681660352884471,1.2802603287591934e-05,7.278282823901201e-06,2.0642219895369678e-05
mlp-fosls,13.90416906116245,1.2415672700247227e-05,6.657696667248745e-06,2.114490283100343e-05
mlp-fosls,14.12667776944043,1.2247229394359109e-05,6.329065760035182e-06,2.236885817480908e-05
mlp-fosls,14.349186477718412,1.1914336027416226e-05,5.129911824689844e-06,2.3708115234087084e-05
mlp-fosls,14.571695185996392,1.1806498414209737e-05,3.8841866669038194e-06,2.2904570963245033e-05
mlp-fosls,14.794203894274371,1.129926967484819e-05,3.074579961299858e-06,1.975700463968752e-05
mlp-fosls,15.016712602552351,1.1245377412544627e-05,2.442153276549025e-06,1.660943831613001e-05
mlp-fosls,15.239221310830331,1.1050281089445344e-05,2.604331070959526e-06,1.5829155015029862e-05
mlp-fosls,15.461730019108312,1.0835417833233137e-05,2.766508865370029e-06,1.6210665924376787e-05
mlp-fosls,15.684238727386292,1.0713369836002366e-05,3.1932527151352158e-06,1.718295049863645e-05
mlp-fosls,15.906747435664272,1.073262485757612e-05,3.738762243237221e-06,1.8302614034929994e-05
mlp-fosls,16.12925614394225,1.0725439561293166e-05,4.045080120001209e-06,1.9137477600184146e-05
mlp-fosls,16.351764852220235,1.0645082337630323e-05,3.38189865196211e-06,1.7188324151552475e-05
mlp-fosls,16.574273560498213,1.0376269204359065e-05,2.7187171839230322e-06,1.5239170702920865e-05
mlp-fosls,16.79678226877619,1.0054684901245424e-05,2.854959200826807e-06,1.3745377210776586e-05
mlp-fosls,17.019290977054172,1.0216570149300512e-05,3.3252461117366832e-06,1.2560090360850069e-05
mlp-fosls,17.241799685332154,9.458205935062602e-06,3.5296937115047313e-06,1.20694772220181e-05
mlp-fosls,17.464308393610132,9.842360213899126e-06,2.7530820535403024e-06,1.1327778127762e-05
mlp-fosls,17.686817101888114,9.839082738044702e-06,1.976470395575861e-06,1.1134691599429857e-05
mlp-fosls,17.909325810166095,9.235594612175994e-06,3.0420374613663825e-06,1.1271498533986285e-05
mlp-fosls,18.131834518444073,9.0350976998522e-06,4.695056136581691e-06,1.099874659385371e-05
mlp-fosls,18.354343226722055,8.92214670621475e-06,4.319894068145135e-06,1.0974995223380829e-05
mlp-fosls,18.576851935000033,8.357516797064008e-06,4.057742375564133e-06,1.0699895444605644e-05
mlp-fosls,18.799360643278014,8.112660191594562e-06,2.323359185151016e-06,1.0419057713394168e-05
mlp-fosls,19.021869351555996,8.179074903442197e-06,1.7829890936069297e-06,1.0541889725496692e-05
mlp-fosls,19.244378059833974,8.493519156598207e-06,1.669708327990629e-06,1.1106297694514508e-05
mlp-fosls,19.466886768111955,8.72103022011079e-06,1.6776341796949273e-06,1.1670705663532333e-05
mlp-fosls,19.689395476389933,8.73065153717589e-06,2.0770526863724316e-06,1.151236778065574e-05
mlp-fosls,19.911904184667915,8.755736430360334e-06,2.4764711930499427e-06,1.1526351099370688e-05
mlp-fosls,20.134412892945896,8.761938011557215e-06,2.2685895420393863e-06,1.1442245571719614e-05
mlp-fosls,20.356921601223874,8.195972604524022e-06,1.851802319059167e-06,1.0005981087445776e-05
mlp-fosls,20.579430309501856,7.989121892304214e-06,1.535851962486433e-06,9.350114427774056e-06
mlp-fosls,20.801939017779834,7.984571055174725e-06,1.51896442110298e-06,9.927757598844561e-06
mlp-fosls,21.024447726057815,7.881615835065012e-06,1.5020768797195266e-06,1.147590049600336e-05
mlp-fosls,21.246956434335797,8.260481876374204e-06,1.4854528569306496e-06,1.0647647664132492e-05
mlp-fosls,21.469465142613775,8.167913101792848e-06,1.4689122174190765e-06,1.0207342558760286e-05
mlp-fosls,21.691973850891756,7.291517408124314e-06,1.4825098545379163e-06,1.1329028670949476e-05
mlp-fosls,21.914482559169734,7.1447850904613624e-06,1.5788702959505842e-06,9.753641746455476e-06
mlp-fosls,22.136991267447716,6.946228846942734e-06,1.6752307373632538e-06,8.438722709949658e-06
mlp-fosls,22.359499975725697,7.132317020509149e-06,1.847696580029019e-06,9.011525103005417e-06
mlp-fosls,22.582008684003675,7.3525372546039414e-06,2.0423712313246085e-06,9.995706529396344e-06
mlp-fosls,22.804517392281657,7.153963607776661e-06,2.1031776136182786e-06,1.0979887955787288e-05
mlp-fosls,23.027026100559638,7.191446530297512e-06,1.822241426021841e-06,9.429054650125014e-06
mlp-fosls,23.249534808837616,7.233396735535444e-06,1.5413052384254082e-06,7.829974275081188e-06
mlp-fosls,23.472043517115598,6.963240233255451e-06,1.4869883422939545e-06,7.512651910282001e-06
mlp-fosls,23.694552225393576,6.725702260213238e-06,1.4931256350954838e-06,8.059855281743371e-06
mlp-fosls,23.917060933671557,6.4159537368834104e-06,1.4986271341154981e-06,8.470234536684289e-06
mlp-fosls,24.13956964194954,6.0753254663823455e-06,1.5026267565136906e-06,8.06204943378177e-06
mlp-fosls,24.362078350227517,5.7350121934827925e-06,1.5066263789118831e-06,7.653864330879258e-06
mlp-fosls,24.584587058505498,5.667440214041296e-06,1.5828748937508274e-06,7.447334507727418e-06
mlp-fosls,24.807095766783476,5.789298110471018e-06,1.676630767005753e-06,7.4825431879907905e-06
mlp-fosls,25.029604475061458,5.62255269869941e-06,1.8599141990281752e-06,7.515256467809413e-06
mlp-fosls,25.25211318333944,5.607955398357684e-06,2.2404103921623726e-06,7.224207733711342e-06
mlp-fosls,25.474621891617417,5.5193486090941175e-06,2.6209065852965634e-06,6.933158999613275e-06
mlp-fosls,25.6971305998954,5.368521097010765e-06,2.6895224364540807e-06,6.736741938996007e-06
mlp-fosls,25.919639308173377,5.3594284353303155e-06,2.6894932431745256e-06,6.86020582372191e-06
mlp-fosls,26.142148016451358,5.528482044281571e-06,2.6066271522473844e-06,7.045602792230827e-06
mlp-fosls,26.36465672472934,5.3228649461208276e-06,2.3534789585138116e-06,6.997016411299837e-06
mlp-fosls,26.587165433007318,5.323043452363184e-06,2.1003307647802425e-06,7.462538325765907e-06
mlp-fosls,26.8096741412853,5.40330713739607e-06,1.8865494466755347e-06,7.443234732798047e-06
mlp-fosls,27.03218284956328,5.4112942857036105e-06,1.6805550939556862e-06,6.95151623291855e-06
mlp-fosls,27.25469155784126,5.537921069689745e-06,1.5369727186247567e-06,7.345457483331192e-06
mlp-fosls,27.47720026611924,5.238315809096615e-06,1.513358809072755e-06,6.773248261162223e-06
mlp-fosls,27.69970897439722,5.1192195665994995e-06,1.4897448995207538e-06,6.353287107011403e-06
mlp-fosls,27.9222176826752,4.96237605767061e-06,1.5498467786218541e-06,6.330779268765619e-06
mlp-fosls,28.14472639095318,4.693898869696074e-06,1.6246730744790317e-06,6.336283736906873e-06
mlp-fosls,28.36723509923116,4.58509957088332e-06,1.9134805501376877e-06,6.557346968304009e-06
mlp-fosls,28.58974380750914,4.95956612930481e-06,2.5857294578531008e-06,6.378362295030426e-06
mlp-fosls,28.81225251578712,5.47909949703128e-06,2.8616399391279316e-06,6.180810599880649e-06
mlp-fosls,29.0347612240651,5.3080387235970445e-06,2.7498507997910873e-06,6.124772349467715e-06
mlp-fosls,29.257269932343082,4.870759066780188e-06,2.14683402017109e-06,5.914465708431342e-06
mlp-fosls,29.47977864062106,4.540506328618967e-06,1.7701132995916812e-06,5.828123000563115e-06
mlp-fosls,29.70228734889904,4.784732563285217e-06,1.8412996520540287e-06,6.597838940508306e-06
mlp-fosls,29.92479605717702,4.895758126293463e-06,1.9124860045163754e-06,7.559230080674967e-06
mlp-fosls,30.147304765455,4.983812348442221e-06,1.8341883471886037e-06,8.327290759228651e-06
mlp-fosls,30.369813473732982,4.6595430182926075e-06,1.7358038476765719e-06,8.879178212333902e-06
mlp-fosls,30.59232218201096,4.3368187292422525e-06,1.8654234072661395e-06,9.431065665439144e-06
mlp-fosls,30.814830890288942,4.209584880960153e-06,2.352772967846885e-06,7.868267931075438e-06
mlp-fosls,31.03733959856692,4.089822042849653e-06,2.8401225284276226e-06,6.2421639962337595e-06
mlp-fosls,31.2598483068449,4.020449734253964e-06,2.499028309415609e-06,5.9606611658023266e-06
mlp-fosls,31.482357015122883,3.980533480423651e-06,2.06305917067861e-06,6.3683422663645895e-06
mlp-fosls,31.70486572340086,3.950891997628251e-06,1.7470253833274594e-06,6.771095979251489e-06
mlp-fosls,31.927374431678842,3.992856372371582e-06,1.6073143173327963e-06,6.1324858034600494e-06
mlp-fosls,32.14988313995683,4.036551269691626e-06,1.4676032513381309e-06,6.524629345247113e-06
mlp-fosls,32.3723918482348,4.206260931073238e-06,1.508766580828563e-06,6.276040888537263e-06
mlp-fosls,32.59490055651278,4.551404079687284e-06,1.5672229519825933e-06,6.024475163330086e-06
mlp-fosls,32.81740926479076,4.456503388027472e-06,1.6263873197925044e-06,6.584568818478433e-06
mlp-fosls,33.03991797306874,4.263417593421353e-06,1.686524534924849e-06,6.210005794536131e-06
mlp-fosls,33.262426681346724,3.975493249297699e-06,1.7466617500571954e-06,5.8354427705938175e-06
mlp-fosls,33.4849353896247,3.8235708617215e-06,2.0010446044710634e-06,5.64679605554715e-06
mlp-fosls,33.70744409790268,4.0166590952784515e-06,2.270283445249696e-06,5.6430248220696545e-06
mlp-fosls,33.929952806180665,4.073810986597674e-06,2.3667134282453504e-06,5.63921990086682e-06
mlp-fosls,34.15246151445864,3.990153526829106e-06,2.240268194659483e-06,5.548544556064404e-06
mlp-fosls,34.37497022273662,4.077006857896857e-06,2.113822961073615e-06,5.567785456023671e-06
mlp-fosls,34.59747893101461,4.014772540505392e-06,1.930913693414237e-06,5.5546367732174355e-06
mlp-fosls,34.819987639292584,3.959904883407795e-06,1.7446767977115786e-06,5.483790763550167e-06
mlp-fosls,35.04249634757056,3.881159634773607e-06,1.629950349751531e-06,5.4129447538828975e-06
mlp-fosls,35.26500505584855,3.945369812405649e-06,1.6018500815122732e-06,5.903202999968652e-06
mlp-fosls,35.487513764126525,3.878632246057992e-06,1.5737498132730165e-06,6.4524019437004355e-06
mlp-fosls,35.7100224724045,3.953075812069722e-06,1.5028184143804052e-06,6.5033951697072005e-06
mlp-fosls,35.93253118068248,3.752364745166703e-06,1.4301324773406257e-06,5.822258252986287e-06
mlp-fosls,36.15503988896047,3.7880167718706685e-06,1.489165979996285e-06,5.281781267690801e-06
mlp-fosls,36.377548597238444,3.6804297880307376e-06,1.6977756860250865e-06,5.179071742126297e-06
mlp-fosls,36.60005730551642,3.5822465721080384e-06,1.906385392053888e-06,5.292995008485482e-06
mlp-fosls,36.82256601379441,3.628686078645931e-06,1.8278685667706022e-06,5.3300226367542915e-06
mlp-fosls,37.045074722072385,3.5775522683685944e-06,1.7422948756703855e-06,5.253286118703818e-06
mlp-fosls,37.26758343035036,3.6066823419241052e-06,1.6502871860080064e-06,5.500367959376129e-06
mlp-fosls,37.49009213862835,3.5372974084237497e-06,1.5514125410560714e-06,5.303158654860286e-06
mlp-fosls,37.71260084690633,3.4659725903906806e-06,1.4525378961041396e-06,5.084261144009693e-06
mlp-fosls,37.935109555184304,3.4967090197988555e-06,1.4394111376533671e-06,4.890028336686916e-06
mlp-fosls,38.15761826346228,3.620518914819298e-06,1.4270287036433424e-06,4.919312821885483e-06
mlp-fosls,38.38012697174027,3.5811235335944643e-06,1.5479837199095187e-06,4.948597307084051e-06
mlp-fosls,38.602635680018246,3.458275260947885e-06,1.8024217114573901e-06,4.868691502763857e-06
mlp-fosls,38.82514438829622,3.3069264406109833e-06,2.0616984177871703e-06,4.776286611500242e-06
mlp-fosls,39.04765309657421,3.2254678482034888e-06,2.1539196816253995e-06,4.715030435732875e-06
mlp-fosls,39.27016180485219,3.4954658183642395e-06,2.0894456499174186e-06,4.701289028673985e-06
mlp-fosls,39.492670513130165,3.4361747869602296e-06,2.043710750408727e-06,4.687547621615095e-06
mlp-fosls,39.71517922140815,3.1027976973807724e-06,2.0512779661372296e-06,4.699121457293283e-06
mlp-fosls,39.93768792968613,3.08972829763735e-06,1.7941218315289562e-06,4.713663538958164e-06
mlp-fosls,40.160196637964106,3.1652899330525794e-06,1.8569839074215576e-06,4.748194160168079e-06
mlp-fosls,40.38270534624209,3.3358757579937583e-06,1.919845983314161e-06,5.481059102953989e-06
mlp-fosls,40.60521405452007,3.4668435112778687e-06,1.8454389071435504e-06,6.2139240457398754e-06
mlp-fosls,40.82772276279805,3.312656004629429e-06,1.6496273794696098e-06,5.483975450827157e-06
mlp-fosls,41.050231471076025,3.147200208318603e-06,1.4609514117478186e-06,4.754882722178369e-06
mlp-fosls,41.27274017935401,3.071239999888353e-06,1.4509694107676183e-06,4.765244210681935e-06
mlp-fosls,41.49524888763199,3.0674138868358536e-06,1.4409874097874184e-06,4.635658696708421e-06
mlp-fosls,41.717757595909966,3.0752217838051105e-06,1.4320454178136775e-06,4.5965733007000705e-06
mlp-fosls,41.94026630418795,3.064040932426722e-06,1.4239675166780846e-06,4.544294817383038e-06
mlp-fosls,42.16277501246593,3.0510420832598625e-06,1.4161461011292989e-06,4.487746321651779e-06
mlp-fosls,42.38528372074391,3.1336272732898844e-06,1.4128436739972028e-06,4.477958675138695e-06
mlp-fosls,42.60779242902189,3.219494390970065e-06,1.4095412468651066e-06,4.686796265733997e-06
mlp-fosls,42.83030113729987,3.2477025008656347e-06,1.4050276948210822e-06,4.895633856329293e-06
mlp-fosls,43.05280984557785,3.170712377022037e-06,1.3995667105298882e-06,4.944971587873041e-06
mlp-fosls,43.275318553855826,3.009279953840145e-06,1.3945523454403263e-06,5.529811234697084e-06
mlp-fosls,43.49782726213381,3.0406875189624533e-06,1.3955877967143505e-06,5.665006589773066e-06
mlp-fosls,43.72033597041179,3.11642630276589e-06,1.3966232479883748e-06,5.101709747707648e-06
mlp-fosls,43.94284467868977,3.1636236414128754e-06,1.3997793652298798e-06,4.53841290564223e-06
mlp-fosls,44.16535338696775,3.1587741613834034e-06,1.4044980961658329e-06,4.473845965442587e-06
mlp-fosls,44.38786209524573,3.2624052209790026e-06,1.4204759933092437e-06,4.470998194545051e-06
mlp-fosls,44.61037080352371,3.241146384768718e-06,1.5599372383215403e-06,4.462681282880388e-06
mlp-fosls,44.83287951180169,3.1918433388951647e-06,1.6993984833338414e-06,4.445764025399298e-06
mlp-fosls,45.05538822007967,3.2239909596039598e-06,1.6796612421611353e-06,4.428846767918209e-06
mlp-fosls,45.27789692835765,3.0556217389773455e-06,1.5496582608503492e-06,4.418990159245457e-06
mlp-fosls,45.500405636635634,2.887252518350726e-06,1.4308958819144963e-06,4.4100210696751016e-06
mlp-fosls,45.72291434491361,2.8498314557478827e-06,1.4146032964177163e-06,4.387188071618016e-06
mlp-fosls,45.94542305319159,2.870896894380758e-06,1.3983107109209363e-06,4.342439246885738e-06
mlp-fosls,46.16793176146957,2.896372789341479e-06,1.465115266689098e-06,4.297690422153458e-06
mlp-fosls,46.39044046974755,2.8859967788170323e-06,1.5857409595815935e-06,4.293834297774518e-06
mlp-fosls,46.61294917802553,2.9897123232743343e-06,1.6748133119942135e-06,4.295225558725933e-06
mlp-fosls,46.83545788630351,3.0373364270524447e-06,1.522299576504028e-06,4.402517729075467e-06
mlp-fosls,47.057966594581494,3.01023403107426e-06,1.3697858410138378e-06,4.678875481982822e-06
mlp-fosls,47.28047530285947,2.960565438790112e-06,1.3835718545638698e-06,4.955233234890168e-06
mlp-fosls,47.50298401113745,2.874587568984328e-06,1.4980451744348316e-06,4.748239067663093e-06
mlp-fosls,47.725492719415435,2.80717266852363e-06,1.583201335123572e-06,4.477346281136176e-06
mlp-fosls,47.94800142769341,2.825719715085646e-06,1.47223613142518e-06,4.326580655278953e-06
mlp-fosls,48.17051013597139,2.8701783908055637e-06,1.3612709277267878e-06,4.370182141323354e-06
mlp-fosls,48.393018844249376,2.896708060838675e-06,1.3325207561714882e-06,4.413783627367757e-06
mlp-fosls,48.615527552527354,2.8619236720650203e-06,1.35051219853204e-06,4.321370967074466e-06
mlp-fosls,48.83803626080533,2.8271392832913657e-06,1.3683085935256318e-06,4.210695293014949e-06
mlp-fosls,49.06054496908331,2.9130877305809827e-06,1.3849564881604524e-06,4.159114177971449e-06
mlp-fosls,49.283053677361295,3.1361415003270484e-06,1.4016043827952734e-06,4.2031696414903916e-06
mlp-fosls,49.50556238563927,3.2765635675296317e-06,1.3962846382199557e-06,4.247225105009333e-06
mlp-fosls,49.72807109391725,3.058528145951467e-06,1.3792921254101945e-06,4.200645111830293e-06
mlp-fosls,49.950579802195236,2.8256850024666054e-06,1.3852915155016903e-06,4.141856838237828e-06
mlp-fosls,50.173088510473214,2.740746892463074e-06,1.5108181414578142e-06,4.131672921791751e-06
mlp-fosls,50.39559721875119,2.729586409745462e-06,1.6363447674139382e-06,4.200295227443827e-06
mlp-fosls,50.61810592702918,2.7396003401210172e-06,1.5726930040240488e-06,4.268917533095905e-06
mlp-fosls,50.840614635307155,2.764296605300104e-06,1.4156477336821337e-06,4.301611403050026e-06
mlp-fosls,51.06312334358513,2.8053222151802552e-06,1.2974753503217313e-06,4.32942658409552e-06
mlp-fosls,51.28563205186311,2.8416838096728036e-06,1.3596675498879423e-06,4.298089602681419e-06
mlp-fosls,51.508140760141096,2.8588325700482193e-06,1.4218597494541552e-06,4.517911347609818e-06
mlp-fosls,51.730649468419074,2.8300872073559106e-06,1.4306689604110428e-06,4.7661653719795666e-06
mlp-fosls,51.95315817669705,2.7725521354476248e-06,1.4149765249387344e-06,4.162469168623593e-06
mlp-fosls,52.17566688497504,2.718137671924215e-06,1.4069990716663531e-06,4.135672530119603e-06
mlp-fosls,52.398175593253015,2.706895126348089e-06,1.4320877029129843e-06,4.16792353924004e-06
mlp-fosls,52.62068430153099,2.702539975876906e-06,1.4571763341596154e-06,4.156368510139695e-06
mlp-fosls,52.84319300980898,2.7393291201309817e-06,1.4315133319706122e-06,4.1448134810393495e-06
mlp-fosls,53.065701718086956,2.832309492219569e-06,1.383786247789147e-06,4.145775854833844e-06
mlp-fosls,53.288210426364934,2.885526573078555e-06,1.3450878862357872e-06,4.148561913214523e-06
mlp-fosls,53.51071913464292,2.8548422754664216e-06,1.3414649096699625e-06,4.103092914573692e-06
mlp-fosls,53.7332278429209,2.7440438386021963e-06,1.337841933104138e-06,3.976140217906971e-06
mlp-fosls,53.955736551198875,2.6726077380500016e-06,1.3355819782277786e-06,3.849187521240251e-06
mlp-fosls,54.17824525947685,2.744858177422612e-06,1.3338701654619306e-06,3.8036680616337515e-06
mlp-fosls,54.40075396775484,2.817108616795225e-06,1.325450284784779e-06,3.770129298305411e-06
mlp-fosls,54.623262676032816,2.7787360224757392e-06,1.2933171520729352e-06,3.8100989995211684e-06
mlp-fosls,54.845771384310794,2.6868188460443513e-06,1.2611840193610912e-06,3.974163063092522e-06
mlp-fosls,55.06828009258878,2.6386413133050537e-06,1.2618174328780818e-06,4.13822712666388e-06
mlp-fosls,55.29078880086676,2.7036796383155313e-06,1.2746605564419372e-06,4.059992808939574e-06
mlp-fosls,55.513297509144735,2.7687179633260093e-06,1.2833407518586678e-06,3.945956279052004e-06
mlp-fosls,55.73580621742272,2.8756061424876594e-06,1.2785677259294449e-06,3.8841283303640665e-06
mlp-fosls,55.9583149257007,2.8595337333561195e-06,1.2737947000002222e-06,3.910727963719301e-06
mlp-fosls,56.180823633978676,2.708115560276836e-06,1.2699299252542415e-06,3.937327597074534e-06
mlp-fosls,56.403332342256654,2.684035173788178e-06,1.2663928522391496e-06,3.872586790349933e-06
mlp-fosls,56.62584105053464,2.550732632433673e-06,1.2616333342519967e-06,3.794234675493786e-06
mlp-fosls,56.84834975881262,2.541051077828944e-06,1.2530634756336407e-06,3.740288670636901e-06
mlp-fosls,57.070858467090595,2.541733607409981e-06,1.2444936170152844e-06,3.7278653747801736e-06
mlp-fosls,57.29336717536858,2.5578538184744965e-06,1.264160503410821e-06,3.715442078923445e-06
mlp-fosls,57.51587588364656,2.623507214655201e-06,1.2932118909307678e-06,3.7316674556725933e-06
mlp-fosls,57.738384591924536,2.6891606108359043e-06,1.314778618612781e-06,3.7522264719721925e-06
mlp-fosls,57.96089330020252,2.6898930946410087e-06,1.3148793337385744e-06,3.7874133830814514e-06
mlp-fosls,58.1834020084805,2.6298684352142925e-06,1.3149800488643678e-06,3.847782324026152e-06
mlp-fosls,58.40591071675848,2.5926363751871154e-06,1.315201103396649e-06,3.908151264970852e-06
mlp-fosls,58.62841942503646,2.6065740833542104e-06,1.3154588888674813e-06,3.848188109109546e-06
mlp-fosls,58.85092813331444,2.6205117915213054e-06,1.3137941657803197e-06,3.7695793015184444e-06
mlp-fosls,59.07343684159242,2.5727088766020977e-06,1.3070575840966744e-06,3.7057997702978455e-06
mlp-fosls,59.295945549870396,2.5149321583210744e-06,1.300321002413029e-06,3.667883481868933e-06
mlp-fosls,59.51845425814838,2.5079748104076044e-06,1.310450726421214e-06,3.6299671934400195e-06
mlp-fosls,59.74096296642636,2.575352053330992e-06,1.325253850905473e-06,3.650980154338984e-06
mlp-fosls,59.96347167470434,2.642729296254379e-06,1.331646565177599e-06,3.6814719995343334e-06
mlp-fosls,60.18598038298232,2.609486921745162e-06,1.3175896748906932e-06,3.6844904379108026e-06
mlp-fosls,60.4084890912603,2.565464590009032e-06,1.3035327846037878e-06,3.7379524997438023e-06
mlp-fosls,60.63099779953828,2.5405901758563722e-06,1.4157230173287598e-06,3.998156083845859e-06
mlp-fosls,60.85350650781626,2.53907174464357e-06,1.5595109156654536e-06,3.787108396342836e-06
mlp-fosls,61.07601521609424,2.550973805770526e-06,1.518587557690543e-06,3.6423955808374895e-06
mlp-fosls,61.29852392437222,2.536468110187093e-06,1.4767985263396525e-06,3.6444928514877495e-06
mlp-fosls,61.5210326326502,2.482502866819708e-06,1.4566799351687314e-06,3.5973029090737386e-06
mlp-fosls,61.74354134092818,2.477675303486656e-06,1.4453376865932507e-06,3.5501129666597264e-06
mlp-fosls,61.96605004920616,2.578106211480945e-06,1.4465001139689887e-06,3.803080675396044e-06
mlp-fosls,62.18855875748414,2.6648406676631443e-06,1.4005272628917997e-06,4.381875745876491e-06
mlp-fosls,62.41106746576212,2.6652183056678627e-06,1.35828578209937e-06,4.4701147476308574e-06
mlp-fosls,62.6335761740401,2.6077809927423917e-06,1.316044301306942e-06,3.8932894896758145e-06
mlp-fosls,62.85608488231808,2.5494078940660357e-06,1.2831967258958664e-06,3.488397602603279e-06
mlp-fosls,63.078593590596064,2.4950210338924934e-06,1.2522542576854778e-06,3.4934347869480713e-06
mlp-fosls,63.30110229887404,2.4409255786007573e-06,1.2442177036308554e-06,3.5106913662317947e-06
mlp-fosls,63.52361100715202,2.4411059517470575e-06,1.2808265116693938e-06,3.514712825227352e-06
mlp-fosls,63.746119715430005,2.455662536309192e-06,1.3174353197079334e-06,3.4947899650826906e-06
mlp-fosls,63.96862842370798,2.463129757121663e-06,1.3133052431424106e-06,3.4748671049380298e-06
mlp-fosls,64.19113713198595,2.446667227468364e-06,1.3018203979707942e-06,3.498594382629032e-06
mlp-fosls,64.41364584026394,2.4307204905136805e-06,1.2871850064671848e-06,3.529746135425674e-06
mlp-fosls,64.63615454854192,2.4566092785775997e-06,1.266826798323812e-06,3.539257893779388e-06
mlp-fosls,64.85866325681991,2.489591207958513e-06,1.246468590180439e-06,3.5094031220171184e-06
mlp-fosls,65.08117196509788,2.4972601839854863e-06,1.2391902652102733e-06,3.4795483502548508e-06
mlp-fosls,65.30368067337587,2.4863352450543974e-06,1.2339892069802227e-06,3.5372718741786895e-06
mlp-fosls,65.52618938165384,2.475976923472759e-06,1.2235935309372691e-06,3.609889475184108e-06
mlp-fosls,65.74869808993182,2.4706433025851175e-06,1.2043786396622324e-06,3.6430416942187458e-06
mlp-fosls,65.9712067982098,2.4592223507238465e-06,1.1851637483871958e-06,3.6042032029930095e-06
mlp-fosls,66.19371550648778,2.441546822878902e-06,1.1999534805196028e-06,3.5653647117672753e-06
mlp-fosls,66.41622421476576,2.425601421658194e-06,1.2194699588020324e-06,3.5570030395031622e-06
mlp-fosls,66.63873292304375,2.409922685591079e-06,1.262744767227908e-06,3.5538810863052785e-06
mlp-fosls,66.86124163132172,2.402909578431247e-06,1.3439091828038792e-06,3.5361089349751318e-06
mlp-fosls,67.0837503395997,2.3962242316360357e-06,1.361760539577328e-06,3.4913157869643655e-06
mlp-fosls,67.30625904787769,2.4018444047600475e-06,1.3639508501566172e-06,3.4465226389535996e-06
mlp-fosls,67.52876775615566,2.4331340269622125e-06,1.2857667433904422e-06,3.4503014737224513e-06
mlp-fosls,67.75127646443364,2.4644683321668915e-06,1.2386163735982563e-06,3.462688890105829e-06
mlp-fosls,67.97378517271163,2.4409822995452472e-06,1.2385957116957544e-06,3.4594260960247326e-06
mlp-fosls,68.1962938809896,2.39760541339309e-06,1.2385750497932524e-06,3.426910409396274e-06
mlp-fosls,68.41880258926759,2.3622119494378856e-06,1.235828146279112e-06,3.3943947227678135e-06
mlp-fosls,68.64131129754557,2.3784179195919764e-06,1.232793463217656e-06,3.4369755777331884e-06
mlp-fosls,68.86382000582354,2.3956382183803563e-06,1.225802606980819e-06,3.493087316730339e-06
mlp-fosls,69.08632871410153,2.4279608848923834e-06,1.213168802509817e-06,3.5103956738712574e-06
mlp-fosls,69.30883742237951,2.4581950758377982e-06,1.2005349980388154e-06,3.4546052114099613e-06
mlp-fosls,69.53134613065748,2.474084701918466e-06,1.2109042500349817e-06,3.3988147489486685e-06
mlp-fosls,69.75385483893547,2.4510139744611057e-06,1.2232782366322998e-06,3.8031433628980934e-06
mlp-fosls,69.97636354721345,2.428152921751455e-06,1.2263936564437672e-06,4.291518586423674e-06
mlp-fosls,70.19887225549142,2.4023169458179033e-06,1.2171109348266809e-06,4.483758501863173e-06
mlp-fosls,70.42138096376941,2.3742676220532876e-06,1.207828213209594e-06,4.113639423422917e-06
mlp-fosls,70.64388967204738,2.373483352419869e-06,1.2029936105431504e-06,4.1186691288164795e-06
mlp-fosls,70.86639838032536,2.392144096909896e-06,1.198466800036634e-06,3.8805502379622645e-06
mlp-fosls,71.08890708860335,2.4025052866978393e-06,1.2162268033102782e-06,3.574620082548652e-06
mlp-fosls,71.31141579688132,2.40359154931019e-06,1.2619823001365397e-06,3.4859101245505645e-06
mlp-fosls,71.5339245051593,2.3536117033371348e-06,1.2957327698896469e-06,3.4253218076925334e-06
mlp-fosls,71.75643321343729,2.32785313956286e-06,1.2658670933088108e-06,3.3647334908345027e-06
mlp-fosls,71.97894192171526,2.3275031402482773e-06,1.2194959942316377e-06,3.3804804285146104e-06
mlp-fosls,72.20145062999325,2.327011444806331e-06,1.2256579269217735e-06,3.4387934447059557e-06
mlp-fosls,72.42395933827123,2.3225954605651836e-06,1.2935344801407984e-06,3.5135928387290427e-06
mlp-fosls,72.6464680465492,2.3176353714521455e-06,1.2877472947600406e-06,3.4255037703023632e-06
mlp-fosls,72.86897675482719,2.308938507542286e-06,1.270046248681056e-06,3.3374147018756774e-06
mlp-fosls,73.09148546310517,2.2986919535392047e-06,1.2648173264199038e-06,3.3296613802533786e-06
mlp-fosls,73.31399417138314,2.2901334970659027e-06,1.259588404158752e-06,3.353348952691616e-06
mlp-fosls,73.53650287966113,2.303846268035686e-06,1.23726938986083e-06,3.3709171239065774e-06
mlp-fosls,73.75901158793911,2.3176763101432118e-06,1.2026954633027788e-06,3.376677230126233e-06
mlp-fosls,73.98152029621708,2.3148914038878497e-06,1.2162081518549253e-06,3.382437336345888e-06
mlp-fosls,74.20402900449507,2.2969836711840157e-06,1.2305250090857213e-06,3.4430581167356695e-06
mlp-fosls,74.42653771277305,2.279741645390902e-06,1.2268174510567308e-06,3.514091616477595e-06
mlp-fosls,74.64904642105103,2.2753473742420263e-06,1.2044555756517806e-06,3.5281067082804466e-06
mlp-fosls,74.87155512932901,2.272277641536797e-06,1.1820937002468289e-06,3.4315306454403824e-06
mlp-fosls,75.094063837607,2.271231090790776e-06,1.1916872306316985e-06,3.3349545826003177e-06
mlp-fosls,75.31657254588497,2.2740088783648933e-06,1.2013074508195395e-06,3.449691396650799e-06
mlp-fosls,75.53908125416295,2.276689171341751e-06,1.2043146283348564e-06,3.6048843372294322e-06
mlp-fosls,75.76158996244092,2.2811299135801545e-06,1.2008922592580067e-06,3.691384734697936e-06
mlp-fosls,75.98409867071891,2.2862860350303364e-06,1.1973988172605014e-06,3.6439515800150677e-06
mlp-fosls,76.20660737899689,2.292965031474393e-06,1.1891078186191315e-06,3.5965184253322e-06
mlp-fosls,76.42911608727486,2.2969958000035027e-06,1.1808168199777622e-06,3.493782849740285e-06
mlp-fosls,76.65162479555285,2.3002112462564595e-06,1.2081955232054706e-06,3.3804618939433967e-06
mlp-fosls,76.87413350383083,2.2821804437395515e-06,1.236358068221558e-06,3.3584100968702646e-06
mlp-fosls,77.0966422121088,2.260953366837009e-06,1.249233278464674e-06,3.5142946774212007e-06
mlp-fosls,77.31915092038679,2.2677641474432627e-06,1.2538078329860192e-06,3.6701792579721466e-06
mlp-fosls,77.54165962866477,2.2972066603540037e-06,1.2070407385627348e-06,3.538160705761761e-06
mlp-fosls,77.76416833694275,2.320354760097489e-06,1.1928598315722e-06,3.3509603742809386e-06
mlp-fosls,77.98667704522073,2.2938121876968843e-06,1.2169733457095658e-06,3.232647322178543e-06
mlp-fosls,78.20918575349872,2.269076022550632e-06,1.2386247503064708e-06,3.248403330519259e-06
mlp-fosls,78.43169446177669,2.2518051163687686e-06,1.2087250488594905e-06,3.264159338859973e-06
mlp-fosls,78.65420317005467,2.2393898482148886e-06,1.178825347412508e-06,3.26508551307584e-06
mlp-fosls,78.87671187833266,2.227995614531769e-06,1.1703472896070566e-06,3.2631370439564734e-06
mlp-fosls,79.09922058661063,2.2222992351471882e-06,1.1791799877938598e-06,3.307487494755697e-06
mlp-fosls,79.32172929488861,2.215944305405901e-06,1.1912795009991168e-06,3.442494926470236e-06
mlp-fosls,79.5442380031666,2.2153848132183306e-06,1.2365878864831417e-06,3.5775023581847755e-06
mlp-fosls,79.76674671144457,2.21971201403217e-06,1.2160570540756372e-06,3.4756409702971616e-06
mlp-fosls,79.98925541972255,2.223530331216366e-06,1.1974509056110335e-06,3.3282159496577544e-06
mlp-fosls,80.21176412800054,2.2109120356815003e-06,1.2329530830237053e-06,3.229503697191092e-06
mlp-fosls,80.43427283627851,2.1957128212038684e-06,1.2684552604363746e-06,3.2259561170908604e-06
mlp-fosls,80.6567815445565,2.177099677241315e-06,1.241505668830147e-06,3.2224085369906286e-06
mlp-fosls,80.87929025283447,2.164750877789529e-06,1.1980278712657579e-06,3.3047449819850785e-06
mlp-fosls,81.10179896111245,2.1544780752367924e-06,1.1621236634113633e-06,3.4037237563750665e-06
mlp-fosls,81.32430766939044,2.1570796406742746e-06,1.1466231197827763e-06,3.443458613965674e-06
mlp-fosls,81.5468163776684,2.1591675385536663e-06,1.1311225761541905e-06,3.3665651809415584e-06
mlp-fosls,81.76932508594639,2.1694974137263426e-06,1.1468694266135126e-06,3.289671747917438e-06
mlp-fosls,81.99183379422438,2.1881352644473175e-06,1.1885994049225778e-06,3.287848689317448e-06
mlp-fosls,82.21434250250235,2.2057391759071395e-06,1.2265066200516348e-06,3.3007173309618817e-06
mlp-fosls,82.43685121078033,2.2117119276688715e-06,1.1916338490471524e-06,3.313744443084511e-06
mlp-fosls,82.65935991905832,2.216797528487539e-06,1.15676107804267e-06,3.327085302314236e-06
mlp-fosls,82.88186862733629,2.2539916493309265e-06,1.1456524722147983e-06,3.3404261615439596e-06
mlp-fosls,83.10437733561427,2.270551144484212e-06,1.1536546583541006e-06,3.301200729562023e-06
mlp-fosls,83.32688604389226,2.2561035936645042e-06,1.161912706542901e-06,3.251561965609034e-06
mlp-fosls,83.54939475217023,2.2675948145685304e-06,1.1742738170742809e-06,3.2225284656553416e-06
mlp-fosls,83.77190346044821,2.268344310841601e-06,1.1858546292853836e-06,3.234605728087112e-06
mlp-fosls,83.9944121687262,2.2472844637133793e-06,1.184051748122571e-06,3.2466829905188827e-06
mlp-fosls,84.21692087700417,2.233907682812203e-06,1.1698401717454465e-06,3.2324510954142945e-06
mlp-fosls,84.43942958528216,2.261187507331301e-06,1.1570394532721125e-06,3.2129684388903075e-06
mlp-fosls,84.66193829356014,2.2656189048752903e-06,1.1640784134980917e-06,3.199356664471545e-06
mlp-fosls,84.88444700183811,2.2043449299404328e-06,1.1711173737240706e-06,3.1974717931915027e-06
mlp-fosls,85.1069557101161,2.1867890299642474e-06,1.172358744930111e-06,3.19558692191146e-06
mlp-fosls,85.32946441839408,2.1831166267357805e-06,1.1414609891173283e-06,3.214696414890009e-06
mlp-fosls,85.55197312667205,2.1793859980378637e-06,1.1283493787024226e-06,3.23800582954912e-06
mlp-fosls,85.77448183495004,2.172862429202707e-06,1.1272977278806056e-06,3.246244802756476e-06
mlp-fosls,85.99699054322801,2.165915611663203e-06,1.1276716766831678e-06,3.2243814511323728e-06
mlp-fosls,86.219499251506,2.159865483856614e-06,1.1357732321192888e-06,3.2025180995082684e-06
mlp-fosls,86.44200795978398,2.155593749546355e-06,1.1438747875554098e-06,3.2292779979161287e-06
mlp-fosls,86.66451666806195,2.1532667548331692e-06,1.149016531603531e-06,3.2657920869706697e-06
mlp-fosls,86.88702537633993,2.1835010369018947e-06,1.1526596993981182e-06,3.281320331246077e-06
mlp-fosls,87.10953408461792,2.1885694560287176e-06,1.1576299095189135e-06,3.254890920209788e-06
mlp-fosls,87.33204279289589,2.1857094058751623e-06,1.1690140970927066e-06,3.2284615091735013e-06
mlp-fosls,87.55455150117388,2.1594261911062872e-06,1.176852991661691e-06,3.2082663016403784e-06
mlp-fosls,87.77706020945186,2.1360409750721804e-06,1.1619353888597989e-06,3.1893217143932074e-06
mlp-fosls,87.99956891772983,2.129582870638734e-06,1.1577730609507552e-06,3.1731399151960435e-06
mlp-fosls,88.22207762600782,2.1299325499805558e-06,1.1536107330417112e-06,3.162550211410197e-06
mlp-fosls,88.4445863342858,2.150345710207232e-06,1.1447167514609762e-06,3.15196050762435e-06
mlp-fosls,88.66709504256377,2.1415140939837148e-06,1.1325829011370492e-06,3.1437369008941433e-06
mlp-fosls,88.88960375084176,2.148664792075833e-06,1.1220245201191598e-06,3.1359947733711386e-06
mlp-fosls,89.11211245911974,2.1570141649604168e-06,1.1260342798099541e-06,3.1285243504415005e-06
mlp-fosls,89.33462116739771,2.1665998645406375e-06,1.130044039500748e-06,3.1216025923682704e-06
mlp-fosls,89.5571298756757,2.1657820759378243e-06,1.1405630181480608e-06,3.1146808342950404e-06
mlp-fosls,89.77963858395368,2.1462079279789036e-06,1.1553986711993523e-06,3.1353960726662886e-06
mlp-fosls,90.00214729223165,2.125940001309232e-06,1.1677809397487353e-06,3.161748196805811e-06
mlp-fosls,90.22465600050964,2.1141011437264123e-06,1.1592815385711342e-06,3.1738444210677873e-06
mlp-fosls,90.44716470878762,2.1041131858783128e-06,1.1507821373935334e-06,3.157086118112677e-06
mlp-fosls,90.6696734170656,2.1041793370953353e-06,1.1564132074313553e-06,3.1403278151575676e-06
mlp-fosls,90.89218212534358,2.1127359311695164e-06,1.1711359183730782e-06,3.117348617803631e-06
mlp-fosls,91.11469083362157,2.119821995313894e-06,1.1845233538493584e-06,3.093100141101031e-06
mlp-fosls,91.33719954189954,2.130577078594688e-06,1.1873604717111097e-06,3.0844320639178013e-06
mlp-fosls,91.55970825017752,2.1429998781821483e-06,1.190197589572861e-06,3.107344003475467e-06
mlp-fosls,91.78221695845549,2.1540920453867875e-06,1.184633872783512e-06,3.1302559430331307e-06
mlp-fosls,92.00472566673348,2.1497528796765574e-06,1.1738356180571666e-06,3.1506405616870598e-06
mlp-fosls,92.22723437501146,2.1416057202055384e-06,1.163871408391537e-06,3.1705052683258625e-06
mlp-fosls,92.44974308328943,2.1234380086273004e-06,1.1600447723927555e-06,3.1786818598572415e-06
mlp-fosls,92.67225179156742,2.1066631691680477e-06,1.1562181363939736e-06,3.163020572579648e-06
mlp-fosls,92.8947604998454,2.0991355924791804e-06,1.1566917117501533e-06,3.1473592853020542e-06
mlp-fosls,93.11726920812337,2.097191714866699e-06,1.1597598310718872e-06,3.1385189106928394e-06
mlp-fosls,93.33977791640136,2.0959705704387407e-06,1.1624431092063833e-06,3.131090434993144e-06
mlp-fosls,93.56228662467934,2.1047561038849604e-06,1.162480463616986e-06,3.1183441876474078e-06
mlp-fosls,93.78479533295732,2.1143614140767438e-06,1.1625178180275889e-06,3.094744344954688e-06
mlp-fosls,94.0073040412353,2.1153260766182523e-06,1.1533571605124177e-06,3.0711445022619674e-06
mlp-fosls,94.22981274951329,2.1075596981634114e-06,1.138825415218219e-06,3.051812381342454e-06
mlp-fosls,94.45232145779126,2.099477766024945e-06,1.1262601203155148e-06,3.033360019706507e-06
mlp-fosls,94.67483016606924,2.1015935237297e-06,1.1263181395994488e-06,3.025307520488065e-06
mlp-fosls,94.89733887434723,2.105145830930992e-06,1.1263761588833826e-06,3.0384963600728424e-06
mlp-fosls,95.1198475826252,2.1030380686952396e-06,1.1335420825461622e-06,3.0516851996576196e-06
mlp-fosls,95.34235629090318,2.0902829611757962e-06,1.1447336418463858e-06,3.0612889419320444e-06
mlp-fosls,95.56486499918117,2.0789441218022062e-06,1.1542492253838351e-06,3.0701512263745217e-06
mlp-fosls,95.78737370745914,2.0893067337590468e-06,1.1536641138611174e-06,3.072527542857129e-06
mlp-fosls,96.00988241573712,2.1013878391063958e-06,1.1530790023384e-06,3.0616653050708425e-06
mlp-fosls,96.23239112401511,2.124749271206852e-06,1.145816293659964e-06,3.0508030672845564e-06
mlp-fosls,96.45489983229308,2.150086534065426e-06,1.134893609535286e-06,3.034623947881119e-06
mlp-fosls,96.67740854057107,2.162809588640271e-06,1.125328158775136e-06,3.0173346858527053e-06
mlp-fosls,96.89991724884904,2.1190372582744978e-06,1.1234614614039763e-06,3.0178599557435743e-06
mlp-fosls,97.12242595712702,2.075433930355927e-06,1.1215947640328166e-06,3.055056079780995e-06
mlp-fosls,97.344934665405,2.0688548814949704e-06,1.1323350126547782e-06,3.0922522038184163e-06
mlp-fosls,97.56744337368298,2.0823470605379832e-06,1.134583807212232e-06,3.080245628938955e-06
mlp-fosls,97.78995208196096,2.091971580413256e-06,1.1366347691688118e-06,3.0578962334412717e-06
mlp-fosls,98.01246079023895,2.077894321977398e-06,1.138643137772879e-06,3.042285010179557e-06
mlp-fosls,98.23496949851692,2.0631287138500544e-06,1.1424325823188044e-06,3.0406455198599877e-06
mlp-fosls,98.4574782067949,2.0529177433855228e-06,1.1498187390366455e-06,3.0390060295404182e-06
mlp-fosls,98.67998691507289,2.0417197978468305e-06,1.1572048957544863e-06,3.034941071040704e-06
mlp-fosls,98.90249562335086,2.0301293335283756e-06,1.1520042138131693e-06,3.0303640792417924e-06
mlp-fosls,99.12500433162884,2.0355884504064867e-06,1.1443818378671312e-06,3.0291637163691567e-06
mlp-fosls,99.34751303990683,2.0429174522887914e-06,1.1444624850379947e-06,3.0349486908750343e-06
mlp-fosls,99.5700217481848,2.053540569895883e-06,1.1590565211087035e-06,3.0407336653809116e-06
mlp-fosls,99.79253045646279,2.060559644023355e-06,1.1736505571794132e-06,3.0168730549302067e-06
mlp-fosls,100.01503916474077,2.0654081221762584e-06,1.1765766819937415e-06,2.9867744885768952e-06
mlp-fosls,100.23754787301874,2.0582405259371153e-06,1.1775209538683407e-06,2.978313964569262e-06
mlp-fosls,100.46005658129673,2.0507482516703185e-06,1.1777891107576213e-06,3.014610439213766e-06
mlp-fosls,100.68256528957471,2.0538029546432208e-06,1.1768662901596894e-06,3.05090691385827e-06
mlp-fosls,100.90507399785268,2.06544295638566e-06,1.1759434695617576e-06,3.0654038375500337e-06
mlp-fosls,101.12758270613067,2.073720087734783e-06,1.1886830380433772e-06,3.0753025483384104e-06
mlp-fosls,101.35009141440865,2.061427398821257e-06,1.2034661347128868e-06,3.067301301105636e-06
mlp-fosls,101.57260012268662,2.04843701635241e-06,1.2060690274206234e-06,3.0220013493622757e-06
mlp-fosls,101.79510883096461,2.0478442308354276e-06,1.1886253647747612e-06,2.9767013976189123e-06
mlp-fosls,102.01761753924258,2.0543649320911823e-06,1.1688016532996545e-06,2.9649167283210745e-06
mlp-fosls,102.24012624752056,2.060118293583916e-06,1.1293051498871282e-06,2.9603448678627772e-06
mlp-fosls,102.46263495579855,2.059697309211812e-06,1.1510990599804001e-06,2.958156307798323e-06
mlp-fosls,102.68514366407652,2.0589881636318227e-06,1.14753372380898e-06,2.960985657186564e-06
mlp-fosls,102.9076523723545,2.0599141663002417e-06,1.1532402081578488e-06,2.9638150065748058e-06
mlp-fosls,103.13016108063249,2.0618972242782133e-06,1.1589466925067176e-06,2.9400721033472616e-06
mlp-fosls,103.35266978891046,2.062398151090186e-06,1.1452268854328572e-06,2.9105915743255265e-06
mlp-fosls,103.57517849718845,2.059250901284728e-06,1.1293912286086187e-06,2.895139425237386e-06
mlp-fosls,103.79768720546643,2.0562595540512283e-06,1.1198610051274636e-06,2.9092899314793006e-06
mlp-fosls,104.0201959137444,2.0620343091242197e-06,1.1193980147747533e-06,2.923440437721215e-06
mlp-fosls,104.24270462202239,2.0738887300107956e-06,1.1189350244220433e-06,2.917518090355358e-06
mlp-fosls,104.46521333030037,2.081301908602674e-06,1.157913056835003e-06,2.9072360633152978e-06
mlp-fosls,104.68772203857834,2.060926385701508e-06,1.1855440397870083e-06,2.9011073074529144e-06
mlp-fosls,104.91023074685633,2.03961461919039e-06,1.1920152057266981e-06,2.9037785253900442e-06
mlp-fosls,105.13273945513431,2.037540522573972e-06,1.1425103528395892e-06,2.906449743327174e-06
mlp-fosls,105.35524816341228,2.0440512702024613e-06,1.0847673645055918e-06,2.9081244467049767e-06
mlp-fosls,105.57775687169027,2.0489055413804496e-06,1.0913276838170291e-06,2.909579370033488e-06
mlp-fosls,105.80026557996825,2.048620865386482e-06,1.1024563692486671e-06,2.9067737817286816e-06
mlp-fosls,106.02277428824623,2.0483886806458518e-06,1.1074910300569798e-06,2.894866282972753e-06
mlp-fosls,106.24528299652421,2.0525079522091903e-06,1.1048191921013421e-06,2.882958784216823e-06
mlp-fosls,106.4677917048022,2.063548984741482e-06,1.1021473541457045e-06,2.888151408185846e-06
mlp-fosls,106.69030041308017,2.074856020884411e-06,1.1126830034821625e-06,2.8971323851537117e-06
mlp-fosls,106.91280912135815,2.0746272718219484e-06,1.1239497213126265e-06,2.9013565396866696e-06
mlp-fosls,107.13531782963612,2.073550144819137e-06,1.126834712923572e-06,2.895400514739327e-06
mlp-fosls,107.35782653791411,2.057837624389413e-06,1.1197096209807648e-06,2.8894444897919844e-06
mlp-fosls,107.58033524619209,2.036925131323763e-06,1.1125845290379577e-06,2.8767328242921162e-06
mlp-fosls,107.80284395447006,2.0214633326731625e-06,1.1093360075519762e-06,2.86252354330946e-06
mlp-fosls,108.02535266274805,2.023288844786189e-06,1.1062340378918725e-06,2.8534998523766613e-06
mlp-fosls,108.24786137102603,2.025061900577854e-06,1.112112508958393e-06,2.8556002511693918e-06
mlp-fosls,108.470370079304,2.025527003242593e-06,1.1280456302088243e-06,2.8577006499621217e-06
mlp-fosls,108.69287878758199,2.028026195329497e-06,1.1439787514592567e-06,2.868198140435736e-06
mlp-fosls,108.91538749585997,2.0300878165682648e-06,1.1342218672677438e-06,2.8805698781069525e-06
mlp-fosls,109.13789620413795,2.032382386508127e-06,1.1239322006432492e-06,2.8875715823710154e-06
mlp-fosls,109.36040491241593,2.034781658710108e-06,1.1182659399109146e-06,2.8829867751420713e-06
mlp-fosls,109.58291362069392,2.037195425147496e-06,1.1174581185890318e-06,2.8784019679131272e-06
mlp-fosls,109.80542232897189,2.034753395599932e-06,1.1166502972671487e-06,2.8675838495685175e-06
mlp-fosls,110.02793103724987,2.0320290915433106e-06,1.112539632383448e-06,2.8553641152751783e-06
mlp-fosls,110.25043974552786,2.0392427209963287e-06,1.1084131402492325e-06,2.851432340693907e-06
mlp-fosls,110.47294845380583,2.0471084619448343e-06,1.1108119115679605e-06,2.8655831840944867e-06
mlp-fosls,110.69545716208381,2.0462629037519874e-06,1.1171116467527056e-06,2.8797340274950675e-06
mlp-fosls,110.9179658703618,2.0393317321657144e-06,1.112081323967516e-06,2.8850503433536846e-06
mlp-fosls,111.14047457863977,2.034130467312274e-06,1.1058391722260058e-06,2.888332963262423e-06
mlp-fosls,111.36298328691775,2.040093250191261e-06,1.0959844811801284e-06,2.8899849395293663e-06
mlp-fosls,111.58549199519574,2.0463900140576114e-06,1.0861297901342508e-06,2.8880566937415704e-06
mlp-fosls,111.80800070347371,2.048636048976611e-06,1.0933454251082393e-06,2.886128447953775e-06
mlp-fosls,112.0305094117517,2.0445692240228144e-06,1.0940156391589835e-06,2.8826897856349355e-06
mlp-fosls,112.25301812002967,2.036209076105206e-06,1.0948154457351654e-06,2.8789001195832684e-06
mlp-fosls,112.47552682830765,2.022775650432332e-06,1.0956152523113473e-06,2.87584742143308e-06
mlp-fosls,112.69803553658564,2.009735855336613e-06,1.0948009861497748e-06,2.874428788313848e-06
mlp-fosls,112.9205442448636,2.010326243115065e-06,1.0925766281738764e-06,2.8730101551946164e-06
mlp-fosls,113.14305295314159,2.017302224604599e-06,1.0906209487427555e-06,2.8745660494856696e-06
mlp-fosls,113.36556166141958,2.0204265558585776e-06,1.0948309174443636e-06,2.8768202819436492e-06
mlp-fosls,113.58807036969755,2.0110848177468247e-06,1.0990408861459714e-06,2.8795160939570117e-06
mlp-fosls,113.81057907797553,2.0016722900723844e-06,1.0975369386108251e-06,2.883197462707836e-06
mlp-fosls,114.03308778625352,2.004502698770806e-06,1.0913666043893878e-06,2.8868788314586605e-06
mlp-fosls,114.25559649453149,2.008865860529187e-06,1.0853148681845593e-06,2.8861285871364628e-06
mlp-fosls,114.47810520280947,2.010670005610018e-06,1.0812178325278146e-06,2.8843273867988297e-06
mlp-fosls,114.70061391108746,2.017000968022867e-06,1.07712079687107e-06,2.8821593083425053e-06
mlp-fosls,114.92312261936543,2.023831058475359e-06,1.0853918706648243e-06,2.8791658993739176e-06
mlp-fosls,115.14563132764341,2.0259024677649242e-06,1.103195228291896e-06,2.8761724904053294e-06
mlp-fosls,115.3681400359214,2.0217770152486694e-06,1.1204693148360422e-06,2.8807222060512973e-06
mlp-fosls,115.59064874419937,2.017997778987434e-06,1.1309377146405046e-06,2.8870710901720237e-06
mlp-fosls,115.81315745247736,2.0122994362343345e-06,1.136803924345055e-06,2.8845276746278605e-06
mlp-fosls,116.03566616075534,2.0064965080432404e-06,1.1310315006634737e-06,2.8618482857840505e-06
mlp-fosls,116.25817486903331,2.0099188460470895e-06,1.1055025949851238e-06,2.839168896940242e-06
mlp-fosls,116.4806835773113,2.022455869888434e-06,1.0831587348014874e-06,2.8423223867861656e-06
mlp-fosls,116.70319228558928,2.033678628282611e-06,1.094326489408831e-06,2.8517765856110466e-06
mlp-fosls,116.92570099386725,2.0298309007450437e-06,1.1054942440161736e-06,2.855930542394113e-06
mlp-fosls,117.14820970214524,2.0255900236948957e-06,1.1199005226714126e-06,2.847968675479814e-06
mlp-fosls,117.37071841042321,2.0217434116119717e-06,1.136514770621647e-06,2.8400068085655157e-06
mlp-fosls,117.5932271187012,2.0193303876520948e-06,1.1490585169540407e-06,2.8345261321824895e-06
mlp-fosls,117.81573582697918,2.017569716053939e-06,1.1260734766273065e-06,2.8296504075895646e-06
mlp-fosls,118.03824453525715,2.022951415684725e-06,1.1030884363005737e-06,2.829617710497679e-06
mlp-fosls,118.26075324353513,2.028497952554327e-06,1.1179342058655364e-06,2.840673762188108e-06
mlp-fosls,118.48326195181312,2.024794743945789e-06,1.135981872072902e-06,2.851729813878537e-06
mlp-fosls,118.70577066009109,2.0128555745170978e-06,1.1507519639740692e-06,2.8373877111168483e-06
mlp-fosls,118.92827936836908,2.001369626587768e-06,1.161230668720864e-06,2.8168660248014847e-06
mlp-fosls,119.15078807664706,2.0002120420847014e-06,1.1620059002339753e-06,2.809139201650927e-06
mlp-fosls,119.37329678492503,1.9992784366095374e-06,1.1627811317470866e-06,2.8306202796649865e-06
mlp-fosls,119.59580549320302,2.002989523070057e-06,1.189523630802483e-06,2.8521013576790476e-06
mlp-fosls,119.818314201481,2.0078272469589637e-06,1.1431800374972831e-06,2.842601987814031e-06
mlp-fosls,120.04082290975897,2.0111703750128657e-06,1.135162429015238e-06,2.825619788430269e-06
mlp-fosls,120.26333161803696,2.0009439918030675e-06,1.1271448205331926e-06,2.815212367336958e-06
mlp-fosls,120.48584032631494,1.990519860362577e-06,1.1181037364117498e-06,2.8197969887671545e-06
mlp-fosls,120.70834903459291,1.9893819567850074e-06,1.108497674715665e-06,2.824381610197351e-06
mlp-fosls,120.9308577428709,1.994930048643764e-06,1.1007057289814411e-06,2.816469378314725e-06
mlp-fosls,121.15336645114888,1.9972481879418364e-06,1.1029572844040465e-06,2.8055352603607302e-06
mlp-fosls,121.37587515942685,2.0006328915559043e-06,1.1052088398266516e-06,2.795052601552631e-06
mlp-fosls,121.59838386770484,2.004148961150808e-06,1.1042708144178695e-06,2.7855961463412842e-06
mlp-fosls,121.82089257598282,2.002017601721088e-06,1.101699054238006e-06,2.776139691129938e-06
mlp-fosls,122.0434012842608,1.989779731926109e-06,1.099493166912272e-06,2.7633769074033468e-06
mlp-fosls,122.26590999253878,1.9819375029088476e-06,1.0990919815266728e-06,2.7498110703747494e-06
mlp-fosls,122.48841870081675,1.996376045154884e-06,1.0986907961410738e-06,2.7382786195891954e-06
mlp-fosls,122.71092740909474,2.010925139720888e-06,1.100486666149311e-06,2.731413156334145e-06
mlp-fosls,122.93343611737272,2.0127474831259904e-06,1.1033343282387287e-06,2.7245476930790943e-06
mlp-fosls,123.15594482565069,2.008789058869738e-06,1.1075203494468524e-06,2.7373480933425337e-06
mlp-fosls,123.37845353392868,1.999014893196661e-06,1.1176483382560578e-06,2.7550066340918895e-06
mlp-fosls,123.60096224220666,1.9804030909384165e-06,1.1277763270652629e-06,2.765316781273604e-06
mlp-fosls,123.82347095048463,1.9618096520151952e-06,1.1212695635717246e-06,2.75853676598656e-06
mlp-fosls,124.04597965876262,1.964460980981652e-06,1.1073394564113975e-06,2.751756750699515e-06
mlp-fosls,124.2684883670406,1.9746694779923724e-06,1.0953437775804107e-06,2.74464465698129e-06
mlp-fosls,124.49099707531857,1.9835690370617857e-06,1.0910946812362583e-06,2.7508706052955325e-06
mlp-fosls,124.71350578359656,1.9911392181439364e-06,1.086845584892106e-06,2.7668649753247044e-06
mlp-fosls,124.93601449187454,1.9987093992260874e-06,1.08661192302656e-06,2.7432838031700205e-06
mlp-fosls,125.15852320015252,2.0006438187902875e-06,1.0880388992361026e-06,2.751652848443615e-06
mlp-fosls,125.3810319084305,1.9972451559834405e-06,1.0878845674466333e-06,2.752517844164783e-06
mlp-fosls,125.60354061670849,1.9945557528959194e-06,1.0819526540535125e-06,2.7515057761402153e-06
mlp-fosls,125.82604932498646,1.991763321387596e-06,1.0760207406603922e-06,2.7487084415735926e-06
mlp-fosls,126.04855803326444,1.9889708898792724e-06,1.0768871009100908e-06,2.7417472962359596e-06
mlp-fosls,126.27106674154243,1.9834065341634474e-06,1.0803673659714898e-06,2.7347861508983263e-06
mlp-fosls,126.4935754498204,1.978661936803961e-06,1.0833866385238813e-06,2.7406130520808433e-06
mlp-fosls,126.71608415809838,1.975354793702115e-06,1.0848607805956912e-06,2.7496367047368103e-06
mlp-fosls,126.93859286637637,1.9725922023894635e-06,1.086334922667501e-06,2.7613656537768874e-06
mlp-fosls,127.16110157465434,1.9698296110768125e-06,1.0961254071391052e-06,2.779391365056648e-06
mlp-fosls,127.38361028293232,1.9690993630098402e-06,1.10602496446718e-06,2.7974170763364095e-06
mlp-fosls,127.6061189912103,1.972492681608101e-06,1.1083009311138085e-06,2.7889265635913103e-06
mlp-fosls,127.82862769948828,1.97804514944772e-06,1.0978365579643195e-06,2.7738252740899435e-06
mlp-fosls,128.05113640776625,1.980620368533128e-06,1.0812191633830784e-06,2.7630805340476665e-06
mlp-fosls,128.27364511604424,1.983195587618536e-06,1.085976721596789e-06,2.7624540354538983e-06
mlp-fosls,128.49615382432222,1.9771596014883587e-06,1.0977813040971575e-06,2.76182753686013e-06
mlp-fosls,128.7186625326002,1.9694952279611144e-06,1.0970410084587403e-06,2.7891965825026882e-06
mlp-fosls,128.9411712408782,1.9625454957144704e-06,1.0925918756994188e-06,2.8235151912698887e-06
mlp-fosls,129.16367994915618,1.9635283711633825e-06,1.088696279462406e-06,2.8357269844390556e-06
mlp-fosls,129.38618865743413,1.9645112466122946e-06,1.084800683225394e-06,2.7962902755532453e-06
mlp-fosls,129.60869736571212,1.967044764708368e-06,1.0876471780995755e-06,2.75685356666743e-06
mlp-fosls,129.8312060739901,1.9658346058767832e-06,1.0914384893579428e-06,2.787915733904729e-06
mlp-fosls,130.0537147822681,1.9626747524434583e-06,1.0944069979637324e-06,2.836553944169014e-06
mlp-fosls,130.27622349054607,1.9574368715894372e-06,1.0957361054794284e-06,2.8617281798608217e-06
mlp-fosls,130.49873219882403,1.9521989907354165e-06,1.0976705627457827e-06,2.83216697869812e-06
mlp-fosls,130.72124090710201,1.9516624975284e-06,1.0949117781845291e-06,2.802605777535414e-06
mlp-fosls,130.94374961538,1.9530679570748545e-06,1.091580126769636e-06,2.772998231706559e-06
mlp-fosls,131.16625832365798,1.9517101724590338e-06,1.0870005519096112e-06,2.7433791129339405e-06
mlp-fosls,131.38876703193597,1.944945252161917e-06,1.0804525009488242e-06,2.7221363618980525e-06
mlp-fosls,131.61127574021396,1.935640681328002e-06,1.0739044499880372e-06,2.720437435041749e-06
mlp-fosls,131.8337844484919,1.9406488543449365e-06,1.0703633969902382e-06,2.7187385081854463e-06
mlp-fosls,132.0562931567699,1.948868507450052e-06,1.067188582347878e-06,2.7240724675846468e-06
mlp-fosls,132.27880186504788,1.9548535129916414e-06,1.06887246865378e-06,2.731158797158995e-06
mlp-fosls,132.50131057332587,1.95371520240914e-06,1.078003555315199e-06,2.7351093445505404e-06
mlp-fosls,132.72381928160385,1.9525768918266384e-06,1.0871346419766179e-06,2.7317538149978863e-06
mlp-fosls,132.94632798988184,1.958742294944355e-06,1.085095566501129e-06,2.7283982854452323e-06
mlp-fosls,133.1688366981598,1.9669216837719716e-06,1.0817907997647288e-06,2.750622185177467e-06
mlp-fosls,133.39134540643778,1.9707402979855995e-06,1.0807640690671092e-06,2.779224714996734e-06
mlp-fosls,133.61385411471576,1.961496187738199e-06,1.083123742600268e-06,2.7942613250147522e-06
mlp-fosls,133.83636282299375,1.952252077490799e-06,1.0846180810979958e-06,2.777722161268768e-06
mlp-fosls,134.05887153127173,1.951439344186048e-06,1.0822590623109527e-06,2.761182997522784e-06
mlp-fosls,134.28138023954972,1.951888122077566e-06,1.0798766519795618e-06,2.759440924861981e-06
mlp-fosls,134.50388894782768,1.9499456921556134e-06,1.077448537899273e-06,2.7613908955837692e-06
mlp-fosls,134.72639765610566,1.9520628889361526e-06,1.0750204238189838e-06,2.7583018062451105e-06
mlp-fosls,134.94890636438365,1.954180085716692e-06,1.0821426204606853e-06,2.7434342378223935e-06
mlp-fosls,135.17141507266163,1.9568988871092056e-06,1.086796909203244e-06,2.7285666693996764e-06
mlp-fosls,135.39392378093962,1.958197156795826e-06,1.0922398828354736e-06,2.755679013561716e-06
mlp-fosls,135.61643248921757,1.9610367075409726e-06,1.0960964073529971e-06,2.7932998508325416e-06
mlp-fosls,135.83894119749556,1.9616754948184825e-06,1.0977345361652265e-06,2.8142580047646446e-06
mlp-fosls,136.06144990577354,1.962314282095992e-06,1.099372664977456e-06,2.7961326127660082e-06
mlp-fosls,136.28395861405153,1.961660475337668e-06,1.1015774170427545e-06,2.7780072207673723e-06
mlp-fosls,136.5064673223295,1.964317991375336e-06,1.0940788981169032e-06,2.7553883288815524e-06
mlp-fosls,136.7289760306075,1.965501797171066e-06,1.0966512769156713e-06,2.7316376203329978e-06
mlp-fosls,136.95148473888545,1.9613590644654862e-06,1.0992236557144392e-06,2.718385516994574e-06
mlp-fosls,137.17399344716344,1.9572163317599064e-06,1.104554353849753e-06,2.7298861903257845e-06
mlp-fosls,137.39650215544142,1.9590904857308235e-06,1.1009830505843732e-06,2.741386863656995e-06
mlp-fosls,137.6190108637194,1.9597755496822143e-06,1.0970126836563146e-06,2.756665911998187e-06
mlp-fosls,137.8415195719974,1.9587649067259485e-06,1.091912274021601e-06,2.7728999614118917e-06
mlp-fosls,138.06402828027538,1.9577022208442504e-06,1.0853241691638004e-06,2.7776521068639027e-06
mlp-fosls,138.28653698855334,1.9566395349625527e-06,1.078736064306001e-06,2.755349884044039e-06
mlp-fosls,138.50904569683132,1.954897573941256e-06,1.0760304209998398e-06,2.7330476612241727e-06
mlp-fosls,138.7315544051093,1.952741070250698e-06,1.0735921574397717e-06,2.7237468506195777e-06
mlp-fosls,138.9540631133873,1.952305757686154e-06,1.0752395244163812e-06,2.717733236170514e-06
mlp-fosls,139.17657182166528,1.9654188074454423e-06,1.0801082980672894e-06,2.7130179961966164e-06
mlp-fosls,139.39908052994326,1.9785318572047304e-06,1.0889656976235353e-06,2.7113561374024283e-06
mlp-fosls,139.62158923822122,1.9830039133777555e-06,1.0809031528993475e-06,2.7096942786082407e-06
mlp-fosls,139.8440979464992,1.9789847428130897e-06,1.0719310707625947e-06,2.710870941563815e-06
mlp-fosls,140.0666066547772,1.9736195382459707e-06,1.065191876603049e-06,2.7127637286880214e-06
mlp-fosls,140.28911536305517,1.976602802648026e-06,1.061225578111e-06,2.718268094063559e-06
mlp-fosls,140.51162407133316,1.9795860670500813e-06,1.0572592796189511e-06,2.7322369580167157e-06
mlp-fosls,140.73413277961112,1.985956888058897e-06,1.0626593093872634e-06,2.74620582196987e-06
mlp-fosls,140.9566414878891,1.9924068128747325e-06,1.068555748426569e-06,2.746901734437786e-06
mlp-fosls,141.1791501961671,1.998658288589931e-06,1.0712818183650434e-06,2.744252385229334e-06
mlp-fosls,141.40165890444507,2.0013083623997765e-06,1.0701910283261706e-06,2.7431685112496618e-06
mlp-fosls,141.62416761272306,2.0039584362096222e-06,1.0691002382872978e-06,2.7457648082009123e-06
mlp-fosls,141.84667632100104,1.9992014143225596e-06,1.0650157306309759e-06,2.748361105152163e-06
mlp-fosls,142.069185029279,1.9925581129545874e-06,1.0607992368003096e-06,2.7434021825648197e-06
mlp-fosls,142.29169373755698,1.9896793079684833e-06,1.0549011539037112e-06,2.736525103111473e-06
mlp-fosls,142.51420244583497,1.9920039214130085e-06,1.047043994427699e-06,2.730932186358796e-06
mlp-fosls,142.73671115411295,1.9943285348575333e-06,1.0391868349516867e-06,2.7283812682597395e-06
mlp-fosls,142.95921986239094,1.9930859289403262e-06,1.0445028205592283e-06,2.725830350160683e-06
mlp-fosls,143.18172857066892,1.995228570484945e-06,1.0502792407820598e-06,2.7320801878978828e-06
mlp-fosls,143.40423727894688,1.9973985097876806e-06,1.0564176003970828e-06,2.7405891787450514e-06
mlp-fosls,143.62674598722487,1.992870297185224e-06,1.0629636157503116e-06,2.746910389382517e-06
mlp-fosls,143.84925469550285,1.988342084582766e-06,1.0695096311035404e-06,2.7479963492789046e-06
mlp-fosls,144.07176340378084,1.981428765069127e-06,1.0641611016286208e-06,2.749082309175292e-06
mlp-fosls,144.29427211205882,1.9759812206399904e-06,1.058496205364504e-06,2.7519140618536325e-06
mlp-fosls,144.5167808203368,1.9768776647700346e-06,1.05493437825664e-06,2.7551936999281758e-06
mlp-fosls,144.73928952861476,1.985989734935344e-06,1.053670755249205e-06,2.754142950258352e-06
mlp-fosls,144.96179823689275,1.9951018051006553e-06,1.0524071322417696e-06,2.7427638398423463e-06
mlp-fosls,145.18430694517073,1.9922249775358327e-06,1.0571669781347232e-06,2.7313847294263407e-06
mlp-fosls,145.40681565344872,1.9864745771613233e-06,1.0620366513655858e-06,2.73839636249268e-06
mlp-fosls,145.6293243617267,1.9832211181865993e-06,1.066734719048406e-06,2.7501675319139964e-06
mlp-fosls,145.85183307000466,1.9877035820660276e-06,1.0712513776238528e-06,2.757959802316426e-06
mlp-fosls,146.07434177828264,1.9921860459454563e-06,1.0757680361993003e-06,2.7561548842159343e-06
mlp-fosls,146.29685048656063,1.9857374487859587e-06,1.0751330827991377e-06,2.7543499661154424e-06
mlp-fosls,146.51935919483861,1.9765363928680304e-06,1.0744451674598723e-06,2.7507574211553255e-06
mlp-fosls,146.7418679031166,1.9691355639899882e-06,1.0777568117627843e-06,2.7466931951197564e-06
mlp-fosls,146.96437661139458,1.9700435659858224e-06,1.0711858870293806e-06,2.7426049503529533e-06
mlp-fosls,147.18688531967254,1.970951567981657e-06,1.0749347738944148e-06,2.7384580061270834e-06
mlp-fosls,147.40939402795053,1.9768378598301377e-06,1.0786836607594495e-06,2.734311061901213e-06
mlp-fosls,147.6319027362285,1.9824008477132975e-06,1.07893072103708e-06,2.7279019720575276e-06
mlp-fosls,147.8544114445065,1.9864507224179618e-06,1.0766118677238027e-06,2.7208871434051224e-06
mlp-fosls,148.07692015278448,1.981892885696516e-06,1.0787866555071497e-06,2.7227265547734137e-06
mlp-fosls,148.29942886106247,1.97733504897507e-06,1.0785356203264554e-06,2.746396594599911e-06
mlp-fosls,148.52193756934042,1.9703213359506297e-06,1.078045005169626e-06,2.770066634426405e-06
mlp-fosls,148.7444462776184,1.964496063961512e-06,1.0774330750370603e-06,2.777354579948109e-06
mlp-fosls,148.9669549858964,1.960631378846215e-06,1.076720656083716e-06,2.780218295129806e-06
mlp-fosls,149.18946369417438,1.9589916436086394e-06,1.076063442635983e-06,2.78102388151973e-06
mlp-fosls,149.41197240245236,1.9573519083710637e-06,1.0763524477483627e-06,2.7767192552272197e-06
mlp-fosls,149.63448111073035,1.9540398556783397e-06,1.0766414528607424e-06,2.7724146289347094e-06
mlp-fosls,149.8569898190083,1.9512006555377435e-06,1.0792194892998226e-06,2.767323906915898e-06
mlp-fosls,150.0794985272863,1.9507880656059714e-06,1.0828519643270757e-06,2.7620190882896202e-06
mlp-fosls,150.30200723556428,1.954990396647683e-06,1.087045653959416e-06,2.7621260542387244e-06
mlp-fosls,150.52451594384226,1.9591927276893952e-06,1.0791065072225098e-06,2.775732777358773e-06
mlp-fosls,150.74702465212025,1.9619261459399026e-06,1.0711673604856033e-06,2.7893395004788212e-06
mlp-fosls,150.9695333603982,1.964839491247478e-06,1.0633518642433756e-06,2.785347672660244e-06
mlp-fosls,151.1920420686762,1.966680310481615e-06,1.0556260749272733e-06,2.776562125627053e-06
mlp-fosls,151.41455077695417,1.9582824070375077e-06,1.0482233522918674e-06,2.769687350685497e-06
mlp-fosls,151.63705948523216,1.9498845035934003e-06,1.0441630046698482e-06,2.7675797726045662e-06
mlp-fosls,151.85956819351014,1.9428819432249973e-06,1.0401026570478288e-06,2.765472194523635e-06
mlp-fosls,152.08207690178813,1.9391177946136044e-06,1.0380784281612276e-06,2.764134190457688e-06
mlp-fosls,152.30458561006608,1.937249734392503e-06,1.0374325881714995e-06,2.763006080149179e-06
mlp-fosls,152.52709431834407,1.938993267678734e-06,1.0377827029660006e-06,2.762511965053834e-06
mlp-fosls,152.74960302662205,1.9407368009649658e-06,1.0466889627610708e-06,2.7636096454149846e-06
mlp-fosls,152.97211173490004,1.9343837983993116e-06,1.0555952225561408e-06,2.764707325776135e-06
mlp-fosls,153.19462044317802,1.927076643686897e-06,1.0598314699009613e-06,2.770917663360839e-06
mlp-fosls,153.417129151456,1.924521427279743e-06,1.0605242307776305e-06,2.7785397264706133e-06
mlp-fosls,153.63963785973397,1.930245109447357e-06,1.0554714198361686e-06,2.781945953730276e-06
mlp-fosls,153.86214656801195,1.935968791614971e-06,1.050740862918536e-06,2.7746275389972308e-06
mlp-fosls,154.08465527628994,1.9339356129897875e-06,1.0526944853723863e-06,2.7673091242641856e-06
mlp-fosls,154.30716398456792,1.9307962110559217e-06,1.0546481078262365e-06,2.7708088846616194e-06
mlp-fosls,154.5296726928459,1.929725363313492e-06,1.053700591807897e-06,2.777334096331983e-06
mlp-fosls,154.7521814011239,1.9272830209827933e-06,1.050380405982108e-06,2.7797870193795687e-06
mlp-fosls,154.97469010940185,1.924840678652095e-06,1.0471377852222469e-06,2.7718372017131742e-06
mlp-fosls,155.19719881767983,1.9226090776596843e-06,1.045250489780387e-06,2.763887384046779e-06
mlp-fosls,155.41970752595782,1.922775778790731e-06,1.043363194338527e-06,2.7561613778384092e-06
mlp-fosls,155.6422162342358,1.9231919990518286e-06,1.0428339516621007e-06,2.7484979860329154e-06
mlp-fosls,155.8647249425138,1.9234753049190617e-06,1.0433825852274835e-06,2.7398239747398697e-06
mlp-fosls,156.08723365079175,1.9237586107862953e-06,1.0439778911845224e-06,2.728560333375835e-06
mlp-fosls,156.30974235906973,1.9284844630171053e-06,1.0452820634858272e-06,2.7172966920117984e-06
mlp-fosls,156.53225106734772,1.9334279593565664e-06,1.046586235787132e-06,2.7158343220072257e-06
mlp-fosls,156.7547597756257,1.9372903939942755e-06,1.0406974970744783e-06,2.7171230523759073e-06
mlp-fosls,156.97726848390369,1.9351724700928983e-06,1.0292905449893968e-06,2.7164571254987105e-06
mlp-fosls,157.19977719218167,1.9330545461915216e-06,1.0185712249409078e-06,2.7107756797175647e-06
mlp-fosls,157.42228590045963,1.927357971882026e-06,1.0169671151141017e-06,2.70509423393642e-06
mlp-fosls,157.6447946087376,1.92290531170208e-06,1.0153630052872956e-06,2.7127456327013744e-06
mlp-fosls,157.8673033170156,1.92192764703656e-06,1.0182243661109445e-06,2.724145360252369e-06
mlp-fosls,158.08981202529358,1.9270827013348867e-06,1.0243946659316343e-06,2.7302478745707523e-06
mlp-fosls,158.31232073357157,1.9322377556332128e-06,1.0300992521765015e-06,2.722764360922629e-06
mlp-fosls,158.53482944184955,1.9326617734760963e-06,1.030362894068408e-06,2.7152808472745058e-06
mlp-fosls,158.7573381501275,1.931007415855742e-06,1.0306265359603146e-06,2.7222393005012015e-06
mlp-fosls,158.9798468584055,1.928773895330209e-06,1.0275931725602686e-06,2.7332586111923998e-06
mlp-fosls,159.20235556668348,1.927517148509278e-06,1.0222012066210751e-06,2.7400353407395533e-06
mlp-fosls,159.42486427496146,1.9262409546067513e-06,1.0175061044435424e-06,2.7359027728569113e-06
mlp-fosls,159.64737298323945,1.9234622038548994e-06,1.0201239177836211e-06,2.731770204974269e-06
mlp-fosls,159.86988169151743,1.9212110678482264e-06,1.0227417311236999e-06,2.7148318453888724e-06
mlp-fosls,160.0923903997954,1.9206489478892818e-06,1.0242072700658977e-06,2.6942771134823464e-06
mlp-fosls,160.31489910807338,1.9210404452017836e-06,1.0248754171070762e-06,2.68341091419227e-06
mlp-fosls,160.53740781635136,1.9213746271573663e-06,1.0258963354395088e-06,2.6975342280688363e-06
mlp-fosls,160.75991652462935,1.916571866168091e-06,1.0302760985754573e-06,2.711657541945402e-06
mlp-fosls,160.98242523290733,1.910699117704554e-06,1.0346558617114057e-06,2.713655653185746e-06
mlp-fosls,161.2049339411853,1.9076000803040294e-06,1.0359538531187541e-06,2.712218191018057e-06
mlp-fosls,161.42744264946327,1.9070959597247588e-06,1.03518912355235e-06,2.7097199693611846e-06
mlp-fosls,161.64995135774126,1.906434882275601e-06,1.0340626260861235e-06,2.704474949770842e-06
mlp-fosls,161.87246006601924,1.9025096297703338e-06,1.0297853988336888e-06,2.6992299301805e-06
mlp-fosls,162.09496877429723,1.9000370162185684e-06,1.0255081715812542e-06,2.6964077616593184e-06
mlp-fosls,162.3174774825752,1.899979090678602e-06,1.0210558108762933e-06,2.694274989811727e-06
mlp-fosls,162.53998619085317,1.902974414764169e-06,1.0164898902697579e-06,2.6912837692278657e-06
mlp-fosls,162.76249489913116,1.9058971086627138e-06,1.0126706175195491e-06,2.6860673834170485e-06
mlp-fosls,162.98500360740914,1.9065824185600409e-06,1.0148743497657714e-06,2.6808509976062313e-06
mlp-fosls,163.20751231568713,1.9071596113226063e-06,1.0170780820119939e-06,2.6876092662798557e-06
mlp-fosls,163.4300210239651,1.9080200443785073e-06,1.0155993696608007e-06,2.697799377007027e-06
mlp-fosls,163.6525297322431,1.9063441114603115e-06,1.011803484940927e-06,2.701867360672329e-06
mlp-fosls,163.87503844052105,1.9046327026740258e-06,1.0089782219654055e-06,2.689880051186528e-06
mlp-fosls,164.09754714879904,1.9033721100200905e-06,1.0134467835819742e-06,2.6778927417007254e-06
mlp-fosls,164.32005585707702,1.9028085838602635e-06,1.0179153451985427e-06,2.6752647396623257e-06
mlp-fosls,164.542564565355,1.9066981811363164e-06,1.01707857152038e-06,2.6753568124363184e-06
mlp-fosls,164.765073273633,1.9161702901429016e-06,1.0130070672229778e-06,2.675917690800309e-06
mlp-fosls,164.98758198191098,1.925129168004157e-06,1.0104579628916691e-06,2.6777256571946507e-06
mlp-fosls,165.21009069018893,1.9244510008455914e-06,1.0185921907275891e-06,2.6795336235889924e-06
mlp-fosls,165.43259939846692,1.9235364056146343e-06,1.0267264185635102e-06,2.6847968538570305e-06
mlp-fosls,165.6551081067449,1.924606278644881e-06,1.027764381100704e-06,2.6910809508043333e-06
mlp-fosls,165.8776168150229,1.9241051119476485e-06,1.0246125054999206e-06,2.698817341285213e-06
mlp-fosls,166.10012552330087,1.9234890764551977e-06,1.0224758862473994e-06,2.71046395821226e-06
mlp-fosls,166.32263423157883,1.9253338207089474e-06,1.0269472554039878e-06,2.722110575139306e-06
mlp-fosls,166.54514293985682,1.9294295776307466e-06,1.0314186245605768e-06,2.723720958735212e-06
mlp-fosls,166.7676516481348,1.9341714018275296e-06,1.0336261182128823e-06,2.7223407928861785e-06
mlp-fosls,166.9901603564128,1.936392702856094e-06,1.0345404228245515e-06,2.719294320707434e-06
mlp-fosls,167.21266906469077,1.938212541117788e-06,1.0353680214942137e-06,2.711737744471277e-06
mlp-fosls,167.43517777296876,1.9339637065496192e-06,1.0356652885068545e-06,2.7041811682351204e-06
mlp-fosls,167.6576864812467,1.929347034408977e-06,1.0359625555194956e-06,2.702079330246091e-06
mlp-fosls,167.8801951895247,1.9270491841105963e-06,1.0330600893062656e-06,2.70161644646309e-06
mlp-fosls,168.10270389780268,1.92594106689894e-06,1.0283854915833753e-06,2.700078391222614e-06
mlp-fosls,168.32521260608067,1.924230721889146e-06,1.0250954853352143e-06,2.6956139964770172e-06
mlp-fosls,168.54772131435865,1.914988379090487e-06,1.0298159792424373e-06,2.6911496017314204e-06
mlp-fosls,168.77023002263664,1.9054878231477935e-06,1.0345364731496602e-06,2.6872484824347263e-06
mlp-fosls,168.9927387309146,1.9010225861830763e-06,1.0342821667815026e-06,2.6835171734107366e-06
mlp-fosls,169.21524743919258,1.9031299285882252e-06,1.0313564081665045e-06,2.678649591871923e-06
mlp-fosls,169.43775614747057,1.905221997083194e-06,1.0290849249876586e-06,2.6706853152521845e-06
mlp-fosls,169.66026485574855,1.9035708214968219e-06,1.0304000978971127e-06,2.662721038632446e-06
mlp-fosls,169.88277356402654,1.9001695864556504e-06,1.031715270806567e-06,2.660321645124653e-06
mlp-fosls,170.10528227230452,1.9006934316809218e-06,1.0313979902579771e-06,2.6596029464203225e-06
mlp-fosls,170.32779098058248,1.908844531367664e-06,1.0302308878219538e-06,2.6607278085887674e-06
mlp-fosls,170.55029968886046,1.9164617928836185e-06,1.029089368853143e-06,2.666885652114434e-06
mlp-fosls,170.77280839713845,1.9173279893628935e-06,1.028081516671822e-06,2.6730434956401007e-06
mlp-fosls,170.99531710541643,1.9177797458990062e-06,1.0270736644905014e-06,2.6779905333937423e-06
mlp-fosls,171.21782581369442,1.917613044332853e-06,1.0279979584785748e-06,2.682568522214806e-06
mlp-fosls,171.44033452197237,1.9191441275418182e-06,1.0298983836141582e-06,2.6848282043423863e-06
mlp-fosls,171.66284323025036,1.9215603606803705e-06,1.031061329521808e-06,2.6806624097305154e-06
mlp-fosls,171.88535193852834,1.9292503705376695e-06,1.02858129507336e-06,2.6764966151186446e-06
mlp-fosls,172.10786064680633,1.9353193945845503e-06,1.0261012606249122e-06,2.6779959261409915e-06
mlp-fosls,172.33036935508431,1.9336083480319118e-06,1.0261339116001397e-06,2.681240299421229e-06
mlp-fosls,172.5528780633623,1.9247073981434936e-06,1.027388647368343e-06,2.6816080157125926e-06
mlp-fosls,172.77538677164026,1.916782868611193e-06,1.0280599526499173e-06,2.6739832509929858e-06
mlp-fosls,172.99789547991824,1.9208097691845906e-06,1.0260021517163333e-06,2.6663584862733777e-06
mlp-fosls,173.22040418819623,1.926171055179643e-06,1.0239443507827495e-06,2.6674033227028777e-06
mlp-fosls,173.4429128964742,1.925173014221036e-06,1.027279351379341e-06,2.6711242538056303e-06
mlp-fosls,173.6654216047522,1.9179476420831716e-06,1.033158953629856e-06,2.6729909496500793e-06
mlp-fosls,173.88793031303018,1.9112548236701716e-06,1.0362480244344007e-06,2.6696869918212e-06
mlp-fosls,174.11043902130814,1.911119047293455e-06,1.0268683144103791e-06,2.6663830339923217e-06
mlp-fosls,174.33294772958612,1.9118598195550305e-06,1.017488604386356e-06,2.6618821554353475e-06
mlp-fosls,174.5554564378641,1.9137253845405482e-06,1.0183372301266016e-06,2.657010376223429e-06
mlp-fosls,174.7779651461421,1.913750459061688e-06,1.0238486622964674e-06,2.651584586110742e-06
mlp-fosls,175.00047385442008,1.9125151830574183e-06,1.029513774225422e-06,2.6446066665448386e-06
mlp-fosls,175.22298256269806,1.9032684133842827e-06,1.0358322842162718e-06,2.637628746978935e-06
mlp-fosls,175.44549127097602,1.8949174854561938e-06,1.0421507942071207e-06,2.6419779759652e-06
mlp-fosls,175.667999979254,1.8934114754771482e-06,1.0384149959956666e-06,2.6499070732123354e-06
mlp-fosls,175.890508687532,1.8937894201916363e-06,1.0302536354256418e-06,2.6541454348874864e-06
mlp-fosls,176.11301739580998,1.8938496271593668e-06,1.0237350650966501e-06,2.647794720840797e-06
mlp-fosls,176.33552610408796,1.8951121451801709e-06,1.0238605786249847e-06,2.6414440067941078e-06
mlp-fosls,176.55803481236595,1.8978550546758432e-06,1.0239860921533191e-06,2.6367293449353935e-06
mlp-fosls,176.7805435206439,1.9017156766014095e-06,1.0291150324458812e-06,2.632539599602941e-06
mlp-fosls,177.0030522289219,1.9073895955751356e-06,1.0363686650479572e-06,2.6310346913586427e-06
mlp-fosls,177.22556093719987,1.912922140820289e-06,1.0422611308501142e-06,2.6373151460529466e-06
mlp-fosls,177.44806964547786,1.9099093688508173e-06,1.0429007481892824e-06,2.64359560074725e-06
mlp-fosls,177.67057835375584,1.9038690554839207e-06,1.0435403655284508e-06,2.6457079166163396e-06
mlp-fosls,177.8930870620338,1.898720193459037e-06,1.0412897614071324e-06,2.6464659980797817e-06
mlp-fosls,178.11559577031178,1.9020327452363432e-06,1.0378563055756932e-06,2.64485918801173e-06
mlp-fosls,178.33810447858977,1.90554808817141e-06,1.0335852155023505e-06,2.636248831479397e-06
mlp-fosls,178.56061318686776,1.907533196400818e-06,1.0262207793147557e-06,2.6276384749470634e-06
mlp-fosls,178.78312189514574,1.9083897093809836e-06,1.0188563431271606e-06,2.636284940425979e-06
mlp-fosls,179.00563060342373,1.9064721753686345e-06,1.0197144938507505e-06,2.6506618594308676e-06
mlp-fosls,179.22813931170168,1.900664028908348e-06,1.0238203039432494e-06,2.661771268355651e-06
mlp-fosls,179.45064801997967,1.895807978263363e-06,1.0276250197874136e-06,2.6630896395204143e-06
mlp-fosls,179.67315672825765,1.9016765435188997e-06,1.0303674361714398e-06,2.664408010685178e-06
mlp-fosls,179.89566543653564,1.909282616515885e-06,1.033109852555466e-06,2.6709920856793275e-06
mlp-fosls,180.11817414481362,1.9133998030118182e-06,1.0321626738311588e-06,2.679336371486049e-06
mlp-fosls,180.3406828530916,1.912302350977547e-06,1.0298192116949732e-06,2.683168183228152e-06
mlp-fosls,180.56319156136956,1.911256499817284e-06,1.0272465940151665e-06,2.6733555038162384e-06
mlp-fosls,180.78570026964755,1.9127168798705113e-06,1.0239027240501433e-06,2.6635428244043235e-06
mlp-fosls,181.00820897792553,1.9149793776462695e-06,1.0205588540851203e-06,2.659418641243018e-06
mlp-fosls,181.23071768620352,1.912525818870836e-06,1.0202665333033871e-06,2.657212967080019e-06
mlp-fosls,181.4532263944815,1.9045065023658573e-06,1.0210864053828794e-06,2.656987173795691e-06
mlp-fosls,181.6757351027595,1.8977306473342893e-06,1.0212298999413566e-06,2.6627859335714498e-06
mlp-fosls,181.89824381103745,1.9016869223908512e-06,1.0191950408302142e-06,2.668584693347208e-06
mlp-fosls,182.12075251931543,1.906880754333809e-06,1.0171601817190713e-06,2.6681197617205603e-06
mlp-fosls,182.34326122759342,1.909660433340391e-06,1.0206107350597678e-06,2.665528069320065e-06
mlp-fosls,182.5657699358714,1.91135615523453e-06,1.0259773557684924e-06,2.666313389248486e-06
mlp-fosls,182.7882786441494,1.913093433916672e-06,1.029560645705506e-06,2.6774300499115684e-06
mlp-fosls,183.01078735242734,1.9129887627661657e-06,1.0276478981033327e-06,2.6885467105746496e-06
mlp-fosls,183.23329606070533,1.9121601561651434e-06,1.0257351505011591e-06,2.6835749333390855e-06
mlp-fosls,183.4558047689833,1.9129719292609805e-06,1.0247555964159137e-06,2.673090940820489e-06
mlp-fosls,183.6783134772613,1.9152838088970035e-06,1.0240887481690086e-06,2.6626632029334706e-06
mlp-fosls,183.90082218553928,1.917552581914327e-06,1.02354458760196e-06,2.652408779002044e-06
mlp-fosls,184.12333089381727,1.92072473182846e-06,1.023363077890385e-06,2.642154355070617e-06
mlp-fosls,184.34583960209523,1.9242797935840227e-06,1.0231815681788098e-06,2.648448983541426e-06
mlp-fosls,184.5683483103732,1.9244992478485223e-06,1.019656267515073e-06,2.6604102926513358e-06
mlp-fosls,184.7908570186512,1.920699332006937e-06,1.0150565575358552e-06,2.667473577409471e-06
mlp-fosls,185.01336572692918,1.917095499800817e-06,1.0116906990813683e-06,2.659405705051443e-06
mlp-fosls,185.23587443520717,1.9180356703265224e-06,1.0118270677417938e-06,2.6513378326934154e-06
mlp-fosls,185.45838314348515,1.920152701777158e-06,1.0119634364022192e-06,2.647713180278545e-06
mlp-fosls,185.6808918517631,1.9204093265573816e-06,1.0112568452364853e-06,2.6456138706780345e-06
mlp-fosls,185.9034005600411,1.9160366890298253e-06,1.0102905928992856e-06,2.6453481028481e-06
mlp-fosls,186.12590926831908,1.911757896999701e-06,1.0102344290600931e-06,2.6507726952944636e-06
mlp-fosls,186.34841797659706,1.9113163524087644e-06,1.0126500536324984e-06,2.6561972877408274e-06
mlp-fosls,186.57092668487505,1.9119620159623934e-06,1.0150656782049037e-06,2.654832585312094e-06
mlp-fosls,186.79343539315303,1.9108691359453525e-06,1.0162259940294348e-06,2.651132173297399e-06
mlp-fosls,187.015944101431,1.9078018010668206e-06,1.0170178167609376e-06,2.648425692030206e-06
mlp-fosls,187.23845280970897,1.9055996320837923e-06,1.0171797747706645e-06,2.6488111339641687e-06
mlp-fosls,187.46096151798696,1.907139077914875e-06,1.0156976913825045e-06,2.649196575898132e-06
mlp-fosls,187.68347022626494,1.908614963159104e-06,1.0142156079943442e-06,2.645161510709066e-06
mlp-fosls,187.90597893454293,1.9072533682354692e-06,1.0169679580516616e-06,2.6396041239513835e-06
mlp-fosls,188.1284876428209,1.9035036847448002e-06,1.0209097244814249e-06,2.63592738180333e-06
mlp-fosls,188.35099635109887,1.9004976055398987e-06,1.0222013102192765e-06,2.638128059923303e-06
mlp-fosls,188.57350505937686,1.9049997715496228e-06,1.016838063950074e-06,2.6403287380432764e-06
mlp-fosls,188.79601376765484,1.9107798192716453e-06,1.0114748176808713e-06,2.6431532742620767e-06
mlp-fosls,189.01852247593283,1.9090511489007796e-06,1.0096109113202684e-06,2.6461938315474445e-06
mlp-fosls,189.2410311842108,1.9000464911983827e-06,1.0086845555595658e-06,2.6497682224257892e-06
mlp-fosls,189.46353989248877,1.8920138268096235e-06,1.0091408449793458e-06,2.6550147630145853e-06
mlp-fosls,189.68604860076675,1.8943658041036345e-06,1.0129320801181518e-06,2.6602613036033823e-06
mlp-fosls,189.90855730904474,1.8985887417943607e-06,1.0167233152569575e-06,2.6657309357346023e-06
mlp-fosls,190.13106601732272,1.9035328746467525e-06,1.0151459898725607e-06,2.6712790516526856e-06
mlp-fosls,190.3535747256007,1.9025806389819956e-06,1.0122049409915238e-06,2.6749401715321532e-06
mlp-fosls,190.5760834338787,1.8991578312502053e-06,1.0102525607382053e-06,2.6725963935752433e-06
mlp-fosls,190.79859214215665,1.8897914309904536e-06,1.0105884956675513e-06,2.6702526156183335e-06
mlp-fosls,191.02110085043464,1.8815875631422213e-06,1.0109244305968976e-06,2.6699188939267047e-06
mlp-fosls,191.24360955871262,1.8804506548628242e-06,1.0116992814534462e-06,2.6702960840926953e-06
mlp-fosls,191.4661182669906,1.88439149630496e-06,1.0125801011717668e-06,2.670571700263582e-06
mlp-fosls,191.6886269752686,1.888514498942862e-06,1.0144448235143415e-06,2.6705226034179045e-06
mlp-fosls,191.91113568354658,1.8927773387261305e-06,1.0185012082199588e-06,2.670473506572227e-06
mlp-fosls,192.13364439182453,1.896880951201728e-06,1.0225575929255758e-06,2.6699758840171342e-06
mlp-fosls,192.35615310010252,1.8978757671787997e-06,1.0265295758286005e-06,2.669318590383694e-06
mlp-fosls,192.5786618083805,1.8952497709424694e-06,1.030482198686957e-06,2.6682861834534603e-06
mlp-fosls,192.8011705166585,1.8930012044623695e-06,1.0333302803119898e-06,2.666042365723906e-06
mlp-fosls,193.02367922493647,1.890434374586444e-06,1.0338028321759195e-06,2.663798547994352e-06
mlp-fosls,193.24618793321443,1.8873965332044222e-06,1.0342753840398494e-06,2.6653462355834077e-06
mlp-fosls,193.46869664149241,1.8861243618718497e-06,1.0310331804906038e-06,2.6682515438520334e-06
mlp-fosls,193.6912053497704,1.8883801829425858e-06,1.026984401872352e-06,2.6698095291915235e-06
mlp-fosls,193.91371405804838,1.8899269431905027e-06,1.025326405689931e-06,2.6669725969462922e-06
mlp-fosls,194.13622276632637,1.8887504397307691e-06,1.0286156621944922e-06,2.664135664701061e-06
mlp-fosls,194.35873147460435,1.8875499572265118e-06,1.0319049186990534e-06,2.664522983744716e-06
mlp-fosls,194.5812401828823,1.8868412636280632e-06,1.0284997261285436e-06,2.6660747839820698e-06
mlp-fosls,194.8037488911603,1.8842567359702908e-06,1.023722440121467e-06,2.6674226094692773e-06
mlp-fosls,195.02625759943828,1.8817553313546876e-06,1.0206123686601868e-06,2.668102595809658e-06
mlp-fosls,195.24876630771627,1.878398366603034e-06,1.02083013291728e-06,2.6687825821500386e-06
mlp-fosls,195.47127501599425,1.8747450352548602e-06,1.021047897174373e-06,2.668985217149058e-06
mlp-fosls,195.69378372427224,1.8721479508907431e-06,1.0207559710776095e-06,2.669014394695286e-06
mlp-fosls,195.9162924325502,1.8742638106307734e-06,1.020364978432041e-06,2.6680940848410525e-06
mlp-fosls,196.13880114082818,1.876912754934578e-06,1.0197401535401165e-06,2.6640305983249846e-06
mlp-fosls,196.36130984910616,1.8764518970211153e-06,1.0186635357847924e-06,2.6599671118089166e-06
mlp-fosls,196.58381855738415,1.8747607284453018e-06,1.017586918029468e-06,2.6646854038496903e-06
mlp-fosls,196.80632726566213,1.8733080145630916e-06,1.0155271035797263e-06,2.6726248830368233e-06
mlp-fosls,197.02883597394012,1.8739642882156684e-06,1.0132874721694707e-06,2.679364769117901e-06
mlp-fosls,197.25134468221808,1.8743441817113896e-06,1.0125868692970665e-06,2.6820576314468216e-06
mlp-fosls,197.47385339049606,1.8714003392634137e-06,1.0147526785671873e-06,2.684750493775742e-06
mlp-fosls,197.69636209877405,1.8678748314887238e-06,1.0169184878373082e-06,2.6851051481311567e-06
mlp-fosls,197.91887080705203,1.867825836393302e-06,1.0175696160224334e-06,2.6845768197490913e-06
mlp-fosls,198.14137951533002,1.8701896008589387e-06,1.0179610318345126e-06,2.6842216315863627e-06
mlp-fosls,198.36388822360797,1.8723795204002052e-06,1.0176725638910271e-06,2.6844641658444853e-06
mlp-fosls,198.58639693188596,1.8755510531308383e-06,1.0161622246602616e-06,2.6847067001026075e-06
mlp-fosls,198.80890564016394,1.8790760840337504e-06,1.014651885429496e-06,2.684926144903437e-06
mlp-fosls,199.03141434844193,1.8792777549526632e-06,1.0143279748762279e-06,2.6851367603080492e-06
mlp-fosls,199.2539230567199,1.8767067918527925e-06,1.0141953297070985e-06,2.6849113866737977e-06
mlp-fosls,199.4764317649979,1.8737834601540667e-06,1.013842247550749e-06,2.6831677719481688e-06
mlp-fosls,199.69894047327585,1.8706976455004215e-06,1.0131062736635771e-06,2.68142415722254e-06
mlp-fosls,199.92144918155384,1.867811636468278e-06,1.0123702997764052e-06,2.679771414760344e-06
mlp-fosls,200.14395788983182,1.8667724866131e-06,1.0161628070885539e-06,2.678153532835526e-06
mlp-fosls,200.3664665981098,1.8665984419548226e-06,1.020638229256499e-06,2.6752099810523923e-06
mlp-fosls,200.5889753063878,1.8662056925696554e-06,1.0226445326893424e-06,2.6676434838223953e-06
mlp-fosls,200.81148401466578,1.8653528989057666e-06,1.0205023312663638e-06,2.6600769865923982e-06
mlp-fosls,201.03399272294374,1.8645398720224475e-06,1.0183601298433854e-06,2.6617091331187746e-06
mlp-fosls,201.25650143122172,1.8640321693822738e-06,1.0143115748439544e-06,2.666874703377913e-06
mlp-fosls,201.4790101394997,1.8631427324693435e-06,1.0099942381043847e-06,2.671311906369901e-06
mlp-fosls,201.7015188477777,1.862346860654461e-06,1.0084357665216682e-06,2.67321202641262e-06
mlp-fosls,201.92402755605568,1.8610372230051534e-06,1.0113697267969507e-06,2.6751121464553393e-06
mlp-fosls,202.14653626433366,1.859563717869647e-06,1.014303687072233e-06,2.6784170259600228e-06
mlp-fosls,202.36904497261162,1.8600788701213968e-06,1.0095647827699936e-06,2.682259307755614e-06
mlp-fosls,202.5915536808896,1.8643181001709369e-06,1.0038217860996999e-06,2.6843232454328688e-06
mlp-fosls,202.8140623891676,1.868466807903618e-06,1.000786675394055e-06,2.680187399427009e-06
mlp-fosls,203.03657109744557,1.868884766079993e-06,1.0020334852777698e-06,2.6760515534211494e-06
mlp-fosls,203.25907980572356,1.8685881565795622e-06,1.0032802951614847e-06,2.672064675822386e-06
mlp-fosls,203.48158851400152,1.8680324080290342e-06,1.0039103470368546e-06,2.6681347257531664e-06
mlp-fosls,203.7040972222795,1.8665011229356814e-06,1.0044647506498211e-06,2.665296608394001e-06
mlp-fosls,203.92660593055749,1.864851176972511e-06,1.0050835539268297e-06,2.6662461514876955e-06
mlp-fosls,204.14911463883547,1.8648245996008762e-06,1.005801357845043e-06,2.66719569458139e-06
mlp-fosls,204.37162334711346,1.8651842815422972e-06,1.0065191617632563e-06,2.6683719545653435e-06
mlp-fosls,204.59413205539144,1.8662636804036184e-06,1.0067292874575169e-06,2.669635438709277e-06
mlp-fosls,204.8166407636694,1.8680149400411452e-06,1.0068819664479977e-06,2.6689923445644818e-06
mlp-fosls,205.03914947194738,1.869741615037568e-06,1.0071045024943937e-06,2.661555256511692e-06
mlp-fosls,205.26165818022537,1.8696823493702244e-06,1.0074307814669507e-06,2.654118168458902e-06
mlp-fosls,205.48416688850335,1.8692951026875217e-06,1.0077570604395078e-06,2.6512298349758312e-06
mlp-fosls,205.70667559678134,1.8684438541774668e-06,1.0075546766180372e-06,2.6501308418830117e-06
mlp-fosls,205.92918430505932,1.867002207145598e-06,1.0072975829194462e-06,2.6506103996963837e-06
mlp-fosls,206.15169301333728,1.865544314913814e-06,1.007121574885662e-06,2.6568076298556165e-06
mlp-fosls,206.37420172161526,1.8637773978680139e-06,1.0070624651793e-06,2.66300486001485e-06
mlp-fosls,206.59671042989325,1.8619610597657248e-06,1.007003355472938e-06,2.6642615628212473e-06
mlp-fosls,206.81921913817123,1.8629875199425748e-06,1.0067275495981498e-06,2.6635500670520964e-06
mlp-fosls,207.04172784644922,1.866012773191704e-06,1.0064311176301092e-06,2.6633806216268e-06
mlp-fosls,207.2642365547272,1.8681931391941768e-06,1.0065162432788949e-06,2.6652003139020635e-06
mlp-fosls,207.48674526300516,1.8681676402356989e-06,1.0071353158399079e-06,2.667020006177327e-06
mlp-fosls,207.70925397128315,1.8681202016020887e-06,1.007754388400921e-06,2.668339130269856e-06
mlp-fosls,207.93176267956113,1.8670058266821574e-06,1.0083226608628498e-06,2.6694579818152044e-06
mlp-fosls,208.15427138783912,1.8661458083878513e-06,1.0088865487231481e-06,2.670811333231374e-06
mlp-fosls,208.3767800961171,1.866379281672421e-06,1.0080255844545352e-06,2.6730258935412798e-06
mlp-fosls,208.59928880439506,1.8685872553301735e-06,1.0052335951814155e-06,2.6752404538511854e-06
mlp-fosls,208.82179751267304,1.8706844656793403e-06,1.0024416059082956e-06,2.676598540959464e-06
mlp-fosls,209.04430622095103,1.8710845191321029e-06,1.0009650919298157e-06,2.6776082764893076e-06
mlp-fosls,209.266814929229,1.8716481003957865e-06,9.995899814317997e-07,2.6782329296829245e-06
mlp-fosls,209.489323637507,1.8738367295895871e-06,1.0007179480809767e-06,2.677408980971586e-06
mlp-fosls,209.71183234578498,1.8787538477979293e-06,1.0051360663729576e-06,2.6765850322602473e-06
mlp-fosls,209.93434105406294,1.8834961276954122e-06,1.0095541846649383e-06,2.672941078492474e-06
mlp-fosls,210.15684976234093,1.8846405260835583e-06,1.0093037409692224e-06,2.668139771287468e-06
mlp-fosls,210.3793584706189,1.883560453436291e-06,1.008732940824694e-06,2.663925069433102e-06
mlp-fosls,210.6018671788969,1.8822459620859497e-06,1.0073835125446045e-06,2.6619598942109198e-06
mlp-fosls,210.82437588717488,1.881727227100264e-06,1.0050413969139165e-06,2.6599947189887374e-06
mlp-fosls,211.04688459545287,1.8814143462200181e-06,1.0026992812832283e-06,2.6606685897381453e-06
mlp-fosls,211.26939330373082,1.8799911885736298e-06,1.0003853142545513e-06,2.6624454085469873e-06
mlp-fosls,211.4919020120088,1.8784478603745517e-06,9.980730454033111e-07,2.6632992059848236e-06
mlp-fosls,211.7144107202868,1.87913706443647e-06,9.961852295283817e-07,2.6605771121978012e-06
mlp-fosls,211.93691942856478,1.8851569434500798e-06,9.948232433187183e-07,2.657855018410779e-06
mlp-fosls,212.15942813684276,1.8912346317072303e-06,9.934612571090547e-07,2.6574995142479817e-06
mlp-fosls,212.38193684512075,1.8901968650622634e-06,9.917864526155701e-07,2.6581367854169227e-06
mlp-fosls,212.6044455533987,1.88730364720806e-06,9.900954261712406e-07,2.6590373777065943e-06
mlp-fosls,212.8269542616767,1.8853989806888346e-06,9.89295182362255e-07,2.660962729112595e-06
mlp-fosls,213.04946296995467,1.886096996505415e-06,9.895633405469781e-07,2.6628880805185954e-06
mlp-fosls,213.27197167823266,1.8868591320589993e-06,9.898314987317015e-07,2.666092875944216e-06
mlp-fosls,213.49448038651065,1.8867026518906141e-06,9.913893085205125e-07,2.6698358949540617e-06
mlp-fosls,213.7169890947886,1.8855147463660257e-06,9.9300305905718e-07,2.6722032898446058e-06
mlp-fosls,213.9394978030666,1.8845868757696477e-06,9.93968653484204e-07,2.669219423666416e-06
mlp-fosls,214.16200651134457,1.8852822267246423e-06,9.941801160500326e-07,2.6662355574882265e-06
mlp-fosls,214.38451521962256,1.886113993628746e-06,9.94391578615861e-07,2.666138360457451e-06
mlp-fosls,214.60702392790054,1.8859351475000418e-06,9.957784948308989e-07,2.667255555513156e-06
mlp-fosls,214.82953263617853,1.8860939650372371e-06,9.97206737399972e-07,2.667607158855422e-06
mlp-fosls,215.05204134445648,1.8870229718839573e-06,9.969389722003661e-07,2.6649756304832795e-06
mlp-fosls,215.27455005273447,1.890241612138236e-06,9.947566026725438e-07,2.6623441021111367e-06
mlp-fosls,215.49705876101245,1.8935435612301775e-06,9.925742331447216e-07,2.6595257988764046e-06
mlp-fosls,215.71956746929044,1.892478960208227e-06,9.92947846910154e-07,2.6566293097222388e-06
mlp-fosls,215.94207617756842,1.8893561565151272e-06,9.933898560787448e-07,2.654148230771789e-06
mlp-fosls,216.1645848858464,1.887429369916158e-06,9.93833523820291e-07,2.6532826794148043e-06
mlp-fosls,216.38709359412437,1.886446991122211e-06,9.942790026326836e-07,2.6524171280578203e-06
mlp-fosls,216.60960230240235,1.8853024554998764e-06,9.947244814450766e-07,2.6478302858831186e-06
mlp-fosls,216.83211101068034,1.8829131542067293e-06,9.957872905891467e-07,2.6416786079888255e-06
mlp-fosls,217.05461971895832,1.8822782667049958e-06,9.968616437111062e-07,2.636789415889099e-06
mlp-fosls,217.2771284272363,1.8831724824223433e-06,9.96210227713568e-07,2.6368571731547293e-06
mlp-fosls,217.4996371355143,1.8855564450393208e-06,9.937282764851282e-07,2.6369249304203597e-06
mlp-fosls,217.72214584379225,1.8877873965876494e-06,9.912463252566886e-07,2.641339877522407e-06
mlp-fosls,217.94465455207023,1.8869944392655289e-06,9.947944856269676e-07,2.64759151742548e-06
mlp-fosls,218.16716326034822,1.884873829716605e-06,9.984073829560092e-07,2.6523600956598166e-06
mlp-fosls,218.3896719686262,1.8825783947987772e-06,9.994218134832678e-07,2.6512904739245597e-06
mlp-fosls,218.6121806769042,1.8815134383244009e-06,9.977681421476404e-07,2.650220852189303e-06
mlp-fosls,218.83468938518214,1.8805962767379303e-06,9.961144708120135e-07,2.647622304773786e-06
mlp-fosls,219.05719809346013,1.8805341359359425e-06,9.932725024570773e-07,2.644374919266508e-06
mlp-fosls,219.27970680173812,1.880370278196049e-06,9.90427458908436e-07,2.6417728625767255e-06
mlp-fosls,219.5022155100161,1.880164277467009e-06,9.88754470949956e-07,2.641718768510278e-06
mlp-fosls,219.72472421829409,1.880511841861246e-06,9.882467068787397e-07,2.6416646744438305e-06
mlp-fosls,219.94723292657207,1.880914239999903e-06,9.877453444944979e-07,2.64159136862989e-06
mlp-fosls,220.16974163485003,1.8820923472475316e-06,9.884606463452755e-07,2.6415098732271668e-06
mlp-fosls,220.392250343128,1.8839473933800416e-06,9.891759481960532e-07,2.641371624206409e-06
mlp-fosls,220.614759051406,1.8859014900573106e-06,9.908862948046154e-07,2.641008148416069e-06
mlp-fosls,220.83726775968398,1.8855508246414506e-06,9.935540838463575e-07,2.640644672625729e-06
mlp-fosls,221.05977646796197,1.885001547860411e-06,9.961730223834659e-07,2.6408935952653e-06
mlp-fosls,221.28228517623995,1.8821140038799296e-06,9.952389922579764e-07,2.6414038145143213e-06
mlp-fosls,221.5047938845179,1.8784542272891944e-06,9.94304962132487e-07,2.6419369068032527e-06
mlp-fosls,221.7273025927959,1.8758268864847241e-06,9.933996478973818e-07,2.6425614899185906e-06
mlp-fosls,221.94981130107388,1.8773015874371132e-06,9.925210918651145e-07,2.643186073033929e-06
mlp-fosls,222.17232000935186,1.8789439135108014e-06,9.916614089888753e-07,2.642933853055813e-06
mlp-fosls,222.39482871762985,1.8794648326547758e-06,9.916614089888753e-07,2.642305450048745e-06
mlp-fosls,222.61733742590783,1.8794648326547758e-06,9.916614089888753e-07,2.6418019842822105e-06
mlp-fosls,222.8398461341858,1.8794648326547758e-06,9.916614089888753e-07,2.6418019842822105e-06
