plot-name,time,median,low,high
kan-fosls,1.1552672386169434,0.006569084012880921,0.006492736749351025,0.006774015724658966
kan-fosls,1.6205034673631609,0.004758550510697998,0.004661253327559183,0.004895103330525709
kan-fosls,2.0857396961093784,0.0029209902507209705,0.002819061387578662,0.0029919200958409336
kan-fosls,2.550975924855596,0.0017886700526818342,0.001713147718390385,0.0018289129574666635
kan-fosls,3.0162121536018134,0.0014052397983704038,0.0013474432223427601,0.0014342523932451131
kan-fosls,3.481448382348031,0.0010218095440589735,0.0009835131545280038,0.001042109544326095
kan-fosls,3.9466846110942484,0.0009014272159769353,0.0008406092699306622,0.0010105880058702819
kan-fosls,4.411920839840466,0.000798769001391168,0.0006977053853333208,0.0009949315664497225
kan-fosls,4.877157068586683,0.0007641392377079754,0.0005988385435027353,0.0010090150704055866
kan-fosls,5.342393297332901,0.0007660995551060014,0.0005282024479895718,0.001775071976875411
kan-fosls,5.807629526079118,0.0007147024768424068,0.00045203653782498356,0.0025411288833452356
kan-fosls,6.272865754825336,0.0007398526696746443,0.0004834273804148097,0.0024429491018744275
kan-fosls,6.738101983571553,0.0006904760688102179,0.0004961127147037928,0.002339073959526299
kan-fosls,7.203338212317771,0.0007322430364119848,0.0004945110106125838,0.0020064427342464447
kan-fosls,7.6685744410639884,0.0007953457597543323,0.0004130687248197016,0.0014399244202425061
kan-fosls,8.133810669810206,0.0007471183786952549,0.00033661754716550626,0.0016617438050172072
kan-fosls,8.599046898556423,0.0007153412582005136,0.0004450129056532668,0.0013256136772312813
kan-fosls,9.064283127302641,0.0008025892295554166,0.00047142620080618895,0.0014982257511427749
kan-fosls,9.529519356048858,0.000755557999556595,0.00035401791694535497,0.001589421967871429
kan-fosls,9.994755584795076,0.0007513147123586797,0.00031922295741477406,0.0015040412984696728
kan-fosls,10.459991813541293,0.0006888264806581204,0.00028443470680748,0.0015089834480804263
kan-fosls,10.925228042287511,0.0007758117858238069,0.00028092121768328275,0.0011090496055594001
kan-fosls,11.390464271033728,0.0007031966471436788,0.0002774077285590855,0.0011328041982716385
kan-fosls,11.855700499779946,0.000626202286687046,0.00035501458025518457,0.0011291025353649443
kan-fosls,12.320936728526164,0.00068413858314401,0.0004507637708434555,0.00093510058441737
kan-fosls,12.786172957272381,0.0006942357778613299,0.0003230613464576523,0.001041920244272993
kan-fosls,13.251409186018599,0.0006627030234525808,0.00041046720464663425,0.0008805280292175483
kan-fosls,13.716645414764816,0.0005450973781860582,0.0002741466585285971,0.0012260537102907116
kan-fosls,14.181881643511034,0.0005374847766061181,0.0003752453596790005,0.0012844615204488554
kan-fosls,14.647117872257251,0.0006490218216427321,0.00033396839926967854,0.00094112500415676
kan-fosls,15.112354101003469,0.0006530543356112926,0.00018342089490106688,0.0011695412776643367
kan-fosls,15.577590329749686,0.0006090267656834309,0.0002883578160350868,0.0009633242394495598
kan-fosls,16.042826558495904,0.0005487082485105556,0.00025136812430977024,0.0012729444905963182
kan-fosls,16.50806278724212,0.0004855420758972421,0.00015144472493724344,0.0011507677812162165
kan-fosls,16.97329901598834,0.0004912787946050948,0.00012991134966443342,0.0007127584399262906
kan-fosls,17.438535244734556,0.0004287023031767902,0.00011945776723585322,0.0005170409641785065
kan-fosls,17.903771473480774,0.0003349219602185789,0.00020814134789243612,0.0006853009287433466
kan-fosls,18.36900770222699,0.0003675033910676419,0.00020371423645014627,0.00085417091450346
kan-fosls,18.83424393097321,0.00036134456081912924,0.00016031610390922714,0.0008106335689976583
kan-fosls,19.299480159719426,0.0003802556659913306,0.00019786613235962998,0.0005956224354008594
kan-fosls,19.764716388465644,0.000380966710441798,0.00019616462094935964,0.0005787050325546323
kan-fosls,20.22995261721186,0.0003452316659585756,0.00022523841159692668,0.0005384472337850884
kan-fosls,20.69518884595808,0.00030290242802042143,0.00021877642094036357,0.000659405739487144
kan-fosls,21.160425074704296,0.0003441206021413938,0.00019116999364684122,0.0007523253337565227
kan-fosls,21.625661303450514,0.0003283237191619559,0.00018744501292498991,0.0008226506329447415
kan-fosls,22.09089753219673,0.00034074013701535926,0.00017294709271592574,0.0008832529488350698
kan-fosls,22.55613376094295,0.0003750963310029762,0.00021085251183612262,0.0007836570851909087
kan-fosls,23.021369989689166,0.00031359050493768063,0.00016143088294696316,0.001135947549628645
kan-fosls,23.486606218435384,0.00031015967300791606,0.00015019038204321954,0.0010816259481445727
kan-fosls,23.9518424471816,0.0003604695330677475,0.000189373111071938,0.0006485560156859121
kan-fosls,24.41707867592782,0.0002602461887085677,0.00017924477345779196,0.0007246267523123959
kan-fosls,24.882314904674036,0.00035767225274005215,0.00016945047327061158,0.0005582184105645595
kan-fosls,25.347551133420254,0.0003053559298676708,0.00014173115511168457,0.0006010423086996519
kan-fosls,25.81278736216647,0.0002445558855369579,0.00016321564077169642,0.0005819751615289102
kan-fosls,26.27802359091269,0.00022784158858603205,0.00014714165685135805,0.0004258348892108901
kan-fosls,26.743259819658906,0.00022923639686499704,0.00014055346874357967,0.0002975601016181101
kan-fosls,27.208496048405124,0.00020382640896997697,0.00013779842237468334,0.0003296725555554666
kan-fosls,27.67373227715134,0.00021395357618618998,0.00010638541114733598,0.0003617850094928231
kan-fosls,28.13896850589756,0.00022140161341459562,0.00013207171124829996,0.0003528611935852266
kan-fosls,28.604204734643776,0.00024068602061711613,0.00013956053414147904,0.0003558687118061659
kan-fosls,29.069440963389994,0.00023920192169778068,0.0001345806504515511,0.0005092769185956141
kan-fosls,29.53467719213621,0.0002353897423179167,0.00012557376024330535,0.0004814159033058741
kan-fosls,29.99991342088243,0.00022001723035642329,0.00011656687003505958,0.00047073611259188246
kan-fosls,30.465149649628646,0.00025240197025014165,0.00014967775497125782,0.00045801340953019866
kan-fosls,30.930385878374864,0.0002712729527184004,0.0001967716614766453,0.00042937060985366685
kan-fosls,31.39562210712108,0.00027013282277115326,0.00020722964040008479,0.0005532426906167824
kan-fosls,31.8608583358673,0.0002737792122301162,0.00017760598730915723,0.00040685290974363267
kan-fosls,32.32609456461351,0.00023442851691408623,0.00014798233421822992,0.0004178283040322451
kan-fosls,32.791330793359734,0.00020525152657800127,0.00012065659367949885,0.00037693579520078175
kan-fosls,33.256567022105955,0.0002021901620448604,9.461782590997585e-05,0.0002989412874243292
kan-fosls,33.72180325085217,0.00020074180845134503,7.986338558469875e-05,0.00034110171226540905
kan-fosls,34.18703947959838,0.00020807382766092222,0.0001251823014794196,0.0003095281310825845
kan-fosls,34.652275708344604,0.0001793021351609258,8.647721049465607e-05,0.0003980308415430972
kan-fosls,35.117511937090825,0.00016895551145693563,6.8793351806221e-05,0.00034536013535446897
kan-fosls,35.58274816583704,0.0001698864229378036,6.687293931588888e-05,0.00023979073766997996
kan-fosls,36.04798439458325,0.00015705846315453088,6.785236197926443e-05,0.00022722316864811877
kan-fosls,36.513220623329474,0.0001528943804875546,0.00010601330197356431,0.00020296184492462203
kan-fosls,36.978456852075695,0.00013825028434681655,0.00011846659855370657,0.00020401090342552058
kan-fosls,37.44369308082191,0.00016017169053223753,0.00010438813072154698,0.0002093698707687852
kan-fosls,37.90892930956812,0.00017339921136003226,8.363403049738586e-05,0.0002689480692434397
kan-fosls,38.374165538314344,0.00017418226574630644,7.22433548619396e-05,0.0003270400869411148
kan-fosls,38.839401767060565,0.00018795155900880805,9.250394423414944e-05,0.00032695892244701604
kan-fosls,39.30463799580678,0.00015935439284210586,7.249418309504058e-05,0.0003311207697960026
kan-fosls,39.76987422455299,0.00017242405594647175,8.111478966350225e-05,0.0003092904522568093
kan-fosls,40.235110453299214,0.00014286798695884017,7.563580103113962e-05,0.00024060256945410564
kan-fosls,40.700346682045435,0.00012591260294535407,6.169841120223111e-05,0.00028092529548817344
kan-fosls,41.16558291079165,0.0001242421462372222,8.700978384093599e-05,0.00019363369214536665
kan-fosls,41.63081913953786,0.0001241385024170882,8.660339754414608e-05,0.00020578921038175602
kan-fosls,42.096055368284084,0.00012737854701729023,8.791740581894929e-05,0.0002996134232562342
kan-fosls,42.561291597030305,0.0001319770401709452,8.188935957865369e-05,0.0004395700803627927
kan-fosls,43.02652782577652,0.00012327735265774887,6.345633276208833e-05,0.000505835716904906
kan-fosls,43.49176405452273,0.00013839877862880734,7.307506479068666e-05,0.00035904306343197557
kan-fosls,43.957000283268954,0.00012615597938705247,7.843451521235718e-05,0.00021225040995904293
kan-fosls,44.422236512015175,0.00014033821745491513,7.079705136142002e-05,0.00019408520932602156
kan-fosls,44.88747274076139,0.00014309050606045267,6.967795795033629e-05,0.00017736632120742888
kan-fosls,45.3527089695076,0.00013742994978990206,6.80493641245369e-05,0.00018539742772527774
kan-fosls,45.817945198253824,0.0001352799706075801,6.435328045938578e-05,0.00016929307502161638
kan-fosls,46.283181427000045,0.00012753143802511445,6.065719679423466e-05,0.00016683710616096034
kan-fosls,46.74841765574626,0.00012220800830939178,5.417219645819483e-05,0.0001819150347902031
kan-fosls,47.21365388449247,0.00012516314184801805,4.6501091531745054e-05,0.00021718335279429424
kan-fosls,47.678890113238694,0.000112602483790046,4.588950907607278e-05,0.00024098760656770184
kan-fosls,48.144126341984915,0.00010540237083305821,7.215964153121073e-05,0.00017970295026400757
kan-fosls,48.60936257073113,9.89221348285706e-05,6.263889977854873e-05,0.00018481431520173624
kan-fosls,49.07459879947734,9.754751305471191e-05,6.465501757069572e-05,0.00017393686486468637
kan-fosls,49.539835028223564,9.022253417318044e-05,6.764254111975389e-05,0.00014227116033942123
kan-fosls,50.005071256969785,8.932238375087954e-05,7.156486616288096e-05,0.00015294591051211875
kan-fosls,50.470307485716,9.857697709285412e-05,8.425014349297008e-05,0.0001735663906075403
kan-fosls,50.93554371446221,0.00010522309570816345,7.282053579512132e-05,0.00019418687070296183
kan-fosls,51.400779943208434,0.00010514933496672319,6.582363416929346e-05,0.00017359178252733063
kan-fosls,51.866016171954655,8.929748580231044e-05,6.176806610473735e-05,0.0001688932429652116
kan-fosls,52.33125240070087,6.533372691678609e-05,4.885348674231713e-05,0.00016419470340309266
kan-fosls,52.79648862944708,7.494905262005953e-05,5.376348634555302e-05,0.00012535437780205217
kan-fosls,53.261724858193304,7.218860418314678e-05,5.867348594878899e-05,9.51468361669903e-05
kan-fosls,53.726961086939525,7.655627129764204e-05,4.882103799334567e-05,9.431359406240133e-05
kan-fosls,54.19219731568574,8.123208329873215e-05,5.9418119890519956e-05,0.0001248159057237034
kan-fosls,54.65743354443195,8.431422330698891e-05,5.3704057046119306e-05,0.00014214569839546292
kan-fosls,55.122669773178174,8.304108263413096e-05,7.158960014954154e-05,0.00016562871083884793
kan-fosls,55.587906001924395,8.393441760650997e-05,5.675236032156481e-05,0.00024628736940432596
kan-fosls,56.05314223067061,8.33992448649257e-05,5.405285347706948e-05,0.00022780352025120917
kan-fosls,56.51837845941682,8.373752605840012e-05,5.7854214231530185e-05,0.00014877382021230302
kan-fosls,56.983614688163044,8.017220185917313e-05,5.840288226330146e-05,0.0001619668896126767
kan-fosls,57.448850916909265,8.186241362741442e-05,4.977690016989473e-05,0.00019247886118899148
kan-fosls,57.91408714565548,7.389925725479276e-05,4.1150918076488134e-05,0.00022299083276530583
kan-fosls,58.37932337440169,6.94279396613607e-05,4.335463729132373e-05,0.00019143366333078266
kan-fosls,58.844559603147914,6.180755736398168e-05,4.6160981385953214e-05,0.00012185665253198066
kan-fosls,59.309795831894135,5.9312004584378874e-05,3.992351565537061e-05,0.00010907631026391364
kan-fosls,59.77503206064035,6.732773244834013e-05,5.461732181315262e-05,0.00010735557382432991
kan-fosls,60.24026828938656,7.735709789393459e-05,5.045234945777936e-05,0.0001168916856630528
kan-fosls,60.705504518132784,7.752929277715827e-05,4.8338865378622355e-05,0.00010501365603910332
kan-fosls,61.170740746879005,6.153140915755089e-05,4.438408238748605e-05,0.00011959614376583935
kan-fosls,61.63597697562522,5.8634824214780425e-05,4.070988193666273e-05,0.0001304536158007789
kan-fosls,62.10121320437143,6.456579002109435e-05,4.6218612747671406e-05,9.67039368178982e-05
kan-fosls,62.566449433117654,6.276162209861827e-05,4.278505708803559e-05,9.808010481077582e-05
kan-fosls,63.031685661863875,6.587170805941178e-05,4.074608352902469e-05,8.932778959462687e-05
kan-fosls,63.49692189061009,5.940910776527474e-05,3.752313286104865e-05,9.181253446400919e-05
kan-fosls,63.9621581193563,4.999449005661896e-05,2.857661143148388e-05,9.922036642204344e-05
kan-fosls,64.42739434810252,5.347737885324988e-05,3.035338242905436e-05,9.202728754556118e-05
kan-fosls,64.89263057684875,6.524375421265542e-05,3.213015342662484e-05,9.980131824995352e-05
kan-fosls,65.35786680559497,6.877643652115513e-05,3.661572959267936e-05,8.376030836255539e-05
kan-fosls,65.82310303434117,6.334364722241671e-05,4.2690885034929965e-05,8.795721467848896e-05
kan-fosls,66.2883392630874,6.374734538981322e-05,4.287792789902004e-05,8.844720721884084e-05
kan-fosls,66.75357549183362,6.253424214817499e-05,4.465514227788712e-05,6.99493107450877e-05
kan-fosls,67.21881172057982,5.578793501717602e-05,3.9411511380823164e-05,8.044268082542929e-05
kan-fosls,67.68404794932604,5.397775316344818e-05,4.281398153452232e-05,8.288580501928659e-05
kan-fosls,68.14928417807226,5.242867190113055e-05,4.423074414732337e-05,8.340825952080399e-05
kan-fosls,68.61452040681849,5.41825571031153e-05,3.8808271384933174e-05,7.914023243158123e-05
kan-fosls,69.0797566355647,5.302455738518657e-05,3.8726064202201594e-05,6.477376977392506e-05
kan-fosls,69.54499286431091,4.615262758584947e-05,3.163079803341671e-05,8.256096467290861e-05
kan-fosls,70.01022909305713,4.755584899593528e-05,3.481168414713619e-05,7.562641937923606e-05
kan-fosls,70.47546532180336,5.115886838322316e-05,3.538412061980055e-05,6.526145638892098e-05
kan-fosls,70.94070155054956,4.783640711255072e-05,3.641560090499826e-05,7.647623451498652e-05
kan-fosls,71.40593777929578,4.9731314276008364e-05,3.6962014919514256e-05,7.935484390886656e-05
kan-fosls,71.871174008042,5.392066345585203e-05,3.750842893403025e-05,8.525441246037862e-05
kan-fosls,72.33641023678823,5.3526239373354555e-05,3.5241844989911304e-05,7.60767252951554e-05
kan-fosls,72.80164646553445,4.6526477599669667e-05,3.4273119435185505e-05,6.861913968174901e-05
kan-fosls,73.26688269428065,4.711214858096041e-05,3.3304393880459734e-05,8.354703262800683e-05
kan-fosls,73.73211892302687,4.884647679244831e-05,3.229019706406433e-05,8.243257031944462e-05
kan-fosls,74.1973551517731,4.526424923759011e-05,2.5963048296846047e-05,8.13181080108824e-05
kan-fosls,74.6625913805193,4.746379208154611e-05,2.679328741282247e-05,7.578303391433335e-05
kan-fosls,75.12782760926552,4.6954005398786464e-05,2.8515149836890925e-05,6.804026212347404e-05
kan-fosls,75.59306383801174,4.392527581610011e-05,3.351590453172673e-05,6.331602352424385e-05
kan-fosls,76.05830006675797,4.3576748104008074e-05,2.906049658029072e-05,6.598649537630232e-05
kan-fosls,76.52353629550419,4.404501428118781e-05,2.4122279688341887e-05,6.685452607447929e-05
kan-fosls,76.9887725242504,3.877062594261417e-05,2.71236832457081e-05,6.624496559892533e-05
kan-fosls,77.45400875299661,3.425074586478814e-05,2.9456978942644877e-05,6.0749918279982426e-05
kan-fosls,77.91924498174284,3.504546823379456e-05,2.629528250577962e-05,5.525487096103952e-05
kan-fosls,78.38448121048904,4.36557940262804e-05,3.3480074244595224e-05,5.284520250920071e-05
kan-fosls,78.84971743923526,4.523892701037507e-05,3.614775044610599e-05,6.364796279775326e-05
kan-fosls,79.31495366798148,4.329730154568514e-05,3.355209464198556e-05,6.718571202888362e-05
kan-fosls,79.7801898967277,4.6005261658964614e-05,2.9886386052263363e-05,7.490225532460896e-05
kan-fosls,80.24542612547393,4.7435657167453046e-05,2.316446295144893e-05,7.140889572170193e-05
kan-fosls,80.71066235422013,4.340774838666505e-05,2.7081888087203143e-05,5.652164062378758e-05
kan-fosls,81.17589858296635,4.0195305192526894e-05,2.440973404559287e-05,6.129432411601404e-05
kan-fosls,81.64113481171258,3.9752019707212e-05,3.098295672894194e-05,5.288096612729054e-05
kan-fosls,82.10637104045878,3.492404425938596e-05,2.9000754848912374e-05,5.5655423815985834e-05
kan-fosls,82.571607269205,3.533851244111056e-05,2.5989303872868835e-05,5.295962137645033e-05
kan-fosls,83.03684349795122,3.9465924677033946e-05,2.9013360354023115e-05,6.504255273698359e-05
kan-fosls,83.50207972669745,4.237795650866788e-05,2.6462755337371512e-05,7.8591318246729e-05
kan-fosls,83.96731595544367,4.0940939319362646e-05,2.6145008938181617e-05,6.211038304460564e-05
kan-fosls,84.43255218418987,3.576292476710828e-05,2.6981150604446972e-05,4.781127844912682e-05
kan-fosls,84.8977884129361,3.116416749933745e-05,2.498564742107058e-05,4.797154955276232e-05
kan-fosls,85.36302464168232,3.45822664042981e-05,2.5870986079361554e-05,4.428400332190515e-05
kan-fosls,85.82826087042852,3.708015524918234e-05,2.4075430950386686e-05,5.609458133822976e-05
kan-fosls,86.29349709917474,3.54427108965113e-05,2.7288528422366438e-05,4.906482586190771e-05
kan-fosls,86.75873332792096,3.713845561202571e-05,2.7777521086837134e-05,4.2240162199974984e-05
kan-fosls,87.22396955666719,3.1792593973840825e-05,2.693049105284963e-05,4.275493190633849e-05
kan-fosls,87.6892057854134,3.006584198960925e-05,2.6256117895909487e-05,4.70708426165448e-05
kan-fosls,88.15444201415961,2.884136983036382e-05,2.0650999233507793e-05,5.138675332675097e-05
kan-fosls,88.61967824290583,3.1601473067365416e-05,1.9365120860547704e-05,4.1457523755966284e-05
kan-fosls,89.08491447165206,3.120680295767748e-05,1.8525206015532507e-05,4.0700915800625086e-05
kan-fosls,89.55015070039826,3.153637160802723e-05,1.991304757635851e-05,4.244933804280276e-05
kan-fosls,90.01538692914448,3.2565932413049816e-05,2.444374537453745e-05,4.0125909046740335e-05
kan-fosls,90.4806231578907,3.0047367481103475e-05,2.1576710005935973e-05,4.325954614041753e-05
kan-fosls,90.94585938663693,2.711957568919088e-05,2.300655542056359e-05,4.1147307942454276e-05
kan-fosls,91.41109561538315,2.9758988135197932e-05,2.255813182811932e-05,4.835752324194528e-05
kan-fosls,91.87633184412935,2.813279897366349e-05,2.249410364155731e-05,4.728932279558088e-05
kan-fosls,92.34156807287557,2.7598747370280815e-05,2.1425239938813347e-05,3.738211629732327e-05
kan-fosls,92.8068043016218,2.7631538447096406e-05,1.9774276683207193e-05,4.087818848718099e-05
kan-fosls,93.272040530368,2.5059321069047e-05,1.9238710032503622e-05,3.7657788841839176e-05
kan-fosls,93.73727675911422,2.5728052936540807e-05,1.8788997421099605e-05,3.0547579284799787e-05
kan-fosls,94.20251298786044,2.4731338938484027e-05,2.2471164248377163e-05,3.105211483811558e-05
kan-fosls,94.66774921660667,2.5849557972602813e-05,2.0041748081057976e-05,3.1463172451133e-05
kan-fosls,95.13298544535289,2.5295861131777726e-05,1.746852363940991e-05,4.0455180653888826e-05
kan-fosls,95.5982216740991,2.5399776854470277e-05,2.1451067861918953e-05,3.6412377111039705e-05
kan-fosls,96.06345790284531,2.6048886952559445e-05,2.055300705193523e-05,3.486781136826984e-05
kan-fosls,96.52869413159154,2.641788059549182e-05,2.065870279900693e-05,3.644908787908755e-05
kan-fosls,96.99393036033774,2.524948778305772e-05,2.2920624404982516e-05,3.4274548011938445e-05
kan-fosls,97.45916658908396,2.552655450356345e-05,2.061616892437287e-05,4.17121534654048e-05
kan-fosls,97.92440281783018,2.4694016069383316e-05,2.0756465628196057e-05,4.289689494425038e-05
kan-fosls,98.3896390465764,2.3534733943015065e-05,1.988650514081583e-05,4.408163642309595e-05
kan-fosls,98.85487527532263,2.236189402725379e-05,1.948093230351923e-05,4.030656260984552e-05
kan-fosls,99.32011150406883,2.3284265428233093e-05,1.842067865000169e-05,3.1907605968914896e-05
kan-fosls,99.78534773281505,2.291535494609656e-05,1.712841628142573e-05,2.863748021691733e-05
kan-fosls,100.25058396156128,2.328348507821249e-05,1.7644656560437256e-05,2.9527940480595525e-05
kan-fosls,100.71582019030748,2.25519207063873e-05,1.6417256316447547e-05,3.1708622639884084e-05
kan-fosls,101.1810564190537,2.3028961069554137e-05,1.7808546229278534e-05,3.5603429991070986e-05
kan-fosls,101.64629264779992,2.375533269587161e-05,1.9561706699257525e-05,3.534764921710356e-05
kan-fosls,102.11152887654615,2.4530715145037045e-05,1.9919112601994633e-05,4.0805359619908315e-05
kan-fosls,102.57676510529237,2.4812482142930106e-05,2.0389448196059263e-05,3.617330596896473e-05
kan-fosls,103.04200133403857,2.4013846870168967e-05,1.987238409357967e-05,3.0073769325282456e-05
kan-fosls,103.5072375627848,2.2800328305040575e-05,1.935531999110006e-05,2.9644974385528395e-05
kan-fosls,103.97247379153102,2.1982392038578772e-05,1.860168796078828e-05,3.491221601062455e-05
kan-fosls,104.43771002027722,2.1053176824771835e-05,1.6811883521450146e-05,4.079262827660012e-05
kan-fosls,104.90294624902344,2.2085941967085526e-05,1.8704096508385392e-05,3.173371806869654e-05
kan-fosls,105.36818247776966,2.2029783914230016e-05,1.802917186918502e-05,2.5872349083666113e-05
kan-fosls,105.83341870651589,2.2474721714911546e-05,1.7169830285599203e-05,3.145469547439737e-05
kan-fosls,106.2986549352621,2.0648621397074695e-05,1.723109166700756e-05,5.924792802841161e-05
kan-fosls,106.76389116400831,1.984411671363498e-05,1.7292353048415914e-05,8.463545279849105e-05
kan-fosls,107.22912739275453,2.240422410779723e-05,1.6333096114240875e-05,5.784042658440481e-05
kan-fosls,107.69436362150076,2.2644078771480213e-05,1.5060024737858448e-05,3.14348452668665e-05
kan-fosls,108.15959985024696,1.984541246800145e-05,1.7021806268306936e-05,3.717498792679168e-05
kan-fosls,108.62483607899318,2.080232402090705e-05,1.8517556623210437e-05,3.57213207271129e-05
kan-fosls,109.0900723077394,2.1079905784519525e-05,1.683021005189059e-05,2.9155902852342477e-05
kan-fosls,109.55530853648563,2.161755792964836e-05,1.804368952602193e-05,2.4170685529033012e-05
kan-fosls,110.02054476523185,2.1674542787544328e-05,1.7847718297503786e-05,3.156872205621946e-05
kan-fosls,110.48578099397805,2.1674487062643807e-05,1.654159364773906e-05,3.177679741235006e-05
kan-fosls,110.95101722272427,2.082006318621681e-05,1.5877141253917817e-05,2.8306929288175917e-05
kan-fosls,111.4162534514705,1.8754321777425875e-05,1.530480942454742e-05,2.8838220292304672e-05
kan-fosls,111.8814896802167,1.783918560007633e-05,1.5397982708772394e-05,2.6394385199927024e-05
kan-fosls,112.34672590896292,1.8195047998925175e-05,1.5450538165557087e-05,2.311637691616986e-05
kan-fosls,112.81196213770914,1.820046868733502e-05,1.60483723299453e-05,2.216515005769926e-05
kan-fosls,113.27719836645537,1.7880354769156176e-05,1.6787293554888402e-05,2.2896569158859883e-05
kan-fosls,113.74243459520159,1.8365314895222898e-05,1.549599277389517e-05,2.421039988327826e-05
kan-fosls,114.2076708239478,1.9141931371635714e-05,1.608990649372688e-05,2.2350927787429645e-05
kan-fosls,114.67290705269401,1.9280726876035197e-05,1.7411004879069947e-05,2.434825343637731e-05
kan-fosls,115.13814328144024,2.0637987566316802e-05,1.771197104001081e-05,2.362420438168362e-05
kan-fosls,115.60337951018644,2.019011116205893e-05,1.8034036640146047e-05,3.007769465764869e-05
kan-fosls,116.06861573893266,2.0723330822617928e-05,1.398297259113219e-05,3.664475589612094e-05
kan-fosls,116.53385196767888,2.087613871285197e-05,1.7313716521571732e-05,3.1226895757215915e-05
kan-fosls,116.9990881964251,2.0362133373706064e-05,1.6827339058031942e-05,2.8420791435623864e-05
kan-fosls,117.46432442517133,2.14910182161502e-05,1.5929097343766815e-05,2.6409751848372078e-05
kan-fosls,117.92956065391753,2.057926556465701e-05,1.549170100781679e-05,2.3439236940783522e-05
kan-fosls,118.39479688266375,1.961922839589624e-05,1.5152044426988818e-05,2.237064818316781e-05
kan-fosls,118.86003311140998,1.9710366061581085e-05,1.553161941105045e-05,2.48013010877551e-05
kan-fosls,119.32526934015618,1.8872523602086525e-05,1.5911194395112072e-05,3.265803181002145e-05
kan-fosls,119.7905055689024,1.7917169375045454e-05,1.62660113597497e-05,3.633766494665395e-05
kan-fosls,120.25574179764862,1.6695984631237227e-05,1.5465730907075358e-05,2.932300160448036e-05
kan-fosls,120.72097802639485,1.555022240323774e-05,1.3753683469637958e-05,2.230833826230678e-05
kan-fosls,121.18621425514107,1.6991063888887467e-05,1.4074364381068636e-05,2.031322198091327e-05
kan-fosls,121.65145048388727,1.686673778421882e-05,1.4395045292499305e-05,2.4693800513917167e-05
kan-fosls,122.1166867126335,1.7875740386051588e-05,1.4701078224390358e-05,2.5109070901159645e-05
kan-fosls,122.58192294137972,1.820621972907739e-05,1.601164524171293e-05,2.1894297003855555e-05
kan-fosls,123.04715917012592,1.813992332469228e-05,1.562819265240028e-05,2.0625039317611887e-05
kan-fosls,123.51239539887214,1.874517559338985e-05,1.5864133963088773e-05,2.2397550981229045e-05
kan-fosls,123.97763162761836,1.7655285169761516e-05,1.630505033383832e-05,2.7128778872163117e-05
kan-fosls,124.44286785636459,1.753590834676401e-05,1.6392034096774986e-05,2.884951412327723e-05
kan-fosls,124.9081040851108,1.772763187339134e-05,1.5895797921738227e-05,2.3205181891474212e-05
kan-fosls,125.37334031385701,1.7622456874006897e-05,1.5503115833264242e-05,1.9364046593943435e-05
kan-fosls,125.83857654260323,1.7117634474689183e-05,1.566455664030265e-05,1.8098035754344125e-05
kan-fosls,126.30381277134946,1.6482047451240934e-05,1.5113384737576493e-05,1.9062371128716597e-05
kan-fosls,126.76904900009566,1.7244267351920163e-05,1.4725235844181761e-05,1.948707210791945e-05
kan-fosls,127.23428522884188,1.7957818781649842e-05,1.4714395160536e-05,2.1591383265315857e-05
kan-fosls,127.6995214575881,1.904909480031905e-05,1.4848560225993284e-05,2.325317802890886e-05
kan-fosls,128.16475768633433,1.904541395213103e-05,1.571025460737364e-05,2.221963105454428e-05
kan-fosls,128.62999391508055,1.73979531233086e-05,1.49303299630796e-05,2.4101004278933377e-05
kan-fosls,129.09523014382677,1.6879744232359936e-05,1.4732166439187716e-05,2.512900530262457e-05
kan-fosls,129.560466372573,1.7614373161866917e-05,1.4018770541157552e-05,2.0660717424440573e-05
kan-fosls,130.02570260131918,1.7108409518538295e-05,1.2927765798103328e-05,2.0464181968249973e-05
kan-fosls,130.4909388300654,1.652509750947016e-05,1.4512776936975082e-05,2.077592725872139e-05
kan-fosls,130.95617505881162,1.5499891190399043e-05,1.407165154084753e-05,2.108767254919281e-05
kan-fosls,131.42141128755785,1.5781387452283748e-05,1.425882075741658e-05,2.0037528192350736e-05
kan-fosls,131.88664751630407,1.5645005829860544e-05,1.4182353987083038e-05,2.01772812035865e-05
kan-fosls,132.3518837450503,1.5920810233145198e-05,1.3527167628330778e-05,2.1780363976656433e-05
kan-fosls,132.8171199737965,1.6088185166123393e-05,1.3868174010043083e-05,1.77762114289309e-05
kan-fosls,133.2823562025427,1.4793165834757485e-05,1.343175881216082e-05,1.7701365151628256e-05
kan-fosls,133.74759243128892,1.5064250530008889e-05,1.3193348320309816e-05,1.8734027676218275e-05
kan-fosls,134.21282866003514,1.6008133824782202e-05,1.4258671570544912e-05,2.1666011044912413e-05
kan-fosls,134.67806488878136,1.618084241534014e-05,1.4214003300176367e-05,2.4507337485790796e-05
kan-fosls,135.14330111752759,1.530929081738855e-05,1.3872562071007608e-05,2.0610668777699704e-05
kan-fosls,135.6085373462738,1.428881503288966e-05,1.3480696007334028e-05,1.7567492398244015e-05
kan-fosls,136.07377357502003,1.445101576656717e-05,1.348749694162444e-05,1.7049657278807596e-05
kan-fosls,136.53900980376625,1.5406704388728773e-05,1.3818662700770786e-05,1.623357835214626e-05
kan-fosls,137.00424603251247,1.567158760243306e-05,1.3056419522325613e-05,1.6933898230149845e-05
kan-fosls,137.46948226125866,1.5447505703354663e-05,1.3036166629817453e-05,1.9201549495970526e-05
kan-fosls,137.93471849000488,1.5038019442384637e-05,1.3015913737309291e-05,2.169702989737487e-05
kan-fosls,138.3999547187511,1.4876401850155839e-05,1.3799647524578019e-05,2.0020865888039975e-05
kan-fosls,138.86519094749733,1.4833506204346854e-05,1.4044395543751395e-05,1.838426820664465e-05
kan-fosls,139.33042717624355,1.5256813592217505e-05,1.3253479422200891e-05,2.0186731360579224e-05
kan-fosls,139.79566340498977,1.5598632712503086e-05,1.3300658299463333e-05,1.7556747462999708e-05
kan-fosls,140.260899633736,1.5197880937937612e-05,1.2815586254448831e-05,1.6779247330847012e-05
kan-fosls,140.72613586248218,1.4770908860554996e-05,1.2725703756504506e-05,1.68285583575914e-05
kan-fosls,141.1913720912284,1.4725154904775993e-05,1.2767354268217469e-05,1.7251702835569114e-05
kan-fosls,141.65660831997462,1.4939025507097345e-05,1.3078250706016452e-05,1.7896261481475845e-05
kan-fosls,142.12184454872084,1.5336021374596737e-05,1.2845924033095645e-05,1.7321862753037742e-05
kan-fosls,142.58708077746707,1.505305556158591e-05,1.2405951452301357e-05,1.700147856304154e-05
kan-fosls,143.0523170062133,1.4817178894432834e-05,1.2671510261077846e-05,1.743254036627186e-05
kan-fosls,143.5175532349595,1.4297588416806422e-05,1.2332918172118302e-05,1.7398508883591318e-05
kan-fosls,143.98278946370573,1.4028419842974599e-05,1.1994326083158758e-05,1.712657780733259e-05
kan-fosls,144.44802569245195,1.4078128176329007e-05,1.231138578635306e-05,1.666736861115928e-05
kan-fosls,144.91326192119814,1.4402823621995002e-05,1.2794457389760728e-05,1.76916822318976e-05
kan-fosls,145.37849814994436,1.4683461363726416e-05,1.3009060683167604e-05,1.7557809884466912e-05
kan-fosls,145.84373437869058,1.4570536765425936e-05,1.2380115982756268e-05,1.700353966668486e-05
kan-fosls,146.3089706074368,1.4168638295278686e-05,1.2272868989633825e-05,1.7856759032017767e-05
kan-fosls,146.77420683618303,1.3845665671468402e-05,1.1568573897919191e-05,1.6469770242978947e-05
kan-fosls,147.23944306492925,1.4213257474434511e-05,1.229769797588383e-05,1.7965492619372867e-05
kan-fosls,147.70467929367547,1.4338946891094214e-05,1.2930928356933414e-05,1.8556141996399387e-05
kan-fosls,148.16991552242166,1.3801752269888623e-05,1.2376370702086928e-05,1.9157850132631233e-05
kan-fosls,148.63515175116788,1.4051111734102962e-05,1.1992924051850428e-05,2.005822034082005e-05
kan-fosls,149.1003879799141,1.5013636594882636e-05,1.2138270923405835e-05,1.8599145989321437e-05
kan-fosls,149.56562420866032,1.5502944832148285e-05,1.2283617794961243e-05,2.01754687765297e-05
kan-fosls,150.03086043740655,1.5729441422369067e-05,1.271380458073845e-05,1.823612566456141e-05
kan-fosls,150.49609666615277,1.5025831169613141e-05,1.2505504763777554e-05,1.6294122267149696e-05
kan-fosls,150.961332894899,1.390066692200399e-05,1.2320162184309135e-05,1.6672915919261627e-05
kan-fosls,151.4265691236452,1.4260568824446147e-05,1.257836752219788e-05,1.497747271862723e-05
kan-fosls,151.89180535239143,1.3540214328815432e-05,1.2021048272900806e-05,1.593876939456495e-05
kan-fosls,152.35704158113762,1.3828623996034972e-05,1.2058723750456066e-05,1.5616153782915643e-05
kan-fosls,152.82227780988384,1.30345086610429e-05,1.1953819396883145e-05,1.5867705837050722e-05
kan-fosls,153.28751403863006,1.3011997850656353e-05,1.1559213013853536e-05,1.678785768844175e-05
kan-fosls,153.75275026737629,1.306606279722786e-05,1.1671346415066585e-05,1.5409667240042956e-05
kan-fosls,154.2179864961225,1.3086661461451594e-05,1.189598276356002e-05,1.5478569385573514e-05
kan-fosls,154.68322272486873,1.2906059068168837e-05,1.2353460065649585e-05,1.5065323683222358e-05
kan-fosls,155.14845895361495,1.2687455103228868e-05,1.2113769193146429e-05,1.4827607692457955e-05
kan-fosls,155.61369518236114,1.2475985560395798e-05,1.188533847843849e-05,1.4896452065904544e-05
kan-fosls,156.07893141110736,1.280660312193263e-05,1.1679882482724086e-05,1.448937460487246e-05
kan-fosls,156.54416763985358,1.2874987890946555e-05,1.1575841461583509e-05,1.4082297143840375e-05
kan-fosls,157.0094038685998,1.2786788612846767e-05,1.1617357253711588e-05,1.4101428555773855e-05
kan-fosls,157.47464009734603,1.2769963664996677e-05,1.192640697349651e-05,1.4557596809675508e-05
kan-fosls,157.93987632609225,1.2720520926077875e-05,1.1747001850347137e-05,1.4483430359786028e-05
kan-fosls,158.40511255483847,1.267974316025523e-05,1.1857227096095816e-05,1.3578119344523594e-05
kan-fosls,158.8703487835847,1.2457117808966529e-05,1.1735214131279338e-05,1.4225792138320328e-05
kan-fosls,159.3355850123309,1.2500330959997816e-05,1.1483213995352348e-05,1.4649235597364924e-05
kan-fosls,159.8008212410771,1.2600492464483316e-05,1.1337526579743426e-05,1.4462765190270103e-05
kan-fosls,160.26605746982332,1.2384491403315912e-05,1.1314191577879195e-05,1.4276294783175272e-05
kan-fosls,160.73129369856954,1.2366618775681518e-05,1.1290856576014966e-05,1.4073005800094589e-05
kan-fosls,161.19652992731577,1.2219685115027979e-05,1.1509581338761282e-05,1.423414691879025e-05
kan-fosls,161.661766156062,1.2074178264417527e-05,1.1716075675097573e-05,1.3921032117033214e-05
kan-fosls,162.1270023848082,1.2629542389475903e-05,1.1623358862403795e-05,1.3687029402288804e-05
kan-fosls,162.59223861355443,1.2295951325605133e-05,1.1558598452723985e-05,1.4662625906133894e-05
kan-fosls,163.05747484230062,1.2288481354598955e-05,1.1576420614737554e-05,1.6586065196969355e-05
kan-fosls,163.52271107104684,1.2085019912108987e-05,1.1289179542732098e-05,1.4802548670393886e-05
kan-fosls,163.98794729979306,1.24029976807154e-05,1.140248433019737e-05,1.2864668999845975e-05
kan-fosls,164.45318352853928,1.2181243658747412e-05,1.1391607649631313e-05,1.380077364829311e-05
kan-fosls,164.9184197572855,1.2561726539615309e-05,1.0853032204734015e-05,1.3959203729578117e-05
kan-fosls,165.38365598603173,1.2289908164444377e-05,1.1373662283523324e-05,1.3351789002895909e-05
kan-fosls,165.84889221477795,1.2080042566776245e-05,1.1150577599317859e-05,1.3767073463213373e-05
kan-fosls,166.31412844352417,1.2405121706191675e-05,1.1220899829870522e-05,1.3466603336309062e-05
kan-fosls,166.7793646722704,1.2616097157847759e-05,1.1336737484193801e-05,1.3682335178364583e-05
kan-fosls,167.24460090101658,1.2808322573543672e-05,1.1439773454960406e-05,1.375696371883337e-05
kan-fosls,167.7098371297628,1.255172883406394e-05,1.0984394454549927e-05,1.289570722366192e-05
kan-fosls,168.17507335850902,1.2025803684998146e-05,1.052901545413945e-05,1.260958548089871e-05
kan-fosls,168.64030958725525,1.173717944253629e-05,1.0636569361363238e-05,1.3069082548611792e-05
kan-fosls,169.10554581600147,1.1642188387508445e-05,1.080229722053463e-05,1.3739971839005031e-05
kan-fosls,169.5707820447477,1.1699026953129511e-05,1.1047611586503804e-05,1.3840847382791079e-05
kan-fosls,170.0360182734939,1.197219488445967e-05,1.1190490206502679e-05,1.312552772063599e-05
kan-fosls,170.5012545022401,1.2147371862511008e-05,1.0974817497934413e-05,1.4036050708869327e-05
kan-fosls,170.96649073098632,1.201773539885925e-05,1.072509977758056e-05,1.4233517485330919e-05
kan-fosls,171.43172695973254,1.1832755318635134e-05,1.1119439974728572e-05,1.3092405452001843e-05
kan-fosls,171.89696318847876,1.1789109651255984e-05,1.1181399421605674e-05,1.2382153229310218e-05
kan-fosls,172.36219941722499,1.1839099411717264e-05,1.1090404893327828e-05,1.3644866483891863e-05
kan-fosls,172.8274356459712,1.1941468310939178e-05,1.0999410365049981e-05,1.3459761461945609e-05
kan-fosls,173.29267187471743,1.1927014950753898e-05,1.1057438398746658e-05,1.3119677644572065e-05
kan-fosls,173.75790810346365,1.190575443306607e-05,1.088858943615659e-05,1.2754554468230729e-05
kan-fosls,174.22314433220987,1.1761350152580238e-05,1.1004064281321817e-05,1.2542284290815169e-05
kan-fosls,174.68838056095606,1.1636512336617828e-05,1.1214989725928293e-05,1.3373211195621745e-05
kan-fosls,175.15361678970228,1.194828983577531e-05,1.090239414475749e-05,1.4261842863738964e-05
kan-fosls,175.6188530184485,1.1515961108568293e-05,1.0764733187655896e-05,1.4078326102337775e-05
kan-fosls,176.08408924719473,1.1581206430790887e-05,1.0633895240372814e-05,1.3835632146914098e-05
kan-fosls,176.54932547594095,1.1546186492628155e-05,1.0638771693176452e-05,1.3359398763112164e-05
kan-fosls,177.01456170468717,1.1758757972895617e-05,1.053213428539799e-05,1.2604864687876375e-05
kan-fosls,177.4797979334334,1.1799783824989503e-05,1.0509504900815154e-05,1.2640102184879078e-05
kan-fosls,177.94503416217958,1.1708402934473619e-05,1.0495726811644476e-05,1.3559277094754767e-05
kan-fosls,178.4102703909258,1.1868789256134378e-05,1.0689464912493215e-05,1.4584514789755018e-05
kan-fosls,178.87550661967202,1.1817082000578456e-05,1.1123915083934761e-05,1.4405211492068768e-05
kan-fosls,179.34074284841824,1.1613056259566608e-05,1.0849932610297442e-05,1.2964848587045069e-05
kan-fosls,179.80597907716447,1.1371636471466145e-05,1.0584760447482127e-05,1.228210561524845e-05
kan-fosls,180.2712153059107,1.1339402035757347e-05,1.0784564129824059e-05,1.2207230139638598e-05
kan-fosls,180.7364515346569,1.1327402980947489e-05,1.066864575153046e-05,1.2512288358010333e-05
kan-fosls,181.20168776340313,1.1339150610464629e-05,1.0588844997011624e-05,1.305869411524116e-05
kan-fosls,181.66692399214935,1.1420613092044459e-05,1.0856258763088258e-05,1.2317429194667292e-05
kan-fosls,182.13216022089554,1.1268065013075867e-05,1.0458703967107716e-05,1.2582935930404933e-05
kan-fosls,182.59739644964176,1.0963584040328503e-05,1.0389048848143497e-05,1.282260038146892e-05
kan-fosls,183.06263267838798,1.1021934241784474e-05,1.0431479138866672e-05,1.2444753848485322e-05
kan-fosls,183.5278689071342,1.1110281617027853e-05,1.0710468463707353e-05,1.2971731871610733e-05
kan-fosls,183.99310513588043,1.142230774744863e-05,1.0571988168189527e-05,1.36554123160418e-05
kan-fosls,184.45834136462665,1.1411232242508888e-05,1.0250508822234989e-05,1.4339092760472866e-05
kan-fosls,184.92357759337287,1.1290419151636407e-05,1.0553965126097617e-05,1.3361728256324873e-05
kan-fosls,185.38881382211906,1.1263930202346333e-05,1.0505366324308168e-05,1.2340789577602697e-05
kan-fosls,185.85405005086528,1.1194755021067397e-05,1.0415468619255433e-05,1.1968215427425223e-05
kan-fosls,186.3192862796115,1.1130897773884196e-05,1.0486337182943526e-05,1.1979482018034118e-05
kan-fosls,186.78452250835772,1.1067040526700994e-05,1.0247988658121635e-05,1.1987881824394867e-05
kan-fosls,187.24975873710395,1.1023196355769005e-05,1.0641527689025092e-05,1.1992330302824788e-05
kan-fosls,187.71499496585017,1.117698456600102e-05,1.0429958999492654e-05,1.2482656854279485e-05
kan-fosls,188.1802311945964,1.1215097693210021e-05,1.0128058211124697e-05,1.2376885477592733e-05
kan-fosls,188.6454674233426,1.1302297157316285e-05,9.826157422756743e-06,1.2239423601825657e-05
kan-fosls,189.11070365208883,1.1276325778919e-05,1.0306432716346539e-05,1.2698945949259413e-05
kan-fosls,189.57593988083502,1.1119695792664712e-05,1.0404850953086152e-05,1.259070379017938e-05
kan-fosls,190.04117610958124,1.1314382242711632e-05,1.0424004294024241e-05,1.2149996512303063e-05
kan-fosls,190.50641233832746,1.129433476579039e-05,1.0509880400723049e-05,1.220346786429288e-05
kan-fosls,190.9716485670737,1.1202787328271996e-05,1.049572081886271e-05,1.2006660581652158e-05
kan-fosls,191.4368847958199,1.1062620957169576e-05,1.0245368728494648e-05,1.2388549340084056e-05
kan-fosls,191.90212102456613,1.096076266159497e-05,1.026838309650603e-05,1.2980330616218984e-05
kan-fosls,192.36735725331235,1.0936660068713595e-05,1.0291397464517411e-05,1.4026996283655171e-05
kan-fosls,192.83259348205854,1.0869407129097674e-05,1.0483163307601545e-05,1.3656424989768893e-05
kan-fosls,193.29782971080476,1.1161215340139524e-05,1.0386491672796315e-05,1.2377792877225493e-05
kan-fosls,193.76306593955098,1.1217747141543435e-05,1.0334630688016274e-05,1.2232039732474446e-05
kan-fosls,194.2283021682972,1.116003779106536e-05,1.0575388687155578e-05,1.248105602668733e-05
kan-fosls,194.69353839704343,1.1135417038625673e-05,1.0347261529174037e-05,1.25140661269338e-05
kan-fosls,195.15877462578965,1.09155955166964e-05,1.0015506921187716e-05,1.1873011172141132e-05
kan-fosls,195.62401085453587,1.0843241674916757e-05,1.0540724468151044e-05,1.1340610370690583e-05
kan-fosls,196.0892470832821,1.1145086129081842e-05,1.0434927769092092e-05,1.1739748666241517e-05
kan-fosls,196.5544833120283,1.1066566657003825e-05,1.0661985239716229e-05,1.2453214281882322e-05
kan-fosls,197.0197195407745,1.0901005537356306e-05,1.0516026312657611e-05,1.3041363123950543e-05
kan-fosls,197.48495576952072,1.0892455343204985e-05,1.0365699511993124e-05,1.3390077744805767e-05
kan-fosls,197.95019199826694,1.0730757506163884e-05,1.054781978281678e-05,1.373879236566099e-05
kan-fosls,198.41542822701317,1.0712040492390977e-05,1.0202767940816753e-05,1.3714068813772071e-05
kan-fosls,198.8806644557594,1.0649969119156655e-05,1.007128411175385e-05,1.3618189999724943e-05
kan-fosls,199.3459006845056,1.0613014124499191e-05,9.990438356706202e-06,1.3396956367990515e-05
kan-fosls,199.81113691325183,1.068913553660347e-05,1.0053685454741314e-05,1.2928676287276779e-05
kan-fosls,200.27637314199802,1.0704036345168248e-05,1.0308030085540062e-05,1.246039620656307e-05
kan-fosls,200.74160937074424,1.0814697511900338e-05,1.0173736710559633e-05,1.1848354578355064e-05
kan-fosls,201.20684559949046,1.0778080223584e-05,1.013945190844066e-05,1.1209862074768949e-05
kan-fosls,201.67208182823668,1.0616503475969335e-05,1.0105167106321689e-05,1.1355608978254936e-05
kan-fosls,202.1373180569829,1.059505969924682e-05,1.003023308606113e-05,1.1732837410178234e-05
kan-fosls,202.60255428572913,1.0716040855918973e-05,9.968863334216017e-06,1.152606430114008e-05
kan-fosls,203.06779051447535,1.052196290468978e-05,9.907493582370903e-06,1.1441647850209366e-05
kan-fosls,203.53302674322157,1.044670824939351e-05,9.95260464216724e-06,1.1521349611158165e-05
kan-fosls,203.9982629719678,1.0614641463724683e-05,9.91214342012457e-06,1.1309128883082386e-05
kan-fosls,204.46349920071398,1.0771067671139311e-05,9.93647508321687e-06,1.150592710976903e-05
kan-fosls,204.9287354294602,1.0799005114730248e-05,9.951401645365848e-06,1.259237093330753e-05
kan-fosls,205.39397165820642,1.0846076444590452e-05,1.000122859681968e-05,1.3289644404678713e-05
kan-fosls,205.85920788695265,1.0810900230205996e-05,1.0225677835262066e-05,1.299847849901254e-05
kan-fosls,206.32444411569887,1.0687300348963725e-05,1.0313602602769326e-05,1.1914551177818911e-05
kan-fosls,206.7896803444451,1.0639978502057881e-05,1.0152923732448162e-05,1.1253250637130215e-05
kan-fosls,207.2549165731913,1.069361777702312e-05,1.0095075105058587e-05,1.1072563141221594e-05
kan-fosls,207.7201528019375,1.0554816995876592e-05,1.0062979877240149e-05,1.1351221958234402e-05
kan-fosls,208.18538903068372,1.0711123518275441e-05,1.0238993934518453e-05,1.1538793453866834e-05
kan-fosls,208.65062525942994,1.0775447589627933e-05,1.0009727037172402e-05,1.1623901468125396e-05
kan-fosls,209.11586148817617,1.0826016595755143e-05,1.0028140112572097e-05,1.1709009482383958e-05
kan-fosls,209.5810977169224,1.0672695862617462e-05,1.0143113906248751e-05,1.1418556056719551e-05
kan-fosls,210.0463339456686,1.059532793807789e-05,1.0135459142985051e-05,1.1117374188191046e-05
kan-fosls,210.51157017441483,1.0585039673064372e-05,1.0269281151325946e-05,1.0941941268089765e-05
kan-fosls,210.97680640316105,1.0691564022480128e-05,9.92171821731677e-06,1.0908449869532849e-05
kan-fosls,211.44204263190727,1.060791138314646e-05,9.863120611389532e-06,1.0937484268147867e-05
kan-fosls,211.90727886065346,1.0417166468888823e-05,9.932663668973367e-06,1.1036811128811032e-05
kan-fosls,212.37251508939968,1.0270545330174065e-05,9.83120785837005e-06,1.1136137989474202e-05
kan-fosls,212.8377513181459,1.0348536157415106e-05,1.0049731827955728e-05,1.1093877897892323e-05
kan-fosls,213.30298754689213,1.0450001858181794e-05,1.0039701140573231e-05,1.1061932873550727e-05
kan-fosls,213.76822377563835,1.0574710947828251e-05,1.0029670453190732e-05,1.1414686659580352e-05
kan-fosls,214.23346000438457,1.038389521105918e-05,9.88463277864483e-06,1.1191185838912665e-05
kan-fosls,214.6986962331308,1.0480405727413304e-05,9.667827354364216e-06,1.1120236044773902e-05
kan-fosls,215.16393246187698,1.034446221083147e-05,9.791968722220636e-06,1.1015325153992747e-05
kan-fosls,215.6291686906232,1.0141701490768122e-05,9.81861169102981e-06,1.1521077083586678e-05
kan-fosls,216.09440491936942,1.0157636384506038e-05,9.86932480327877e-06,1.202682901318061e-05
kan-fosls,216.55964114811565,1.0342132566731196e-05,9.85137106688333e-06,1.1695115369653867e-05
kan-fosls,217.02487737686187,1.0445277544298236e-05,9.856664618547092e-06,1.1333006544599706e-05
kan-fosls,217.4901136056081,1.0405732123603205e-05,9.915779948877785e-06,1.1340033163067446e-05
kan-fosls,217.9553498343543,1.0376221639042633e-05,9.983664477200096e-06,1.1477531448068365e-05
kan-fosls,218.42058606310053,1.0228424277990073e-05,1.0040981579467173e-05,1.1138128644513608e-05
kan-fosls,218.88582229184675,1.0248742492923228e-05,1.0062486960528316e-05,1.0827947370465867e-05
kan-fosls,219.35105852059294,1.0362392665750475e-05,9.995017272685559e-06,1.0806995666471914e-05
kan-fosls,219.81629474933916,1.0572348439289479e-05,9.920180822400047e-06,1.09031848147596e-05
kan-fosls,220.28153097808539,1.063619276608856e-05,9.858864372185067e-06,1.1112376913775916e-05
kan-fosls,220.7467672068316,1.0593581332923096e-05,9.770336598235342e-06,1.151082430689155e-05
kan-fosls,221.21200343557783,1.0522929860156337e-05,9.632569702788515e-06,1.0938299375702843e-05
kan-fosls,221.67723966432405,1.0290741395499028e-05,9.533547053738031e-06,1.0708969732071344e-05
kan-fosls,222.14247589307027,1.0239668343080225e-05,9.563932423986928e-06,1.0727396666796187e-05
kan-fosls,222.60771212181646,1.020039936880459e-05,9.594317794235826e-06,1.0770264936967693e-05
kan-fosls,223.07294835056268,1.0240208830216717e-05,9.790380931152134e-06,1.0832646492962651e-05
kan-fosls,223.5381845793089,1.0356456250185558e-05,9.937805544351331e-06,1.0625250789920844e-05
kan-fosls,224.00342080805513,1.0262580301966921e-05,9.977987699451045e-06,1.061683477723211e-05
kan-fosls,224.46865703680135,1.0349040765110748e-05,9.85616809188818e-06,1.062552080120757e-05
kan-fosls,224.93389326554757,1.0388079734287375e-05,9.63990964360888e-06,1.0666864847595116e-05
kan-fosls,225.3991294942938,1.0324762890068141e-05,9.607760428330137e-06,1.0757391833851582e-05
kan-fosls,225.86436572304,1.0322009577688091e-05,9.653542559335984e-06,1.0722418773402521e-05
kan-fosls,226.32960195178623,1.0266344963904362e-05,9.726374912566246e-06,1.0913932077126498e-05
kan-fosls,226.79483818053242,1.0122576809218955e-05,9.739812547726073e-06,1.0916296629929428e-05
kan-fosls,227.26007440927864,1.0081015273198791e-05,9.594784070823108e-06,1.0918661182732355e-05
kan-fosls,227.72531063802487,1.002300414383709e-05,9.758673260150632e-06,1.071384400992996e-05
kan-fosls,228.1905468667711,1.0157306928714154e-05,9.565741078580786e-06,1.0679912911257752e-05
kan-fosls,228.6557830955173,1.0220837842186028e-05,9.55477881481076e-06,1.0641743438858915e-05
kan-fosls,229.12101932426353,1.0299430676311584e-05,9.738718142649921e-06,1.0546478100816617e-05
kan-fosls,229.58625555300975,1.03858607946042e-05,9.752337854735846e-06,1.0915902575578924e-05
kan-fosls,230.05149178175594,1.0392656919790495e-05,9.679122433201979e-06,1.1155705756873354e-05
kan-fosls,230.51672801050216,1.02489140350067e-05,9.53171002631889e-06,1.1464864436309947e-05
kan-fosls,230.98196423924838,1.0162879566189812e-05,9.384297619435804e-06,1.1774023115746538e-05
kan-fosls,231.4472004679946,1.0169300177731739e-05,9.439863051900255e-06,1.1438246440688993e-05
kan-fosls,231.91243669674083,1.0139602384406952e-05,9.503531942692575e-06,1.058669917956951e-05
kan-fosls,232.37767292548705,1.0014868563970945e-05,9.565652854963916e-06,1.0629873927859808e-05
kan-fosls,232.84290915423327,1.0024533744828328e-05,9.626010396940948e-06,1.0596393862685017e-05
kan-fosls,233.3081453829795,1.013518537062951e-05,9.686367938917981e-06,1.0601021098339934e-05
kan-fosls,233.7733816117257,1.0088340109676661e-05,9.68050128800971e-06,1.03636918214974e-05
kan-fosls,234.2386178404719,1.0113059238205275e-05,9.672730500074432e-06,1.0412985257770106e-05
kan-fosls,234.70385406921812,1.0095754725976139e-05,9.581557297604618e-06,1.0478174968090924e-05
kan-fosls,235.16909029796435,1.0107082296957782e-05,9.448235502574388e-06,1.0598212211422951e-05
kan-fosls,235.63432652671057,1.0064886451641773e-05,9.396981732406026e-06,1.0785149565567904e-05
kan-fosls,236.0995627554568,9.943262894728742e-06,9.5130999393628e-06,1.0736016065068379e-05
kan-fosls,236.564798984203,9.821110329345333e-06,9.422554409320941e-06,1.0686882564568854e-05
kan-fosls,237.03003521294923,9.985910940917699e-06,9.340132105294501e-06,1.0678948560736323e-05
kan-fosls,237.49527144169542,1.0098821621601472e-05,9.4782470731627e-06,1.0689913936317384e-05
kan-fosls,237.96050767044164,1.0125370049990256e-05,9.616362041030907e-06,1.076297950572236e-05
kan-fosls,238.42574389918786,1.0055639402350156e-05,9.607759149081738e-06,1.0702138965711287e-05
kan-fosls,238.89098012793409,9.943452730874712e-06,9.598057192334865e-06,1.0385194022620678e-05
kan-fosls,239.3562163566803,9.880718266743592e-06,9.605960430343471e-06,1.0276416107146763e-05
kan-fosls,239.82145258542653,1.0035508897890272e-05,9.44068594308806e-06,1.0258294514334049e-05
kan-fosls,240.28668881417275,1.0002641763665705e-05,9.370758415529444e-06,1.0697428808800315e-05
kan-fosls,240.75192504291897,9.95666683895669e-06,9.465006425961749e-06,1.060855647080197e-05
kan-fosls,241.2171612716652,9.932415880363256e-06,9.559254436394054e-06,1.0592136329770768e-05
kan-fosls,241.68239750041138,9.947053672097397e-06,9.586401570077307e-06,1.0567921498068231e-05
kan-fosls,242.1476337291576,1.000960417947996e-05,9.57877211591642e-06,1.0466474325362649e-05
kan-fosls,242.61286995790383,9.986496803613438e-06,9.616071204868369e-06,1.0522075292663848e-05
kan-fosls,243.07810618665005,1.0095181724042255e-05,9.663687015796336e-06,1.0401116613841202e-05
kan-fosls,243.54334241539627,1.0005486392739541e-05,9.59550152208335e-06,1.0790209021209497e-05
kan-fosls,244.0085786441425,9.905299139000558e-06,9.461965721612838e-06,1.0447919170860238e-05
kan-fosls,244.4738148728887,9.738348297342814e-06,9.401693058716269e-06,1.0371846873122284e-05
kan-fosls,244.9390511016349,9.74101559588317e-06,9.295212213340682e-06,1.0453255051366796e-05
kan-fosls,245.40428733038112,9.782643963209158e-06,9.225869279946796e-06,1.0817644840224088e-05
kan-fosls,245.86952355912734,9.918494138127655e-06,9.15652634655291e-06,1.118203462908138e-05
kan-fosls,246.33475978787357,9.876948327879208e-06,9.399071796358424e-06,1.0702253660827166e-05
kan-fosls,246.7999960166198,9.8708283133599e-06,9.508985743269774e-06,1.059329382141122e-05
kan-fosls,247.265232245366,9.757834208808197e-06,9.451022940790919e-06,1.0600406912654044e-05
kan-fosls,247.73046847411223,9.831376729611487e-06,9.44962929132665e-06,1.052926132104462e-05
kan-fosls,248.19570470285845,9.905602748671916e-06,9.299952507109521e-06,1.0405888500873884e-05
kan-fosls,248.66094093160467,1.0049347941639545e-05,9.446885914811876e-06,1.0296267352817564e-05
kan-fosls,249.12617716035086,9.946567537934443e-06,9.530480615122494e-06,1.0305499429602158e-05
kan-fosls,249.59141338909708,9.890323419274372e-06,9.609777965184105e-06,1.0314731506386753e-05
kan-fosls,250.0566496178433,9.967401942564957e-06,9.600666504366112e-06,1.0383629553217456e-05
kan-fosls,250.52188584658953,1.0024220796820981e-05,9.591555043548117e-06,1.0490943484000897e-05
kan-fosls,250.98712207533575,9.995106267371084e-06,9.507622147265203e-06,1.0607898609560876e-05
kan-fosls,251.45235830408197,9.923477723720459e-06,9.324695910261187e-06,1.0371715717298286e-05
kan-fosls,251.9175945328282,9.959257386096766e-06,9.262380905636504e-06,1.0178850224840711e-05
kan-fosls,252.38283076157438,9.914028091023572e-06,9.332136781103379e-06,1.0701825446621277e-05
kan-fosls,252.8480669903206,9.982855304975652e-06,9.401892656570256e-06,1.108379887736403e-05
kan-fosls,253.31330321906682,9.990350246921429e-06,9.432472280889939e-06,1.0658620712225138e-05
kan-fosls,253.77853944781305,9.999214022968209e-06,9.36390145871149e-06,1.0523098082624727e-05
kan-fosls,254.24377567655927,9.995206887691259e-06,9.289182032420576e-06,1.0490163914886841e-05
kan-fosls,254.7090119053055,9.95177483363329e-06,9.532115186780991e-06,1.047280051868141e-05
kan-fosls,255.1742481340517,1.0024048175883494e-05,9.56883845790397e-06,1.048431542810668e-05
kan-fosls,255.63948436279793,1.0033063221616395e-05,9.567159540689238e-06,1.0488361305601453e-05
kan-fosls,256.10472059154415,9.871380495550643e-06,9.400253194967025e-06,1.0435261392532942e-05
kan-fosls,256.5699568202904,9.980658726665074e-06,9.373890286422986e-06,1.0444991702976219e-05
kan-fosls,257.0351930490366,9.949736347484698e-06,9.388515264976844e-06,1.0544177122146158e-05
kan-fosls,257.5004292777828,9.88497106848638e-06,9.312293679909869e-06,1.07164085877959e-05
kan-fosls,257.96566550652904,9.955547038793833e-06,9.29224839253441e-06,1.0630890371070717e-05
kan-fosls,258.4309017352752,9.856861613186307e-06,9.312893342683728e-06,1.0539492868880722e-05
kan-fosls,258.8961379640214,9.909095999131678e-06,9.335865262310146e-06,1.0509325007897543e-05
kan-fosls,259.36137419276764,1.0048288372208602e-05,9.384094546428131e-06,1.0585658071794952e-05
kan-fosls,259.82661042151386,9.996659635036589e-06,9.432323830546116e-06,1.0692227928732836e-05
kan-fosls,260.2918466502601,1.0012115917934323e-05,9.38325884351824e-06,1.0495620191483635e-05
kan-fosls,260.7570828790063,1.0041876821602855e-05,9.332678654597886e-06,1.0213620557574687e-05
kan-fosls,261.2223191077525,9.869499457315763e-06,9.354410234763595e-06,1.0087293940065808e-05
kan-fosls,261.68755533649875,9.78001357074277e-06,9.435874191523414e-06,1.0125342030548813e-05
kan-fosls,262.15279156524497,9.730556754388496e-06,9.49499703099969e-06,1.0188265241900158e-05
kan-fosls,262.6180277939912,9.690153938400262e-06,9.425173467602777e-06,1.0412886551215444e-05
kan-fosls,263.0832640227374,9.848899996950735e-06,9.342078938038167e-06,1.0637507860530731e-05
kan-fosls,263.54850025148363,9.950467421767653e-06,9.28795173421876e-06,1.0712097143364762e-05
kan-fosls,264.01373648022985,9.938076080659436e-06,9.256584090138968e-06,1.0699138666413647e-05
kan-fosls,264.4789727089761,9.902198997579165e-06,9.243868662372142e-06,1.0633529949605825e-05
kan-fosls,264.9442089377223,9.891643945498521e-06,9.482539124269464e-06,1.0270511784036248e-05
kan-fosls,265.40944516646846,9.83164417734759e-06,9.422844861183437e-06,1.0309262817545813e-05
kan-fosls,265.8746813952147,9.726998333139757e-06,9.330791886385259e-06,1.0228918061143031e-05
kan-fosls,266.3399176239609,9.650319186929125e-06,9.256211168496777e-06,1.0066055104557132e-05
kan-fosls,266.8051538527071,9.63534018227711e-06,9.181630450608298e-06,9.977547454650826e-06
kan-fosls,267.27039008145334,9.618620096160141e-06,9.23974030690439e-06,9.981611066641965e-06
kan-fosls,267.73562631019956,9.620910773864475e-06,9.256805990579456e-06,9.884888175456229e-06
kan-fosls,268.2008625389458,9.643814981621101e-06,9.249881974390206e-06,9.86614599715607e-06
kan-fosls,268.666098767692,9.663685069570744e-06,9.267857003024223e-06,9.949354628207973e-06
kan-fosls,269.1313349964382,9.659697555493189e-06,9.199968418002473e-06,1.0078037087924426e-05
kan-fosls,269.59657122518445,9.711818146206889e-06,9.339008158540582e-06,9.959736588335167e-06
kan-fosls,270.06180745393067,9.65408085572811e-06,9.388884524450089e-06,9.842123685131691e-06
kan-fosls,270.5270436826769,9.581065079896288e-06,9.371326457419361e-06,9.92423822234632e-06
kan-fosls,270.9922799114231,9.634746396453377e-06,9.310323672954232e-06,9.89678142798913e-06
kan-fosls,271.45751614016933,9.629712019724161e-06,9.253688603594455e-06,9.877352786859359e-06
kan-fosls,271.92275236891555,9.665168235568363e-06,9.229890791188155e-06,9.83889590194182e-06
kan-fosls,272.3879885976618,9.644332205258749e-06,9.206092978781858e-06,9.906759494975803e-06
kan-fosls,272.853224826408,9.565142237024117e-06,9.227728518831439e-06,9.923443227998269e-06
kan-fosls,273.31846105515416,9.617058140156443e-06,9.268947795089745e-06,9.852799874995474e-06
kan-fosls,273.7836972839004,9.646796860227333e-06,9.279916185866274e-06,9.802311871863804e-06
kan-fosls,274.2489335126466,9.585420677867731e-06,9.197538645328135e-06,9.771310049912224e-06
kan-fosls,274.7141697413928,9.495032952894705e-06,9.090017109225098e-06,9.840770855382946e-06
kan-fosls,275.17940597013904,9.575853364994958e-06,9.173837629886878e-06,9.83304333505753e-06
kan-fosls,275.64464219888526,9.631541235809795e-06,9.359968351096848e-06,9.884162198399838e-06
kan-fosls,276.1098784276315,9.60321585512296e-06,9.301173265970068e-06,1.0017805687325244e-05
kan-fosls,276.5751146563777,9.616197150913163e-06,9.259116058299163e-06,9.863014238751788e-06
kan-fosls,277.0403508851239,9.563622079452834e-06,9.129655453888998e-06,9.903268474608879e-06
kan-fosls,277.50558711387015,9.577950955496899e-06,9.20356112510369e-06,9.940499607712326e-06
kan-fosls,277.97082334261637,9.582495772666007e-06,9.412458503115175e-06,9.871439173808317e-06
kan-fosls,278.4360595713626,9.572117484239336e-06,9.49336153568963e-06,1.0026724168536635e-05
kan-fosls,278.9012958001088,9.595242869745874e-06,9.431712623113654e-06,9.85559376344995e-06
kan-fosls,279.36653202885503,9.548566267509152e-06,9.312650331991873e-06,1.0203705003507805e-05
kan-fosls,279.83176825760125,9.533347680181413e-06,9.251943827585755e-06,1.0150502786213845e-05
kan-fosls,280.2970044863474,9.580083366116429e-06,9.223428907180044e-06,9.806345910209004e-06
kan-fosls,280.76224071509364,9.531979058682966e-06,9.189466056719628e-06,1.0155621529339075e-05
kan-fosls,281.22747694383986,9.536774646315479e-06,9.129490227697027e-06,1.0085704692569679e-05
kan-fosls,281.6927131725861,9.516989808578716e-06,9.069514398674427e-06,9.79623469660107e-06
kan-fosls,282.1579494013323,9.493337176418242e-06,9.120208190303534e-06,9.75436618187604e-06
kan-fosls,282.6231856300785,9.519829556838695e-06,9.222264258118306e-06,9.675642515753418e-06
kan-fosls,283.08842185882474,9.510783693850434e-06,9.272092462667213e-06,9.700063214225873e-06
kan-fosls,283.55365808757097,9.476147212643218e-06,9.261598228952522e-06,9.708647489895062e-06
kan-fosls,284.0188943163172,9.414141275573266e-06,9.224706982180091e-06,9.706071403358706e-06
kan-fosls,284.4841305450634,9.41249665274403e-06,9.101089103860505e-06,9.695888367843895e-06
kan-fosls,284.94936677380963,9.49374029610083e-06,8.938801626261678e-06,9.670465381881251e-06
kan-fosls,285.41460300255585,9.532169049557775e-06,8.824606247205774e-06,9.676574792056266e-06
kan-fosls,285.87983923130207,9.420940395487028e-06,8.902555443725354e-06,9.67590803706339e-06
kan-fosls,286.3450754600483,9.383602721703467e-06,8.980504640244935e-06,9.79660666135727e-06
kan-fosls,286.8103116887945,9.418914286965764e-06,9.04754989934767e-06,9.846207551855313e-06
kan-fosls,287.27554791754073,9.476911443266664e-06,9.169624716238434e-06,9.829644677456928e-06
kan-fosls,287.74078414628696,9.551869919351046e-06,9.291016284324729e-06,9.866469451006248e-06
kan-fosls,288.2060203750331,9.532096832972108e-06,9.071193221345247e-06,9.806076572922264e-06
kan-fosls,288.67125660377934,9.535071245573202e-06,8.851370158365738e-06,9.712410197806635e-06
kan-fosls,289.13649283252556,9.461172794742642e-06,8.95386460675804e-06,9.651457184780503e-06
kan-fosls,289.6017290612718,9.434044133324448e-06,9.184672230594729e-06,9.667720798608487e-06
kan-fosls,290.066965290018,9.45090775984774e-06,9.270061495251651e-06,9.69283604563423e-06
kan-fosls,290.5322015187642,9.49698258520875e-06,9.164311872146717e-06,9.715142371341837e-06
kan-fosls,290.99743774751045,9.525813973849272e-06,9.001615663542043e-06,9.687986809437245e-06
kan-fosls,291.46267397625667,9.559575444460414e-06,9.04035607278626e-06,9.724641488063929e-06
kan-fosls,291.9279102050029,9.544560818800837e-06,9.154108021336715e-06,9.777388600509398e-06
kan-fosls,292.3931464337491,9.563100575570804e-06,9.25780013931597e-06,9.874341536706145e-06
kan-fosls,292.85838266249533,9.582139372407918e-06,9.32921955946278e-06,9.910408946047126e-06
kan-fosls,293.32361889124155,9.482695401342108e-06,9.296225356387582e-06,9.733107469862573e-06
kan-fosls,293.7888551199878,9.405008852203718e-06,9.280615444749135e-06,9.654197639047663e-06
kan-fosls,294.254091348734,9.39157507646959e-06,9.290360906943514e-06,9.563093973588986e-06
kan-fosls,294.7193275774802,9.455038373646502e-06,9.241087447182576e-06,9.60718504134707e-06
kan-fosls,295.1845638062264,9.461161566580296e-06,9.208666123112484e-06,9.687854385464238e-06
kan-fosls,295.6498000349726,9.46499870771272e-06,9.080586033136474e-06,9.566147245797282e-06
kan-fosls,296.1150362637188,9.42125699261086e-06,9.013139528513944e-06,9.593420740005483e-06
kan-fosls,296.58027249246504,9.334631988923805e-06,8.96416184282949e-06,9.692307274049244e-06
kan-fosls,297.04550872121126,9.32176048563504e-06,8.947138830345341e-06,9.863738565940038e-06
kan-fosls,297.5107449499575,9.378434146143075e-06,9.013773016782456e-06,9.652487375753421e-06
kan-fosls,297.9759811787037,9.370077032845262e-06,9.080407203219573e-06,9.583171142076591e-06
kan-fosls,298.4412174074499,9.339735390552388e-06,9.097142649814933e-06,9.713554991411614e-06
kan-fosls,298.90645363619615,9.324483859857436e-06,9.099796948537018e-06,9.621173314690817e-06
kan-fosls,299.37168986494237,9.337832822911094e-06,9.107512105337568e-06,9.666192419955358e-06
kan-fosls,299.8369260936886,9.338949324075663e-06,9.0045356911707e-06,9.575421638244304e-06
kan-fosls,300.3021623224348,9.40139575662417e-06,9.077876152684768e-06,9.516055409418812e-06
kan-fosls,300.76739855118103,9.411749956046036e-06,9.151216614198833e-06,9.595379784891118e-06
kan-fosls,301.23263477992725,9.377779781519952e-06,9.125935595266514e-06,9.585141144213212e-06
kan-fosls,301.6978710086735,9.316146473607759e-06,9.057060783840827e-06,9.549493470539248e-06
kan-fosls,302.1631072374197,9.305525157579768e-06,9.080347994754033e-06,9.533267963990344e-06
kan-fosls,302.6283434661659,9.305603901349007e-06,9.114566837703279e-06,9.566195899805451e-06
kan-fosls,303.0935796949121,9.352130283197931e-06,9.150388559775598e-06,9.599123835620553e-06
kan-fosls,303.5588159236583,9.349757711842215e-06,9.190145254925602e-06,9.556613088422908e-06
kan-fosls,304.0240521524045,9.326693964510675e-06,9.126068156992581e-06,9.580325178439807e-06
kan-fosls,304.48928838115074,9.346414797380315e-06,9.216903779869433e-06,9.53146722874096e-06
kan-fosls,304.95452460989696,9.403601217502979e-06,9.216560104050347e-06,9.584386851592638e-06
kan-fosls,305.4197608386432,9.399600578387572e-06,9.207742092064832e-06,9.580733582062364e-06
kan-fosls,305.8849970673894,9.37081078830184e-06,9.217978050561274e-06,9.620959780624625e-06
kan-fosls,306.3502332961356,9.34557568288035e-06,9.197751269812545e-06,9.689775093232869e-06
kan-fosls,306.81546952488185,9.387749740802577e-06,9.228069029170545e-06,9.608792899623968e-06
kan-fosls,307.28070575362807,9.402919592183088e-06,9.193350390605248e-06,9.54117669578898e-06
kan-fosls,307.7459419823743,9.411335855282923e-06,9.15863175203995e-06,9.549950778638743e-06
kan-fosls,308.2111782111205,9.456579981146428e-06,9.145500067883954e-06,9.538548277264082e-06
kan-fosls,308.67641443986673,9.415760360138285e-06,9.073154167734362e-06,9.535645220100627e-06
kan-fosls,309.14165066861295,9.401460927552816e-06,9.104773535871114e-06,9.560180033242029e-06
kan-fosls,309.6068868973592,9.360581396292892e-06,9.136392904007866e-06,9.590405544160934e-06
kan-fosls,310.07212312610534,9.314330936875435e-06,9.154344558738975e-06,9.528399285023528e-06
kan-fosls,310.53735935485156,9.312329657713945e-06,9.148344719321235e-06,9.458969587878915e-06
kan-fosls,311.0025955835978,9.264609998505558e-06,9.121743614196575e-06,9.4486824341839e-06
kan-fosls,311.467831812344,9.30458846021177e-06,9.098168430717632e-06,9.49378069560099e-06
kan-fosls,311.9330680410902,9.254310686045443e-06,9.124572882761438e-06,9.545567578231765e-06
kan-fosls,312.39830426983644,9.200168140387806e-06,9.119392465022443e-06,9.54487498494436e-06
kan-fosls,312.86354049858267,9.222049951008073e-06,9.12041585325821e-06,9.424139630484861e-06
kan-fosls,313.3287767273289,9.222626730227676e-06,9.109899758366961e-06,9.366800540550137e-06
kan-fosls,313.7940129560751,9.270498327918299e-06,9.109093562230092e-06,9.412510250370151e-06
kan-fosls,314.25924918482133,9.288852644908687e-06,9.038313693387213e-06,9.552030612534918e-06
kan-fosls,314.72448541356755,9.364735668106088e-06,8.99993045413537e-06,9.621122582965754e-06
kan-fosls,315.18972164231377,9.41096419109116e-06,9.037352948787965e-06,9.516835448137832e-06
kan-fosls,315.65495787106,9.380097456230907e-06,9.07477544344056e-06,9.574942309672283e-06
kan-fosls,316.1201940998062,9.391800416329266e-06,8.998945882461445e-06,9.568324199496332e-06
kan-fosls,316.58543032855243,9.389866426300517e-06,8.896391211495296e-06,9.559889301609464e-06
kan-fosls,317.05066655729865,9.36859671931512e-06,8.84285595882488e-06,9.47681476171067e-06
kan-fosls,317.5159027860449,9.329910209026533e-06,8.896737439484299e-06,9.488573912213461e-06
kan-fosls,317.98113901479104,9.314701672766293e-06,8.950618920143708e-06,9.526125554709636e-06
kan-fosls,318.44637524353726,9.247270632299497e-06,9.035865848425551e-06,9.529811810803435e-06
kan-fosls,318.9116114722835,9.244093173478686e-06,9.003129853453784e-06,9.531726797260958e-06
kan-fosls,319.3768477010297,9.217145575409102e-06,9.055971553925727e-06,9.525559202297875e-06
kan-fosls,319.8420839297759,9.213753451265068e-06,9.04065047015317e-06,9.57132923993864e-06
kan-fosls,320.30732015852215,9.22754114987725e-06,8.9271883142285e-06,9.590467412601364e-06
kan-fosls,320.77255638726837,9.246531680242209e-06,8.891695386086096e-06,9.609973140656923e-06
kan-fosls,321.2377926160146,9.229958849837736e-06,8.872591567604236e-06,9.63064466292278e-06
kan-fosls,321.7030288447608,9.228119406040694e-06,8.853245968001343e-06,9.651316185188638e-06
kan-fosls,322.16826507350703,9.25678542436139e-06,8.833411762432917e-06,9.560107090314313e-06
kan-fosls,322.63350130225325,9.318496086556394e-06,8.813577556864491e-06,9.46508792426559e-06
kan-fosls,323.0987375309995,9.358409107816069e-06,8.860916275832424e-06,9.454108363241133e-06
kan-fosls,323.5639737597457,9.3688287921023e-06,8.882458984826407e-06,9.467781796900393e-06
kan-fosls,324.0292099884919,9.355393073826702e-06,8.923689530804913e-06,9.603965861057117e-06
kan-fosls,324.49444621723813,9.332358908528943e-06,8.9518400120948e-06,9.760980948711798e-06
kan-fosls,324.9596824459843,9.30535803665187e-06,8.94466320705726e-06,9.745833241360952e-06
kan-fosls,325.4249186747305,9.288012640361424e-06,8.913094886603782e-06,9.588344537123397e-06
kan-fosls,325.89015490347674,9.294568898492411e-06,8.87706492862441e-06,9.43857847047804e-06
kan-fosls,326.35539113222296,9.271857358694136e-06,8.866001279102034e-06,9.412821682585788e-06
kan-fosls,326.8206273609692,9.263870509624773e-06,8.901345466028744e-06,9.387064894693538e-06
kan-fosls,327.2858635897154,9.219938270547079e-06,8.926347239390123e-06,9.444957940804376e-06
kan-fosls,327.7510998184616,9.213843220509159e-06,8.983005989084334e-06,9.567465698303644e-06
kan-fosls,328.21633604720785,9.208700615559875e-06,8.99353026481519e-06,9.670613489417913e-06
kan-fosls,328.68157227595407,9.222864093138382e-06,8.998104400713265e-06,9.530572476539083e-06
kan-fosls,329.1468085047003,9.205738167840727e-06,9.012610114890346e-06,9.390531463660252e-06
kan-fosls,329.6120447334465,9.171211957341524e-06,8.923532070964137e-06,9.395093659353413e-06
kan-fosls,330.07728096219273,9.138347437795647e-06,8.945247264283518e-06,9.384893208299721e-06
kan-fosls,330.54251719093895,9.207246766154142e-06,8.967446567587148e-06,9.37070136495029e-06
kan-fosls,331.0077534196852,9.255988409650895e-06,8.993177951676002e-06,9.34601558258919e-06
kan-fosls,331.4729896484314,9.244413263686298e-06,9.022405728455496e-06,9.346552364307019e-06
kan-fosls,331.9382258771776,9.23323938632458e-06,9.051524700985065e-06,9.398246010023546e-06
kan-fosls,332.40346210592384,9.228322736199348e-06,9.042539595467454e-06,9.434504051877267e-06
kan-fosls,332.86869833467,9.205608632231884e-06,8.98546959144119e-06,9.47365294420486e-06
kan-fosls,333.3339345634162,9.226451436159626e-06,8.978920477774625e-06,9.486116817485534e-06
kan-fosls,333.79917079216244,9.178379247049061e-06,8.991119556411264e-06,9.471699673650419e-06
kan-fosls,334.26440702090866,9.168967851780709e-06,8.923006322441755e-06,9.45440045324852e-06
kan-fosls,334.7296432496549,9.200502164029934e-06,8.831905169090673e-06,9.452567695244436e-06
kan-fosls,335.1948794784011,9.228035209935638e-06,8.740804015739589e-06,9.491043423843857e-06
kan-fosls,335.6601157071473,9.253170262549832e-06,8.876661350995142e-06,9.529519152443277e-06
kan-fosls,336.12535193589355,9.259551927789066e-06,9.03256059192412e-06,9.447854797639807e-06
kan-fosls,336.59058816463977,9.265249041194907e-06,9.02423174743519e-06,9.426401008587753e-06
kan-fosls,337.055824393386,9.247663794257358e-06,8.982235605257536e-06,9.432476496835147e-06
kan-fosls,337.5210606221322,9.17447248806857e-06,8.942350078153581e-06,9.45245998275173e-06
kan-fosls,337.98629685087843,9.15487061552773e-06,8.960381000698866e-06,9.472443468668314e-06
kan-fosls,338.45153307962465,9.1454443085748e-06,9.011824608240393e-06,9.484713786221494e-06
kan-fosls,338.9167693083709,9.196008708683185e-06,8.96060097930733e-06,9.495468561277234e-06
kan-fosls,339.3820055371171,9.238493107106266e-06,9.042191925119651e-06,9.49940054284998e-06
kan-fosls,339.84724176586326,9.25656033813259e-06,9.048101416495385e-06,9.489792468456825e-06
kan-fosls,340.3124779946095,9.281541492666263e-06,8.967258938526617e-06,9.561101219863087e-06
kan-fosls,340.7777142233557,9.27009706409355e-06,8.88102348039622e-06,9.523859188285534e-06
kan-fosls,341.2429504521019,9.27784520222188e-06,8.786377676588515e-06,9.508817619561491e-06
kan-fosls,341.70818668084814,9.277735294314964e-06,8.859359830612432e-06,9.450004919629036e-06
kan-fosls,342.17342290959436,9.290223281318343e-06,8.892644572501799e-06,9.493821080465356e-06
kan-fosls,342.6386591383406,9.26628592886778e-06,8.879660623473371e-06,9.409145227093534e-06
kan-fosls,343.1038953670868,9.160897333472468e-06,8.864236555599135e-06,9.445205311214785e-06
kan-fosls,343.569131595833,9.149530095695905e-06,8.890653394882512e-06,9.534419032566208e-06
kan-fosls,344.03436782457925,9.202570906769384e-06,8.972102917192004e-06,9.589083995306276e-06
kan-fosls,344.49960405332547,9.246442763597364e-06,9.053552439501496e-06,9.463245176120617e-06
kan-fosls,344.9648402820717,9.2583339477278e-06,9.074853780800502e-06,9.41576419179249e-06
kan-fosls,345.4300765108179,9.237952630071559e-06,9.09220505931198e-06,9.481279986465053e-06
kan-fosls,345.89531273956413,9.201598102917134e-06,9.035034657654661e-06,9.534903600505518e-06
kan-fosls,346.36054896831035,9.214571192442859e-06,8.951044245322505e-06,9.441395337347767e-06
kan-fosls,346.8257851970566,9.20586123079215e-06,8.953960413970885e-06,9.347887074190015e-06
kan-fosls,347.2910214258028,9.227287988401164e-06,8.956876582619265e-06,9.39555234669126e-06
kan-fosls,347.75625765454896,9.23405553688778e-06,8.962330650551149e-06,9.450361637071422e-06
kan-fosls,348.2214938832952,9.244318148278387e-06,8.950568810798534e-06,9.50517092745159e-06
kan-fosls,348.6867301120414,9.208070877614837e-06,8.979371331697795e-06,9.427313329441379e-06
kan-fosls,349.1519663407876,9.199406622030739e-06,8.910102999735432e-06,9.48707212578749e-06
kan-fosls,349.61720256953384,9.170248570268342e-06,8.868139093681169e-06,9.45252179960908e-06
kan-fosls,350.08243879828007,9.14799286002568e-06,8.927204178406608e-06,9.354334752687616e-06
kan-fosls,350.5476750270263,9.176396453654658e-06,8.955390431499227e-06,9.37369803010686e-06
kan-fosls,351.0129112557725,9.128288446008606e-06,8.927989809147655e-06,9.331126731893533e-06
kan-fosls,351.47814748451873,9.107994182265802e-06,8.874640021068671e-06,9.38190484187785e-06
kan-fosls,351.94338371326495,9.103751374605591e-06,8.897142544775555e-06,9.441092135033174e-06
kan-fosls,352.40861994201117,9.138633881037942e-06,8.955927055469371e-06,9.458219308024247e-06
kan-fosls,352.8738561707574,9.162275554696568e-06,8.969087063130705e-06,9.463699791410451e-06
kan-fosls,353.3390923995036,9.15334961713558e-06,8.975255091962606e-06,9.470368015578827e-06
kan-fosls,353.80432862824983,9.122830115261422e-06,8.960705350362903e-06,9.48003931757829e-06
kan-fosls,354.26956485699606,9.108103804484246e-06,8.946155608763197e-06,9.489710619577752e-06
kan-fosls,354.7348010857422,9.108997626872366e-06,8.959374263621124e-06,9.447496542742563e-06
kan-fosls,355.20003731448844,9.161178162510311e-06,8.894600790587865e-06,9.390836753650948e-06
kan-fosls,355.66527354323466,9.172636846849696e-06,8.929265782252288e-06,9.359180952663018e-06
kan-fosls,356.1305097719809,9.152475225731993e-06,8.963421906362083e-06,9.406801465687222e-06
kan-fosls,356.5957460007271,9.154624935714728e-06,8.931792931102666e-06,9.42603845638613e-06
kan-fosls,357.0609822294733,9.18839417243756e-06,8.931386071157641e-06,9.445275447085037e-06
kan-fosls,357.52621845821955,9.276564053601031e-06,8.94085102003112e-06,9.37541705980476e-06
kan-fosls,357.99145468696577,9.18440385807654e-06,8.939235931299757e-06,9.364415202507155e-06
kan-fosls,358.456690915712,9.140302561371267e-06,8.853965490270696e-06,9.396316870594973e-06
kan-fosls,358.9219271444582,9.14923791256741e-06,8.903452988329672e-06,9.457451606153695e-06
kan-fosls,359.38716337320443,9.151387784679799e-06,8.952940486388646e-06,9.419909055912056e-06
kan-fosls,359.85239960195065,9.172850206123196e-06,8.918264686368973e-06,9.484804282311494e-06
kan-fosls,360.3176358306969,9.169151670803387e-06,8.805342710517882e-06,9.429040628252982e-06
kan-fosls,360.7828720594431,9.188512534299389e-06,8.694027034890114e-06,9.37327697419447e-06
kan-fosls,361.2481082881893,9.218757489172972e-06,8.67174454813349e-06,9.37245380044283e-06
kan-fosls,361.71334451693554,9.193590347442004e-06,8.649462061376863e-06,9.40029418107586e-06
kan-fosls,362.17858074568176,9.177157910460438e-06,8.717359323676289e-06,9.42185649608601e-06
kan-fosls,362.6438169744279,9.187066772154377e-06,8.867635022191344e-06,9.424606515557716e-06
kan-fosls,363.10905320317414,9.230313608320402e-06,8.966185318458596e-06,9.512565919989472e-06
kan-fosls,363.57428943192036,9.266426198808788e-06,8.95974520604213e-06,9.600525324421228e-06
kan-fosls,364.0395256606666,9.209116676432582e-06,8.906509751367941e-06,9.51034683648712e-06
kan-fosls,364.5047618894128,9.215813653097391e-06,8.897197772698557e-06,9.36862713943007e-06
kan-fosls,364.969998118159,9.199997500655898e-06,8.926672896511478e-06,9.340343672125647e-06
kan-fosls,365.43523434690525,9.207085824206688e-06,8.953319970249615e-06,9.367637867909097e-06
kan-fosls,365.90047057565147,9.19802518260332e-06,8.91129735113378e-06,9.390975345031604e-06
kan-fosls,366.3657068043977,9.198935215616977e-06,8.869274732017945e-06,9.399878048314801e-06
kan-fosls,366.8309430331439,9.188412593972611e-06,8.84690234480442e-06,9.400243314493331e-06
kan-fosls,367.29617926189013,9.13681096258417e-06,8.841306555031472e-06,9.35614774316223e-06
kan-fosls,367.76141549063635,9.122262341972783e-06,8.836002975385304e-06,9.328475858181053e-06
kan-fosls,368.2266517193826,9.151063058043912e-06,8.837921010886574e-06,9.327285030201387e-06
kan-fosls,368.6918879481288,9.185828745749432e-06,8.839839046387844e-06,9.282315252217659e-06
kan-fosls,369.157124176875,9.181336745517216e-06,8.872521025240156e-06,9.30365204657632e-06
kan-fosls,369.6223604056212,9.190231031778783e-06,8.931564114332295e-06,9.377791814442029e-06
kan-fosls,370.0875966343674,9.172165237210162e-06,8.975390230134181e-06,9.424939505098876e-06
kan-fosls,370.5528328631136,9.177522019213118e-06,8.925857069401749e-06,9.472087195755724e-06
kan-fosls,371.01806909185984,9.174082894972886e-06,8.894649482568675e-06,9.465682969150286e-06
kan-fosls,371.48330532060606,9.165794695051941e-06,8.888768349816602e-06,9.507203244298394e-06
kan-fosls,371.9485415493523,9.15802675296341e-06,8.898319904544503e-06,9.462035578552405e-06
kan-fosls,372.4137777780985,9.126210995570977e-06,8.893174670771632e-06,9.416867912806417e-06
kan-fosls,372.8790140068447,9.116084339184959e-06,8.880645982659149e-06,9.379108331386726e-06
kan-fosls,373.34425023559095,9.134175575003342e-06,8.821312897148103e-06,9.380186786297887e-06
kan-fosls,373.80948646433717,9.13729924240358e-06,8.83800087494194e-06,9.3811739808931e-06
kan-fosls,374.2747226930834,9.14264233903826e-06,8.913996063057124e-06,9.393229762339342e-06
kan-fosls,374.7399589218296,9.171004597744715e-06,8.982044677054394e-06,9.429521046471738e-06
kan-fosls,375.20519515057583,9.162018608704695e-06,8.939551863037266e-06,9.465812330604135e-06
kan-fosls,375.67043137932205,9.162126800663341e-06,8.892175978710566e-06,9.514201900482824e-06
kan-fosls,376.1356676080683,9.150540564182933e-06,8.776738566018885e-06,9.56537903069386e-06
kan-fosls,376.6009038368145,9.155684573122818e-06,8.732627295819064e-06,9.545819495500083e-06
kan-fosls,377.0661400655607,9.165023528502768e-06,8.688516025619242e-06,9.372414438751007e-06
kan-fosls,377.5313762943069,9.156388779390778e-06,8.750741990610735e-06,9.351432318492814e-06
kan-fosls,377.9966125230531,9.214839250071142e-06,8.893857953268562e-06,9.347673164417657e-06
kan-fosls,378.4618487517993,9.186074557313888e-06,8.94061533407336e-06,9.432876416039138e-06
kan-fosls,378.92708498054554,9.151784005455697e-06,8.847526845083635e-06,9.457533397468898e-06
kan-fosls,379.39232120929177,9.151273286877595e-06,8.774457809432307e-06,9.516553895270841e-06
kan-fosls,379.857557438038,9.189677803583123e-06,8.90091046389084e-06,9.575574393072784e-06
kan-fosls,380.3227936667842,9.190154665123023e-06,8.920185749243572e-06,9.445606227898041e-06
kan-fosls,380.7880298955304,9.167391351472562e-06,8.888180815206636e-06,9.305892058637565e-06
kan-fosls,381.25326612427665,9.17486217249736e-06,8.859956449928316e-06,9.346677165814511e-06
kan-fosls,381.71850235302287,9.207557371250928e-06,8.831732084649997e-06,9.387462272991459e-06
kan-fosls,382.1837385817691,9.20885199571719e-06,8.855581308735978e-06,9.333424535194163e-06
kan-fosls,382.6489748105153,9.189251103738708e-06,8.8752559264665e-06,9.306690184562538e-06
kan-fosls,383.11421103926153,9.16726172739374e-06,8.826772492136573e-06,9.295223289967716e-06
kan-fosls,383.57944726800775,9.175356476665678e-06,8.774691822023593e-06,9.303709597439158e-06
kan-fosls,384.044683496754,9.193164216459427e-06,8.731971684957981e-06,9.322580816222096e-06
kan-fosls,384.50991972550014,9.188167324383218e-06,8.837333828400551e-06,9.341452035005033e-06
kan-fosls,384.97515595424636,9.18251391344205e-06,8.891968067013484e-06,9.343916697387736e-06
kan-fosls,385.4403921829926,9.201160379248163e-06,8.815948824226378e-06,9.343474588580684e-06
kan-fosls,385.9056284117388,9.180254957844889e-06,8.74935764835696e-06,9.362817757210554e-06
kan-fosls,386.370864640485,9.164825731854036e-06,8.629304382113496e-06,9.418900534301804e-06
kan-fosls,386.83610086923125,9.161342298127296e-06,8.657278299788827e-06,9.474983311393052e-06
kan-fosls,387.30133709797747,9.095411010771441e-06,8.685252217464157e-06,9.403856081291503e-06
kan-fosls,387.7665733267237,9.049666711084272e-06,8.736406356517483e-06,9.388684315211693e-06
kan-fosls,388.2318095554699,9.060704692673841e-06,8.739926053910352e-06,9.372837363691376e-06
kan-fosls,388.69704578421613,9.107840518396875e-06,8.849325140440441e-06,9.35699041217106e-06
kan-fosls,389.16228201296235,9.157916051222545e-06,8.811730039245047e-06,9.33157462286825e-06
kan-fosls,389.6275182417086,9.12685149821847e-06,8.77413493804965e-06,9.377931027768146e-06
kan-fosls,390.0927544704548,9.089616188780282e-06,8.790509457154496e-06,9.426270734589523e-06
kan-fosls,390.557990699201,9.108641824890749e-06,8.83581094987886e-06,9.445323936663284e-06
kan-fosls,391.02322692794723,9.158311205582379e-06,8.769957934611361e-06,9.411206102899948e-06
kan-fosls,391.48846315669346,9.167186967713537e-06,8.625453348999298e-06,9.37708826913661e-06
kan-fosls,391.9536993854397,9.121218271860167e-06,8.713703393890633e-06,9.305394936181541e-06
kan-fosls,392.41893561418584,9.135920453102311e-06,8.727766694219586e-06,9.26419863484907e-06
kan-fosls,392.88417184293206,9.096538284588868e-06,8.722447388343925e-06,9.273858258267338e-06
kan-fosls,393.3494080716783,9.04632471461114e-06,8.716406877324472e-06,9.281778966693046e-06
kan-fosls,393.8146443004245,9.007589056899816e-06,8.706870820952783e-06,9.253023154479615e-06
kan-fosls,394.2798805291707,9.02591187028653e-06,8.697334764581095e-06,9.258356131541027e-06
kan-fosls,394.74511675791695,9.021953424789531e-06,8.690573633904927e-06,9.262926844935238e-06
kan-fosls,395.21035298666317,9.052698412400095e-06,8.68513415289272e-06,9.292288683150522e-06
kan-fosls,395.6755892154094,9.124349492744033e-06,8.68871503759493e-06,9.279932404319109e-06
kan-fosls,396.1408254441556,9.125623466308843e-06,8.731921163363966e-06,9.323132276891653e-06
kan-fosls,396.60606167290183,9.067272486264322e-06,8.70774207720363e-06,9.366030991724406e-06
kan-fosls,397.07129790164805,9.069646352394032e-06,8.706336143901379e-06,9.382590397534063e-06
kan-fosls,397.5365341303943,9.050352351168262e-06,8.818529548701946e-06,9.347193618334412e-06
kan-fosls,398.0017703591405,9.03780195887348e-06,8.930722953502513e-06,9.333603945554646e-06
kan-fosls,398.4670065878867,9.066804243056931e-06,8.911334141917184e-06,9.333450660664606e-06
kan-fosls,398.93224281663294,9.078816401319537e-06,8.851364088177092e-06,9.240827347072218e-06
kan-fosls,399.3974790453791,9.056143183635215e-06,8.81185108929928e-06,9.236916394459528e-06
kan-fosls,399.8627152741253,9.032711540922852e-06,8.912517564096051e-06,9.27726662733128e-06
kan-fosls,400.32795150287154,9.025734543701228e-06,8.973704449408752e-06,9.328397897962943e-06
kan-fosls,400.79318773161776,9.042757701844487e-06,8.951510916375806e-06,9.404052774977917e-06
kan-fosls,401.258423960364,9.06363407191214e-06,8.929317383342859e-06,9.483958950988745e-06
kan-fosls,401.7236601891102,9.071674615674148e-06,8.915619429424432e-06,9.516238275524737e-06
kan-fosls,402.1888964178564,9.059186112106643e-06,8.89967080383405e-06,9.463048601049455e-06
kan-fosls,402.65413264660265,9.037577267930497e-06,8.88372217824367e-06,9.409858926574174e-06
kan-fosls,403.11936887534887,9.020133012503513e-06,8.803630024673762e-06,9.312536299237698e-06
kan-fosls,403.5846051040951,9.055278447355717e-06,8.69478298222188e-06,9.36592756863351e-06
kan-fosls,404.0498413328413,9.09042388220792e-06,8.635595142317543e-06,9.373178025337322e-06
kan-fosls,404.51507756158753,9.075670010809052e-06,8.779824441045793e-06,9.380428482041132e-06
kan-fosls,404.98031379033375,9.052347452799964e-06,8.754964726776571e-06,9.336117048424448e-06
kan-fosls,405.44555001908,9.051960381184004e-06,8.871295342035056e-06,9.281435901730728e-06
kan-fosls,405.9107862478262,9.04230951024899e-06,8.968913779358103e-06,9.24591455884341e-06
kan-fosls,406.3760224765724,9.019346126052183e-06,8.94314691250451e-06,9.246379378851235e-06
kan-fosls,406.84125870531864,9.01520847917137e-06,8.85013345522477e-06,9.246844198859058e-06
kan-fosls,407.3064949340648,9.031721459890973e-06,8.736153631806823e-06,9.27239881226506e-06
kan-fosls,407.771731162811,9.049726361471297e-06,8.752663200460348e-06,9.302153271422952e-06
kan-fosls,408.23696739155724,9.061450600651542e-06,8.784051488957726e-06,9.309310740072498e-06
kan-fosls,408.70220362030346,9.070623863570619e-06,8.788738170366706e-06,9.277857600788628e-06
kan-fosls,409.1674398490497,9.073685451683216e-06,8.820516353440449e-06,9.246404461504759e-06
kan-fosls,409.6326760777959,9.081463440050936e-06,8.841797631012318e-06,9.217806776975274e-06
kan-fosls,410.0979123065421,9.118932620020791e-06,8.829412436008075e-06,9.286150092464547e-06
kan-fosls,410.56314853528835,9.139959673847319e-06,8.81702724100383e-06,9.263488465147705e-06
kan-fosls,411.02838476403457,9.144577126733237e-06,8.761169735899553e-06,9.290560932850701e-06
kan-fosls,411.4936209927808,9.144638585786242e-06,8.805555389170283e-06,9.24237957914805e-06
kan-fosls,411.958857221527,9.133395286581759e-06,8.799290038305486e-06,9.224486065109694e-06
kan-fosls,412.42409345027323,9.16439223028401e-06,8.78848523168242e-06,9.237814780947152e-06
kan-fosls,412.88932967901945,9.144162612283386e-06,8.777680425059352e-06,9.27396097346653e-06
kan-fosls,413.3545659077657,9.124381228519464e-06,8.791688170982785e-06,9.312496670324629e-06
kan-fosls,413.8198021365119,9.094775445984104e-06,8.81388413488054e-06,9.338738735915552e-06
kan-fosls,414.28503836525806,9.079419745802881e-06,8.821036982141834e-06,9.347098781154974e-06
kan-fosls,414.7502745940043,9.092965515062741e-06,8.785850356044812e-06,9.355458826394397e-06
kan-fosls,415.2155108227505,9.104493878391186e-06,8.750663729947793e-06,9.335666404565492e-06
kan-fosls,415.6807470514967,9.071251593372257e-06,8.700213939750565e-06,9.313218726872318e-06
kan-fosls,416.14598328024294,9.051380452849409e-06,8.645166181664578e-06,9.303873080950964e-06
kan-fosls,416.61121950898917,9.01421898730189e-06,8.623699407433157e-06,9.312854237028763e-06
kan-fosls,417.0764557377354,9.020354946056791e-06,8.68994554919799e-06,9.321835393106563e-06
kan-fosls,417.5416919664816,9.017001245309459e-06,8.756191690962825e-06,9.268427086945469e-06
kan-fosls,418.00692819522783,9.10887459257444e-06,8.750158912611993e-06,9.230133405889046e-06
kan-fosls,418.47216442397405,9.136035732033562e-06,8.723884752270746e-06,9.261343881732111e-06
kan-fosls,418.93740065272027,9.104963118943372e-06,8.721134399560737e-06,9.255427799272663e-06
kan-fosls,419.4026368814665,9.050799927686278e-06,8.770394085372788e-06,9.245690989871145e-06
kan-fosls,419.8678731102127,8.939124998184723e-06,8.8340326024919e-06,9.224635360818364e-06
kan-fosls,420.33310933895893,8.94155865800044e-06,8.831411776696588e-06,9.225827070353421e-06
kan-fosls,420.79834556770516,9.002691035853556e-06,8.752046790612522e-06,9.262204328397472e-06
kan-fosls,421.2635817964514,9.036329385792455e-06,8.663653804018723e-06,9.29052174118994e-06
kan-fosls,421.7288180251976,9.048259924413087e-06,8.650396062209274e-06,9.31883915398241e-06
kan-fosls,422.19405425394376,9.046573738654943e-06,8.65911622452399e-06,9.327196203090198e-06
kan-fosls,422.65929048269,9.020698472604656e-06,8.704936849050633e-06,9.334234928537148e-06
kan-fosls,423.1245267114362,9.042490071443085e-06,8.776241735095466e-06,9.3317756154614e-06
kan-fosls,423.5897629401824,9.100606304294515e-06,8.849392314359887e-06,9.317464696011686e-06
kan-fosls,424.05499916892865,9.056756493958369e-06,8.764095023998145e-06,9.303153776561972e-06
kan-fosls,424.52023539767487,9.018459857118646e-06,8.678797733636402e-06,9.301677589835524e-06
kan-fosls,424.9854716264211,9.007641244640473e-06,8.699224440332855e-06,9.300985331711075e-06
kan-fosls,425.4507078551673,9.000754129680366e-06,8.74472920543763e-06,9.263967054305355e-06
kan-fosls,425.91594408391353,8.995296101812128e-06,8.800501615896098e-06,9.182339587126436e-06
kan-fosls,426.38118031265975,9.001237498616238e-06,8.875376270145787e-06,9.12630294455123e-06
kan-fosls,426.846416541406,9.017793932550513e-06,8.821718921873937e-06,9.100389371561763e-06
kan-fosls,427.3116527701522,9.026209037576468e-06,8.814494551814798e-06,9.104444582302536e-06
kan-fosls,427.7768889988984,9.033748517577181e-06,8.911387158789584e-06,9.162724907311693e-06
kan-fosls,428.24212522764464,9.024309248088863e-06,8.910882667905435e-06,9.232664831085318e-06
kan-fosls,428.70736145639086,9.012661448857842e-06,8.907391752912126e-06,9.26919561709801e-06
kan-fosls,429.172597685137,9.010382041153048e-06,8.87008860952735e-06,9.30454209673098e-06
kan-fosls,429.63783391388324,8.953755566863445e-06,8.799204973592088e-06,9.284153884582768e-06
kan-fosls,430.10307014262946,8.907560722717267e-06,8.772276872358834e-06,9.222934516622146e-06
kan-fosls,430.5683063713757,8.95186739114681e-06,8.74534877112558e-06,9.225103536574476e-06
kan-fosls,431.0335426001219,8.998294852626809e-06,8.777855320559026e-06,9.232184306569175e-06
kan-fosls,431.4987788288681,9.016332023020993e-06,8.824014388137717e-06,9.250475829552295e-06
kan-fosls,431.96401505761435,9.005866693411257e-06,8.826372029985348e-06,9.289698084262573e-06
kan-fosls,432.42925128636057,9.031413955965438e-06,8.734872491601673e-06,9.3149760178917e-06
kan-fosls,432.8944875151068,9.013077714933274e-06,8.643372953218e-06,9.359539163410071e-06
kan-fosls,433.359723743853,9.054466271182226e-06,8.680318322316292e-06,9.333448275721844e-06
kan-fosls,433.82495997259923,9.058636312676006e-06,8.744795650059052e-06,9.278652952463584e-06
kan-fosls,434.29019620134545,9.057372488540873e-06,8.797594146816738e-06,9.257726541102545e-06
kan-fosls,434.7554324300917,9.080639501958622e-06,8.826181254792708e-06,9.254833320258036e-06
kan-fosls,435.2206686588379,9.073591145280478e-06,8.791853630013231e-06,9.32537515824161e-06
kan-fosls,435.6859048875841,9.0613209545029e-06,8.755189857496671e-06,9.323562690482271e-06
kan-fosls,436.15114111633034,9.038694776958734e-06,8.746795469534739e-06,9.350555990087329e-06
kan-fosls,436.61637734507656,9.042095336365036e-06,8.750724159851575e-06,9.375656745124425e-06
kan-fosls,437.0816135738227,9.059943682655828e-06,8.781985986247226e-06,9.35608156730555e-06
kan-fosls,437.54684980256894,9.049205537055382e-06,8.852660554693085e-06,9.288288846374719e-06
kan-fosls,438.01208603131516,9.013668011883808e-06,8.84941693301467e-06,9.220496125443889e-06
kan-fosls,438.4773222600614,9.019015825944589e-06,8.827141706007504e-06,9.198952594975456e-06
kan-fosls,438.9425584888076,9.02517905857292e-06,8.866688305761504e-06,9.193345767612228e-06
kan-fosls,439.4077947175538,9.030997470687709e-06,8.903163912025425e-06,9.205068344477083e-06
kan-fosls,439.87303094630005,9.05248960709994e-06,8.89838212934311e-06,9.238699524069499e-06
kan-fosls,440.33826717504627,9.057852572835062e-06,8.811466900705202e-06,9.287081127797686e-06
kan-fosls,440.8035034037925,9.076500434576466e-06,8.712089766764802e-06,9.31367377684765e-06
kan-fosls,441.2687396325387,9.046316183490286e-06,8.704463766687401e-06,9.339813299382969e-06
kan-fosls,441.73397586128493,8.983457164741327e-06,8.710476065593749e-06,9.35177978999728e-06
kan-fosls,442.19921209003115,8.965783111846759e-06,8.73789442271718e-06,9.349103378914007e-06
kan-fosls,442.6644483187774,9.037215759894734e-06,8.800120188039138e-06,9.346426967830732e-06
kan-fosls,443.1296845475236,9.032047897398092e-06,8.862345953361094e-06,9.273203331469027e-06
kan-fosls,443.5949207762698,9.036653552695187e-06,8.84004764126196e-06,9.249272649004438e-06
kan-fosls,444.060157005016,9.058248694468746e-06,8.806977639482529e-06,9.154453359636711e-06
kan-fosls,444.5253932337622,9.05731674366947e-06,8.760308071282483e-06,9.138896886082481e-06
kan-fosls,444.9906294625084,9.055999998167554e-06,8.780253675370625e-06,9.160866671800615e-06
kan-fosls,445.45586569125464,9.055539349930796e-06,8.817410436569167e-06,9.184424757786061e-06
kan-fosls,445.92110192000086,9.040360401583236e-06,8.83827590768138e-06,9.20798284377151e-06
kan-fosls,446.3863381487471,9.041139766965437e-06,8.825324619804178e-06,9.241096607068931e-06
kan-fosls,446.8515743774933,9.00929906703538e-06,8.812394090715991e-06,9.267781173508442e-06
kan-fosls,447.3168106062395,9.021635816334133e-06,8.799494221228031e-06,9.29423159162426e-06
kan-fosls,447.78204683498575,9.009222488029932e-06,8.786594351740069e-06,9.295948744171927e-06
kan-fosls,448.24728306373197,9.01450605164642e-06,8.779108671312444e-06,9.297665896719595e-06
kan-fosls,448.7125192924782,9.00690855390354e-06,8.772149778241505e-06,9.292168672171438e-06
kan-fosls,449.1777555212244,9.029063017010573e-06,8.709704513477226e-06,9.27994127020596e-06
kan-fosls,449.64299174997063,9.016197939823406e-06,8.711769424011671e-06,9.268926482101843e-06
kan-fosls,450.10822797871685,9.03716753030444e-06,8.681431751945536e-06,9.30982984035227e-06
kan-fosls,450.5734642074631,9.092536606276978e-06,8.703811420794618e-06,9.350733198602696e-06
kan-fosls,451.0387004362093,9.112026463816775e-06,8.73086965755334e-06,9.373327126132684e-06
kan-fosls,451.5039366649555,9.102819313364662e-06,8.749123778876167e-06,9.379741581926746e-06
kan-fosls,451.9691728937017,9.066430360534438e-06,8.75575473873147e-06,9.382621945975399e-06
kan-fosls,452.4344091224479,9.044126357355846e-06,8.762385698586772e-06,9.291177037592829e-06
kan-fosls,452.8996453511941,9.021822354177251e-06,8.83025288631983e-06,9.211901782096532e-06
kan-fosls,453.36488157994035,9.012664904888158e-06,8.823461952615299e-06,9.208070890531867e-06
kan-fosls,453.83011780868657,8.998164976183282e-06,8.799931886764388e-06,9.299600390465245e-06
kan-fosls,454.2953540374328,9.024705918232286e-06,8.785862078522029e-06,9.382812003082948e-06
kan-fosls,454.760590266179,9.045926427619361e-06,8.760761595838399e-06,9.297010446497199e-06
kan-fosls,455.22582649492523,9.063757714118016e-06,8.771437275232623e-06,9.211208889911452e-06
kan-fosls,455.69106272367145,9.04815890177767e-06,8.786418430965553e-06,9.190547810600359e-06
kan-fosls,456.15629895241767,9.038270580810921e-06,8.819286034329714e-06,9.223029305250026e-06
kan-fosls,456.6215351811639,9.028921261325422e-06,8.873022457086774e-06,9.254064513649402e-06
kan-fosls,457.0867714099101,9.016391034100641e-06,8.830185199195533e-06,9.259256364449396e-06
kan-fosls,457.55200763865633,9.003860806875858e-06,8.809983548066474e-06,9.264448215249392e-06
kan-fosls,458.01724386740256,9.017600235641378e-06,8.830572355424713e-06,9.278905981999225e-06
kan-fosls,458.4824800961488,9.044229724827953e-06,8.85116116278295e-06,9.300565410557803e-06
kan-fosls,458.94771632489494,9.001299851403995e-06,8.82474938856064e-06,9.319214896374738e-06
kan-fosls,459.41295255364116,9.017670673002738e-06,8.79475729596037e-06,9.298069565380196e-06
kan-fosls,459.8781887823874,8.998731850136636e-06,8.809937653475937e-06,9.276924234385656e-06
kan-fosls,460.3434250111336,9.032721696527386e-06,8.841050865971529e-06,9.23663952053002e-06
kan-fosls,460.8086612398798,9.029921944377765e-06,8.820620278374937e-06,9.193560440153058e-06
kan-fosls,461.27389746862605,9.04497824549812e-06,8.818815922376093e-06,9.198778650274545e-06
kan-fosls,461.73913369737227,9.052378836024553e-06,8.817010812779456e-06,9.204358961501577e-06
kan-fosls,462.2043699261185,9.060427794135397e-06,8.814545077062251e-06,9.218746738000164e-06
kan-fosls,462.6696061548647,9.071518649020251e-06,8.812079341345044e-06,9.23313451449875e-06
kan-fosls,463.13484238361093,9.057551291044106e-06,8.835487633404777e-06,9.230841845262725e-06
kan-fosls,463.60007861235715,9.018114152541776e-06,8.883764797907748e-06,9.214756354289467e-06
kan-fosls,464.0653148411034,9.021681084927301e-06,8.89586493155681e-06,9.199632586387452e-06
kan-fosls,464.5305510698496,8.997327969017889e-06,8.875266757968348e-06,9.199632586387452e-06
kan-fosls,464.9957872985958,9.000954449504811e-06,8.875266757968348e-06,9.199632586387452e-06
kan-fosls,465.46102352734204,9.03955177741985e-06,8.875266757968348e-06,9.199632586387452e-06
kan-fosls,465.92625975608826,9.047435924003366e-06,8.875266757968348e-06,9.199632586387452e-06
mlp-fosls,0.5536465644836426,0.20725510269403458,0.15756237506866455,0.32884201407432556
mlp-fosls,0.7761552727616228,0.15368635478466874,0.11902459961704298,0.23908298555126503
mlp-fosls,0.9986639810396029,0.09979638884094436,0.0745722369561695,0.14863557258534854
mlp-fosls,1.221172689317583,0.06556416200764134,0.04380658527878941,0.09433410805182045
mlp-fosls,1.4436813975955631,0.05032269891636085,0.0294962334640328,0.07742532881374511
mlp-fosls,1.6661901058735433,0.033620645182035586,0.015185881649276187,0.06051654957566978
mlp-fosls,1.8886988141515233,0.025338332566514715,0.011126067600968407,0.04952696258931076
mlp-fosls,2.1112075224295035,0.017117206698433175,0.007266567309172733,0.040903974565637186
mlp-fosls,2.3337162307074837,0.011388415997315217,0.004740564033729366,0.03443665020971195
mlp-fosls,2.556224938985464,0.008358543327004586,0.00368061102147462,0.028739098143353604
mlp-fosls,2.778733647263444,0.0053520498687122916,0.0026206580092198745,0.023041546076995267
mlp-fosls,3.0012423555414243,0.004036908408324956,0.0022037412798259887,0.01932640078015495
mlp-fosls,3.223751063819404,0.0027203868823104035,0.0017626870859645636,0.015624148174141969
mlp-fosls,3.446259772097384,0.0019512971525292716,0.0014249224490822656,0.012287057309044419
mlp-fosls,3.6687684803753644,0.0015801709444116796,0.0012384569777878092,0.00932396615736749
mlp-fosls,3.8912771886533446,0.0012116645449814314,0.0009790448282177165,0.006360875005690559
mlp-fosls,4.113785896931325,0.001058429814928422,0.000860486103639697,0.004804682821566698
mlp-fosls,4.336294605209305,0.0009067859001708335,0.000744903828672976,0.003255737404052297
mlp-fosls,4.558803313487285,0.0008017772081022217,0.000649334623984821,0.002279294831371478
mlp-fosls,4.781312021765265,0.0007051693354005238,0.0005747275950521302,0.001886073387944203
mlp-fosls,5.003820730043246,0.0006105033932436235,0.0004982317819640489,0.0014928519445169264
mlp-fosls,5.226329438321225,0.0005883026787392871,0.00044873163364433016,0.0013214536622805694
mlp-fosls,5.448838146599206,0.0005259315064702504,0.000400115219683705,0.001151047540646222
mlp-fosls,5.671346854877186,0.0004749948136874895,0.00034749406794540083,0.0010684960298332719
mlp-fosls,5.8938555631551655,0.0004632916907762944,0.00031094533854842153,0.0010754355537875694
mlp-fosls,6.116364271433146,0.00039369282538843887,0.00027662780950944265,0.001082375077741867
mlp-fosls,6.338872979711126,0.00039300109728406245,0.0002848734596362554,0.0009023082525259467
mlp-fosls,6.5613816879891065,0.0003499490247729891,0.0002598210163144274,0.0007214700361231913
mlp-fosls,6.783890396267086,0.00032590349265812783,0.00023737884960226048,0.0006026142028603068
mlp-fosls,7.006399104545067,0.00031810290106813483,0.00022117701059785216,0.0005466786465111366
mlp-fosls,7.228907812823047,0.0002883024828655069,0.00017464065237485197,0.0004907430901619666
mlp-fosls,7.451416521101027,0.0002724165976228342,0.0001626406179500307,0.00044934591955068904
mlp-fosls,7.673925229379007,0.0002518173777413745,0.00015064058352520944,0.0004079982842510291
mlp-fosls,7.896433937656987,0.0002314825568527201,0.0001415494196031976,0.0003726377183843708
mlp-fosls,8.118942645934968,0.00021000617141943485,0.00013515704247488944,0.00034333331525201067
mlp-fosls,8.341451354212946,0.0001983393588745617,0.0001286930423938243,0.00031402891211965096
mlp-fosls,8.563960062490928,0.00017813980264485565,0.00011903439556821024,0.0002881366662702554
mlp-fosls,8.786468770768908,0.00017006103063578796,0.00010937574874259626,0.0002710108214896053
mlp-fosls,9.008977479046887,0.000168681564581815,0.00010426665280291758,0.00025942747211128985
mlp-fosls,9.231486187324869,0.00015182101936491222,0.00010329527151902155,0.0002497320395478128
mlp-fosls,9.453994895602849,0.00013792228007118647,0.00010231703056114578,0.000248219548365281
mlp-fosls,9.676503603880828,0.00014971502076084438,0.00010107051796764435,0.00023530323702624024
mlp-fosls,9.899012312158808,0.00015146276446073906,9.982400537414292e-05,0.00026478442557660814
mlp-fosls,10.121521020436788,0.0001405322436199746,9.335416382201828e-05,0.0002555042941887232
mlp-fosls,10.34402972871477,0.00013076565033128315,8.217853148317588e-05,0.0002073811064513354
mlp-fosls,10.566538436992749,0.00012668417619911786,7.119601067558067e-05,0.00016796054523345464
mlp-fosls,10.789047145270729,0.00012286799787724478,6.719710396997328e-05,0.00017704746656520016
mlp-fosls,11.011555853548709,0.00012143403318499485,6.319819726436588e-05,0.00021729673149284992
mlp-fosls,11.234064561826688,0.0001331153847299242,6.038354067408257e-05,0.00021307881021121242
mlp-fosls,11.45657327010467,0.0001287393613995797,5.862541826218991e-05,0.00020627800748538718
mlp-fosls,11.67908197838265,0.00010736946909415087,5.6862234695988926e-05,0.0002628693983825728
mlp-fosls,11.90159068666063,9.811980892168489e-05,5.4937438223220074e-05,0.00017672767789893344
mlp-fosls,12.124099394938609,8.727452967894374e-05,5.301264175045123e-05,0.00013510028514338926
mlp-fosls,12.34660810321659,8.16487804399172e-05,5.181284446378265e-05,0.00013233891591473077
mlp-fosls,12.56911681149457,8.528378978137828e-05,5.125117556004412e-05,0.00012750947660974214
mlp-fosls,12.79162551977255,8.622204821786436e-05,5.071571955977698e-05,0.00012268003730475348
mlp-fosls,13.01413422805053,8.177733730176765e-05,5.095377694878279e-05,0.00011704028024050897
mlp-fosls,13.23664293632851,7.650195205861865e-05,5.11918343377886e-05,0.00011484878533410564
mlp-fosls,13.459151644606491,7.669202743736803e-05,4.97211639563455e-05,0.00011814466834790401
mlp-fosls,13.681660352884471,8.055558908272908e-05,4.676801294087009e-05,0.00011715367487630012
mlp-fosls,13.90416906116245,8.180478092281265e-05,4.396130598999969e-05,0.00011503321888624007
mlp-fosls,14.12667776944043,7.691608921739959e-05,4.493946761912703e-05,9.941036494808896e-05
mlp-fosls,14.349186477718412,7.600810262504089e-05,4.5917629248254374e-05,9.657472605153018e-05
mlp-fosls,14.571695185996392,7.439267904252273e-05,4.5585547194566044e-05,0.00010291798196711388
mlp-fosls,14.794203894274371,7.666333641016723e-05,4.413160835402854e-05,0.00010628195431115615
mlp-fosls,15.016712602552351,8.083089458873539e-05,4.195056212572437e-05,0.00012299835845898356
mlp-fosls,15.239221310830331,7.603466843945225e-05,3.9251941879399284e-05,0.00010413040328300863
mlp-fosls,15.461730019108312,6.443989332583779e-05,3.590351221890358e-05,9.132175676162909e-05
mlp-fosls,15.684238727386292,5.969325338819335e-05,3.38701552505503e-05,9.475656340842106e-05
mlp-fosls,15.906747435664272,6.302906744085491e-05,3.294626467670723e-05,9.984302020210759e-05
mlp-fosls,16.12925614394225,6.216721784408785e-05,3.2312881647769485e-05,0.00010385523112581724
mlp-fosls,16.351764852220235,6.231873741503722e-05,3.800937630918123e-05,9.736632167301357e-05
mlp-fosls,16.574273560498213,5.5236273762054134e-05,4.37058709705928e-05,9.087741222021012e-05
mlp-fosls,16.79678226877619,5.735784244981851e-05,4.336203160179221e-05,8.739093430044143e-05
mlp-fosls,17.019290977054172,5.508986215215326e-05,3.797567928811056e-05,7.62803310010175e-05
mlp-fosls,17.241799685332154,5.2638058100837475e-05,3.2766368480533444e-05,8.292618244448884e-05
mlp-fosls,17.464308393610132,5.168443055717748e-05,3.125337524300065e-05,7.722108253253885e-05
mlp-fosls,17.686817101888114,5.341519347109745e-05,2.9740382005467823e-05,8.915285433949562e-05
mlp-fosls,17.909325810166095,5.006350363003264e-05,3.180540170483717e-05,8.77748199564125e-05
mlp-fosls,18.131834518444073,4.889420503583985e-05,3.6837967979942315e-05,7.778108608024926e-05
mlp-fosls,18.354343226722055,5.076744203289533e-05,4.143528403761931e-05,8.881406960941451e-05
mlp-fosls,18.576851935000033,5.0157068672440186e-05,3.737156610435055e-05,7.574584436342473e-05
mlp-fosls,18.799360643278014,4.851899679709643e-05,3.330784817108172e-05,7.778323120701475e-05
mlp-fosls,19.021869351555996,4.458193993845256e-05,3.10107141912801e-05,7.433285617573378e-05
mlp-fosls,19.244378059833974,4.604681409747903e-05,3.0547373508011315e-05,6.502119963917494e-05
mlp-fosls,19.466886768111955,4.7587797588203684e-05,3.189140176030767e-05,6.54915169014673e-05
mlp-fosls,19.689395476389933,4.851778293319664e-05,2.9221409019748372e-05,8.184357743610204e-05
mlp-fosls,19.911904184667915,5.198460633716322e-05,2.648557224593941e-05,0.0001085912535078341
mlp-fosls,20.134412892945896,5.071437234338005e-05,2.5483169908936858e-05,0.00010888394626301995
mlp-fosls,20.356921601223874,4.7009294210543064e-05,2.5890120510390317e-05,8.063656551776049e-05
mlp-fosls,20.579430309501856,4.056007104022045e-05,2.6386224477651105e-05,5.9888284251497916e-05
mlp-fosls,20.801939017779834,4.037703955671671e-05,2.6310800707369495e-05,5.86747184688196e-05
mlp-fosls,21.024447726057815,4.023714394595603e-05,2.5951210879255518e-05,5.746115268614127e-05
mlp-fosls,21.246956434335797,4.2725820453329667e-05,2.5995943393931985e-05,5.9983748325193076e-05
mlp-fosls,21.469465142613775,4.425755366189401e-05,2.6168612694561174e-05,7.250313892482564e-05
mlp-fosls,21.691973850891756,4.456711751309532e-05,2.51327549366506e-05,8.15971433707196e-05
mlp-fosls,21.914482559169734,4.4813844658377136e-05,2.4734958343599882e-05,6.746196674165545e-05
mlp-fosls,22.136991267447716,3.916847994175516e-05,2.4337161750549157e-05,5.391510787045975e-05
mlp-fosls,22.359499975725697,3.635238680846579e-05,2.70252697816833e-05,5.619942467183312e-05
mlp-fosls,22.582008684003675,3.819049662057107e-05,2.8923982151014648e-05,6.039124610629181e-05
mlp-fosls,22.804517392281657,3.7505329272841436e-05,2.7677855740064475e-05,6.603760478967183e-05
mlp-fosls,23.027026100559638,3.802339342136635e-05,2.6853755210617724e-05,5.976858938104334e-05
mlp-fosls,23.249534808837616,3.4909370063784115e-05,2.4260551322047136e-05,5.3499573972414957e-05
mlp-fosls,23.472043517115598,3.5234170701458836e-05,2.1502381906536816e-05,5.055295401081045e-05
mlp-fosls,23.694552225393576,3.543674360678691e-05,2.1225828038935614e-05,4.948025567260386e-05
mlp-fosls,23.917060933671557,3.34259820942793e-05,2.1008081077490722e-05,4.830468611566612e-05
mlp-fosls,24.13956964194954,3.227452084619294e-05,2.1628415122880393e-05,4.6703400882977696e-05
mlp-fosls,24.362078350227517,3.0892483612078106e-05,2.2248749168270054e-05,4.794915279439524e-05
mlp-fosls,24.584587058505498,3.1187161925416324e-05,2.208188465369342e-05,4.851755391678444e-05
mlp-fosls,24.807095766783476,3.296932649752852e-05,2.1313323967912742e-05,4.842793579092417e-05
mlp-fosls,25.029604475061458,3.2404424543631475e-05,2.062262141520868e-05,5.0323196248592856e-05
mlp-fosls,25.25211318333944,3.213904898896175e-05,2.0966978598939017e-05,4.6164307791730905e-05
mlp-fosls,25.474621891617417,3.0185504763842208e-05,2.131133578266935e-05,4.400611950793092e-05
mlp-fosls,25.6971305998954,3.0197259342601853e-05,2.1857585458545292e-05,4.3356498398169594e-05
mlp-fosls,25.919639308173377,3.1538197434632305e-05,2.2555389707749998e-05,4.416778066718053e-05
mlp-fosls,26.142148016451358,3.287913552666278e-05,2.316832716395391e-05,4.661301378154487e-05
mlp-fosls,26.36465672472934,3.545918857704413e-05,2.2705775586395384e-05,5.053697550448773e-05
mlp-fosls,26.587165433007318,3.429188840863329e-05,2.224322400883686e-05,5.605934053967881e-05
mlp-fosls,26.8096741412853,3.4216916704972374e-05,2.129410980416396e-05,5.575041708608966e-05
mlp-fosls,27.03218284956328,3.288939683095445e-05,1.9984433692942812e-05,4.975947491367839e-05
mlp-fosls,27.25469155784126,2.9336439052947646e-05,1.8773290794051648e-05,4.379434581920962e-05
mlp-fosls,27.47720026611924,2.9089315866019774e-05,1.8766286990286746e-05,4.2414194168271153e-05
mlp-fosls,27.69970897439722,2.8722816457372376e-05,1.8759283186521848e-05,4.103404251733271e-05
mlp-fosls,27.9222176826752,2.7581153488949915e-05,1.9440822546290242e-05,4.023082886363374e-05
mlp-fosls,28.14472639095318,2.7209183438033592e-05,2.022242848978472e-05,3.9993629750077045e-05
mlp-fosls,28.36723509923116,2.773120360972147e-05,2.1667548141328504e-05,3.9752870948365974e-05
mlp-fosls,28.58974380750914,2.8420837149486464e-05,2.5544571296712064e-05,3.887017427760081e-05
mlp-fosls,28.81225251578712,3.2561477993159175e-05,2.708050845161631e-05,4.136324971133408e-05
mlp-fosls,29.0347612240651,3.112111781849926e-05,2.6447390692249538e-05,4.1439430665536525e-05
mlp-fosls,29.257269932343082,2.8083493416458047e-05,2.2411040019495113e-05,3.775500284998602e-05
mlp-fosls,29.47977864062106,2.6520995087079234e-05,1.9978394039450622e-05,3.83515052248663e-05
mlp-fosls,29.70228734889904,2.5746492683735057e-05,2.023424413608924e-05,3.9262111130831064e-05
mlp-fosls,29.92479605717702,2.4927720810260716e-05,2.0490094232727855e-05,4.8230225716188284e-05
mlp-fosls,30.147304765455,2.4364474261507798e-05,2.0771169231251806e-05,5.205803053026813e-05
mlp-fosls,30.369813473732982,2.412342319897378e-05,2.1055633813879067e-05,5.005025733604406e-05
mlp-fosls,30.59232218201096,2.4643099007475156e-05,2.045259353117012e-05,4.8042484141820016e-05
mlp-fosls,30.814830890288942,2.6569234958500643e-05,1.9070338826591643e-05,4.029524905182961e-05
mlp-fosls,31.03733959856692,2.8424881236188213e-05,1.7688084122013192e-05,4.112775582506589e-05
mlp-fosls,31.2598483068449,2.7899216185563176e-05,1.728300567070522e-05,4.14737335084751e-05
mlp-fosls,31.482357015122883,2.5936652459386083e-05,1.7566377453486724e-05,4.046502413974893e-05
mlp-fosls,31.70486572340086,2.526320001521234e-05,1.7842953394239698e-05,3.945198130175076e-05
mlp-fosls,31.927374431678842,2.4934132241277074e-05,1.8049370903731606e-05,3.752309446894287e-05
mlp-fosls,32.14988313995683,2.5628214096558057e-05,1.7824655829344052e-05,3.85717484441969e-05
mlp-fosls,32.3723918482348,2.6358872500737567e-05,1.789429976886561e-05,3.823417153126881e-05
mlp-fosls,32.59490055651278,2.4996002749087954e-05,1.80703990000576e-05,3.831526820919898e-05
mlp-fosls,32.81740926479076,2.3680711333140703e-05,1.8393646051731618e-05,4.0749582975893924e-05
mlp-fosls,33.03991797306874,2.316170413615301e-05,1.8949327792205046e-05,4.010706941527838e-05
mlp-fosls,33.262426681346724,2.3538951807103945e-05,1.9496046766842783e-05,3.9464555854662815e-05
mlp-fosls,33.4849353896247,2.3924001639495112e-05,2.0799428773069643e-05,4.0260155047573864e-05
mlp-fosls,33.70744409790268,2.430435068308247e-05,2.1640084128110575e-05,4.2485815914139614e-05
mlp-fosls,33.929952806180665,2.4496184426404152e-05,1.954207227835724e-05,4.4709995583045965e-05
mlp-fosls,34.15246151445864,2.558603794526717e-05,2.031715106998581e-05,4.311461584802042e-05
mlp-fosls,34.37497022273662,2.5382292382290534e-05,1.82142141337954e-05,4.151923611299488e-05
mlp-fosls,34.59747893101461,2.5552880286870692e-05,1.7609075387914397e-05,3.9949770366986016e-05
mlp-fosls,34.819987639292584,2.509850379917823e-05,1.6833915639324964e-05,3.840621586813704e-05
mlp-fosls,35.04249634757056,2.2893471953422055e-05,1.6122054376180542e-05,3.6862661369288064e-05
mlp-fosls,35.26500505584855,2.4147247719465083e-05,1.5995234494070925e-05,3.482056152235243e-05
mlp-fosls,35.487513764126525,2.4580114854250593e-05,1.5868414611961308e-05,3.277773068492169e-05
mlp-fosls,35.7100224724045,2.4681184830522947e-05,1.5858792148354998e-05,3.2876651721400034e-05
mlp-fosls,35.93253118068248,2.3716713946692918e-05,1.563558830020997e-05,3.514693452738255e-05
mlp-fosls,36.15503988896047,2.235338136644877e-05,1.589393135581007e-05,3.741721733336513e-05
mlp-fosls,36.377548597238444,2.1543078576622416e-05,1.6699103017535654e-05,3.596878947674088e-05
mlp-fosls,36.60005730551642,2.1254979588519808e-05,1.6528493745321458e-05,3.4501251068095696e-05
mlp-fosls,36.82256601379441,2.15792422888789e-05,1.6349795731712563e-05,3.4879905022410084e-05
mlp-fosls,37.045074722072385,2.081715377613883e-05,1.625555182786636e-05,3.714722488580582e-05
mlp-fosls,37.26758343035036,2.0710753941359823e-05,1.583629981717512e-05,3.9414544749201564e-05
mlp-fosls,37.49009213862835,2.1242158020189426e-05,1.565448117910631e-05,3.615708684444695e-05
mlp-fosls,37.71260084690633,2.1221677788535257e-05,1.5243330245473979e-05,3.287017113044959e-05
mlp-fosls,37.935109555184304,2.115937228541234e-05,1.5219692766296336e-05,3.168966037823977e-05
mlp-fosls,38.15761826346228,2.0740870037976913e-05,1.5178662147135256e-05,3.265967002355719e-05
mlp-fosls,38.38012697174027,2.1254221674515993e-05,1.581115593259678e-05,3.362967966887464e-05
mlp-fosls,38.602635680018246,2.0622449446102277e-05,1.7223843813338024e-05,3.2465911808586386e-05
mlp-fosls,38.82514438829622,1.9906064042842022e-05,1.7447912217477646e-05,3.129011220797888e-05
mlp-fosls,39.04765309657421,2.0252863970159767e-05,1.7366125211920957e-05,3.06076633461504e-05
mlp-fosls,39.27016180485219,1.9846619570832596e-05,1.625730117762092e-05,3.096216504921543e-05
mlp-fosls,39.492670513130165,1.955518399489723e-05,1.459391796809018e-05,3.025562316895915e-05
mlp-fosls,39.71517922140815,1.9643507342222868e-05,1.4457058475911326e-05,3.003293648565072e-05
mlp-fosls,39.93768792968613,1.967202515631371e-05,1.4320198983732476e-05,2.9809877577246368e-05
mlp-fosls,40.160196637964106,2.0256254667984875e-05,1.4693525576699632e-05,2.963042363682728e-05
mlp-fosls,40.38270534624209,2.0369041812313988e-05,1.538239165341609e-05,3.134940021712793e-05
mlp-fosls,40.60521405452007,2.0947612489219022e-05,1.5950320528850113e-05,3.342434067856753e-05
mlp-fosls,40.82772276279805,2.0224046595302447e-05,1.5638519613858165e-05,3.053014792125482e-05
mlp-fosls,41.050231471076025,1.9408384687823454e-05,1.4196675392070922e-05,3.171234302395761e-05
mlp-fosls,41.27274017935401,1.8976950460635895e-05,1.5007444610297181e-05,3.177294732334961e-05
mlp-fosls,41.49524888763199,1.8947525818941756e-05,1.4683672949408971e-05,3.065192992028475e-05
mlp-fosls,41.717757595909966,1.8779375962177458e-05,1.4343071431220859e-05,2.95309125172199e-05
mlp-fosls,41.94026630418795,1.848374985225229e-05,1.3886950235931335e-05,2.9133042606058994e-05
mlp-fosls,42.16277501246593,1.817719604605941e-05,1.3430829040641826e-05,2.8746570561884105e-05
mlp-fosls,42.38528372074391,1.8435188764543563e-05,1.4232166074688319e-05,2.8868451034120387e-05
mlp-fosls,42.60779242902189,1.9278277614145404e-05,1.4269987068169879e-05,2.9536665593235207e-05
mlp-fosls,42.83030113729987,2.0166400873261015e-05,1.4128678429414734e-05,3.0204880152350007e-05
mlp-fosls,43.05280984557785,1.8839911660037813e-05,1.3847241230563873e-05,2.9700871796315043e-05
mlp-fosls,43.275318553855826,1.8898223777801676e-05,1.3583832522019845e-05,2.917333766416727e-05
mlp-fosls,43.49782726213381,1.857007411255119e-05,1.3564634217485625e-05,2.87185316643823e-05
mlp-fosls,43.72033597041179,1.830030297501986e-05,1.3545435912951404e-05,2.834286818212524e-05
mlp-fosls,43.94284467868977,1.8100234367534077e-05,1.3576609626338902e-05,2.7967204699868182e-05
mlp-fosls,44.16535338696775,1.8475812646239284e-05,1.3644899984322234e-05,2.867128846382875e-05
mlp-fosls,44.38786209524573,1.8523713867580783e-05,1.3394019809626354e-05,2.9400656042124325e-05
mlp-fosls,44.61037080352371,1.8249902631157024e-05,1.446896505024888e-05,2.94459216777737e-05
mlp-fosls,44.83287951180169,1.880416327357268e-05,1.5171723241216666e-05,2.87343330358048e-05
mlp-fosls,45.05538822007967,1.8093824413452338e-05,1.5130185052338695e-05,2.8022744393835926e-05
mlp-fosls,45.27789692835765,1.812839011187235e-05,1.4573124428715897e-05,3.0210758716533628e-05
mlp-fosls,45.500405636635634,1.7345304959830833e-05,1.4029114442606319e-05,3.247940117902106e-05
mlp-fosls,45.72291434491361,1.7209298348871864e-05,1.3136937831708702e-05,3.2481675060516245e-05
mlp-fosls,45.94542305319159,1.7201376182750152e-05,1.317903476675626e-05,2.9937659824446062e-05
mlp-fosls,46.16793176146957,1.673798163690943e-05,1.359886805982599e-05,2.739364458837588e-05
mlp-fosls,46.39044046974755,1.654423684701416e-05,1.3215879692031928e-05,2.7139546146844616e-05
mlp-fosls,46.61294917802553,1.6848226062366738e-05,1.2832891324237879e-05,2.6992566989605198e-05
mlp-fosls,46.83545788630351,1.6733159321669875e-05,1.294926760216296e-05,2.7043615558896073e-05
mlp-fosls,47.057966594581494,1.742231469411896e-05,1.3346169473161152e-05,2.7333981882722234e-05
mlp-fosls,47.28047530285947,1.801502643909555e-05,1.3646780388583944e-05,2.7624348206548388e-05
mlp-fosls,47.50298401113745,1.7559998996933556e-05,1.3362169810096277e-05,2.7117188632618296e-05
mlp-fosls,47.725492719415435,1.754848207515745e-05,1.30775592316086e-05,2.656849421070744e-05
mlp-fosls,47.94800142769341,1.668449847913555e-05,1.3190540121203184e-05,2.646937488951084e-05
mlp-fosls,48.17051013597139,1.713699685486394e-05,1.3524539787706743e-05,2.692324293631155e-05
mlp-fosls,48.393018844249376,1.7124271075705232e-05,1.271889947700799e-05,2.7377110983112276e-05
mlp-fosls,48.615527552527354,1.697995886595362e-05,1.2521754635168867e-05,2.74956399609157e-05
mlp-fosls,48.83803626080533,1.7099026779052774e-05,1.2365990189379722e-05,2.7595190319232348e-05
mlp-fosls,49.06054496908331,1.6686875695158147e-05,1.2453886555065245e-05,2.7307341883049063e-05
mlp-fosls,49.283053677361295,1.691323935789929e-05,1.2541782920750772e-05,2.6536710780416117e-05
mlp-fosls,49.50556238563927,1.6840570822515952e-05,1.253811896806354e-05,2.7640932255664165e-05
mlp-fosls,49.72807109391725,1.6252571508213217e-05,1.2485803343450464e-05,2.574153406487004e-05
mlp-fosls,49.950579802195236,1.5752756375441745e-05,1.2514180580986482e-05,2.5761619862122415e-05
mlp-fosls,50.173088510473214,1.5898464724161865e-05,1.259569878396245e-05,2.5729051698020082e-05
mlp-fosls,50.39559721875119,1.6300305194347757e-05,1.2830635662577496e-05,2.5626126733175127e-05
mlp-fosls,50.61810592702918,1.6924946429984394e-05,1.3016493050892071e-05,2.552320176833017e-05
mlp-fosls,50.840614635307155,1.7184921188453717e-05,1.259335190698637e-05,2.5484624124347844e-05
mlp-fosls,51.06312334358513,1.719839078588742e-05,1.2202106263345473e-05,2.545114016764471e-05
mlp-fosls,51.28563205186311,1.702701733240817e-05,1.2676365759502382e-05,2.5660201921136263e-05
mlp-fosls,51.508140760141096,1.6702389113834887e-05,1.2591574972396453e-05,2.996216331352516e-05
mlp-fosls,51.730649468419074,1.6535543651391527e-05,1.2464703596590807e-05,3.175030150573922e-05
mlp-fosls,51.95315817669705,1.6038753194651923e-05,1.2379129189696553e-05,2.8376952438652043e-05
mlp-fosls,52.17566688497504,1.582059538879278e-05,1.2050957351844585e-05,2.5189272186408522e-05
mlp-fosls,52.398175593253015,1.601458451387558e-05,1.231748890594571e-05,2.5218074050488995e-05
mlp-fosls,52.62068430153099,1.608841595362229e-05,1.2359767830477869e-05,2.5768488666501572e-05
mlp-fosls,52.84319300980898,1.603081386660701e-05,1.2543084844017745e-05,2.631890328251417e-05
mlp-fosls,53.065701718086956,1.586482129008784e-05,1.2270529709358473e-05,2.695439082596173e-05
mlp-fosls,53.288210426364934,1.5717530788588597e-05,1.1743882181316781e-05,2.759674049811426e-05
mlp-fosls,53.51071913464292,1.5528452330979968e-05,1.1866729012108042e-05,2.7348517303337302e-05
mlp-fosls,53.7332278429209,1.5275335654943735e-05,1.1989575842899299e-05,2.5895142050981484e-05
mlp-fosls,53.955736551198875,1.5062759071352848e-05,1.1855710516280333e-05,2.4441766798625666e-05
mlp-fosls,54.17824525947685,1.5129080225144118e-05,1.1966904345481032e-05,2.4564212615867865e-05
mlp-fosls,54.40075396775484,1.528556770700019e-05,1.191926953646987e-05,2.4815551659621906e-05
mlp-fosls,54.623262676032816,1.5105700553189325e-05,1.1822727115973129e-05,2.4914569687157463e-05
mlp-fosls,54.845771384310794,1.5024182584285189e-05,1.1726184695476387e-05,2.480640122228465e-05
mlp-fosls,55.06828009258878,1.5200301093317357e-05,1.1638363081461353e-05,2.4698232757411834e-05
mlp-fosls,55.29078880086676,1.577645561319973e-05,1.1553791078124634e-05,2.4788094620378797e-05
mlp-fosls,55.513297509144735,1.592533034296521e-05,1.1520757907656975e-05,2.48944462110554e-05
mlp-fosls,55.73580621742272,1.5809997286668697e-05,1.1654281377610435e-05,2.49820841758697e-05
mlp-fosls,55.9583149257007,1.569635955291746e-05,1.1787804847563891e-05,2.5044081150814986e-05
mlp-fosls,56.180823633978676,1.558272181916622e-05,1.1756581886149491e-05,2.5106078125760272e-05
mlp-fosls,56.403332342256654,1.5316015150862177e-05,1.1665917559049976e-05,2.517440667416804e-05
mlp-fosls,56.62584105053464,1.5170150741482392e-05,1.155405683873756e-05,2.524327263534541e-05
mlp-fosls,56.84834975881262,1.4850340068438113e-05,1.1376127313579142e-05,2.523060789830797e-05
mlp-fosls,57.070858467090595,1.464657551198034e-05,1.1198197788420724e-05,2.5106631182819108e-05
mlp-fosls,57.29336717536858,1.4563951763751286e-05,1.1265867028172829e-05,2.4982654467330244e-05
mlp-fosls,57.51587588364656,1.4456164231223935e-05,1.1415161181997806e-05,2.4572561996089403e-05
mlp-fosls,57.738384591924536,1.4315268801695753e-05,1.1499202704263193e-05,2.4138179049655966e-05
mlp-fosls,57.96089330020252,1.4455373112315424e-05,1.1396099608240722e-05,2.3984631633845155e-05
mlp-fosls,58.1834020084805,1.4847337351672942e-05,1.1292996512218253e-05,2.4216669730962488e-05
mlp-fosls,58.40591071675848,1.5032735650462433e-05,1.127169260492549e-05,2.444870782807982e-05
mlp-fosls,58.62841942503646,1.4638095689078685e-05,1.12753560883028e-05,2.4070026265418543e-05
mlp-fosls,58.85092813331444,1.4188389272667222e-05,1.1261853654006564e-05,2.3639837875092247e-05
mlp-fosls,59.07343684159242,1.4112279600891549e-05,1.1203065019679081e-05,2.3414386662644255e-05
mlp-fosls,59.295945549870396,1.433612963674399e-05,1.1144276385351599e-05,2.346687708658402e-05
mlp-fosls,59.51845425814838,1.4669852148930193e-05,1.1122520011077716e-05,2.3519367510523786e-05
mlp-fosls,59.74096296642636,1.4870123864359377e-05,1.111102472093967e-05,2.3585674065227594e-05
mlp-fosls,59.96347167470434,1.5012368284097225e-05,1.1069494162020774e-05,2.365309844291904e-05
mlp-fosls,60.18598038298232,1.4757659112044731e-05,1.095493394653334e-05,2.3720202866475612e-05
mlp-fosls,60.4084890912603,1.473775846171279e-05,1.0840373731045907e-05,2.378687626425696e-05
mlp-fosls,60.63099779953828,1.4658329296663011e-05,1.1375162689131144e-05,2.385354966203831e-05
mlp-fosls,60.85350650781626,1.4723718667045094e-05,1.1465720548067348e-05,2.4038701402048854e-05
mlp-fosls,61.07601521609424,1.5193156215546163e-05,1.1556278407003549e-05,2.4233196856236766e-05
mlp-fosls,61.29852392437222,1.431368123739044e-05,1.158115143972973e-05,2.4060180297985492e-05
mlp-fosls,61.5210326326502,1.4258626443326347e-05,1.157572876627117e-05,2.3392800536656908e-05
mlp-fosls,61.74354134092818,1.4264502758593672e-05,1.1806212385658324e-05,2.2725420775328304e-05
mlp-fosls,61.96605004920616,1.4214728200010208e-05,1.2188516338438915e-05,2.498954316542209e-05
mlp-fosls,62.18855875748414,1.4281286468355128e-05,1.1997487358331943e-05,2.748738184049362e-05
mlp-fosls,62.41106746576212,1.403910237450937e-05,1.156160349580604e-05,2.8051433780930883e-05
mlp-fosls,62.6335761740401,1.364088669159949e-05,1.1125719633280152e-05,2.5993782464398426e-05
mlp-fosls,62.85608488231808,1.3449733767382747e-05,1.0916979906887758e-05,2.3936131147865967e-05
mlp-fosls,63.078593590596064,1.3572397781932134e-05,1.075430557202047e-05,2.3303219731405963e-05
mlp-fosls,63.30110229887404,1.372719875899628e-05,1.0631517749028668e-05,2.2789844770329096e-05
mlp-fosls,63.52361100715202,1.3721681219249448e-05,1.0586471759574029e-05,2.245925436866819e-05
mlp-fosls,63.746119715430005,1.3628354972011392e-05,1.054142577011939e-05,2.2378227605149878e-05
mlp-fosls,63.96862842370798,1.3544667326114246e-05,1.090604459339547e-05,2.2297200841631568e-05
mlp-fosls,64.19113713198595,1.3539249646573501e-05,1.1344621992930466e-05,2.2417130465594385e-05
mlp-fosls,64.41364584026394,1.355138246973398e-05,1.126008811239455e-05,2.2553754912955426e-05
mlp-fosls,64.63615454854192,1.3815310050331005e-05,1.1117180076970786e-05,2.2598620548932267e-05
mlp-fosls,64.85866325681991,1.404148774065686e-05,1.105163053455666e-05,2.2519356700432604e-05
mlp-fosls,65.08117196509788,1.3949798700806386e-05,1.0844768133339085e-05,2.2440092851932945e-05
mlp-fosls,65.30368067337587,1.3679598405231107e-05,1.0643885646793014e-05,2.2537847775585445e-05
mlp-fosls,65.52618938165384,1.3463756498916671e-05,1.0467773969917239e-05,2.264981953823573e-05
mlp-fosls,65.74869808993182,1.357996826001238e-05,1.0333717187130587e-05,2.2712690109691935e-05
mlp-fosls,65.9712067982098,1.3632949464516673e-05,1.0199660404343936e-05,2.2709051542035582e-05
mlp-fosls,66.19371550648778,1.3643531813487153e-05,1.038411697645359e-05,2.270541297437923e-05
mlp-fosls,66.41622421476576,1.3575610616419157e-05,1.0612847874320295e-05,2.245739288068185e-05
mlp-fosls,66.63873292304375,1.3495882611008336e-05,1.0985835665131781e-05,2.218916265913265e-05
mlp-fosls,66.86124163132172,1.3296191281532718e-05,1.1588883269464247e-05,2.2100875272081056e-05
mlp-fosls,67.0837503395997,1.3131693142666555e-05,1.2191930873796752e-05,2.2257606538091352e-05
mlp-fosls,67.30625904787769,1.3068055714982233e-05,1.162950923810727e-05,2.241433780410165e-05
mlp-fosls,67.52876775615566,1.3160385800776987e-05,1.0927338604378601e-05,2.2776173530584308e-05
mlp-fosls,67.75127646443364,1.3262517674012726e-05,1.0495923457094703e-05,2.315494909919495e-05
mlp-fosls,67.97378517271163,1.3284929458852928e-05,1.0475693949373544e-05,2.322958395392675e-05
mlp-fosls,68.1962938809896,1.3267080527531558e-05,1.0455464441652384e-05,2.2889831592828802e-05
mlp-fosls,68.41880258926759,1.3213097555461829e-05,1.038939569621047e-05,2.2550079231730832e-05
mlp-fosls,68.64131129754557,1.338031094654792e-05,1.031848820315929e-05,2.2703168707555094e-05
mlp-fosls,68.86382000582354,1.3830475643509901e-05,1.0303719446846319e-05,2.289763324048336e-05
mlp-fosls,69.08632871410153,1.3750784518912941e-05,1.0369025037964954e-05,2.2928362001065857e-05
mlp-fosls,69.30883742237951,1.3410647633463222e-05,1.0434330629083587e-05,2.2721812516843434e-05
mlp-fosls,69.53134613065748,1.3129687023897766e-05,1.064488188316328e-05,2.2515263032621024e-05
mlp-fosls,69.75385483893547,1.3683640131361402e-05,1.0868091411877957e-05,2.2548614736507648e-05
mlp-fosls,69.97636354721345,1.371673050302491e-05,1.0898841680577963e-05,2.2606779364866863e-05
mlp-fosls,70.19887225549142,1.3810254449065442e-05,1.0671869865494617e-05,2.340468946187015e-05
mlp-fosls,70.42138096376941,1.3832397014851986e-05,1.0444898050411257e-05,2.5295000792206796e-05
mlp-fosls,70.64388967204738,1.3706261257120122e-05,1.046694591958435e-05,2.7185312122543318e-05
mlp-fosls,70.86639838032536,1.3783839982059283e-05,1.050622496160427e-05,2.654157763455566e-05
mlp-fosls,71.08890708860335,1.3973401640528393e-05,1.0537981445641482e-05,2.562104100237572e-05
mlp-fosls,71.31141579688132,1.3814189865267948e-05,1.056028849802904e-05,2.4640714806719296e-05
mlp-fosls,71.5339245051593,1.3447586207050536e-05,1.0582595550416599e-05,2.3570481653067873e-05
mlp-fosls,71.75643321343729,1.3073549239550218e-05,1.0431850198680173e-05,2.2500248499416446e-05
mlp-fosls,71.97894192171526,1.2987812122833415e-05,1.027221704576988e-05,2.3794889185582294e-05
mlp-fosls,72.20145062999325,1.2943175806733539e-05,1.0425300703979494e-05,2.536035575799934e-05
mlp-fosls,72.42395933827123,1.2838875479146048e-05,1.070316001319341e-05,2.5835317156981463e-05
mlp-fosls,72.6464680465492,1.2707410185999957e-05,1.059281625036062e-05,2.4650389453431804e-05
mlp-fosls,72.86897675482719,1.2627706012955434e-05,1.0562011564152513e-05,2.346546174988207e-05
mlp-fosls,73.09148546310517,1.273501482358359e-05,1.073769927282326e-05,2.348939783647388e-05
mlp-fosls,73.31399417138314,1.2876011472790684e-05,1.0487249496573202e-05,2.3652826643028416e-05
mlp-fosls,73.53650287966113,1.300710570318456e-05,1.0212121862851293e-05,2.346514512008259e-05
mlp-fosls,73.75901158793911,1.2965389008709684e-05,9.936994229129387e-06,2.2744017769931876e-05
mlp-fosls,73.98152029621708,1.2829503957849453e-05,9.911994401731377e-06,2.202289041978121e-05
mlp-fosls,74.20402900449507,1.291149139795016e-05,9.891177545978257e-06,2.1746820790773383e-05
mlp-fosls,74.42653771277305,1.3046934177988075e-05,9.951465640205986e-06,2.152145483522576e-05
mlp-fosls,74.64904642105103,1.311681032824051e-05,1.009569307204316e-05,2.1375880764787083e-05
mlp-fosls,74.87155512932901,1.3085274826768745e-05,1.0239920503880344e-05,2.1350596774080965e-05
mlp-fosls,75.094063837607,1.3092245441803112e-05,1.0465979996852286e-05,2.1325312783374847e-05
mlp-fosls,75.31657254588497,1.3153092077870377e-05,1.0634864666752583e-05,2.1377601365872303e-05
mlp-fosls,75.53908125416295,1.3094927946452988e-05,1.0446045525431508e-05,2.143850694295294e-05
mlp-fosls,75.76158996244092,1.3049686291033934e-05,1.0398448610405206e-05,2.148722702564528e-05
mlp-fosls,75.98409867071891,1.3071410749577238e-05,1.0132054876851953e-05,2.151766602335537e-05
mlp-fosls,76.20660737899689,1.30243249752563e-05,1.0029951089434494e-05,2.154810502106546e-05
mlp-fosls,76.42911608727486,1.2819764338181598e-05,9.92784730201704e-06,2.1334175880704738e-05
mlp-fosls,76.65162479555285,1.2544924209868647e-05,1.0014581465505535e-05,2.1093030081007607e-05
mlp-fosls,76.87413350383083,1.2833388979095801e-05,1.0273750483152155e-05,2.1123162244127002e-05
mlp-fosls,77.0966422121088,1.344202741633196e-05,1.051607823208908e-05,2.1561520118959826e-05
mlp-fosls,77.31915092038679,1.3494838692381628e-05,1.0212600396095045e-05,2.1999877993792677e-05
mlp-fosls,77.54165962866477,1.3336926570858992e-05,9.90912256010101e-06,2.1817502740232445e-05
mlp-fosls,77.76416833694275,1.2953975091726048e-05,9.78997312464147e-06,2.1565640998852644e-05
mlp-fosls,77.98667704522073,1.281818164325204e-05,9.829198108818868e-06,2.1404668286157085e-05
mlp-fosls,78.20918575349872,1.2878600301475606e-05,9.866932329968686e-06,2.1380078544599276e-05
mlp-fosls,78.43169446177669,1.2948273058344648e-05,9.871889317123993e-06,2.1355488803041467e-05
mlp-fosls,78.65420317005467,1.28684632768224e-05,9.879974237901533e-06,2.1231784918402678e-05
mlp-fosls,78.87671187833266,1.276385536536481e-05,9.92290721407962e-06,2.109680256591205e-05
mlp-fosls,79.09922058661063,1.277831916507648e-05,9.995264619224892e-06,2.1017025606185428e-05
mlp-fosls,79.32172929488861,1.2936320932025919e-05,1.0001573515890187e-05,2.102079278910235e-05
mlp-fosls,79.5442380031666,1.334067850336228e-05,9.893485644533282e-06,2.1024559972019272e-05
mlp-fosls,79.76674671144457,1.3494102287303803e-05,9.959405981864318e-06,2.0974113260830005e-05
mlp-fosls,79.98925541972255,1.3287214626214814e-05,1.0025326319195357e-05,2.0917519145859727e-05
mlp-fosls,80.21176412800054,1.3122184095082996e-05,1.0008930163908987e-05,2.1066724365554306e-05
mlp-fosls,80.43427283627851,1.3153584320033474e-05,9.975375522962137e-06,2.152846014663716e-05
mlp-fosls,80.6567815445565,1.3135449315264593e-05,1.0007354532677929e-05,2.1990195927720047e-05
mlp-fosls,80.87929025283447,1.3085658823064055e-05,9.806313506864258e-06,2.1590950117319607e-05
mlp-fosls,81.10179896111245,1.2844350139458791e-05,9.699195805181805e-06,2.1091560275948325e-05
mlp-fosls,81.32430766939044,1.2588122635965668e-05,9.658879295873939e-06,2.0745541115923474e-05
mlp-fosls,81.5468163776684,1.238546984407605e-05,9.662118329725023e-06,2.0633245300794546e-05
mlp-fosls,81.76932508594639,1.2284973646142836e-05,1.009498167472131e-05,2.0520949485665608e-05
mlp-fosls,81.99183379422438,1.2283283776636383e-05,1.038552341135347e-05,2.0583686304224184e-05
mlp-fosls,82.21434250250235,1.2283460247060516e-05,1.0445511355466838e-05,2.066663287639623e-05
mlp-fosls,82.43685121078033,1.2279618732751798e-05,1.0203998140845596e-05,2.0690061593513313e-05
mlp-fosls,82.65935991905832,1.2285680123227153e-05,9.92295699553575e-06,2.0622662219596274e-05
mlp-fosls,82.88186862733629,1.248142531134757e-05,9.88618214393896e-06,2.055526284567924e-05
mlp-fosls,83.10437733561427,1.2713304432507657e-05,9.849407292342166e-06,2.106599870221002e-05
mlp-fosls,83.32688604389226,1.2768826151398925e-05,9.865237775838718e-06,2.1643717566628244e-05
mlp-fosls,83.54939475217023,1.2668934282024873e-05,9.913833925828663e-06,2.1766732592319342e-05
mlp-fosls,83.77190346044821,1.251928089546501e-05,9.952956820463462e-06,2.1194230080153006e-05
mlp-fosls,83.9944121687262,1.242633598434853e-05,9.925329895076631e-06,2.062172756798667e-05
mlp-fosls,84.21692087700417,1.2389396750400646e-05,9.8977029696898e-06,2.0664697454161317e-05
mlp-fosls,84.43942958528216,1.234965350621594e-05,9.900001789801199e-06,2.0778964896431076e-05
mlp-fosls,84.66193829356014,1.2254215559497098e-05,9.919716083551914e-06,2.080773158389722e-05
mlp-fosls,84.88444700183811,1.2142068994671816e-05,9.914676387150565e-06,2.0706534520894233e-05
mlp-fosls,85.1069557101161,1.2073266292495868e-05,9.757845239954058e-06,2.0605337457891234e-05
mlp-fosls,85.32946441839408,1.1988820429558557e-05,9.60101409275755e-06,2.0642322194536042e-05
mlp-fosls,85.55197312667205,1.1911600234828402e-05,9.561683913279486e-06,2.069525672329598e-05
mlp-fosls,85.77448183495004,1.195295144374708e-05,9.586132058113257e-06,2.0665658615214517e-05
mlp-fosls,85.99699054322801,1.2044302755503568e-05,9.60147787533035e-06,2.0510118541859104e-05
mlp-fosls,86.219499251506,1.2116468202274342e-05,9.567483607106497e-06,2.035457846850368e-05
mlp-fosls,86.44200795978398,1.2182821067808259e-05,9.533489338882643e-06,2.0210360750080227e-05
mlp-fosls,86.66451666806195,1.2240144559717246e-05,9.50433212722219e-06,2.006746414972694e-05
mlp-fosls,86.88702537633993,1.2208488458770358e-05,9.477623956109486e-06,1.9988540975922474e-05
mlp-fosls,87.10953408461792,1.2119929460057366e-05,9.470042827241684e-06,2.0007255311243785e-05
mlp-fosls,87.33204279289589,1.2124370778932764e-05,9.554908197840045e-06,2.0025969646565093e-05
mlp-fosls,87.55455150117388,1.2198779452770032e-05,9.63977356843841e-06,2.0094324375824345e-05
mlp-fosls,87.77706020945186,1.2254316326022752e-05,9.597975156318892e-06,2.0168415545867536e-05
mlp-fosls,87.99956891772983,1.21978491607262e-05,9.496501172582256e-06,2.0196901660180233e-05
mlp-fosls,88.22207762600782,1.2182200244232179e-05,9.424128123694517e-06,2.0155870388897142e-05
mlp-fosls,88.4445863342858,1.2231149835079797e-05,9.477373621072293e-06,2.011483911761405e-05
mlp-fosls,88.66709504256377,1.2250501811107947e-05,9.530619118450068e-06,2.0140346040680502e-05
mlp-fosls,88.88960375084176,1.222337714653159e-05,9.504256880575584e-06,2.017353503134343e-05
mlp-fosls,89.11211245911974,1.2008398133036675e-05,9.443058651690595e-06,2.0252102771173592e-05
mlp-fosls,89.33462116739771,1.1800748679010059e-05,9.374969826500304e-06,2.0399715779965005e-05
mlp-fosls,89.5571298756757,1.169158384805728e-05,9.279847338011883e-06,2.0547328788756432e-05
mlp-fosls,89.77963858395368,1.1702787292871017e-05,9.184724849523462e-06,2.0387071875497243e-05
mlp-fosls,90.00214729223165,1.1740245539893945e-05,9.362856833640792e-06,2.019138306738805e-05
mlp-fosls,90.22465600050964,1.1824581168023014e-05,9.652046902887156e-06,2.0197908660828916e-05
mlp-fosls,90.44716470878762,1.1861133126348662e-05,9.76806141389407e-06,2.051192035666911e-05
mlp-fosls,90.6696734170656,1.1804124923856611e-05,9.421626388045457e-06,2.0825932052509277e-05
mlp-fosls,90.89218212534358,1.166813794347116e-05,9.047671451059644e-06,2.0693777210996014e-05
mlp-fosls,91.11469083362157,1.1545215587614755e-05,9.011336069884819e-06,2.0510249229749392e-05
mlp-fosls,91.33719954189954,1.1557397266438561e-05,9.101242387992456e-06,2.035512568790185e-05
mlp-fosls,91.55970825017752,1.1631946399136459e-05,9.172949003137114e-06,2.024316636564231e-05
mlp-fosls,91.78221695845549,1.1684217344287313e-05,9.18564048612744e-06,2.013120704338278e-05
mlp-fosls,92.00472566673348,1.1732013301551242e-05,9.198331969117765e-06,2.0052268379835527e-05
mlp-fosls,92.22723437501146,1.1768784584940416e-05,9.136914815560299e-06,1.997717910670994e-05
mlp-fosls,92.44974308328943,1.173718459772287e-05,9.049895065898986e-06,1.98909415110274e-05
mlp-fosls,92.67225179156742,1.1702655831546477e-05,9.033572044266444e-06,1.978765371804397e-05
mlp-fosls,92.8947604998454,1.1747348974912469e-05,9.22840168652033e-06,1.9684365925060537e-05
mlp-fosls,93.11726920812337,1.1790018754680975e-05,9.423231328774203e-06,1.9719278676690728e-05
mlp-fosls,93.33977791640136,1.182300020950647e-05,9.346895662486664e-06,1.9770509455891965e-05
mlp-fosls,93.56228662467934,1.1847132759159952e-05,9.184522084061727e-06,1.9791897198529376e-05
mlp-fosls,93.78479533295732,1.1861971480044854e-05,9.143241475399217e-06,1.976737845950083e-05
mlp-fosls,94.0073040412353,1.1868431317523209e-05,9.434106163162305e-06,1.9742859720472288e-05
mlp-fosls,94.22981274951329,1.1890378394233308e-05,9.72497085092539e-06,1.9757680533612594e-05
mlp-fosls,94.45232145779126,1.1903954074023582e-05,9.565788587039755e-06,1.9777239311181254e-05
mlp-fosls,94.67483016606924,1.1846603715282567e-05,9.275679324575339e-06,1.9851659540109267e-05
mlp-fosls,94.89733887434723,1.1769673202729795e-05,9.071936770442358e-06,2.001097718093735e-05
mlp-fosls,95.1198475826252,1.1737528163142024e-05,9.087097075525576e-06,2.0170294821765422e-05
mlp-fosls,95.34235629090318,1.1783909068232257e-05,9.102257380608793e-06,2.023927424771949e-05
mlp-fosls,95.56486499918117,1.185853604509331e-05,9.13092802647714e-06,2.029730823022008e-05
mlp-fosls,95.78737370745914,1.197990597716566e-05,9.163170175886002e-06,2.0318799563269432e-05
mlp-fosls,96.00988241573712,1.2036792626544936e-05,9.177029807012754e-06,2.0283367026942406e-05
mlp-fosls,96.23239112401511,1.1968971772965893e-05,9.147780586099463e-06,2.024793449061538e-05
mlp-fosls,96.45489983229308,1.18671165420971e-05,9.118531365186174e-06,2.0284614676892252e-05
mlp-fosls,96.67740854057107,1.1767380313391135e-05,9.113106306698215e-06,2.0330212292842397e-05
mlp-fosls,96.89991724884904,1.1670230830950467e-05,9.113374890989992e-06,2.027791391562144e-05
mlp-fosls,97.12242595712702,1.1609021460789382e-05,9.077657713276633e-06,2.0072588917150804e-05
mlp-fosls,97.344934665405,1.1609273792914518e-05,8.963623532443404e-06,1.986726391868017e-05
mlp-fosls,97.56744337368298,1.1590160788615838e-05,8.849589351610184e-06,1.9916679429384855e-05
mlp-fosls,97.78995208196096,1.1569031506144387e-05,8.830017134368074e-06,1.9997366763145823e-05
mlp-fosls,98.01246079023895,1.1611434037910245e-05,8.830782574804765e-06,2.0054858391205577e-05
mlp-fosls,98.23496949851692,1.1710844337971123e-05,8.854977978464149e-06,2.0076217783525638e-05
mlp-fosls,98.4574782067949,1.1747952955603683e-05,8.926487947398414e-06,2.00975771758457e-05
mlp-fosls,98.67998691507289,1.1681493532777351e-05,8.99799791633268e-06,2.0080795069590237e-05
mlp-fosls,98.90249562335086,1.1600597867940735e-05,9.0308828692395e-06,2.0059354407714163e-05
mlp-fosls,99.12500433162884,1.1546955041228112e-05,9.056336411267161e-06,2.0028966948788212e-05
mlp-fosls,99.34751303990683,1.153689568302969e-05,9.076099617153713e-06,1.998468238497671e-05
mlp-fosls,99.5700217481848,1.1590213853952585e-05,9.085141569821438e-06,1.9940397821165213e-05
mlp-fosls,99.79253045646279,1.1633667171819158e-05,9.094183522489163e-06,2.0058677446264365e-05
mlp-fosls,100.01503916474077,1.165055179689945e-05,9.130643803787697e-06,2.0196642233677814e-05
mlp-fosls,100.23754787301874,1.1612581731869544e-05,9.171761224998027e-06,2.0260903554171166e-05
mlp-fosls,100.46005658129673,1.1615598706184144e-05,9.158828289582797e-06,2.021095945832394e-05
mlp-fosls,100.68256528957471,1.1675755794929024e-05,9.050685575779804e-06,2.0161015362476715e-05
mlp-fosls,100.90507399785268,1.1749704738374984e-05,8.94254286197682e-06,2.034677609838378e-05
mlp-fosls,101.12758270613067,1.1796175473322454e-05,9.133005039195078e-06,2.0561075597186072e-05
mlp-fosls,101.35009141440865,1.1740697120411472e-05,9.368130525904146e-06,2.076511306046911e-05
mlp-fosls,101.57260012268662,1.1678120687501799e-05,9.470767343131457e-06,2.0953262653652074e-05
mlp-fosls,101.79510883096461,1.172229633988674e-05,9.355350221785486e-06,2.1141412246835047e-05
mlp-fosls,102.01761753924258,1.177943019129923e-05,9.23993310043952e-06,2.1128646038408464e-05
mlp-fosls,102.24012624752056,1.1820748910213031e-05,9.188559956431169e-06,2.1091708419974353e-05
mlp-fosls,102.46263495579855,1.1830623445474615e-05,9.145447170815662e-06,2.104102559199114e-05
mlp-fosls,102.68514366407652,1.1846143776355924e-05,9.163383272317885e-06,2.096909894475838e-05
mlp-fosls,102.9076523723545,1.180948969540756e-05,9.275227537288956e-06,2.0897172297525615e-05
mlp-fosls,103.13016108063249,1.1732353603440493e-05,9.387071802260027e-06,2.0684975442757624e-05
mlp-fosls,103.35266978891046,1.165255053943566e-05,9.292985400901161e-06,2.0456073717399005e-05
mlp-fosls,103.57517849718845,1.1573615821851283e-05,9.176469687664496e-06,2.0272608670497506e-05
mlp-fosls,103.79768720546643,1.1484861083927642e-05,9.09550016709977e-06,2.015907821965548e-05
mlp-fosls,104.0201959137444,1.1446077868273846e-05,9.06564618423851e-06,2.0045547768813458e-05
mlp-fosls,104.24270462202239,1.14844435994834e-05,9.035792201377249e-06,2.0045117768973083e-05
mlp-fosls,104.46521333030037,1.1520648494875736e-05,9.115156204190031e-06,2.005807191595001e-05
mlp-fosls,104.68772203857834,1.1504026008493241e-05,9.204295640180246e-06,2.0019142241241232e-05
mlp-fosls,104.91023074685633,1.1487644876764233e-05,9.165206269239446e-06,1.9900615463858652e-05
mlp-fosls,105.13273945513431,1.1498935651095204e-05,8.953120757108415e-06,1.978208868647607e-05
mlp-fosls,105.35524816341228,1.1509181598412754e-05,8.741035244977397e-06,2.006836116468003e-05
mlp-fosls,105.57775687169027,1.1507281168749613e-05,8.839876825845503e-06,2.0402165816151004e-05
mlp-fosls,105.80026557996825,1.1457656555242606e-05,8.960807920449699e-06,2.052915835642098e-05
mlp-fosls,106.02277428824623,1.1377843227333347e-05,9.026219035515069e-06,2.034010544169009e-05
mlp-fosls,106.24528299652421,1.1286810939307482e-05,9.021419627955899e-06,2.015105252695919e-05
mlp-fosls,106.4677917048022,1.1246648779970523e-05,9.016620220396728e-06,2.040404729901584e-05
mlp-fosls,106.69030041308017,1.1235708088334583e-05,9.026735307514051e-06,2.0708288972741144e-05
mlp-fosls,106.91280912135815,1.1261818673392864e-05,9.037675950387807e-06,2.073472707834209e-05
mlp-fosls,107.13531782963612,1.1242666608702593e-05,9.054712717592956e-06,2.0338739344868203e-05
mlp-fosls,107.35782653791411,1.1187071420500041e-05,9.07902993184602e-06,1.994275161139429e-05
mlp-fosls,107.58033524619209,1.1225335648176396e-05,9.103347146099087e-06,2.0007146194155763e-05
mlp-fosls,107.80284395447006,1.1300703838151105e-05,9.161756082615935e-06,2.0124418063313266e-05
mlp-fosls,108.02535266274805,1.136739855547984e-05,9.221453839805784e-06,2.01935908763946e-05
mlp-fosls,108.24786137102603,1.1320850217227466e-05,9.27460927561858e-06,2.01894872463585e-05
mlp-fosls,108.470370079304,1.1244263039584808e-05,9.320439820054722e-06,2.01853836163224e-05
mlp-fosls,108.69287878758199,1.120050766426623e-05,9.366270364490866e-06,2.037737015755447e-05
mlp-fosls,108.91538749585997,1.1159429743828647e-05,9.430427045858827e-06,2.0592266158038038e-05
mlp-fosls,109.13789620413795,1.1094902988240312e-05,9.494963791133105e-06,2.061241842511626e-05
mlp-fosls,109.36040491241593,1.1029069213629012e-05,9.421624323954172e-06,2.0335366952809767e-05
mlp-fosls,109.58291362069392,1.0994824861951675e-05,9.203399627147808e-06,2.0058315480503277e-05
mlp-fosls,109.80542232897189,1.0998961202793709e-05,8.985174930341459e-06,2.0011945661013454e-05
mlp-fosls,110.02793103724987,1.1008686713055119e-05,9.034212604473391e-06,1.9992612457885356e-05
mlp-fosls,110.25043974552786,1.1021334093032175e-05,9.084531001842353e-06,1.9974030152737754e-05
mlp-fosls,110.47294845380583,1.104402553986764e-05,9.094338865707438e-06,1.9956597353454448e-05
mlp-fosls,110.69545716208381,1.1085014606806578e-05,9.064126148098488e-06,1.993916455417114e-05
mlp-fosls,110.9179658703618,1.1119494956269478e-05,9.033931568502092e-06,2.009448246140356e-05
mlp-fosls,111.14047457863977,1.1148684074770682e-05,9.005387269787318e-06,2.0269827641089088e-05
mlp-fosls,111.36298328691775,1.1180027041470115e-05,8.976842971072542e-06,2.0305597896600546e-05
mlp-fosls,111.58549199519574,1.1231809128529634e-05,8.947110396862812e-06,2.0129185151308354e-05
mlp-fosls,111.80800070347371,1.1293605731998792e-05,8.916273855901104e-06,1.9952772406016176e-05
mlp-fosls,112.0305094117517,1.1311327072588974e-05,8.886487393378721e-06,2.0241783294419403e-05
mlp-fosls,112.25301812002967,1.1305875106519192e-05,8.895728386383252e-06,2.0584113974061388e-05
mlp-fosls,112.47552682830765,1.1263705865666131e-05,8.904969379387784e-06,2.0546468028787292e-05
mlp-fosls,112.69803553658564,1.1219599842630479e-05,8.948615293731223e-06,1.993486930742068e-05
mlp-fosls,112.9205442448636,1.1210984249126113e-05,9.022318154591222e-06,1.9323270586054107e-05
mlp-fosls,113.14305295314159,1.120475482836037e-05,9.092054070590196e-06,1.9368419116134893e-05
mlp-fosls,113.36556166141958,1.118862004833557e-05,9.070756345643689e-06,1.9487404734469075e-05
mlp-fosls,113.58807036969755,1.1170231152059138e-05,9.049458620697184e-06,1.955266795600492e-05
mlp-fosls,113.81057907797553,1.1196053790597928e-05,8.978097532105782e-06,1.9537367452481768e-05
mlp-fosls,114.03308778625352,1.1180520638096566e-05,8.865851172554196e-06,1.9522066948958615e-05
mlp-fosls,114.25559649453149,1.1118232888770027e-05,8.764867577473664e-06,1.941942217520653e-05
mlp-fosls,114.47810520280947,1.1073032887652725e-05,8.84951383113844e-06,1.930698715449441e-05
mlp-fosls,114.70061391108746,1.1089025285717593e-05,8.934160084803216e-06,1.927168467906926e-05
mlp-fosls,114.92312261936543,1.1086683167338047e-05,9.024099728578477e-06,1.9352052582738857e-05
mlp-fosls,115.14563132764341,1.1041975460569495e-05,9.118119065954099e-06,1.9432420486408455e-05
mlp-fosls,115.3681400359214,1.1045378598065848e-05,9.212768537408749e-06,1.9440271703669614e-05
mlp-fosls,115.59064874419937,1.10605685994501e-05,9.31552065282832e-06,1.944005418797149e-05
mlp-fosls,115.81315745247736,1.1035459717822822e-05,9.4182727682479e-06,1.941176464936599e-05
mlp-fosls,116.03566616075534,1.0935879047856607e-05,9.355886293411901e-06,1.934127330888829e-05
mlp-fosls,116.25817486903331,1.08799010406927e-05,9.173432804761047e-06,1.9270781968410597e-05
mlp-fosls,116.4806835773113,1.0928651528046403e-05,9.003855092381009e-06,1.9262153674993422e-05
mlp-fosls,116.70319228558928,1.0954921408266252e-05,8.969750501260564e-06,1.92606207369422e-05
mlp-fosls,116.92570099386725,1.0933060381039653e-05,8.935645910140122e-06,1.924478619852148e-05
mlp-fosls,117.14820970214524,1.0940303733361877e-05,8.90968463324104e-06,1.920711501080489e-05
mlp-fosls,117.37071841042321,1.0918469605635238e-05,8.889275326157337e-06,1.91694438230883e-05
mlp-fosls,117.5932271187012,1.0912335054775193e-05,8.870226062524533e-06,1.922446741780595e-05
mlp-fosls,117.81573582697918,1.0913046609041871e-05,8.863047742119556e-06,1.9290363838744936e-05
mlp-fosls,118.03824453525715,1.0913164026263308e-05,8.85586942171458e-06,1.936614803290322e-05
mlp-fosls,118.26075324353513,1.0906011055064372e-05,8.87857292872676e-06,1.9457132945531537e-05
mlp-fosls,118.48326195181312,1.090107014648406e-05,8.920333141423938e-06,1.9548117858159853e-05
mlp-fosls,118.70577066009109,1.0886356081830173e-05,8.963727055858371e-06,1.9702639385911795e-05
mlp-fosls,118.92827936836908,1.088622014114037e-05,9.019228763231502e-06,1.9864863990370555e-05
mlp-fosls,119.15078807664706,1.0924847012759633e-05,9.074730470604633e-06,2.0006676580725196e-05
mlp-fosls,119.37329678492503,1.09558545996099e-05,9.013415851736552e-06,2.0116515487978053e-05
mlp-fosls,119.59580549320302,1.097118205541939e-05,8.88283577336332e-06,2.0226354395230914e-05
mlp-fosls,119.818314201481,1.0999351930583648e-05,8.765827793234079e-06,2.0041062568836285e-05
mlp-fosls,120.04082290975897,1.1016821063931594e-05,8.73495070918416e-06,1.981881332408694e-05
mlp-fosls,120.26333161803696,1.0991190429573711e-05,8.704073625134235e-06,1.968514297416869e-05
mlp-fosls,120.48584032631494,1.0947692498059112e-05,8.676636369817678e-06,1.9692127767870787e-05
mlp-fosls,120.70834903459291,1.0903717133230688e-05,8.651097963892504e-06,1.969911256157288e-05
mlp-fosls,120.9308577428709,1.0836983412930125e-05,8.63461993507924e-06,1.9726691070323464e-05
mlp-fosls,121.15336645114888,1.0787065802891365e-05,8.668302926794896e-06,1.9756930193794436e-05
mlp-fosls,121.37587515942685,1.0791110526434287e-05,8.701985918510549e-06,1.9716789426278073e-05
mlp-fosls,121.59838386770484,1.0800033174301266e-05,8.702437103407115e-06,1.956473861184602e-05
mlp-fosls,121.82089257598282,1.0744273433884229e-05,8.685866628977183e-06,1.9412687797413966e-05
mlp-fosls,122.0434012842608,1.0732526489084092e-05,8.673693924021e-06,1.9430715733538408e-05
mlp-fosls,122.26590999253878,1.0759881684519908e-05,8.683213626719465e-06,1.9470665309749206e-05
mlp-fosls,122.48841870081675,1.0825909177026381e-05,8.69273332941793e-06,1.9600661446300027e-05
mlp-fosls,122.71092740909474,1.0852162366089412e-05,8.674544311208704e-06,1.9874155727632646e-05
mlp-fosls,122.93343611737272,1.0885215560458812e-05,8.643090350607894e-06,2.0147650008965265e-05
mlp-fosls,123.15594482565069,1.0890017813360147e-05,8.612400577692237e-06,1.9949862248748528e-05
mlp-fosls,123.37845353392868,1.0841517260493505e-05,8.585103600030742e-06,1.9690784666999883e-05
mlp-fosls,123.60096224220666,1.0713141895651815e-05,8.557806622369248e-06,1.9560163419644207e-05
mlp-fosls,123.82347095048463,1.0637096587527401e-05,8.545946840761713e-06,1.963474635483666e-05
mlp-fosls,124.04597965876262,1.0679266421766932e-05,8.540975987193175e-06,1.9709329290029116e-05
mlp-fosls,124.2684883670406,1.0750212361034458e-05,8.543240137943899e-06,1.9689475961705847e-05
mlp-fosls,124.49099707531857,1.0812279281511784e-05,8.574477477776731e-06,1.9657229494329653e-05
mlp-fosls,124.71350578359656,1.0847729115993265e-05,8.605714817609565e-06,1.963853080368112e-05
mlp-fosls,124.93601449187454,1.0867926630876759e-05,8.58064729264975e-06,1.9641564728949903e-05
mlp-fosls,125.15852320015252,1.0878697184288836e-05,8.532294117585188e-06,1.9644598654218686e-05
mlp-fosls,125.3810319084305,1.0872396844984412e-05,8.495913981582056e-06,1.950728153420433e-05
mlp-fosls,125.60354061670849,1.0860169019898547e-05,8.503279409545181e-06,1.935163342212532e-05
mlp-fosls,125.82604932498646,1.0849436368519929e-05,8.510644837508307e-06,1.92037713416006e-05
mlp-fosls,126.04855803326444,1.0852992144759612e-05,8.495885921924255e-06,1.906838998677405e-05
mlp-fosls,126.27106674154243,1.086752201824612e-05,8.472620298447565e-06,1.89330086319475e-05
mlp-fosls,126.4935754498204,1.0844835107703066e-05,8.460633433889095e-06,1.8869795167636555e-05
mlp-fosls,126.71608415809838,1.0817666824982481e-05,8.486450121117621e-06,1.8815942742925207e-05
mlp-fosls,126.93859286637637,1.0819761181965084e-05,8.512266808346146e-06,1.8751223710957606e-05
mlp-fosls,127.16110157465434,1.0863988519731827e-05,8.634745726931497e-06,1.8669194731264666e-05
mlp-fosls,127.38361028293232,1.0868150174551891e-05,8.791701300902727e-06,1.858716575157172e-05
mlp-fosls,127.6061189912103,1.0827583038408905e-05,8.892622742126757e-06,1.8581814627877294e-05
mlp-fosls,127.82862769948828,1.077178182334178e-05,8.820491217506568e-06,1.8586339256425634e-05
mlp-fosls,128.05113640776625,1.0717004110923982e-05,8.748359692886385e-06,1.8612257377868767e-05
mlp-fosls,128.27364511604424,1.0693249768539585e-05,8.733526351030079e-06,1.8672185148197162e-05
mlp-fosls,128.49615382432222,1.070832910235102e-05,8.737583422144125e-06,1.8732112918525556e-05
mlp-fosls,128.7186625326002,1.074749599157664e-05,8.732811496780198e-06,1.869182080878083e-05
mlp-fosls,128.9411712408782,1.0795034930982905e-05,8.70289803061396e-06,1.863860562940341e-05
mlp-fosls,129.16367994915618,1.0830611455123807e-05,8.672984564447724e-06,1.8586360200303305e-05
mlp-fosls,129.38618865743413,1.0818345142003594e-05,8.673375728139519e-06,1.8535655553256805e-05
mlp-fosls,129.60869736571212,1.0776231795616812e-05,8.682935243394569e-06,1.8484950906210298e-05
mlp-fosls,129.8312060739901,1.0784676763890934e-05,8.710386139096529e-06,1.849736550329191e-05
mlp-fosls,130.0537147822681,1.0825456916352924e-05,8.78492446972956e-06,1.8517813553677143e-05
mlp-fosls,130.27622349054607,1.0878685208342678e-05,8.859462800362592e-06,1.8522164706561093e-05
mlp-fosls,130.49873219882403,1.087759637354802e-05,8.893074598207424e-06,1.850113940602192e-05
mlp-fosls,130.72124090710201,1.0822932533110215e-05,8.915319410561382e-06,1.848011410548275e-05
mlp-fosls,130.94374961538,1.075725028311465e-05,8.918649333318853e-06,1.851714967390716e-05
mlp-fosls,131.16625832365798,1.0695295703191768e-05,8.875595288522344e-06,1.856146741088984e-05
mlp-fosls,131.38876703193597,1.0645651424491008e-05,8.832541243725837e-06,1.8593210556171927e-05
mlp-fosls,131.61127574021396,1.0607183767974759e-05,8.806592234584436e-06,1.8605213048703085e-05
mlp-fosls,131.8337844484919,1.0578710578199365e-05,8.784975590557627e-06,1.8617215541234242e-05
mlp-fosls,132.0562931567699,1.0597213584131796e-05,8.756750807054553e-06,1.852652024381144e-05
mlp-fosls,132.27880186504788,1.0643631376652369e-05,8.713527076088242e-06,1.8423098756689597e-05
mlp-fosls,132.50131057332587,1.0708076772259792e-05,8.67030334512193e-06,1.8300495337778737e-05
mlp-fosls,132.72381928160385,1.0743092998844803e-05,8.710277520610894e-06,1.8147917902125962e-05
mlp-fosls,132.94632798988184,1.0704534693196967e-05,8.769203623628176e-06,1.7995340466473187e-05
mlp-fosls,133.1688366981598,1.0702468022098746e-05,8.801860057646733e-06,1.809922404672341e-05
mlp-fosls,133.39134540643778,1.0736255958769935e-05,8.77939421940491e-06,1.823458600766621e-05
mlp-fosls,133.61385411471576,1.0791441841578059e-05,8.756928381163084e-06,1.8336502633384714e-05
mlp-fosls,133.83636282299375,1.0798295340196386e-05,8.801622585852961e-06,1.8386229620226567e-05
mlp-fosls,134.05887153127173,1.0786257581108184e-05,8.860002792516798e-06,1.843595660706842e-05
mlp-fosls,134.28138023954972,1.0761619341985215e-05,8.899069005791048e-06,1.8364827655431016e-05
mlp-fosls,134.50388894782768,1.072728632303723e-05,8.90039842447893e-06,1.8278741783921604e-05
mlp-fosls,134.72639765610566,1.0689431423105169e-05,8.901727843166811e-06,1.8302046266890633e-05
mlp-fosls,134.94890636438365,1.06727883839242e-05,8.914925349796948e-06,1.8496731109602245e-05
mlp-fosls,135.17141507266163,1.0663509076143514e-05,8.930278995198628e-06,1.8691415952313857e-05
mlp-fosls,135.39392378093962,1.0662573274413723e-05,8.939539713366664e-06,1.8606364271831545e-05
mlp-fosls,135.61643248921757,1.0660843489955538e-05,8.937701983679586e-06,1.8486509890573078e-05
mlp-fosls,135.83894119749556,1.0654851087338053e-05,8.935864253992508e-06,1.839865170663714e-05
mlp-fosls,136.06144990577354,1.0649081044944762e-05,8.961134176930134e-06,1.8360947545124412e-05
mlp-fosls,136.28395861405153,1.0650027043604526e-05,8.990722332966407e-06,1.8323243383611683e-05
mlp-fosls,136.5064673223295,1.0627925558460412e-05,8.957132380504385e-06,1.8336469748569614e-05
mlp-fosls,136.7289760306075,1.0606582671470548e-05,8.816128129243248e-06,1.835606385737456e-05
mlp-fosls,136.95148473888545,1.0601039859628977e-05,8.67512387798213e-06,1.8380812243107358e-05
mlp-fosls,137.17399344716344,1.0606661544476737e-05,8.702621652272013e-06,1.8413654832194062e-05
mlp-fosls,137.39650215544142,1.0597010966526878e-05,8.753581387683878e-06,1.8446497421280766e-05
mlp-fosls,137.6190108637194,1.0582342812726626e-05,8.792337513698322e-06,1.8402879440512283e-05
mlp-fosls,137.8415195719974,1.0568899054613713e-05,8.811620818752706e-06,1.8349764726915185e-05
mlp-fosls,138.06402828027538,1.0559376406329491e-05,8.830904123807089e-06,1.833540263794509e-05
mlp-fosls,138.28653698855334,1.055167667488793e-05,8.809258047464793e-06,1.8381800146375737e-05
mlp-fosls,138.50904569683132,1.0555451911869078e-05,8.78271360048741e-06,1.842819765480639e-05
mlp-fosls,138.7315544051093,1.056603278587948e-05,8.75128834648997e-06,1.8426197170329908e-05
mlp-fosls,138.9540631133873,1.0590247637596964e-05,8.712570900306442e-06,1.8418187597559566e-05
mlp-fosls,139.17657182166528,1.0622588602519734e-05,8.673853454122913e-06,1.8452039592496296e-05
mlp-fosls,139.39908052994326,1.0629321542946412e-05,8.718932654771848e-06,1.8551536049717566e-05
mlp-fosls,139.62158923822122,1.059040222224909e-05,8.772393198760462e-06,1.8651032506938827e-05
mlp-fosls,139.8440979464992,1.0580585462486793e-05,8.78869519648359e-06,1.858579902150861e-05
mlp-fosls,140.0666066547772,1.0587194092060463e-05,8.753178471841353e-06,1.8500188236211427e-05
mlp-fosls,140.28911536305517,1.0604349728262469e-05,8.717661747199114e-06,1.8472368455597398e-05
mlp-fosls,140.51162407133316,1.0618884727486841e-05,8.716877583040669e-06,1.8534620527200196e-05
mlp-fosls,140.73413277961112,1.0645873236552382e-05,8.718868691396345e-06,1.8596872598802988e-05
mlp-fosls,140.9566414878891,1.066157402269742e-05,8.702117973546463e-06,1.8508133513931495e-05
mlp-fosls,141.1791501961671,1.0663436297459921e-05,8.660907914569828e-06,1.8401012913198833e-05
mlp-fosls,141.40165890444507,1.0659162584453102e-05,8.619697855593191e-06,1.83550874366416e-05
mlp-fosls,141.62416761272306,1.067709818235824e-05,8.608481893026046e-06,1.8404020098414952e-05
mlp-fosls,141.84667632100104,1.0672773980293397e-05,8.599129110194817e-06,1.845295276018831e-05
mlp-fosls,142.069185029279,1.064907292430614e-05,8.584564348721298e-06,1.845898305261749e-05
mlp-fosls,142.29169373755698,1.0644606895342232e-05,8.563613039416656e-06,1.8459871691528472e-05
mlp-fosls,142.51420244583497,1.067999280104422e-05,8.542661730112014e-06,1.8441771681067294e-05
mlp-fosls,142.73671115411295,1.0730275880909921e-05,8.528755387318704e-06,1.8394425155821478e-05
mlp-fosls,142.95921986239094,1.0783080020279677e-05,8.515165037744192e-06,1.8347078630575662e-05
mlp-fosls,143.18172857066892,1.08131983086854e-05,8.5445369599379e-06,1.8544136179754336e-05
mlp-fosls,143.40423727894688,1.081743749006925e-05,8.623280144266287e-06,1.876998524325009e-05
mlp-fosls,143.62674598722487,1.0785421501435745e-05,8.702023328594682e-06,1.8881898760737692e-05
mlp-fosls,143.84925469550285,1.0732848517310798e-05,8.677897867367217e-06,1.8819017432318742e-05
mlp-fosls,144.07176340378084,1.065813830941006e-05,8.650978674538349e-06,1.8756136103899792e-05
mlp-fosls,144.29427211205882,1.0629299159770198e-05,8.657341652708129e-06,1.8666705289069034e-05
mlp-fosls,144.5167808203368,1.0646079639353766e-05,8.699510856335403e-06,1.8574133739003255e-05
mlp-fosls,144.73928952861476,1.0701262910126508e-05,8.741680059962672e-06,1.8529768143343558e-05
mlp-fosls,144.96179823689275,1.0741409518150716e-05,8.753640504452469e-06,1.8559312939987725e-05
mlp-fosls,145.18430694517073,1.0716441759057263e-05,8.765291506687297e-06,1.8588857736631893e-05
mlp-fosls,145.40681565344872,1.0730590040724708e-05,8.777064225224147e-06,1.853269848253832e-05
mlp-fosls,145.6293243617267,1.0763873538575091e-05,8.788959646918597e-06,1.8466537684642865e-05
mlp-fosls,145.85183307000466,1.078540752060571e-05,8.800563951153541e-06,1.8429976864913575e-05
mlp-fosls,146.07434177828264,1.0754176778271879e-05,8.765149968382768e-06,1.8438483628980337e-05
mlp-fosls,146.29685048656063,1.0727602031239464e-05,8.729735985611994e-06,1.8446990393047097e-05
mlp-fosls,146.51935919483861,1.0687427444902618e-05,8.673764811944732e-06,1.8466325543948104e-05
mlp-fosls,146.7418679031166,1.0647647097453488e-05,8.598385620270983e-06,1.848690146563678e-05
mlp-fosls,146.96437661139458,1.0616139222862918e-05,8.525106760995591e-06,1.8512465322050895e-05
mlp-fosls,147.18688531967254,1.0592249838364775e-05,8.541864117825536e-06,1.8545556439659797e-05
mlp-fosls,147.40939402795053,1.0568837253897981e-05,8.558621474655482e-06,1.8578647557268702e-05
mlp-fosls,147.6319027362285,1.057332140549521e-05,8.588830832929307e-06,1.8525477223929163e-05
mlp-fosls,147.8544114445065,1.0596486711856163e-05,8.630910884670178e-06,1.8462656160983092e-05
mlp-fosls,148.07692015278448,1.0638786156126316e-05,8.671001151440331e-06,1.8445943244485117e-05
mlp-fosls,148.29942886106247,1.0693942264734094e-05,8.662228742596172e-06,1.8498424410808904e-05
mlp-fosls,148.52193756934042,1.0723583748916583e-05,8.653456333752014e-06,1.8550905577132684e-05
mlp-fosls,148.7444462776184,1.0727315823186897e-05,8.647905680048985e-06,1.854979201137125e-05
mlp-fosls,148.9669549858964,1.0730721808126664e-05,8.645023702434842e-06,1.854270828183539e-05
mlp-fosls,149.18946369417438,1.0729776758061746e-05,8.641107557017113e-06,1.8538903387628377e-05
mlp-fosls,149.41197240245236,1.0699029523238968e-05,8.61946584674508e-06,1.8540006709329614e-05
mlp-fosls,149.63448111073035,1.0686022694998808e-05,8.597824136473047e-06,1.8541110031030854e-05
mlp-fosls,149.8569898190083,1.0708516497709477e-05,8.575222492417124e-06,1.8531984221352265e-05
mlp-fosls,150.0794985272863,1.0714444034230764e-05,8.551877267025616e-06,1.8521736215143446e-05
mlp-fosls,150.30200723556428,1.0692083821200295e-05,8.531378497004843e-06,1.853495576342369e-05
mlp-fosls,150.52451594384226,1.0676779268880633e-05,8.547962068601139e-06,1.8583061435301492e-05
mlp-fosls,150.74702465212025,1.0756003760844643e-05,8.564545640197436e-06,1.86311671071793e-05
mlp-fosls,150.9695333603982,1.0819260796579102e-05,8.540849615604822e-06,1.8591761857238482e-05
mlp-fosls,151.1920420686762,1.0837466750961575e-05,8.48793123513602e-06,1.8542898285555284e-05
mlp-fosls,151.41455077695417,1.0812160110984364e-05,8.441000823558538e-06,1.8507802504664962e-05
mlp-fosls,151.63705948523216,1.0794619438973309e-05,8.456020587592312e-06,1.849313032100271e-05
mlp-fosls,151.85956819351014,1.0797704755921148e-05,8.471040351626087e-06,1.847845813734046e-05
mlp-fosls,152.08207690178813,1.0793490667448613e-05,8.511675446275842e-06,1.8513414356983567e-05
mlp-fosls,152.30458561006608,1.0779337682608006e-05,8.569651321056244e-06,1.8553712054323263e-05
mlp-fosls,152.52709431834407,1.0766493164941611e-05,8.624195667822178e-06,1.85339292730727e-05
mlp-fosls,152.74960302662205,1.077945282820495e-05,8.649260110750817e-06,1.842522643168059e-05
mlp-fosls,152.97211173490004,1.073005965062315e-05,8.674324553679457e-06,1.831652359028848e-05
mlp-fosls,153.19462044317802,1.0640438415127112e-05,8.66181629250202e-06,1.83488466205962e-05
mlp-fosls,153.417129151456,1.0587237937359308e-05,8.6255473025294e-06,1.8396250952077957e-05
mlp-fosls,153.63963785973397,1.058212245819026e-05,8.60094390918129e-06,1.8428603162473042e-05
mlp-fosls,153.86214656801195,1.0564410790602634e-05,8.661097561368588e-06,1.8438725531992963e-05
mlp-fosls,154.08465527628994,1.0505172769816078e-05,8.721251213555886e-06,1.844884790151288e-05
mlp-fosls,154.30716398456792,1.0524376134331705e-05,8.706035358418432e-06,1.8425355588210434e-05
mlp-fosls,154.5296726928459,1.0580849337634647e-05,8.646361576866557e-06,1.8398290744461478e-05
mlp-fosls,154.7521814011239,1.062372333865256e-05,8.5900065656011e-06,1.8391825025988137e-05
mlp-fosls,154.97469010940185,1.0589524385135093e-05,8.554527564801921e-06,1.841571747518103e-05
mlp-fosls,155.19719881767983,1.0540180637117264e-05,8.519048564002738e-06,1.8439609924373923e-05
mlp-fosls,155.41970752595782,1.0539429604960654e-05,8.490219155378634e-06,1.841190709896061e-05
mlp-fosls,155.6422162342358,1.0568491970178996e-05,8.465047778842993e-06,1.837875262448035e-05
mlp-fosls,155.8647249425138,1.0624201057507281e-05,8.443309942562359e-06,1.834281122113483e-05
mlp-fosls,156.08723365079175,1.0703453515108652e-05,8.440504491446055e-06,1.830275944222693e-05
mlp-fosls,156.30974235906973,1.0742009749322704e-05,8.43769904032975e-06,1.8262707663319026e-05
mlp-fosls,156.53225106734772,1.0721670417040796e-05,8.431045700706575e-06,1.8298551383644414e-05
mlp-fosls,156.7547597756257,1.0700785608076032e-05,8.422426012590444e-06,1.834247556066412e-05
mlp-fosls,156.97726848390369,1.0700582608159632e-05,8.420333137006077e-06,1.838070487567506e-05
mlp-fosls,157.19977719218167,1.071055241460139e-05,8.450227268003711e-06,1.8410526402574076e-05
mlp-fosls,157.42228590045963,1.0670948326143644e-05,8.48012139900134e-06,1.8440347929473084e-05
mlp-fosls,157.6447946087376,1.0653606602855606e-05,8.51427354095371e-06,1.8414860687667902e-05
mlp-fosls,157.8673033170156,1.065037943898956e-05,8.550449084445108e-06,1.8383352473569097e-05
mlp-fosls,158.08981202529358,1.0650786032345925e-05,8.572466322943571e-06,1.8400637239553815e-05
mlp-fosls,158.31232073357157,1.0640337735061748e-05,8.532474502564467e-06,1.8490512449267564e-05
mlp-fosls,158.53482944184955,1.0624200920016615e-05,8.492482682185365e-06,1.858038765898131e-05
mlp-fosls,158.7573381501275,1.0591728462345428e-05,8.48640837791755e-06,1.8521819270017974e-05
mlp-fosls,158.9798468584055,1.0569720093203256e-05,8.495249353491594e-06,1.8447001886865604e-05
mlp-fosls,159.20235556668348,1.0572108030297642e-05,8.505639885943535e-06,1.8371059811051586e-05
mlp-fosls,159.42486427496146,1.0598468951269353e-05,8.522133975986623e-06,1.8293442987856933e-05
mlp-fosls,159.64737298323945,1.0556737548556217e-05,8.53862806602971e-06,1.8215826164662284e-05
mlp-fosls,159.86988169151743,1.0487996843842277e-05,8.5221791143192e-06,1.8188913642962825e-05
mlp-fosls,160.0923903997954,1.0457690420953546e-05,8.492289404677641e-06,1.816758701492422e-05
mlp-fosls,160.31489910807338,1.0483931014122744e-05,8.474035379588277e-06,1.816859496097256e-05
mlp-fosls,160.53740781635136,1.0541935043243967e-05,8.49734389603287e-06,1.8203008770169586e-05
mlp-fosls,160.75991652462935,1.0549594890252371e-05,8.52065241247746e-06,1.8237422579366612e-05
mlp-fosls,160.98242523290733,1.0544339706452675e-05,8.533803861333094e-06,1.8213623263298614e-05
mlp-fosls,161.2049339411853,1.0550336157184934e-05,8.543126791093173e-06,1.81834620581278e-05
mlp-fosls,161.42744264946327,1.055983511928037e-05,8.536254363430127e-06,1.820390706787457e-05
mlp-fosls,161.64995135774126,1.0541502831071815e-05,8.476373788634954e-06,1.8299714496001574e-05
mlp-fosls,161.87246006601924,1.0468946525203304e-05,8.416493213839782e-06,1.8395521924128576e-05
mlp-fosls,162.09496877429723,1.043774892016532e-05,8.392215910238126e-06,1.8371111368379658e-05
mlp-fosls,162.3174774825752,1.0426076094079054e-05,8.380309923420162e-06,1.8333711928078558e-05
mlp-fosls,162.53998619085317,1.0417754743079997e-05,8.3767970627816e-06,1.8296827823059914e-05
mlp-fosls,162.76249489913116,1.0401991416682691e-05,8.398464883106108e-06,1.8260715529442003e-05
mlp-fosls,162.98500360740914,1.0434233263671586e-05,8.420132703430617e-06,1.822460323582409e-05
mlp-fosls,163.20751231568713,1.0451666901676568e-05,8.41218475269969e-06,1.8269389114797692e-05
mlp-fosls,163.4300210239651,1.0444938691104342e-05,8.394766977322061e-06,1.8323089740633687e-05
mlp-fosls,163.6525297322431,1.0414283703923868e-05,8.393487415180527e-06,1.836647461492981e-05
mlp-fosls,163.87503844052105,1.0365406293748323e-05,8.436883296975681e-06,1.83944760721999e-05
mlp-fosls,164.09754714879904,1.0309424027442418e-05,8.480279178770842e-06,1.842247752946999e-05
mlp-fosls,164.32005585707702,1.027946704302967e-05,8.472903814139884e-06,1.8355250655919546e-05
mlp-fosls,164.542564565355,1.0275831042864999e-05,8.450641527816327e-06,1.8277660254246385e-05
mlp-fosls,164.765073273633,1.0291072139431724e-05,8.425555536873658e-06,1.8226472694292093e-05
mlp-fosls,164.98758198191098,1.0316246820552174e-05,8.393252950561573e-06,1.821446858056277e-05
mlp-fosls,165.21009069018893,1.0356379426171424e-05,8.360950364249494e-06,1.8202464466833446e-05
mlp-fosls,165.43259939846692,1.0390478621493045e-05,8.355287022698852e-06,1.8259168411328793e-05
mlp-fosls,165.6551081067449,1.039372188131875e-05,8.35672972666022e-06,1.832336205838352e-05
mlp-fosls,165.8776168150229,1.0372403512599245e-05,8.351299225564396e-06,1.8395235710529636e-05
mlp-fosls,166.10012552330087,1.0350134128947052e-05,8.329631822454249e-06,1.847855712123472e-05
mlp-fosls,166.32263423157883,1.0373410995492983e-05,8.307964419344103e-06,1.8561878531939793e-05
mlp-fosls,166.54514293985682,1.0407550160772168e-05,8.321690145671469e-06,1.849232566543195e-05
mlp-fosls,166.7676516481348,1.0438237042264087e-05,8.343947878629853e-06,1.840601013163339e-05
mlp-fosls,166.9901603564128,1.0456751264124437e-05,8.368789627426947e-06,1.8362014419330938e-05
mlp-fosls,167.21266906469077,1.0454444063280811e-05,8.399267144618295e-06,1.83813626112499e-05
mlp-fosls,167.43517777296876,1.0428780389681239e-05,8.429744661809644e-06,1.840071080316886e-05
mlp-fosls,167.6576864812467,1.040809200179823e-05,8.413520634342293e-06,1.836954079728345e-05
mlp-fosls,167.8801951895247,1.0390519961764207e-05,8.387206553595962e-06,1.8332742537189308e-05
mlp-fosls,168.10270389780268,1.0375853474546846e-05,8.375843622550422e-06,1.8301898482080917e-05
mlp-fosls,168.32521260608067,1.0366243372882042e-05,8.394818329730128e-06,1.8280074111746458e-05
mlp-fosls,168.54772131435865,1.0361521098645411e-05,8.413793036909833e-06,1.8258249741412e-05
mlp-fosls,168.77023002263664,1.036618896491256e-05,8.381526441735423e-06,1.819530633872828e-05
mlp-fosls,168.9927387309146,1.037817126638133e-05,8.33936474337591e-06,1.812766627735314e-05
mlp-fosls,169.21524743919258,1.0387358163670223e-05,8.31334853833458e-06,1.8102444992583635e-05
mlp-fosls,169.43775614747057,1.0381559129732193e-05,8.317829306322462e-06,1.8141588579197934e-05
mlp-fosls,169.66026485574855,1.0392184200230201e-05,8.322310074310345e-06,1.8180732165812233e-05
mlp-fosls,169.88277356402654,1.0403829657915914e-05,8.318630675673063e-06,1.821266734992051e-05
mlp-fosls,170.10528227230452,1.0401158465364614e-05,8.313556187328649e-06,1.8243765522318795e-05
mlp-fosls,170.32779098058248,1.0395769605514502e-05,8.302937240433012e-06,1.826228807031605e-05
mlp-fosls,170.55029968886046,1.0415262205511079e-05,8.282569273887622e-06,1.8261640819149992e-05
mlp-fosls,170.77280839713845,1.0472126025146835e-05,8.262201307342232e-06,1.8260993567983934e-05
mlp-fosls,170.99531710541643,1.0511569175736207e-05,8.260888665686156e-06,1.8226354371451462e-05
mlp-fosls,171.21782581369442,1.0516321323884095e-05,8.26240549197118e-06,1.8187725001866942e-05
mlp-fosls,171.44033452197237,1.0504900137350499e-05,8.264930644208048e-06,1.8161732386402722e-05
mlp-fosls,171.66284323025036,1.050729242274141e-05,8.269109663376512e-06,1.8155287963690506e-05
mlp-fosls,171.88535193852834,1.0525254428952838e-05,8.273288682544976e-06,1.8148843540978292e-05
mlp-fosls,172.10786064680633,1.0516446107780862e-05,8.27106773784307e-06,1.8226726946353405e-05
mlp-fosls,172.33036935508431,1.0506390074183367e-05,8.268032045546908e-06,1.8314809178127306e-05
mlp-fosls,172.5528780633623,1.0516727466479937e-05,8.270097041660474e-06,1.8369327813152593e-05
mlp-fosls,172.77538677164026,1.0567609795602372e-05,8.279974647380484e-06,1.837175002814563e-05
mlp-fosls,172.99789547991824,1.0591802038892996e-05,8.289852253100496e-06,1.8374172243138667e-05
mlp-fosls,173.22040418819623,1.0570355100765662e-05,8.305540203697199e-06,1.8403060230214614e-05
mlp-fosls,173.4429128964742,1.054687097469483e-05,8.321873748787676e-06,1.8435156796901257e-05
mlp-fosls,173.6654216047522,1.0531608017414714e-05,8.32187456118254e-06,1.8479623187167835e-05
mlp-fosls,173.88793031303018,1.0513192561344676e-05,8.298224013341103e-06,1.8543289320656878e-05
mlp-fosls,174.11043902130814,1.0462160585391646e-05,8.274573465499672e-06,1.8606955454145914e-05
mlp-fosls,174.33294772958612,1.042360264551015e-05,8.293821847526614e-06,1.8651853949831303e-05
mlp-fosls,174.5554564378641,1.0409541245823718e-05,8.316965687509304e-06,1.8694445724605856e-05
mlp-fosls,174.7779651461421,1.0407117450141049e-05,8.326555673663786e-06,1.871775503648663e-05
mlp-fosls,175.00047385442008,1.0400595316268224e-05,8.317818295227646e-06,1.8710998739331792e-05
mlp-fosls,175.22298256269806,1.039918151043364e-05,8.309080916791506e-06,1.870424244217695e-05
mlp-fosls,175.44549127097602,1.0418267602450264e-05,8.348262938418873e-06,1.869793093630346e-05
mlp-fosls,175.667999979254,1.0429559481515547e-05,8.390888554251796e-06,1.869167507866874e-05
mlp-fosls,175.890508687532,1.042763897880488e-05,8.396791405718773e-06,1.8668648361347644e-05
mlp-fosls,176.11301739580998,1.0419839652855504e-05,8.356159091323578e-06,1.8619160247078874e-05
mlp-fosls,176.33552610408796,1.0459306510536025e-05,8.315526776928384e-06,1.8569672132810104e-05
mlp-fosls,176.55803481236595,1.0480359888001527e-05,8.321091973732225e-06,1.858226893954904e-05
mlp-fosls,176.7805435206439,1.045076511301944e-05,8.329124848811502e-06,1.860274290792735e-05
mlp-fosls,177.0030522289219,1.0396560650407432e-05,8.324009546424044e-06,1.8609869736020177e-05
mlp-fosls,177.22556093719987,1.0355523574530965e-05,8.303332440811583e-06,1.859582962803389e-05
mlp-fosls,177.44806964547786,1.0350762742810783e-05,8.282655335199123e-06,1.85817895200476e-05
mlp-fosls,177.67057835375584,1.0381429706749122e-05,8.288557684787032e-06,1.8606781551146267e-05
mlp-fosls,177.8930870620338,1.0419172293676115e-05,8.295392874190936e-06,1.863676292866324e-05
mlp-fosls,178.11559577031178,1.0443523484867574e-05,8.29295728936572e-06,1.8643921150199406e-05
mlp-fosls,178.33810447858977,1.0435273110505888e-05,8.280244895860754e-06,1.8614932639740693e-05
mlp-fosls,178.56061318686776,1.0421901709763102e-05,8.267532502355786e-06,1.858594412928198e-05
mlp-fosls,178.78312189514574,1.0417612619404159e-05,8.271852679118323e-06,1.854453722692175e-05
mlp-fosls,179.00563060342373,1.0418215220332796e-05,8.276480672651804e-06,1.8501546287927137e-05
mlp-fosls,179.22813931170168,1.0419748141730451e-05,8.296226280794198e-06,1.8481644362954956e-05
mlp-fosls,179.45064801997967,1.0426551215320798e-05,8.331670851239282e-06,1.849843704029093e-05
mlp-fosls,179.67315672825765,1.047050123302598e-05,8.367115421684364e-06,1.8515229717626907e-05
mlp-fosls,179.89566543653564,1.0497128042589216e-05,8.347601252692982e-06,1.842924153423676e-05
mlp-fosls,180.11817414481362,1.0481167909542814e-05,8.328000496834437e-06,1.8329938115213838e-05
mlp-fosls,180.3406828530916,1.0452652689087697e-05,8.296167704929182e-06,1.829255357379834e-05
mlp-fosls,180.56319156136956,1.0452940869487271e-05,8.252428247875941e-06,1.8353945210878207e-05
mlp-fosls,180.78570026964755,1.0474950305734894e-05,8.209214100956923e-06,1.8415336847958085e-05
mlp-fosls,181.00820897792553,1.0507817294561235e-05,8.200895741298378e-06,1.8457557711005937e-05
mlp-fosls,181.23071768620352,1.0536461840328485e-05,8.192577381639834e-06,1.8497282229242e-05
mlp-fosls,181.4532263944815,1.055621695360771e-05,8.19258498673001e-06,1.8521950287142654e-05
mlp-fosls,181.6757351027595,1.0560621340105735e-05,8.20018754196687e-06,1.8522535924650276e-05
mlp-fosls,181.89824381103745,1.0555273441364915e-05,8.207471859268263e-06,1.8523121562157898e-05
mlp-fosls,182.12075251931543,1.0536966229247971e-05,8.20466886096893e-06,1.853383680915906e-05
mlp-fosls,182.34326122759342,1.0536604149303981e-05,8.201865862669598e-06,1.8545876562829808e-05
mlp-fosls,182.5657699358714,1.0550228164708776e-05,8.181238356747405e-06,1.854577418265637e-05
mlp-fosls,182.7882786441494,1.0568090757690515e-05,8.14534353743858e-06,1.8526127992475124e-05
mlp-fosls,183.01078735242734,1.0575888586649856e-05,8.112722474945175e-06,1.850648180229388e-05
mlp-fosls,183.23329606070533,1.0587220107476427e-05,8.146711821789203e-06,1.8478383370137155e-05
mlp-fosls,183.4558047689833,1.0603266375845533e-05,8.180701168633232e-06,1.8449160679800414e-05
mlp-fosls,183.6783134772613,1.061075611149104e-05,8.194503703904121e-06,1.8421086922681582e-05
mlp-fosls,183.90082218553928,1.0582351902947545e-05,8.192112448418555e-06,1.8394861635846734e-05
mlp-fosls,184.12333089381727,1.053365734461137e-05,8.190151409322962e-06,1.8368636349011883e-05
mlp-fosls,184.34583960209523,1.0515529348985478e-05,8.194602216199723e-06,1.839824784367308e-05
mlp-fosls,184.5683483103732,1.05050678743979e-05,8.199053023076485e-06,1.8435226979874216e-05
mlp-fosls,184.7908570186512,1.049546099242109e-05,8.212933222374098e-06,1.8442728862800275e-05
mlp-fosls,185.01336572692918,1.0497004177855637e-05,8.233900576850775e-06,1.8402620243252196e-05
mlp-fosls,185.23587443520717,1.0519122327324938e-05,8.252351500565554e-06,1.8362511623704118e-05
mlp-fosls,185.45838314348515,1.0512690643730235e-05,8.241535492137001e-06,1.8361181328010915e-05
mlp-fosls,185.6808918517631,1.0498515514804085e-05,8.23071948370845e-06,1.836507895219897e-05
mlp-fosls,185.9034005600411,1.0493704115104908e-05,8.215799220732548e-06,1.8380658822043734e-05
mlp-fosls,186.12590926831908,1.0513590198689494e-05,8.197995054274044e-06,1.8415170377550195e-05
mlp-fosls,186.34841797659706,1.0527599301320588e-05,8.180405665903526e-06,1.8449681933056656e-05
mlp-fosls,186.57092668487505,1.0535712844207023e-05,8.164848676684333e-06,1.846452831119558e-05
mlp-fosls,186.79343539315303,1.0543265319915032e-05,8.149291687465139e-06,1.8476742031833437e-05
mlp-fosls,187.015944101431,1.0556635464546152e-05,8.143033238161938e-06,1.8516330732490924e-05
mlp-fosls,187.23845280970897,1.0578344460019176e-05,8.142882146571071e-06,1.8600040735478326e-05
mlp-fosls,187.46096151798696,1.056547214824219e-05,8.14743343372972e-06,1.8683750738465728e-05
mlp-fosls,187.68347022626494,1.0531081354204655e-05,8.189456050655153e-06,1.8644510759076895e-05
mlp-fosls,187.90597893454293,1.051775276873332e-05,8.231478667580587e-06,1.858905812294789e-05
mlp-fosls,188.1284876428209,1.0516582386403702e-05,8.23556633241687e-06,1.8539468031563138e-05
mlp-fosls,188.35099635109887,1.0513033299481234e-05,8.21633975083124e-06,1.8499291267821036e-05
mlp-fosls,188.57350505937686,1.0513898350102755e-05,8.202347405479178e-06,1.8459114504078935e-05
mlp-fosls,188.79601376765484,1.0521824238873144e-05,8.224274041190198e-06,1.8482433351880137e-05
mlp-fosls,189.01852247593283,1.052096121831458e-05,8.24620067690122e-06,1.8514059852182143e-05
mlp-fosls,189.2410311842108,1.0519030487637788e-05,8.2476223162667e-06,1.852245722760337e-05
mlp-fosls,189.46353989248877,1.0529397507764159e-05,8.237230523256836e-06,1.84935308441169e-05
mlp-fosls,189.68604860076675,1.0538661346186956e-05,8.227529957289244e-06,1.8464604460630425e-05
mlp-fosls,189.90855730904474,1.0547940289961767e-05,8.221991963128224e-06,1.846913453306059e-05
mlp-fosls,190.13106601732272,1.0577200017308093e-05,8.216453968967204e-06,1.847812216220655e-05
mlp-fosls,190.3535747256007,1.0605152113665618e-05,8.201738703378294e-06,1.8494247171138408e-05
mlp-fosls,190.5760834338787,1.059758849420616e-05,8.182094315777402e-06,1.852196242744489e-05
mlp-fosls,190.79859214215665,1.0575607300212952e-05,8.170098370226474e-06,1.8549677683751368e-05
mlp-fosls,191.02110085043464,1.0566097431368532e-05,8.198795068055994e-06,1.8523766312119875e-05
mlp-fosls,191.24360955871262,1.054565603212971e-05,8.227491765885515e-06,1.8490544705309975e-05
mlp-fosls,191.4661182669906,1.0518522827405638e-05,8.238974577762348e-06,1.8467568231659962e-05
mlp-fosls,191.6886269752686,1.0495782545832937e-05,8.241842238065828e-06,1.846134217989198e-05
mlp-fosls,191.91113568354658,1.0492323969868084e-05,8.237935560775654e-06,1.8455116128124e-05
mlp-fosls,192.13364439182453,1.0501968096816196e-05,8.201995759725118e-06,1.849050473100645e-05
mlp-fosls,192.35615310010252,1.051474144571648e-05,8.166055958674576e-06,1.8531656937832857e-05
mlp-fosls,192.5786618083805,1.0525026246965417e-05,8.15395261310471e-06,1.854609487000903e-05
mlp-fosls,192.8011705166585,1.0528277811261012e-05,8.152942006476364e-06,1.8516483885105816e-05
mlp-fosls,193.02367922493647,1.0527594076279438e-05,8.15665331862474e-06,1.8486872900202602e-05
mlp-fosls,193.24618793321443,1.0533082663471372e-05,8.180434555006213e-06,1.8481228796464645e-05
mlp-fosls,193.46869664149241,1.053529388903571e-05,8.204215791387688e-06,1.8478922283386965e-05
mlp-fosls,193.6912053497704,1.0532027720752086e-05,8.197159519489587e-06,1.846997862430806e-05
mlp-fosls,193.91371405804838,1.0523276476936862e-05,8.17674951291268e-06,1.8450104292165346e-05
mlp-fosls,194.13622276632637,1.0533483563720542e-05,8.15971304220251e-06,1.843022996002263e-05
mlp-fosls,194.35873147460435,1.0560614766845033e-05,8.155700639983272e-06,1.8438949570422576e-05
mlp-fosls,194.5812401828823,1.0573272527049297e-05,8.151688237764035e-06,1.8451652885590118e-05
mlp-fosls,194.8037488911603,1.0577769491243755e-05,8.154890133626e-06,1.8467328176077016e-05
mlp-fosls,195.02625759943828,1.0587441020315177e-05,8.16098584046031e-06,1.848790183678934e-05
mlp-fosls,195.24876630771627,1.0615236084893638e-05,8.16631630396256e-06,1.850847549750166e-05
mlp-fosls,195.47127501599425,1.0616941695918108e-05,8.168963150407874e-06,1.843227293847235e-05
mlp-fosls,195.69378372427224,1.0606503170441588e-05,8.17160999685319e-06,1.8342521913823396e-05
mlp-fosls,195.9162924325502,1.0597780447866925e-05,8.153089981754818e-06,1.8290809077994498e-05
mlp-fosls,196.13880114082818,1.0591641229542562e-05,8.126740766729386e-06,1.8302055706799947e-05
mlp-fosls,196.36130984910616,1.0563204930830142e-05,8.10913243263247e-06,1.83133023356054e-05
mlp-fosls,196.58381855738415,1.0540372509847427e-05,8.119487583262446e-06,1.8310413742977568e-05
mlp-fosls,196.80632726566213,1.0558423379985338e-05,8.129842733892422e-06,1.830551864167338e-05
mlp-fosls,197.02883597394012,1.0590864802593464e-05,8.133018720823082e-06,1.830397376949927e-05
mlp-fosls,197.25134468221808,1.0612464046980806e-05,8.13375323009054e-06,1.8307980464574024e-05
mlp-fosls,197.47385339049606,1.059845913620581e-05,8.133362081433609e-06,1.8311987159648778e-05
mlp-fosls,197.69636209877405,1.0590193872104814e-05,8.129658909814017e-06,1.8313464775481735e-05
mlp-fosls,197.91887080705203,1.0597676355367045e-05,8.125955738194428e-06,1.831458669636745e-05
mlp-fosls,198.14137951533002,1.0608820727209617e-05,8.13456592901802e-06,1.8323757839442805e-05
mlp-fosls,198.36388822360797,1.0615583692315868e-05,8.14702599035177e-06,1.8346251548334873e-05
mlp-fosls,198.58639693188596,1.0621633689579887e-05,8.15332006988426e-06,1.8368745257226944e-05
mlp-fosls,198.80890564016394,1.0628861643644815e-05,8.142904790318098e-06,1.830687350776877e-05
mlp-fosls,199.03141434844193,1.064572011134733e-05,8.132489510751935e-06,1.823312970044755e-05
mlp-fosls,199.2539230567199,1.0664120460600084e-05,8.152935570215809e-06,1.8210305406499037e-05
mlp-fosls,199.4764317649979,1.0669357599695422e-05,8.182355478677077e-06,1.8271573276636887e-05
mlp-fosls,199.69894047327585,1.0651740652696451e-05,8.196290591993879e-06,1.8332841146774727e-05
mlp-fosls,199.92144918155384,1.0657372876998324e-05,8.171006885735306e-06,1.8327537219456863e-05
mlp-fosls,200.14395788983182,1.0682514441157371e-05,8.145723179476732e-06,1.8312793448865282e-05
mlp-fosls,200.3664665981098,1.0702310395211013e-05,8.161013736653716e-06,1.8314540503251512e-05
mlp-fosls,200.5889753063878,1.0694736532059822e-05,8.187027747921055e-06,1.8343754131458856e-05
mlp-fosls,200.81148401466578,1.069785911051273e-05,8.207396612967096e-06,1.83729677596662e-05
mlp-fosls,201.03399272294374,1.0702289387906e-05,8.214501138189021e-06,1.8327869548858325e-05
mlp-fosls,201.25650143122172,1.0676124887732403e-05,8.221605663410946e-06,1.827219395825201e-05
mlp-fosls,201.4790101394997,1.0641634389503708e-05,8.222378643952874e-06,1.8234349602305037e-05
mlp-fosls,201.7015188477777,1.0624639796523617e-05,8.221631967404468e-06,1.822638973198328e-05
mlp-fosls,201.92402755605568,1.0641076235424923e-05,8.217250721439035e-06,1.8218429861661526e-05
mlp-fosls,202.14653626433366,1.0663838168112528e-05,8.204939951673929e-06,1.821728891481621e-05
mlp-fosls,202.36904497261162,1.0666994641881034e-05,8.192629181908826e-06,1.8217141970456596e-05
mlp-fosls,202.5915536808896,1.066050508293077e-05,8.205816032056925e-06,1.8214918132065206e-05
mlp-fosls,202.8140623891676,1.065109801605709e-05,8.224517767545775e-06,1.82091921059329e-05
mlp-fosls,203.03657109744557,1.065965613812233e-05,8.24044667612686e-06,1.8203466079800597e-05
mlp-fosls,203.25907980572356,1.0665349693042132e-05,8.250757008201101e-06,1.824977650217881e-05
mlp-fosls,203.48158851400152,1.0648155751792731e-05,8.261067340275342e-06,1.8303755253105143e-05
mlp-fosls,203.7040972222795,1.0625498577080965e-05,8.252852171443775e-06,1.8331670483460064e-05
mlp-fosls,203.92660593055749,1.0613253783719867e-05,8.24105822262934e-06,1.831553423841405e-05
mlp-fosls,204.14911463883547,1.0617802777496622e-05,8.234262133159926e-06,1.829939799336803e-05
mlp-fosls,204.37162334711346,1.0626522130243026e-05,8.2369081693533e-06,1.831605056189658e-05
mlp-fosls,204.59413205539144,1.062990559784724e-05,8.239554205546674e-06,1.833757922303536e-05
mlp-fosls,204.8166407636694,1.0626813068370607e-05,8.264540628779814e-06,1.8328861540318112e-05
mlp-fosls,205.03914947194738,1.0607649837042896e-05,8.293320898775233e-06,1.8268590270334962e-05
mlp-fosls,205.26165818022537,1.0587663143652845e-05,8.303907027749856e-06,1.8208319000351815e-05
mlp-fosls,205.48416688850335,1.0581804948216462e-05,8.282548861569998e-06,1.8251276537318562e-05
mlp-fosls,205.70667559678134,1.0588576884337142e-05,8.261190695390139e-06,1.8309959265756903e-05
mlp-fosls,205.92918430505932,1.0597275028865154e-05,8.246510813913116e-06,1.835162433642967e-05
mlp-fosls,206.15169301333728,1.0605637588315702e-05,8.23282296796276e-06,1.8363874205608572e-05
mlp-fosls,206.37420172161526,1.0614061059569354e-05,8.232364210214315e-06,1.8376124074787477e-05
mlp-fosls,206.59671042989325,1.0615141650151873e-05,8.253646391152796e-06,1.8342008094474846e-05
mlp-fosls,206.81921913817123,1.0611845669812593e-05,8.274928572091275e-06,1.8300767812375665e-05
mlp-fosls,207.04172784644922,1.0610435691862483e-05,8.274845211220432e-06,1.8277410551755323e-05
mlp-fosls,207.2642365547272,1.061691713418577e-05,8.272048538793175e-06,1.82849510445401e-05
mlp-fosls,207.48674526300516,1.0622199111104768e-05,8.264371162741213e-06,1.829249153732488e-05
mlp-fosls,207.70925397128315,1.0618464691555662e-05,8.248977725941634e-06,1.8285733005449526e-05
mlp-fosls,207.93176267956113,1.0608761279150478e-05,8.233584289142057e-06,1.827676220172013e-05
mlp-fosls,208.15427138783912,1.0603916617641604e-05,8.224076273247385e-06,1.8267496022800297e-05
mlp-fosls,208.3767800961171,1.0626621699337594e-05,8.215254609330173e-06,1.8257718831266038e-05
mlp-fosls,208.59928880439506,1.0667093973357151e-05,8.21496184794658e-06,1.8247941639731775e-05
mlp-fosls,208.82179751267304,1.0688999671443037e-05,8.22725700314106e-06,1.830364365605604e-05
mlp-fosls,209.04430622095103,1.067236464296876e-05,8.23955215833554e-06,1.836942478510196e-05
mlp-fosls,209.266814929229,1.064870800503526e-05,8.265486487086694e-06,1.8408060031104654e-05
mlp-fosls,209.489323637507,1.0645021968530858e-05,8.292733179649111e-06,1.8399805036465812e-05
mlp-fosls,209.71183234578498,1.0680560973381818e-05,8.299390258727628e-06,1.839155004182697e-05
mlp-fosls,209.93434105406294,1.071044253779518e-05,8.27764221169162e-06,1.838704556358828e-05
mlp-fosls,210.15684976234093,1.0696810401665364e-05,8.255894164655607e-06,1.83831174986473e-05
mlp-fosls,210.3793584706189,1.0674385461608715e-05,8.241985155370473e-06,1.8368578278179086e-05
mlp-fosls,210.6018671788969,1.0656456044683416e-05,8.228683567419951e-06,1.833556177506533e-05
mlp-fosls,210.82437588717488,1.063771903765836e-05,8.219111949382788e-06,1.830254527195157e-05
mlp-fosls,211.04688459545287,1.0637748727700695e-05,8.214362149544853e-06,1.8278017550230173e-05
mlp-fosls,211.26939330373082,1.0656585377563616e-05,8.209612349706915e-06,1.825481172116471e-05
mlp-fosls,211.4919020120088,1.0672375382472013e-05,8.22750318063084e-06,1.8244906356722056e-05
mlp-fosls,211.7144107202868,1.0667142321989891e-05,8.246706879885325e-06,1.8258319754026476e-05
mlp-fosls,211.93691942856478,1.0663501284559694e-05,8.254069969215476e-06,1.8271733151330893e-05
mlp-fosls,212.15942813684276,1.0668537649371357e-05,8.247162321821013e-06,1.829840074233571e-05
mlp-fosls,212.38193684512075,1.0668799932307226e-05,8.240254674426549e-06,1.8327170533952972e-05
mlp-fosls,212.6044455533987,1.0671075510475185e-05,8.230986459649467e-06,1.833451342322355e-05
mlp-fosls,212.8269542616767,1.0688833957467441e-05,8.221623918485676e-06,1.830393106988823e-05
mlp-fosls,213.04946296995467,1.0706854455417478e-05,8.22003121011708e-06,1.8273348716552903e-05
mlp-fosls,213.27197167823266,1.0709817619478993e-05,8.22720760985198e-06,1.8302364703117368e-05
mlp-fosls,213.49448038651065,1.0711694899440486e-05,8.234384009586876e-06,1.8341139829235338e-05
mlp-fosls,213.7169890947886,1.0716791141085302e-05,8.23081286215772e-06,1.835850143210608e-05
mlp-fosls,213.9394978030666,1.0730114066564964e-05,8.227000744259044e-06,1.8337381194425276e-05
mlp-fosls,214.16200651134457,1.0743928466639538e-05,8.230390722383505e-06,1.8316260956744473e-05
mlp-fosls,214.38451521962256,1.0746982846843876e-05,8.241394571921964e-06,1.8304062037932188e-05
mlp-fosls,214.60702392790054,1.0741610764589851e-05,8.252398421460423e-06,1.8293367016485023e-05
mlp-fosls,214.82953263617853,1.073474439741198e-05,8.265698608309671e-06,1.8295644401521313e-05
mlp-fosls,215.05204134445648,1.0725328053032388e-05,8.279011002703956e-06,1.8321605495018138e-05
mlp-fosls,215.27455005273447,1.0715930021374028e-05,8.286741193490071e-06,1.8347566588514965e-05
mlp-fosls,215.49705876101245,1.0703969730444381e-05,8.288944479307208e-06,1.8339689572021403e-05
mlp-fosls,215.71956746929044,1.0671370939730317e-05,8.291115115844666e-06,1.83259335860213e-05
mlp-fosls,215.94207617756842,1.0636168316407845e-05,8.290201436112137e-06,1.831756834884635e-05
mlp-fosls,216.1645848858464,1.0615026801427826e-05,8.289287756379608e-06,1.8319231700555683e-05
mlp-fosls,216.38709359412437,1.0611020786086704e-05,8.29480761006799e-06,1.8320895052265015e-05
mlp-fosls,216.60960230240235,1.0607149722736466e-05,8.306291394271213e-06,1.831189643858307e-05
mlp-fosls,216.83211101068034,1.0607274528039455e-05,8.317223664777356e-06,1.8300979662123543e-05
mlp-fosls,217.05461971895832,1.0608620127332144e-05,8.308136744038743e-06,1.8294038156784984e-05
mlp-fosls,217.2771284272363,1.0611204612998395e-05,8.29904982330013e-06,1.829462693724815e-05
mlp-fosls,217.4996371355143,1.0612801144586536e-05,8.293833396409358e-06,1.8295215717711316e-05
mlp-fosls,217.72214584379225,1.0613343814532349e-05,8.29198359417932e-06,1.828886092647403e-05
mlp-fosls,217.94465455207023,1.0603492722059512e-05,8.290059584816067e-06,1.828121374482762e-05
mlp-fosls,218.16716326034822,1.0594247504470722e-05,8.286484886015183e-06,1.8270731179981456e-05
mlp-fosls,218.3896719686262,1.0594517573032156e-05,8.282910187214299e-06,1.8254762992807324e-05
mlp-fosls,218.6121806769042,1.059435130775387e-05,8.284841553191171e-06,1.8238794805633188e-05
mlp-fosls,218.83468938518214,1.0591612554856428e-05,8.291256496356377e-06,1.8236215200645355e-05
mlp-fosls,219.05719809346013,1.0606320288701773e-05,8.29780122887052e-06,1.8236213746953578e-05
mlp-fosls,219.27970680173812,1.0624994378437642e-05,8.306384282235415e-06,1.8239455376967874e-05
mlp-fosls,219.5022155100161,1.064028022295376e-05,8.31496733560031e-06,1.8249107376745588e-05
mlp-fosls,219.72472421829409,1.0644805377808625e-05,8.322625134566975e-06,1.8258759376523306e-05
mlp-fosls,219.94723292657207,1.0637433293918916e-05,8.329578345121628e-06,1.8250739631533608e-05
mlp-fosls,220.16974163485003,1.061974804240309e-05,8.336022089606777e-06,1.8239211859614165e-05
mlp-fosls,220.392250343128,1.0602600620130902e-05,8.336241090799061e-06,1.824403547590771e-05
mlp-fosls,220.614759051406,1.059559807802643e-05,8.336460091991344e-06,1.8281719988847398e-05
mlp-fosls,220.83726775968398,1.0596542323333412e-05,8.34262622286486e-06,1.8319404501787085e-05
mlp-fosls,221.05977646796197,1.059691867838406e-05,8.353030397219695e-06,1.8331730437112255e-05
mlp-fosls,221.28228517623995,1.0593511764220467e-05,8.362527799565877e-06,1.83388678996726e-05
mlp-fosls,221.5047938845179,1.059086007350893e-05,8.363123516623322e-06,1.8334983092037777e-05
mlp-fosls,221.7273025927959,1.0596111609593446e-05,8.363719233680767e-06,1.8308518237295296e-05
mlp-fosls,221.94981130107388,1.0605879815105982e-05,8.363957022083923e-06,1.8282053382552816e-05
mlp-fosls,222.17232000935186,1.0615931921572932e-05,8.363957022083923e-06,1.8275331985166178e-05
mlp-fosls,222.39482871762985,1.0621882114250865e-05,8.363957022083923e-06,1.827274294875978e-05
mlp-fosls,222.61733742590783,1.0626121365930885e-05,8.363957022083923e-06,1.827100095397327e-05
mlp-fosls,222.8398461341858,1.0626121365930885e-05,8.363957022083923e-06,1.827100095397327e-05
