plot-name,time,median,low,high
kan_V0-fosls,1.3051791191101074,0.08362704704002097,0.08273886418523325,0.08428428572688573
kan_V0-fosls,1.5040728337055929,0.0787938028135822,0.07793588195443547,0.07941631027691182
kan_V0-fosls,1.7029665483010783,0.07362029095647254,0.07280144031962811,0.0742010176300379
kan_V0-fosls,1.9018602628965635,0.06802075247546183,0.06727627909753219,0.0685903178055596
kan_V0-fosls,2.100753977492049,0.061945971264784364,0.06125476100521262,0.06247777505643215
kan_V0-fosls,2.299647692087534,0.05522681752439574,0.05457282989182794,0.05569841160514909
kan_V0-fosls,2.4985414066830196,0.04755003699283186,0.04694935333951961,0.047970342240503935
kan_V0-fosls,2.697435121278505,0.041674841457486775,0.0412835128526218,0.04213785369571259
kan_V0-fosls,2.8963288358739905,0.0399840427340669,0.03960810731205567,0.04042388773857383
kan_V0-fosls,3.095222550469476,0.038218511967994126,0.03785863040621051,0.038633957676121676
kan_V0-fosls,3.2941162650649614,0.03636736551004942,0.03602429218769988,0.03675696765974992
kan_V0-fosls,3.493009979660447,0.03441678945583686,0.0340913971408551,0.03477882484155327
kan_V0-fosls,3.691903694255932,0.032342494022484125,0.032042114324841796,0.03268116649048782
kan_V0-fosls,3.8907974088514172,0.030117826886312503,0.02985248434882699,0.030439294160649076
kan_V0-fosls,4.089691123446903,0.028967192756670306,0.028749049322699196,0.029324316092200892
kan_V0-fosls,4.288584838042388,0.028028105778229416,0.02780914158653919,0.028411649412052195
kan_V0-fosls,4.4874785526378735,0.02705644412489658,0.0268363349696149,0.027468675438604956
kan_V0-fosls,4.686372267233359,0.0260485627472702,0.025826912192954226,0.026492158054591788
kan_V0-fosls,4.885265981828844,0.025001947551697035,0.02477639829038434,0.025478240646236272
kan_V0-fosls,5.084159696424329,0.023910629193374867,0.0236793249706353,0.02442226554735616
kan_V0-fosls,5.283053411019815,0.02306961615028041,0.022788597196607894,0.023718274526331375
kan_V0-fosls,5.4819471256153,0.022720619034979614,0.022293654188221254,0.026422691064578542
kan_V0-fosls,5.680840840210786,0.02230626680589541,0.021673052666865453,0.02887491402033776
kan_V0-fosls,5.879734554806271,0.021863330818123722,0.02103414858598875,0.031134590350117612
kan_V0-fosls,6.078628269401756,0.02142762571948372,0.0203752202828382,0.03324101040668553
kan_V0-fosls,6.277521983997242,0.020982842151186565,0.019694257955325704,0.03522168124103554
kan_V0-fosls,6.476415698592727,0.02052838547304308,0.01898889125903981,0.0370967503432963
kan_V0-fosls,6.675309413188213,0.020198925287080102,0.018677339284785932,0.03607392280312179
kan_V0-fosls,6.874203127783698,0.020350546736624002,0.01860757467603346,0.033821751375752315
kan_V0-fosls,7.073096842379184,0.020212164642541112,0.018537547515497178,0.03140849926120024
kan_V0-fosls,7.271990556974669,0.020234783437844843,0.018467254816416798,0.02879369350323833
kan_V0-fosls,7.470884271570155,0.020235018329922454,0.018026514622797432,0.02591639915721399
kan_V0-fosls,7.66977798616564,0.020279413245180178,0.017555293254791864,0.022676920094970028
kan_V0-fosls,7.868671700761125,0.019141810081600836,0.017001598967986177,0.023138810595591353
kan_V0-fosls,8.067565415356611,0.01937466776773005,0.01682127568904311,0.022856086014659147
kan_V0-fosls,8.266459129952096,0.019605811570880025,0.016638998291524553,0.02449398211150628
kan_V0-fosls,8.465352844547581,0.019205279854217383,0.016454701835157064,0.026505168570433186
kan_V0-fosls,8.664246559143066,0.01914029994687973,0.0162683177010558,0.028374156590379358
kan_V0-fosls,8.863140273738551,0.01907446221049105,0.016079773293210625,0.030127422118124504
kan_V0-fosls,9.062033988334036,0.019007745139768155,0.01545260282388341,0.03178412126757553
kan_V0-fosls,9.260927702929523,0.018923107626876188,0.015193180942280813,0.03196007936795887
kan_V0-fosls,9.459821417525008,0.018764871959360226,0.01551076019152894,0.03106689408933965
kan_V0-fosls,9.658715132120493,0.01926574121262475,0.015805529057630715,0.030147257644937857
kan_V0-fosls,9.857608846715978,0.019866102088981763,0.015751429595157414,0.029198670837253554
kan_V0-fosls,10.056502561311465,0.020123799944595566,0.015697143682555523,0.02821821422085915
kan_V0-fosls,10.25539627590695,0.019726702680295895,0.015319383736365787,0.02720244196696897
kan_V0-fosls,10.454289990502435,0.019254149638298662,0.014646245901008964,0.02614700901240204
kan_V0-fosls,10.65318370509792,0.01885702740974195,0.014330802463236817,0.02487613627850266
kan_V0-fosls,10.852077419693405,0.019411097291679717,0.01406747757189738,0.024774994323549605
kan_V0-fosls,11.050971134288892,0.019124202849420277,0.013799128640293095,0.0260626611100059
kan_V0-fosls,11.249864848884377,0.018767773160266947,0.013525456636538325,0.02728963657761151
kan_V0-fosls,11.448758563479862,0.018320501036051602,0.01324613163238234,0.028463770392223343
kan_V0-fosls,11.647652278075347,0.017487874256214613,0.012960788140306956,0.029591353219214363
kan_V0-fosls,11.846545992670833,0.017073284563883042,0.01251500846418683,0.02973997319534773
kan_V0-fosls,12.045439707266318,0.01784081450477483,0.012619461450849467,0.028376054142687703
kan_V0-fosls,12.244333421861803,0.018856963565998367,0.01251472011660147,0.026943178946766594
kan_V0-fosls,12.443227136457288,0.019638811019636635,0.012409094724606759,0.025429693958170817
kan_V0-fosls,12.642120851052773,0.01990234258124062,0.012302562504277598,0.023822571892310847
kan_V0-fosls,12.84101456564826,0.018678415280064666,0.012195099690410523,0.02503904435759855
kan_V0-fosls,13.039908280243745,0.018977648407080033,0.012086681461279794,0.026199094509529453
kan_V0-fosls,13.23880199483923,0.018487380320688928,0.011953637690335864,0.025548622208681395
kan_V0-fosls,13.437695709434715,0.017819753313356602,0.011808869968565498,0.02418570066710104
kan_V0-fosls,13.636589424030202,0.017585197041197417,0.011662305339732709,0.022741243078497148
kan_V0-fosls,13.835483138625687,0.01709888971944398,0.011513875183439675,0.021198588555655724
kan_V0-fosls,14.034376853221172,0.01634763609976908,0.011363506397344878,0.02043560161620423
kan_V0-fosls,14.233270567816657,0.015717412324082074,0.011211120976297059,0.01964521733310519
kan_V0-fosls,14.432164282412142,0.014951608179021083,0.011061156759682587,0.01942054732209377
kan_V0-fosls,14.631057997007629,0.015300535311259088,0.010949303937297468,0.020037486775268874
kan_V0-fosls,14.829951711603114,0.01586104640694142,0.010836296625709537,0.02063599026575818
kan_V0-fosls,15.028845426198599,0.01640148265084391,0.01072209832119674,0.021217617967808203
kan_V0-fosls,15.227739140794084,0.01692393387395919,0.010606670554818605,0.02178372167943873
kan_V0-fosls,15.42663285538957,0.01740075191937239,0.010489972741027595,0.022335481821233235
kan_V0-fosls,15.625526569985055,0.01770347174484512,0.010081895010503958,0.022873936394202717
kan_V0-fosls,15.82442028458054,0.017383580335664478,0.010596272503245619,0.022168483189483248
kan_V0-fosls,16.023313999176025,0.016467129989579485,0.010590392962939114,0.021621300737782657
kan_V0-fosls,16.22220771377151,0.015500465363765786,0.01058451015663462,0.022445883101189334
kan_V0-fosls,16.421101428366995,0.015332974983865483,0.010578624078883443,0.023241228254781907
kan_V0-fosls,16.61999514296248,0.015956825157965683,0.010572734724221718,0.02401024184362767
kan_V0-fosls,16.818888857557965,0.015183119844957606,0.010566842087170358,0.024755377920526785
kan_V0-fosls,17.01778257215345,0.01407865948222422,0.010644571230992043,0.025478731494851175
kan_V0-fosls,17.21667628674894,0.01408053681037522,0.011387436233346758,0.023999172135285338
kan_V0-fosls,17.415570001344424,0.014064408596433105,0.01208472222458644,0.02240297473641527
kan_V0-fosls,17.61446371593991,0.014585425788534803,0.012743912998851187,0.020683962166419316
kan_V0-fosls,17.813357430535394,0.014974001366981437,0.01245214368416924,0.01880849023083114
kan_V0-fosls,18.01225114513088,0.015120033299858194,0.011861414420036845,0.016724004264071304
kan_V0-fosls,18.211144859726364,0.014726441359347094,0.011239680678583362,0.016763315331050327
kan_V0-fosls,18.41003857432185,0.015188874152095126,0.011036786971684283,0.017378687219079415
kan_V0-fosls,18.608932288917337,0.014896360275601296,0.01123677227279769,0.021175677539629432
kan_V0-fosls,18.807826003512822,0.014196545988976614,0.011433260058403722,0.02447770301178241
kan_V0-fosls,19.006719718108307,0.013769664618503211,0.011200766826744724,0.027384422035231577
kan_V0-fosls,19.205613432703792,0.01344477074852037,0.01079311070109319,0.03001091794121486
kan_V0-fosls,19.404507147299277,0.01336473922336676,0.010369440665002118,0.0324253576872328
kan_V0-fosls,19.603400861894762,0.013279287933287498,0.00929145800818565,0.03467207012302038
kan_V0-fosls,19.802294576490247,0.014211120270580416,0.010872143109978655,0.03263543036191925
kan_V0-fosls,20.001188291085732,0.014940879175491383,0.012139499644415574,0.030119299497391543
kan_V0-fosls,20.200082005681217,0.014774782878644886,0.012056275708950188,0.027372853149050067
kan_V0-fosls,20.398975720276702,0.014832933484305318,0.011830422663716892,0.02431818202138782
kan_V0-fosls,20.59786943487219,0.015275176440644085,0.011600173138110917,0.02099806994223873
kan_V0-fosls,20.796763149467676,0.015505285707686648,0.01136525992954468,0.02235978588754861
kan_V0-fosls,20.99565686406316,0.015374055400385741,0.010077682117077045,0.022865500191199734
kan_V0-fosls,21.194550578658646,0.014988333357318431,0.010187683794352639,0.02202225171989592
kan_V0-fosls,21.39344429325413,0.01430639620005639,0.010296510347422388,0.021145402399461746
kan_V0-fosls,21.592338007849616,0.013588654154268626,0.010404198651286759,0.02023058364100913
kan_V0-fosls,21.7912317224451,0.013419137465040639,0.010510783691823275,0.020723439338929568
kan_V0-fosls,21.990125437040586,0.013388242232253687,0.010616298698565289,0.02188016218934195
kan_V0-fosls,22.18901915163607,0.01365571345611921,0.01009013872824976,0.02297873053128751
kan_V0-fosls,22.38791286623156,0.013769085588789943,0.010480637898753567,0.022405328357623353
kan_V0-fosls,22.586806580827044,0.01418092945302345,0.011532451159123588,0.02132848261480404
kan_V0-fosls,22.78570029542253,0.01516309851981626,0.012496042922075465,0.020194296286007964
kan_V0-fosls,22.984594010018014,0.015578062056467576,0.012039164504923653,0.018992499422776143
kan_V0-fosls,23.1834877246135,0.015610672439092876,0.011376780159182706,0.017989791006003102
kan_V0-fosls,23.382381439208984,0.015564080374466011,0.010673367397599174,0.019163602502541094
kan_V0-fosls,23.58127515380447,0.015457338988838614,0.010269513339371027,0.019899286233561138
kan_V0-fosls,23.780168868399954,0.015507996858009465,0.010931686875279647,0.019041483390648123
kan_V0-fosls,23.97906258299544,0.015513859566763502,0.01155597904336985,0.01814316915060489
kan_V0-fosls,24.177956297590928,0.015428488673383558,0.012148231367670162,0.017197996509436587
kan_V0-fosls,24.376850012186413,0.015138550138064512,0.012712922522932605,0.016602965243941357
kan_V0-fosls,24.575743726781898,0.015049321038298539,0.012425499955437245,0.01711582096940683
kan_V0-fosls,24.774637441377383,0.014469885216505676,0.010589273511016779,0.01761375031110775
kan_V0-fosls,24.973531155972868,0.0143673596861294,0.009447135775031323,0.017435214967334915
kan_V0-fosls,25.172424870568353,0.014544347207259792,0.009434748496148285,0.016890497294676687
kan_V0-fosls,25.371318585163838,0.014966796383696915,0.00942234493208925,0.016607414065412374
kan_V0-fosls,25.570212299759323,0.014918773840796292,0.009409925018455974,0.016396801876764636
kan_V0-fosls,25.769106014354808,0.014523195709027211,0.009397488690424656,0.016183449002968673
kan_V0-fosls,25.967999728950296,0.014102976841505958,0.008521758026270605,0.01663272222751114
kan_V0-fosls,26.16689344354578,0.01394256445391532,0.007346203257272729,0.017051352927216455
kan_V0-fosls,26.365787158141266,0.013752047079017525,0.008137728138360133,0.017410292589380285
kan_V0-fosls,26.56468087273675,0.013481804073827396,0.007921756352439734,0.018815277370806467
kan_V0-fosls,26.763574587332236,0.013070203583987148,0.007699729096596861,0.020122401373417975
kan_V0-fosls,26.96246830192772,0.012240796973602038,0.007471106518752182,0.021349646637016863
kan_V0-fosls,27.161362016523206,0.011718253597163938,0.007235263441513541,0.022510081874974094
kan_V0-fosls,27.36025573111869,0.011663843303812767,0.006991469196217873,0.023613558827728382
kan_V0-fosls,27.559149445714176,0.011273719688686082,0.007023651710339845,0.023339266219835553
kan_V0-fosls,27.758043160309665,0.011557148092228034,0.007448173956403528,0.0216549600556181
kan_V0-fosls,27.95693687490515,0.011729375613238417,0.00784977115727176,0.01982809225166343
kan_V0-fosls,28.155830589500635,0.011745031436870234,0.008231799266152175,0.017814858676692757
kan_V0-fosls,28.35472430409612,0.012139904518267637,0.008596867516421976,0.016034884424090054
kan_V0-fosls,28.553618018691605,0.0120413139564204,0.008947052197880551,0.016317133979669333
kan_V0-fosls,28.75251173328709,0.010714319809584576,0.008138773366958391,0.016594583577994156
kan_V0-fosls,28.951405447882575,0.010876026640541317,0.008576867288733305,0.016235220886160535
kan_V0-fosls,29.15029916247806,0.011336348387915675,0.009102086054323224,0.015669329719614843
kan_V0-fosls,29.349192877073545,0.011916708521256392,0.009598608680015412,0.015574377714324046
kan_V0-fosls,29.548086591669033,0.011891614846622756,0.009638010239017605,0.015769444975599723
kan_V0-fosls,29.74698030626452,0.011849396239787315,0.009615686233182052,0.015962128570103082
kan_V0-fosls,29.945874020860003,0.01189766637325166,0.009593310278658014,0.0161525138024561
kan_V0-fosls,30.14476773545549,0.012012701588533565,0.009850161491185484,0.0163952546889178
kan_V0-fosls,30.343661450050973,0.01226838246019138,0.00990187924523859,0.016768455403276063
kan_V0-fosls,30.54255516464646,0.012507916098749117,0.0095550981025249,0.01713352902670186
kan_V0-fosls,30.741448879241943,0.012733395794373631,0.009195248061388184,0.017490984455027458
kan_V0-fosls,30.94034259383743,0.012573132148304383,0.008820729792486071,0.017841279592652238
kan_V0-fosls,31.139236308432913,0.01242138040413474,0.008429588437974866,0.018184828231258228
kan_V0-fosls,31.338130023028402,0.012399176894519054,0.0080193920215455,0.018522005779546217
kan_V0-fosls,31.537023737623887,0.012696973046885888,0.008059415465992531,0.01794269799580931
kan_V0-fosls,31.735917452219372,0.01287624188863316,0.008613466081846427,0.0169197055340081
kan_V0-fosls,31.934811166814857,0.012685242449199347,0.009133970562288785,0.015830744118526745
kan_V0-fosls,32.13370488141034,0.012199223138258247,0.009131696020121155,0.015202222656532026
kan_V0-fosls,32.33259859600582,0.010912167842933461,0.008242487639140924,0.015718459778605684
kan_V0-fosls,32.53149231060131,0.010098580415102589,0.00724495222612857,0.01621827308700016
kan_V0-fosls,32.73038602519679,0.00966941666328662,0.006134514795736474,0.016286774747736914
kan_V0-fosls,32.92927973979228,0.009846483208910933,0.006897861902242738,0.015366774284545
kan_V0-fosls,33.12817345438777,0.009985345426926515,0.007286392134695198,0.014388067005014438
kan_V0-fosls,33.327067168983255,0.010021422131198766,0.007217037027776154,0.013384661547828247
kan_V0-fosls,33.52596088357874,0.010051211736332189,0.007147008925420204,0.013704394828606452
kan_V0-fosls,33.724854598174225,0.009959429355897874,0.007076287847436682,0.014016836679035624
kan_V0-fosls,33.92374831276971,0.009639684797006203,0.0070048528049862745,0.014322464290588461
kan_V0-fosls,34.122642027365195,0.009352234951020742,0.007075809890115168,0.014194925887295524
kan_V0-fosls,34.32153574196068,0.009332375575992898,0.007392415849695261,0.013829740239437907
kan_V0-fosls,34.520429456556165,0.00942968628118044,0.007696007964431936,0.013454646380891751
kan_V0-fosls,34.71932317115165,0.009565891184763156,0.007988070172599504,0.013274809946445748
kan_V0-fosls,34.918216885747135,0.009727317359910437,0.008269824156301508,0.013864221178869568
kan_V0-fosls,35.11711060034262,0.009989317471426645,0.007938416361985447,0.01442957652458921
kan_V0-fosls,35.316004314938105,0.010159596910974587,0.007583252511993498,0.014973601051895852
kan_V0-fosls,35.51489802953359,0.010049288179851366,0.008110772693089909,0.014485295987947703
kan_V0-fosls,35.713791744129075,0.009924831019565358,0.008760267025339484,0.013954891543877595
kan_V0-fosls,35.91268545872457,0.009879293942730405,0.008713689286270091,0.013403514320666743
kan_V0-fosls,36.11157917332005,0.009681834310596441,0.008523426499493551,0.012828460324109479
kan_V0-fosls,36.31047288791554,0.009541721865450284,0.00832881850005627,0.012592083778227925
kan_V0-fosls,36.50936660251102,0.009243194041568538,0.008000889991533007,0.012947918136751922
kan_V0-fosls,36.70826031710651,0.009252284977188368,0.008030029759275572,0.012908010780239378
kan_V0-fosls,36.90715403170199,0.009376512312514637,0.008539027301760517,0.012452496296833307
kan_V0-fosls,37.10604774629748,0.00964375399164056,0.008556545999282357,0.01216496683971878
kan_V0-fosls,37.30494146089296,0.010045809605020509,0.008574028902182352,0.0125487177323069
kan_V0-fosls,37.50383517548845,0.010439338089430757,0.00856616618278466,0.012921076396290278
kan_V0-fosls,37.70272889008393,0.010586155488120403,0.008502279017684751,0.013283000931733232
kan_V0-fosls,37.90162260467942,0.010394236557932385,0.008437908148234446,0.013635322228172021
kan_V0-fosls,38.1005163192749,0.010426094900558402,0.008274415297509921,0.013852884656558165
kan_V0-fosls,38.29941003387039,0.010231190734545884,0.008084516305572546,0.014037407577945265
kan_V0-fosls,38.49830374846587,0.009737535803248109,0.007890048116106173,0.014219536198864069
kan_V0-fosls,38.69719746306136,0.009253930586704269,0.007690664123069787,0.014399361371680902
kan_V0-fosls,38.89609117765684,0.00901251532371523,0.007485971549055938,0.014576968344402296
kan_V0-fosls,39.09498489225233,0.008758520206280783,0.007275522346380166,0.014752437233052616
kan_V0-fosls,39.29387860684781,0.008553462419054154,0.007356073047727878,0.014727940993466242
kan_V0-fosls,39.4927723214433,0.008362466804925505,0.007689006491166356,0.014044692252112606
kan_V0-fosls,39.69166603603879,0.009049911067301734,0.007593785739777871,0.013326459207384372
kan_V0-fosls,39.890559750634274,0.009361045509365411,0.00745686915642246,0.012567245106052807
kan_V0-fosls,40.08945346522976,0.009087044786911708,0.00693577995220398,0.012165661895603516
kan_V0-fosls,40.288347179825244,0.00904999686083752,0.006372220137031103,0.012260533136193727
kan_V0-fosls,40.48724089442073,0.009102378160236438,0.005753723612077202,0.012354675884428106
kan_V0-fosls,40.686134609016214,0.009247268040521735,0.005851366780057385,0.012247388273614778
kan_V0-fosls,40.8850283236117,0.009340551116584057,0.006213731210404016,0.011961249803912197
kan_V0-fosls,41.083922038207184,0.009578803109453065,0.006556097765861854,0.011668096426517154
kan_V0-fosls,41.28281575280267,0.009511315284973135,0.006881451901737643,0.011367385432253768
kan_V0-fosls,41.481709467398154,0.009626104992604578,0.007192102796562245,0.011058500301231084
kan_V0-fosls,41.68060318199364,0.009485069192738737,0.0074898801723864905,0.011264330066440405
kan_V0-fosls,41.879496896589124,0.009714327917471427,0.006959806108763641,0.011480571215553521
kan_V0-fosls,42.07839061118461,0.009638918308651765,0.007097524327458615,0.011264526167170243
kan_V0-fosls,42.277284325780094,0.009443096385206936,0.007232620692815987,0.011044255706308605
kan_V0-fosls,42.47617804037558,0.00916370187670756,0.007138848073970244,0.011119402355207147
kan_V0-fosls,42.675071754971064,0.008982271342761576,0.007007858696289427,0.011401517654075459
kan_V0-fosls,42.87396546956655,0.008517083264666225,0.006874373803561313,0.011676818954467112
kan_V0-fosls,43.072859184162034,0.00791444526862689,0.006738245088672622,0.011945777370042121
kan_V0-fosls,43.271752898757526,0.007913250017998051,0.006385886703277376,0.011734591446656355
kan_V0-fosls,43.47064661335301,0.008357203125038983,0.006485173284172585,0.011231925104312483
kan_V0-fosls,43.669540327948496,0.008613841144789925,0.006582962559850761,0.010705682915061023
kan_V0-fosls,43.86843404254398,0.008469209042940696,0.006679320294988699,0.010809132759613488
kan_V0-fosls,44.067327757139466,0.008041068952714689,0.006774307576549722,0.011004441258079612
kan_V0-fosls,44.26622147173495,0.007712191598991709,0.006867981266744255,0.011196343322268217
kan_V0-fosls,44.465115186330436,0.0077261164277052175,0.006928182401561204,0.011268885558886913
kan_V0-fosls,44.66400890092592,0.007923004570811437,0.00688968175606091,0.010682209680123055
kan_V0-fosls,44.862902615521406,0.0081195981889474,0.007053693020701513,0.010103476546089276
kan_V0-fosls,45.06179633011689,0.008194226094793986,0.0070946432892441975,0.009911696397137506
kan_V0-fosls,45.260690044712376,0.008267111851770745,0.007135358545507171,0.009716131566661764
kan_V0-fosls,45.45958375930786,0.008085144424682455,0.007175842789823834,0.009516548732199804
kan_V0-fosls,45.658477473903346,0.008143048296775934,0.007051149778882737,0.009573294784002465
kan_V0-fosls,45.85737118849883,0.008368945029317171,0.007071861378375608,0.009848938928279115
kan_V0-fosls,46.056264903094316,0.00835166151136683,0.0074109481376850314,0.00988657187360439
kan_V0-fosls,46.2551586176898,0.008538892195226033,0.007544144567056736,0.009947836162721331
kan_V0-fosls,46.454052332285286,0.008858533732507841,0.007180088563437731,0.010613574621714302
kan_V0-fosls,46.65294604688077,0.009152161146312753,0.006670296973264812,0.01123995054175282
kan_V0-fosls,46.85183976147626,0.009389841394494745,0.006118173881501069,0.01183321638910578
kan_V0-fosls,47.05073347607175,0.009621255816189084,0.005511010939656923,0.012398126150421008
kan_V0-fosls,47.24962719066723,0.009811545893553392,0.0060066529916031975,0.012204144632040066
kan_V0-fosls,47.44852090526272,0.00959666948999507,0.0066141913810411415,0.011770856003935282
kan_V0-fosls,47.6474146198582,0.00927162288356572,0.007170437579990653,0.01132099624286689
kan_V0-fosls,47.84630833445369,0.009116718365542297,0.007526646244598929,0.010976614863835022
kan_V0-fosls,48.04520204904917,0.00897942151497683,0.00748671427767735,0.011358332845116764
kan_V0-fosls,48.24409576364466,0.00891681794964595,0.007446568180029013,0.011727633016596004
kan_V0-fosls,48.44298947824014,0.008965408277266242,0.007432526205015657,0.011788532997209632
kan_V0-fosls,48.64188319283563,0.008704406866159656,0.007548132249637681,0.01126211706010526
kan_V0-fosls,48.84077690743111,0.008313221544867733,0.007610845056966149,0.010709857661272982
kan_V0-fosls,49.0396706220266,0.007912452414099677,0.0074114341258027724,0.010127527910301767
kan_V0-fosls,49.23856433662208,0.007872834955370342,0.007099973763733178,0.009509605250648152
kan_V0-fosls,49.43745805121757,0.0077999124530969376,0.006469324350446905,0.008848636192790874
kan_V0-fosls,49.63635176581305,0.0076120038231166755,0.005770154907528139,0.008813961526462785
kan_V0-fosls,49.83524548040854,0.007622561199975975,0.0056840764828160984,0.008581853369314064
kan_V0-fosls,50.03413919500402,0.007573731325938549,0.005827638495922285,0.00825135652410654
kan_V0-fosls,50.23303290959951,0.0075949288280044705,0.005967747935009291,0.00823733415105646
kan_V0-fosls,50.431926624195,0.007534840997130324,0.0061046425278193026,0.008293667052568295
kan_V0-fosls,50.630820338790485,0.007536663576695734,0.006238533911834764,0.008917243118883393
kan_V0-fosls,50.82971405338597,0.007457168168349026,0.006369611475260063,0.009499975605426026
kan_V0-fosls,51.028607767981455,0.007438035566543277,0.006251438900119337,0.010008747736304799
kan_V0-fosls,51.22750148257694,0.00750180843716031,0.0064570727555752095,0.009556969872781743
kan_V0-fosls,51.426395197172425,0.00756809508307678,0.0064404116454289465,0.009082748210180076
kan_V0-fosls,51.62528891176791,0.007517302260768629,0.006423707321661064,0.00858236313318196
kan_V0-fosls,51.824182626363395,0.007421673457085919,0.0064069594462699015,0.008444405193003214
kan_V0-fosls,52.02307634095888,0.007390337750755378,0.006390167676824474,0.00851193025782519
kan_V0-fosls,52.221970055554365,0.00724639242679459,0.006373331666382776,0.00857892384652879
kan_V0-fosls,52.42086377014985,0.0072063242505738135,0.006410284034747433,0.008784249106099179
kan_V0-fosls,52.619757484745335,0.007088783184792911,0.006537970698772858,0.00913334069347275
kan_V0-fosls,52.81865119934082,0.007113928217252592,0.006455011644743405,0.009469571906273608
kan_V0-fosls,53.017544913936305,0.0069862451261691345,0.006096359277462953,0.009794267300473652
kan_V0-fosls,53.21643862853179,0.006993736005868476,0.005647105063805534,0.010108538559958533
kan_V0-fosls,53.415332343127275,0.006998104163099372,0.0051588753390063215,0.01041332951957296
kan_V0-fosls,53.61422605772276,0.006968803538509141,0.004671732492075512,0.010709449637971631
kan_V0-fosls,53.813119772318245,0.006960484916194903,0.005426061394577843,0.010558953272773598
kan_V0-fosls,54.01201348691373,0.006981208699638607,0.005987184795099306,0.010189580501065252
kan_V0-fosls,54.21090720150922,0.0070006772037238055,0.006046604902463307,0.009806304470021404
kan_V0-fosls,54.40980091610471,0.00706942213504989,0.005866259301588205,0.009521489662085051
kan_V0-fosls,54.60869463070019,0.0072728819204987355,0.005670844049672698,0.009608812568166118
kan_V0-fosls,54.80758834529568,0.007373395032604603,0.0054684500800452,0.009695349016672983
kan_V0-fosls,55.00648205989116,0.007438194112724556,0.005390903344541743,0.009781119881693326
kan_V0-fosls,55.20537577448665,0.0074659409100667875,0.005657359515728763,0.009366115646782521
kan_V0-fosls,55.40426948908213,0.007380483805652632,0.005911818206797484,0.009719482823403559
kan_V0-fosls,55.60316320367762,0.00736727731045409,0.006155767403844759,0.010371679515760185
kan_V0-fosls,55.8020569182731,0.007585678692729518,0.006390410796674427,0.010985223056490115
kan_V0-fosls,56.00095063286859,0.007483728842805003,0.006347677748732254,0.01156626626115985
kan_V0-fosls,56.19984434746407,0.007487045459319032,0.00614172136756342,0.012100909144309665
kan_V0-fosls,56.39873806205956,0.007408223451573358,0.0059162603409712395,0.011401401632545166
kan_V0-fosls,56.59763177665504,0.0072489404145299075,0.005976792117836962,0.010656074148314185
kan_V0-fosls,56.79652549125053,0.0070475027762018465,0.005900060553106679,0.009854535672579209
kan_V0-fosls,56.99541920584601,0.006726411115770051,0.0058223178409300995,0.008981749851220668
kan_V0-fosls,57.1943129204415,0.00680589506362847,0.005743522921630973,0.008039761766647975
kan_V0-fosls,57.39320663503698,0.006793328932425721,0.005362894875479516,0.007845676017790008
kan_V0-fosls,57.59210034963247,0.0065723589618873635,0.00498159852767623,0.007710454426463389
kan_V0-fosls,57.79099406422796,0.006737426279287994,0.005424655372127398,0.007602790824472251
kan_V0-fosls,57.989887778823444,0.007016691801493477,0.0054028968204563165,0.007915837483263818
kan_V0-fosls,58.18878149341893,0.007108666973727503,0.005304771762015856,0.008344987810791413
kan_V0-fosls,58.387675208014414,0.006954712131128738,0.005204797098990953,0.008753122874898425
kan_V0-fosls,58.5865689226099,0.0070806543821956835,0.005102864120888236,0.009143057396947854
kan_V0-fosls,58.785462637205384,0.007197987279915689,0.004998853031529564,0.009517028793940664
kan_V0-fosls,58.98435635180087,0.007191161238434476,0.0050728505238470676,0.009625463526791864
kan_V0-fosls,59.183250066396354,0.007024806235846887,0.005183465348732,0.00930040825309667
kan_V0-fosls,59.38214378099184,0.006774755424252775,0.005291768476201054,0.008963572906098151
kan_V0-fosls,59.581037495587324,0.006763203085622418,0.005397899053328536,0.008613575611301326
kan_V0-fosls,59.77993121018281,0.00645441302878417,0.005324362925642975,0.008248741139123788
kan_V0-fosls,59.978824924778294,0.006021534454775096,0.005242820322218841,0.007867005526179664
kan_V0-fosls,60.17771863937378,0.005752054491778657,0.0049394554167730975,0.007465776685490234
kan_V0-fosls,60.376612353969264,0.006239445392106298,0.0046487391443803105,0.00725035140109468
kan_V0-fosls,60.57550606856475,0.0066026308957637895,0.00459988178502576,0.0071187154335861655
kan_V0-fosls,60.774399783160234,0.0066164851906921965,0.004550499889015465,0.007311138733886117
kan_V0-fosls,60.97329349775572,0.006513641129557754,0.004500576190183624,0.007773313229690805
kan_V0-fosls,61.172187212351204,0.006265225223740554,0.004450092453799778,0.008209509580215026
kan_V0-fosls,61.371080926946696,0.006089145610893909,0.004399029398751923,0.008623670710805158
kan_V0-fosls,61.56997464154218,0.006176317230367108,0.00434736661150192,0.008426638532627654
kan_V0-fosls,61.768868356137666,0.006414771886573945,0.004596301764319575,0.007986573069192886
kan_V0-fosls,61.96776207073315,0.006527587102512708,0.0048515589448035355,0.007742027137853717
kan_V0-fosls,62.166655785328636,0.006827673887300798,0.00509404146833525,0.008206750255984658
kan_V0-fosls,62.36554949992412,0.006619018951232011,0.005325494603070695,0.008646531982531788
kan_V0-fosls,62.564443214519606,0.0063306100693076,0.00540197093691407,0.009065003082502835
kan_V0-fosls,62.76333692911509,0.0063987739617537755,0.004975814517594001,0.009464990567698773
kan_V0-fosls,62.962230643710576,0.006440405230936756,0.005118967082192562,0.00928637426778536
kan_V0-fosls,63.16112435830606,0.0065557852055915114,0.0052582238316415215,0.008992450421998423
kan_V0-fosls,63.360018072901546,0.0066485943003986685,0.005393886515186862,0.00868858919173954
kan_V0-fosls,63.55891178749703,0.006691361836798328,0.005207952186227564,0.008413831097690349
kan_V0-fosls,63.757805502092516,0.006556350352786759,0.0049915353959962255,0.008403444794362171
kan_V0-fosls,63.956699216688,0.006584757627614639,0.004765300121181659,0.008497685861355509
kan_V0-fosls,64.15559293128348,0.0065830322236141575,0.004678600621732401,0.008900174152028805
kan_V0-fosls,64.35448664587898,0.006489522668796927,0.004773408245600422,0.00880147809239554
kan_V0-fosls,64.55338036047445,0.006394227071416009,0.0048663691578688575,0.008542407039191763
kan_V0-fosls,64.75227407506995,0.006297024097358694,0.00495758724402794,0.008275229267853951
kan_V0-fosls,64.95116778966543,0.006197777319666068,0.005047157000098151,0.007999132505957171
kan_V0-fosls,65.15006150426092,0.006101361594992001,0.005135164679455858,0.007713159032470071
kan_V0-fosls,65.3489552188564,0.005976930905944431,0.0052216892656134,0.007416166373031867
kan_V0-fosls,65.54784893345189,0.005974324432926758,0.005136372704597378,0.007141439866076968
kan_V0-fosls,65.74674264804737,0.005936409978924577,0.005024096247038526,0.007052415465107482
kan_V0-fosls,65.94563636264286,0.005886935661838947,0.004909252655800087,0.006978771613066143
kan_V0-fosls,66.14453007723834,0.0059270093166217935,0.004791657351841201,0.00690434229758262
kan_V0-fosls,66.34342379183383,0.005966813363805543,0.0046711025161547725,0.006829101836774663
kan_V0-fosls,66.54231750642931,0.0060063531820808615,0.004547352774461319,0.006844146913135758
kan_V0-fosls,66.7412112210248,0.005990752341393136,0.004535208174795822,0.006994691557983212
kan_V0-fosls,66.94010493562028,0.0058986942673638024,0.004780824504412001,0.0070495899694968025
kan_V0-fosls,67.13899865021577,0.005802678749140255,0.005014424463010453,0.00709163151874537
kan_V0-fosls,67.33789236481125,0.005659070946034536,0.0052376161035808146,0.0071334252962581435
kan_V0-fosls,67.53678607940674,0.0054503398653448065,0.005250640019977996,0.007174975631800321
kan_V0-fosls,67.73567979400222,0.005598281899259947,0.005051990526436796,0.007216286730484124
kan_V0-fosls,67.93457350859771,0.005569645405658732,0.0047217801741348065,0.007257362677735906
kan_V0-fosls,68.1334672231932,0.0055257845749898775,0.004601271967687625,0.007219270706123609
kan_V0-fosls,68.33236093778868,0.005654018615610969,0.004692467504507733,0.007005606883936839
kan_V0-fosls,68.53125465238416,0.00575128401762893,0.0046597543716836035,0.006785218205498772
kan_V0-fosls,68.73014836697965,0.005778273742564977,0.004626809951574397,0.006557426658392812
kan_V0-fosls,68.92904208157513,0.005760573414988582,0.004434665768113847,0.006491769026392331
kan_V0-fosls,69.12793579617062,0.005723195194112154,0.0041974711811680184,0.006722535285684492
kan_V0-fosls,69.3268295107661,0.0057243499412317185,0.00394604462197164,0.006898374807593219
kan_V0-fosls,69.52572322536159,0.005618195450898545,0.004104091706970421,0.00675704685294161
kan_V0-fosls,69.72461693995707,0.00556265323434464,0.00440507816956116,0.006612699097922076
kan_V0-fosls,69.92351065455256,0.005574173793765158,0.0046867748634498345,0.006635961638876105
kan_V0-fosls,70.12240436914804,0.0054860668232149905,0.004952474488716336,0.006676652506431762
kan_V0-fosls,70.32129808374353,0.005395886473419871,0.004833774544442735,0.006717096881142018
kan_V0-fosls,70.52019179833903,0.005449671673139736,0.004616846413068828,0.007036836108361159
kan_V0-fosls,70.71908551293451,0.005521334101959652,0.004434688059043232,0.007230759446433011
kan_V0-fosls,70.91797922753,0.005497346140557857,0.004506613395871111,0.007203276737963387
kan_V0-fosls,71.11687294212548,0.005472682646725917,0.004577408701292605,0.007175688772179899
kan_V0-fosls,71.31576665672097,0.005334515590763895,0.004494836100745071,0.007147994330348402
kan_V0-fosls,71.51466037131645,0.005080442733423557,0.0044064861434542245,0.0071201921700328515
kan_V0-fosls,71.71355408591194,0.00488652575314863,0.004316328149289279,0.00709228102444491
kan_V0-fosls,71.91244780050742,0.004877253351388175,0.0041892171853858,0.00706425960177042
kan_V0-fosls,72.11134151510291,0.004806701566487882,0.004186171686650977,0.0067811316693437
kan_V0-fosls,72.31023522969839,0.004805254930934964,0.004167755195074201,0.006415419472683429
kan_V0-fosls,72.50912894429388,0.0048841706231432525,0.004149256962640142,0.006027558983866965
kan_V0-fosls,72.70802265888936,0.004726834641790203,0.004130675891178996,0.006024257483391434
kan_V0-fosls,72.90691637348485,0.004527857332842109,0.004026792777481158,0.006096467198986591
kan_V0-fosls,73.10581008808033,0.004389914447239922,0.0038159013747955037,0.006167831579286281
kan_V0-fosls,73.30470380267582,0.0044855011775008285,0.0035926517409231315,0.00623837963517473
kan_V0-fosls,73.5035975172713,0.005013194863536467,0.0038077778756210046,0.0062150412918188964
kan_V0-fosls,73.70249123186679,0.00520381930561044,0.003854272251294024,0.0061365027868820555
kan_V0-fosls,73.90138494646227,0.005461871447592829,0.003900212407564669,0.00632329974225489
kan_V0-fosls,74.10027866105776,0.005592004193221242,0.0039456177033701184,0.006777865847734505
kan_V0-fosls,74.29917237565324,0.005518784317560855,0.003990506396207626,0.007203805332556594
kan_V0-fosls,74.49806609024873,0.005498151033419921,0.004034895727921636,0.007605929074666411
kan_V0-fosls,74.69695980484421,0.005507677747064191,0.004108076087944223,0.007489530749585264
kan_V0-fosls,74.8958535194397,0.005537128977064955,0.004223720162796857,0.007200238236328754
kan_V0-fosls,75.09474723403518,0.005587087060537457,0.004336281227376093,0.006898825296439821
kan_V0-fosls,75.29364094863067,0.005592266226462479,0.00444599344940722,0.0065836274409861156
kan_V0-fosls,75.49253466322615,0.0054947784736640096,0.00436453655523943,0.0062525602830050975
kan_V0-fosls,75.69142837782164,0.005312578639868944,0.0042280858412759555,0.006033046102724859
kan_V0-fosls,75.89032209241712,0.005058095820603926,0.004154031711850908,0.00617946542673971
kan_V0-fosls,76.08921580701261,0.005185860431759425,0.00433536293459357,0.006265246016938027
kan_V0-fosls,76.28810952160809,0.0051364949730476036,0.004509408396478695,0.006338267820724149
kan_V0-fosls,76.48700323620358,0.00504496197163708,0.004676981547731115,0.006410457883934399
kan_V0-fosls,76.68589695079906,0.005062717475941846,0.0045414446613253985,0.0064818439965928015
kan_V0-fosls,76.88479066539455,0.005086061667412571,0.004225821710866643,0.00658107132727922
kan_V0-fosls,77.08368437999003,0.005174260573244476,0.0038846388058843763,0.006896102055628039
kan_V0-fosls,77.28257809458552,0.00521400707843282,0.00384781684364078,0.007022895491778877
kan_V0-fosls,77.481471809181,0.005357492292433409,0.004222449782722028,0.006616785247375964
kan_V0-fosls,77.68036552377649,0.005423775770829515,0.004264909816898533,0.006184062817544494
kan_V0-fosls,77.87925923837199,0.005228875914215609,0.0043069512796113305,0.005718690309221167
kan_V0-fosls,78.07815295296747,0.004992224829845269,0.004348586310930697,0.005884504072684569
kan_V0-fosls,78.27704666756296,0.0047391942590094245,0.004389826475190337,0.006051436292651079
kan_V0-fosls,78.47594038215844,0.004752908365191591,0.003833757745356936,0.006124622229575521
kan_V0-fosls,78.67483409675393,0.0048478601561119435,0.0037799646580608374,0.005966931422976527
kan_V0-fosls,78.87372781134941,0.004976251573058439,0.003994497470906836,0.005999952224115242
kan_V0-fosls,79.0726215259449,0.005076770831167647,0.004198081380103681,0.006044656837737089
kan_V0-fosls,79.27151524054038,0.005137146659106922,0.004392239121776654,0.006089033246775554
kan_V0-fosls,79.47040895513587,0.005201387697416457,0.004578170129184528,0.00613308857547927
kan_V0-fosls,79.66930266973135,0.005191818101899877,0.004679941938374137,0.0061768296940267545
kan_V0-fosls,79.86819638432684,0.005240911631444868,0.004572693950369049,0.006178589351082135
kan_V0-fosls,80.06709009892232,0.005243505327343563,0.0045929590524228445,0.006136074783030356
kan_V0-fosls,80.2659838135178,0.005140721353619221,0.0046131351325019955,0.006183552795488358
kan_V0-fosls,80.46487752811329,0.005068251417606829,0.00463322335358608,0.006230669033598458
kan_V0-fosls,80.66377124270878,0.005037614311063542,0.0045522067893712685,0.0062774316434266
kan_V0-fosls,80.86266495730426,0.005006699178664256,0.004458617435998409,0.006372960254733411
kan_V0-fosls,81.06155867189975,0.004975497378434543,0.0043630209978844,0.006541461401176567
kan_V0-fosls,81.26045238649523,0.004878696493468663,0.004342537474650298,0.0064880361559245606
kan_V0-fosls,81.45934610109072,0.004996835534813645,0.004395165108686689,0.006434167316606384
kan_V0-fosls,81.6582398156862,0.005049205872365741,0.004357545193200775,0.006379843646641134
kan_V0-fosls,81.85713353028169,0.0049878584563544884,0.004233289189530666,0.006325053426895989
kan_V0-fosls,82.05602724487717,0.004797933646970915,0.0041052739998211135,0.006269784426165714
kan_V0-fosls,82.25492095947266,0.004662095413768311,0.0039731362756665264,0.006214023869288851
kan_V0-fosls,82.45381467406814,0.004660294847124394,0.0038317097060375873,0.006088013446096658
kan_V0-fosls,82.65270838866363,0.004764913772730172,0.0039334374146505644,0.005928094358773388
kan_V0-fosls,82.85160210325911,0.004783398872889708,0.004095775305270645,0.005813396995530054
kan_V0-fosls,83.0504958178546,0.004802465008372789,0.004091204394580044,0.0059089719706609985
kan_V0-fosls,83.24938953245008,0.004747685905507389,0.004085780797397496,0.006267470618090909
kan_V0-fosls,83.44828324704557,0.004819358004403432,0.004080349991181291,0.006606544190967646
kan_V0-fosls,83.64717696164105,0.00482636500398002,0.004074911947108087,0.0069290449807880355
kan_V0-fosls,83.84607067623654,0.004794537906189538,0.004231574404501159,0.006925599432789209
kan_V0-fosls,84.04496439083202,0.004904897471378876,0.0045292468010129615,0.006621173058232032
kan_V0-fosls,84.2438581054275,0.00496551691462753,0.004522684973015356,0.006302058221776852
kan_V0-fosls,84.44275182002299,0.0049495306109113655,0.004394915226967984,0.005965898339250571
kan_V0-fosls,84.64164553461848,0.00492450689899102,0.004263317996505912,0.006113284590636423
kan_V0-fosls,84.84053924921396,0.004930173904916511,0.004127527204807658,0.006456624695214217
kan_V0-fosls,85.03943296380946,0.00480807232379625,0.004088653512224552,0.00664624108096215
kan_V0-fosls,85.23832667840495,0.00484912372112189,0.004024821501173819,0.006393460022443397
kan_V0-fosls,85.43722039300043,0.004880819234016053,0.004225313082544279,0.006130264399754297
kan_V0-fosls,85.63611410759592,0.0048156970918697,0.004358404824745781,0.005855249965903071
kan_V0-fosls,85.8350078221914,0.004748940792113635,0.004444685325286183,0.005684610345137684
kan_V0-fosls,86.03390153678689,0.004680414781127662,0.004441455920238038,0.005542069909365088
kan_V0-fosls,86.23279525138237,0.004683256291862048,0.004298355795837017,0.005544805108312551
kan_V0-fosls,86.43168896597786,0.0046603756351551485,0.004295498851468306,0.005600801746556091
kan_V0-fosls,86.63058268057334,0.004630822195151018,0.0042578428875620624,0.005379526884746432
kan_V0-fosls,86.82947639516883,0.00466846351865927,0.004175356915176411,0.005210044278751879
kan_V0-fosls,87.02837010976431,0.0046623295048529075,0.004091208218003591,0.0052440668716454445
kan_V0-fosls,87.2272638243598,0.004638218722106742,0.004005291998969458,0.00527787015016695
kan_V0-fosls,87.42615753895528,0.004520393517938044,0.00391749196692953,0.005326899958413532
kan_V0-fosls,87.62505125355077,0.004458562723487141,0.003909027850435416,0.005497198324648448
kan_V0-fosls,87.82394496814625,0.004387779766911537,0.004076869551935465,0.005443433860370096
kan_V0-fosls,88.02283868274174,0.0044214161481876705,0.0041628717497551974,0.005207424459310638
kan_V0-fosls,88.22173239733722,0.00458639288737989,0.0039752840306970265,0.0051291816128938
kan_V0-fosls,88.4206261119327,0.0046875875552367585,0.0037783945062049426,0.005176080622477449
kan_V0-fosls,88.61951982652819,0.004695873444631446,0.003570664779046695,0.005222558492034841
kan_V0-fosls,88.81841354112368,0.004649345383520969,0.0033500789369997654,0.005268626367001548
kan_V0-fosls,89.01730725571916,0.004618889843177924,0.003292105514339429,0.005211061606283334
kan_V0-fosls,89.21620097031465,0.004646156903051224,0.0035990326260404025,0.005151907229198244
kan_V0-fosls,89.41509468491013,0.004600332676184813,0.0037416138029087247,0.005108985467359355
kan_V0-fosls,89.61398839950562,0.00448958991553983,0.003709628520760982,0.005065700041762544
kan_V0-fosls,89.8128821141011,0.004388414287298514,0.003677365044970316,0.005067293050174008
kan_V0-fosls,90.01177582869659,0.004334238720458716,0.0036448159879335137,0.0051940119207380935
kan_V0-fosls,90.21066954329207,0.004196636262372368,0.0036119736291703427,0.0052820053173768785
kan_V0-fosls,90.40956325788756,0.004138908629323311,0.0035923251736548352,0.005169652313255614
kan_V0-fosls,90.60845697248304,0.00414524418237325,0.00359332601481871,0.0051083096990620705
kan_V0-fosls,90.80735068707853,0.004191801562090026,0.0035943265772981152,0.005097084300794862
kan_V0-fosls,91.00624440167401,0.004192321671236878,0.00359532686132572,0.005085834126009938
kan_V0-fosls,91.2051381162695,0.004268660566332244,0.0034757949706595292,0.005074559009920477
kan_V0-fosls,91.40403183086498,0.0043281999579949755,0.0033049810337525782,0.005063258785904876
kan_V0-fosls,91.60292554546047,0.004373927341160653,0.00325612473769168,0.00505193328547802
kan_V0-fosls,91.80181926005595,0.004431761237799877,0.003404898491866857,0.0049974125228042865
kan_V0-fosls,92.00071297465144,0.004456834570215662,0.0035474383958606927,0.004877577258719896
kan_V0-fosls,92.19960668924692,0.004471250894607681,0.003684468021972259,0.004796709210015778
kan_V0-fosls,92.39850040384242,0.00456123577670653,0.0038165809355293024,0.004808766977647821
kan_V0-fosls,92.5973941184379,0.004537894552134561,0.003944271221652387,0.004926185391431727
kan_V0-fosls,92.79628783303339,0.004513506555698498,0.004024007077597649,0.005040869486129804
kan_V0-fosls,92.99518154762887,0.004493806633078639,0.00398184862259055,0.0049852168325794565
kan_V0-fosls,93.19407526222436,0.004550764908458812,0.0039891932074082245,0.004839026481094515
kan_V0-fosls,93.39296897681984,0.0044981033008903585,0.003996524294788858,0.004885861175615693
kan_V0-fosls,93.59186269141533,0.00434602815625564,0.003915117701203487,0.005065811646306484
kan_V0-fosls,93.79075640601081,0.004188251400198796,0.0037064712335371348,0.005239585464931368
kan_V0-fosls,93.9896501206063,0.004102314892846218,0.0034853567099795827,0.005407778106837013
kan_V0-fosls,94.18854383520178,0.004040955975133523,0.00336563574779001,0.00557089510413285
kan_V0-fosls,94.38743754979727,0.004123998886403672,0.0036480355119997434,0.005477993052099641
kan_V0-fosls,94.58633126439275,0.004165056025712353,0.0038942407751005504,0.005430201904027322
kan_V0-fosls,94.78522497898824,0.004201807058543942,0.0039306240133235686,0.005381986395203165
kan_V0-fosls,94.98411869358372,0.004328253252983501,0.0038408414761124834,0.0053333350164603355
kan_V0-fosls,95.18301240817921,0.004331418970701438,0.0037489093554173803,0.005351232476818649
kan_V0-fosls,95.3819061227747,0.0044368011789264784,0.0036546654382646295,0.005584472662208987
kan_V0-fosls,95.58079983737018,0.0045289434045390035,0.003524897654231399,0.005472448724480784
kan_V0-fosls,95.77969355196566,0.004529106554305828,0.003503821820196991,0.005273248210875874
kan_V0-fosls,95.97858726656115,0.004509819408959321,0.0034742844362006427,0.005066221308326341
kan_V0-fosls,96.17748098115663,0.00452281324722847,0.0034444937711604995,0.004850365965200369
kan_V0-fosls,96.37637469575212,0.004411409052540991,0.003414443195529974,0.004861363945953667
kan_V0-fosls,96.5752684103476,0.004342162848897326,0.0033841257854043193,0.005035165694086133
kan_V0-fosls,96.77416212494309,0.004211872501316247,0.0033535343038913236,0.00509268094269497
kan_V0-fosls,96.97305583953857,0.00416008388405356,0.003334702615550725,0.004881074448067947
kan_V0-fosls,97.17194955413406,0.004074818068791971,0.003519873382235268,0.004828560393929259
kan_V0-fosls,97.37084326872954,0.004075934829620332,0.003695778093957461,0.004814256758810927
kan_V0-fosls,97.56973698332503,0.004032832121322152,0.0037078066418257606,0.0047999104993417425
kan_V0-fosls,97.76863069792051,0.003973342406031057,0.0035921287253153572,0.004785521232177902
kan_V0-fosls,97.967524412516,0.004039040117583067,0.0034014745702156323,0.004795282272282958
kan_V0-fosls,98.16641812711148,0.00405218990370676,0.0033040809763515097,0.004958597408290323
kan_V0-fosls,98.36531184170697,0.004050085971375421,0.00337280122951665,0.0050144956431940006
kan_V0-fosls,98.56420555630245,0.004146554491921079,0.003440149003948827,0.005069777594108022
kan_V0-fosls,98.76309927089794,0.004122643525427193,0.003506203388982331,0.005124463206212708
kan_V0-fosls,98.96199298549342,0.004013614383970659,0.003532317161441579,0.005178571371520908
kan_V0-fosls,99.16088670008891,0.0039002602852834527,0.003455221833734515,0.005232120005126415
kan_V0-fosls,99.3597804146844,0.0038825535021639692,0.0033424067194121935,0.005285126114498323
kan_V0-fosls,99.5586741292799,0.0038829740667187273,0.003371225878527957,0.0052558401370591794
kan_V0-fosls,99.75756784387538,0.00393226971676161,0.0036135014006470284,0.00516274786274254
kan_V0-fosls,99.95646155847086,0.004056916340555683,0.003830484170444325,0.0050679458799579805
kan_V0-fosls,100.15535527306635,0.004162934372969256,0.0038104717497119385,0.004971336378692703
kan_V0-fosls,100.35424898766183,0.0041647683203141755,0.003790353668284923,0.004872811851287087
kan_V0-fosls,100.55314270225732,0.004173351707611894,0.0037701282346903247,0.004772253690445877
kan_V0-fosls,100.7520364168528,0.004238042424377928,0.0037497937118376786,0.004767632173678299
kan_V0-fosls,100.95093013144829,0.004293739349480581,0.003743566502319133,0.0047753640142464615
kan_V0-fosls,101.14982384604377,0.004426484023451783,0.0036297869420858888,0.004783083356332784
kan_V0-fosls,101.34871756063926,0.00434990443432765,0.003512323494866118,0.004790790260353224
kan_V0-fosls,101.54761127523474,0.004331403128743051,0.0033907933319858733,0.005039108134599084
kan_V0-fosls,101.74650498983023,0.0043017341379941055,0.003264742334073422,0.005286906321959896
kan_V0-fosls,101.94539870442571,0.004255115862607447,0.003133624992806652,0.005519757643631561
kan_V0-fosls,102.1442924190212,0.00425557892424056,0.003175367718300903,0.005291911254316774
kan_V0-fosls,102.34318613361668,0.004228859440907261,0.0031940802675974,0.005053803023733712
kan_V0-fosls,102.54207984821217,0.004137219761046595,0.0032905094021796442,0.004842578731844176
kan_V0-fosls,102.74097356280765,0.004040922721241007,0.003384192000435289,0.004936969151073431
kan_V0-fosls,102.93986727740314,0.004076128328936616,0.0034425715845791483,0.005029588454654305
kan_V0-fosls,103.13876099199862,0.003990172519270171,0.003351601480136123,0.005120532750381843
kan_V0-fosls,103.33765470659411,0.003924702264022848,0.0032580923633852856,0.005101470703147346
kan_V0-fosls,103.5365484211896,0.003995173495906015,0.003344732262513496,0.0048815768265675725
kan_V0-fosls,103.73544213578508,0.004069032884554309,0.0035237079950491486,0.0046512988822792695
kan_V0-fosls,103.93433585038056,0.004104113707731532,0.0036371711067220303,0.004560219783054024
kan_V0-fosls,104.13322956497605,0.004131280324341197,0.0035939137285447204,0.004520991833508465
kan_V0-fosls,104.33212327957153,0.004094748773340997,0.003550129309880257,0.004481420516704851
kan_V0-fosls,104.53101699416702,0.004117065031591819,0.0035057981039300482,0.0044414966550067455
kan_V0-fosls,104.7299107087625,0.004162339427144561,0.003460899099102454,0.004425677974702804
kan_V0-fosls,104.92880442335799,0.004137151476023412,0.0034057510666086863,0.004406454999721712
kan_V0-fosls,105.12769813795347,0.004067494603286708,0.0033405311793094986,0.004459466941087106
kan_V0-fosls,105.32659185254896,0.0039322854285052875,0.003274012338426906,0.004511856062944066
kan_V0-fosls,105.52548556714444,0.003805430121342019,0.0032061136948655336,0.004563643814628991
kan_V0-fosls,105.72437928173993,0.0037128118500018045,0.003136745647424577,0.004614850441875421
kan_V0-fosls,105.92327299633541,0.0035755671805184305,0.003065808455998146,0.00460437371555752
kan_V0-fosls,106.1221667109309,0.0035412382523829144,0.00299319055876876,0.004442790313088097
kan_V0-fosls,106.32106042552638,0.0035357313200301476,0.003109845521718727,0.004275104001029907
kan_V0-fosls,106.51995414012187,0.0036011699679057135,0.003236401092680787,0.004100566140568203
kan_V0-fosls,106.71884785471735,0.0035920722003513436,0.003347209095258115,0.003918261237682716
kan_V0-fosls,106.91774156931285,0.003482478894143325,0.0033164634996975285,0.0038059197047629247
kan_V0-fosls,107.11663528390834,0.0033819469562955656,0.0032800940400272253,0.003906564000652256
kan_V0-fosls,107.31552899850382,0.0033191490436465885,0.0031681724482316275,0.004004679735419753
kan_V0-fosls,107.51442271309931,0.0033885257823732234,0.0031585851377119566,0.004049042134658297
kan_V0-fosls,107.71331642769479,0.0034662065446844966,0.0031489686379219052,0.004085297793637929
kan_V0-fosls,107.91221014229028,0.0034525327321692422,0.0031393226806202346,0.004121234513731007
kan_V0-fosls,108.11110385688576,0.003478867975152723,0.003129646993431926,0.004243318742072536
kan_V0-fosls,108.30999757148125,0.0035286647813768087,0.003119941299758438,0.004389845720759426
kan_V0-fosls,108.50889128607673,0.0035777670663435747,0.003110205318685448,0.004497264805628469
kan_V0-fosls,108.70778500067222,0.003625380113189187,0.0031113584002458155,0.004415581365623885
kan_V0-fosls,108.9066787152677,0.0036876434021584185,0.0031132090959152124,0.004332358117808975
kan_V0-fosls,109.10557242986319,0.0037611009684173006,0.0031150586920631576,0.004263831571224122
kan_V0-fosls,109.30446614445867,0.0038400866724327912,0.0031169071906470436,0.004269134664899515
kan_V0-fosls,109.50335985905416,0.003903838468083386,0.003118754593618462,0.004274431179271205
kan_V0-fosls,109.70225357364964,0.003945850757520239,0.00312060090292323,0.004279721138766515
kan_V0-fosls,109.90114728824513,0.003927176557101196,0.003150243626615831,0.004285004567661986
kan_V0-fosls,110.10004100284061,0.003969361513516231,0.0032268931290089647,0.004203207875148527
kan_V0-fosls,110.2989347174361,0.004029155139245526,0.0033017637142982942,0.004166809537158182
kan_V0-fosls,110.49782843203158,0.003920906204620225,0.003374973775315665,0.004389524051900319
kan_V0-fosls,110.69672214662707,0.003826996284907831,0.0034388717557991694,0.004601471621717383
kan_V0-fosls,110.89561586122255,0.0037193760923288537,0.0033185071669559895,0.0048040775148543765
kan_V0-fosls,111.09450957581804,0.0035984506206134404,0.003195833324391628,0.004998477813493664
kan_V0-fosls,111.29340329041352,0.0035406715821417224,0.0032273381150433006,0.0048763794034101865
kan_V0-fosls,111.49229700500901,0.0035333303414457635,0.0032585383196044276,0.004643477582024931
kan_V0-fosls,111.69119071960449,0.003545255606621209,0.003289442605039591,0.004735920816118907
kan_V0-fosls,111.89008443419998,0.0035838928591238623,0.003320059234918686,0.004940057552666695
kan_V0-fosls,112.08897814879546,0.003586604887233256,0.003350396095223377,0.0051360871556828305
kan_V0-fosls,112.28787186339095,0.0035730441439251583,0.0033407421306088404,0.00532490506186552
kan_V0-fosls,112.48676557798643,0.0035450734646694905,0.0032246882675158878,0.0053458606534139115
kan_V0-fosls,112.68565929258192,0.0036125203587770846,0.0031385688633103525,0.0050529731841391775
kan_V0-fosls,112.8845530071774,0.003616477506650645,0.003118071808114769,0.0047420301426224845
kan_V0-fosls,113.08344672177289,0.003553855061953299,0.0030974391182683435,0.004529218077490304
kan_V0-fosls,113.28234043636837,0.0034897907180839634,0.003076668065001137,0.0043855510321782025
kan_V0-fosls,113.48123415096386,0.003461093471354318,0.00305575582679911,0.004609636295706079
kan_V0-fosls,113.68012786555934,0.0034020578578606757,0.003034699484930193,0.004823322060731838
kan_V0-fosls,113.87902158015483,0.00342519805349827,0.0030134960186889988,0.004802094969342106
kan_V0-fosls,114.07791529475033,0.003426255274854675,0.0030663243475678296,0.0046181294399700624
kan_V0-fosls,114.27680900934581,0.0034667107189618645,0.0030464065152127416,0.004426524929790385
kan_V0-fosls,114.4757027239413,0.003561471749466461,0.003026357597405503,0.0042262425845889795
kan_V0-fosls,114.67459643853678,0.0036131240708010192,0.0030061749714242144,0.0040159842895024995
kan_V0-fosls,114.87349015313227,0.0036572615237641303,0.0029858559259047885,0.003958108534391851
kan_V0-fosls,115.07238386772775,0.003565713248913923,0.002981059241580919,0.0039795179295978
kan_V0-fosls,115.27127758232324,0.0035287514965590904,0.003037267243282237,0.0039089952135631725
kan_V0-fosls,115.47017129691872,0.003479864838546756,0.0030924537850088485,0.0038282204114918413
kan_V0-fosls,115.6690650115142,0.0034947674091166535,0.0031466726105071415,0.003791698241280348
kan_V0-fosls,115.86795872610969,0.0035614219022969476,0.0031970483346929436,0.003754820846178178
kan_V0-fosls,116.06685244070518,0.0035269266861120327,0.003091057765492239,0.00372924622566045
kan_V0-fosls,116.26574615530066,0.0035034115694806394,0.0029813014213354583,0.003873726753511966
kan_V0-fosls,116.46463986989615,0.003527193206834729,0.0028720877121189647,0.004013008909801472
kan_V0-fosls,116.66353358449163,0.003573674819140036,0.0029434465096249813,0.004106645643498317
kan_V0-fosls,116.86242729908712,0.00356060426637945,0.003013115809912095,0.004035678971519991
kan_V0-fosls,117.0613210136826,0.0035041341977875683,0.0030812102188687088,0.003963441822592279
kan_V0-fosls,117.26021472827809,0.0034907189525374576,0.003147831943064892,0.004068804912493347
kan_V0-fosls,117.45910844287357,0.003484119071249317,0.003195120805948181,0.004218730237167185
kan_V0-fosls,117.65800215746906,0.003483446580823362,0.003086024674837541,0.0043468101557001745
kan_V0-fosls,117.85689587206454,0.0034561782933864448,0.0031280439061834335,0.004309066874032797
kan_V0-fosls,118.05578958666003,0.0034477419612598294,0.0031483010892523235,0.004220867831454852
kan_V0-fosls,118.25468330125551,0.0034748822246563936,0.003168428761730871,0.0041307860240315025
kan_V0-fosls,118.453577015851,0.003423134377139389,0.003141537416962884,0.0040386954703292
kan_V0-fosls,118.65247073044648,0.00336291461769697,0.0030900877294002954,0.00395875512313851
kan_V0-fosls,118.85136444504197,0.0033120740628032603,0.002902196156574954,0.0038929840439947613
kan_V0-fosls,119.05025815963745,0.0032881387986019458,0.002978701546649926,0.003932163719442873
kan_V0-fosls,119.24915187423294,0.003351793329301945,0.0029895756684623254,0.0039036104639447304
kan_V0-fosls,119.44804558882842,0.0034213060756595895,0.0030038451313145974,0.0038076113492427044
kan_V0-fosls,119.6469393034239,0.0034893985644821475,0.003018047128257421,0.0038337287560193246
kan_V0-fosls,119.84583301801939,0.0034663331647537517,0.0029789660460954885,0.004079102915875142
kan_V0-fosls,120.04472673261488,0.0033854724355302087,0.0029076666028829278,0.004310531872271993
kan_V0-fosls,120.24362044721036,0.0033600028531190675,0.0028345742966540324,0.004523918170051172
kan_V0-fosls,120.44251416180585,0.003345805509574588,0.0027595466680204305,0.004414413063937289
kan_V0-fosls,120.64140787640133,0.003332088321327474,0.0027375792438591173,0.004302121545098565
kan_V0-fosls,120.84030159099682,0.003318192856574231,0.002784448259600985,0.004186819422729182
kan_V0-fosls,121.0391953055923,0.003273737452535211,0.0028305413094285785,0.004068250725838242
kan_V0-fosls,121.23808902018779,0.003193559429569659,0.0028758957036666586,0.004134264353152693
kan_V0-fosls,121.43698273478329,0.0031417455640764687,0.002920545855204993,0.0043045637478411536
kan_V0-fosls,121.63587644937877,0.0031383742070797208,0.002958712996985243,0.004426864138260469
kan_V0-fosls,121.83477016397426,0.003269580528807113,0.002965091350527931,0.004324697887632262
kan_V0-fosls,122.03366387856974,0.0033103002596082884,0.0029566595022160434,0.004220058949821115
kan_V0-fosls,122.23255759316523,0.0032839506347045007,0.002948203538956103,0.0041127585949870225
kan_V0-fosls,122.43145130776071,0.003274045546451382,0.002939723252651882,0.004002582788814489
kan_V0-fosls,122.6303450223562,0.0033409605581202757,0.0029312184321969308,0.003974840323193861
kan_V0-fosls,122.82923873695168,0.0034186318522885437,0.0029226888634132616,0.004124739995372505
kan_V0-fosls,123.02813245154717,0.003460636705023153,0.0029141343289884173,0.004116073198964816
kan_V0-fosls,123.22702616614265,0.0034147909574340947,0.0029060530180246083,0.004016021426339564
kan_V0-fosls,123.42591988073814,0.003346087548989263,0.0028979859303284107,0.003913412528011898
kan_V0-fosls,123.62481359533362,0.003300503484889851,0.0028898963236062493,0.0038080398017854918
kan_V0-fosls,123.8237073099291,0.0032828851414942817,0.0028817840082151205,0.0036996670998299965
kan_V0-fosls,124.02260102452459,0.0032677608777876063,0.002873648791835198,0.003588022598472104
kan_V0-fosls,124.22149473912008,0.003246838471602586,0.002865490479416636,0.0034795584851312357
kan_V0-fosls,124.42038845371556,0.0032771571222257757,0.0028590660787722443,0.003472032990164016
kan_V0-fosls,124.61928216831105,0.0032583004200100176,0.002855800295342139,0.003464491148513123
kan_V0-fosls,124.81817588290653,0.003287341274822703,0.0028525307730095403,0.0035094944661365427
kan_V0-fosls,125.01706959750202,0.003307076490580354,0.0028492574989032768,0.0036212652230675334
kan_V0-fosls,125.2159633120975,0.0032988892628455103,0.0028459804600781623,0.0037296879525978697
kan_V0-fosls,125.41485702669299,0.0032863596497986255,0.002842699643514394,0.003835046627058011
kan_V0-fosls,125.61375074128847,0.003286544036412982,0.0028394150361169494,0.003937587210420154
kan_V0-fosls,125.81264445588396,0.003298786780771365,0.0028102155698328584,0.003853743535286108
kan_V0-fosls,126.01153817047944,0.003308687996975143,0.0028160340244757277,0.003758005223536046
kan_V0-fosls,126.21043188507493,0.00331928641365905,0.0028218404818626634,0.0036597632825756564
kan_V0-fosls,126.40932559967041,0.003306315394611235,0.0028276350159016023,0.003558810378322183
kan_V0-fosls,126.6082193142659,0.003289624044153289,0.0028334176997447448,0.0035925381283408338
kan_V0-fosls,126.80711302886138,0.00331617711121823,0.0028391886057993307,0.0036668982040970978
kan_V0-fosls,127.00600674345687,0.003301439821164544,0.0028449478057382166,0.0036154249211834606
kan_V0-fosls,127.20490045805235,0.0033025289604760857,0.002853608050900933,0.00357170109659331
kan_V0-fosls,127.40379417264784,0.0033252487537292156,0.0028650579720975733,0.003687240879847319
kan_V0-fosls,127.60268788724332,0.0033776625304468987,0.0028764623165953517,0.0037992685991686094
kan_V0-fosls,127.8015816018388,0.0033520510117926406,0.0028878216243574213,0.003908086292706442
kan_V0-fosls,128.0004753164343,0.003368302611057308,0.0028962148422786616,0.004013955038842783
kan_V0-fosls,128.1993690310298,0.0033895823734610597,0.0028192286542502924,0.004082655451104828
kan_V0-fosls,128.39826274562526,0.0033725511322535567,0.002847099108163776,0.003983774924953747
kan_V0-fosls,128.59715646022076,0.0033895186128945157,0.002899653636298733,0.003882376820060669
kan_V0-fosls,128.79605017481623,0.003413663339013901,0.0029512724525692165,0.0037782584471153717
kan_V0-fosls,128.99494388941173,0.003409209998356763,0.003002003825461822,0.003671188365291655
kan_V0-fosls,129.19383760400723,0.0033632626112918918,0.0030480191370654166,0.0036634195455595734
kan_V0-fosls,129.3927313186027,0.0033166830697368742,0.0029790524922394964,0.0037125042514950532
kan_V0-fosls,129.59162503319817,0.0032817234435431027,0.0029661617651773643,0.003783694301253033
kan_V0-fosls,129.79051874779367,0.0032681260512570027,0.0030245473057261417,0.0038786793670417107
kan_V0-fosls,129.98941246238914,0.003307404724051703,0.002996322404710592,0.003971393294461704
kan_V0-fosls,130.18830617698464,0.0032726271851772765,0.00293077424647289,0.004061991600960765
kan_V0-fosls,130.3871998915801,0.003202529719361817,0.002863726141691426,0.004150612826228929
kan_V0-fosls,130.5860936061756,0.003200191263685208,0.002795070150358472,0.004237381019006493
kan_V0-fosls,130.78498732077108,0.003176707305400566,0.002724684729696825,0.004278076392309369
kan_V0-fosls,130.98388103536658,0.0031491701473240407,0.0027684425724356252,0.004053969623085453
kan_V0-fosls,131.18277474996205,0.0031288327381497685,0.002846331878389764,0.003816726580640109
kan_V0-fosls,131.38166846455755,0.003125735217455794,0.0028594761710827622,0.0035751095250880363
kan_V0-fosls,131.58056217915302,0.003161064901022724,0.0028725603186082025,0.0035075501406046376
kan_V0-fosls,131.77945589374852,0.0030900723874413005,0.0028045579190084267,0.003557317879591114
kan_V0-fosls,131.978349608344,0.0031354375833025053,0.0026642691563024783,0.0036063988969693267
kan_V0-fosls,132.1772433229395,0.0031464868590206016,0.002587682306855311,0.0036127776688101897
kan_V0-fosls,132.376137037535,0.0031992598379979873,0.0026291864951769666,0.0035129782005774188
kan_V0-fosls,132.57503075213046,0.0031894819916499766,0.002671760833350995,0.003508003679216323
kan_V0-fosls,132.77392446672596,0.0031950590491103686,0.002713667311008462,0.003664156729569652
kan_V0-fosls,132.97281818132143,0.0031690306867617375,0.0027549364056259733,0.0038139217695576447
kan_V0-fosls,133.17171189591693,0.0031848186065398685,0.0027955963448342913,0.003958024000655001
kan_V0-fosls,133.3706056105124,0.0032606596785234813,0.002835673332289584,0.004050117281789331
kan_V0-fosls,133.5694993251079,0.00321300401047538,0.0028265725113610783,0.0038908536346159324
kan_V0-fosls,133.76839303970337,0.0031646294231908252,0.0028406354525104117,0.00372478643894648
kan_V0-fosls,133.96728675429887,0.0031155022968344928,0.002863362288670845,0.0035509612818946656
kan_V0-fosls,134.16618046889434,0.003086160899966249,0.0028633244855463653,0.003387591611763706
kan_V0-fosls,134.36507418348984,0.00303983307477177,0.0028632866819227817,0.0032986110661814873
kan_V0-fosls,134.5639678980853,0.0029892186647229304,0.0028632488778000753,0.003257919701562574
kan_V0-fosls,134.7628616126808,0.0029537421436208982,0.0028632110731782257,0.0033064790744342537
kan_V0-fosls,134.96175532727628,0.0030316987615731767,0.002842338169350305,0.0033188526805532116
kan_V0-fosls,135.16064904187178,0.0030347037478105085,0.0028127417122911194,0.0033311803254640676
kan_V0-fosls,135.35954275646725,0.003044386110005211,0.002782830503494443,0.003390963644421933
kan_V0-fosls,135.55843647106275,0.00305320295534811,0.002752594282181061,0.003464011583322556
kan_V0-fosls,135.75733018565822,0.0030611737440713657,0.002720208357132791,0.0035355506022392512
kan_V0-fosls,135.95622390025372,0.003068314184915416,0.0026850940626969608,0.003605670516366671
kan_V0-fosls,136.1551176148492,0.003112767705785836,0.00267799594851,0.0035479290555207885
kan_V0-fosls,136.3540113294447,0.0031260317620011085,0.002674746083988573,0.003497150172667528
kan_V0-fosls,136.55290504404016,0.0031271399630102715,0.0026714922660169616,0.0034954690487332915
kan_V0-fosls,136.75179875863566,0.0031258335603968055,0.002668234480131885,0.003493787115883897
kan_V0-fosls,136.95069247323113,0.003123261799040242,0.002664972711781662,0.0034921043729505305
kan_V0-fosls,137.14958618782663,0.003154754468604421,0.0026617069463254475,0.0034904208187615596
kan_V0-fosls,137.3484799024221,0.003235003028632189,0.002667173333895993,0.0034765031202429867
kan_V0-fosls,137.5473736170176,0.0032898612086780937,0.002692199718797577,0.003454104552092646
kan_V0-fosls,137.74626733161307,0.0032742623085257406,0.0027169955941704475,0.0034315597865278514
kan_V0-fosls,137.94516104620857,0.003190498212268428,0.0027415672144942044,0.0034088659228903367
kan_V0-fosls,138.14405476080404,0.003127692483508821,0.0027659205564219266,0.003386019963315474
kan_V0-fosls,138.34294847539954,0.003136369621514705,0.0027900613357568446,0.0033630188081095885
kan_V0-fosls,138.541842189995,0.0031348383179382287,0.0027893642594886614,0.0033389521210741295
kan_V0-fosls,138.7407359045905,0.003114614326797562,0.002654241091936009,0.003276266618565465
kan_V0-fosls,138.93962961918598,0.003051753172690306,0.002698972581594458,0.0032292963366071558
kan_V0-fosls,139.13852333378148,0.0030053821125617317,0.002748730259378249,0.0032021184099077244
kan_V0-fosls,139.33741704837695,0.0029890388138264145,0.0027265800436287917,0.003174707827897801
kan_V0-fosls,139.53631076297245,0.0029738796789261944,0.002700924957543738,0.0031470585113659946
kan_V0-fosls,139.73520447756795,0.002932538098055636,0.002675023835080821,0.003119164111650223
kan_V0-fosls,139.93409819216342,0.002924241191023179,0.0026099918632997306,0.0030910179936151014
kan_V0-fosls,140.13299190675892,0.002918558381380556,0.002638871993633487,0.0031237470675979932
kan_V0-fosls,140.3318856213544,0.002936674890577855,0.0026695860582591053,0.003225225331870516
kan_V0-fosls,140.5307793359499,0.002938000324274508,0.002755699700142216,0.003323606646453757
kan_V0-fosls,140.72967305054536,0.0029609339820710176,0.0027873779316940697,0.0034191583524843957
kan_V0-fosls,140.92856676514086,0.002990281035497165,0.0028187001668901123,0.003512111407455082
kan_V0-fosls,141.12746047973633,0.0030419878140109774,0.002849678144555549,0.003602666961764345
kan_V0-fosls,141.32635419433183,0.0030859065561211164,0.002869241641557884,0.003610961108613681
kan_V0-fosls,141.5252479089273,0.0030960737822377906,0.002880886564115036,0.0035866278154701348
kan_V0-fosls,141.7241416235228,0.00307592051122132,0.002892484605481471,0.0035621283027829826
kan_V0-fosls,141.92303533811827,0.0030261174911761215,0.002904036327354749,0.0035374591169752196
kan_V0-fosls,142.12192905271377,0.0030180473821912433,0.0028898778407262437,0.0035126166831942534
kan_V0-fosls,142.32082276730924,0.00300108686676591,0.0027784762241662487,0.0034875972992646563
kan_V0-fosls,142.51971648190474,0.003008550978977567,0.00265798928930627,0.0034496578418679257
kan_V0-fosls,142.7186101965002,0.0030133774482233484,0.00253177487069381,0.003330029181459275
kan_V0-fosls,142.9175039110957,0.0029979123048111513,0.002497925546418032,0.0032059397175835465
kan_V0-fosls,143.11639762569118,0.002981963912032481,0.0025946485456755605,0.003246446764982608
kan_V0-fosls,143.31529134028668,0.0029572452262753564,0.002599407725619567,0.0032930977924707375
kan_V0-fosls,143.51418505488215,0.0029371204953747903,0.0025686782343440373,0.0033390971150425086
kan_V0-fosls,143.71307876947765,0.002907450455394255,0.002537576643014924,0.003384471305328914
kan_V0-fosls,143.91197248407312,0.002953287460318976,0.0025268868509034158,0.0034074192373081138
kan_V0-fosls,144.11086619866862,0.0029644547197255912,0.002580756494853213,0.003397646101391947
kan_V0-fosls,144.3097599132641,0.002932849459539024,0.0026335244472352,0.003387844772392973
kan_V0-fosls,144.5086536278596,0.002884080174870744,0.0026603923293830626,0.0033780150049040466
kan_V0-fosls,144.70754734245506,0.002830951721977685,0.0026813274148218057,0.0033681565499369807
kan_V0-fosls,144.90644105705056,0.002803351852926372,0.002687235468859464,0.003358269154848949
kan_V0-fosls,145.10533477164603,0.002817024696905362,0.0026123583935711947,0.003348352563266953
kan_V0-fosls,145.30422848624153,0.002833288188795191,0.00263214723203845,0.003256945340984241
kan_V0-fosls,145.503122200837,0.0028378313141222346,0.0026423801235053424,0.003179281135174708
kan_V0-fosls,145.7020159154325,0.0028423667531828987,0.0026665742770731926,0.0031890821812808772
kan_V0-fosls,145.90090963002797,0.0028544436792827606,0.002690550879132508,0.003227559429757725
kan_V0-fosls,146.09980334462347,0.00284954461873874,0.0027143156948396816,0.0032836729242082647
kan_V0-fosls,146.29869705921894,0.002855927358601333,0.002650761897266448,0.0033388434934478206
kan_V0-fosls,146.49759077381444,0.002860432456588959,0.0025488839418326818,0.003371402762485522
kan_V0-fosls,146.6964844884099,0.0028788214389924836,0.002555055077882768,0.0033892546585865316
kan_V0-fosls,146.8953782030054,0.002906820782262912,0.0025612113448711202,0.003407013016500821
kan_V0-fosls,147.0942719176009,0.002926741401604028,0.0025673528497615096,0.0034246792913295602
kan_V0-fosls,147.29316563219638,0.0029222216101255126,0.002573479698241382,0.0034422549008341955
kan_V0-fosls,147.49205934679188,0.0029172776360016097,0.002579591994743077,0.0034597412267643015
kan_V0-fosls,147.69095306138735,0.002919163456915049,0.0025643825423843614,0.003475904578554453
kan_V0-fosls,147.88984677598285,0.0029535723941958064,0.0025408446872357496,0.0034487639484422623
kan_V0-fosls,148.08874049057832,0.0029795271638144586,0.002525327856055815,0.003421408029588746
kan_V0-fosls,148.28763420517382,0.0029898105674300976,0.002509715090700292,0.0033938316160047775
kan_V0-fosls,148.4865279197693,0.0029997096215238018,0.0024940045894917876,0.003366029288442523
kan_V0-fosls,148.6854216343648,0.002978295543979626,0.002478194493643187,0.003337995401960903
kan_V0-fosls,148.88431534896026,0.0029380350315625497,0.0024622828846906967,0.0033097240725431195
kan_V0-fosls,149.08320906355576,0.0028971038734069083,0.002460539128511701,0.003249921793770693
kan_V0-fosls,149.28210277815123,0.0028728276264642968,0.0025483305947410152,0.0031483897153609165
kan_V0-fosls,149.48099649274673,0.0028796915234770345,0.0026331966955108256,0.003044768587163796
kan_V0-fosls,149.6798902073422,0.002886368244269179,0.002715411728339756,0.0030481898064816343
kan_V0-fosls,149.8787839219377,0.0028750273806952015,0.0027014713091735353,0.0030666595155440153
kan_V0-fosls,150.07767763653317,0.0028561335293483506,0.0026801391357915197,0.003085018650221543
kan_V0-fosls,150.27657135112867,0.0028423376485435404,0.002581508952262897,0.0031032691730097897
kan_V0-fosls,150.47546506572414,0.0028366180842102004,0.0026110234694566125,0.0031079109407303237
kan_V0-fosls,150.67435878031964,0.0028494417619665978,0.0026627461041717963,0.003064165949387561
kan_V0-fosls,150.8732524949151,0.0028635790608546033,0.002702850481440267,0.003087179118235842
kan_V0-fosls,151.0721462095106,0.002925551950117361,0.002724047382096323,0.0031240329741697216
kan_V0-fosls,151.27103992410608,0.002949941461678043,0.002745080609889219,0.0031604571092372015
kan_V0-fosls,151.46993363870158,0.0029396722276269923,0.002765953898689151,0.0031964662136422235
kan_V0-fosls,151.66882735329705,0.0029558550538547152,0.0027821352441787656,0.0032320741592024933
kan_V0-fosls,151.86772106789255,0.00294172244053962,0.0027785989581177195,0.0032580900573081152
kan_V0-fosls,152.06661478248802,0.0029041156502297794,0.0027286340689087075,0.0032365636398363515
kan_V0-fosls,152.26550849708352,0.002865658939910908,0.002677737028530932,0.0032148930880966232
kan_V0-fosls,152.464402211679,0.002863841933765791,0.0026258536337583783,0.00319307546748776
kan_V0-fosls,152.6632959262745,0.002869828617344304,0.0025729242153391257,0.003171107742454187
kan_V0-fosls,152.86218964086996,0.00284188551373,0.002518882833685376,0.003148986771555832
kan_V0-fosls,153.06108335546546,0.0027854238587719485,0.0024636563156802626,0.003126709302224039
kan_V0-fosls,153.25997707006093,0.002749142756236383,0.0025270974080524125,0.0030759421670835106
kan_V0-fosls,153.45887078465643,0.0027316025315856874,0.0026061348893107977,0.0030034486451719447
kan_V0-fosls,153.6577644992519,0.00269676611650574,0.0026092422373493744,0.0029566712084620017
kan_V0-fosls,153.8566582138474,0.002697907905934548,0.002588377132566634,0.002971711950528086
kan_V0-fosls,154.05555192844287,0.0026866229076158675,0.0025100247319931324,0.0029866769491986773
kan_V0-fosls,154.25444564303837,0.0026949060223425206,0.0024052737326958327,0.003001567337381923
kan_V0-fosls,154.45333935763387,0.0026725674459120814,0.002418264994119619,0.0029628869392391835
kan_V0-fosls,154.65223307222934,0.0026712445389213023,0.002436747051324529,0.0029228660461954195
kan_V0-fosls,154.85112678682484,0.0026834165215724945,0.00245508997849228,0.0029019456602429076
kan_V0-fosls,155.0500205014203,0.0026955080913114594,0.0024732968711514694,0.0028808733582029013
kan_V0-fosls,155.2489142160158,0.0027075209982845103,0.0024913707117171636,0.0029200750017014062
kan_V0-fosls,155.44780793061128,0.0026872653101981192,0.002503086995631166,0.002967189152590416
kan_V0-fosls,155.64670164520678,0.0026933713710247187,0.0024766609601183814,0.003013566810100455
kan_V0-fosls,155.84559535980225,0.0026974883242765276,0.002475802987304483,0.003007536829138144
kan_V0-fosls,156.04448907439775,0.0026954559675469014,0.0024749447170628078,0.002996849820746614
kan_V0-fosls,156.24338278899322,0.0026824337462234373,0.002474086149083819,0.0029861245649831347
kan_V0-fosls,156.44227650358872,0.0026922861263827935,0.0024732272830574427,0.0029754552980243995
kan_V0-fosls,156.6411702181842,0.002701812249133945,0.0024723681186730666,0.0030387148060009774
kan_V0-fosls,156.84006393277969,0.002699026423380232,0.002471508655619538,0.0030989634907989966
kan_V0-fosls,157.03895764737516,0.0026983879849767772,0.00251262217044036,0.003039017396294953
kan_V0-fosls,157.23785136197066,0.0026976472097925775,0.0025361467455075424,0.002977864797579225
kan_V0-fosls,157.43674507656613,0.00271286862898918,0.0025656568488415347,0.002920232971756728
kan_V0-fosls,157.63563879116163,0.002693060118329268,0.0025948313658630054,0.002908919832140618
kan_V0-fosls,157.8345325057571,0.0027311943469039944,0.0025805880069455956,0.002897562522242942
kan_V0-fosls,158.0334262203526,0.002732090610798531,0.0025359795225745408,0.002897529355349136
kan_V0-fosls,158.23231993494807,0.0027254165033460866,0.0024661129589951787,0.0029477820375084043
kan_V0-fosls,158.43121364954357,0.00274559704134162,0.002426432088088009,0.003000732819664379
kan_V0-fosls,158.63010736413904,0.0027468999240440944,0.0024762247063511876,0.003024241209706975
kan_V0-fosls,158.82900107873454,0.002738936143386886,0.00252503562639915,0.0029989343125844735
kan_V0-fosls,159.02789479333,0.0027357115022382645,0.0025729207202760517,0.002973412034667098
kan_V0-fosls,159.2267885079255,0.0027477337312713456,0.0026199307531052725,0.002961954768518277
kan_V0-fosls,159.42568222252098,0.0027596975053119496,0.0026399203056408625,0.002980458246812056
kan_V0-fosls,159.62457593711648,0.002766949723439003,0.0026292954536559603,0.0029898066804609595
kan_V0-fosls,159.82346965171195,0.0027570765530090984,0.0026378479172717182,0.002960851230118417
kan_V0-fosls,160.02236336630745,0.0027470616072199482,0.0026463727414507555,0.002931609801330743
kan_V0-fosls,160.22125708090292,0.002742046723726332,0.002652821883888811,0.0029020737495148606
kan_V0-fosls,160.42015079549842,0.002723551265579884,0.002624963916803487,0.0028722339855916995
kan_V0-fosls,160.6190445100939,0.0027032635797501294,0.0025968071128601843,0.002842080943314729
kan_V0-fosls,160.81793822468939,0.0026921524124709504,0.0025683416436062725,0.0028116045434444506
kan_V0-fosls,161.01683193928486,0.002681824587233301,0.0025803412064865747,0.002798740253176149
kan_V0-fosls,161.21572565388036,0.002663608416334581,0.0025987859078359025,0.0028157757405865287
kan_V0-fosls,161.41461936847585,0.002667947567532531,0.002575103168523729,0.002832998795924097
kan_V0-fosls,161.61351308307133,0.002669085787798143,0.0025512005923320567,0.0028501177754856268
kan_V0-fosls,161.81240679766682,0.0026728111568715,0.0025270719412177223,0.002867134543506967
kan_V0-fosls,162.0113005122623,0.0026781972484279165,0.0025027106764195493,0.002884050909225192
kan_V0-fosls,162.2101942268578,0.0026844570281375673,0.002508042245138278,0.002871274134150093
kan_V0-fosls,162.40908794145327,0.0026884211922532644,0.0025071153814794126,0.0028473531367468586
kan_V0-fosls,162.60798165604876,0.0026844484276657182,0.0025337995188220116,0.0028232294659210687
kan_V0-fosls,162.80687537064424,0.0026926718600292048,0.0025602055517310782,0.0027988978811574693
kan_V0-fosls,163.00576908523973,0.0027094616837647005,0.00258634199839206,0.0027743529121311444
kan_V0-fosls,163.2046627998352,0.0026945977690082295,0.002568781868565292,0.0027760426012155524
kan_V0-fosls,163.4035565144307,0.002679647644899789,0.002541301522572352,0.0028265950979644585
kan_V0-fosls,163.60245022902618,0.002669246346796972,0.0025135207516524174,0.0027934687546319922
kan_V0-fosls,163.80134394362167,0.002668162356935135,0.0025255359092361735,0.0027729801049792726
kan_V0-fosls,164.00023765821715,0.0026679379739994137,0.0025403949737203653,0.002772361231078142
kan_V0-fosls,164.19913137281264,0.0026515158322687037,0.0025551676297585675,0.0027977899221219562
kan_V0-fosls,164.39802508740812,0.0026594172959516155,0.002535731319101611,0.0028659288075868527
kan_V0-fosls,164.59691880200361,0.0026672555412906637,0.0024786255580518963,0.0029324848528142944
kan_V0-fosls,164.79581251659909,0.00266702496506624,0.0024418289315062155,0.002997563492874553
kan_V0-fosls,164.99470623119458,0.002642253415029925,0.0024687616275941367,0.0030612589527257185
kan_V0-fosls,165.19359994579006,0.0026153973363481357,0.002495403658132627,0.0031035987202385554
kan_V0-fosls,165.39249366038555,0.0026039588806220995,0.002521764235641818,0.003118830922279272
kan_V0-fosls,165.59138737498103,0.0025799552510728596,0.002497965197698286,0.0031339890917589895
kan_V0-fosls,165.79028108957652,0.0025840764482944444,0.0024481029482693005,0.003149074297752168
kan_V0-fosls,165.989174804172,0.002583667139808979,0.002397203779768812,0.0031640875838481893
kan_V0-fosls,166.1880685187675,0.002576306558917789,0.002367990089324788,0.003179029968993883
kan_V0-fosls,166.38696223336296,0.002603842968707745,0.0023885395214134266,0.003193902448300544
kan_V0-fosls,166.58585594795846,0.002617603650415001,0.0024089136612936873,0.00315022998788376
kan_V0-fosls,166.78474966255393,0.0026463352083750807,0.002429116919742815,0.0030944848667894312
kan_V0-fosls,166.98364337714943,0.0026641246872144766,0.0024491535256072248,0.0030377169395806856
kan_V0-fosls,167.1825370917449,0.00267599218504688,0.0024690275361380163,0.0030089044821710064
kan_V0-fosls,167.3814308063404,0.0026853323534980983,0.0024887428465836404,0.003032198832961815
kan_V0-fosls,167.58032452093587,0.002693628152141486,0.0024960831579880862,0.0029839372105282336
kan_V0-fosls,167.77921823553137,0.002717761679491307,0.002499025959207005,0.002934882074314911
kan_V0-fosls,167.97811195012684,0.0027414816632602545,0.0025019652991177164,0.0028849929469402557
kan_V0-fosls,168.17700566472234,0.0027396381404472202,0.0024835966914405444,0.002834225788051298
kan_V0-fosls,168.37589937931781,0.002717420941534093,0.002439282974534068,0.0028296101537618255
kan_V0-fosls,168.5747930939133,0.00271900982144561,0.0023941491879097866,0.0028516591787105163
kan_V0-fosls,168.7736868085088,0.0027005255125349143,0.0023947382554245617,0.0028544834256933726
kan_V0-fosls,168.97258052310428,0.002675474180149148,0.0024362771464028596,0.0028224834814897857
kan_V0-fosls,169.17147423769978,0.0026541483795123376,0.0024771195684051826,0.0027901165529431214
kan_V0-fosls,169.37036795229525,0.0026325426067043034,0.0025172994216554508,0.002773011096611796
kan_V0-fosls,169.56926166689075,0.002603756172271084,0.0025491789219420726,0.002782438317417656
kan_V0-fosls,169.76815538148622,0.0025964065226468484,0.0025249276887276883,0.0027944214524511443
kan_V0-fosls,169.96704909608172,0.0026235536862891577,0.002491342837631834,0.0027980565338913896
kan_V0-fosls,170.1659428106772,0.002633877456752344,0.002531407858115356,0.0027828206508765784
kan_V0-fosls,170.3648365252727,0.0026241778107676944,0.002535289980832023,0.002767500891244297
kan_V0-fosls,170.56373023986816,0.0026187978689514516,0.002533350187324419,0.002752095854277395
kan_V0-fosls,170.76262395446366,0.0026604291481371763,0.00253140890737275,0.0027366040998331597
kan_V0-fosls,170.96151766905913,0.0026971479204092675,0.0025294661375546285,0.002753895415502135
kan_V0-fosls,171.16041138365463,0.002715096414774391,0.0025275218744345144,0.0027770986493534967
kan_V0-fosls,171.3593050982501,0.0027070557568187317,0.002525576114563644,0.002803672544266706
kan_V0-fosls,171.5581988128456,0.0026716253882131443,0.0025313129959892355,0.0028090389326611473
kan_V0-fosls,171.75709252744107,0.0026440418736464193,0.0025449677349719756,0.0028464255192089147
kan_V0-fosls,171.95598624203657,0.002617379333255297,0.0025564177446364303,0.0029025246821338772
kan_V0-fosls,172.15487995663204,0.0026079878328340595,0.0024823652875334734,0.0029575599443441456
kan_V0-fosls,172.35377367122754,0.0025923752666221385,0.0024060347371578457,0.003011589633130911
kan_V0-fosls,172.552667385823,0.0026042749335262808,0.0023272019448404894,0.0030646669333508586
kan_V0-fosls,172.7515611004185,0.0026279824704852905,0.002336245297989232,0.00311684050062989
kan_V0-fosls,172.95045481501398,0.0026244398208030823,0.002367934050504284,0.003168154983639431
kan_V0-fosls,173.14934852960948,0.002608328675473648,0.002399204293656227,0.0031278552050915606
kan_V0-fosls,173.34824224420495,0.002584847162754049,0.0024300721836725972,0.0030755150467519188
kan_V0-fosls,173.54713595880045,0.002561098166531912,0.0024451337824304,0.0030222685885897865
kan_V0-fosls,173.74602967339592,0.0025370711735950126,0.002443154237621678,0.0029680670545585036
kan_V0-fosls,173.94492338799142,0.002532914018092175,0.002441173087602583,0.002912857129887189
kan_V0-fosls,174.1438171025869,0.002540395814499997,0.0024409725736124965,0.0028565803468332063
kan_V0-fosls,174.3427108171824,0.002551924985539767,0.002441486085503888,0.002815687211921929
kan_V0-fosls,174.54160453177786,0.0025633973293376616,0.0024419994894122683,0.0028124728989893104
kan_V0-fosls,174.74049824637336,0.0025748137368595083,0.0024425127854057313,0.002809254908284042
kan_V0-fosls,174.93939196096883,0.002565366552169974,0.0024430259735522966,0.0028060332271529907
kan_V0-fosls,175.13828567556433,0.0025702418957553597,0.0024435390539199143,0.0028028078428703014
kan_V0-fosls,175.3371793901598,0.002574218595277569,0.0024416480045182667,0.002799578742636813
kan_V0-fosls,175.5360731047553,0.0025556445965376528,0.002428222413798802,0.002796345913579464
kan_V0-fosls,175.73496681935077,0.0025349076266022704,0.0024147221794197644,0.0028139160286326883
kan_V0-fosls,175.93386053394627,0.0025230674442608646,0.0024011460423490664,0.002839586808913861
kan_V0-fosls,176.13275424854177,0.002511102387385727,0.0023874927077575402,0.0028650275870433168
kan_V0-fosls,176.33164796313724,0.0025001615688079277,0.00237376084357761,0.002890244436666365
kan_V0-fosls,176.53054167773274,0.002501617513754423,0.0023599490789864798,0.0029152431687326738
kan_V0-fosls,176.7294353923282,0.0025060770943778096,0.0023544546368121184,0.0029400293471331445
kan_V0-fosls,176.9283291069237,0.0025142810511669758,0.0023498402098839862,0.0029590069519488324
kan_V0-fosls,177.12722282151918,0.002522377387218024,0.0023452167036692264,0.002939334940584133
kan_V0-fosls,177.32611653611468,0.002548323015895042,0.0023405840643631417,0.0029195303807626194
kan_V0-fosls,177.52501025071015,0.002574800267813004,0.00233594223762751,0.0028995905565188224
kan_V0-fosls,177.72390396530565,0.0026010001484065267,0.0023312911685831415,0.0028795126578486036
kan_V0-fosls,177.92279767990112,0.002617144204735397,0.00233761265328596,0.002859293776086595
kan_V0-fosls,178.12169139449662,0.0026076740572037547,0.002366224578661146,0.0028389308989872812
kan_V0-fosls,178.3205851090921,0.002598099901479431,0.0023944946432426176,0.002828512151534067
kan_V0-fosls,178.5194788236876,0.0025884902808344778,0.0024224348157122996,0.0028334753849927003
kan_V0-fosls,178.71837253828306,0.0025788447976148126,0.0024500563822558363,0.0028384299398334957
kan_V0-fosls,178.91726625287856,0.0025787133386749664,0.00247736999983653,0.0028433758614236767
kan_V0-fosls,179.11615996747403,0.0025748633016596245,0.0025043857442389986,0.002846324953220684
kan_V0-fosls,179.31505368206953,0.0025718511883492763,0.0025063736684077216,0.0028213010443085282
kan_V0-fosls,179.513947396665,0.0025740186458408664,0.0024953616217434998,0.002796053187245563
kan_V0-fosls,179.7128411112605,0.0025724552357404935,0.0024629249403830384,0.0027705752596159034
kan_V0-fosls,179.91173482585597,0.002570888201539399,0.002430055328722221,0.002825469414624746
kan_V0-fosls,180.11062854045147,0.0025693175268906828,0.0023967349747816722,0.002918338392610978
kan_V0-fosls,180.30952225504694,0.002567743195311064,0.0023629448106191925,0.003008341824759026
kan_V0-fosls,180.50841596964244,0.0025714731053464446,0.0023555966416964375,0.0030957296547666734
kan_V0-fosls,180.7073096842379,0.0025660385513807324,0.0023975076345795748,0.003180717475068955
kan_V0-fosls,180.9062033988334,0.0025503263262324233,0.002432190044495491,0.0032166762838614898
kan_V0-fosls,181.10509711342888,0.002543600331814723,0.002444225540065161,0.003167148380179112
kan_V0-fosls,181.30399082802438,0.0025459753603711104,0.0024527799948339626,0.0031168335549055775
kan_V0-fosls,181.50288454261985,0.002565170201904262,0.0023994376876314096,0.0030656930628977764
kan_V0-fosls,181.70177825721535,0.0025531027524378644,0.002344882242372568,0.0030136848711857242
kan_V0-fosls,181.90067197181082,0.002546555058704646,0.002362657962442156,0.0029607632545895876
kan_V0-fosls,182.09956568640632,0.0025513798392215545,0.0023868221519870872,0.0029068783250494152
kan_V0-fosls,182.2984594010018,0.0025616166545174034,0.0024107441429859788,0.002906970719588887
kan_V0-fosls,182.4973531155973,0.002571558419929617,0.002434431075357474,0.00292383853627508
kan_V0-fosls,182.69624683019276,0.0025812142904801023,0.0024435248889117587,0.002940609598002982
kan_V0-fosls,182.89514054478826,0.0025843867944482265,0.0024391023973463492,0.0029572855508941524
kan_V0-fosls,183.09403425938373,0.0025861688412744848,0.0024346718725015487,0.002973867994916282
kan_V0-fosls,183.29292797397923,0.0025711254008403085,0.0024121212703050823,0.002990358485674829
kan_V0-fosls,183.49182168857473,0.0025559574703363634,0.002385493860319315,0.0029937206368473865
kan_V0-fosls,183.6907154031702,0.0025545628901126782,0.002358565855044992,0.0029333055183092703
kan_V0-fosls,183.8896091177657,0.0025724500641269403,0.0023313268384220734,0.0028716196259256305
kan_V0-fosls,184.08850283236117,0.002552277270840948,0.0023037657785699535,0.002808579229478662
kan_V0-fosls,184.28739654695667,0.002532575493448273,0.0022758709755768165,0.0027440909789066027
kan_V0-fosls,184.48629026155214,0.002554918311633064,0.002264463093620852,0.0026780502819727437
kan_V0-fosls,184.68518397614764,0.002558645419554577,0.002307486231713806,0.002665190618512197
kan_V0-fosls,184.8840776907431,0.0025364099560274797,0.002349721753043669,0.002692365621027792
kan_V0-fosls,185.0829714053386,0.002525144690393138,0.00237206891786781,0.0027277337932718935
kan_V0-fosls,185.28186511993408,0.0025258746924659396,0.0023610023864985294,0.0027835464315938
kan_V0-fosls,185.48075883452958,0.002526487588409716,0.0023498837390366636,0.0028382617614870764
kan_V0-fosls,185.67965254912505,0.002529740353516963,0.0023392897487575135,0.002848816390899972
kan_V0-fosls,185.87854626372055,0.002538551488842364,0.0023438449322828506,0.0028032154480247596
kan_V0-fosls,186.07743997831602,0.0025379837970354972,0.0023483912801179462,0.0027629808368838512
kan_V0-fosls,186.27633369291152,0.0025352563437918965,0.0023529288434799753,0.0027482729037844322
kan_V0-fosls,186.475227407507,0.002516373736368399,0.002357457673093203,0.0027324605103434614
kan_V0-fosls,186.6741211221025,0.002498485265924796,0.0023619778191956054,0.0027165560784745764
kan_V0-fosls,186.87301483669796,0.002505941604491372,0.002366489331545366,0.0027005579820488772
kan_V0-fosls,187.07190855129346,0.0025077555144261228,0.00235828856699544,0.0026844645464819657
kan_V0-fosls,187.27080226588893,0.002499928448870519,0.002369284175719917,0.0026682740466881134
kan_V0-fosls,187.46969598048443,0.0025051034136029486,0.002380228990120954,0.002660533363498355
kan_V0-fosls,187.6685896950799,0.002500213870602113,0.0023691322740492693,0.0026662462177088485
kan_V0-fosls,187.8674834096754,0.0024937680132292375,0.0023557400813589394,0.0027013380815829407
kan_V0-fosls,188.06637712427087,0.002487273119704765,0.002342271318592317,0.0027428385901437737
kan_V0-fosls,188.26527083886637,0.0024847600214486882,0.0023287246571630903,0.0027837204658790007
kan_V0-fosls,188.46416455346184,0.002491661631354973,0.0023386884339250133,0.0027881065720991327
kan_V0-fosls,188.66305826805734,0.002495452545001723,0.002332923097696527,0.002742979427288916
kan_V0-fosls,188.8619519826528,0.0024860310838174925,0.0023246845518404614,0.0026970973322589077
kan_V0-fosls,189.0608456972483,0.0024719828525758673,0.002316416705035044,0.002650421079908996
kan_V0-fosls,189.25973941184378,0.0024905334010779717,0.0023081192424060635,0.002661806456605315
kan_V0-fosls,189.45863312643928,0.002511403994148495,0.0022997918433990635,0.0026909577288013347
kan_V0-fosls,189.65752684103475,0.0025008458615397248,0.0022914341816348536,0.0027157195770102826
kan_V0-fosls,189.85642055563025,0.0024648480640632746,0.0023102662668086534,0.0027326022973039577
kan_V0-fosls,190.05531427022572,0.0024590556246720458,0.0023539604214724225,0.0027493813503231615
kan_V0-fosls,190.25420798482122,0.0024541711449937074,0.002369895740089682,0.002766058622621503
kan_V0-fosls,190.45310169941672,0.002475806139487928,0.002381831608910859,0.0027826359442177707
kan_V0-fosls,190.6519954140122,0.0025144408407234446,0.0023493391632690174,0.002799115090939754
kan_V0-fosls,190.8508891286077,0.0025462272132709806,0.0023224615249221193,0.002815497786644597
kan_V0-fosls,191.04978284320316,0.0025546862233792574,0.0023269125440709697,0.0027866700980552386
kan_V0-fosls,191.24867655779866,0.002555235081774773,0.0023313550653570755,0.0027439810560709052
kan_V0-fosls,191.44757027239413,0.0025445206342403284,0.0023357891372676066,0.002706504789692453
kan_V0-fosls,191.64646398698963,0.002505627334968256,0.002340214807830386,0.002725433026438005
kan_V0-fosls,191.8453577015851,0.0024975797008561264,0.0023446321246199512,0.00274423070942839
kan_V0-fosls,192.0442514161806,0.002495177983213955,0.002340119584502206,0.0027629005033733443
kan_V0-fosls,192.24314513077607,0.0024922928276171637,0.002268367836413056,0.002781444983549288
kan_V0-fosls,192.44203884537157,0.002488312433062684,0.002219621476754143,0.0027775861214163057
kan_V0-fosls,192.64093255996704,0.002483925811560656,0.0022546909672898287,0.0028083922015993855
kan_V0-fosls,192.83982627456254,0.0024719152962752516,0.002289223277858336,0.002851650037583106
kan_V0-fosls,193.038719989158,0.0024776251924161817,0.0022948834103102634,0.0028942614110842144
kan_V0-fosls,193.2376137037535,0.0024848716174674006,0.0022821102766853634,0.0029362544669246015
kan_V0-fosls,193.43650741834898,0.002485100225702995,0.0022692652473848525,0.0029776553651116393
kan_V0-fosls,193.63540113294448,0.0024708416011430673,0.0022612155424041264,0.002987754984269617
kan_V0-fosls,193.83429484753995,0.002452600646523741,0.0022721634799788035,0.0029520515937637654
kan_V0-fosls,194.03318856213545,0.002443445219723053,0.0022830589195832847,0.0029159110717678627
kan_V0-fosls,194.23208227673092,0.002439948385234878,0.0022939026092727204,0.0028793169580082103
kan_V0-fosls,194.43097599132642,0.002449304864726211,0.002304695279503909,0.0028422517324981737
kan_V0-fosls,194.6298697059219,0.0024615727208462425,0.0022794673728170527,0.0028046967174908807
kan_V0-fosls,194.8287634205174,0.002473314167332952,0.0022834361945271147,0.0027666319674505566
kan_V0-fosls,195.02765713511286,0.002470819895156095,0.002323761382109984,0.0027172003761817194
kan_V0-fosls,195.22655084970836,0.002471345230513013,0.0023209594868457946,0.0026746269127769723
kan_V0-fosls,195.42544456430383,0.002471823646004901,0.0023153256044466408,0.0026781370687072176
kan_V0-fosls,195.62433827889933,0.0024722552176241644,0.002309677979639782,0.0026816426299968647
kan_V0-fosls,195.8232319934948,0.002489365970450811,0.0023040165113687038,0.002685143614641368
kan_V0-fosls,196.0221257080903,0.0024877676083307,0.0022983410973322293,0.0026886400405190213
kan_V0-fosls,196.22101942268577,0.00248971110728337,0.0022943436399419388,0.0026921319253920177
kan_V0-fosls,196.41991313728127,0.002489243150830236,0.0023208530725561003,0.0026624703690513144
kan_V0-fosls,196.61880685187674,0.0024925727210053606,0.0023470631075120543,0.0026321668120778755
kan_V0-fosls,196.81770056647224,0.0024924696675134297,0.002372983665534849,0.002601510289645641
kan_V0-fosls,197.0165942810677,0.0024787982215756267,0.002385995735443168,0.00257570891949603
kan_V0-fosls,197.2154879956632,0.0024632833637803107,0.0023829842410393477,0.0025780785266178285
kan_V0-fosls,197.41438171025868,0.0024531604641379505,0.002379968936043235,0.0025804459577453854
kan_V0-fosls,197.61327542485418,0.0024485868373406152,0.0023862378143682276,0.002582811218862317
kan_V0-fosls,197.81216913944968,0.0024495521690445837,0.0023695916498732723,0.0025851743159248652
kan_V0-fosls,198.01106285404515,0.0024532622842203663,0.002337981931040176,0.0026047379357810843
kan_V0-fosls,198.20995656864065,0.0024537095692639442,0.002305177325210751,0.002632619020053108
kan_V0-fosls,198.40885028323612,0.0024470750721035913,0.002271899093591362,0.002660207904543111
kan_V0-fosls,198.60774399783162,0.0024460994841831894,0.002238126109551625,0.0026875135880664743
kan_V0-fosls,198.8066377124271,0.0024475048003362726,0.002248196107340931,0.0027145446168170082
kan_V0-fosls,199.0055314270226,0.0024458948209418146,0.002272755661541148,0.0027413091156121886
kan_V0-fosls,199.20442514161806,0.0024441783305940053,0.0022970526456900704,0.002765976513185987
kan_V0-fosls,199.40331885621356,0.0024306922302163303,0.0023210953054702815,0.0027693486566487038
kan_V0-fosls,199.60221257080903,0.0024135828587427384,0.0023448914638167346,0.002772716698955637
kan_V0-fosls,199.80110628540453,0.002409981122152681,0.0023443999052597934,0.002776080655033804
kan_V0-fosls,200.0,0.0023863581571707776,0.002336532630137095,0.0027794405397198875
mlp_V0-fosls,0.5432770252227783,0.4304290151682101,0.37145986064968456,0.5619913291381042
mlp_V0-fosls,0.7429334045769097,0.3674938182731252,0.3217531346245041,0.47198532258390347
mlp_V0-fosls,0.9425897839310411,0.2910151134114115,0.26272477530133226,0.35990695358873226
mlp_V0-fosls,1.1422461632851724,0.21707696264906626,0.20247134118910856,0.2433870902345211
mlp_V0-fosls,1.3419025426393039,0.18948191119182545,0.1697976826401022,0.21553805369249235
mlp_V0-fosls,1.5415589219934351,0.1588699516810346,0.1291040745173495,0.1835102980387437
mlp_V0-fosls,1.7412153013475664,0.134507611937565,0.09871583893272858,0.15635586457598
mlp_V0-fosls,1.940871680701698,0.11483047230924126,0.08660255315730463,0.13575816175066355
mlp_V0-fosls,2.1405280600558294,0.09319407936819683,0.07249267252995391,0.11279343079551078
mlp_V0-fosls,2.3401844394099607,0.08131497767922952,0.06470173622750901,0.09831274175789058
mlp_V0-fosls,2.539840818764092,0.07165850981204436,0.057341666968852865,0.08701321596432744
mlp_V0-fosls,2.7394971981182232,0.061019687978980997,0.04563531019041798,0.07509983015433053
mlp_V0-fosls,2.9391535774723545,0.05618426379968089,0.04179748698321604,0.06972446486165793
mlp_V0-fosls,3.138809956826486,0.05088999012124706,0.03756964599312271,0.06389849381072961
mlp_V0-fosls,3.3384663361806175,0.04609332349060785,0.033930639357998435,0.05857704176688003
mlp_V0-fosls,3.5381227155347488,0.043067969977279415,0.03196115922442522,0.05509929815298455
mlp_V0-fosls,3.73777909488888,0.03935127866253178,0.029862068091402683,0.05138672485909337
mlp_V0-fosls,3.9374354742430113,0.03638260448647518,0.02807321922327024,0.04831921329655003
mlp_V0-fosls,4.137091853597143,0.03422103586864575,0.026442297570304814,0.04570171716150922
mlp_V0-fosls,4.336748232951274,0.031912973478389714,0.024703938229264304,0.042924905700812865
mlp_V0-fosls,4.536404612305406,0.030126742225500096,0.02358107610969328,0.04106450044981559
mlp_V0-fosls,4.736060991659537,0.028339081113020873,0.02243204717597433,0.039291108223285624
mlp_V0-fosls,4.935717371013668,0.026524536570867095,0.020795606293940498,0.03743460935562056
mlp_V0-fosls,5.135373750367799,0.02521097837778949,0.01958254883510401,0.03548655154297
mlp_V0-fosls,5.335030129721931,0.023824905590298182,0.018289209841485472,0.033425150758311
mlp_V0-fosls,5.534686509076062,0.02258359249359951,0.01722516534253524,0.03153711874310533
mlp_V0-fosls,5.734342888430193,0.022284876379802837,0.016600844954695035,0.030009963351946042
mlp_V0-fosls,5.933999267784325,0.022083690672188523,0.01595210911892123,0.028400808829214065
mlp_V0-fosls,6.133655647138457,0.02109350856993584,0.015201622161434086,0.02698262484038613
mlp_V0-fosls,6.333312026492588,0.01921904079002184,0.01437339466866723,0.02563388093166914
mlp_V0-fosls,6.532968405846719,0.01811626437265332,0.013494429675371209,0.02421011482750461
mlp_V0-fosls,6.7326247852008505,0.01739518491419642,0.01295061183632724,0.022969609014033065
mlp_V0-fosls,6.932281164554982,0.017165334166700325,0.012410259436983878,0.02167697420501099
mlp_V0-fosls,7.131937543909113,0.016724877030225096,0.011838128068205618,0.020428688628045952
mlp_V0-fosls,7.331593923263244,0.01603907203391497,0.011207520259072418,0.019609111783648953
mlp_V0-fosls,7.531250302617376,0.015249232148363358,0.010539247817363425,0.019004469910761768
mlp_V0-fosls,7.730906681971507,0.0147232560771224,0.010090189035803863,0.01855700625465623
mlp_V0-fosls,7.930563061325638,0.014365894254540396,0.009921780651097268,0.017260172306793994
mlp_V0-fosls,8.13021944067977,0.013999031690527793,0.009750463978638133,0.0162265440014712
mlp_V0-fosls,8.329875820033902,0.014076784389770496,0.009443569546153552,0.015567738603007279
mlp_V0-fosls,8.529532199388033,0.01380471989999381,0.009077719281431399,0.016393840635284172
mlp_V0-fosls,8.729188578742164,0.013598727593059887,0.008698402350759337,0.017755041179595664
mlp_V0-fosls,8.928844958096295,0.012639360839151063,0.008555040441520922,0.01554651130180356
mlp_V0-fosls,9.128501337450427,0.01231557400418909,0.008409234831803749,0.014002598493140249
mlp_V0-fosls,9.328157716804558,0.01165589442660522,0.008250418817885139,0.013750827046417337
mlp_V0-fosls,9.52781409615869,0.0112158379549783,0.008059897875675435,0.013300945986598735
mlp_V0-fosls,9.72747047551282,0.010748388927611669,0.007864762988299238,0.012835306144239465
mlp_V0-fosls,9.927126854866952,0.010718465695725144,0.007712587783304107,0.01250246915835863
mlp_V0-fosls,10.126783234221083,0.01079885420883767,0.0075989015083033065,0.012286333532446582
mlp_V0-fosls,10.326439613575214,0.010656255094023985,0.007483488354411782,0.012573060166821689
mlp_V0-fosls,10.526095992929346,0.011206829522368091,0.007433920904308284,0.01208656665598762
mlp_V0-fosls,10.725752372283477,0.010709210494914188,0.00740179993857912,0.012649457947745886
mlp_V0-fosls,10.925408751637608,0.010533201929158149,0.007527204321155758,0.013607319361321264
mlp_V0-fosls,11.12506513099174,0.01068734660948905,0.009346296210049357,0.012247998912866341
mlp_V0-fosls,11.324721510345872,0.010544319984407682,0.00914848881999443,0.012786227297252465
mlp_V0-fosls,11.524377889700004,0.010237662516022396,0.009033009248216433,0.013008039219940435
mlp_V0-fosls,11.724034269054135,0.010326152845496345,0.008814811427813325,0.012677158749863396
mlp_V0-fosls,11.923690648408266,0.00972491136604563,0.007993846476769702,0.014679516137780346
mlp_V0-fosls,12.123347027762398,0.009647632384408661,0.007467416608416876,0.013911920162923187
mlp_V0-fosls,12.323003407116529,0.009468784298760295,0.007447919192406121,0.014296827629356069
mlp_V0-fosls,12.52265978647066,0.009052355280669673,0.006670186011721668,0.01633438315192445
mlp_V0-fosls,12.722316165824791,0.009218000679232995,0.006453106728103082,0.014346246326739599
mlp_V0-fosls,12.921972545178923,0.009331551432711369,0.006365649890764102,0.012078490225754149
mlp_V0-fosls,13.121628924533054,0.009190044423018176,0.00628679936371209,0.012770500955759417
mlp_V0-fosls,13.321285303887185,0.008843718690920242,0.006272335400936354,0.012254838703580354
mlp_V0-fosls,13.520941683241317,0.008360495034293595,0.006257838007180121,0.014747687744874331
mlp_V0-fosls,13.720598062595448,0.00813313866326917,0.006379795536124984,0.01493150049672523
mlp_V0-fosls,13.920254441949579,0.008030202990150254,0.006696046817680741,0.012378744648873946
mlp_V0-fosls,14.11991082130371,0.00799484598393848,0.006998020783506182,0.00948299553451677
mlp_V0-fosls,14.319567200657842,0.007891430493771577,0.006973366074340246,0.009356244808701116
mlp_V0-fosls,14.519223580011973,0.00778302351823373,0.006785770790870151,0.010962192749587735
mlp_V0-fosls,14.718879959366104,0.007717854746904548,0.00659283975580277,0.012361230636060523
mlp_V0-fosls,14.918536338720235,0.0077384248852350145,0.00633943454506999,0.011049999317883778
mlp_V0-fosls,15.118192718074367,0.007763656625490899,0.0060715292454192275,0.009831542438467926
mlp_V0-fosls,15.317849097428498,0.007851025112331919,0.005819974904585308,0.010096313133053415
mlp_V0-fosls,15.517505476782631,0.0076277744759921315,0.0056733252785049594,0.009620821927559052
mlp_V0-fosls,15.717161856136762,0.007366902400026722,0.00552278295259229,0.009429694581190317
mlp_V0-fosls,15.916818235490894,0.007385260743862601,0.005665358242057406,0.009429262699724335
mlp_V0-fosls,16.116474614845025,0.00761247830347813,0.0061124206453692384,0.009094547884963191
mlp_V0-fosls,16.316130994199156,0.007476198299641423,0.005947169604330707,0.008958073763716346
mlp_V0-fosls,16.515787373553287,0.007399848216832119,0.005911061275920634,0.008824403425303221
mlp_V0-fosls,16.71544375290742,0.007360202269109325,0.005776022301932645,0.008635400816364944
mlp_V0-fosls,16.91510013226155,0.007296280822083106,0.005226029656875094,0.008530661240002232
mlp_V0-fosls,17.11475651161568,0.007124209725920989,0.005432231459708337,0.010473933654795285
mlp_V0-fosls,17.314412890969813,0.0069390133116668164,0.005630887255943945,0.012109268814359942
mlp_V0-fosls,17.514069270323944,0.006940528097825992,0.005722363117183958,0.012687109532444427
mlp_V0-fosls,17.713725649678075,0.006786010230780457,0.0055437083138698265,0.011132336366460951
mlp_V0-fosls,17.913382029032206,0.006921133290605308,0.0053591010527542365,0.01015698749219438
mlp_V0-fosls,18.113038408386338,0.00684541715345675,0.00571283408052057,0.010200409865152771
mlp_V0-fosls,18.31269478774047,0.007123294158131257,0.005608370546571597,0.008979215554394581
mlp_V0-fosls,18.5123511670946,0.007277600700100205,0.005290151869127003,0.008212098070107263
mlp_V0-fosls,18.71200754644873,0.006920132770716927,0.00544362070743666,0.008329561264987153
mlp_V0-fosls,18.911663925802863,0.006751508789459542,0.005614672474144738,0.008445390874393518
mlp_V0-fosls,19.111320305156994,0.006546292164626151,0.004852744042392394,0.008400697010780533
mlp_V0-fosls,19.310976684511125,0.006690678538205496,0.0048318061566260395,0.00795244875204636
mlp_V0-fosls,19.510633063865257,0.0067866495323201685,0.0048107771440219224,0.007893563079516837
mlp_V0-fosls,19.710289443219388,0.00677208364069163,0.004790364239050616,0.007914406018135606
mlp_V0-fosls,19.90994582257352,0.006498440747303661,0.0047712065605119295,0.007972041277279948
mlp_V0-fosls,20.10960220192765,0.006215988062679857,0.004751971647997194,0.008474738120508696
mlp_V0-fosls,20.30925858128178,0.006439424098839366,0.004758514155930162,0.008637001183303294
mlp_V0-fosls,20.508914960635913,0.006510537619604263,0.004781184508228994,0.008675238797805069
mlp_V0-fosls,20.708571339990044,0.006484495024599493,0.0048037478734078145,0.009583794882575691
mlp_V0-fosls,20.908227719344175,0.006837336166927747,0.0048255955437646264,0.008251732671893481
mlp_V0-fosls,21.107884098698307,0.006707185410653321,0.004847257726545641,0.007697141390886694
mlp_V0-fosls,21.307540478052438,0.006591065838449429,0.004884979807773375,0.008219258142111146
mlp_V0-fosls,21.50719685740657,0.006451882997469023,0.004913734957815803,0.00738175238037127
mlp_V0-fosls,21.7068532367607,0.006268271357257632,0.004931118317335581,0.007219317972704237
mlp_V0-fosls,21.906509616114835,0.005843712429158367,0.004915912295180648,0.007533944560120264
mlp_V0-fosls,22.106165995468967,0.005973282825963671,0.004801516554672054,0.008905884549530493
mlp_V0-fosls,22.305822374823098,0.005852208214692086,0.004478578048151538,0.010093029207535575
mlp_V0-fosls,22.50547875417723,0.005928656448530366,0.004674897866304664,0.009320390611662822
mlp_V0-fosls,22.70513513353136,0.006063557265761797,0.004707613660023466,0.008356046649516094
mlp_V0-fosls,22.90479151288549,0.006100924387461973,0.004654408581480711,0.007799553635662049
mlp_V0-fosls,23.104447892239623,0.005901117380305677,0.0047070301647938505,0.007337488017328899
mlp_V0-fosls,23.304104271593754,0.005694297917145318,0.004651784637800654,0.0068465723189761905
mlp_V0-fosls,23.503760650947886,0.005549581378976548,0.004301868642588837,0.0067769447839094235
mlp_V0-fosls,23.703417030302017,0.00553993563833252,0.004475801014152733,0.006463608333027737
mlp_V0-fosls,23.903073409656148,0.005532875086098577,0.00462542540274772,0.006918566669827854
mlp_V0-fosls,24.10272978901028,0.005730543306772406,0.004642794480134826,0.007297866020405654
mlp_V0-fosls,24.30238616836441,0.005925654593044409,0.004462057002829624,0.007554615963445405
mlp_V0-fosls,24.502042547718542,0.006099619847125165,0.004273682815585564,0.007948705582267453
mlp_V0-fosls,24.701698927072673,0.0059664868935165385,0.004267044165879796,0.007563672518244799
mlp_V0-fosls,24.901355306426805,0.005997184408496109,0.004322172737189404,0.007204035488347458
mlp_V0-fosls,25.101011685780936,0.005590231225446853,0.004376397241192779,0.006805759563254469
mlp_V0-fosls,25.300668065135067,0.0055504874922569555,0.004418388124168083,0.006715257471133793
mlp_V0-fosls,25.5003244444892,0.005457342903911302,0.004459983679214458,0.006860683543719867
mlp_V0-fosls,25.69998082384333,0.00528408543104177,0.004461173715681602,0.0067125410383093555
mlp_V0-fosls,25.89963720319746,0.0053437137770045145,0.004360643704641969,0.008069740287601103
mlp_V0-fosls,26.099293582551592,0.005266555816809092,0.004257740729093173,0.00922947503532446
mlp_V0-fosls,26.298949961905723,0.005278909218181723,0.004176068813384784,0.008786590918366538
mlp_V0-fosls,26.498606341259855,0.00546020389347205,0.004112229464276822,0.0075070539989534075
mlp_V0-fosls,26.698262720613986,0.005473247309536579,0.004047383302778214,0.006314823333384343
mlp_V0-fosls,26.897919099968117,0.005304852650804827,0.004548036215091596,0.0061262168176768805
mlp_V0-fosls,27.09757547932225,0.005253389693139271,0.005103053271649712,0.006279984055341516
mlp_V0-fosls,27.29723185867638,0.0054819536939948975,0.004718770931577913,0.006483319903335306
mlp_V0-fosls,27.49688823803051,0.0051505554140298775,0.004686216273950076,0.006213617548431894
mlp_V0-fosls,27.696544617384642,0.005134635412939745,0.004350816513798358,0.0067714749365987165
mlp_V0-fosls,27.896200996738774,0.005160160580593164,0.003910910336647659,0.006724645666241849
mlp_V0-fosls,28.095857376092905,0.005149415187791559,0.003933348547729018,0.0059853022798419305
mlp_V0-fosls,28.295513755447036,0.005069934294085158,0.003955659481622052,0.005974219335526737
mlp_V0-fosls,28.495170134801167,0.004988306924527392,0.003989362677651453,0.0059422682828004295
mlp_V0-fosls,28.6948265141553,0.004994098237367645,0.00402966207950126,0.005913519635982986
mlp_V0-fosls,28.89448289350943,0.004966306435300355,0.004069562430544893,0.00606979841503106
mlp_V0-fosls,29.09413927286356,0.004935508526933316,0.004337157371760897,0.005898927203367532
mlp_V0-fosls,29.293795652217693,0.004925888404114932,0.004565177418227865,0.006317124546821133
mlp_V0-fosls,29.493452031571824,0.004960251833127816,0.004531581427654858,0.006678060007643769
mlp_V0-fosls,29.693108410925955,0.005166446770929247,0.0044993537276234,0.006272482777189087
mlp_V0-fosls,29.892764790280086,0.005133885942452389,0.004342618093212193,0.007301242542731466
mlp_V0-fosls,30.092421169634218,0.00494491703106072,0.004164906401030187,0.007269545977359828
mlp_V0-fosls,30.29207754898835,0.005050105557366069,0.003962486062597445,0.006362455278104466
mlp_V0-fosls,30.491733928342484,0.004838493116382936,0.003749152739382026,0.0055704391679407455
mlp_V0-fosls,30.691390307696615,0.004815815298993208,0.00368212392213573,0.005685147406348323
mlp_V0-fosls,30.891046687050746,0.004758694650750729,0.0036830142291571365,0.005831834387851364
mlp_V0-fosls,31.090703066404878,0.004682366437819667,0.0036839043210137343,0.005938330665754238
mlp_V0-fosls,31.29035944575901,0.004727507100500399,0.003660510386397331,0.005757443635866108
mlp_V0-fosls,31.49001582511314,0.004728318247584563,0.0036359911291900214,0.005991573727032225
mlp_V0-fosls,31.68967220446727,0.0048696012542770745,0.0036172578587492688,0.006136201334313259
mlp_V0-fosls,31.889328583821403,0.0048309003062098135,0.0036184348501154292,0.0059035198621764885
mlp_V0-fosls,32.088984963175534,0.004877936596319273,0.0036196114587585763,0.006261196112425763
mlp_V0-fosls,32.288641342529665,0.004815456528597916,0.0036620694243283177,0.006081656741916108
mlp_V0-fosls,32.4882977218838,0.004943344156482267,0.0037448655042894735,0.005721748854121902
mlp_V0-fosls,32.68795410123793,0.0047972467447531,0.0038258702045200345,0.005833992632283214
mlp_V0-fosls,32.88761048059206,0.004823953115385714,0.003832273674400219,0.005688750533270764
mlp_V0-fosls,33.08726685994619,0.0047835645124003935,0.0038159521795577177,0.005473560577543907
mlp_V0-fosls,33.28692323930032,0.004749648681797036,0.003796510675544208,0.005286443051268579
mlp_V0-fosls,33.48657961865445,0.004801726638567307,0.003682639641507726,0.005283245886385144
mlp_V0-fosls,33.686235998008584,0.004690492467423444,0.003565133398470128,0.00592622192505433
mlp_V0-fosls,33.885892377362715,0.004753964126869835,0.0035490585263574207,0.00585134965625676
mlp_V0-fosls,34.08554875671685,0.00499677173171848,0.0037696383507711344,0.005479020659804209
mlp_V0-fosls,34.28520513607098,0.0047433987177143595,0.003978005802873939,0.005946701866678927
mlp_V0-fosls,34.48486151542511,0.004738875681335419,0.003955501131612875,0.005931214917622078
mlp_V0-fosls,34.68451789477924,0.004719248656340361,0.003754812876287164,0.005433867811616429
mlp_V0-fosls,34.88417427413337,0.004533505480693253,0.0035427743746494827,0.0052626549006219835
mlp_V0-fosls,35.0838306534875,0.004618233853833266,0.0034925656126194,0.005364133502412243
mlp_V0-fosls,35.283487032841634,0.004532567168800463,0.003475639941631604,0.005545150142424327
mlp_V0-fosls,35.483143412195766,0.004497578915333776,0.003561515951338411,0.00565487632660834
mlp_V0-fosls,35.6827997915499,0.0046171728333830086,0.003996795270403563,0.005586787014620408
mlp_V0-fosls,35.88245617090403,0.004732459009421168,0.004010686958366604,0.005517857557442653
mlp_V0-fosls,36.08211255025816,0.0048211845304693334,0.004000050892462953,0.005422144838605583
mlp_V0-fosls,36.28176892961229,0.004663670261791498,0.003975588989325536,0.0053023916235782455
mlp_V0-fosls,36.48142530896642,0.004657514633528632,0.00385368711735283,0.005391405352092982
mlp_V0-fosls,36.68108168832055,0.0045676684283208705,0.003496743703793059,0.005202482520923424
mlp_V0-fosls,36.880738067674685,0.004534321294155692,0.003462678901822023,0.0053950860778477355
mlp_V0-fosls,37.080394447028816,0.004579730045272631,0.0034282756342263877,0.005395965664647309
mlp_V0-fosls,37.28005082638295,0.004509369702441211,0.0033944830119537026,0.005246182170421337
mlp_V0-fosls,37.47970720573708,0.004316121119971894,0.0033604541627440844,0.005313835697940666
mlp_V0-fosls,37.67936358509121,0.004383466074823063,0.0033470693115318154,0.005332148247099922
mlp_V0-fosls,37.87901996444534,0.00440157021876391,0.0034337988610501757,0.005167094547137864
mlp_V0-fosls,38.07867634379947,0.0044031931415394075,0.003518391146547084,0.005495324091467878
mlp_V0-fosls,38.2783327231536,0.004583381422632416,0.003526827508573416,0.0053857510320029734
mlp_V0-fosls,38.477989102507735,0.0047801725249466175,0.0034383940639862542,0.004978138067157699
mlp_V0-fosls,38.677645481861866,0.004796228417603432,0.003347625308077601,0.005133693657752537
mlp_V0-fosls,38.877301861216,0.004642223287720816,0.0033330662084422448,0.005011467619013842
mlp_V0-fosls,39.07695824057013,0.004748067383717464,0.003350826012664069,0.005150682183732923
mlp_V0-fosls,39.27661461992426,0.004629821105739081,0.003368492182629018,0.005480180389872163
mlp_V0-fosls,39.47627099927839,0.004500663226808014,0.003333727844254537,0.0050032121012566705
mlp_V0-fosls,39.67592737863252,0.004427276179392991,0.0032971140479632613,0.004998488203380498
mlp_V0-fosls,39.875583757986654,0.004210368213670409,0.003297764199283185,0.005006694113003131
mlp_V0-fosls,40.075240137340785,0.004197376683238285,0.0034145043635336082,0.004962691234235504
mlp_V0-fosls,40.274896516694916,0.004252722320610714,0.003527383078587614,0.005033809958242344
mlp_V0-fosls,40.47455289604905,0.004271169234930745,0.0035239113659827877,0.005158270516379597
mlp_V0-fosls,40.67420927540318,0.00427143144102815,0.0034074956427750155,0.005276968003598208
mlp_V0-fosls,40.87386565475731,0.004285783070325183,0.0032869593541385257,0.005393053671330137
mlp_V0-fosls,41.07352203411144,0.004347087844352195,0.0032317502058433548,0.005133094606952024
mlp_V0-fosls,41.27317841346557,0.00431048788955877,0.0031958851240613865,0.0048754751942095345
mlp_V0-fosls,41.472834792819704,0.004221353404135025,0.0031676752421259747,0.0048322594748995565
mlp_V0-fosls,41.672491172173835,0.004193003276167665,0.003311714342160009,0.004929993327496651
mlp_V0-fosls,41.872147551527966,0.004128109676401656,0.0034497445309122168,0.005025826975291376
mlp_V0-fosls,42.0718039308821,0.004172689973505709,0.0034952255882281596,0.0051213617915253536
mlp_V0-fosls,42.27146031023623,0.004261578995583019,0.0033413590263810383,0.005217753419363553
mlp_V0-fosls,42.47111668959036,0.004292578210131809,0.0031800563475748666,0.005312396341658284
mlp_V0-fosls,42.67077306894449,0.004332420951185623,0.0031082172168998977,0.005216122974513104
mlp_V0-fosls,42.87042944829862,0.004246701017866039,0.0031058705742912805,0.005558041388782229
mlp_V0-fosls,43.070085827652754,0.004200026386376952,0.003103522157334139,0.006256873730437358
mlp_V0-fosls,43.26974220700689,0.0041684176494778315,0.003146844940319313,0.005885701332653849
mlp_V0-fosls,43.469398586361024,0.0041665002477476966,0.003197710867034585,0.005099171590259352
mlp_V0-fosls,43.669054965715155,0.004129611219328401,0.0032373874562998685,0.004976179470911508
mlp_V0-fosls,43.868711345069286,0.004121689963927465,0.0031959429625363685,0.004859065498761179
mlp_V0-fosls,44.06836772442342,0.004154268031522533,0.0031539539149080392,0.0049062162035869265
mlp_V0-fosls,44.26802410377755,0.0041859143331420875,0.003114776805676043,0.004868284889276835
mlp_V0-fosls,44.46768048313168,0.004208113119301271,0.0030806366234888177,0.004686733719878814
mlp_V0-fosls,44.66733686248581,0.004109772280084649,0.003046113829584133,0.005020677886282899
mlp_V0-fosls,44.86699324183994,0.00406627665987272,0.00303955416520455,0.004980665498747078
mlp_V0-fosls,45.066649621194074,0.004025556158197783,0.0030482038744917375,0.004635714624227208
mlp_V0-fosls,45.266306000548205,0.004149924322446389,0.003056829108360582,0.004620443304666234
mlp_V0-fosls,45.46596237990234,0.0040690512569861465,0.003094911430694339,0.004655368679381812
mlp_V0-fosls,45.66561875925647,0.004016757144143861,0.0031351329507424783,0.004927296659093871
mlp_V0-fosls,45.8652751386106,0.003998040586837406,0.003169162655690493,0.004960758815994733
mlp_V0-fosls,46.06493151796473,0.003975356405051998,0.003178047809947199,0.004732348070286099
mlp_V0-fosls,46.26458789731886,0.00399775408522337,0.0031869081923389573,0.004743213213519178
mlp_V0-fosls,46.46424427667299,0.004060457746470474,0.003198632160236941,0.004719870734126517
mlp_V0-fosls,46.663900656027124,0.004090107095223465,0.0032137849780058407,0.004663067764513466
mlp_V0-fosls,46.863557035381255,0.004023721602722158,0.003228866685574052,0.004605564265757807
mlp_V0-fosls,47.06321341473539,0.004011146550430786,0.003201118342019576,0.004598821357446418
mlp_V0-fosls,47.26286979408952,0.0040434720280994665,0.0031562634124927616,0.004601787918246319
mlp_V0-fosls,47.46252617344365,0.004076227677551104,0.003110761774624785,0.004564646161980264
mlp_V0-fosls,47.66218255279778,0.0041201208534888895,0.003081000279621014,0.0045346908125812845
mlp_V0-fosls,47.86183893215191,0.004095401967418944,0.0030511401770355884,0.00454676000073385
mlp_V0-fosls,48.06149531150604,0.004108256981589067,0.003021016588826774,0.004546959699276485
mlp_V0-fosls,48.261151690860174,0.004064918857953571,0.002990682078030461,0.004878172393398384
mlp_V0-fosls,48.460808070214306,0.003984085906842849,0.002960036714930853,0.005445690055544342
mlp_V0-fosls,48.66046444956844,0.003971901830180877,0.002950560501489087,0.0049276175822684405
mlp_V0-fosls,48.86012082892257,0.003959376197722745,0.002960465574081084,0.004485366833367215
mlp_V0-fosls,49.0597772082767,0.003846236478589642,0.002970337616785498,0.00448591176413793
mlp_V0-fosls,49.25943358763083,0.003851000826679551,0.003050889850973021,0.0044766375036409
mlp_V0-fosls,49.45908996698496,0.0038930631948348353,0.0031471077702183705,0.004465438984651913
mlp_V0-fosls,49.65874634633909,0.0039328445512182494,0.003227870790271662,0.004454170635487586
mlp_V0-fosls,49.858402725693225,0.003962946423714708,0.0031106594237408024,0.004753200492662225
mlp_V0-fosls,50.058059105047356,0.003991672677449534,0.0029888550085820356,0.005056454632697013
mlp_V0-fosls,50.25771548440149,0.003961744545418587,0.0029141387150673987,0.004974416424136074
mlp_V0-fosls,50.45737186375562,0.0038788512746763338,0.002944032839919342,0.0046022293754454475
mlp_V0-fosls,50.65702824310975,0.0037940526147258753,0.002973626451723959,0.004413861582934414
mlp_V0-fosls,50.85668462246388,0.0038144751454537665,0.0030356231092284556,0.004427465048526072
mlp_V0-fosls,51.05634100181801,0.0038976256822766736,0.0031178377274473936,0.004450747872826181
mlp_V0-fosls,51.25599738117214,0.0040003654370006775,0.0031979394190801706,0.004473909531831591
mlp_V0-fosls,51.455653760526275,0.003922978815131054,0.003122181913118036,0.004458679354394527
mlp_V0-fosls,51.655310139880406,0.0038523983166569055,0.003019143059125341,0.004439684579575285
mlp_V0-fosls,51.85496651923454,0.003824583048934837,0.0029235082971493524,0.0044263617412432085
mlp_V0-fosls,52.05462289858867,0.003790150929684783,0.0028983771512038374,0.0044391143937825275
mlp_V0-fosls,52.2542792779428,0.003754974547262336,0.0028730261846596243,0.00445183051539845
mlp_V0-fosls,52.45393565729693,0.003857812522830935,0.002854322051781663,0.004683943713392221
mlp_V0-fosls,52.65359203665106,0.003876630837722597,0.0028458134609097214,0.005885553507581417
mlp_V0-fosls,52.853248416005194,0.0038995772384579318,0.002837279354117752,0.006880417972113419
mlp_V0-fosls,53.052904795359325,0.0038686605408202127,0.0028391796957555064,0.006170751526871429
mlp_V0-fosls,53.252561174713456,0.003860247553789019,0.0028462430287745834,0.005077293288283237
mlp_V0-fosls,53.45221755406759,0.0037933383325414235,0.0028532888765257364,0.004443953164881645
mlp_V0-fosls,53.65187393342172,0.003779879338154488,0.0028631160527927326,0.004398754817713898
mlp_V0-fosls,53.85153031277585,0.003766039291691339,0.002873097269267251,0.004574121830068473
mlp_V0-fosls,54.05118669212998,0.0037522336735185302,0.0028785285837560366,0.004580925250740992
mlp_V0-fosls,54.25084307148411,0.003738343236792129,0.002866435747018462,0.004396839529194005
mlp_V0-fosls,54.450499450838244,0.003724362772668084,0.002854291676768519,0.0043122558401936335
mlp_V0-fosls,54.650155830192375,0.0038764283754964407,0.0028435188002007097,0.0043134084583048935
mlp_V0-fosls,54.849812209546506,0.003977717694926127,0.0028342956076294295,0.00431777710240254
mlp_V0-fosls,55.04946858890064,0.003954646107799221,0.00282504230335761,0.0046426942195493225
mlp_V0-fosls,55.24912496825477,0.003950095056880883,0.0028186472617481063,0.004488436306562293
mlp_V0-fosls,55.4487813476089,0.0038037322206320298,0.002813251410775741,0.004473675588823592
mlp_V0-fosls,55.64843772696303,0.003671690444323895,0.002807845190587133,0.004458866007182282
mlp_V0-fosls,55.84809410631716,0.003665879787617677,0.003017641902955357,0.004296347182111619
mlp_V0-fosls,56.047750485671294,0.0036600282370334407,0.0032142616884272114,0.004261533613545582
mlp_V0-fosls,56.247406865025425,0.003685966442788475,0.0032997937351596676,0.0042497080410678
mlp_V0-fosls,56.44706324437956,0.0037452275672876408,0.0030972210559980532,0.004285350008870467
mlp_V0-fosls,56.64671962373369,0.003767030275284252,0.00288043709267125,0.004320697971709653
mlp_V0-fosls,56.84637600308782,0.0037676478377282408,0.002870955649726429,0.004307656685512183
mlp_V0-fosls,57.04603238244195,0.0036999965391610835,0.003045847641122668,0.004261651143648609
mlp_V0-fosls,57.24568876179608,0.0036320453688489466,0.0032112286376352805,0.004215143511208744
mlp_V0-fosls,57.44534514115021,0.0036645230768245713,0.0031228769459332424,0.004207939098613239
mlp_V0-fosls,57.645001520504344,0.0037591473828322472,0.002965524048273962,0.004206914631223547
mlp_V0-fosls,57.844657899858476,0.003767949152979477,0.0028096174060596355,0.004205182037458142
mlp_V0-fosls,58.04431427921261,0.003696096205347896,0.0027904566219967186,0.0041988690256880975
mlp_V0-fosls,58.24397065856674,0.0037650988658430914,0.002771163356797539,0.004192546507983569
mlp_V0-fosls,58.44362703792087,0.003781250970144546,0.002767487314063002,0.004186485483206547
mlp_V0-fosls,58.643283417275,0.0037568617391408824,0.002794790080844403,0.004180819084633638
mlp_V0-fosls,58.84293979662913,0.0036972725460169076,0.0028218286904900655,0.004175144995778536
mlp_V0-fosls,59.04259617598326,0.0036807641487964296,0.002808656489487009,0.0041950381252167475
mlp_V0-fosls,59.242252555337394,0.0036875179005539474,0.002768746350628808,0.004227265196345399
mlp_V0-fosls,59.441908934691526,0.0036963264581448517,0.002728252450251478,0.004259248432346271
mlp_V0-fosls,59.64156531404566,0.0036292133783497596,0.002725659008090864,0.004220803667017812
mlp_V0-fosls,59.84122169339979,0.0035668897907796737,0.0027286994816184493,0.00417739575247282
mlp_V0-fosls,60.04087807275392,0.0035452416440649413,0.002730553393920041,0.004143207445753595
mlp_V0-fosls,60.24053445210806,0.003538806907243401,0.0027251348326334805,0.004145659179393446
mlp_V0-fosls,60.44019083146219,0.0035323566199415533,0.0027197054757852664,0.004148109463940198
mlp_V0-fosls,60.63984721081632,0.003525970898448761,0.002746691508993425,0.004146911231267578
mlp_V0-fosls,60.83950359017045,0.0035194720460060003,0.0028193562541707277,0.0041417033560191266
mlp_V0-fosls,61.03915996952458,0.0035129562945512526,0.0028901946526638336,0.004136488924015996
mlp_V0-fosls,61.238816348878714,0.00352681821797282,0.0028658861284996773,0.004136874235894503
mlp_V0-fosls,61.438472728232846,0.003542368396418847,0.0027950848441177885,0.004139184120237399
mlp_V0-fosls,61.63812910758698,0.003551249696316017,0.0027224428864729287,0.004141283322069565
mlp_V0-fosls,61.83778548694111,0.003532528837074872,0.0027106817992036433,0.004126608881356714
mlp_V0-fosls,62.03744186629524,0.0035136577716875883,0.0027025776659398374,0.004111882070990446
mlp_V0-fosls,62.23709824564937,0.0035016326236951244,0.0026996576049786486,0.0042487721636179695
mlp_V0-fosls,62.4367546250035,0.003497643650642585,0.002716073181101215,0.004112461899922133
mlp_V0-fosls,62.63641100435763,0.0034936498617084985,0.0027323901379699596,0.004121175122813968
mlp_V0-fosls,62.836067383711764,0.003666625949836023,0.0027302297062119173,0.004123243373492311
mlp_V0-fosls,63.035723763065896,0.003689451451493128,0.0027079514057972588,0.004210380638514072
mlp_V0-fosls,63.23538014242003,0.003713037896358822,0.0026854882951963667,0.004611457842118859
mlp_V0-fosls,63.43503652177416,0.0036870781634773635,0.0026756754938671414,0.0042388339761702054
mlp_V0-fosls,63.63469290112829,0.003660504287886469,0.002670169366676028,0.004076779422772529
mlp_V0-fosls,63.83434928048242,0.0035043040748061662,0.002664772807555489,0.004056596975746645
mlp_V0-fosls,64.03400565983655,0.0034976805218041897,0.0026673087817750177,0.0040519690669351205
mlp_V0-fosls,64.23366203919068,0.0034909042179630326,0.002669842347177281,0.004047335866364603
mlp_V0-fosls,64.43331841854481,0.0034810771961507527,0.002669737850686683,0.004049076761165796
mlp_V0-fosls,64.63297479789894,0.0034691960710830773,0.002662932475823619,0.004062362065228438
mlp_V0-fosls,64.83263117725308,0.0034572677663663566,0.0026561096645664056,0.004075604063228081
mlp_V0-fosls,65.0322875566072,0.0034620622894177685,0.002652144198361544,0.004072631300412507
mlp_V0-fosls,65.23194393596134,0.0034709253306035182,0.002650526917564501,0.004059841839015248
mlp_V0-fosls,65.43160031531546,0.0034783589360425585,0.0026489086493431888,0.004047011960266212
mlp_V0-fosls,65.6312566946696,0.0034685123639595465,0.0026508767617519544,0.004337866641239768
mlp_V0-fosls,65.83091307402373,0.003458595929702736,0.0026536442118661177,0.00464395078740525
mlp_V0-fosls,66.03056945337786,0.003463811586236133,0.0026558261879102494,0.004883712131530972
mlp_V0-fosls,66.23022583273199,0.003498557436752715,0.0026516825490528998,0.004867144572532133
mlp_V0-fosls,66.42988221208613,0.0035328885611768538,0.0026475324250164484,0.004850520425294094
mlp_V0-fosls,66.62953859144025,0.003529564035701124,0.0026437895649383926,0.0047404206307030015
mlp_V0-fosls,66.82919497079439,0.0035009610450627677,0.0026408042902539793,0.004496977882196033
mlp_V0-fosls,67.02885135014851,0.00347180305220436,0.0026378156370699055,0.004239579270390654
mlp_V0-fosls,67.22850772950265,0.0034595136107148333,0.0026352533386529943,0.004232548985121431
mlp_V0-fosls,67.42816410885678,0.003450017545019007,0.0026329527034878704,0.004336748091851381
mlp_V0-fosls,67.62782048821092,0.0034405533619610183,0.0026306500563028933,0.004438501674315422
mlp_V0-fosls,67.82747686756504,0.003431350309882709,0.002629829620215389,0.0043229476666301475
mlp_V0-fosls,68.02713324691918,0.0034221193738387824,0.0026291973213742664,0.004195806206577428
mlp_V0-fosls,68.2267896262733,0.003415007802524126,0.0026301565321906976,0.004095791321867928
mlp_V0-fosls,68.42644600562744,0.0034433128435269788,0.002639781115705421,0.0040964371318484615
mlp_V0-fosls,68.62610238498156,0.0035195001993182946,0.0026493707354472897,0.004097082840032048
mlp_V0-fosls,68.8257587643357,0.0035488822198802713,0.002653247034161328,0.004075311196529476
mlp_V0-fosls,69.02541514368984,0.003545257259833034,0.002649345004757094,0.004030872287708976
mlp_V0-fosls,69.22507152304397,0.0035416231581920426,0.00264543721985173,0.003985937963777398
mlp_V0-fosls,69.4247279023981,0.003517725543880609,0.002631803558829163,0.003975559583769249
mlp_V0-fosls,69.62438428175223,0.0034827941713361714,0.002613712479488626,0.00397559325011376
mlp_V0-fosls,69.82404066110637,0.003445539099624933,0.0025954953050628528,0.0039760821677311264
mlp_V0-fosls,70.02369704046049,0.0034297653267545544,0.002594740385368383,0.003987961720055644
mlp_V0-fosls,70.22335341981463,0.0034038591681915774,0.0025947448435059747,0.003999805989883623
mlp_V0-fosls,70.42300979916875,0.003392406470577604,0.0025948724797014177,0.00400517278339891
mlp_V0-fosls,70.62266617852289,0.0033953802408413346,0.002595421154999022,0.003995949866304302
mlp_V0-fosls,70.82232255787702,0.0033983456552915993,0.00259596971433049,0.003986705612803053
mlp_V0-fosls,71.02197893723115,0.0033971361590350918,0.002603808349918648,0.003979931151907413
mlp_V0-fosls,71.22163531658528,0.0033947855457329154,0.002619020586072249,0.0039749835039963825
mlp_V0-fosls,71.42129169593942,0.0033924391415536123,0.00263414497274436,0.003970029690085913
mlp_V0-fosls,71.62094807529354,0.003390671658949651,0.0026273634192391883,0.003977253333705226
mlp_V0-fosls,71.82060445464768,0.00338889187372595,0.002613723729053988,0.003986701057589986
mlp_V0-fosls,72.0202608340018,0.003387058083599842,0.002600506658750807,0.003994779463014542
mlp_V0-fosls,72.21991721335594,0.003384698884918132,0.0026030144600082965,0.003992222728862428
mlp_V0-fosls,72.41957359271007,0.0033823274190627347,0.0026055198475193543,0.003989664356254645
mlp_V0-fosls,72.6192299720642,0.003382473621422258,0.002608995491021956,0.003991299761922998
mlp_V0-fosls,72.81888635141833,0.003390191553224008,0.002614758772657714,0.003999725654698767
mlp_V0-fosls,73.01854273077247,0.003409751763749521,0.002620509379149033,0.004008133834614856
mlp_V0-fosls,73.21819911012659,0.003374053557862234,0.002617026269600989,0.004002851398084801
mlp_V0-fosls,73.41785548948073,0.003354646188519303,0.0026064046815261173,0.003990149263628373
mlp_V0-fosls,73.61751186883485,0.003339228601908349,0.0025957396310070965,0.00397740656419716
mlp_V0-fosls,73.81716824818899,0.0033366414877332284,0.0026815964443118873,0.004011640562357151
mlp_V0-fosls,74.01682462754312,0.003334050346462278,0.0027831623632303287,0.004050127568990919
mlp_V0-fosls,74.21648100689725,0.003330074943712489,0.002862003203542834,0.0040768545934161595
mlp_V0-fosls,74.41613738625138,0.00332379364242344,0.002766234485514379,0.004051030313574275
mlp_V0-fosls,74.61579376560552,0.0033175003770232144,0.0026670290813203593,0.004025040350994872
mlp_V0-fosls,74.81545014495964,0.003316832249649031,0.002595676746809627,0.00401567729582998
mlp_V0-fosls,75.01510652431378,0.003319183984372854,0.0025773158006020167,0.004026987512408151
mlp_V0-fosls,75.2147629036679,0.0033215333925003133,0.0025588231080200573,0.0040382660519012355
mlp_V0-fosls,75.41441928302204,0.0033185009139487095,0.0025589732077552618,0.0040172864285184405
mlp_V0-fosls,75.61407566237617,0.003314890304594378,0.002569846660946062,0.0039832769088313435
mlp_V0-fosls,75.8137320417303,0.0033125023250113877,0.002580674300166915,0.003948974501829493
mlp_V0-fosls,76.01338842108443,0.0033165082166569694,0.002574496432115341,0.003942376637901016
mlp_V0-fosls,76.21304480043857,0.003320438540512936,0.0025664713304302126,0.0039361939532528345
mlp_V0-fosls,76.41270117979269,0.0033256747257029576,0.002558486495077974,0.003930575363529679
mlp_V0-fosls,76.61235755914683,0.0033322439812452074,0.0025507959173753257,0.0039266400086804595
mlp_V0-fosls,76.81201393850095,0.0033387951586820357,0.0025430820825724223,0.003922700705783414
mlp_V0-fosls,77.01167031785509,0.0033572744324309465,0.002539564327536538,0.0039271189990168895
mlp_V0-fosls,77.21132669720922,0.003379339968560876,0.0025414463757261834,0.003939149697111737
mlp_V0-fosls,77.41098307656335,0.003385541727781059,0.0025433270312107716,0.0039511437635286785
mlp_V0-fosls,77.61063945591748,0.00337398922068095,0.0025427797832015256,0.003932199297969472
mlp_V0-fosls,77.81029583527162,0.003351500812162629,0.002541218393573815,0.0039048981174172057
mlp_V0-fosls,78.00995221462574,0.0033390803478379957,0.0025396560439983526,0.0038787448851388454
mlp_V0-fosls,78.20960859397988,0.0033594032403046923,0.0025349449295417846,0.0038736341348945395
mlp_V0-fosls,78.409264973334,0.0033749274188208346,0.002530139758348593,0.0038685166327740634
mlp_V0-fosls,78.60892135268814,0.0033698211388590482,0.0025262291347640355,0.003865585992248242
mlp_V0-fosls,78.80857773204227,0.0033453993463108582,0.002525152558350325,0.0038671459488795845
mlp_V0-fosls,79.0082341113964,0.0033169526557381497,0.0025240755227519903,0.0038687052764982935
mlp_V0-fosls,79.20789049075053,0.0033066526696927485,0.002521039452248813,0.0038962705609986467
mlp_V0-fosls,79.40754687010467,0.003300638655207669,0.002516103251558611,0.003941042883636513
mlp_V0-fosls,79.60720324945879,0.0032951640692738303,0.002511157347760717,0.003985312250855543
mlp_V0-fosls,79.80685962881293,0.0032981359737401256,0.0025236654374594407,0.003948977859426915
mlp_V0-fosls,80.00651600816705,0.003301002981597324,0.0025410779748701626,0.003899496662354726
mlp_V0-fosls,80.20617238752119,0.0032993830896151446,0.0025579143638219896,0.0038568021706480832
mlp_V0-fosls,80.40582876687532,0.0032887025389359333,0.0025649668927806273,0.003862085450412371
mlp_V0-fosls,80.60548514622946,0.0032779660134179805,0.0025720000834903874,0.003867361512589441
mlp_V0-fosls,80.80514152558358,0.0032735652147527546,0.0025731754974925164,0.003870264837571955
mlp_V0-fosls,81.00479790493772,0.0032732377292422283,0.0025614703017362733,0.0038696372670431944
mlp_V0-fosls,81.20445428429184,0.0032823878138813676,0.0025497113704217532,0.0038690095947197093
mlp_V0-fosls,81.40411066364598,0.0032748784867970625,0.0025436640569752238,0.0038658031142545434
mlp_V0-fosls,81.6037670430001,0.003273879108108348,0.002541772489250197,0.003861320255763673
mlp_V0-fosls,81.80342342235424,0.0032732979217575653,0.0025398795127861144,0.003856832186777323
mlp_V0-fosls,82.00307980170837,0.003267832178793655,0.0025268203449292244,0.003855117408651472
mlp_V0-fosls,82.2027361810625,0.003262351069547892,0.0025116903033921317,0.0038535838746994806
mlp_V0-fosls,82.40239256041663,0.0032667902925755804,0.002497927494225887,0.003854574558448311
mlp_V0-fosls,82.60204893977077,0.003283562973008869,0.002495139457808914,0.003865227808417347
mlp_V0-fosls,82.80170531912489,0.003308020790085577,0.0024923483025894085,0.0038758517767438602
mlp_V0-fosls,83.00136169847903,0.0032920645995961296,0.0024912599002952385,0.003962601184028696
mlp_V0-fosls,83.20101807783315,0.003273892788876764,0.0024928922351061416,0.004110780708476995
mlp_V0-fosls,83.40067445718729,0.0032555608151058207,0.002494523501770618,0.004232341688259268
mlp_V0-fosls,83.60033083654142,0.003261247355560203,0.002504040115185573,0.004052644934979206
mlp_V0-fosls,83.79998721589556,0.003267603709705322,0.002517691116237867,0.0038646016317141693
mlp_V0-fosls,83.99964359524968,0.0032687734965902767,0.0025312684992129086,0.00382920431009827
mlp_V0-fosls,84.19929997460382,0.0032526682469487273,0.0025345014433003064,0.003828864320165026
mlp_V0-fosls,84.39895635395794,0.003236462276108589,0.0025368461186168847,0.0038285243000391687
mlp_V0-fosls,84.59861273331208,0.003230980224939462,0.002535263059328188,0.0038276047557861017
mlp_V0-fosls,84.7982691126662,0.003236120713195058,0.0025167291605023455,0.0038251951463674216
mlp_V0-fosls,84.99792549202034,0.0032412515448357127,0.0024980577564683235,0.00382278401810374
mlp_V0-fosls,85.19758187137447,0.0032419428529359886,0.0024989967879954196,0.0038209676949571337
mlp_V0-fosls,85.3972382507286,0.003249608693212821,0.002523189099523192,0.0038196400963030606
mlp_V0-fosls,85.59689463008273,0.003269637333915917,0.0025471516479184902,0.003818312036052852
mlp_V0-fosls,85.79655100943687,0.0032484360398134164,0.002534093647076501,0.0038200183156000306
mlp_V0-fosls,85.996207388791,0.003229349022064667,0.0025067517664514173,0.0038224038807969075
mlp_V0-fosls,86.19586376814513,0.0032259102469761147,0.0024791083528279134,0.0038278522181631916
mlp_V0-fosls,86.39552014749927,0.0032361414977505093,0.0024780258675502617,0.0038661218619610084
mlp_V0-fosls,86.5951765268534,0.003266327699730605,0.0024771527425999115,0.003904016380468814
mlp_V0-fosls,86.79483290620753,0.003267453837401303,0.002476448403830546,0.0039375701532349
mlp_V0-fosls,86.99448928556166,0.00323278029728429,0.002476227205379583,0.0039636004911842975
mlp_V0-fosls,87.1941456649158,0.003231258139116435,0.0024760059871674583,0.00398946099063351
mlp_V0-fosls,87.39380204426992,0.0032268194117434897,0.002480897942801893,0.003954401811060685
mlp_V0-fosls,87.59345842362406,0.0032215091361395836,0.0024903507991390827,0.003881238669047938
mlp_V0-fosls,87.79311480297818,0.0032164824955606647,0.0024997679098161625,0.0038066696112095196
mlp_V0-fosls,87.99277118233232,0.0032135394015947744,0.0025128467704244872,0.004564680740867687
mlp_V0-fosls,88.19242756168644,0.003210592478519757,0.0025268070480032115,0.005220955216320015
mlp_V0-fosls,88.39208394104058,0.003207493621609176,0.0025384073628761865,0.00522106627508128
mlp_V0-fosls,88.5917403203947,0.0032042267336859255,0.002515678963913848,0.004567771574300196
mlp_V0-fosls,88.79139669974884,0.003200953691157446,0.0024927433399877454,0.003904100915975645
mlp_V0-fosls,88.99105307910297,0.0032110643665692598,0.0024761001187997723,0.0039142814135534835
mlp_V0-fosls,89.1907094584571,0.003227799179787257,0.002472552283926674,0.003868597073088758
mlp_V0-fosls,89.39036583781123,0.003244401865800571,0.00246899935098853,0.0038223667593954903
mlp_V0-fosls,89.59002221716537,0.003234227342049198,0.002464996954073694,0.0038277136551702613
mlp_V0-fosls,89.7896785965195,0.0032220984518073013,0.0024606899228078404,0.003855831302677059
mlp_V0-fosls,89.98933497587363,0.003214972673804521,0.0024563753395650924,0.003883745388594837
mlp_V0-fosls,90.18899135522776,0.0032284818686982367,0.002484041020545614,0.003846820311188682
mlp_V0-fosls,90.3886477345819,0.0032417597998916016,0.0025162297891077627,0.00380688317796089
mlp_V0-fosls,90.58830411393602,0.003239393625911137,0.002540394328168639,0.004062485039079824
mlp_V0-fosls,90.78796049329016,0.0032188299839636184,0.00251535131772894,0.004453364172991012
mlp_V0-fosls,90.98761687264428,0.0031979989142168624,0.0024900564573137785,0.004812600151873434
mlp_V0-fosls,91.18727325199842,0.0031928029179889676,0.002485199353540037,0.004516732973933135
mlp_V0-fosls,91.38692963135254,0.0031933374141676647,0.002510889310262236,0.0040736053776374145
mlp_V0-fosls,91.58658601070668,0.0031938417272402925,0.0025363190710047754,0.0037749833889794897
mlp_V0-fosls,91.7862423900608,0.0031914258851226725,0.00252290441582105,0.0037754675649127765
mlp_V0-fosls,91.98589876941494,0.0031890081958889736,0.0024901105017151766,0.003775675439585908
mlp_V0-fosls,92.18555514876907,0.003188189125467796,0.0024568789001770262,0.0037757193228139547
mlp_V0-fosls,92.38521152812321,0.003191371830145783,0.002454723662299185,0.003771309287794042
mlp_V0-fosls,92.58486790747733,0.0031945458602482546,0.0024546452012393478,0.0037668940897950054
mlp_V0-fosls,92.78452428683147,0.0031947372417024823,0.0024561545556725556,0.0037649878582008706
mlp_V0-fosls,92.9841806661856,0.003192522300661499,0.0024637705933249574,0.003768848615231694
mlp_V0-fosls,93.18383704553973,0.0031941554770921975,0.002471363160629085,0.0037727054214008997
mlp_V0-fosls,93.38349342489386,0.003188773335316611,0.002472486298979089,0.0037743303797827636
mlp_V0-fosls,93.583149804248,0.0031874278497375204,0.0024664106519879008,0.003774287548947331
mlp_V0-fosls,93.78280618360212,0.003186349085959479,0.002460320001511887,0.0037742447176258463
mlp_V0-fosls,93.98246256295626,0.003187686578350243,0.002457868201346292,0.003774762490596192
mlp_V0-fosls,94.18211894231038,0.003189022821553187,0.002456692533446889,0.0037753865140753074
mlp_V0-fosls,94.38177532166452,0.0032005626162918627,0.0024555136625679357,0.0037757310656437696
mlp_V0-fosls,94.58143170101864,0.0031895351109967763,0.0024540066952947522,0.0037737926917227496
mlp_V0-fosls,94.78108808037278,0.0031892500716150835,0.002452498802047647,0.0037718533216619964
mlp_V0-fosls,94.9807444597269,0.0031859465930413272,0.002451310100926279,0.0037694900736607055
mlp_V0-fosls,95.18040083908105,0.003180982315565372,0.0024509607332429103,0.0037664290966650613
mlp_V0-fosls,95.38005721843517,0.003176001020930029,0.002450611315752469,0.003763365629989171
mlp_V0-fosls,95.57971359778931,0.003179172085602487,0.0024512218686559574,0.003763801217308919
mlp_V0-fosls,95.77936997714343,0.0031832714280089817,0.0024526369833522163,0.0037661485977362992
mlp_V0-fosls,95.97902635649757,0.0031863238619628705,0.0024540512820307807,0.0037684945159899186
mlp_V0-fosls,96.1786827358517,0.0031835615012515174,0.002466814453781215,0.0037677228829163007
mlp_V0-fosls,96.37833911520583,0.003180782272174886,0.002482110434177382,0.003766660720492455
mlp_V0-fosls,96.57799549455996,0.0031763174488571733,0.002495390449795229,0.0038646357974312616
mlp_V0-fosls,96.7776518739141,0.00316982182586564,0.002486543142066954,0.004057537623808043
mlp_V0-fosls,96.97730825326822,0.0031633127896689307,0.002477664242344222,0.0042416757644176874
mlp_V0-fosls,97.17696463262236,0.003171008005328724,0.002473322441318495,0.004106142703454856
mlp_V0-fosls,97.37662101197648,0.003184510206664215,0.0024775267331066725,0.0038978152332318763
mlp_V0-fosls,97.57627739133062,0.0031979484833260683,0.0024817239024087197,0.003738994213230257
mlp_V0-fosls,97.77593377068474,0.0031880879125817992,0.0024913805689216802,0.003744338082097042
mlp_V0-fosls,97.97559015003888,0.0031777143339180997,0.002504399026885477,0.003750796747098257
mlp_V0-fosls,98.17524652939301,0.0031704852931112174,0.0025173501608892887,0.00379657191206692
mlp_V0-fosls,98.37490290874715,0.0031729738667966014,0.0025091537572763606,0.0040382609835469515
mlp_V0-fosls,98.57455928810127,0.0031754585370721384,0.002498094686418489,0.004266280025851512
mlp_V0-fosls,98.77421566745541,0.0031782787579658998,0.002491072141838716,0.004296219547209408
mlp_V0-fosls,98.97387204680953,0.003181488707117898,0.0025069725443516207,0.0042202652848411385
mlp_V0-fosls,99.17352842616367,0.0031846791453874796,0.0025227727326140098,0.004142918747820944
mlp_V0-fosls,99.3731848055178,0.0031845898670855525,0.0025259077442278412,0.004111289615898362
mlp_V0-fosls,99.57284118487193,0.0031835070509877773,0.002511519880168643,0.004083787261719797
mlp_V0-fosls,99.77249756422606,0.0031823857032556484,0.002497049115378881,0.004066328125570545
mlp_V0-fosls,99.9721539435802,0.0031811121596057508,0.002482218375109495,0.004093520167107101
mlp_V0-fosls,100.17181032293432,0.003179836424360665,0.0024671719191180627,0.004120532768006951
mlp_V0-fosls,100.37146670228846,0.003179152391468121,0.002452033135020443,0.004113234391395607
mlp_V0-fosls,100.57112308164258,0.003179608095091018,0.0024537266309327304,0.004064803681380478
mlp_V0-fosls,100.77077946099672,0.003180063538773337,0.002456214383743045,0.004015788935908976
mlp_V0-fosls,100.97043584035085,0.0031794507062237807,0.002461845828375528,0.0039800173433654894
mlp_V0-fosls,101.17009221970498,0.003177764343746433,0.0024783779688603283,0.0039491734016887095
mlp_V0-fosls,101.36974859905911,0.003175991088564846,0.0024948005592380523,0.003918086658015756
mlp_V0-fosls,101.56940497841325,0.0031687952605748055,0.002495547957038016,0.003934713001910384
mlp_V0-fosls,101.76906135776737,0.003160996830697311,0.002480036019267286,0.003951429888188251
mlp_V0-fosls,101.96871773712151,0.003153880890684411,0.0024644264460213917,0.003958565739577769
mlp_V0-fosls,102.16837411647563,0.0031512774852349686,0.0024698527652349607,0.003939498435239725
mlp_V0-fosls,102.36803049582977,0.0031486641655829924,0.002481958178199838,0.003920338394571773
mlp_V0-fosls,102.5676868751839,0.003147462922311454,0.0024935233344884128,0.003910246488773787
mlp_V0-fosls,102.76734325453803,0.003148025146606349,0.002486935264706933,0.003908028793521267
mlp_V0-fosls,102.96699963389217,0.0031485724185534125,0.0024803296962395286,0.0039058098390749698
mlp_V0-fosls,103.1666560132463,0.003151602046071173,0.0024755602700881093,0.0038969725709245015
mlp_V0-fosls,103.36631239260043,0.0031560660831008707,0.0024752431656781056,0.0038865285367335966
mlp_V0-fosls,103.56596877195456,0.003160502844940573,0.0024749260206385214,0.0038768035834111808
mlp_V0-fosls,103.7656251513087,0.003151911556142113,0.0024761153541667654,0.0038759486976278723
mlp_V0-fosls,103.96528153066282,0.003142315933841135,0.002478481820777115,0.003875093623247912
mlp_V0-fosls,104.16493791001696,0.003136636066336713,0.0024808460300278366,0.0038744782333562052
mlp_V0-fosls,104.36459428937108,0.0031459635225509876,0.002477780317300899,0.0038743110524726253
mlp_V0-fosls,104.56425066872522,0.0031552632575456317,0.0024735849539123203,0.003874143864374691
mlp_V0-fosls,104.76390704807935,0.0031554672962132357,0.002470852866493595,0.0038757617463420243
mlp_V0-fosls,104.96356342743348,0.0031457717401451356,0.0024819250115208813,0.0038784771250202814
mlp_V0-fosls,105.16321980678761,0.0031360406273283747,0.0024929479813598668,0.0038811906039517043
mlp_V0-fosls,105.36287618614175,0.003141808101183927,0.002494593973735144,0.0038890475377493174
mlp_V0-fosls,105.56253256549587,0.0031528595493936235,0.002479875739368436,0.00389752660147195
mlp_V0-fosls,105.76218894485001,0.003163658875161281,0.0024650696281485833,0.003904418190912757
mlp_V0-fosls,105.96184532420413,0.003154648592434782,0.0024631678655286054,0.003902974932473529
mlp_V0-fosls,106.16150170355827,0.00314557124586721,0.002468795148259454,0.003901531140142681
mlp_V0-fosls,106.3611580829124,0.003138828291136129,0.002474409633501715,0.003900266149723213
mlp_V0-fosls,106.56081446226653,0.003138365756870776,0.002476811973005861,0.0038992393096893767
mlp_V0-fosls,106.76047084162066,0.0031379028758669837,0.0024788591953649308,0.003898212199172467
mlp_V0-fosls,106.9601272209748,0.0031392235126345433,0.0024786553976850947,0.003888449571365247
mlp_V0-fosls,107.15978360032892,0.0031419161730084485,0.0024673394603314256,0.003874900958866441
mlp_V0-fosls,107.35943997968306,0.0031446057392458715,0.0024559713851231416,0.0038613048070564883
mlp_V0-fosls,107.55909635903718,0.0031415953545009204,0.0024567891962855646,0.003870316800939178
mlp_V0-fosls,107.75875273839132,0.0031375504075046344,0.0024733317813042037,0.003880174906798611
mlp_V0-fosls,107.95840911774545,0.0031340489589576355,0.002489764455894046,0.0038797424916919244
mlp_V0-fosls,108.15806549709959,0.0031344585555391526,0.0024922822813535214,0.0038453919184659223
mlp_V0-fosls,108.35772187645371,0.0031348678336649075,0.002488968130744221,0.003810731716004974
mlp_V0-fosls,108.55737825580785,0.0031345431091976683,0.002485649561336442,0.0037871830011699226
mlp_V0-fosls,108.75703463516197,0.003132951301567621,0.0024720952730396322,0.003774801714464771
mlp_V0-fosls,108.95669101451611,0.003131358022182036,0.0024581656601848196,0.0037623796834851645
mlp_V0-fosls,109.15634739387023,0.0031274217373464096,0.002447885103795974,0.003766338371322999
mlp_V0-fosls,109.35600377322437,0.003122215481895278,0.002449371310454766,0.003775070601621378
mlp_V0-fosls,109.5556601525785,0.0031170002352286187,0.0024508566158736363,0.003782756025414763
mlp_V0-fosls,109.75531653193264,0.003134852392206496,0.0024563182832500864,0.0037680263905465567
mlp_V0-fosls,109.95497291128676,0.003155024763788589,0.0024656075976620287,0.0037532389494806936
mlp_V0-fosls,110.1546292906409,0.0031702210074434625,0.0024748620451792444,0.0037479970260620673
mlp_V0-fosls,110.35428566999502,0.0031620437198764018,0.0024910185425600483,0.003763588235112236
mlp_V0-fosls,110.55394204934916,0.0031538419481000907,0.0025090558582424025,0.003779115121239413
mlp_V0-fosls,110.75359842870328,0.0031472788154995913,0.002524505532312877,0.0037779917957236867
mlp_V0-fosls,110.95325480805742,0.0031426101768123695,0.0024862755473058734,0.0037650478490840553
mlp_V0-fosls,111.15291118741155,0.003137919343075924,0.0024474484696483255,0.003752059248363419
mlp_V0-fosls,111.35256756676569,0.0031352382842589235,0.002421294543980133,0.003754504092204718
mlp_V0-fosls,111.55222394611981,0.003133446550483876,0.00242527529849211,0.0037595684761030325
mlp_V0-fosls,111.75188032547395,0.003131649088492222,0.002429249529843328,0.0037633543326595054
mlp_V0-fosls,111.95153670482807,0.0031380285084161405,0.0024311096937363803,0.0037582091692288776
mlp_V0-fosls,112.15119308418221,0.003144623245960874,0.0024313933343999626,0.0037530569521664527
mlp_V0-fosls,112.35084946353633,0.0031499171072264607,0.0024316769419785475,0.0037731585520417677
mlp_V0-fosls,112.55050584289047,0.003151082277306332,0.0024336170461514454,0.0038313382576993394
mlp_V0-fosls,112.7501622222446,0.0031522468038971416,0.002435870158083945,0.0038886476095135254
mlp_V0-fosls,112.94981860159874,0.003149048512208051,0.002437954046295725,0.0039173874239752755
mlp_V0-fosls,113.14947498095286,0.003141877795175082,0.00243865937767758,0.00393201298383143
mlp_V0-fosls,113.349131360307,0.0031346904947526944,0.0024393645051160157,0.0039465843435201355
mlp_V0-fosls,113.54878773966112,0.0031327854258916474,0.0024379742381623296,0.003966340614485182
mlp_V0-fosls,113.74844411901526,0.0031323122647227584,0.0024331116943963923,0.003986357560147198
mlp_V0-fosls,113.94810049836939,0.0031321120016153618,0.00242823941341742,0.003993485137343912
mlp_V0-fosls,114.14775687772352,0.0031366268429309056,0.002425046179507251,0.003950867211329881
mlp_V0-fosls,114.34741325707765,0.003141117752680587,0.0024227810815945147,0.00390778452590933
mlp_V0-fosls,114.54706963643179,0.003145603377129099,0.0024205138640218237,0.003903479517487999
mlp_V0-fosls,114.74672601578591,0.003149923571018675,0.002418732752339711,0.003941942241996599
mlp_V0-fosls,114.94638239514005,0.003154235820607338,0.0024169972641681775,0.00398003328315556
mlp_V0-fosls,115.14603877449417,0.0031523368413794903,0.002415604948108859,0.003973205535422766
mlp_V0-fosls,115.34569515384831,0.0031460844234081796,0.0024157786043736773,0.0039511009450851255
mlp_V0-fosls,115.54535153320244,0.0031398045601474826,0.002415952248156255,0.003929042240867084
mlp_V0-fosls,115.74500791255657,0.0031393707503704505,0.0024185729484342785,0.0039171228392995425
mlp_V0-fosls,115.9446642919107,0.0031398583443626536,0.0024242063816309217,0.003905167057349326
mlp_V0-fosls,116.14432067126484,0.003140173339922248,0.0024298267540263222,0.00390410827821605
mlp_V0-fosls,116.34397705061896,0.0031392774047125805,0.0024282157854081015,0.003930104990687023
mlp_V0-fosls,116.5436334299731,0.00313837228021005,0.0024237220950756827,0.003955930867395312
mlp_V0-fosls,116.74328980932722,0.0031401643825806364,0.002419220057748164,0.0039445632082616535
mlp_V0-fosls,116.94294618868136,0.003146251521903034,0.002418113714478114,0.003903438787207343
mlp_V0-fosls,117.14260256803549,0.0031523032775284516,0.00241706711017435,0.003861876464489513
mlp_V0-fosls,117.34225894738962,0.003148560163857569,0.00241672335964563,0.00388624958925425
mlp_V0-fosls,117.54191532674375,0.0031398489799994806,0.002418480506162664,0.003924011099640421
mlp_V0-fosls,117.74157170609789,0.0031310829626072147,0.0024202363769517997,0.0039540733578564075
mlp_V0-fosls,117.94122808545201,0.0031379798618524518,0.0024179368530421966,0.003916742478970439
mlp_V0-fosls,118.14088446480615,0.0031459146974589344,0.0024118612144167,0.003879052355129166
mlp_V0-fosls,118.34054084416027,0.0031509626735358046,0.0024057702321534356,0.0038698022618146055
mlp_V0-fosls,118.54019722351441,0.003144398103675807,0.0024082290336226333,0.003909422043017786
mlp_V0-fosls,118.73985360286854,0.0031377467481964304,0.002413006425901772,0.00394864430853442
mlp_V0-fosls,118.93950998222267,0.003131708670648735,0.0024176502454045096,0.003965880326218123
mlp_V0-fosls,119.1391663615768,0.0031266170859657067,0.0024201117286657583,0.003970869589134763
mlp_V0-fosls,119.33882274093094,0.0031215071090212663,0.0024225707109074533,0.003975852591073593
mlp_V0-fosls,119.53847912028506,0.0031180632832067392,0.002424600875681302,0.003964850132107117
mlp_V0-fosls,119.7381354996392,0.003115236671540679,0.0024257275048599736,0.003952216656391549
mlp_V0-fosls,119.93779187899334,0.00311238921035937,0.002426853611018565,0.003934342355619855
mlp_V0-fosls,120.13744825834746,0.0031105853829869836,0.002424166486542846,0.003892455042288186
mlp_V0-fosls,120.3371046377016,0.003108779910820793,0.0024188027351288405,0.003850112042687204
mlp_V0-fosls,120.53676101705572,0.0031095389418631146,0.002413427063007299,0.0038741082019256206
mlp_V0-fosls,120.73641739640986,0.003116173141563475,0.002411839776376925,0.0039775212253751295
mlp_V0-fosls,120.93607377576399,0.003122786895013466,0.002410889645375333,0.004078312866418162
mlp_V0-fosls,121.13573015511813,0.003120419442082526,0.002409992952546635,0.0040291198665789755
mlp_V0-fosls,121.33538653447225,0.003111365848280057,0.002409479477412735,0.003919896417664148
mlp_V0-fosls,121.53504291382639,0.003102266716351397,0.002408965892830749,0.003807541063622426
mlp_V0-fosls,121.73469929318051,0.0031131547521462853,0.002407608838921941,0.0039133465024271796
mlp_V0-fosls,121.93435567253465,0.003128280408445269,0.0024049356970366623,0.0040183261028783
mlp_V0-fosls,122.13401205188877,0.003140864367344599,0.0024022595805839506,0.004102131407461881
mlp_V0-fosls,122.33366843124291,0.003124306445840472,0.002406371311469074,0.004132531395110778
mlp_V0-fosls,122.53332481059704,0.003107549814799454,0.002413981432906666,0.004162709379606899
mlp_V0-fosls,122.73298118995118,0.003096812688228115,0.0024215676385711087,0.0041037779332558505
mlp_V0-fosls,122.9326375693053,0.0030974484335671015,0.002420410319527259,0.0039629313095439385
mlp_V0-fosls,123.13229394865944,0.0030980774567288937,0.0024185591553813647,0.0038168908555065504
mlp_V0-fosls,123.33195032801356,0.0031017126900739185,0.0024199487807205484,0.003780781186738331
mlp_V0-fosls,123.5316067073677,0.0031073751432780985,0.0024347247056769813,0.003772578810207216
mlp_V0-fosls,123.73126308672182,0.003113012167917638,0.002449411497392149,0.0037645696665695436
mlp_V0-fosls,123.93091946607596,0.003129153972859935,0.002451284338514492,0.0037592555152664753
mlp_V0-fosls,124.13057584543009,0.003146390949932761,0.0024383042814497195,0.0037539338411414908
mlp_V0-fosls,124.33023222478423,0.003156884248560069,0.002425254755613445,0.0037277934311748307
mlp_V0-fosls,124.52988860413835,0.0031333185004579034,0.0024197549280465433,0.0036610118511466883
mlp_V0-fosls,124.72954498349249,0.0031094892832577432,0.0024170478332178834,0.0036269879489278095
mlp_V0-fosls,124.92920136284661,0.0030944691198398775,0.0024143377030401113,0.0036322507587626617
mlp_V0-fosls,125.12885774220075,0.0030911927551763797,0.0024111822262074282,0.0036249845905826712
mlp_V0-fosls,125.32851412155487,0.00308791063097479,0.0024080222306383106,0.003617703828313162
mlp_V0-fosls,125.52817050090901,0.003087700721654403,0.0024058820129290175,0.003612495553729459
mlp_V0-fosls,125.72782688026314,0.0030887814216987225,0.002406550641222523,0.0036107099851027803
mlp_V0-fosls,125.92748325961728,0.0030898614952579897,0.002407219083798085,0.0036089235330395587
mlp_V0-fosls,126.1271396389714,0.0030922301426218003,0.002406233829053174,0.0036075412301076943
mlp_V0-fosls,126.32679601832554,0.0030946415891644295,0.002403809091255823,0.0036063814579935555
mlp_V0-fosls,126.52645239767966,0.0030966272233606575,0.0024013819051388707,0.0036052213127896198
mlp_V0-fosls,126.7261087770338,0.0030973462129452907,0.0024021016175811,0.0036081820463152365
mlp_V0-fosls,126.92576515638793,0.0030980643434476924,0.002403593273968986,0.0036115366845460633
mlp_V0-fosls,127.12542153574206,0.0030953968523400608,0.0024046907938462736,0.0036133645611777666
mlp_V0-fosls,127.32507791509619,0.0030894681807595204,0.002400677824031222,0.0036081858632359327
mlp_V0-fosls,127.52473429445033,0.003083520961207456,0.002396658134899833,0.003602999721806244
mlp_V0-fosls,127.72439067380445,0.0030823677897826706,0.00239436933901312,0.003601428500923197
mlp_V0-fosls,127.92404705315859,0.0030825022511098595,0.002395443786940561,0.003604349287348923
mlp_V0-fosls,128.1237034325127,0.0030826943691864878,0.002396517753153133,0.003607267708829423
mlp_V0-fosls,128.32335981186685,0.003083755528245196,0.002394339784512766,0.0036073010506416027
mlp_V0-fosls,128.52301619122096,0.003084814917746913,0.0023900519923831924,0.0036061777743477694
mlp_V0-fosls,128.7226725705751,0.0030847761629184964,0.002385756494047348,0.0036050541480593125
mlp_V0-fosls,128.92232894992924,0.0030827668365449776,0.0023848992055677774,0.003607011274060301
mlp_V0-fosls,129.12198532928338,0.0030807541605014643,0.0023845242549244243,0.003609027885772295
mlp_V0-fosls,129.32164170863751,0.0030809936749480243,0.002384789570391066,0.003609910445255383
mlp_V0-fosls,129.52129808799162,0.0030825834259660912,0.0023888036436472337,0.0036073450968383412
mlp_V0-fosls,129.72095446734576,0.0030841706003953313,0.0023928109830821565,0.003604777922785719
mlp_V0-fosls,129.9206108466999,0.003089440454031438,0.0023950768597436637,0.003612654794524803
mlp_V0-fosls,130.12026722605404,0.003095204109420065,0.0023948906569266387,0.003630310622226762
mlp_V0-fosls,130.31992360540815,0.003098838389730816,0.002394704439631214,0.0036478809963185286
mlp_V0-fosls,130.5195799847623,0.0030901156719559857,0.002394733898977652,0.003640979060170206
mlp_V0-fosls,130.71923636411643,0.003081367868317137,0.0023948633620963235,0.0036272350082653553
mlp_V0-fosls,130.91889274347056,0.0030732690829167247,0.0023949928182167702,0.00361405681239343
mlp_V0-fosls,131.11854912282467,0.003066332930761353,0.0023953178027074622,0.0036125890916101203
mlp_V0-fosls,131.3182055021788,0.003059372659052905,0.002395652889792949,0.003611120774279574
mlp_V0-fosls,131.51786188153295,0.0030584812223453917,0.0023963547009676497,0.0036105780192754308
mlp_V0-fosls,131.7175182608871,0.003060347619994753,0.0023983709159585494,0.003612025288355128
mlp_V0-fosls,131.9171746402412,0.003062211500704403,0.002400385437420821,0.003613471977774146
mlp_V0-fosls,132.11683101959534,0.003058828370964395,0.0024018731679948226,0.0036121119864449534
mlp_V0-fosls,132.31648739894948,0.0030551240980782493,0.002402804371820761,0.00360875635641871
mlp_V0-fosls,132.51614377830361,0.0030532782466987625,0.002403735214899602,0.003605397603228468
mlp_V0-fosls,132.71580015765772,0.0030578998874174783,0.002401465432432238,0.0036065689110845477
mlp_V0-fosls,132.91545653701186,0.0030625133331448388,0.0023981487984891603,0.0036085235998794844
mlp_V0-fosls,133.115112916366,0.003064457120522756,0.00239486189129747,0.003610081841602113
mlp_V0-fosls,133.31476929572014,0.0030637706518227103,0.0023930882866560086,0.0036087227484249704
mlp_V0-fosls,133.51442567507425,0.003063082706683733,0.0023913133665564384,0.003607363143202309
mlp_V0-fosls,133.7140820544284,0.003064928641275399,0.002392214662359499,0.00360555604243506
mlp_V0-fosls,133.91373843378253,0.0030674955444480274,0.0023996563228406297,0.0036030382047437673
mlp_V0-fosls,134.11339481313667,0.003069852865489899,0.0024070749769565243,0.003600518606332483
mlp_V0-fosls,134.31305119249078,0.003067036443285929,0.002408032880540883,0.0036016714119015566
mlp_V0-fosls,134.5127075718449,0.0030642171349437195,0.002403884428494085,0.0036047662610097734
mlp_V0-fosls,134.71236395119905,0.0030626652356678646,0.002399728804958312,0.003607858455333276
mlp_V0-fosls,134.9120203305532,0.003063907070577109,0.0023985496800816783,0.00360698949856405
mlp_V0-fosls,135.1116767099073,0.003065146824251369,0.002398002877176551,0.003605781489977879
mlp_V0-fosls,135.31133308926144,0.0030676204934052013,0.002397651345640607,0.0036041633650276813
mlp_V0-fosls,135.51098946861558,0.0030710822272303254,0.0023992060960294002,0.0036007802871142144
mlp_V0-fosls,135.71064584796972,0.003074540019452421,0.002400759839550191,0.0035973940276723916
mlp_V0-fosls,135.91030222732383,0.003077215628700335,0.002401141784714658,0.0035961132669200474
mlp_V0-fosls,136.10995860667796,0.0030797631545518176,0.0023994426388870517,0.0035973475517436233
mlp_V0-fosls,136.3096149860321,0.003082212014321826,0.002397742288970152,0.0035985814132173397
mlp_V0-fosls,136.50927136538624,0.0030841358381420696,0.0023966382766927143,0.003598981395830461
mlp_V0-fosls,136.70892774474035,0.0030860544268269496,0.0023958884571572124,0.003599063281008034
mlp_V0-fosls,136.9085841240945,0.003084881821258131,0.002395138402883998,0.003599145164322614
mlp_V0-fosls,137.10824050344863,0.0030782678695873084,0.0023938326705254744,0.00359847584042288
mlp_V0-fosls,137.30789688280277,0.003071625328077892,0.0023924614989173578,0.003597799614181871
mlp_V0-fosls,137.5075532621569,0.00307070519247257,0.0023910638239395257,0.0035975431602939317
mlp_V0-fosls,137.707209641511,0.00307307401015815,0.0023895343089280125,0.0035984936263828192
mlp_V0-fosls,137.90686602086515,0.0030754400421443362,0.0023880038142632524,0.0035994438414924455
mlp_V0-fosls,138.1065224002193,0.003073793067018918,0.002386688863718828,0.0035986441131191506
mlp_V0-fosls,138.30617877957343,0.003071759100390227,0.002385658217189576,0.0035962603320698803
mlp_V0-fosls,138.50583515892754,0.0030704888658718245,0.002384627125210317,0.003593874969883011
mlp_V0-fosls,138.70549153828168,0.003072530610862238,0.0023828798692496654,0.0035963889291413813
mlp_V0-fosls,138.90514791763582,0.00307457099992149,0.002380822907324927,0.0036001803752502663
mlp_V0-fosls,139.10480429698995,0.003074434169723277,0.0023787641667073534,0.0036031774968503577
mlp_V0-fosls,139.30446067634406,0.003071681800364663,0.0023794932322019763,0.003593874353021455
mlp_V0-fosls,139.5041170556982,0.00306892607861575,0.0023803189450547113,0.003584547064386509
mlp_V0-fosls,139.70377343505234,0.0030693940361327847,0.0023807083299933938,0.0035797716417691754
mlp_V0-fosls,139.90342981440648,0.003071066954029924,0.002379672114009719,0.003584359166134044
mlp_V0-fosls,140.1030861937606,0.0030727129958589383,0.002378635446614516,0.00358894082655085
mlp_V0-fosls,140.30274257311473,0.003071843543187381,0.002379751004486691,0.0035922460166801008
mlp_V0-fosls,140.50239895246887,0.0030709710060142044,0.0023829995929342852,0.003594686851892554
mlp_V0-fosls,140.702055331823,0.0030698048878498706,0.0023862437588173012,0.0035971260308730285
mlp_V0-fosls,140.90171171117711,0.003067951332413157,0.002386232063937962,0.0035934446964570573
mlp_V0-fosls,141.10136809053125,0.0030660940162242295,0.0023852463750794737,0.0035887839087879597
mlp_V0-fosls,141.3010244698854,0.0030662542692218844,0.002384261176350586,0.0035852693674988147
mlp_V0-fosls,141.50068084923953,0.0030680729367034585,0.0023832984298334543,0.003589432996085759
mlp_V0-fosls,141.70033722859364,0.0030698904620408583,0.0023823352942523726,0.003593591800587961
mlp_V0-fosls,141.89999360794778,0.003067783528477189,0.002381895678864295,0.0035948074446905016
mlp_V0-fosls,142.09964998730192,0.003064740377788897,0.0023826444531613936,0.003591575409858895
mlp_V0-fosls,142.29930636665605,0.0030620173641177704,0.0023833929922211974,0.003588340463919767
mlp_V0-fosls,142.49896274601016,0.0030634559703838805,0.002379872207151508,0.003584041020637723
mlp_V0-fosls,142.6986191253643,0.0030648937606853493,0.0023731670608733153,0.003579203368916041
mlp_V0-fosls,142.89827550471844,0.003064811225214911,0.002366442916120308,0.0035743591697681956
mlp_V0-fosls,143.09793188407258,0.003061756477429126,0.0023657154521063727,0.0035751276070357853
mlp_V0-fosls,143.2975882634267,0.0030586985997933134,0.0023661162032432665,0.003576296023221767
mlp_V0-fosls,143.49724464278083,0.003058519428705437,0.002366885258076972,0.003577465454303286
mlp_V0-fosls,143.69690102213497,0.003060217839998194,0.0023706466540484097,0.0035786400450814053
mlp_V0-fosls,143.8965574014891,0.003061915207023924,0.0023744020914326504,0.003579814250458683
mlp_V0-fosls,144.09621378084321,0.003060517912814442,0.0023763996947114637,0.003579539305627318
mlp_V0-fosls,144.29587016019735,0.0030586801935315964,0.0023754991733060146,0.0035776246594055807
mlp_V0-fosls,144.4955265395515,0.0030574313234987757,0.0023745983103949137,0.003575708987969084
mlp_V0-fosls,144.69518291890563,0.003059388314420163,0.0023730074853125374,0.003576942207410311
mlp_V0-fosls,144.89483929825974,0.0030613396155166656,0.0023710354204688052,0.003579299698699202
mlp_V0-fosls,145.09449567761388,0.0030621572014535537,0.0023690617140306905,0.003581646559691848
mlp_V0-fosls,145.29415205696802,0.0030617320920388385,0.002372712016378109,0.0035819692662296364
mlp_V0-fosls,145.49380843632215,0.0030612801428219127,0.0023768954210459567,0.0035822919436967874
mlp_V0-fosls,145.69346481567626,0.003060684611548758,0.0023798502739050204,0.0035827215369433757
mlp_V0-fosls,145.8931211950304,0.0030598320811715115,0.0023772359033462365,0.0035834364915359727
mlp_V0-fosls,146.09277757438454,0.0030589780360376316,0.002374618654460331,0.0035841513035118054
mlp_V0-fosls,146.29243395373868,0.0030592797023812333,0.002373657034843343,0.0035831385737751446
mlp_V0-fosls,146.4920903330928,0.003059678034565173,0.0023747390140892734,0.00358065431480889
mlp_V0-fosls,146.69174671244693,0.00306004240771439,0.0023758205005879754,0.003578168331066002
mlp_V0-fosls,146.89140309180107,0.003060211036190602,0.0023764706723915533,0.0035801457489604595
mlp_V0-fosls,147.0910594711552,0.003060379542463461,0.0023769497354206096,0.003583236216314365
mlp_V0-fosls,147.29071585050932,0.0030614554116259796,0.0023774287019162213,0.0035861695716257616
mlp_V0-fosls,147.49037222986345,0.003063447520973205,0.0023780147864323753,0.003586978497863582
mlp_V0-fosls,147.6900286092176,0.003065437610745101,0.0023786024183432225,0.0035877872417155476
mlp_V0-fosls,147.88968498857173,0.0030662157410598517,0.002378865080065522,0.003586594284921347
mlp_V0-fosls,148.08934136792584,0.0030666742753996125,0.00237816529576849,0.003581421075892524
mlp_V0-fosls,148.28899774727998,0.0030671813614422056,0.0023774653054966155,0.003576240383568176
mlp_V0-fosls,148.48865412663412,0.003065447896856075,0.002377956033410304,0.003575630879264247
mlp_V0-fosls,148.68831050598826,0.003063698705556555,0.0023795453200982654,0.0035780495996098893
mlp_V0-fosls,148.88796688534237,0.003062163273111702,0.0023811335460176618,0.003580466686032557
mlp_V0-fosls,149.0876232646965,0.003061445395074288,0.0023803306112524757,0.0035813822375252587
mlp_V0-fosls,149.28727964405064,0.00306072734850765,0.0023788812692816987,0.003582071583633194
mlp_V0-fosls,149.48693602340478,0.003059659287870629,0.002377536014732907,0.0035822929051205718
mlp_V0-fosls,149.6865924027589,0.003058275303542402,0.0023780075474717686,0.003579541313787956
mlp_V0-fosls,149.88624878211303,0.0030568890888244176,0.0023784789867294085,0.0035767876056808884
mlp_V0-fosls,150.08590516146717,0.003059253564820564,0.0023785486504681983,0.003576973154598442
mlp_V0-fosls,150.2855615408213,0.003062376499980144,0.0023777768070883006,0.0035814964611620144
mlp_V0-fosls,150.48521792017542,0.0030649718933512685,0.0023770047130811456,0.0035860140621467355
mlp_V0-fosls,150.68487429952955,0.00306359950668664,0.0023763557380603946,0.0035833036677492803
mlp_V0-fosls,150.8845306788837,0.0030622225434970398,0.0023757920932643917,0.0035768961310745683
mlp_V0-fosls,151.08418705823783,0.003061574261924972,0.0023752283147147426,0.0035704770955275688
mlp_V0-fosls,151.28384343759194,0.003062058877276631,0.0023773828414001327,0.00357252259225624
mlp_V0-fosls,151.48349981694608,0.0030625428658992227,0.0023799871813143057,0.0035752113538164796
mlp_V0-fosls,151.68315619630022,0.0030619302544716695,0.0023818302374558342,0.0035769718120862485
mlp_V0-fosls,151.88281257565436,0.0030607089485429682,0.0023783866986656064,0.003574935389469592
mlp_V0-fosls,152.08246895500847,0.0030594868782762266,0.0023749381669256253,0.003572897806165834
mlp_V0-fosls,152.2821253343626,0.0030568534771852336,0.0023730153378950405,0.003571398174675452
mlp_V0-fosls,152.48178171371674,0.00305405540631604,0.0023734539401060965,0.003570524757547545
mlp_V0-fosls,152.68143809307088,0.00305211390448227,0.0023738924612806693,0.0035696511267131917
mlp_V0-fosls,152.881094472425,0.003053985207885728,0.0023742177603260934,0.003570732222934738
mlp_V0-fosls,153.08075085177913,0.0030567463104788904,0.002374484855539067,0.0035725394253828375
mlp_V0-fosls,153.28040723113327,0.0030563848788918322,0.00237475192071107,0.0035743457141027947
mlp_V0-fosls,153.4800636104874,0.0030553897313290975,0.0023756239551086153,0.0035781121047486083
mlp_V0-fosls,153.67971998984152,0.0030543924832683337,0.002376542276730672,0.0035818820704742677
mlp_V0-fosls,153.87937636919565,0.0030538779598633615,0.0023776151485141424,0.0035827477548742693
mlp_V0-fosls,154.0790327485498,0.0030535072927472488,0.0023793225436822486,0.003575406443187156
mlp_V0-fosls,154.27868912790393,0.003053136745314709,0.002381028714506653,0.0035680500266829
mlp_V0-fosls,154.47834550725807,0.003051888146809857,0.002383204155933909,0.0035665003761742066
mlp_V0-fosls,154.67800188661218,0.0030506125180205096,0.002385921144619438,0.003570125237145818
mlp_V0-fosls,154.87765826596632,0.0030491611948702457,0.0023886350428275155,0.0035737464214127186
mlp_V0-fosls,155.07731464532046,0.0030473297284813643,0.002391495331231299,0.0035746468523089416
mlp_V0-fosls,155.2769710246746,0.0030454970865538816,0.0023944068614838608,0.003574852368351863
mlp_V0-fosls,155.4766274040287,0.003044194285952026,0.002397314855696031,0.003575112491915018
mlp_V0-fosls,155.67628378338284,0.0030433389454358317,0.0023902259726835923,0.0035761764661455947
mlp_V0-fosls,155.87594016273698,0.00304248317911378,0.0023831059204972582,0.003577240123919609
mlp_V0-fosls,156.07559654209112,0.0030395053364960893,0.002377809870500437,0.0035774440838477954
mlp_V0-fosls,156.27525292144523,0.0030360011159212665,0.002377585242983521,0.0035759123332202167
mlp_V0-fosls,156.47490930079937,0.0030329303678355646,0.0023773605942424285,0.0035743799261823456
mlp_V0-fosls,156.6745656801535,0.0030355769952323695,0.0023792300735171242,0.0035729002898640407
mlp_V0-fosls,156.87422205950764,0.0030382211616632815,0.0023829208732606107,0.003571455964003808
mlp_V0-fosls,157.07387843886175,0.0030400532808275674,0.0023866059653227054,0.003570011053810085
mlp_V0-fosls,157.2735348182159,0.0030402312649235068,0.002384783208708275,0.0035678910006346045
mlp_V0-fosls,157.47319119757003,0.0030407064490241883,0.002381595454707851,0.003565665060742224
mlp_V0-fosls,157.67284757692417,0.003039948063542507,0.0023786090601035917,0.0035636947762795446
mlp_V0-fosls,157.87250395627828,0.0030391302964432694,0.0023783638485785933,0.003563386242894116
mlp_V0-fosls,158.07216033563242,0.003038312188846345,0.0023781186117694517,0.003563077682792219
mlp_V0-fosls,158.27181671498656,0.003037994729340147,0.0023782712602484334,0.0035639283356019252
mlp_V0-fosls,158.4714730943407,0.0030377131376572476,0.0023792055491495714,0.003566504694153255
mlp_V0-fosls,158.6711294736948,0.003038495868393036,0.0023801394713093083,0.003569079192947124
mlp_V0-fosls,158.87078585304894,0.0030391935287659077,0.0023789132691357674,0.0035736792603645283
mlp_V0-fosls,159.07044223240308,0.003040730580924368,0.0023762758467494893,0.003579273550245006
mlp_V0-fosls,159.27009861175722,0.0030405894987502965,0.0023736354938405733,0.003584859110063799
mlp_V0-fosls,159.46975499111133,0.00303799432873324,0.0023768680317239332,0.00358399486584626
mlp_V0-fosls,159.66941137046547,0.0030384680833317407,0.002380948702160536,0.0035826971536822073
mlp_V0-fosls,159.8690677498196,0.0030383180251976607,0.0023845158562504428,0.0035809271146780867
mlp_V0-fosls,160.06872412917375,0.003036983335146717,0.002384970052954509,0.0035773207800535653
mlp_V0-fosls,160.26838050852785,0.0030373978769305462,0.00238542416317725,0.0035737108061746374
mlp_V0-fosls,160.468036887882,0.0030377400104295016,0.0023843855157622577,0.0035717240881443504
mlp_V0-fosls,160.66769326723613,0.003038072751344839,0.0023810405700402486,0.003571554245839177
mlp_V0-fosls,160.86734964659027,0.0030384528215113937,0.0023776909186389926,0.003571384395456909
mlp_V0-fosls,161.06700602594438,0.003041253790081487,0.002373946139364964,0.003571624410243749
mlp_V0-fosls,161.26666240529852,0.0030448423469714905,0.002369994822914444,0.0035720079696928697
mlp_V0-fosls,161.46631878465266,0.0030464029288577105,0.002366036907716512,0.003572369243447863
mlp_V0-fosls,161.6659751640068,0.0030458351915497667,0.002370384679484762,0.003569626044569849
mlp_V0-fosls,161.8656315433609,0.0030452670401122433,0.002375362267818717,0.003566880735966723
mlp_V0-fosls,162.06528792271504,0.0030425485757985355,0.002378804051672227,0.0035648616516324202
mlp_V0-fosls,162.26494430206918,0.003040620840978573,0.0023759897445888765,0.0035647592870893742
mlp_V0-fosls,162.46460068142332,0.0030398255627026288,0.002373172100065822,0.003564656919606775
mlp_V0-fosls,162.66425706077743,0.0030427051678415685,0.002371290704660369,0.003564088976605563
mlp_V0-fosls,162.86391344013157,0.003045641470354083,0.002370497092678238,0.0035631280240381283
mlp_V0-fosls,163.0635698194857,0.0030478136376883725,0.0023697032149160124,0.0035621668122380826
mlp_V0-fosls,163.26322619883985,0.0030456537091399145,0.0023693530593299258,0.0035632736552746354
mlp_V0-fosls,163.46288257819396,0.0030434906342914677,0.0023691670805258314,0.0035648661952242325
mlp_V0-fosls,163.6625389575481,0.0030420630477497315,0.002368981087121318,0.0035660736762277295
mlp_V0-fosls,163.86219533690223,0.003042867163222891,0.0023687526237426777,0.0035626933100758123
mlp_V0-fosls,164.06185171625637,0.0030436696446374256,0.0023685239954120405,0.0035593097335064193
mlp_V0-fosls,164.26150809561048,0.0030434635758671627,0.002368880960386986,0.0035577551015536966
mlp_V0-fosls,164.46116447496462,0.003042699360620722,0.002370871727462592,0.0035596740015475326
mlp_V0-fosls,164.66082085431876,0.0030420114186043177,0.0023728608243381954,0.0035615918676843773
mlp_V0-fosls,164.8604772336729,0.003039702728424044,0.0023737720729979455,0.00356248240718944
mlp_V0-fosls,165.060133613027,0.003036927346578769,0.0023737339913855126,0.00356272386551058
mlp_V0-fosls,165.25978999238114,0.0030363509137703608,0.0023736959091621304,0.0035629653074683502
mlp_V0-fosls,165.45944637173528,0.003037758263626617,0.0023720416147550976,0.0035639342056652677
mlp_V0-fosls,165.65910275108942,0.0030391648866102353,0.002369981160517607,0.0035650073949349903
mlp_V0-fosls,165.85875913044353,0.0030386810582942216,0.0023679300831290144,0.0035656747877474975
mlp_V0-fosls,166.05841550979767,0.0030371482484315483,0.002366032538885955,0.003563867849157701
mlp_V0-fosls,166.2580718891518,0.0030356145923579763,0.002364133471601562,0.0035620599939559855
mlp_V0-fosls,166.45772826850595,0.00303605050095545,0.0023622857707414815,0.0035619317674484103
mlp_V0-fosls,166.65738464786006,0.003036391162880612,0.0023605416574622993,0.0035642402900838083
mlp_V0-fosls,166.8570410272142,0.0030368203657890323,0.0023587962545718196,0.003566547318479774
mlp_V0-fosls,167.05669740656833,0.0030400885658547227,0.002359300494018146,0.003564909843085194
mlp_V0-fosls,167.25635378592247,0.0030436289013787334,0.0023612840178568505,0.0035613741106228004
mlp_V0-fosls,167.45601016527658,0.003045349184815303,0.0023632658768953847,0.0035578348643947742
mlp_V0-fosls,167.65566654463072,0.003042173531376071,0.0023670302883022874,0.0035565046739227863
mlp_V0-fosls,167.85532292398486,0.0030410744838146554,0.002371054342303126,0.0035553087004509946
mlp_V0-fosls,168.054979303339,0.003042710386605507,0.0023744623515356777,0.0035541885521741074
mlp_V0-fosls,168.2546356826931,0.0030443676389561723,0.0023740689910334433,0.0035533542944530773
mlp_V0-fosls,168.45429206204724,0.0030460049150503373,0.002373675565344338,0.0035525198408187363
mlp_V0-fosls,168.65394844140138,0.003044989289680609,0.002372893976053842,0.0035530795461407956
mlp_V0-fosls,168.85360482075552,0.003043991387792963,0.0023715432477923746,0.0035551640660021573
mlp_V0-fosls,169.05326120010963,0.0030431038670108903,0.002370191749776081,0.0035572473643509664
mlp_V0-fosls,169.25291757946377,0.003042311045839014,0.0023686956619311844,0.003558575279063508
mlp_V0-fosls,169.4525739588179,0.003041517672600978,0.0023671288755409887,0.003559645889317339
mlp_V0-fosls,169.65223033817205,0.003041479286163477,0.002365561051418517,0.003560684267310891
mlp_V0-fosls,169.85188671752616,0.00304208412555213,0.0023666033887357885,0.003559463824788381
mlp_V0-fosls,170.0515430968803,0.003042687758432093,0.002367809642709942,0.003558242963666051
mlp_V0-fosls,170.25119947623443,0.0030409389338463093,0.0023688796930569633,0.0035568931997096024
mlp_V0-fosls,170.45085585558857,0.0030386225798181617,0.0023694320477071575,0.0035552136305305646
mlp_V0-fosls,170.65051223494268,0.0030364930675157572,0.0023699842736241545,0.003553533267507176
mlp_V0-fosls,170.85016861429682,0.0030366326192578777,0.0023694612497758127,0.0035533612213336967
mlp_V0-fosls,171.04982499365096,0.0030368729204395565,0.0023677492862048343,0.003554431205241111
mlp_V0-fosls,171.2494813730051,0.003037500822514012,0.002366036083929797,0.003555500867150147
mlp_V0-fosls,171.44913775235923,0.0030378775478413795,0.0023653017417530156,0.003557264753000658
mlp_V0-fosls,171.64879413171334,0.0030386766371030146,0.0023649070503712097,0.00355918367465617
mlp_V0-fosls,171.84845051106748,0.0030383408590311835,0.0023645579749613506,0.0035608469429018372
mlp_V0-fosls,172.04810689042162,0.003037204824359997,0.002368683877097068,0.003559747960752807
mlp_V0-fosls,172.24776326977576,0.0030361371828540634,0.0023728026049981217,0.0035586486392160405
mlp_V0-fosls,172.44741964912987,0.00303677760756268,0.0023749599174314314,0.003557913834081068
mlp_V0-fosls,172.647076028484,0.0030377666955295366,0.00237201764610939,0.003557849881012212
mlp_V0-fosls,172.84673240783815,0.003038839656217173,0.002369071720632947,0.0035577859267937667
mlp_V0-fosls,173.04638878719229,0.003039799207535445,0.0023663649864780634,0.0035557818020807283
mlp_V0-fosls,173.2460451665464,0.003040666290135321,0.002363858577837222,0.0035525872630906815
mlp_V0-fosls,173.44570154590053,0.003041141299064025,0.002361349508819036,0.0035493898489373918
mlp_V0-fosls,173.64535792525467,0.0030404986765938833,0.0023621875341520177,0.0035533359171485757
mlp_V0-fosls,173.8450143046088,0.003039855740030379,0.0023638003766252033,0.0035581817002407123
mlp_V0-fosls,174.04467068396292,0.0030380077525473123,0.0023652979165075453,0.003561545567981955
mlp_V0-fosls,174.24432706331706,0.003035822031448699,0.002365468620576051,0.0035568873238149504
mlp_V0-fosls,174.4439834426712,0.003033633927899614,0.002365639312326584,0.0035522229710167478
mlp_V0-fosls,174.64363982202534,0.003033464344928939,0.0023651631332845557,0.0035507222137463163
mlp_V0-fosls,174.84329620137945,0.0030332978511941966,0.0023634691637465072,0.0035535405920817786
mlp_V0-fosls,175.04295258073358,0.0030330077982114764,0.002361773979218336,0.0035563567368803567
mlp_V0-fosls,175.24260896008772,0.0030331764918330867,0.0023623428094081906,0.0035556462953733026
mlp_V0-fosls,175.44226533944186,0.0030333688623800665,0.002364330532770288,0.0035533577191639337
mlp_V0-fosls,175.64192171879597,0.003033260981059394,0.0023663165864307094,0.0035510676680235113
mlp_V0-fosls,175.8415780981501,0.003032894076839401,0.0023672011906220587,0.003552027082333055
mlp_V0-fosls,176.04123447750425,0.0030335826785276854,0.002367938680353386,0.003553126483680023
mlp_V0-fosls,176.24089085685839,0.003034203354513535,0.0023685079206395613,0.0035540627808990036
mlp_V0-fosls,176.4405472362125,0.003035077953437556,0.002368121529814419,0.003554441386932164
mlp_V0-fosls,176.64020361556663,0.003035901909245395,0.002367735075934136,0.0035548199526418962
mlp_V0-fosls,176.83985999492077,0.0030352327504606182,0.0023676279317316868,0.0035544106048392
mlp_V0-fosls,177.0395163742749,0.0030343934419840507,0.002367912331518341,0.003553190944148204
mlp_V0-fosls,177.23917275362902,0.0030334666601608143,0.0023681966971510586,0.003551970864655317
mlp_V0-fosls,177.43882913298316,0.0030314452090040357,0.002368665932333637,0.003552189160847913
mlp_V0-fosls,177.6384855123373,0.003029422341547077,0.0023692207094980593,0.0035528618117381134
mlp_V0-fosls,177.83814189169144,0.0030290609527556375,0.0023697753567861655,0.003553499856164392
mlp_V0-fosls,178.03779827104555,0.0030313084410785187,0.0023693397919085355,0.0035528956868664265
mlp_V0-fosls,178.23745465039968,0.0030335531935311052,0.002368852831972472,0.003552291414812101
mlp_V0-fosls,178.43711102975382,0.0030348395631004522,0.002369254344660836,0.003552312548101796
mlp_V0-fosls,178.63676740910796,0.0030346590522787853,0.0023728345505384116,0.0035538280267918385
mlp_V0-fosls,178.83642378846207,0.0030342209593959913,0.002376409362623242,0.003555342859503267
mlp_V0-fosls,179.0360801678162,0.0030328981956535767,0.002378110317863122,0.0035546700105112553
mlp_V0-fosls,179.23573654717035,0.0030317784444082044,0.002377828646719383,0.003552290225377722
mlp_V0-fosls,179.4353929265245,0.003030625824161793,0.0023775469422056906,0.003549908844886039
mlp_V0-fosls,179.6350493058786,0.0030300558995316174,0.002378142946089438,0.003549980601670795
mlp_V0-fosls,179.83470568523273,0.0030294854754172847,0.0023790260110198827,0.003550556324677101
mlp_V0-fosls,180.03436206458687,0.0030296035304034183,0.002379800627528151,0.0035508862226051098
mlp_V0-fosls,180.234018443941,0.003029545696445415,0.002375454832418484,0.0035489240958747606
mlp_V0-fosls,180.43367482329512,0.0030294869663933504,0.0023711010722736554,0.0035469608837248533
mlp_V0-fosls,180.63333120264926,0.003027908359720401,0.0023683113514317545,0.003546237179090697
mlp_V0-fosls,180.8329875820034,0.0030265137620923074,0.0023694104947925114,0.0035476802834792007
mlp_V0-fosls,181.03264396135754,0.0030256846621073163,0.002370509128509166,0.0035491228010888806
mlp_V0-fosls,181.23230034071165,0.0030276310223596456,0.002370767697064267,0.0035502359902358734
mlp_V0-fosls,181.43195672006578,0.0030296439531013984,0.002370355539900341,0.0035511560242143295
mlp_V0-fosls,181.63161309941992,0.003031177272147031,0.0023699433110581066,0.0035520758198919903
mlp_V0-fosls,181.83126947877406,0.0030316754758419415,0.002369689160048461,0.003551469528360052
mlp_V0-fosls,182.03092585812817,0.003032173443217159,0.002369468902119945,0.0035506896732553504
mlp_V0-fosls,182.2305822374823,0.00303275727291102,0.00236907900237837,0.003550131682609488
mlp_V0-fosls,182.43023861683645,0.0030335828347131076,0.0023669939587342924,0.003550695562170751
mlp_V0-fosls,182.6298949961906,0.003034393427548146,0.0023649070767916397,0.003551259352197535
mlp_V0-fosls,182.8295513755447,0.0030328323099945015,0.002363483405325337,0.003551076896116507
mlp_V0-fosls,183.02920775489883,0.0030308919711639504,0.002363246330648686,0.0035499129042121974
mlp_V0-fosls,183.22886413425297,0.003029221197881243,0.002363009232186938,0.0035487485305177803
mlp_V0-fosls,183.4285205136071,0.0030293667706662464,0.002363653117991921,0.003548953453913907
mlp_V0-fosls,183.62817689296122,0.0030295538427856073,0.0023648212612599456,0.0035497451664662106
mlp_V0-fosls,183.82783327231536,0.0030298730879434804,0.0023659888277887597,0.003550536702479359
mlp_V0-fosls,184.0274896516695,0.0030301133033120834,0.0023668908659899355,0.003551520729698367
mlp_V0-fosls,184.22714603102364,0.0030303534769306234,0.0023677614741822255,0.0035525109137444764
mlp_V0-fosls,184.42680241037775,0.0030312674839865364,0.00236851420992948,0.003553215203342285
mlp_V0-fosls,184.62645878973188,0.0030327027322091553,0.0023686620493650005,0.0035529872441305236
mlp_V0-fosls,184.82611516908602,0.003034006414622467,0.0023688098795737367,0.0035527592702919893
mlp_V0-fosls,185.02577154844016,0.0030327064059633927,0.002369517597093903,0.003552024307109703
mlp_V0-fosls,185.22542792779427,0.003031044186513279,0.002370989634338853,0.003550784957714082
mlp_V0-fosls,185.4250843071484,0.0030299323212815534,0.0023724607582311904,0.0035495451755906734
mlp_V0-fosls,185.62474068650255,0.00303068723880135,0.0023715245100350267,0.0035507491864957366
mlp_V0-fosls,185.8243970658567,0.0030314419648620004,0.002369507963069616,0.003552687756972964
mlp_V0-fosls,186.0240534452108,0.0030313861914098646,0.002367489698478912,0.0035544423045765425
mlp_V0-fosls,186.22370982456493,0.003030685524406663,0.00236704888576357,0.003551351451857466
mlp_V0-fosls,186.42336620391907,0.0030299845219016537,0.0023666763769462987,0.003548257906727872
mlp_V0-fosls,186.6230225832732,0.0030284690570047783,0.0023659134213945216,0.003546037165942853
mlp_V0-fosls,186.82267896262732,0.003026720289084583,0.002363811605624481,0.0035458217005541444
mlp_V0-fosls,187.02233534198146,0.003025279146079407,0.0023617079193319485,0.0035456062220716716
mlp_V0-fosls,187.2219917213356,0.0030254976324749147,0.0023617195683566677,0.003546151929502964
mlp_V0-fosls,187.42164810068974,0.0030257144197924765,0.0023639010861908312,0.0035472686710981177
mlp_V0-fosls,187.62130448004385,0.0030253707713541415,0.0023660805926742174,0.0035483850612343095
mlp_V0-fosls,187.82096085939799,0.003024505140121354,0.002367022220966467,0.0035499790191146764
mlp_V0-fosls,188.02061723875212,0.0030236390660643006,0.0023675760302300226,0.0035516641289806703
mlp_V0-fosls,188.22027361810626,0.00302292237091262,0.0023680513935232885,0.0035531194092825666
mlp_V0-fosls,188.4199299974604,0.003021925304662145,0.0023659111376471077,0.003552643564788605
mlp_V0-fosls,188.6195863768145,0.0030209277757979386,0.0023637689438939834,0.003552167656551036
mlp_V0-fosls,188.81924275616865,0.0030220265893157504,0.002361905733577453,0.003550866376669166
mlp_V0-fosls,189.0188991355228,0.003024112615850883,0.002360705894381822,0.0035481790247001974
mlp_V0-fosls,189.21855551487693,0.0030262070103345127,0.002359505445052439,0.0035454896358169314
mlp_V0-fosls,189.41821189423104,0.0030259181439117365,0.002359011656987255,0.0035457134940075036
mlp_V0-fosls,189.61786827358517,0.0030253940263984466,0.0023590624447348617,0.0035475709399796856
mlp_V0-fosls,189.8175246529393,0.0030246961146792803,0.0023591132313890936,0.003549427413934507
mlp_V0-fosls,190.01718103229345,0.003024064974626881,0.002358541894670015,0.003548710846734237
mlp_V0-fosls,190.21683741164756,0.0030234337025897644,0.0023578448517994717,0.003547735846840038
mlp_V0-fosls,190.4164937910017,0.0030233812678658557,0.0023569844108353908,0.00354738743424075
mlp_V0-fosls,190.61615017035584,0.0030236232942068594,0.0023546525079559386,0.0035499729221059027
mlp_V0-fosls,190.81580654970998,0.0030238895378913878,0.0023523182934129744,0.003552556528299173
mlp_V0-fosls,191.01546292906409,0.0030248884295369684,0.0023513883155884294,0.0035544009351845735
mlp_V0-fosls,191.21511930841822,0.003025990190713276,0.0023529277282980897,0.003555321161367193
mlp_V0-fosls,191.41477568777236,0.0030265304610921856,0.002354466134498907,0.003556241149428672
mlp_V0-fosls,191.6144320671265,0.003025121421446443,0.0023553022715385005,0.0035545634406142245
mlp_V0-fosls,191.8140884464806,0.003023700809913497,0.0023557266834542223,0.003551827971402267
mlp_V0-fosls,192.01374482583475,0.003022525030554964,0.00235615101892091,0.0035490903938220353
mlp_V0-fosls,192.2134012051889,0.0030217530740840413,0.0023568723869942265,0.0035503018613641025
mlp_V0-fosls,192.41305758454303,0.0030209807084998234,0.0023576270265138768,0.0035516013499710002
mlp_V0-fosls,192.61271396389714,0.003021889258272862,0.0023581553210517883,0.003552311311167678
mlp_V0-fosls,192.81237034325127,0.00302326818908484,0.002357553876446529,0.0035512135918804462
mlp_V0-fosls,193.0120267226054,0.0030245391490313473,0.0023569522783652734,0.0035501155331711417
mlp_V0-fosls,193.21168310195955,0.003024142672866638,0.002357004223159805,0.003549928183540302
mlp_V0-fosls,193.41133948131366,0.003023499276704497,0.0023579065835705707,0.003550603051839804
mlp_V0-fosls,193.6109958606678,0.003022888721025572,0.0023588085987840818,0.0035512777918904784
mlp_V0-fosls,193.81065224002194,0.0030228938912268757,0.002357749075598788,0.003551871578205675
mlp_V0-fosls,194.01030861937608,0.0030228990614037323,0.0023558548569252162,0.003552442555902928
mlp_V0-fosls,194.2099649987302,0.0030228416129326747,0.002353959113984209,0.003553038945079943
mlp_V0-fosls,194.40962137808432,0.0030226263452484293,0.0023545941075814023,0.0035541318483313525
mlp_V0-fosls,194.60927775743846,0.003022411036053019,0.0023553088871523294,0.0035552244156159363
mlp_V0-fosls,194.8089341367926,0.0030218833194310926,0.002355654471054855,0.0035557820056656333
mlp_V0-fosls,195.0085905161467,0.003021216624169431,0.002354808330835885,0.0035551044344020737
mlp_V0-fosls,195.20824689550085,0.0030207380542299255,0.0023539618864687347,0.0035544267339748417
mlp_V0-fosls,195.407903274855,0.0030218555809239903,0.0023536464161716983,0.003553673942907386
mlp_V0-fosls,195.60755965420913,0.0030231095917542415,0.00235385367497162,0.003552864241316474
mlp_V0-fosls,195.80721603356324,0.00302383747610073,0.002354060915523837,0.003552054355151627
mlp_V0-fosls,196.00687241291737,0.0030235592560448592,0.002355113091399702,0.0035523641640207225
mlp_V0-fosls,196.2065287922715,0.0030232810097640716,0.0023564151016595898,0.003552891988369729
mlp_V0-fosls,196.40618517162565,0.003023260082888165,0.002357646900525945,0.003553383245655971
mlp_V0-fosls,196.60584155097976,0.003023599146480583,0.002357148289138623,0.0035535621872453595
mlp_V0-fosls,196.8054979303339,0.0030239059670303043,0.00235664957225691,0.003553741119824499
mlp_V0-fosls,197.00515430968804,0.003022695989645338,0.0023562544410327866,0.003553322816750715
mlp_V0-fosls,197.20481068904218,0.003021519937416892,0.002356093692986432,0.0035518988900471254
mlp_V0-fosls,197.4044670683963,0.0030209668618400294,0.002355932933972052,0.003550474392274189
mlp_V0-fosls,197.60412344775042,0.003020758665836735,0.002355400211235905,0.0035499433235793836
mlp_V0-fosls,197.80377982710456,0.003020471939704572,0.00235459188260749,0.0035499135020254004
mlp_V0-fosls,198.0034362064587,0.0030201487557355924,0.002353783276385492,0.0035498836802208954
mlp_V0-fosls,198.2030925858128,0.0030198814006579706,0.002354608373988646,0.0035503704137894543
mlp_V0-fosls,198.40274896516695,0.003019613749175264,0.00235574074960151,0.00355090895674879
mlp_V0-fosls,198.6024053445211,0.0030190954761963778,0.0023565883374784334,0.0035514684935126412
mlp_V0-fosls,198.80206172387523,0.0030188640044240206,0.0023551101122275056,0.0035521262988194393
mlp_V0-fosls,199.00171810322934,0.0030187112932600424,0.0023536309585602292,0.003552783982332226
mlp_V0-fosls,199.20137448258347,0.0030198489663796693,0.0023525476418795187,0.003553056521241631
mlp_V0-fosls,199.4010308619376,0.003021188179885433,0.0023521206395107396,0.0035528359633767493
mlp_V0-fosls,199.60068724129175,0.0030222913146473298,0.002351693559610167,0.0035526153918189213
mlp_V0-fosls,199.80034362064586,0.003022087950841677,0.0023520611193770624,0.0035520025530026665
mlp_V0-fosls,200.0,0.003021884541943026,0.0023528665375292463,0.003551227440641696
