plot-name,time,median,low,high
mlp-fosls,0.5518381595611572,3.226797002927861,2.973583102006496,3.895938661072872
mlp-fosls,0.7514859692112461,3.0286113051315624,2.8323726061122168,3.513108482966894
mlp-fosls,0.9511337788613351,2.8192630398734386,2.6833261505524786,3.0796018311181137
mlp-fosls,1.150781588511424,2.6188087461349374,2.5660685103578413,2.6867772740032962
mlp-fosls,1.350429398161513,2.6098297359452625,2.551980276433824,2.6631429294109052
mlp-fosls,1.5500772078116019,2.5998558064921067,2.5270114092546585,2.6392969527588233
mlp-fosls,1.749725017461691,2.5945525383721804,2.524475818256605,2.615093609002498
mlp-fosls,1.9493728271117798,2.583644490462323,2.5483960000876986,2.621768795346414
mlp-fosls,2.1490206367618687,2.5763420887789206,2.550746687820806,2.640110094697608
mlp-fosls,2.3486684464119576,2.5713964186633707,2.557835337747712,2.6331541777688945
mlp-fosls,2.5483162560620465,2.5718770125285535,2.559426757966403,2.6145816893760325
mlp-fosls,2.7479640657121354,2.5806184632413265,2.547534901680555,2.6312279712330375
mlp-fosls,2.9476118753622247,2.578498491487503,2.549830829554049,2.633486019048586
mlp-fosls,3.1472596850123136,2.58094384413006,2.5505658450698796,2.6318403552299365
mlp-fosls,3.3469074946624024,2.5789633900733335,2.5387089223550907,2.6294538170916715
mlp-fosls,3.5465553043124913,2.573255068604151,2.544642475462172,2.621259668299317
mlp-fosls,3.74620311396258,2.5534110188792924,2.5343335448956315,2.6130398238617274
mlp-fosls,3.945850923612669,2.556457033798913,2.524901291230813,2.6016318604476676
mlp-fosls,4.145498733262758,2.5655181816817145,2.544268212292585,2.5840854139606404
mlp-fosls,4.345146542912847,2.5693672199048745,2.51374571719233,2.6165857664148593
mlp-fosls,4.544794352562936,2.568953314542436,2.5202083505880637,2.6176810766404386
mlp-fosls,4.744442162213025,2.567236921137134,2.5491685256464183,2.596344534546646
mlp-fosls,4.9440899718631135,2.569501413698097,2.530254479098798,2.5860971885555037
mlp-fosls,5.143737781513202,2.5525663346923,2.5295113604150976,2.5948821723194944
mlp-fosls,5.343385591163292,2.5501811080597716,2.5124590089103958,2.605346290915028
mlp-fosls,5.543033400813381,2.557665827597388,2.4731606224717138,2.6146517670035596
mlp-fosls,5.74268121046347,2.5557328933060903,2.4716277064135115,2.6070954588793924
mlp-fosls,5.942329020113559,2.5589203172630537,2.4352755328828204,2.5995171860798045
mlp-fosls,6.141976829763648,2.5626061400087767,2.401740851778316,2.5985824768092525
mlp-fosls,6.3416246394137366,2.5433549856348474,2.3756765975934733,2.59179800154918
mlp-fosls,6.541272449063825,2.519828733703015,2.3493231947958484,2.603947054130404
mlp-fosls,6.740920258713914,2.514692994326281,2.3111796054271925,2.6021250944454817
mlp-fosls,6.940568068364003,2.4993056717382163,2.261997463388461,2.5874534752635943
mlp-fosls,7.140215878014092,2.4890950418499846,2.2117219265108963,2.6020322624501544
mlp-fosls,7.339863687664181,2.4810279170015557,2.1548982271822443,2.592730286183819
mlp-fosls,7.53951149731427,2.4717035445182742,2.094780559323786,2.5727362998493892
mlp-fosls,7.739159306964359,2.4422884482052645,2.032885833963277,2.5525857086943478
mlp-fosls,7.938807116614448,2.409755230657998,1.9512882698983367,2.529799907174058
mlp-fosls,8.138454926264536,2.3764620025470893,1.8659437255323226,2.524731814194709
mlp-fosls,8.338102735914624,2.326127500378717,1.7811820126503632,2.515979508017748
mlp-fosls,8.537750545564714,2.2612913807762363,1.709507253207932,2.4933046663552108
mlp-fosls,8.737398355214804,2.1992101854001525,1.634692856579443,2.5032174619023952
mlp-fosls,8.937046164864892,2.137002215084582,1.5702423426624932,2.511835320088669
mlp-fosls,9.136693974514982,2.05831933201278,1.520718605273368,2.518285943476761
mlp-fosls,9.33634178416507,1.9753765282035634,1.469526841591865,2.52472008566897
mlp-fosls,9.53598959381516,1.9127171646511743,1.3995966132936375,2.5035178824850943
mlp-fosls,9.735637403465248,1.8544491959367437,1.317508596917542,2.462981775010228
mlp-fosls,9.935285213115337,1.7942841863134489,1.2299541153881464,2.421767259697434
mlp-fosls,10.134933022765427,1.7355280965703948,1.1626466609665715,2.4205023862130495
mlp-fosls,10.334580832415515,1.6751533840175439,1.093996058420729,2.42801943052272
mlp-fosls,10.534228642065605,1.6157589656515083,1.0217503189307833,2.4335940844570287
mlp-fosls,10.733876451715693,1.5570585442961287,0.9506363467417103,2.3991094139787417
mlp-fosls,10.933524261365783,1.4960456556742945,0.8737535197398015,2.364121780403581
mlp-fosls,11.13317207101587,1.4345694003167315,0.8038592008957626,2.3330158010186
mlp-fosls,11.33281988066596,1.3739026151581721,0.7535598394005422,2.313433888832305
mlp-fosls,11.532467690316048,1.3100640770259862,0.6996536630719292,2.293684805764093
mlp-fosls,11.732115499966138,1.248395671980286,0.651749151325371,2.2570027024332164
mlp-fosls,11.931763309616226,1.1877773263695928,0.6074787337771256,2.202288113746929
mlp-fosls,12.131411119266316,1.1185807476076564,0.5597176678733463,2.1461790869149695
mlp-fosls,12.331058928916404,1.0601500000558213,0.5328997736383377,2.0847779482607884
mlp-fosls,12.530706738566494,1.0024645615583183,0.5099423689377044,2.020010071105798
mlp-fosls,12.730354548216582,0.941494313076671,0.48643725452467634,1.953095563761089
mlp-fosls,12.930002357866671,0.8938430476131063,0.47034744067338524,1.889035466957674
mlp-fosls,13.12965016751676,0.8435574660424282,0.45368736736490983,1.823022541992648
mlp-fosls,13.32929797716685,0.7933717609228153,0.435910382806336,1.758993001603419
mlp-fosls,13.528945786816939,0.7503129755181766,0.4146588163549938,1.714793156682379
mlp-fosls,13.728593596467027,0.7046126677849602,0.3917479172955313,1.6694234815407483
mlp-fosls,13.928241406117117,0.6615585180994854,0.37146815006704076,1.615656863332077
mlp-fosls,14.127889215767205,0.622341724864176,0.35595540985645074,1.5487679853894625
mlp-fosls,14.327537025417294,0.5804776977558224,0.3397350748714622,1.4788568034473861
mlp-fosls,14.527184835067382,0.5494440587540702,0.3252106506318169,1.4120050900806134
mlp-fosls,14.726832644717472,0.523141171460065,0.31145858687914213,1.345966548266251
mlp-fosls,14.92648045436756,0.49543261704551034,0.29707058992289126,1.2765161666387046
mlp-fosls,15.12612826401765,0.4755051746475294,0.2836416128787324,1.2190959701612867
mlp-fosls,15.325776073667738,0.45078578701446326,0.26981017173583394,1.1618065438425256
mlp-fosls,15.525423883317828,0.42456318345599575,0.25558613215604103,1.1030943129492634
mlp-fosls,15.725071692967916,0.40439515136517373,0.24408038590871445,1.0612693196483816
mlp-fosls,15.924719502618006,0.38315514969302067,0.23200473835723404,1.0177269154310842
mlp-fosls,16.12436731226809,0.36428778166115183,0.2210906543880102,0.9733167436319614
mlp-fosls,16.324015121918183,0.35062171384159496,0.2136198103756098,0.92942578795237
mlp-fosls,16.52366293156827,0.33628979099475786,0.2058780447549093,0.8833567270290319
mlp-fosls,16.723310741218363,0.32382675282449536,0.1984740485749545,0.8418541490967689
mlp-fosls,16.92295855086845,0.31310821586931364,0.19133285070838757,0.8049067059475522
mlp-fosls,17.12260636051854,0.3019891208916988,0.18391457680853593,0.766179614847089
mlp-fosls,17.322254170168627,0.28927660016394896,0.17764973794254899,0.7302490154397785
mlp-fosls,17.52190197981872,0.27583512101413066,0.1716005419537231,0.6941518839957943
mlp-fosls,17.721549789468806,0.2621806583105888,0.1653301624222473,0.6560716817231609
mlp-fosls,17.921197599118894,0.25488301159828575,0.16033731406284815,0.6274664374006179
mlp-fosls,18.120845408768982,0.24731134955805173,0.15518538675629082,0.5977937575440702
mlp-fosls,18.320493218419074,0.23625438093744727,0.15059604618463962,0.5693928461546768
mlp-fosls,18.520141028069162,0.2277570638523095,0.14845709982926364,0.5511388896673463
mlp-fosls,18.71978883771925,0.2189294996625103,0.1462868820263314,0.5322592771905316
mlp-fosls,18.919436647369338,0.2108513669511917,0.14449996464951845,0.5129960774701595
mlp-fosls,19.11908445701943,0.2037796836176261,0.143200392695048,0.4934143921438488
mlp-fosls,19.318732266669517,0.19644925871129015,0.14188891835629674,0.4730227787851216
mlp-fosls,19.518380076319605,0.19086496788356147,0.1380407929050597,0.45673213408079427
mlp-fosls,19.718027885969697,0.18599689168070926,0.1328310085569639,0.44258836158315096
mlp-fosls,19.917675695619785,0.1809954694525691,0.12740837163492388,0.4279774215022558
mlp-fosls,20.117323505269873,0.17580303401627825,0.12565631616069875,0.4139526877504047
mlp-fosls,20.31697131491996,0.17046759014466623,0.1242921794488782,0.3995939915862519
mlp-fosls,20.516619124570052,0.16528079998494674,0.12283935896149756,0.3849754392232326
mlp-fosls,20.71626693422014,0.1617056968379314,0.12087337335390827,0.3722490189268671
mlp-fosls,20.91591474387023,0.1580458444369134,0.11887487817800259,0.35907182481908734
mlp-fosls,21.115562553520316,0.15452260485695885,0.11715653885348487,0.34561884955833533
mlp-fosls,21.315210363170408,0.15135587547801954,0.11598525519302062,0.3321023007880953
mlp-fosls,21.514858172820496,0.1481201259193326,0.1148020219693544,0.31801177212088544
mlp-fosls,21.714505982470584,0.14520400239507805,0.11338469291436819,0.3067299411861752
mlp-fosls,21.914153792120672,0.14249268503088508,0.11115605620690758,0.29788549453085517
mlp-fosls,22.113801601770763,0.13972765012479765,0.10794605986466686,0.2887702873976298
mlp-fosls,22.31344941142085,0.13801885335225939,0.10670219569909607,0.27853010251680543
mlp-fosls,22.51309722107094,0.13649264760402846,0.10549244221800166,0.26765513893678466
mlp-fosls,22.712745030721027,0.13486748008758626,0.10423099605467699,0.25633948752906266
mlp-fosls,22.91239284037112,0.13264074403531811,0.10280852506721948,0.24891785991917628
mlp-fosls,23.112040650021207,0.130561451423595,0.10136609450128829,0.24126804410618274
mlp-fosls,23.311688459671295,0.1286378934602494,0.09995639525505137,0.23357185884124412
mlp-fosls,23.511336269321387,0.1269757144243411,0.0985960833995766,0.226319380229668
mlp-fosls,23.710984078971475,0.1252900320953861,0.09721673915066517,0.21882666769049894
mlp-fosls,23.910631888621563,0.12401115715553676,0.09579756386467131,0.2121990904028306
mlp-fosls,24.11027969827165,0.12322016177486467,0.09434702087435683,0.20674771522934982
mlp-fosls,24.309927507921742,0.12275022203200459,0.09287382544789927,0.20114865532069542
mlp-fosls,24.50957531757183,0.12140802019840352,0.0918491659098004,0.19600797425990787
mlp-fosls,24.709223127221918,0.12036808746430469,0.09086644658488228,0.19102661220583958
mlp-fosls,24.908870936872006,0.11931774161702845,0.08996331361756629,0.18591182632691158
mlp-fosls,25.108518746522098,0.1191818895964469,0.08966200174322961,0.18091223329595116
mlp-fosls,25.308166556172186,0.11893951648046547,0.08935967388119337,0.17579815061422704
mlp-fosls,25.507814365822274,0.1185961262089027,0.08870225058901914,0.17078717277754293
mlp-fosls,25.70746217547236,0.1158368933239717,0.08740039178283436,0.16735846558436002
mlp-fosls,25.907109985122453,0.11308988155639974,0.0860788458799764,0.1638580288547269
mlp-fosls,26.10675779477254,0.11102581767991862,0.08504759236483277,0.1605426179151719
mlp-fosls,26.30640560442263,0.10961010123176804,0.08422169239945766,0.1576358309722703
mlp-fosls,26.50605341407272,0.10817573771344988,0.08338761283429912,0.15467442660498035
mlp-fosls,26.70570122372281,0.1077183967170616,0.08247700121748776,0.1515981560861019
mlp-fosls,26.905349033372897,0.10789904486606813,0.08154118650401194,0.14841651015888863
mlp-fosls,27.104996843022985,0.1080784158458846,0.08064289252894975,0.145165147493401
mlp-fosls,27.304644652673076,0.10731523367591037,0.08062664988040048,0.14177574193179535
mlp-fosls,27.504292462323164,0.1063440128608762,0.0806104039590277,0.138287869346673
mlp-fosls,27.703940271973252,0.10533756849284948,0.08053974043404025,0.1347740601873546
mlp-fosls,27.90358808162334,0.1046623028495245,0.08033093756893082,0.13300567655582488
mlp-fosls,28.10323589127343,0.10399611238599382,0.08012159054976596,0.13121346231526973
mlp-fosls,28.30288370092352,0.10346498926928883,0.07967630997959321,0.12947872341925099
mlp-fosls,28.502531510573608,0.10305843601985332,0.07900389673322583,0.12795794415485082
mlp-fosls,28.702179320223696,0.10264917168684956,0.07832571114330338,0.12641887171776583
mlp-fosls,28.901827129873787,0.10192664210813018,0.07761877080909031,0.12495526145743228
mlp-fosls,29.101474939523875,0.10093991362732431,0.07689742308698443,0.12357564138526679
mlp-fosls,29.301122749173963,0.09994332334743478,0.07616924427170904,0.12218044410487655
mlp-fosls,29.500770558824055,0.09917030872713994,0.07574310977972598,0.12063020757190113
mlp-fosls,29.700418368474143,0.0984739978625819,0.07532281558128234,0.11981016336637795
mlp-fosls,29.90006617812423,0.09777667118882415,0.07506271243202454,0.11893787512384175
mlp-fosls,30.09971398777432,0.09727976746300826,0.07543839301499983,0.11751794236591537
mlp-fosls,30.29936179742441,0.09677055970406542,0.07581221196956554,0.11710329207410834
mlp-fosls,30.4990096070745,0.0963236768008449,0.07553198830058205,0.11695022269949151
mlp-fosls,30.698657416724586,0.09626645171725813,0.07438671959822168,0.11505762442059868
mlp-fosls,30.898305226374674,0.09620878530944052,0.07322354026219745,0.11493485648566695
mlp-fosls,31.097953036024766,0.09575170200395797,0.07284379540837486,0.11423273018634826
mlp-fosls,31.297600845674854,0.0947816492072289,0.07286665257505748,0.11320381504604964
mlp-fosls,31.497248655324942,0.09380000176198242,0.0728895025740407,0.11216546186831927
mlp-fosls,31.69689646497503,0.09354226587019812,0.07214719395738942,0.11121904684509838
mlp-fosls,31.89654427462512,0.0936600369707282,0.07130578627140406,0.11027923166587454
mlp-fosls,32.09619208427521,0.09377718670241171,0.07060278356138852,0.10939401075022855
mlp-fosls,32.2958398939253,0.0929765993452002,0.07092866383165676,0.10904171538123808
mlp-fosls,32.495487703575385,0.09199507443553584,0.07125305368383923,0.10868827811012899
mlp-fosls,32.69513551322547,0.09112647198332338,0.07114908099624181,0.10814600924435709
mlp-fosls,32.89478332287557,0.09075017156537793,0.07026496729597216,0.10722422515828268
mlp-fosls,33.094431132525656,0.09044845232054888,0.06936958650300795,0.10629444767299769
mlp-fosls,33.294078942175744,0.09017424237792454,0.06923300259915477,0.1057293388040669
mlp-fosls,33.49372675182583,0.09019402858337457,0.06963565788283296,0.10544967786983252
mlp-fosls,33.69337456147592,0.09021036006261618,0.07003599823416057,0.10516927327769135
mlp-fosls,33.89302237112601,0.08985868767125335,0.06966049548549097,0.10437791926834612
mlp-fosls,34.092670180776096,0.08901419085413761,0.06910739518876277,0.1034469267094318
mlp-fosls,34.292317990426184,0.08816036235027944,0.06856349034835334,0.10253562368848354
mlp-fosls,34.49196580007628,0.08762420666953888,0.06829647551758394,0.10277300916041135
mlp-fosls,34.69161360972637,0.08724099804242108,0.06802841264868044,0.10300984758063511
mlp-fosls,34.891261419376455,0.08684814950120978,0.0678729120693901,0.10289390234790341
mlp-fosls,35.09090922902654,0.08663351854225418,0.0680141138267102,0.10173468530673692
mlp-fosls,35.29055703867663,0.08644020967605834,0.06815502304662675,0.10056210642454594
mlp-fosls,35.49020484832672,0.08622564195571436,0.06795588428595296,0.09991792881932324
mlp-fosls,35.68985265797681,0.08585256325514722,0.06742321810717315,0.09984908620028883
mlp-fosls,35.8895004676269,0.0854729247605334,0.0668863100400153,0.0997801960838025
mlp-fosls,36.08914827727699,0.08501200854569882,0.0664754275538789,0.09916557433622415
mlp-fosls,36.28879608692708,0.08450412151398512,0.06610856886940127,0.09832555759767626
mlp-fosls,36.48844389657717,0.0839930134052918,0.0657396629703084,0.09758911342215121
mlp-fosls,36.688091706227254,0.08389369939387537,0.06589035785193063,0.09788118347423237
mlp-fosls,36.88773951587734,0.08417803658590792,0.06605762611824992,0.09835735293920317
mlp-fosls,37.08738732552743,0.08443536689432816,0.06612343600515086,0.09870623469598831
mlp-fosls,37.28703513517752,0.0837444735803063,0.06578131590028677,0.09845589536032663
mlp-fosls,37.48668294482761,0.08285717768908936,0.06543740714621384,0.09820491787353444
mlp-fosls,37.6863307544777,0.08207813735323316,0.0651209416215182,0.09791865691019967
mlp-fosls,37.88597856412779,0.08192831978125037,0.0648419542247652,0.09757992168877905
mlp-fosls,38.08562637377788,0.08177749894927394,0.06456176126547283,0.09724000649156245
mlp-fosls,38.285274183427966,0.08151808620568964,0.06409916310316083,0.09687124598600752
mlp-fosls,38.48492199307805,0.08105945340597673,0.06353875252991603,0.09648494772408768
mlp-fosls,38.68456980272814,0.08059763297095054,0.062973354965336,0.09609709660420696
mlp-fosls,38.88421761237824,0.08023617133932454,0.06281404600211034,0.09511955319001679
mlp-fosls,39.083865422028325,0.08010852671646727,0.06270538662474291,0.09403673169517986
mlp-fosls,39.28351323167841,0.07997917920215648,0.06259204771093331,0.09308991717071632
mlp-fosls,39.4831610413285,0.07991431155630896,0.062445186713237746,0.09359572206255028
mlp-fosls,39.68280885097859,0.0794006085306892,0.062297979506999224,0.09409880816444752
mlp-fosls,39.88245666062868,0.07900084528581208,0.06225223388170143,0.0940378370506545
mlp-fosls,40.082104470278765,0.07877619161537214,0.06239640575157798,0.09278589643166636
mlp-fosls,40.28175227992885,0.07855878738111435,0.06254024526789972,0.09235657417848044
mlp-fosls,40.48140008957895,0.07839474467259758,0.06251837098364377,0.09252357852912088
mlp-fosls,40.681047899229036,0.0781781438535046,0.062375943956691084,0.09267640712407821
mlp-fosls,40.880695708879124,0.07796045060180969,0.0622331909717638,0.09282898411068274
mlp-fosls,41.08034351852921,0.07784347975309397,0.0623335993807351,0.09219915452458478
mlp-fosls,41.2799913281793,0.07797748137163785,0.0624908515888466,0.09127225924260787
mlp-fosls,41.47963913782939,0.07811039910082412,0.0626465650561053,0.09033585400853514
mlp-fosls,41.679286947479476,0.07790596810965987,0.0627749817625,0.09066129735264433
mlp-fosls,41.878934757129564,0.07745419611931344,0.06290313630682959,0.09103921187025364
mlp-fosls,42.07858256677966,0.07693195449303032,0.06277663505442695,0.09113006589470239
mlp-fosls,42.27823037642975,0.07683930672086624,0.06195953377069588,0.08998100158017713
mlp-fosls,42.477878186079835,0.07677792160178257,0.06113151185278587,0.0888170725748765
mlp-fosls,42.67752599572992,0.07672032488135155,0.06075405078838142,0.0884071143042415
mlp-fosls,42.87717380538001,0.07605512047635296,0.060831748668372924,0.08804613587891441
mlp-fosls,43.0768216150301,0.07540099115916647,0.060909347434584725,0.08768367138078387
mlp-fosls,43.27646942468019,0.07521790718719266,0.06077180026386321,0.08769110665806701
mlp-fosls,43.47611723433028,0.07506314534096334,0.06055511452088498,0.08785516373072069
mlp-fosls,43.67576504398037,0.07490788975782856,0.06033765061687525,0.08801891502050566
mlp-fosls,43.87541285363046,0.07483767720749442,0.06040599122405202,0.08794578962725849
mlp-fosls,44.075060663280546,0.07470995623992023,0.06048526159525922,0.08785564627340761
mlp-fosls,44.274708472930634,0.07457518371499273,0.06052018834090183,0.08791870094833984
mlp-fosls,44.47435628258072,0.07413202129778249,0.060369286383513784,0.08876461362302224
mlp-fosls,44.67400409223081,0.07385539762976184,0.06021800627794959,0.08960254062717887
mlp-fosls,44.8736519018809,0.07374108039476773,0.06015242986906753,0.0895526817314978
mlp-fosls,45.07329971153099,0.07350817654383562,0.06020444728006525,0.08812653130491334
mlp-fosls,45.27294752118108,0.07378024333921149,0.06025641978613752,0.08667691869447604
mlp-fosls,45.47259533083117,0.07404690535247341,0.06007088645362614,0.08638568935878364
mlp-fosls,45.67224314048126,0.07427874500704812,0.05975706367325918,0.08680448763567668
mlp-fosls,45.871890950131345,0.0745091227866442,0.05944158408366536,0.08722127505025609
mlp-fosls,46.07153875978143,0.07444600588687886,0.05947559072336189,0.08668880754749089
mlp-fosls,46.27118656943152,0.07414833054958671,0.05955643125679404,0.08598820437671911
mlp-fosls,46.470834379081616,0.07385368745109722,0.0596105311491033,0.08535888060113823
mlp-fosls,46.670482188731704,0.07372958182412473,0.05945349891285673,0.08557353619070007
mlp-fosls,46.87012999838179,0.07361197257154815,0.05929605081355669,0.08578765467643194
mlp-fosls,47.06977780803188,0.07331167136644179,0.059458667616017646,0.08568296685334482
mlp-fosls,47.26942561768197,0.07272863740314821,0.06022753757156941,0.08487621123576022
mlp-fosls,47.469073427332056,0.07235163422782202,0.060986715022187776,0.08406171339369303
mlp-fosls,47.668721236982144,0.07225937959996231,0.060569666921906705,0.08376855343480716
mlp-fosls,47.86836904663223,0.07243080408750815,0.05926114390092188,0.08391823047978877
mlp-fosls,48.06801685628233,0.07278223072339837,0.057923067959672295,0.08406764103481051
mlp-fosls,48.267664665932415,0.07268342183363219,0.0580557001858047,0.08385566491677242
mlp-fosls,48.4673124755825,0.07224260906309471,0.058548331575579246,0.08353658254323885
mlp-fosls,48.66696028523259,0.07179683857786263,0.05902037521135183,0.08321746600416073
mlp-fosls,48.86660809488268,0.0714524595572183,0.05902597267797648,0.08325944921040165
mlp-fosls,49.06625590453277,0.07103113413986065,0.05903156961384052,0.08330141125746462
mlp-fosls,49.265903714182855,0.07064918070312981,0.05886210611002842,0.08327763406501715
mlp-fosls,49.46555152383295,0.07111776430502778,0.05820154706888183,0.08303739634075957
mlp-fosls,49.66519933348304,0.07166495836252698,0.0575334044422394,0.08279646155867944
mlp-fosls,49.864847143133126,0.0718978822785451,0.057342018350248665,0.08274012592250952
mlp-fosls,50.064494952783214,0.07086982385424323,0.05764189372995574,0.08289749348542941
mlp-fosls,50.2641427624333,0.07010824865317415,0.05794021709547494,0.08305456287682748
mlp-fosls,50.46379057208339,0.06986260731690343,0.058134790451194844,0.0828941381624238
mlp-fosls,50.66343838173348,0.07014293867023601,0.058289957999830784,0.08259284453638863
mlp-fosls,50.863086191383566,0.07078249977047163,0.05844471358848238,0.08229044777817844
mlp-fosls,51.06273400103366,0.07059920717639817,0.05848436935122249,0.08176418916756614
mlp-fosls,51.26238181068375,0.06995458074218508,0.05851853767301455,0.0812161772636768
mlp-fosls,51.46202962033384,0.06931727718030203,0.05852115447979262,0.08074607465072293
mlp-fosls,51.661677429983925,0.0692459608468434,0.058384372130332096,0.08072108154073557
mlp-fosls,51.86132523963401,0.0691429002259098,0.0582472685750881,0.08069608068990737
mlp-fosls,52.0609730492841,0.06907074267615418,0.058119481607829655,0.08047940366817322
mlp-fosls,52.26062085893419,0.06916797534172546,0.05800501587514088,0.07995394641992473
mlp-fosls,52.460268668584284,0.06963534933089532,0.05789032381139219,0.07942501294589517
mlp-fosls,52.65991647823437,0.06990341091556157,0.05793888088836526,0.07941458708638427
mlp-fosls,52.85956428788446,0.0697915031344344,0.058076897815623786,0.07972957916394084
mlp-fosls,53.05921209753455,0.06967911723061043,0.058214587529043245,0.0800433316723967
mlp-fosls,53.258859907184636,0.0695246367642687,0.057723115232857426,0.07990173196912176
mlp-fosls,53.458507716834724,0.0691632120661011,0.05713659810794339,0.0796760195533611
mlp-fosls,53.65815552648481,0.06878921872764629,0.05660173176364324,0.07949912863438209
mlp-fosls,53.8578033361349,0.06819704617244629,0.0565503047943281,0.07993614577330123
mlp-fosls,54.057451145784995,0.0677059335378221,0.05649883101462715,0.08037078666129192
mlp-fosls,54.25709895543508,0.06734710884204848,0.05655634237779134,0.08057442350315985
mlp-fosls,54.45674676508517,0.06753093451591723,0.05682800298909708,0.08025241061460259
mlp-fosls,54.65639457473526,0.06772395066716365,0.05709837111777967,0.07992910043309005
mlp-fosls,54.85604238438535,0.06778675976256994,0.056971614060635556,0.07966274681118928
mlp-fosls,55.055690194035435,0.0675699627627924,0.05653832128585894,0.07944657610746972
mlp-fosls,55.25533800368552,0.06759708865825767,0.05610168214030675,0.07922981560559327
mlp-fosls,55.45498581333562,0.0674044781931812,0.056067860467909306,0.07916887249586015
mlp-fosls,55.654633622985706,0.06720094123993854,0.05613810961081417,0.07915650834595615
mlp-fosls,55.854281432635794,0.06730122980247191,0.05620714433463055,0.07914414226448534
mlp-fosls,56.05392924228588,0.06733800134204927,0.05623438358881643,0.07869106381668664
mlp-fosls,56.25357705193597,0.06713125534563916,0.056261609655024115,0.07823207156875686
mlp-fosls,56.45322486158606,0.0668970236265567,0.05628117226708059,0.07791410019198515
mlp-fosls,56.652872671236146,0.06720044069531547,0.05627858697825484,0.0780975258420216
mlp-fosls,56.852520480886234,0.06764062279643518,0.05627600157066232,0.07828052169322688
mlp-fosls,57.05216829053633,0.06803599418040981,0.0560923196357207,0.0782895041239863
mlp-fosls,57.25181610018642,0.06752111830786246,0.0557158554771706,0.07808755013447741
mlp-fosls,57.451463909836505,0.06700017948028811,0.05533683023981465,0.07788507248522901
mlp-fosls,57.65111171948659,0.06659229550402904,0.05548591437046557,0.07776353428194642
mlp-fosls,57.85075952913668,0.06639259932549904,0.05584214122098272,0.07767992749738768
mlp-fosls,58.05040733878677,0.0665516076396179,0.05619610999670456,0.07759623062996912
mlp-fosls,58.25005514843686,0.06663069661322535,0.05579647337669299,0.07765245331559449
mlp-fosls,58.44970295808695,0.06639604897490037,0.0553514544656352,0.07772224777097857
mlp-fosls,58.64935076773704,0.06616540163142665,0.05502684132320022,0.07780696420949565
mlp-fosls,58.84899857738713,0.06611381334124833,0.0552733863766133,0.07798260479342013
mlp-fosls,59.048646387037216,0.06631149631601083,0.05551883659685338,0.0781578506692435
mlp-fosls,59.248294196687304,0.06650345765107293,0.055544864954653675,0.07809541327160886
mlp-fosls,59.44794200633739,0.06620762443638199,0.05525235506807783,0.07762881954285589
mlp-fosls,59.64758981598748,0.06589172215237908,0.05495828834950355,0.07715940430803744
mlp-fosls,59.84723762563757,0.06569012303850985,0.05503267599308313,0.07709064718537452
mlp-fosls,60.04688543528766,0.06579952287476945,0.05531549818044148,0.07728891747194645
mlp-fosls,60.24653324493775,0.06590866471411003,0.05559688166562204,0.07748668043290283
mlp-fosls,60.44618105458784,0.06566527453977752,0.05527983398785601,0.07760861149772591
mlp-fosls,60.64582886423793,0.06513828636632596,0.05486837688434747,0.07771500573699841
mlp-fosls,60.845476673888015,0.0646069959566698,0.054504844781047994,0.07775553123478639
mlp-fosls,61.0451244835381,0.06457329692840151,0.05461142167834139,0.07677739553687642
mlp-fosls,61.24477229318819,0.06459361067252678,0.05471779099025377,0.07578663664029496
mlp-fosls,61.444420102838286,0.06462815553484008,0.054813995123271946,0.07515455742588856
mlp-fosls,61.644067912488374,0.0647502034277416,0.054889687160322324,0.07542384345340807
mlp-fosls,61.84371572213846,0.0648928192349238,0.054965274962852924,0.07569217146235951
mlp-fosls,62.04336353178855,0.06503519107125857,0.05492948178038016,0.07559293106852656
mlp-fosls,62.24301134143864,0.0650591825058392,0.05480539406890529,0.07515372844631392
mlp-fosls,62.442659151088726,0.065083150423473,0.0546810247657712,0.07471194396636711
mlp-fosls,62.642306960738814,0.06500679498111636,0.05472710167294074,0.07497465999815238
mlp-fosls,62.8419547703889,0.06486812630636007,0.05481874554271804,0.07546878703313964
mlp-fosls,63.041602580039,0.06475061653463737,0.0549080199965497,0.07595969978000323
mlp-fosls,63.241250389689085,0.06476209493866597,0.054883478379164324,0.0758574589071994
mlp-fosls,63.44089819933917,0.064958612182718,0.05485892578287415,0.07574357086314414
mlp-fosls,63.64054600898926,0.0651579298725681,0.05488600060284493,0.07561972014974841
mlp-fosls,63.84019381863935,0.06515448077353145,0.055067758397142536,0.07545893668885649
mlp-fosls,64.03984162828944,0.06507418172265333,0.0544457817663956,0.075297809907722
mlp-fosls,64.23948943793953,0.06506617578238963,0.05471454054759997,0.07509343303402363
mlp-fosls,64.43913724758961,0.06483305761012467,0.05469297276855481,0.07483385567353895
mlp-fosls,64.6387850572397,0.06459278371049818,0.05424887234492919,0.07457337477344526
mlp-fosls,64.83843286688979,0.06433263187375246,0.05422038991629776,0.07436838184192876
mlp-fosls,65.03808067653988,0.06410433741350788,0.05436402007103999,0.07419058930221958
mlp-fosls,65.23772848618998,0.06420966814486512,0.0545072717524324,0.07401236967044304
mlp-fosls,65.43737629584007,0.0641677011313705,0.054213126132575735,0.0745763935617852
mlp-fosls,65.63702410549016,0.0637390859429365,0.05388824465555235,0.07521668247587215
mlp-fosls,65.83667191514024,0.06374701598910988,0.053661854923144944,0.07573024791746817
mlp-fosls,66.03631972479033,0.06385207581522515,0.053929108360844705,0.07543569638528684
mlp-fosls,66.23596753444042,0.06388140354739599,0.05419504390070005,0.0751399902091101
mlp-fosls,66.43561534409051,0.06390797117221877,0.05429200228314382,0.07497840492625502
mlp-fosls,66.6352631537406,0.06397167907726586,0.05413555803762489,0.0750560028804586
mlp-fosls,66.83491096339068,0.06404037932553111,0.0539786603777568,0.07513352069148203
mlp-fosls,67.03455877304077,0.06397705979055371,0.054023114010640395,0.0750730891035876
mlp-fosls,67.23420658269086,0.06369314666589004,0.054185896262924506,0.07491690069518175
mlp-fosls,67.43385439234095,0.06340790301739319,0.054348190956334336,0.07476038598073345
mlp-fosls,67.63350220199104,0.06338997272524272,0.05428142429547485,0.07474827093467613
mlp-fosls,67.83315001164112,0.06370467097155871,0.05417707800258377,0.07476767441042305
mlp-fosls,68.03279782129121,0.06401576028146115,0.05404691019959961,0.0747589142409093
mlp-fosls,68.23244563094131,0.06421146990139026,0.053652508558824884,0.07422853200654231
mlp-fosls,68.4320934405914,0.06425699239385853,0.053255186106011994,0.07369433268042341
mlp-fosls,68.63174125024149,0.06423742308107348,0.053299344844892266,0.07325463975250895
mlp-fosls,68.83138905989158,0.06368866145285153,0.05427939560524981,0.07306425283812082
mlp-fosls,69.03103686954167,0.06307321584308542,0.05511283681574862,0.07287336852592878
mlp-fosls,69.23068467919175,0.06258157840823694,0.05506012811498661,0.07298458248552532
mlp-fosls,69.43033248884184,0.06262804668192837,0.0548258670181969,0.07338323337167243
mlp-fosls,69.62998029849193,0.06268497603042318,0.05427262199106024,0.07377973027584359
mlp-fosls,69.82962810814202,0.06279580001252032,0.054280130918540816,0.07380039217723795
mlp-fosls,70.0292759177921,0.06269920546399746,0.05444875462713869,0.07369012758850342
mlp-fosls,70.2289237274422,0.06267421707623275,0.054613300249106475,0.07357969776035847
mlp-fosls,70.42857153709228,0.06274881784007866,0.05435242507963858,0.07372290058346807
mlp-fosls,70.62821934674237,0.06293044508171627,0.05409029173499064,0.07387323466623795
mlp-fosls,70.82786715639246,0.06310429811609977,0.05373490900166676,0.07396969789491857
mlp-fosls,71.02751496604255,0.0631087381564142,0.05308144730809567,0.07385390911608707
mlp-fosls,71.22716277569265,0.06306865489976077,0.05241984024419439,0.07373793851735332
mlp-fosls,71.42681058534274,0.06296315232526639,0.052167155559244345,0.07373022912661376
mlp-fosls,71.62645839499282,0.06265453371634935,0.052383940145723125,0.07386496335179292
mlp-fosls,71.82610620464291,0.062339072891562625,0.05259983128527131,0.07399945226054351
mlp-fosls,72.025754014293,0.0621119528093216,0.052788419416535066,0.073750268853915
mlp-fosls,72.22540182394309,0.061957174069005215,0.052965027276049785,0.0733031281374934
mlp-fosls,72.42504963359318,0.0618528997656376,0.05314104820390147,0.07285324312244998
mlp-fosls,72.62469744324326,0.06198161616435213,0.05291922672903002,0.07272647337741617
mlp-fosls,72.82434525289335,0.062359947665945256,0.05266638171941089,0.07263859773816649
mlp-fosls,73.02399306254344,0.06281308168415206,0.05254780088760036,0.07260476867032485
mlp-fosls,73.22364087219353,0.06281036638152558,0.05313607351777009,0.07295703343489256
mlp-fosls,73.42328868184362,0.0625085868806411,0.053717904274541865,0.07330760548243732
mlp-fosls,73.6229364914937,0.0622128347367326,0.053988846300715175,0.07337687729344204
mlp-fosls,73.82258430114379,0.06212253958210994,0.05378160008144166,0.07293042395951925
mlp-fosls,74.02223211079388,0.062066758634670066,0.05357355214803293,0.07248122071608334
mlp-fosls,74.22187992044398,0.061888177433723914,0.05328130129149062,0.072252144386315
mlp-fosls,74.42152773009407,0.061604615238561644,0.05293580448373256,0.07218163741341112
mlp-fosls,74.62117553974416,0.061319329413055124,0.05258803785430028,0.07211106150197344
mlp-fosls,74.82082334939425,0.061480849518151484,0.05257305127703977,0.07227748938329637
mlp-fosls,75.02047115904433,0.061843605323272044,0.052617445495067965,0.07249757883325027
mlp-fosls,75.22011896869442,0.06220150426875162,0.05269447279416844,0.07269956364610868
mlp-fosls,75.41976677834451,0.061981600466867556,0.053147462108582136,0.07252297549886079
mlp-fosls,75.6194145879946,0.061745600895192945,0.053596622973010065,0.07234595632156728
mlp-fosls,75.81906239764469,0.061561589104897604,0.05378565734192852,0.07227814335794724
mlp-fosls,76.01871020729477,0.06182825702192468,0.053402150626185474,0.07249927426549728
mlp-fosls,76.21835801694486,0.062154318206969525,0.05301546792214546,0.07271973274686604
mlp-fosls,76.41800582659495,0.06246591383357795,0.052727012800687464,0.07284106871998045
mlp-fosls,76.61765363624504,0.062067465710555145,0.05252348310107654,0.07286573865759458
mlp-fosls,76.81730144589513,0.06163940887044611,0.05231916164517819,0.07289040024560732
mlp-fosls,77.01694925554521,0.06124240163972526,0.05251452725604116,0.07264058378598849
mlp-fosls,77.21659706519532,0.061250056654360396,0.05282766325241217,0.07229059118827648
mlp-fosls,77.4162448748454,0.06126402734300557,0.05313868636862753,0.07193889584871192
mlp-fosls,77.61589268449549,0.06124146106514425,0.05270644230769651,0.07187242832287649
mlp-fosls,77.81554049414558,0.06110357621431271,0.052270623991738624,0.0718160127226275
mlp-fosls,78.01518830379567,0.06096283328394256,0.05200816837328828,0.07169992993710075
mlp-fosls,78.21483611344576,0.06077981312421668,0.05234534091942941,0.07133896497349469
mlp-fosls,78.41448392309584,0.060614698370290154,0.052680355488533656,0.07097616426656098
mlp-fosls,78.61413173274593,0.060464611318733874,0.052666524903176526,0.07090998545547228
mlp-fosls,78.81377954239602,0.060715403660579696,0.05223737018665939,0.07124316798077779
mlp-fosls,79.01342735204611,0.061093385018540905,0.051804660433780174,0.07157479954969734
mlp-fosls,79.2130751616962,0.06151164777287284,0.051777778920350244,0.07174659552579249
mlp-fosls,79.41272297134628,0.06145346959411499,0.05193578334571177,0.0718354015723838
mlp-fosls,79.61237078099637,0.06139320403434725,0.05209330852941438,0.07192409796855026
mlp-fosls,79.81201859064646,0.06141300531336587,0.05222742574856082,0.07189167608439243
mlp-fosls,80.01166640029655,0.06180149610602236,0.052359137195874705,0.0718438978167898
mlp-fosls,80.21131420994664,0.06218519975149822,0.052481925073845394,0.0718067440706076
mlp-fosls,80.41096201959674,0.06217794224034344,0.05255488434095113,0.07184949517135464
mlp-fosls,80.61060982924683,0.061839229690430736,0.05262774246274277,0.07189222084993124
mlp-fosls,80.81025763889691,0.061474146128823765,0.0526648898650177,0.07192135726989886
mlp-fosls,81.009905448547,0.06131063415040776,0.05264331624111134,0.07192507108271101
mlp-fosls,81.20955325819709,0.061228721313808465,0.05262173377254754,0.07192878470377231
mlp-fosls,81.40920106784718,0.06110876270020095,0.05246818609290443,0.07180017109987658
mlp-fosls,81.60884887749727,0.06076192189577591,0.05222865616793002,0.07157431689050008
mlp-fosls,81.80849668714735,0.06041292964073863,0.05198802264306713,0.07134774773398175
mlp-fosls,82.00814449679744,0.06040454785322964,0.05218584931827357,0.07111198730376979
mlp-fosls,82.20779230644753,0.060612096521741404,0.0524674239411549,0.07087342222228199
mlp-fosls,82.40744011609762,0.06082377394137774,0.0527042724696239,0.07064424632988965
mlp-fosls,82.6070879257477,0.06075537001673571,0.05234581836413514,0.07067194266502097
mlp-fosls,82.8067357353978,0.060771523530808697,0.05198489265036237,0.07069962815020948
mlp-fosls,83.00638354504788,0.060791652142573246,0.05173053218123889,0.07091020550257755
mlp-fosls,83.20603135469797,0.06084488239673479,0.05173353661366266,0.07161433726159598
mlp-fosls,83.40567916434807,0.06089738892214605,0.05173654087161372,0.0723116128876784
mlp-fosls,83.60532697399816,0.0610451971424199,0.051721971103767916,0.07244510722628875
mlp-fosls,83.80497478364825,0.06100465754193357,0.05169152694579724,0.07201559786234098
mlp-fosls,84.00462259329834,0.06092303910000128,0.051661064846915045,0.07158351143882472
mlp-fosls,84.20427040294842,0.060699709107854806,0.05165884054808238,0.07135195785283649
mlp-fosls,84.40391821259851,0.06054830697259281,0.051665733534193715,0.07119511682987441
mlp-fosls,84.6035660222486,0.06039639475790863,0.05167262560079967,0.07103792952645775
mlp-fosls,84.80321383189869,0.06031245379306713,0.05162682543433621,0.07064365482775009
mlp-fosls,85.00286164154878,0.060242850716224296,0.05158025701900082,0.07023713294484293
mlp-fosls,85.20250945119886,0.06016888424282954,0.05158761192923254,0.06993051511729911
mlp-fosls,85.40215726084895,0.06014412170068212,0.05179024189779822,0.07005945598358825
mlp-fosls,85.60180507049904,0.06020621945535046,0.05199208215780372,0.07018815997632276
mlp-fosls,85.80145288014913,0.060344296130451905,0.052107156254104385,0.07015896717515446
mlp-fosls,86.00110068979922,0.06042627163892279,0.05211538375924594,0.06991130180639284
mlp-fosls,86.2007484994493,0.060447040522598264,0.052123609965708445,0.06966275594207202
mlp-fosls,86.4003963090994,0.060345950335949805,0.05194261996615863,0.0696961736592711
mlp-fosls,86.6000441187495,0.0604999531962972,0.05166998497491371,0.06988127482899067
mlp-fosls,86.79969192839958,0.06065136270994127,0.05139590378295566,0.07006588699721554
mlp-fosls,86.99933973804967,0.060775125132099005,0.05121786471831973,0.07056403395832954
mlp-fosls,87.19898754769976,0.06061540603671321,0.05104935297141981,0.0711009173999526
mlp-fosls,87.39863535734985,0.06045480489914681,0.050918192798630746,0.07152879045636508
mlp-fosls,87.59828316699993,0.06030296652788816,0.05103619132326529,0.07110899817389771
mlp-fosls,87.79793097665002,0.06013337346377555,0.05115391765731484,0.07068671288467297
mlp-fosls,87.99757878630011,0.05993969010482687,0.05126108592584604,0.07035419457221653
mlp-fosls,88.1972265959502,0.05972803306529953,0.05134994208968138,0.07019943238744954
mlp-fosls,88.39687440560029,0.05954550801311225,0.05143864476179648,0.07004432825814591
mlp-fosls,88.59652221525037,0.05949889479266001,0.05159935588430465,0.07024449201547112
mlp-fosls,88.79617002490046,0.06029054464880723,0.0518090780177395,0.07070952806901185
mlp-fosls,88.99581783455055,0.061115310348384064,0.05201795461589499,0.07117152563331182
mlp-fosls,89.19546564420064,0.061507955708314584,0.051868032417792975,0.07096535876996156
mlp-fosls,89.39511345385074,0.06088602610670567,0.051639726466002095,0.07059180204047642
mlp-fosls,89.59476126350083,0.060256012531294784,0.051434943341193834,0.07024133682656183
mlp-fosls,89.79440907315092,0.06015859889092222,0.05167032817929878,0.07066747497763093
mlp-fosls,89.994056882801,0.06054797051119083,0.0516964654471172,0.07109105879254911
mlp-fosls,90.19370469245109,0.06088199583573341,0.0517107266320041,0.07134015629978314
mlp-fosls,90.39335250210118,0.060600904875613204,0.05178113054193334,0.07110169640842186
mlp-fosls,90.59300031175127,0.060171625631451287,0.05155326480148011,0.07086243407781934
mlp-fosls,90.79264812140136,0.059934301234292706,0.05140881966034836,0.07052707701965093
mlp-fosls,90.99229593105144,0.06016843928177655,0.05134427481012902,0.07009123455032999
mlp-fosls,91.19194374070153,0.06042226206565591,0.051279648718432914,0.0696526649069723
mlp-fosls,91.39159155035162,0.06058857991541615,0.051242656588902945,0.06968662553217436
mlp-fosls,91.59123936000171,0.060555421157973355,0.05121522879123582,0.06990225325037798
mlp-fosls,91.7908871696518,0.060521312810033714,0.051187786297016424,0.07011721786336408
mlp-fosls,91.99053497930188,0.0603921567150936,0.05118916572956913,0.07050771293401209
mlp-fosls,92.19018278895197,0.060312295575023316,0.051191363201494824,0.07090482280903287
mlp-fosls,92.38983059860207,0.06023398384241674,0.05127330503380967,0.0711336221059722
mlp-fosls,92.58947840825216,0.06029300839635014,0.05166850049812414,0.07061568758717453
mlp-fosls,92.78912621790225,0.060441622004767145,0.05130926967146362,0.07009392607711179
mlp-fosls,92.98877402755234,0.06053664757204219,0.05152364372448731,0.06978293736089514
mlp-fosls,93.18842183720243,0.06034022530024297,0.05146327193823183,0.06977665646687137
mlp-fosls,93.38806964685251,0.06009136182622419,0.05088365539126924,0.06977037500742668
mlp-fosls,93.5877174565026,0.05996268905332747,0.05081927938931222,0.06996447503893248
mlp-fosls,93.78736526615269,0.06003974183414575,0.05101922341458875,0.0702689601420426
mlp-fosls,93.98701307580278,0.060119503878323696,0.05121838691335825,0.0705721315493201
mlp-fosls,94.18666088545287,0.06019174537014757,0.051428866500468504,0.0704744151023886
mlp-fosls,94.38630869510295,0.06012011704742257,0.05163994033215031,0.0703177721271872
mlp-fosls,94.58595650475304,0.06004762568829552,0.05183006668830882,0.070150141947061
mlp-fosls,94.78560431440313,0.05988189093993476,0.05187526088822227,0.0698882684495532
mlp-fosls,94.98525212405322,0.05973389653886412,0.05192041574879488,0.06962541000641088
mlp-fosls,95.1848999337033,0.0595658472994304,0.05186314211111987,0.06943278549206876
mlp-fosls,95.38454774335341,0.059361068228320935,0.05161668201548822,0.06938322264664602
mlp-fosls,95.5841955530035,0.05918322392445915,0.05136903945897602,0.06933362437144383
mlp-fosls,95.78384336265358,0.05912483298877201,0.05111905959047391,0.06940988171132065
mlp-fosls,95.98349117230367,0.0593722037660115,0.05086703130771239,0.06958419384042183
mlp-fosls,96.18313898195376,0.059638844442770705,0.05061374807999466,0.06975807039807848
mlp-fosls,96.38278679160385,0.05975138062631118,0.05083508352996327,0.06947546547243852
mlp-fosls,96.58243460125394,0.05961544247826088,0.05116384227523358,0.06907060906341998
mlp-fosls,96.78208241090402,0.05947919285440632,0.051457949881408525,0.06867689100326647
mlp-fosls,96.98173022055411,0.059425676477000755,0.05101868077469726,0.06889919944111764
mlp-fosls,97.1813780302042,0.059400383639751565,0.050575596585540894,0.0691207928873741
mlp-fosls,97.38102583985429,0.05938227280785173,0.05032731150370549,0.06929776395966027
mlp-fosls,97.58067364950438,0.059460779189373925,0.050609340251865226,0.0693432196258379
mlp-fosls,97.78032145915446,0.05956682975112439,0.05088980603487425,0.06938864551456234
mlp-fosls,97.97996926880455,0.05962462740339135,0.05105360421957741,0.06950614677410397
mlp-fosls,98.17961707845464,0.059522363255512994,0.051102660370033026,0.0697012192118285
mlp-fosls,98.37926488810474,0.05943394364785873,0.051151669474032185,0.06989574722289947
mlp-fosls,98.57891269775483,0.059390219245776574,0.05089878319870067,0.06986196323252684
mlp-fosls,98.77856050740492,0.05922663046600485,0.05053331236208768,0.06973483519556774
mlp-fosls,98.978208317055,0.05906226057216807,0.05016517901353801,0.06960747497792931
mlp-fosls,99.1778561267051,0.05911265308390165,0.05013869163128052,0.06961236115786319
mlp-fosls,99.37750393635518,0.05934282067634203,0.050125474826622544,0.06962569542158563
mlp-fosls,99.57715174600527,0.05956328079863113,0.050214185439698675,0.06963769270650831
mlp-fosls,99.77679955565536,0.05938414885202628,0.050725885734732586,0.06964315290441354
mlp-fosls,99.97644736530545,0.059249462037708804,0.051232475518696606,0.06964861267425913
mlp-fosls,100.17609517495553,0.05916546492364859,0.05138802181057267,0.06968452887431191
mlp-fosls,100.37574298460562,0.05905487924270545,0.05106880203388878,0.06976616428885428
mlp-fosls,100.57539079425571,0.05885492362148224,0.05074757429423747,0.0698477042910073
mlp-fosls,100.7750386039058,0.05878089472241551,0.05076780141002018,0.06977727214246052
mlp-fosls,100.97468641355589,0.059039291657119006,0.050969309447022604,0.06961713452777296
mlp-fosls,101.17433422320597,0.059316671687298816,0.05117002394962746,0.06945662770443926
mlp-fosls,101.37398203285608,0.05937103299455444,0.05102216235282096,0.06969010390949265
mlp-fosls,101.57362984250616,0.059359284772931065,0.05082746043602063,0.0699870953617243
mlp-fosls,101.77327765215625,0.059346904972254776,0.05066493408304763,0.07023785179110303
mlp-fosls,101.97292546180634,0.05946030394437657,0.05076248969156739,0.07002341293396319
mlp-fosls,102.17257327145643,0.059575637598963824,0.05085985817649719,0.06980831536150754
mlp-fosls,102.37222108110652,0.05966443871789033,0.05090074610709552,0.06952309224720282
mlp-fosls,102.5718688907566,0.05954455985278006,0.050832847060038114,0.06908693331543245
mlp-fosls,102.77151670040669,0.05937057676604501,0.05076485719668137,0.06864800327940314
mlp-fosls,102.97116451005678,0.059242952058749916,0.050853348876299734,0.06853150468712593
mlp-fosls,103.17081231970687,0.05919149017169183,0.051058367541490166,0.06868262343358977
mlp-fosls,103.37046012935696,0.05914093070184391,0.051262566264957295,0.06883341041063581
mlp-fosls,103.57010793900704,0.05917748140707775,0.05107852081142808,0.06904255313981748
mlp-fosls,103.76975574865713,0.059235565033119573,0.05079779624029586,0.06926780795378837
mlp-fosls,103.96940355830722,0.059292837831870865,0.05052300927396704,0.0694899140305101
mlp-fosls,104.16905136795731,0.059234359770060106,0.05046846736337331,0.06936545271758333
mlp-fosls,104.36869917760741,0.05924285244304297,0.050413866444842276,0.06924076768395114
mlp-fosls,104.5683469872575,0.05924292506435257,0.050417214407455425,0.06912106332503372
mlp-fosls,104.76799479690759,0.059134800304861554,0.05058265905417307,0.06901792929096466
mlp-fosls,104.96764260655767,0.059010319228248884,0.05074756432947401,0.06891464091208684
mlp-fosls,105.16729041620776,0.05894512241475445,0.0509176289117577,0.06880649487009263
mlp-fosls,105.36693822585785,0.058950303113299754,0.051092955078569494,0.06869279977587972
mlp-fosls,105.56658603550794,0.0588951167922109,0.05126768166521651,0.06857891618996409
mlp-fosls,105.76623384515803,0.05886601512857735,0.05101384593853116,0.06861928182456031
mlp-fosls,105.96588165480811,0.05883950346482956,0.05059354416856432,0.06872684895213356
mlp-fosls,106.1655294644582,0.05881327652433141,0.050169721402781836,0.06883424798499896
mlp-fosls,106.36517727410829,0.05894741291023656,0.05024926890396289,0.06921726441276682
mlp-fosls,106.56482508375838,0.059222847563067796,0.050353154065918004,0.06962015128629058
mlp-fosls,106.76447289340847,0.05949685731683505,0.050422066230190604,0.06990685735116363
mlp-fosls,106.96412070305855,0.05962694197392569,0.05033670971203731,0.06957221294633957
mlp-fosls,107.16376851270864,0.059655501717945494,0.050251208207824166,0.0692359510932413
mlp-fosls,107.36341632235874,0.05960293597609481,0.05026792183030187,0.06905038937787299
mlp-fosls,107.56306413200883,0.05928976305345045,0.05042902433324123,0.06910772857629437
mlp-fosls,107.76271194165892,0.05898249942466308,0.050589613808250534,0.06916502023937875
mlp-fosls,107.96235975130901,0.05883995628793735,0.050652677769478356,0.0691349477905785
mlp-fosls,108.1620075609591,0.059009510276256595,0.05066219052696295,0.06905006598264123
mlp-fosls,108.36165537060918,0.05919952364851246,0.05067170149858777,0.06896507970276115
mlp-fosls,108.56130318025927,0.05925688211102825,0.05080508474008273,0.06892522014516964
mlp-fosls,108.76095098990936,0.059267551847542885,0.05095570219158092,0.06889367955772355
mlp-fosls,108.96059879955945,0.05927768079041085,0.05107908033588978,0.06885889050665214
mlp-fosls,109.16024660920954,0.05928698203174592,0.05097538976584522,0.06878361477702138
mlp-fosls,109.35989441885962,0.059245197574602365,0.05087148784534804,0.06870825657648608
mlp-fosls,109.55954222850971,0.059237894529552595,0.050757399199051006,0.06860461113779885
mlp-fosls,109.7591900381598,0.05933410547145626,0.05062327734787748,0.06843600834060845
mlp-fosls,109.95883784780989,0.05933755305950736,0.05048879920763046,0.06826698913693983
mlp-fosls,110.15848565745998,0.059302730742514215,0.05050707134899933,0.06838898914035038
mlp-fosls,110.35813346711008,0.059217631806883705,0.050642500095890206,0.06876420127344708
mlp-fosls,110.55778127676017,0.059210148088683696,0.05077756764233167,0.06913737714081522
mlp-fosls,110.75742908641026,0.059265889075900385,0.05072046795983112,0.06884114737417954
mlp-fosls,110.95707689606034,0.05900143193085256,0.05061402132676343,0.06833418424583125
mlp-fosls,111.15672470571043,0.0588627624996714,0.050506293020417856,0.06782343180120656
mlp-fosls,111.35637251536052,0.05880890744485372,0.05035801791503627,0.0681470350595711
mlp-fosls,111.5560203250106,0.05874607646509708,0.05020930493442344,0.06847512164042559
mlp-fosls,111.7556681346607,0.05868981542601643,0.050070111327662925,0.06875967522896002
mlp-fosls,111.95531594431078,0.05870210445793535,0.04995949445721503,0.0688974632362632
mlp-fosls,112.15496375396087,0.058650892891093584,0.049848632122420765,0.06903497623083836
mlp-fosls,112.35461156361096,0.05867019319328336,0.04992224044011115,0.06905282448477586
mlp-fosls,112.55425937326105,0.058911308570507165,0.05018929978594709,0.06892633855618165
mlp-fosls,112.75390718291114,0.05917846127215318,0.05045494559948577,0.06879962008759558
mlp-fosls,112.95355499256122,0.059389194522121505,0.05049472988981598,0.0687933028158531
mlp-fosls,113.15320280221131,0.05934833763114354,0.0504459821628948,0.06884293575782931
mlp-fosls,113.35285061186141,0.059278939570571426,0.05039718728374358,0.0688925329422541
mlp-fosls,113.5524984215115,0.05894425495199984,0.05091718235281509,0.06887985565906436
mlp-fosls,113.75214623116159,0.058736074306751235,0.05099437331219254,0.0688612086007039
mlp-fosls,113.95179404081168,0.05852451849728059,0.0509617588935352,0.06885259537919253
mlp-fosls,114.15144185046177,0.05881084180646944,0.05110991507459294,0.0689044620689666
mlp-fosls,114.35108966011185,0.05894259823459295,0.05100086022331225,0.06895628974630602
mlp-fosls,114.55073746976194,0.05895809006292023,0.05079308581886336,0.06890716967018047
mlp-fosls,114.75038527941203,0.058691050032718725,0.05089428701929724,0.06868706106750765
mlp-fosls,114.95003308906212,0.05853519327521996,0.050995287384255385,0.06846624485268643
mlp-fosls,115.1496808987122,0.05853289983992452,0.05108637312145335,0.06831146334905952
mlp-fosls,115.3493287083623,0.058637197481607686,0.05117179158925998,0.06820059714963189
mlp-fosls,115.54897651801238,0.058716082515793994,0.05125706770977993,0.06808955043354929
mlp-fosls,115.74862432766247,0.05873046116265919,0.05104408858874141,0.06817334317170375
mlp-fosls,115.94827213731256,0.05881093823165927,0.050784832232565816,0.06829639410407823
mlp-fosls,116.14791994696265,0.05889116467852469,0.050548970995842435,0.06841623700454404
mlp-fosls,116.34756775661275,0.05890588048987404,0.050536855809418676,0.06849023605261151
mlp-fosls,116.54721556626284,0.05877714054875846,0.050524737717928134,0.06856415523597552
mlp-fosls,116.74686337591292,0.05865989562454364,0.05050670202036486,0.06857403239178167
mlp-fosls,116.94651118556301,0.05859679000698166,0.050476615470003074,0.06842811286431762
mlp-fosls,117.1461589952131,0.05850279266896265,0.050446510975876026,0.06828188150508492
mlp-fosls,117.34580680486319,0.058390188642201676,0.050430480690457406,0.06826510518401273
mlp-fosls,117.54545461451328,0.058297709266924194,0.05042552166086558,0.06836720879429106
mlp-fosls,117.74510242416336,0.05834554136919927,0.050420562143536726,0.06846916014425808
mlp-fosls,117.94475023381345,0.05834634012737315,0.05036232585489899,0.06840374860027872
mlp-fosls,118.14439804346354,0.05824866819823543,0.05028987946655488,0.068282796646622
mlp-fosls,118.34404585311363,0.058340939336743336,0.05021857342151363,0.06816163006558554
mlp-fosls,118.54369366276372,0.05866450930835043,0.05020613528392755,0.06799242839694387
mlp-fosls,118.7433414724138,0.0588518383822635,0.050112724741658385,0.06782189930460719
mlp-fosls,118.94298928206389,0.05902633803830703,0.05011421681732798,0.06780390790309136
mlp-fosls,119.14263709171398,0.058936140072535365,0.050442229020526294,0.06835289909459577
mlp-fosls,119.34228490136408,0.0588223221444981,0.05073913235971625,0.06889751593737681
mlp-fosls,119.54193271101417,0.05878247019345981,0.05076520749941378,0.06898159181648128
mlp-fosls,119.74158052066426,0.058842422606053955,0.05055516059166046,0.06848494559412083
mlp-fosls,119.94122833031435,0.05883606762812633,0.05034423733098577,0.06798467133496888
mlp-fosls,120.14087613996443,0.058693189039367294,0.05023997002425718,0.0679935144055802
mlp-fosls,120.34052394961452,0.0586119278893157,0.050179028334327844,0.06825132325452461
mlp-fosls,120.54017175926461,0.05857231560873916,0.05011801254156327,0.06850816192808988
mlp-fosls,120.7398195689147,0.058801821323259146,0.050229005679682616,0.06834230514054225
mlp-fosls,120.93946737856479,0.05915950213858062,0.05035028921320693,0.06812979460872037
mlp-fosls,121.13911518821487,0.05951492154356258,0.050451667862771284,0.06795842492893835
mlp-fosls,121.33876299786496,0.05949987379227817,0.05045875290513124,0.0680630240705342
mlp-fosls,121.53841080751505,0.05943795523196228,0.050465836952801976,0.06816746271081305
mlp-fosls,121.73805861716514,0.059397516871821224,0.05036190968015261,0.06819599170039259
mlp-fosls,121.93770642681523,0.05924238926089047,0.05008155904147387,0.06809069868388103
mlp-fosls,122.13735423646531,0.05887649151109071,0.04979963017350046,0.06798524259365514
mlp-fosls,122.33700204611542,0.05852878258564835,0.04995118900884,0.06783908190659574
mlp-fosls,122.5366498557655,0.05845299192789047,0.050315110374576665,0.06766451265973059
mlp-fosls,122.73629766541559,0.05846985773564231,0.05025554294793658,0.06748949187116374
mlp-fosls,122.93594547506568,0.05842476399283431,0.05057976157435612,0.0674846097422768
mlp-fosls,123.13559328471577,0.05839019867760521,0.05026688905699566,0.06751673407748758
mlp-fosls,123.33524109436586,0.05835753809368957,0.04998519847705834,0.06757144404860478
mlp-fosls,123.53488890401594,0.0585681436582013,0.05008855489514332,0.06803888544466992
mlp-fosls,123.73453671366603,0.05874894556749928,0.05019169847869922,0.06850313725875704
mlp-fosls,123.93418452331612,0.058898745701619376,0.050266480087020386,0.06884118857484951
mlp-fosls,124.13383233296621,0.0587926204824801,0.05027828160924411,0.06886499788891094
mlp-fosls,124.3334801426163,0.05865380250419856,0.05029008036201664,0.06888879897400901
mlp-fosls,124.53312795226638,0.0585488153412223,0.0501668075700994,0.06874819122192447
mlp-fosls,124.73277576191647,0.058551865260697715,0.04992746453509346,0.06845013013015709
mlp-fosls,124.93242357156656,0.058579634956233285,0.049686968593693134,0.06815076546440683
mlp-fosls,125.13207138121665,0.05849749716335108,0.05002605486499414,0.06802349028335299
mlp-fosls,125.33171919086675,0.05831405705529544,0.05053351854127037,0.06795604717157934
mlp-fosls,125.53136700051684,0.05812679333628795,0.05103545157976168,0.06788853705922977
mlp-fosls,125.73101481016693,0.05812023758501257,0.05079055430896826,0.06789866436766986
mlp-fosls,125.93066261981701,0.05815558006840209,0.050544470479710335,0.06791094774907779
mlp-fosls,126.1303104294671,0.05818834919272572,0.05034744250077402,0.06795111126775563
mlp-fosls,126.32995823911719,0.05828023322374322,0.05031715834845458,0.06810050446411185
mlp-fosls,126.52960604876728,0.05824371842778997,0.05028685595817419,0.06824957065073839
mlp-fosls,126.72925385841737,0.05829262207163078,0.050260924906116396,0.06830117612590154
mlp-fosls,126.92890166806745,0.05829248697114797,0.050240100796575746,0.06822566628899068
mlp-fosls,127.12854947771754,0.05828989959558798,0.050219268052032674,0.06815007278772355
mlp-fosls,127.32819728736763,0.05834883996489226,0.050023045603197744,0.06825780016229033
mlp-fosls,127.52784509701772,0.05854780316728434,0.04974764151183342,0.068458020847496
mlp-fosls,127.7274929066678,0.058769212573040394,0.04947070426586003,0.06865765764805287
mlp-fosls,127.9271407163179,0.05883734374074073,0.049481395287695656,0.06843657667779478
mlp-fosls,128.12678852596798,0.058509134581986255,0.04951635591210528,0.06816450698436786
mlp-fosls,128.32643633561807,0.058175840485186536,0.04953080653809368,0.06796063461397604
mlp-fosls,128.52608414526816,0.05808594450728094,0.04943089373393962,0.06824641223822606
mlp-fosls,128.72573195491825,0.058131134737251886,0.04933077857036112,0.06853099816612496
mlp-fosls,128.92537976456833,0.05814149290000435,0.04945408928786195,0.06869416941418435
mlp-fosls,129.12502757421842,0.05794438009679996,0.04993494239973267,0.06863709537732889
mlp-fosls,129.3246753838685,0.057859337594083515,0.050411209047566165,0.06857997384199285
mlp-fosls,129.5243231935186,0.05790912132006788,0.050519462364624956,0.06840553807452754
mlp-fosls,129.72397100316869,0.05810388613024796,0.05039798696405301,0.06814679761082666
mlp-fosls,129.9236188128188,0.05805246220210941,0.05027621806030119,0.06788707100734497
mlp-fosls,130.1232666224689,0.05789896867652078,0.05020047373195484,0.0679412871100646
mlp-fosls,130.32291443211898,0.057832091091329446,0.05013315386015801,0.06806734595658363
mlp-fosls,130.52256224176907,0.05776916835888226,0.05007415569444192,0.06818608917423846
mlp-fosls,130.72221005141915,0.05777133024122866,0.050118086208768724,0.06814714648226143
mlp-fosls,130.92185786106924,0.05778222092161815,0.05008401430408563,0.0681081815237523
mlp-fosls,131.12150567071933,0.05780804769840294,0.050145645798784375,0.06812793751955264
mlp-fosls,131.32115348036942,0.057981425469094655,0.05015313422450082,0.06830355225165052
mlp-fosls,131.5208012900195,0.05816226721143603,0.050123051769354596,0.06847871661852198
mlp-fosls,131.7204490996696,0.058274890153924605,0.04998158301731474,0.06828272494067028
mlp-fosls,131.92009690931968,0.05812075368986409,0.049743127966786246,0.06771737993876728
mlp-fosls,132.11974471896977,0.057873486876482805,0.04950352430810779,0.06714727519579247
mlp-fosls,132.31939252861986,0.05782595495099437,0.049954883025423794,0.06739223561285843
mlp-fosls,132.51904033826995,0.05777397594743944,0.050608519829391296,0.06793060716142862
mlp-fosls,132.71868814792003,0.0575192618865204,0.050780468283081914,0.06846474536388529
mlp-fosls,132.91833595757012,0.05754156313499348,0.05091557282169793,0.068375982981213
mlp-fosls,133.1179837672202,0.05781299928263042,0.05069399070292294,0.06826377776211563
mlp-fosls,133.3176315768703,0.05812860631728641,0.05043606220541154,0.06819436730881202
mlp-fosls,133.51727938652039,0.05799125469672543,0.05026376527148569,0.06830327178930871
mlp-fosls,133.71692719617047,0.0577145531680734,0.05009087569354202,0.0684120029059169
mlp-fosls,133.91657500582056,0.05750763784193988,0.04999639711761665,0.06845884342158778
mlp-fosls,134.11622281547065,0.057528541336131986,0.049995343520049564,0.06842183147009426
mlp-fosls,134.31587062512074,0.057554299830333104,0.04999428990027859,0.0683847994866
mlp-fosls,134.51551843477083,0.05768396475227658,0.05017985015859757,0.06831037408097758
mlp-fosls,134.7151662444209,0.05780090563406538,0.05044858933315251,0.06821606759228764
mlp-fosls,134.914814054071,0.05800738580574076,0.0507159045021464,0.06812163054733802
mlp-fosls,135.1144618637211,0.058137426018833815,0.05064640018738785,0.06789854755103321
mlp-fosls,135.31410967337118,0.058161642873351314,0.05054717919125473,0.06765786326302183
mlp-fosls,135.51375748302127,0.058181539624325394,0.05038760767482694,0.06749357718184021
mlp-fosls,135.71340529267135,0.058272097609808025,0.04988256974140246,0.06791930232553901
mlp-fosls,135.91305310232147,0.058271822939472466,0.049372365963355196,0.06834237555115366
mlp-fosls,136.11270091197156,0.05827509356575543,0.049169655537406064,0.06850806748719065
mlp-fosls,136.31234872162165,0.05826615911293177,0.0494741593474385,0.06818963253055378
mlp-fosls,136.51199653127173,0.05820781686152687,0.049776800425542674,0.06786970353901989
mlp-fosls,136.71164434092182,0.05808405960987431,0.04997204857143055,0.06787536353249732
mlp-fosls,136.9112921505719,0.05800771136563773,0.0500993408452312,0.06812090885077017
mlp-fosls,137.110939960222,0.058024599464416834,0.05022631051379235,0.06836557226149145
mlp-fosls,137.3105877698721,0.05816462424481419,0.050130715426622605,0.06843455736636558
mlp-fosls,137.51023557952217,0.058089691877258286,0.04999262352981842,0.06846137621725637
mlp-fosls,137.70988338917226,0.05795781560654236,0.049863141699154324,0.06847279397724956
mlp-fosls,137.90953119882235,0.05783659118093874,0.04985166609859771,0.0680715417271943
mlp-fosls,138.10917900847244,0.0580136903486743,0.04984018785580777,0.06766791020257273
mlp-fosls,138.30882681812253,0.05821619850069411,0.04992772952441175,0.06738329921296718
mlp-fosls,138.5084746277726,0.05849815301483846,0.05024343206045564,0.067432627058589
mlp-fosls,138.7081224374227,0.058644146880552,0.05055716324087445,0.06748191884661577
mlp-fosls,138.9077702470728,0.05863408903469404,0.050428079786129065,0.06746890461565754
mlp-fosls,139.10741805672288,0.058313338513577104,0.04990631317701368,0.06739277021250571
mlp-fosls,139.30706586637297,0.05802863061401639,0.049379033596539126,0.06731654970209405
mlp-fosls,139.50671367602305,0.05797226735982703,0.04954516750240817,0.06764318332930955
mlp-fosls,139.70636148567314,0.05805998402725997,0.049926571409630006,0.06811818566181645
mlp-fosls,139.90600929532323,0.05812799171107712,0.050305083665570884,0.06858989856234526
mlp-fosls,140.10565710497332,0.0580633335409467,0.049920403894074074,0.06829640291347135
mlp-fosls,140.3053049146234,0.057950505003237396,0.04952666340971554,0.06796732075002415
mlp-fosls,140.5049527242735,0.057837243400459454,0.0492477673777504,0.06771282044095565
mlp-fosls,140.70460053392358,0.05776794310634738,0.04938066387832497,0.06778695237357793
mlp-fosls,140.90424834357367,0.05776898785048294,0.04951320367775852,0.06786100332389981
mlp-fosls,141.10389615322376,0.0578032663597151,0.04969612154783034,0.0678968406950148
mlp-fosls,141.30354396287385,0.05796031652616395,0.04993946941497794,0.06787965086142238
mlp-fosls,141.50319177252393,0.05812702839297893,0.05018163721922899,0.06786245667357602
mlp-fosls,141.70283958217402,0.058231652052923175,0.05020264595393508,0.06783449641415135
mlp-fosls,141.90248739182414,0.058122940424557276,0.050120934292122866,0.06780069539651899
mlp-fosls,142.10213520147423,0.05793849652941396,0.05003908919888973,0.06776687751949023
mlp-fosls,142.30178301112431,0.058013424708092294,0.049928476191222024,0.06786553748925381
mlp-fosls,142.5014308207744,0.05810079161415088,0.049814846531642275,0.06798218682976831
mlp-fosls,142.7010786304245,0.05825012520065124,0.04974703628691788,0.0680642354355425
mlp-fosls,142.90072644007458,0.05822848937485876,0.049955388292584335,0.06786564603247552
mlp-fosls,143.10037424972467,0.05824579542542684,0.05016287491356351,0.06766647380635084
mlp-fosls,143.30002205937475,0.05828118022668356,0.050215027552950105,0.0676291323364849
mlp-fosls,143.49966986902484,0.058392349775823506,0.05000649045114269,0.06790728717748318
mlp-fosls,143.69931767867493,0.05842062979199035,0.049797080058341894,0.06818430730765368
mlp-fosls,143.89896548832502,0.058455773262187816,0.04972880639422411,0.0683170086695369
mlp-fosls,144.0986132979751,0.05853288187930699,0.049753680630200366,0.06834099333544504
mlp-fosls,144.2982611076252,0.05863426304556804,0.04977854243657326,0.06836496958674894
mlp-fosls,144.49790891727528,0.058575648460753665,0.04978225932546006,0.06819943506691695
mlp-fosls,144.69755672692537,0.05827861032225043,0.04978176279504706,0.06798556026621948
mlp-fosls,144.89720453657546,0.057942824495035614,0.049789049585203575,0.06777578245505521
mlp-fosls,145.09685234622555,0.05787603887100015,0.04990906554398936,0.06772308427110778
mlp-fosls,145.29650015587563,0.05814244961217836,0.05002879359279606,0.06767034504853778
mlp-fosls,145.49614796552572,0.0584093285301375,0.05012551809458574,0.06771772004045465
mlp-fosls,145.6957957751758,0.05862997825782011,0.050167802805101414,0.06804970697684913
mlp-fosls,145.8954435848259,0.0586030526330867,0.05021005190529522,0.06838008212771221
mlp-fosls,146.095091394476,0.05846433099192796,0.05003937429578572,0.06861147498790211
mlp-fosls,146.29473920412607,0.05817866435001702,0.04967431147582328,0.06874067687508191
mlp-fosls,146.49438701377616,0.0578801394316644,0.049306545825888844,0.06886963637535284
mlp-fosls,146.69403482342625,0.057883454750569746,0.049255117294438995,0.06897351525054062
mlp-fosls,146.89368263307634,0.058020593200115614,0.04930626803125918,0.06906757911954346
mlp-fosls,147.09333044272643,0.05810830554133686,0.04935736575883886,0.06916151505607894
mlp-fosls,147.2929782523765,0.05797763569051126,0.04941494727032053,0.06844825750578165
mlp-fosls,147.4926260620266,0.057897728519098475,0.04947255172975039,0.06768414004499682
mlp-fosls,147.6922738716767,0.057830305635499964,0.049581377168729394,0.06708949014213289
mlp-fosls,147.8919216813268,0.05782736516548694,0.04987434299820659,0.06730154453932419
mlp-fosls,148.0915694909769,0.058140874777919474,0.050165597943787256,0.06751293288863938
mlp-fosls,148.29121730062698,0.0582836164455433,0.05023982467802027,0.06770811598572705
mlp-fosls,148.49086511027707,0.05814570862428081,0.05003913411237095,0.06788045545185292
mlp-fosls,148.69051291992716,0.05791106733757445,0.049837635394884845,0.06805235847761128
mlp-fosls,148.89016072957725,0.05774299876946472,0.04998991974855867,0.06792631439879036
mlp-fosls,149.08980853922733,0.05767921498134054,0.050314474713421924,0.06763253964964766
mlp-fosls,149.28945634887742,0.057626455132257635,0.05063694950239214,0.06733748325501192
mlp-fosls,149.4891041585275,0.05767586083696065,0.05052632744951006,0.06717562795789274
mlp-fosls,149.6887519681776,0.057930345417017734,0.050368009295642384,0.06703329317321706
mlp-fosls,149.8883997778277,0.058218852499587415,0.050204587982066826,0.06695459466052765
mlp-fosls,150.08804758747777,0.058234245512684496,0.05001028981980954,0.06743911701000188
mlp-fosls,150.28769539712786,0.05791568460724301,0.049815233827350466,0.06792018300933746
mlp-fosls,150.48734320677795,0.05763335158681668,0.04965640954611906,0.06817633702712214
mlp-fosls,150.68699101642804,0.0577424550775672,0.049562187887921993,0.0679847446581883
mlp-fosls,150.88663882607813,0.057986176821651844,0.04946778676536336,0.06779261082184679
mlp-fosls,151.08628663572821,0.058245115039894116,0.04964011345852699,0.067854801628077
mlp-fosls,151.2859344453783,0.05832803992305819,0.04999364034900292,0.0681144906812828
mlp-fosls,151.4855822550284,0.05827202354925855,0.05034468478911626,0.06837319341346752
mlp-fosls,151.68523006467848,0.05810985985655283,0.050120163806227545,0.06815872400802019
mlp-fosls,151.88487787432857,0.05800099706965361,0.04976989563987469,0.06781894346473726
mlp-fosls,152.08452568397865,0.057942906139107575,0.04944431915570442,0.06748264304240188
mlp-fosls,152.28417349362874,0.057827966876164046,0.04960369581946527,0.06737396680821979
mlp-fosls,152.48382130327883,0.05772396426976038,0.04976256204345707,0.06726511499255741
mlp-fosls,152.68346911292892,0.057630167253510764,0.04994774074300978,0.06723582994487386
mlp-fosls,152.883116922579,0.057764838516183414,0.050199993737099394,0.06744260070029488
mlp-fosls,153.0827647322291,0.05780319471340905,0.05045098549165038,0.06764873945656959
mlp-fosls,153.28241254187918,0.0578331674331096,0.05036583771494257,0.06765764815246968
mlp-fosls,153.48206035152927,0.057851781427603,0.04995990732520269,0.0674547209357387
mlp-fosls,153.68170816117936,0.05788697101394538,0.04955065157147534,0.06725118139864451
mlp-fosls,153.88135597082947,0.05795448273810794,0.04979569156597294,0.06729634363886762
mlp-fosls,154.08100378047956,0.058097054406666016,0.050263405315138586,0.0674420521872044
mlp-fosls,154.28065159012965,0.05826486139316564,0.05072680681074155,0.06758744661017047
mlp-fosls,154.48029939977974,0.05833784897234218,0.05043800853055081,0.06753155701866097
mlp-fosls,154.67994720942983,0.05833450554995827,0.05012698180646779,0.06746310827889151
mlp-fosls,154.87959501907991,0.05832398099483553,0.049836511005257655,0.06740010825584956
mlp-fosls,155.07924282873,0.058220846391131495,0.04963233806771643,0.06736374397464792
mlp-fosls,155.2788906383801,0.05796850551551871,0.04942732174576141,0.06732736005268279
mlp-fosls,155.47853844803018,0.05776557609818579,0.04944955428731397,0.067327428356302
mlp-fosls,155.67818625768027,0.05789516982500646,0.0497664481208046,0.06738199284950419
mlp-fosls,155.87783406733035,0.05828041931977347,0.050081336822288,0.06743651319328639
mlp-fosls,156.07748187698044,0.05852128093359954,0.05016706343081208,0.06752386197834225
mlp-fosls,156.27712968663053,0.058391241849369516,0.05013832265106471,0.0676302988800075
mlp-fosls,156.47677749628062,0.05810968965022013,0.05010956538679431,0.0677365685337549
mlp-fosls,156.6764253059307,0.057941843138060764,0.04998103237616829,0.06807686971728111
mlp-fosls,156.8760731155808,0.057835668208710944,0.04984042416868961,0.06845299208708942
mlp-fosls,157.07572092523088,0.05780742393560581,0.049723306816959606,0.0687605017640029
mlp-fosls,157.27536873488097,0.05785120579481162,0.04977342851989837,0.06840538423359872
mlp-fosls,157.47501654453106,0.05779705045833318,0.04982349980117176,0.06804841351166907
mlp-fosls,157.67466435418115,0.057576206764882405,0.04988983397131257,0.06779476280396737
mlp-fosls,157.87431216383123,0.057613841964512275,0.04998562506349937,0.06776241284351839
mlp-fosls,158.07395997348132,0.05764158848705382,0.05008123293502607,0.0677300474317319
mlp-fosls,158.2736077831314,0.057705230681846395,0.04998234060351965,0.06743150788180563
mlp-fosls,158.4732555927815,0.05784804699251893,0.049744285007380186,0.06691339498808128
mlp-fosls,158.6729034024316,0.058000325025782576,0.04950508468414825,0.06639123889827593
mlp-fosls,158.87255121208167,0.05804450422371406,0.04942792052333555,0.06659138775460174
mlp-fosls,159.07219902173176,0.058120263412622844,0.04938800660388598,0.06699222107754685
mlp-fosls,159.27184683138185,0.05825385799271488,0.04935200146453123,0.06738688180701029
mlp-fosls,159.47149464103194,0.05839857247531999,0.04940124141763428,0.0674475490795582
mlp-fosls,159.67114245068203,0.058309946499284664,0.0494504323403919,0.06750816183252845
mlp-fosls,159.87079026033211,0.05819024338718708,0.04949534221898211,0.06754009941932217
mlp-fosls,160.07043806998223,0.05804085328683008,0.049529030965596396,0.06748203495589442
mlp-fosls,160.27008587963232,0.05792057494981974,0.04956269681330769,0.06742392048824503
mlp-fosls,160.4697336892824,0.05785630194388679,0.04964594914464325,0.06740892919911788
mlp-fosls,160.6693814989325,0.05798542548613278,0.04977759136489,0.06744226601670307
mlp-fosls,160.86902930858258,0.058162774532004344,0.04990888636012067,0.06747558636398647
mlp-fosls,161.06867711823267,0.058163186287790714,0.04989335109039597,0.06769868263425763
mlp-fosls,161.26832492788276,0.05794962733941129,0.04982487712631428,0.06800115835591579
mlp-fosls,161.46797273753285,0.0577182424098919,0.04975630892937211,0.06830229458135895
mlp-fosls,161.66762054718293,0.057632495316952206,0.04972685158412434,0.06823581169713973
mlp-fosls,161.86726835683302,0.05759833668697573,0.04969880094439542,0.06814236799636919
mlp-fosls,162.0669161664831,0.057610429885318816,0.04969237414169995,0.06803012635609111
mlp-fosls,162.2665639761332,0.05757865335464529,0.049775059414176544,0.06782087750855272
mlp-fosls,162.4662117857833,0.05748853586021337,0.04985760755923735,0.06761098106102663
mlp-fosls,162.66585959543337,0.05757949796605363,0.04976991244419092,0.06760034037510125
mlp-fosls,162.86550740508346,0.05778945810133104,0.049654154100059675,0.06789876289994197
mlp-fosls,163.06515521473355,0.057906182964434685,0.04961786314635292,0.06819587955188736
mlp-fosls,163.26480302438364,0.05792158970720459,0.04959108637045896,0.06812375276963538
mlp-fosls,163.46445083403373,0.05788521736891783,0.04961275889954753,0.06782635761426112
mlp-fosls,163.66409864368381,0.0579622413770818,0.04963442196547619,0.06752765272847022
mlp-fosls,163.8637464533339,0.05821147003329845,0.049825116648279606,0.0672358386885732
mlp-fosls,164.063394262984,0.05834424508263127,0.0500368641061808,0.06694419294276119
mlp-fosls,164.26304207263408,0.058381275889201695,0.05019535596647062,0.06670353095573975
mlp-fosls,164.46268988228417,0.05819926745894068,0.0499519197212123,0.06705186435300999
mlp-fosls,164.66233769193425,0.05797672588129617,0.0497072912867738,0.06739839749182151
mlp-fosls,164.86198550158434,0.057767659536299795,0.04960778831556099,0.0675540050981005
mlp-fosls,165.06163331123443,0.057779946831511705,0.04978430843617637,0.06728967337366361
mlp-fosls,165.26128112088452,0.0581229115739981,0.04996020487723379,0.06702429918077829
mlp-fosls,165.4609289305346,0.058406010689533355,0.04997306539163146,0.06700587969497707
mlp-fosls,165.6605767401847,0.058365833304857936,0.04986626063739313,0.06719712746913711
mlp-fosls,165.86022454983478,0.05800404239948771,0.04975922663463101,0.06738783248116224
mlp-fosls,166.0598723594849,0.057653647295202226,0.04968953259563665,0.06758478184099212
mlp-fosls,166.259520169135,0.057474118284387435,0.04962875044729812,0.06778317084377067
mlp-fosls,166.45916797878508,0.05739962399150596,0.04958144891529468,0.06798065855578264
mlp-fosls,166.65881578843516,0.05748942820625663,0.049885673007443725,0.06782381947687509
mlp-fosls,166.85846359808525,0.05756647048728605,0.05018805302331645,0.06766661687409514
mlp-fosls,167.05811140773534,0.05763022902143739,0.05033924998004875,0.06758275782846151
mlp-fosls,167.25775921738543,0.057567841667028434,0.050079157284596665,0.06774341060102108
mlp-fosls,167.45740702703552,0.057687340802482334,0.04981770669267007,0.06790368328755514
mlp-fosls,167.6570548366856,0.05782236008026875,0.04973309226343545,0.06785761730909338
mlp-fosls,167.8567026463357,0.05797673401418175,0.04982820397575947,0.06756982927946806
mlp-fosls,168.05635045598578,0.05803569901659987,0.04992313448509019,0.06728081027191593
mlp-fosls,168.25599826563587,0.05809932466852013,0.04986558573014896,0.06765847500353192
mlp-fosls,168.45564607528596,0.05811322797514226,0.04975027472397117,0.06832903634460996
mlp-fosls,168.65529388493604,0.05807308137258871,0.04963469582872825,0.06899308063684723
mlp-fosls,168.85494169458613,0.057812136872245845,0.04970678725188966,0.06842785062981997
mlp-fosls,169.05458950423622,0.05755144732746095,0.049787592906358286,0.06775136764279015
mlp-fosls,169.2542373138863,0.05732719751354115,0.04991512698418442,0.06724323536563906
mlp-fosls,169.4538851235364,0.05744471173122986,0.05024686265288918,0.06771332944843031
mlp-fosls,169.65353293318648,0.0576300622407908,0.05056032368139275,0.06818018236661287
mlp-fosls,169.85318074283657,0.05782414846123338,0.050607501191696436,0.06834032406864125
mlp-fosls,170.05282855248666,0.05806758458689616,0.05054472400837588,0.0680051700069075
mlp-fosls,170.25247636213675,0.058304618617424225,0.050386665173373965,0.06766835598364924
mlp-fosls,170.45212417178683,0.05843123499600669,0.05022392006588685,0.06760795715526283
mlp-fosls,170.65177198143692,0.058276565595146226,0.05005835504825533,0.06772419574909548
mlp-fosls,170.851419791087,0.057993394951468644,0.049892240614045257,0.06784023517806931
mlp-fosls,171.0510676007371,0.05770125978786991,0.04991101269173736,0.06795035978477862
mlp-fosls,171.2507154103872,0.057565564781721895,0.04995552797568745,0.06805922803726873
mlp-fosls,171.45036322003727,0.05752059166855292,0.049993678797847385,0.06813417416731929
mlp-fosls,171.65001102968736,0.0576356447999037,0.04998001355504584,0.06776857495897899
mlp-fosls,171.84965883933745,0.05768526055158805,0.04996634457495161,0.06740099268170247
mlp-fosls,172.04930664898757,0.05771979461917942,0.04990655473606852,0.06716168534781441
mlp-fosls,172.24895445863766,0.05776487419436563,0.04975683465744726,0.06722394313425922
mlp-fosls,172.44860226828774,0.0578398253796282,0.04960666270404498,0.06728614331552527
mlp-fosls,172.64825007793783,0.057952214382765994,0.049493499694070464,0.06736073225871411
mlp-fosls,172.84789788758792,0.05816246479037987,0.04940833943463436,0.06744620078070263
mlp-fosls,173.047545697238,0.05837522485349108,0.04932303213924643,0.06753156113308453
mlp-fosls,173.2471935068881,0.058416066044456094,0.04966588202215806,0.06750187211148474
mlp-fosls,173.44684131653818,0.05824919894765153,0.0501119792322133,0.06743615903260057
mlp-fosls,173.64648912618827,0.058046579229857585,0.05054053050449239,0.06737038185720153
mlp-fosls,173.84613693583836,0.057859352539992005,0.050540694261149606,0.06752397642521317
mlp-fosls,174.04578474548845,0.057766196206206794,0.050504472886901165,0.06767903742289107
mlp-fosls,174.24543255513854,0.057698894508118936,0.05042014109431756,0.06780412725427881
mlp-fosls,174.44508036478862,0.05783901554427296,0.04995251040257186,0.06782513194629448
mlp-fosls,174.6447281744387,0.05801517668488486,0.04948046041688789,0.0678461301354033
mlp-fosls,174.8443759840888,0.05816260254992128,0.049323091987306666,0.0679380791056484
mlp-fosls,175.0440237937389,0.05816466537302109,0.04949779498225384,0.06811566397857206
mlp-fosls,175.24367160338898,0.058067610985777285,0.04967188352601652,0.06829278707095017
mlp-fosls,175.44331941303906,0.05799563239516737,0.049786422842020714,0.06828785575523742
mlp-fosls,175.64296722268915,0.0578971871239164,0.04987773715415227,0.06819822069776336
mlp-fosls,175.84261503233924,0.057723703182361315,0.04996888459664595,0.0681084676749783
mlp-fosls,176.04226284198933,0.05748892666854308,0.049925590911768826,0.06764535362122229
mlp-fosls,176.24191065163942,0.057447086669202466,0.04987515657361348,0.06714262887903676
mlp-fosls,176.4415584612895,0.05735962795057925,0.04982736817524523,0.06673361380090109
mlp-fosls,176.6412062709396,0.05727192984124413,0.049791812425756664,0.06691181651195048
mlp-fosls,176.84085408058968,0.05717505873581511,0.04975623126817414,0.06708954588406485
mlp-fosls,177.04050189023977,0.05702800648669294,0.04979360634401781,0.06725748589678218
mlp-fosls,177.24014969988986,0.05713916798710941,0.04993511388578838,0.06740932352521335
mlp-fosls,177.43979750953994,0.05729819044158202,0.05007622155105456,0.06756081991137992
mlp-fosls,177.63944531919003,0.05747025049375161,0.050146446586544005,0.06769908525895582
mlp-fosls,177.83909312884012,0.057649781567928035,0.050177306093762954,0.06782857039792556
mlp-fosls,178.03874093849024,0.05779583702222539,0.050208146633761046,0.06795780881954123
mlp-fosls,178.23838874814032,0.057894334222309565,0.049850897835504525,0.06786194045871753
mlp-fosls,178.4380365577904,0.05790966312336148,0.04943392501801946,0.06772042144378329
mlp-fosls,178.6376843674405,0.057890632370994066,0.0491154807378218,0.06759350209325761
mlp-fosls,178.8373321770906,0.05779918792284215,0.04966987455007952,0.06769107866835773
mlp-fosls,179.03697998674068,0.057726528063104444,0.0502181483881468,0.06778851478930903
mlp-fosls,179.23662779639076,0.05766846862055092,0.0505554467876228,0.06797883103413224
mlp-fosls,179.43627560604085,0.057809853221588506,0.05046269515892488,0.06839304536812492
mlp-fosls,179.63592341569094,0.05787707589894955,0.05036606434229418,0.06880476611896653
mlp-fosls,179.83557122534103,0.05788523754105443,0.05027522182825233,0.06874835141657407
mlp-fosls,180.03521903499112,0.05773362705380763,0.050094924362444726,0.06826333267897187
mlp-fosls,180.2348668446412,0.05760766921452663,0.049913975636870854,0.06777484307900107
mlp-fosls,180.4345146542913,0.057632689041674734,0.049887149265861526,0.06786401236704562
mlp-fosls,180.63416246394138,0.05785852860446229,0.04990052158690531,0.06814255260783257
mlp-fosls,180.83381027359147,0.058128006037194785,0.04991587522741119,0.06841995891015967
mlp-fosls,181.03345808324156,0.05813060491055099,0.05001083553661474,0.06813632281912706
mlp-fosls,181.23310589289164,0.05789455821742802,0.05010561587708682,0.06784166757698293
mlp-fosls,181.43275370254173,0.057603167004440285,0.0501299589086836,0.06756334694343849
mlp-fosls,181.63240151219182,0.05763571957282558,0.04994817234038966,0.06734931064597928
mlp-fosls,181.8320493218419,0.05776060426177694,0.04976572173800181,0.06713459196850605
mlp-fosls,182.031697131492,0.057903554750305786,0.049690543452694635,0.06721254739021967
mlp-fosls,182.23134494114208,0.05802064744877061,0.04972965588142534,0.06765723808254542
mlp-fosls,182.43099275079217,0.058108110628231444,0.04976873757235389,0.06809902498005345
mlp-fosls,182.63064056044226,0.05813293079477911,0.04972973356556001,0.06819482091632818
mlp-fosls,182.83028837009235,0.05803484850375892,0.04965969529097401,0.06812348737525176
mlp-fosls,183.02993617974244,0.05788884149988399,0.049589558097276755,0.06805207906098165
mlp-fosls,183.22958398939252,0.057810938271018464,0.049687648394576275,0.06777532724688207
mlp-fosls,183.4292317990426,0.057762542094677446,0.049794966716314726,0.0674747435503876
mlp-fosls,183.6288796086927,0.05770775776036229,0.04982804344795809,0.0672297101810333
mlp-fosls,183.8285274183428,0.057550286634530746,0.049516410448907325,0.06736089643259302
mlp-fosls,184.0281752279929,0.057581097185026686,0.049202803717244746,0.0674918276932794
mlp-fosls,184.227823037643,0.05766728277820571,0.049143748074420845,0.06756414220425092
mlp-fosls,184.42747084729308,0.05791274959191432,0.04945577914079989,0.06753327314521461
mlp-fosls,184.62711865694317,0.05789445992243678,0.04976585381609575,0.06750238996966024
mlp-fosls,184.82676646659326,0.057895619016361394,0.04986748834154082,0.06767386401334886
mlp-fosls,185.02641427624334,0.058008024966044985,0.049851653394327906,0.06798376041411268
mlp-fosls,185.22606208589343,0.05828675217170712,0.04983581341568231,0.0682922505822565
mlp-fosls,185.42570989554352,0.05845914504391307,0.04993782457588817,0.06819559705248306
mlp-fosls,185.6253577051936,0.058447122463162804,0.05005756345845244,0.06801079935664793
mlp-fosls,185.8250055148437,0.05834442101104824,0.0501646042570052,0.067836027838457
mlp-fosls,186.02465332449378,0.058083496359528336,0.050157877784398154,0.06785413314205041
mlp-fosls,186.22430113414387,0.057718935770817055,0.050151150409609734,0.06787223361595146
mlp-fosls,186.42394894379396,0.05743544635618035,0.05008887176123146,0.06787850230244613
mlp-fosls,186.62359675344405,0.05745947506531544,0.04991285069135277,0.06785471505950187
mlp-fosls,186.82324456309414,0.05747836006298706,0.0497362066704072,0.06783091947474394
mlp-fosls,187.02289237274422,0.057743733707545174,0.04970473937488111,0.06771428883979881
mlp-fosls,187.2225401823943,0.05796437942639948,0.04978756239759873,0.06750891995708877
mlp-fosls,187.4221879920444,0.057854291770028266,0.04987024787049607,0.06730292441243199
mlp-fosls,187.6218358016945,0.05775270487393867,0.049883616377800484,0.06723663915223176
mlp-fosls,187.82148361134458,0.05781751701914546,0.04987870774614321,0.06721881556757187
mlp-fosls,188.02113142099466,0.058093068964678016,0.049873158937337785,0.06720098725559812
mlp-fosls,188.22077923064475,0.05820626456001565,0.049838622097907334,0.06754439881560746
mlp-fosls,188.42042704029484,0.05821547451970686,0.04980406130876355,0.06789591296047057
mlp-fosls,188.62007484994493,0.05820644474316595,0.049718148015055044,0.06816476166666723
mlp-fosls,188.81972265959502,0.05842741327751089,0.04947955402846095,0.06811591761974625
mlp-fosls,189.0193704692451,0.058251651583050096,0.04923980393608256,0.06806703852296332
mlp-fosls,189.2190182788952,0.057984612987011366,0.04932068708553439,0.06808231477234751
mlp-fosls,189.41866608854528,0.057614311698577975,0.0497426944294228,0.06818131923016028
mlp-fosls,189.61831389819537,0.05775432077658542,0.050161151537904916,0.06828018013427499
mlp-fosls,189.81796170784546,0.05794705208223235,0.05004414450426883,0.06820977423893125
mlp-fosls,190.01760951749557,0.05813750049618556,0.04971101733803335,0.06805355950672258
mlp-fosls,190.21725732714566,0.058147733618614764,0.04937564268341597,0.06789698536271029
mlp-fosls,190.41690513679575,0.05797960041427126,0.049601167335286786,0.06781656377176537
mlp-fosls,190.61655294644584,0.057709964833179916,0.04985889884047161,0.0677451144481889
mlp-fosls,190.81620075609592,0.05744883457227046,0.05003465501543373,0.06771354445755581
mlp-fosls,191.015848565746,0.05747881972061934,0.04982488352102546,0.06796191691856761
mlp-fosls,191.2154963753961,0.05756865132667828,0.049614225109881956,0.0682093849810067
mlp-fosls,191.4151441850462,0.057644331935042134,0.04958226377720371,0.0683012459449987
mlp-fosls,191.61479199469628,0.05752265628012333,0.04981488030871369,0.06811143570496453
mlp-fosls,191.81443980434636,0.057608564506606785,0.04989961488069508,0.06792109502903965
mlp-fosls,192.01408761399645,0.057741425917697875,0.05005158287263562,0.06760015362339125
mlp-fosls,192.21373542364654,0.05793625285480014,0.049926399333974275,0.06718505480917729
mlp-fosls,192.41338323329663,0.05796820284416271,0.049800901124925676,0.06676737533794642
mlp-fosls,192.61303104294672,0.05791781138607399,0.04965195931344198,0.06698575549785177
mlp-fosls,192.8126788525968,0.057784135887154156,0.04949892657833753,0.06734833691426499
mlp-fosls,193.0123266622469,0.05763862456816721,0.04937262566291643,0.0676825745759861
mlp-fosls,193.21197447189698,0.057638398306519,0.049506355204100475,0.06744066798822614
mlp-fosls,193.41162228154707,0.057615771865614576,0.049639724478875366,0.0671978905633382
mlp-fosls,193.61127009119716,0.057560689624950756,0.04973889490494028,0.06703609989046672
mlp-fosls,193.81091790084724,0.05730322251494151,0.04976762281353549,0.06709031954191982
mlp-fosls,194.01056571049733,0.057222019432111484,0.04979633414877026,0.06714449541063798
mlp-fosls,194.21021352014742,0.057234403060004185,0.04972143082225602,0.06729569850552075
mlp-fosls,194.4098613297975,0.05733820152607663,0.04956312585920885,0.06754141652206125
mlp-fosls,194.6095091394476,0.057409446159885975,0.049404313646271444,0.06778624384244335
mlp-fosls,194.80915694909768,0.05768458275921953,0.04946407332434762,0.0678549058443252
mlp-fosls,195.00880475874777,0.05787361238866694,0.04958319568157245,0.06786019040643727
mlp-fosls,195.20845256839786,0.05781505431354472,0.049701520547470214,0.06786547455705003
mlp-fosls,195.40810037804795,0.05777883717222598,0.0497890120644628,0.06774486089882939
mlp-fosls,195.60774818769804,0.05790929873875369,0.04987635010683761,0.06761944941710346
mlp-fosls,195.80739599734812,0.05814649873341742,0.049916991577578,0.06751353536840668
mlp-fosls,196.00704380699824,0.05839021179660239,0.04981586573564752,0.06748870902722476
mlp-fosls,196.20669161664833,0.05827411977336062,0.04971453419100022,0.06746387355008396
mlp-fosls,196.40633942629842,0.05804542471844596,0.04969316114952461,0.06751650285817609
mlp-fosls,196.6059872359485,0.05764591598132476,0.04975952169951448,0.067673162672194
mlp-fosls,196.8056350455986,0.057780528622013924,0.04982579386719576,0.06782946066361108
mlp-fosls,197.00528285524868,0.05796095873840511,0.04982568912174038,0.06778295133284203
mlp-fosls,197.20493066489877,0.058111527218619494,0.049798015720281454,0.0676300887425875
mlp-fosls,197.40457847454886,0.057957102805121605,0.04977032693180224,0.06747687985725251
mlp-fosls,197.60422628419894,0.05777588339437586,0.04974685226533681,0.06739980331938873
mlp-fosls,197.80387409384903,0.057683966523122084,0.049723654675930526,0.06733240360766567
mlp-fosls,198.00352190349912,0.05770073354440362,0.049717707874291396,0.06733239640367823
mlp-fosls,198.2031697131492,0.05774509866044836,0.04979805422291691,0.0678376704559181
mlp-fosls,198.4028175227993,0.05767517275013523,0.04987827114589847,0.0683392088065806
mlp-fosls,198.60246533244938,0.05756691472634749,0.04998900333411895,0.06854057284829698
mlp-fosls,198.80211314209947,0.057601754267043795,0.05014586585723121,0.0681822777259224
mlp-fosls,199.00176095174956,0.05785832957536492,0.05024705274343607,0.06782208980425863
mlp-fosls,199.20140876139965,0.058090859164642954,0.050160802580659865,0.06793519683188887
mlp-fosls,199.40105657104974,0.05821050871630682,0.04984138716455342,0.06839317033814325
mlp-fosls,199.60070438069982,0.05821891939380243,0.04951991148455222,0.06884809749889298
mlp-fosls,199.8003521903499,0.058168366651059275,0.049630816276974354,0.06857979923911159
mlp-fosls,200.0,0.05799533901489898,0.049812406352076635,0.06813703376077862
mlp-pinn,1.1623682975769043,4.988294595542953,4.929405434060949,6.123539964695156
mlp-pinn,1.361404965947698,5.015421696364234,4.667780221833923,6.177537892512832
mlp-pinn,1.5604416343184921,5.0377961503842155,4.383502291192069,6.233107289592814
mlp-pinn,1.759478302689286,5.0624273716740795,4.079462277608199,6.2881856328927075
mlp-pinn,1.95851497106008,5.086859862287518,3.7508575835361215,6.342785714799252
mlp-pinn,2.157551639430874,5.109876616654827,3.3905534576986978,6.396919781739071
mlp-pinn,2.3565883078016676,5.128305744390881,3.0353963295363813,6.4467911118476895
mlp-pinn,2.555624976172462,5.098245108033209,3.035573185487961,6.455643548268517
mlp-pinn,2.7546616445432557,5.077075108445319,3.0357500311363115,6.465770110404984
mlp-pinn,2.9536983129140495,5.104151874011663,3.0359268664832335,6.475880837300207
mlp-pinn,3.1527349812848433,5.1310827330198805,3.0361036915305273,6.485975803008949
mlp-pinn,3.351771649655637,5.157870064397952,3.0362805062799922,6.496055081010561
mlp-pinn,3.550808318026431,5.152763805885639,3.059940042373768,6.503248764394025
mlp-pinn,3.7498449863972247,5.1911506037309145,3.1615992385462723,6.499566755451872
mlp-pinn,3.948881654768019,5.226824186311979,3.2600899416166977,6.495882659466529
mlp-pinn,4.147918323138812,5.259925430724694,3.355691152308918,6.4921964728850226
mlp-pinn,4.346954991509607,5.289730905175673,3.4486431813016476,6.488508192144286
mlp-pinn,4.5459916598804,5.312597002667321,3.53915476832991,6.484817813671119
mlp-pinn,4.745028328251195,5.340431322768627,3.6104668586746174,6.483769634170816
mlp-pinn,4.9440649966219885,5.362687510751931,3.651359425102492,6.488478060467788
mlp-pinn,5.143101664992782,5.384670407249365,3.6917990688798117,6.493183072526762
mlp-pinn,5.342138333363576,5.406386898438525,3.7318005143199824,6.497884677764322
mlp-pinn,5.54117500173437,5.427843558807897,3.7713777048150354,6.502582883570237
mlp-pinn,5.740211670105164,5.449046670050867,3.8105438596180683,6.5072776973075985
mlp-pinn,5.939248338475958,5.473565871169372,3.8462115662105445,6.50643496487722
mlp-pinn,6.138285006846751,5.493265836510643,3.878447119656311,6.498508218120807
mlp-pinn,6.337321675217545,5.512891182125234,3.910416948087365,6.490571790666095
mlp-pinn,6.53635834358834,5.532442794581391,3.9421275164316376,6.487468398718019
mlp-pinn,6.735395011959134,5.5519215422811445,3.973585031646616,6.486685917699858
mlp-pinn,6.9344316803299275,5.571328275993622,4.00479545690471,6.485903342280575
mlp-pinn,7.133468348700721,5.589225257368266,4.061048502316718,6.483303855004045
mlp-pinn,7.332505017071515,5.60455354227559,4.132086752023139,6.479680028372057
mlp-pinn,7.531541685442309,5.619823320146545,4.18097128693949,6.476054173943966
mlp-pinn,7.730578353813103,5.63503536145825,4.189477799281365,6.47242628831186
mlp-pinn,7.929615022183897,5.647917507927316,4.19796707456483,6.474063546350527
mlp-pinn,8.12865169055469,5.658192483613956,4.206439217151409,6.4791329105225826
mlp-pinn,8.327688358925485,5.673010072011054,4.228067349847187,6.481137914837685
mlp-pinn,8.526725027296278,5.688359144374251,4.252449618772564,6.482529903103674
mlp-pinn,8.725761695667073,5.703605080510772,4.2766928818368575,6.483921592533339
mlp-pinn,8.924798364037866,5.718749847280667,4.300799489735502,6.485312983319065
mlp-pinn,9.12383503240866,5.733795349735072,4.324771727648094,6.4867040756530265
mlp-pinn,9.322871700779453,5.748994479460389,4.348611817766607,6.4880948697271945
mlp-pinn,9.521908369150248,5.770789541692668,4.388232787664188,6.486911572128644
mlp-pinn,9.720945037521043,5.798506054974601,4.428149667671782,6.485675853903444
mlp-pinn,9.919981705891836,5.844222854008079,4.467709923425246,6.488369813904532
mlp-pinn,10.11901837426263,5.889199196369058,4.506922945918104,6.491415126772569
mlp-pinn,10.318055042633423,5.9334709021638865,4.5457977210841465,6.494459011664938
mlp-pinn,10.517091711004218,5.977076452168291,4.585946501430541,6.4975014705885314
mlp-pinn,10.71612837937501,6.020327068558826,4.640064244140939,6.495534825325297
mlp-pinn,10.915165047745806,6.062901302376806,4.693558039007021,6.491880996452966
mlp-pinn,11.114201716116598,6.103237696257676,4.746448982270812,6.488225109935733
mlp-pinn,11.313238384487393,6.142149830548647,4.798757007504322,6.4845671622934065
mlp-pinn,11.512275052858186,6.18050532819753,4.850500973388629,6.482649546734864
mlp-pinn,11.71131172122898,6.216169209894675,4.901160162156729,6.48341293473385
mlp-pinn,11.910348389599775,6.2465523444576405,4.949631910989243,6.485334913294831
mlp-pinn,12.109385057970568,6.276059325780203,4.9976335573403015,6.487256322431507
mlp-pinn,12.308421726341363,6.3052247483996435,5.045178519400946,6.489177162649686
mlp-pinn,12.507458394712156,6.331108140498648,5.092279588926316,6.491097434454433
mlp-pinn,12.70649506308295,6.356733133388097,5.138948971430483,6.49301713835006
mlp-pinn,12.905531731453744,6.379710708860481,5.189289713092681,6.493399232350777
mlp-pinn,13.104568399824538,6.396450710760395,5.245790348145631,6.4913872570886095
mlp-pinn,13.303605068195331,6.413081719972295,5.301688884401479,6.4893746580307035
mlp-pinn,13.502641736566126,6.429605595300332,5.3570041699885325,6.490435197448119
mlp-pinn,13.701678404936919,6.438164740614341,5.411754089716463,6.499665600345752
mlp-pinn,13.900715073307714,6.445601364723992,5.4659556326274,6.508882913400916
mlp-pinn,14.099751741678508,6.452104458783241,5.530332253933414,6.5301773966247785
mlp-pinn,14.298788410049301,6.4528925443501235,5.603869169496065,6.549479703906583
mlp-pinn,14.497825078420096,6.453680069115876,5.67645351419007,6.568725291285924
mlp-pinn,14.696861746790889,6.454467033624404,5.748121373865818,6.587914655858441
mlp-pinn,14.895898415161684,6.45358195066477,5.81890661195257,6.607048287500972
mlp-pinn,15.094935083532476,6.456133110794445,5.888841056486209,6.626126669017475
mlp-pinn,15.293971751903271,6.46959174441981,5.9540171258871215,6.640060727106669
mlp-pinn,15.493008420274064,6.472387300460822,6.016308194757838,6.649483412499773
mlp-pinn,15.692045088644859,6.477537901941517,6.077960895996576,6.658892764308111
mlp-pinn,15.891081757015652,6.482035393064248,6.138994462631211,6.668288838975123
mlp-pinn,16.090118425386446,6.4836439240358805,6.199427180890978,6.677671692547146
mlp-pinn,16.28915509375724,6.485247494497838,6.259276454201639,6.6870413806773135
mlp-pinn,16.488191762128032,6.483542495670708,6.299230820270839,6.693199233079976
mlp-pinn,16.687228430498827,6.482682072270427,6.333647371268483,6.697689726933816
mlp-pinn,16.88626509886962,6.481821079640971,6.367877913410581,6.7021772121339165
mlp-pinn,17.085301767240416,6.480959517194568,6.390711664508266,6.706661694719628
mlp-pinn,17.28433843561121,6.480097384342214,6.387180778342232,6.71114318071012
mlp-pinn,17.483375103982002,6.479854875145945,6.383647939193308,6.715621676104479
mlp-pinn,17.682411772352797,6.491295701362873,6.379516367900792,6.717379936136567
mlp-pinn,17.88144844072359,6.502208937702456,6.367502987645677,6.718463671001985
mlp-pinn,18.080485109094386,6.513088042376682,6.33609306038645,6.7205469185488305
mlp-pinn,18.27952177746518,6.523933343668178,6.304526646948051,6.726349522094258
mlp-pinn,18.478558445835972,6.534745164624967,6.272801384890068,6.732147124234522
mlp-pinn,18.677595114206767,6.544979165102442,6.240914851724821,6.737939737879867
mlp-pinn,18.87663178257756,6.549063628122492,6.160048305979774,6.741649646958228
mlp-pinn,19.075668450948356,6.553134665788316,6.034597210357257,6.743723659300335
mlp-pinn,19.274705119319147,6.557192342754879,5.906482189129069,6.7457970339821385
mlp-pinn,19.473741787689942,6.564031337947416,5.775525968234081,6.747869771591426
mlp-pinn,19.672778456060737,6.572760518811332,5.64153069379167,6.749941872715085
mlp-pinn,19.87181512443153,6.581127729267407,5.50427442341321,6.752013337939102
mlp-pinn,20.070851792802323,6.587968713487456,5.377967992873478,6.752905462541368
mlp-pinn,20.269888461173117,6.594801847487899,5.257265233675926,6.753216078071881
mlp-pinn,20.468925129543912,6.601627160293632,5.133725327874836,6.753526679316226
mlp-pinn,20.667961797914707,6.606102177027709,5.007138279187982,6.753837266276376
mlp-pinn,20.8669984662855,6.610330348065712,4.877266832125918,6.754147838954301
mlp-pinn,21.066035134656293,6.614567006315658,4.743841244877574,6.754458397351971
mlp-pinn,21.265071803027087,6.618927747153256,4.686125404973597,6.756181040990369
mlp-pinn,21.464108471397882,6.623285541558614,4.6561441336396605,6.758307356280393
mlp-pinn,21.663145139768677,6.6276403956411585,4.625968555374656,6.760433002794247
mlp-pinn,21.862181808139468,6.6319923154887785,4.595594842607771,6.762557981162574
mlp-pinn,22.061218476510263,6.636341307167934,4.565019040430303,6.76468229201502
mlp-pinn,22.260255144881057,6.642794561116064,4.534237060584643,6.766805935980251
mlp-pinn,22.459291813251852,6.652779541878347,4.58686230720894,6.767998206596688
mlp-pinn,22.658328481622647,6.662737668185839,4.653674775309956,6.769072892417237
mlp-pinn,22.857365149993438,6.67266916740566,4.719541503516862,6.770147407643334
mlp-pinn,23.056401818364233,6.682574263703572,4.784501551100204,6.77122175235619
mlp-pinn,23.255438486735027,6.6924531781067405,4.848591360544041,6.772295926636958
mlp-pinn,23.454475155105822,6.706950119018301,4.911844996597955,6.77336993056672
mlp-pinn,23.653511823476613,6.724911738160483,5.002647365885378,6.772772979371327
mlp-pinn,23.852548491847408,6.742788176120554,5.092972837050918,6.773054747168603
mlp-pinn,24.051585160218202,6.751032844170027,5.181724034573537,6.776155408936398
mlp-pinn,24.250621828588997,6.752752088586234,5.268980510688536,6.809481598651164
mlp-pinn,24.44965849695979,6.754470874511018,5.354815335149681,6.842645479540761
mlp-pinn,24.648695165330583,6.755295466659747,5.437756369639611,6.8527958349606335
mlp-pinn,24.847731833701378,6.755810597109624,5.500380969232612,6.852763178135966
mlp-pinn,25.046768502072172,6.75632563431258,5.562300538251813,6.852730521155672
mlp-pinn,25.245805170442967,6.756840578314634,5.623538365564561,6.852697864019748
mlp-pinn,25.44484183881376,6.757355429161766,5.684116485445794,6.852665206728193
mlp-pinn,25.643878507184553,6.757811972636303,5.744055770207734,6.8526325492810045
mlp-pinn,25.842915175555348,6.757788383415965,5.801044896988082,6.848583143808502
mlp-pinn,26.041951843926142,6.757851103777735,5.804900605673648,6.843748480521506
mlp-pinn,26.240988512296934,6.75791378842834,5.78897771615486,6.8389103994439715
mlp-pinn,26.440025180667728,6.7579764373707185,5.773010908921338,6.834068893317171
mlp-pinn,26.639061849038523,6.758039050607811,5.756999818561056,6.829223954856647
mlp-pinn,26.838098517409318,6.758126384955912,5.7409440745664195,6.824375576752083
mlp-pinn,27.037135185780112,6.7578350238100615,5.731652814639542,6.820899738147881
mlp-pinn,27.236171854150903,6.757474116990049,5.726920952763001,6.8174498934194405
mlp-pinn,27.435208522521698,6.757113186865761,5.722185177956614,6.813998302076663
mlp-pinn,27.634245190892493,6.756752233432172,5.717445480497113,6.810544961463991
mlp-pinn,27.833281859263288,6.756391256684255,5.712701850620892,6.80708986891913
mlp-pinn,28.03231852763408,6.75624341572593,5.707954278523774,6.8042823769655145
mlp-pinn,28.231355196004873,6.75708669696769,5.704804795337758,6.805272827582458
mlp-pinn,28.430391864375668,6.757937618136394,5.7021791283378365,6.806263134068563
mlp-pinn,28.629428532746463,6.758788428912288,5.699552251747028,6.807253296486733
mlp-pinn,28.828465201117258,6.759639129339522,5.69692416389209,6.808243314899825
mlp-pinn,29.02750186948805,6.760489719462212,5.6942948630959185,6.809233189370653
mlp-pinn,29.226538537858843,6.761152556489713,5.691664347677534,6.810165638530866
mlp-pinn,29.425575206229638,6.761459935370202,5.688331857199059,6.8109668445590925
mlp-pinn,29.624611874600433,6.761767299931577,5.684928004597285,6.811767956348776
mlp-pinn,29.823648542971224,6.762074650175884,5.68152211271621,6.8125689739331605
mlp-pinn,30.02268521134202,6.76238198610517,5.6781141778861794,6.813369897345472
mlp-pinn,30.221721879712813,6.762689307721482,5.674704196426527,6.814170726618918
mlp-pinn,30.420758548083608,6.762614246583859,5.671663129702357,6.8149624538864835
mlp-pinn,30.6197952164544,6.762150399566282,5.673777192713201,6.815742661133805
mlp-pinn,30.818831884825194,6.761686516357882,5.675890468312426,6.816522779079973
mlp-pinn,31.01786855319599,6.761222596949409,5.678002957379223,6.817302807755644
mlp-pinn,31.216905221566783,6.760758641331609,5.68011466079115,6.8180827471914585
mlp-pinn,31.415941889937578,6.760294649495227,5.6822255794241325,6.818862597418038
mlp-pinn,31.61497855830837,6.76011293569154,5.68432428298213,6.818898796114074
mlp-pinn,31.814015226679164,6.760182318452281,5.686382541200476,6.81836885932778
mlp-pinn,32.013051895049955,6.7602516842532445,5.688440054675697,6.817838881350576
mlp-pinn,32.21208856342075,6.76032103309595,5.690496824215624,6.817308862172853
mlp-pinn,32.411125231791544,6.760390364981914,5.6925528506266305,6.816778801785001
mlp-pinn,32.61016190016234,6.760459679912657,5.694608134713629,6.816248700177408
mlp-pinn,32.809198568533134,6.760788732183608,5.6975340250979265,6.816230636507568
mlp-pinn,33.00823523690393,6.761209878510147,5.701900178878208,6.816420950318101
mlp-pinn,33.20727190527472,6.761630983198612,5.706262991891814,6.816611258815239
mlp-pinn,33.40630857364552,6.76205204626253,5.710622471795599,6.816801561999427
mlp-pinn,33.60534524201631,6.762473067715428,5.714978626217218,6.816991859871111
mlp-pinn,33.8043819103871,6.762887746980013,5.719331462755275,6.8171821524307346
mlp-pinn,34.003418578757895,6.770170692458703,5.723646730142174,6.817997543312416
mlp-pinn,34.20245524712869,6.7721361488023675,5.716622078804951,6.818928167712791
mlp-pinn,34.401491915499484,6.771996343300556,5.6596059316249345,6.819858665122006
mlp-pinn,34.60052858387028,6.771856466960736,5.60200951540499,6.820789035592034
mlp-pinn,34.799565252241074,6.771716519770074,5.543814744387834,6.82171927917481
mlp-pinn,34.99860192061187,6.771576501715719,5.485414724086776,6.822649395922238
mlp-pinn,35.19763858898266,6.771959344798684,5.440441307831664,6.822746041781345
mlp-pinn,35.39667525735346,6.7724530501556615,5.395093006862274,6.822820233944677
mlp-pinn,35.595711925724245,6.772946719007921,5.349360287121008,6.822894425301243
mlp-pinn,35.79474859409504,6.773102883657808,5.303233203448672,6.823078706841934
mlp-pinn,35.993785262465835,6.773016537273735,5.256701374331014,6.825814614019632
mlp-pinn,36.19282193083663,6.772930149816736,5.211594154269892,6.828549425036634
mlp-pinn,36.391858599207424,6.773153709682981,5.176248416505909,6.83089085851716
mlp-pinn,36.59089526757822,6.773374852645711,5.140659657080962,6.831106791929783
mlp-pinn,36.789931935949014,6.773595965059052,5.104822793251454,6.8313227185168985
mlp-pinn,36.98896860431981,6.7738170469305565,5.068732562589922,6.831538638279155
mlp-pinn,37.188005272690596,6.7740380982677735,5.032383513964256,6.831754551217199
mlp-pinn,37.38704194106139,6.774319582472368,5.001523035782354,6.831970457331678
mlp-pinn,37.586078609432185,6.775085072105657,4.984809712799419,6.831875869145457
mlp-pinn,37.78511527780298,6.775850395062752,4.968040163704126,6.83095149252597
mlp-pinn,37.984151946173775,6.776615551454494,4.951213817190205,6.830026990801248
mlp-pinn,38.18318861454457,6.777380541391603,4.934330092210401,6.829102363920483
mlp-pinn,38.382225282915364,6.778145364984677,4.917388397742342,6.828177611832832
mlp-pinn,38.58126195128616,6.778811022548745,4.904833770503256,6.827252734487416
mlp-pinn,38.78029861965695,6.779193473248778,4.898375082553196,6.826300249676592
mlp-pinn,38.97933528802774,6.7795758653039595,4.891907867334265,6.826655566729767
mlp-pinn,39.178371956398536,6.7799581987367565,4.885432090981893,6.827510919254321
mlp-pinn,39.37740862476933,6.780340473569627,4.878947719406773,6.828366164633488
mlp-pinn,39.576445293140125,6.78072268982501,4.8724547182927616,6.829221302907523
mlp-pinn,39.77548196151092,6.781066513581605,4.8696259145665435,6.829519713299976
mlp-pinn,39.974518629881715,6.781407380883534,4.869795587861724,6.829306669643462
mlp-pinn,40.17355529825251,6.781748202326542,4.869965255245358,6.829093619340737
mlp-pinn,40.372591966623304,6.7820889779262,4.870134916718063,6.828880562391179
mlp-pinn,40.5716286349941,6.782429707698077,4.870304572280457,6.828667498794165
mlp-pinn,40.770665303364886,6.782770391657722,4.870474221933158,6.828454428549073
mlp-pinn,40.96970197173568,6.782816915646518,4.876270915206879,6.8282068911490885
mlp-pinn,41.168738640106476,6.782472498114505,4.884632827181321,6.827941068731152
mlp-pinn,41.36777530847727,6.782127859915766,4.892980448996524,6.827675235963931
mlp-pinn,41.566811976848065,6.781783000954703,4.9013138536669,6.827409392846215
mlp-pinn,41.76584864521886,6.7814379211355735,4.909633113587198,6.827143539376797
mlp-pinn,41.964885313589654,6.781092620362499,4.9179383005398485,6.826877675554467
mlp-pinn,42.16392198196045,6.780965169317531,4.92506239799114,6.826672726341253
mlp-pinn,42.362958650331244,6.781104941099995,4.931927305178255,6.826484614995201
mlp-pinn,42.56199531870203,6.781244641031854,4.938782670154605,6.826296498465389
mlp-pinn,42.761031987072826,6.781384269126091,4.945628532600892,6.826108376751389
mlp-pinn,42.96006865544362,6.781523825395677,4.952464931923564,6.825920249852772
mlp-pinn,43.159105323814416,6.781663309853569,4.9592919072574535,6.825732117769111
mlp-pinn,43.35814199218521,6.7823535838552065,4.968825284274116,6.826631756803399
mlp-pinn,43.557178660556005,6.783142331793631,4.978501422526164,6.827618922574559
mlp-pinn,43.7562153289268,6.783930985460806,4.988158790831375,6.828605945637785
mlp-pinn,43.955251997297594,6.784719544891399,4.997797497998654,6.829592826054949
mlp-pinn,44.15428866566839,6.785508010120049,5.007417651789682,6.83057956388788
mlp-pinn,44.35332533403918,6.786295353866965,5.017127363264856,6.831508582842677
mlp-pinn,44.55236200240997,6.786194462561307,5.028050761223822,6.831668523037757
mlp-pinn,44.751398670780766,6.785992643965775,5.038950479580638,6.831828459488471
mlp-pinn,44.95043533915156,6.785790816439822,5.049826671667894,6.831988392195083
mlp-pinn,45.149472007522355,6.785588979982129,5.060679489170494,6.832148321157854
mlp-pinn,45.34850867589315,6.785387134591377,5.071509082150344,6.832308246377048
mlp-pinn,45.547545344263945,6.785244294546135,5.083101672958286,6.832385804721935
mlp-pinn,45.74658201263474,6.785700298911102,5.09780058552353,6.832146099960978
mlp-pinn,45.945618681005534,6.786166964510674,5.112457237170476,6.831906386789723
mlp-pinn,46.14465534937632,6.786633588865451,5.1270719903302995,6.831666665207285
mlp-pinn,46.34369201774712,6.787100171987717,5.141645202283236,6.831426935212776
mlp-pinn,46.54272868611791,6.787566713889749,5.156177225260488,6.831187196805313
mlp-pinn,46.741765354488706,6.787793329028613,5.172412152444528,6.831147923722611
mlp-pinn,46.9408020228595,6.787002970592889,5.19223505833687,6.831490069462455
mlp-pinn,47.139838691230295,6.786212517934089,5.211982571660147,6.831832198067261
mlp-pinn,47.33887535960109,6.785421971017765,5.2316555461493985,6.832174309539601
mlp-pinn,47.537912027971885,6.784631329809445,5.251254819547648,6.832516403882052
mlp-pinn,47.73694869634267,6.783840594274637,5.270781214022172,6.832858481097184
mlp-pinn,47.93598536471347,6.783369829644952,5.292584840384875,6.83320928366375
mlp-pinn,48.13502203308426,6.783576541784406,5.317093319310732,6.833570130128102
mlp-pinn,48.33405870145506,6.783783243598126,5.341489346600426,6.833930957538973
mlp-pinn,48.53309536982585,6.783989935087792,5.365774456071823,6.834291765899382
mlp-pinn,48.732132038196646,6.784196616255083,5.389950146988364,6.834652555212345
mlp-pinn,48.93116870656744,6.784403287101677,5.41401788513918,6.835013325480878
mlp-pinn,49.130205374938235,6.784261888785457,5.4404981144656235,6.835224637102727
mlp-pinn,49.32924204330903,6.78388338931578,5.46869156248066,6.835334081326685
mlp-pinn,49.52827871167982,6.784031084722502,5.496740404784485,6.8354435237983004
mlp-pinn,49.72731538005061,6.784850634534468,5.52464684388364,6.8355529645176585
mlp-pinn,49.92635204842141,6.785670037303753,5.5524130269349214,6.835662403484841
mlp-pinn,50.1253887167922,6.786489293118431,5.580041047673374,6.835771840699934
mlp-pinn,50.324425385162996,6.787161591094417,5.611993295931569,6.835893268464343
mlp-pinn,50.52346205353379,6.78721492424674,5.645598817906597,6.836018948986238
mlp-pinn,50.722498721904586,6.7872387942802925,5.679005482645342,6.836144627197534
mlp-pinn,50.92153539027538,6.78726259522568,5.71221677906952,6.836270303098358
mlp-pinn,51.120572058646175,6.787286327085079,5.745236095257605,6.836395976688837
mlp-pinn,51.31960872701696,6.787309989860655,5.778066722478924,6.836521647969098
mlp-pinn,51.51864539538776,6.78771089690879,5.811088036257222,6.836867688364547
mlp-pinn,51.71768206375855,6.788197374498378,5.843999319628315,6.837248439121406
mlp-pinn,51.91671873212935,6.788116370494178,5.876726293651985,6.8376291686763055
mlp-pinn,52.11575540050014,6.787782059212734,5.909272020577914,6.8380098770327855
mlp-pinn,52.314792068870936,6.787447684903949,5.941639478786085,6.838390564194388
mlp-pinn,52.51382873724173,6.787113247544747,5.973831565967839,6.838765564452087
mlp-pinn,52.712865405612526,6.787062249255801,6.003983677690055,6.838455413697809
mlp-pinn,52.91190207398332,6.787385414390254,6.033888482692236,6.838145248876341
mlp-pinn,53.11093874235411,6.7878604865964185,6.063645804395521,6.837835069985768
mlp-pinn,53.3099754107249,6.788335509300815,6.093257803569518,6.837524877024175
mlp-pinn,53.5090120790957,6.788810482520656,6.122726588731382,6.837214669989649
mlp-pinn,53.70804874746649,6.789242269363182,6.151601983631018,6.8370449251292005
mlp-pinn,53.90708541583729,6.78931593915963,6.1743082218871495,6.8377220282435545
mlp-pinn,54.10612208420808,6.78937388306459,6.1969312625454736,6.838399064314641
mlp-pinn,54.305158752578876,6.789428631091599,6.219472013488252,6.839076033362368
mlp-pinn,54.50419542094967,6.789483378305798,6.241931366204998,6.83975293540664
mlp-pinn,54.703232089320466,6.789538124707224,6.264310196203886,6.840429770467347
mlp-pinn,54.90226875769125,6.789503829898068,6.2855389730464895,6.840967908932689
mlp-pinn,55.10130542606205,6.791365224059205,6.301744655693525,6.841158982485841
mlp-pinn,55.30034209443284,6.794043478494242,6.317908770268646,6.8413500507024585
mlp-pinn,55.49937876280364,6.79569577477049,6.334031635010442,6.841541113582989
mlp-pinn,55.69841543117443,6.79555718342548,6.350113564117466,6.841732171127878
mlp-pinn,55.89745209954523,6.795418538544667,6.36615486781968,6.841923223337573
mlp-pinn,56.09648876791602,6.79558173355867,6.380825421596338,6.842129886710661
mlp-pinn,56.295525436286816,6.796157583690482,6.3922634254618,6.8423575100295135
mlp-pinn,56.49456210465761,6.79668574086132,6.403680999245915,6.842585125776318
mlp-pinn,56.6935987730284,6.797213840074072,6.415078252033228,6.842812733951832
mlp-pinn,56.89263544139919,6.797741881350133,6.4264552919409805,6.84304033455681
mlp-pinn,57.09167210976999,6.798269864710892,6.437812226131077,6.843267927592008
mlp-pinn,57.29070877814078,6.798443710595828,6.447716662606351,6.846662932847615
mlp-pinn,57.48974544651158,6.798692344878143,6.455402956777541,6.849455954506141
mlp-pinn,57.68878211488237,6.799056066987829,6.46308010993929,6.852247837710611
mlp-pinn,57.88781878325317,6.799116945081309,6.47074815462737,6.855038583852016
mlp-pinn,58.08685545162396,6.798908016443776,6.478407123185,6.857828194318518
mlp-pinn,58.28589211999475,6.798699069350305,6.486057047764442,6.860616670495451
mlp-pinn,58.48492878836554,6.798671532802038,6.4921322456070705,6.862890550936745
mlp-pinn,58.68396545673634,6.798733855299727,6.496705778174127,6.864862092583846
mlp-pinn,58.88300212510713,6.798796168772363,6.501276093342835,6.866833068180154
mlp-pinn,59.08203879347793,6.798858473220658,6.505843197893802,6.868803478212946
mlp-pinn,59.28107546184872,6.79892076864533,6.510407098583855,6.870773323168803
mlp-pinn,59.48011213021952,6.798983055047094,6.51496780214615,6.872742603533604
mlp-pinn,59.67914879859031,6.798722540686548,6.520000507843609,6.874696225313717
mlp-pinn,59.878185466961106,6.798389646534535,6.525328944826871,6.876644907311296
mlp-pinn,60.077222135331894,6.79805670843671,6.530653034276878,6.8785930372539195
mlp-pinn,60.27625880370269,6.797723726378477,6.535972786817906,6.880540615610507
mlp-pinn,60.47529547207348,6.7973907003452325,6.541288213031028,6.882487642849316
mlp-pinn,60.67433214044428,6.797338620028175,6.546599323454361,6.884434119437941
mlp-pinn,60.87336880881507,6.797489239947228,6.550726461310545,6.885496422463082
mlp-pinn,61.07240547718587,6.7976219083726726,6.554435370999841,6.886467464476452
mlp-pinn,61.27144214555666,6.797743554923828,6.5581421831425315,6.887438369585137
mlp-pinn,61.47047881392746,6.797865198100638,6.56184690129335,6.8884091378470265
mlp-pinn,61.66951548229825,6.797986837903411,6.565549528997005,6.889379769319968
mlp-pinn,61.86855215066904,6.798101571676721,6.569250069788214,6.890350336335188
mlp-pinn,62.067588819039834,6.79810581184228,6.571733378933521,6.89132252365606
mlp-pinn,62.26662548741063,6.797893237314386,6.574020478339483,6.892294573845796
mlp-pinn,62.46566215578142,6.797594636660031,6.57630678234104,6.8932664869624105
mlp-pinn,62.66469882415222,6.797296021537383,6.578592291767491,6.894238263063873
mlp-pinn,62.86373549252301,6.796997391944177,6.580877007446692,6.895209902208117
mlp-pinn,63.06277216089381,6.796711172959555,6.583160930205064,6.896107893661983
mlp-pinn,63.2618088292646,6.796477371967749,6.585823232941554,6.896659188552698
mlp-pinn,63.4608454976354,6.796547390677423,6.588498124758351,6.897210439378345
mlp-pinn,63.659882166006184,6.796741215612117,6.591171931025307,6.897761646149487
mlp-pinn,63.85891883437698,6.797048502320509,6.593844653062995,6.8983128088766845
mlp-pinn,64.05795550274777,6.797355753759531,6.596516292189311,6.898863927570494
mlp-pinn,64.25699217111857,6.797463249156016,6.599150502062825,6.899452911505203
mlp-pinn,64.45602883948936,6.797336793718953,6.601428366148854,6.900126469200383
mlp-pinn,64.65506550786016,6.797357491221534,6.603705444514724,6.900799961152466
mlp-pinn,64.85410217623095,6.797372615683081,6.605981737972948,6.901473387380698
mlp-pinn,65.05313884460175,6.797387736148914,6.608257247334639,6.902146747904316
mlp-pinn,65.25217551297254,6.797402852619115,6.610531973409513,6.90282004274255
mlp-pinn,65.45121218134334,6.797380117666721,6.612728885679742,6.9034791462609535
mlp-pinn,65.65024884971413,6.7973207697105495,6.614623393833522,6.904120802912357
mlp-pinn,65.84928551808493,6.797363544848054,6.616517359532595,6.90476239993488
mlp-pinn,66.04832218645572,6.797406319501617,6.618410783242654,6.905403937345143
mlp-pinn,66.2473588548265,6.797449093671258,6.620303665428732,6.906045415159757
mlp-pinn,66.4463955231973,6.797491867356993,6.622196006555195,6.90668683339533
mlp-pinn,66.64543219156809,6.797390417303691,6.623918866098045,6.9072959904998985
mlp-pinn,66.84446885993889,6.797178145354674,6.625263548349619,6.907882598688547
mlp-pinn,67.04350552830968,6.796969585780355,6.626607957736052,6.908469157067438
mlp-pinn,67.24254219668047,6.79676100664309,6.627952094423387,6.909055665649259
mlp-pinn,67.44157886505127,6.79655240793866,6.629295958577498,6.909642124446691
mlp-pinn,67.64061553342206,6.796343789662842,6.6306395503640925,6.910228533472408
mlp-pinn,67.83965220179286,6.7964331535002165,6.631722680764027,6.91065531221537
mlp-pinn,68.03868887016365,6.796660632936067,6.632465226378462,6.911021836397886
mlp-pinn,68.23772553853445,6.7968964063809825,6.633207688869615,6.9113883411429216
mlp-pinn,68.43676220690524,6.797132169585202,6.633950068265397,6.911754826453568
mlp-pinn,68.63579887527604,6.797367922550222,6.634692364593701,6.912121292332919
mlp-pinn,68.83483554364683,6.797603665277535,6.635434577882405,6.912487738784061
mlp-pinn,69.03387221201763,6.797673549376077,6.636411812856393,6.912963389191962
mlp-pinn,69.23290888038842,6.797616402671217,6.637588900625046,6.913456994769346
mlp-pinn,69.43194554875922,6.797463940148765,6.638765779689906,6.913950565106896
mlp-pinn,69.63098221713001,6.797311472638485,6.639942450161947,6.91444410021216
mlp-pinn,69.83001888550079,6.797159000139834,6.641118912152044,6.914937600092681
mlp-pinn,70.02905555387159,6.797006522652261,6.6422951657709755,6.9154310647560004
mlp-pinn,70.22809222224238,6.796772615262267,6.643354684518654,6.915413388127525
mlp-pinn,70.42712889061318,6.796652882206935,6.644352975761847,6.9153903661040435
mlp-pinn,70.62616555898397,6.796610881511832,6.645351117037737,6.91536734400392
mlp-pinn,70.82520222735477,6.796568875822089,6.646349108413887,6.915344321827153
mlp-pinn,71.02423889572556,6.796526865137437,6.647346949957814,6.915321299573741
mlp-pinn,71.22327556409635,6.796484343811282,6.648344641736982,6.915347653639363
mlp-pinn,71.42231223246715,6.7964339570892465,6.649399036636893,6.915700782953189
mlp-pinn,71.62134890083794,6.796263785912419,6.650470740015649,6.916053894236456
mlp-pinn,71.82038556920874,6.796050842224103,6.65154227072045,6.916406987491928
mlp-pinn,72.01942223757953,6.7958378917711135,6.652613628834731,6.916760062722363
mlp-pinn,72.21845890595033,6.795624934552794,6.653684814441864,6.917113119930523
mlp-pinn,72.41749557432112,6.795425027290456,6.654755827625151,6.91744786899887
mlp-pinn,72.61653224269192,6.795279978061776,6.655019928272577,6.917734017759702
mlp-pinn,72.81556891106271,6.7953239758753465,6.655178889401271,6.918020154684617
mlp-pinn,73.0146055794335,6.795398728576798,6.655337846733218,6.918306279775083
mlp-pinn,73.21364224780429,6.795473475832401,6.655496800268688,6.918592393032569
mlp-pinn,73.41267891617508,6.795548217642644,6.655655750007955,6.918878494458542
mlp-pinn,73.61171558454588,6.795664965163834,6.655814695951289,6.9190741609413955
mlp-pinn,73.81075225291667,6.795870782646744,6.656265047319387,6.919136106523502
mlp-pinn,74.00978892128747,6.796025961063153,6.656715931912498,6.919198051551028
mlp-pinn,74.20882558965826,6.79618083137343,6.657166785967556,6.919259996023988
mlp-pinn,74.40786225802906,6.796335698151367,6.657617609490764,6.919321939942397
mlp-pinn,74.60689892639985,6.796490561397206,6.658068402488325,6.91938388330627
mlp-pinn,74.80593559477065,6.796575285558683,6.658562683483638,6.919573161266629
mlp-pinn,75.00497226314144,6.796544411027566,6.659385009622801,6.919869752756409
mlp-pinn,75.20400893151223,6.796349107271479,6.660207234230547,6.9201663315345705
mlp-pinn,75.40304559988303,6.796153797787797,6.661029357344476,6.920462897602748
mlp-pinn,75.60208226825382,6.795958482576008,6.6618513790021625,6.920759450962576
mlp-pinn,75.80111893662462,6.7957631616355965,6.662673299241159,6.921055991615687
mlp-pinn,76.00015560499541,6.795531458555185,6.66330477119278,6.921127717773823
mlp-pinn,76.19919227336621,6.795337065917722,6.663329615996026,6.921092415692379
mlp-pinn,76.398228941737,6.795353672858907,6.663354460706636,6.921057113430871
mlp-pinn,76.5972656101078,6.795370265207145,6.663379305324613,6.921021810989295
mlp-pinn,76.79630227847858,6.7953868429627615,6.663404149849955,6.92098650836765
mlp-pinn,76.99533894684937,6.795403406126081,6.663428994282665,6.920951205565931
mlp-pinn,77.19437561522017,6.795529697567458,6.663612305755559,6.921124640688489
mlp-pinn,77.39341228359096,6.795600359811953,6.664103331244068,6.921347987680594
mlp-pinn,77.59244895196176,6.7954874350455245,6.664594320555425,6.921571327465681
mlp-pinn,77.79148562033255,6.795374505815811,6.6650852736976285,6.92179466004445
mlp-pinn,77.99052228870335,6.795261572122333,6.665576190678668,6.9220179854175985
mlp-pinn,78.18955895707414,6.795148633964608,6.666067071506534,6.922241303585823
mlp-pinn,78.38859562544494,6.794988616340343,6.66640343470604,6.922127125175896
mlp-pinn,78.58763229381573,6.7949155400422185,6.666558518867355,6.921990456667755
mlp-pinn,78.78666896218652,6.794943193190144,6.666713599421029,6.921853785461163
mlp-pinn,78.98570563055732,6.794970844039538,6.666868676367318,6.921717111555961
mlp-pinn,79.18474229892811,6.794998492590484,6.66702374970647,6.921580434951989
mlp-pinn,79.38377896729891,6.7950261388430615,6.667178819438737,6.921469127435407
mlp-pinn,79.5828156356697,6.7951575288185015,6.667340356135168,6.921672913973599
mlp-pinn,79.7818523040405,6.795281954208769,6.667506968398192,6.921876694512124
mlp-pinn,79.9808889724113,6.795399311022642,6.6676735764979,6.922080469051512
mlp-pinn,80.17992564078209,6.795516665805701,6.6678401804346,6.922284237592293
mlp-pinn,80.37896230915287,6.795634018558053,6.668006780208607,6.922488000134996
mlp-pinn,80.57799897752366,6.795727753341264,6.668173375820232,6.922614888371037
mlp-pinn,80.77703564589446,6.7955899396560016,6.6687763732227365,6.922440250441813
mlp-pinn,80.97607231426525,6.795368789213928,6.66957864659451,6.922265608106747
mlp-pinn,81.17510898263605,6.795120722638866,6.670380823473656,6.922090961365507
mlp-pinn,81.37414565100684,6.79487264414715,6.671182903894986,6.921916310217758
mlp-pinn,81.57318231937764,6.794624553736848,6.671984887893286,6.921741654663166
mlp-pinn,81.77221898774843,6.7944047327302215,6.672786775503323,6.921539436669336
mlp-pinn,81.97125565611923,6.794288014868272,6.672623909557094,6.921282277010703
mlp-pinn,82.17029232449002,6.794198831934379,6.6722077080364945,6.921025107796968
mlp-pinn,82.36932899286082,6.794113196119493,6.671791480552298,6.920767929027068
mlp-pinn,82.56836566123161,6.79402755899833,6.671375227099645,6.920510740699938
mlp-pinn,82.7674023296024,6.7939419205708225,6.670958947673674,6.92025354281451
mlp-pinn,82.9664389979732,6.793910978595608,6.670542642269523,6.920388282156014
mlp-pinn,83.165475666344,6.793983472082528,6.670974158004172,6.920960696594935
mlp-pinn,83.36451233471479,6.793957436573006,6.6715029400296535,6.921533063694878
mlp-pinn,83.56354900308558,6.793931393894852,6.672031680147295,6.922105383467589
mlp-pinn,83.76258567145636,6.793905344047818,6.672560378367062,6.922677655924804
mlp-pinn,83.96162233982716,6.793879287031659,6.67308903469891,6.923249881078258
mlp-pinn,84.16065900819795,6.793684184231779,6.673622058244097,6.923314557559519
mlp-pinn,84.35969567656875,6.793344941290416,6.674337838356704,6.923036653103591
mlp-pinn,84.55873234493954,6.793339280942623,6.6750535417146954,6.922758737491579
mlp-pinn,84.75776901331034,6.7933335809671,6.675769168342758,6.922480810722137
mlp-pinn,84.95680568168113,6.79332784136356,6.676484718265565,6.922202872793922
mlp-pinn,85.15584235005193,6.793322062131711,6.677200191507776,6.921924923705591
mlp-pinn,85.35487901842272,6.793562806161993,6.677810674652218,6.921738993049057
mlp-pinn,85.55391568679352,6.793890852660753,6.6771818366372795,6.921585544379219
mlp-pinn,85.75295235516431,6.794000492917615,6.6760483052814426,6.9214320923074135
mlp-pinn,85.9519890235351,6.794110126572729,6.674914581429762,6.921278636833414
mlp-pinn,86.1510256919059,6.794219753626884,6.673780664984135,6.921125177956992
mlp-pinn,86.3500623602767,6.794329374080865,6.6729617873626275,6.920971715677923
mlp-pinn,86.54909902864749,6.794206911067146,6.6725473049906165,6.92093529234985
mlp-pinn,86.74813569701828,6.794030241825346,6.672132796870373,6.9209154622217115
mlp-pinn,86.94717236538908,6.793905686819164,6.671718262997095,6.920895632036755
mlp-pinn,87.14620903375987,6.793781122520923,6.671303703365983,6.920875801794979
mlp-pinn,87.34524570213065,6.7936565489293415,6.670889117972236,6.920855971496385
mlp-pinn,87.54428237050145,6.793531966043137,6.670353667525943,6.9208320208721394
mlp-pinn,87.74331903887224,6.7937252592112225,6.6697254199828135,6.920438816860835
mlp-pinn,87.94235570724304,6.793872128128253,6.669097113257013,6.9200455905072795
mlp-pinn,88.14139237561383,6.793923376046376,6.668468747331815,6.919652341807664
mlp-pinn,88.34042904398463,6.793974606300261,6.667840322190481,6.919259070758179
mlp-pinn,88.53946571235542,6.794025818891088,6.667211837816267,6.9188657773550135
mlp-pinn,88.73850238072622,6.794077013820034,6.667329145385663,6.91854073369494
mlp-pinn,88.93753904909701,6.793627523396766,6.667750328155253,6.918606931636005
mlp-pinn,89.1365757174678,6.793201664711225,6.6681714843216096,6.918673128943688
mlp-pinn,89.3356123858386,6.792793157454689,6.668592613889772,6.918739325618006
mlp-pinn,89.5346490542094,6.792384619213521,6.66901371686478,6.918805521658978
mlp-pinn,89.73368572258019,6.791976049979816,6.66943479325167,6.918871717066622
mlp-pinn,89.93272239095099,6.791604688947835,6.668375632572738,6.919002024126912
mlp-pinn,90.13175905932178,6.791497532521552,6.667041840940216,6.9192932669554175
mlp-pinn,90.33079572769257,6.79154187122268,6.665707782419294,6.919584497525617
mlp-pinn,90.52983239606337,6.791635031818222,6.664373456849698,6.919875715839058
mlp-pinn,90.72886906443416,6.791728189420005,6.663038864070989,6.920166921897287
mlp-pinn,90.92790573280494,6.791821344028291,6.661704003922575,6.9204581157018525
mlp-pinn,91.12694240117574,6.791891553375912,6.662094671131069,6.920548736741672
mlp-pinn,91.32597906954653,6.791897449617679,6.662509000644342,6.9203390846710136
mlp-pinn,91.52501573791733,6.791897615742151,6.662923304392808,6.920129426248741
mlp-pinn,91.72405240628812,6.79189704059918,6.66333758238127,6.919919761474277
mlp-pinn,91.92308907465892,6.791896460213883,6.663751834614534,6.919710090347044
mlp-pinn,92.12212574302971,6.79189587458626,6.66414332929825,6.919500412866466
mlp-pinn,92.32116241140051,6.791972752679312,6.664296099146278,6.91948924828146
mlp-pinn,92.5201990797713,6.792161153316226,6.664448865492347,6.919647237524268
mlp-pinn,92.7192357481421,6.792023009023335,6.6646016283366984,6.919805223159952
mlp-pinn,92.91827241651289,6.791884844648799,6.664754387679572,6.919963205188758
mlp-pinn,93.11730908488369,6.791746660189283,6.6649071435212095,6.920121183610933
mlp-pinn,93.31634575325448,6.7916084556414456,6.66491193451133,6.920279158426724
mlp-pinn,93.51538242162528,6.791341369931528,6.664422829322348,6.920170590969086
mlp-pinn,93.71441908999607,6.790998326903625,6.663933688235066,6.919934239634201
mlp-pinn,93.91345575836687,6.790877152906405,6.663444511241581,6.919697880226427
mlp-pinn,94.11249242673766,6.79075597277373,6.662955298333982,6.919461512744936
mlp-pinn,94.31152909510844,6.790634786504846,6.662466049504358,6.919225137188902
mlp-pinn,94.51056576347924,6.790513594099,6.662102654390476,6.918988753557496
mlp-pinn,94.70960243185003,6.790449790659898,6.661976058768456,6.918955735424118
mlp-pinn,94.90863910022082,6.790437724020267,6.66184946074073,6.918971112854136
mlp-pinn,95.10767576859162,6.790478063183208,6.661722860307162,6.918986490249978
mlp-pinn,95.30671243696241,6.790518398769505,6.661596257467612,6.919001867611644
mlp-pinn,95.50574910533321,6.79055873077934,6.661469652221944,6.919017244939134
mlp-pinn,95.704785773704,6.790599059212896,6.6612067392819885,6.919032622232448
mlp-pinn,95.9038224420748,6.790758139115847,6.660797857544922,6.918788321170803
mlp-pinn,96.10285911044559,6.790871670643163,6.660388950706577,6.918529094082188
mlp-pinn,96.30189577881639,6.790875745295983,6.659980018762331,6.918269857280352
mlp-pinn,96.50093244718718,6.790879814399254,6.659571061707559,6.918010610764203
mlp-pinn,96.69996911555798,6.79088387795301,6.659162079537634,6.917751354532649
mlp-pinn,96.89900578392877,6.790887935957278,6.658688197586209,6.917518339846271
mlp-pinn,97.09804245229957,6.790664231187179,6.658176356134432,6.917628621750724
mlp-pinn,97.29707912067036,6.790466895469869,6.65766447533227,6.917738901897074
mlp-pinn,97.49611578904116,6.790312033220737,6.657152555170644,6.917849180285406
mlp-pinn,97.69515245741195,6.790157163835355,6.656640595640473,6.917959456915802
mlp-pinn,97.89418912578273,6.790002287312741,6.656128596732673,6.918069731788347
mlp-pinn,98.09322579415353,6.789851433221585,6.655757963397684,6.918115750694598
mlp-pinn,98.29226246252432,6.789864104966909,6.655432860148414,6.917917257596587
mlp-pinn,98.49129913089511,6.789988267681347,6.65510774101779,6.917718758803128
mlp-pinn,98.69033579926591,6.790162197084839,6.654782606003485,6.917520254313729
mlp-pinn,98.8893724676367,6.790336118708554,6.654457455103169,6.917321744127902
mlp-pinn,99.0884091360075,6.790510032553599,6.654132288314515,6.917123228245155
mlp-pinn,99.2874458043783,6.790667050898271,6.653449002038492,6.916917989025745
mlp-pinn,99.48648247274909,6.790736802816065,6.65272137375998,6.9166992648828325
mlp-pinn,99.68551914111988,6.790370267168733,6.651993665889854,6.916480533823071
mlp-pinn,99.88455580949068,6.789909879814546,6.651265878401992,6.916261795845805
mlp-pinn,100.08359247786147,6.789449450029421,6.650538011270252,6.916043050950377
mlp-pinn,100.28262914623227,6.788988977800162,6.649828842402965,6.915824299136131
mlp-pinn,100.48166581460306,6.788556175148731,6.649821185734036,6.915804481723202
mlp-pinn,100.68070248297386,6.788190439695437,6.649813529056293,6.916013446583763
mlp-pinn,100.87973915134465,6.788326391234026,6.649805872369734,6.916222405130718
mlp-pinn,101.07877581971545,6.788483212371826,6.649798215674358,6.916431357364637
mlp-pinn,101.27781248808624,6.788640026490977,6.6497905589701665,6.916640303286092
mlp-pinn,101.47684915645702,6.788796833592437,6.649708226427328,6.9168492428956565
mlp-pinn,101.67588582482782,6.788928797310112,6.649184412079976,6.916907945657337
mlp-pinn,101.87492249319861,6.789021032104129,6.648660556463941,6.916865910267629
mlp-pinn,102.0739591615694,6.789039287693926,6.648136659569467,6.916823874622461
mlp-pinn,102.2729958299402,6.789057540839353,6.647612721386794,6.916781838721828
mlp-pinn,102.472032498311,6.789075791540469,6.647088741906159,6.916739802565726
mlp-pinn,102.67106916668179,6.789094039797331,6.6465867396036264,6.916697766154149
mlp-pinn,102.87010583505258,6.78912891276147,6.6461401554580135,6.916456088348164
mlp-pinn,103.06914250342338,6.789103772783399,6.645693541302381,6.916142033666983
mlp-pinn,103.26817917179417,6.788819888511435,6.6452468971306775,6.915827964724264
mlp-pinn,103.46721584016497,6.78853598435737,6.644800222936849,6.915513881518065
mlp-pinn,103.66625250853576,6.788252060316702,6.644353518714842,6.91519978404644
mlp-pinn,103.86528917690656,6.787968116384921,6.643965711965177,6.914885672307447
mlp-pinn,104.06432584527735,6.787663340828665,6.643661061955902,6.914758034649432
mlp-pinn,104.26336251364815,6.787525565912772,6.643356397976032,6.914659369865539
mlp-pinn,104.46239918201894,6.787737985412905,6.6430517200236485,6.914560703673786
mlp-pinn,104.66143585038974,6.787950382934302,6.642747028096827,6.914462036074111
mlp-pinn,104.86047251876052,6.788162758481908,6.642442322193644,6.914363367066454
mlp-pinn,105.05950918713131,6.788375112060662,6.64196418075734,6.914264696650758
mlp-pinn,105.2585458555021,6.788617980057385,6.641349138886719,6.914285031443399
mlp-pinn,105.4575825238729,6.7886678995416325,6.640734040053043,6.9143056882690646
mlp-pinn,105.6566191922437,6.788487094467301,6.640118884240481,6.914326345033018
mlp-pinn,105.85565586061449,6.788306281517125,6.639503671433196,6.914347001735259
mlp-pinn,106.05469252898529,6.788125460689985,6.638888401615342,6.914367658375788
mlp-pinn,106.25372919735608,6.7879446319847645,6.638169603865121,6.91435085338097
mlp-pinn,106.45276586572687,6.787664780506368,6.637407343191366,6.914063033723532
mlp-pinn,106.65180253409767,6.787447952467043,6.63664499496715,6.913775202084196
mlp-pinn,106.85083920246846,6.787276339268101,6.635882559162299,6.913487358461463
mlp-pinn,107.04987587083926,6.7871047209424,6.635120035746621,6.913199502853838
mlp-pinn,107.24891253921005,6.786933097489433,6.634357424689907,6.9129116352598245
mlp-pinn,107.44794920758085,6.786769695570128,6.634378790027006,6.912681869894181
mlp-pinn,107.64698587595164,6.786704203872068,6.634549769287942,6.912626434518718
mlp-pinn,107.84602254432244,6.786775456972607,6.634720744142676,6.9125709986986905
mlp-pinn,108.04505921269323,6.786899441423438,6.634891714591552,6.912515562434089
mlp-pinn,108.24409588106403,6.787023420001205,6.635062680634908,6.912460125724901
mlp-pinn,108.44313254943481,6.787147392706625,6.635233642273087,6.912404688571118
mlp-pinn,108.6421692178056,6.787263788576979,6.634569707976299,6.912398022359365
mlp-pinn,108.8412058861764,6.787352453829443,6.633890071637932,6.912468709698293
mlp-pinn,109.04024255454719,6.7872505910991165,6.633210365664272,6.912539396314375
mlp-pinn,109.23927922291799,6.787115417442571,6.63253059003391,6.9126100822076335
mlp-pinn,109.43831589128878,6.786980240942176,6.631850744725425,6.912680767378091
mlp-pinn,109.63735255965958,6.786845061597746,6.631205677420105,6.912751451825768
mlp-pinn,109.83638922803037,6.786735604315426,6.630802890571719,6.912738409897405
mlp-pinn,110.03542589640116,6.786671522369284,6.630400079254636,6.912647983749509
mlp-pinn,110.23446256477196,6.786548320494619,6.629997243464397,6.912557556418711
mlp-pinn,110.43349923314275,6.7864234270394,6.62959438319654,6.9124671279049625
mlp-pinn,110.63253590151355,6.786298527321744,6.6291914984466045,6.912376698208218
mlp-pinn,110.83157256988434,6.786173621340865,6.628954604503039,6.91228626732843
mlp-pinn,111.03060923825514,6.786045317257306,6.629150961634908,6.9121315229615075
mlp-pinn,111.22964590662593,6.785946158305256,6.6293473129508005,6.911940563288964
mlp-pinn,111.42868257499673,6.786153003852335,6.629543658451234,6.911749598340537
mlp-pinn,111.62771924336752,6.786359838257244,6.629739998136725,6.911558628115787
mlp-pinn,111.82675591173832,6.786566661521888,6.629936332007792,6.9113676526142775
mlp-pinn,112.0257925801091,6.786773473648168,6.62972832410851,6.9111766718355705
mlp-pinn,112.22482924847989,6.786943434838582,6.6289554623146705,6.911004240401168
mlp-pinn,112.42386591685069,6.7870110825708245,6.628182510403314,6.910837302271475
mlp-pinn,112.62290258522148,6.7867816712925215,6.6274094683429094,6.91067036010913
mlp-pinn,112.82193925359228,6.7865522493796835,6.626636336101908,6.910503413913838
mlp-pinn,113.02097592196307,6.786322816830648,6.625863113648741,6.910336463685308
mlp-pinn,113.22001259033387,6.786093373643752,6.6250162856680666,6.910169509423248
mlp-pinn,113.41904925870466,6.7858033863229235,6.624110239003197,6.910174431040809
mlp-pinn,113.61808592707546,6.785553263310151,6.623204068392192,6.9101986435894425
mlp-pinn,113.81712259544625,6.785418244544347,6.62229777378417,6.910222856053239
mlp-pinn,114.01615926381704,6.7852832212213485,6.621391355128215,6.9102470684321995
mlp-pinn,114.21519593218784,6.785148193340658,6.620484812373377,6.910271280726323
mlp-pinn,114.41423260055863,6.78501316090178,6.620209816337128,6.910288953462852
mlp-pinn,114.61326926892943,6.7850217545248555,6.620192277589495,6.910080916207688
mlp-pinn,114.81230593730022,6.785018244268931,6.620174738795397,6.909872872689094
mlp-pinn,115.01134260567102,6.784978254118759,6.620157199954834,6.909664822906506
mlp-pinn,115.21037927404181,6.784938261670153,6.620139661067805,6.909456766859356
mlp-pinn,115.4094159424126,6.784898266923,6.620122122134308,6.90924870454708
mlp-pinn,115.60845261078339,6.78485584851442,6.619688556555236,6.909051454652448
mlp-pinn,115.80748927915418,6.7847100228798745,6.619179199297191,6.908909975499251
mlp-pinn,116.00652594752498,6.784684058289844,6.618669802840211,6.908768493448814
mlp-pinn,116.20556261589577,6.784743247404928,6.618160367175243,6.90862700850096
mlp-pinn,116.40459928426657,6.7848024305395285,6.617650892293232,6.908485520655512
mlp-pinn,116.60363595263736,6.784861607694085,6.617141303511365,6.908344029912293
mlp-pinn,116.80267262100816,6.784920539580603,6.6165878980261965,6.908173634551178
mlp-pinn,117.00170928937895,6.784978015739943,6.616034446250817,6.907935410791684
mlp-pinn,117.20074595774975,6.784893156537669,6.615480948173608,6.907697178816637
mlp-pinn,117.39978262612054,6.784747587118742,6.614927403782947,6.907458938625185
mlp-pinn,117.59881929449134,6.784602014565044,6.614373813067208,6.907220690216479
mlp-pinn,117.79785596286213,6.784456438876369,6.613812952158918,6.9069824335896675
mlp-pinn,117.99689263123292,6.784303140877023,6.613209255054233,6.906833636052045
mlp-pinn,118.19592929960372,6.784129191788482,6.612605502835087,6.906800876677195
mlp-pinn,118.39496596797451,6.784085568266098,6.61200169548638,6.9067681171469655
mlp-pinn,118.59400263634531,6.784069134244051,6.61139783299301,6.906735357461353
mlp-pinn,118.7930393047161,6.784052695560478,6.6107939153398645,6.906702597620356
mlp-pinn,118.99207597308688,6.784036252215278,6.6101935609681455,6.906669837623972
mlp-pinn,119.19111264145768,6.784058780986461,6.6096024187213125,6.906714462715481
mlp-pinn,119.39014930982847,6.784142257001999,6.609011223599829,6.906819941797723
mlp-pinn,119.58918597819927,6.7840686209943355,6.608419975589506,6.906925419269141
mlp-pinn,119.78822264657006,6.783984957666444,6.607828674676144,6.907030895129811
mlp-pinn,119.98725931494086,6.783901292113184,6.607237320845542,6.907136369379804
mlp-pinn,120.18629598331165,6.783817624334382,6.606725056911295,6.907241842019195
mlp-pinn,120.38533265168245,6.783760511096624,6.606331842468763,6.907342819746696
mlp-pinn,120.58436932005324,6.783729686011339,6.605938604620383,6.907441777017519
mlp-pinn,120.78340598842404,6.783730342596675,6.605545343361974,6.907540732870682
mlp-pinn,120.98244265679483,6.783730997522005,6.605152058689355,6.907639687306246
mlp-pinn,121.18147932516563,6.783731650787329,6.604758750598344,6.907738640324273
mlp-pinn,121.38051599353642,6.783732302392652,6.604239161578524,6.907837591924823
mlp-pinn,121.57955266190721,6.783696538937162,6.603608493107942,6.907785858887793
mlp-pinn,121.77858933027801,6.7836697652569615,6.602977764400491,6.9077038933997095
mlp-pinn,121.9776259986488,6.783748161059489,6.602346975438904,6.907621926939028
mlp-pinn,122.1766626670196,6.783826554916061,6.601716126205912,6.907539959505714
mlp-pinn,122.3756993353904,6.783904946826816,6.6010852166842335,6.907457991099732
mlp-pinn,122.57473600376117,6.783983336791891,6.601108252066337,6.907376021721047
mlp-pinn,122.77377267213197,6.784081669632688,6.601426485153194,6.907174717946267
mlp-pinn,122.97280934050276,6.784112962371111,6.601744702899818,6.906967720820386
mlp-pinn,123.17184600887356,6.784006350906328,6.601743664750563,6.906760717490757
mlp-pinn,123.37088267724435,6.783899734342172,6.600455958638793,6.906553707956819
mlp-pinn,123.56991934561515,6.783793112678077,6.599168001254894,6.906346692218018
mlp-pinn,123.76895601398594,6.783686485913481,6.597879792451713,6.906136736837393
mlp-pinn,123.96799268235674,6.783447924991371,6.596591332081958,6.905897124407884
mlp-pinn,124.16702935072753,6.783257626139375,6.596474652906914,6.9056575036643055
mlp-pinn,124.36606601909833,6.783136633092119,6.596557607098512,6.905417874605792
mlp-pinn,124.56510268746912,6.783015635612484,6.596640560246943,6.905178237231477
mlp-pinn,124.76413935583992,6.782894633699991,6.596669899570174,6.904938591540497
mlp-pinn,124.96317602421071,6.7827747956675815,6.595807966154055,6.904700063784009
mlp-pinn,125.1622126925815,6.782687032829525,6.594951964416668,6.904465249495267
mlp-pinn,125.3612493609523,6.782605449733255,6.594095851558821,6.904230427220444
mlp-pinn,125.5602860293231,6.78252814896193,6.593239627537228,6.9039955969587234
mlp-pinn,125.75932269769389,6.782450845792218,6.592383292308573,6.903760758709291
mlp-pinn,125.95835936606467,6.782373540223935,6.59161398040458,6.9035259124713315
mlp-pinn,126.15739603443546,6.78232478457063,6.590529013894558,6.903415146574089
mlp-pinn,126.35643270280626,6.782424424508992,6.589281383610001,6.903522050802763
mlp-pinn,126.55546937117705,6.782492440085585,6.588484219059913,6.903628953375999
mlp-pinn,126.75450603954785,6.782548111403872,6.587686958046326,6.9037358542938785
mlp-pinn,126.95354270791864,6.782603780160937,6.586889600534217,6.903842753556474
mlp-pinn,127.15257937628944,6.782659446356946,6.586092146488538,6.903949651163866
mlp-pinn,127.35161604466023,6.782696203293723,6.585294595874216,6.9038639883779584
mlp-pinn,127.55065271303103,6.782688473463477,6.584474961878373,6.903590868735213
mlp-pinn,127.74968938140182,6.782637123850283,6.583558148027603,6.90331773828689
mlp-pinn,127.94872604977262,6.782578482283364,6.582641206485287,6.903044597031705
mlp-pinn,128.1477627181434,6.782519838522198,6.581724137198058,6.902771444968377
mlp-pinn,128.3467993865142,6.782461192566638,6.580806940112509,6.902498282095623
mlp-pinn,128.545836054885,6.782308483373557,6.5798896151751975,6.902559356696664
mlp-pinn,128.7448727232558,6.782035869833599,6.579176130206111,6.902800587005512
mlp-pinn,128.9439093916266,6.781809049884612,6.578942365168511,6.903041808884442
mlp-pinn,129.14294605999737,6.781582218889534,6.578708591824404,6.903283022334341
mlp-pinn,129.34198272836818,6.781355376846566,6.578474810172904,6.903524227356091
mlp-pinn,129.54101939673896,6.781128523753903,6.578241020213125,6.903765423950576
mlp-pinn,129.74005606510977,6.780998374971998,6.578007221944182,6.903819560411549
mlp-pinn,129.93909273348055,6.780958388670624,6.577485339822616,6.903824875767051
mlp-pinn,130.13812940185136,6.7810094111922155,6.57655078122921,6.903830191118462
mlp-pinn,130.33716607022214,6.7810604321721355,6.5756160898117875,6.9038355064657795
mlp-pinn,130.53620273859295,6.781111451610471,6.574681265513696,6.9038408218090055
mlp-pinn,130.73523940696373,6.781162469507307,6.573746308278248,6.903846137148139
mlp-pinn,130.93427607533454,6.781208296477589,6.572811218048714,6.903599852074655
mlp-pinn,131.13331274370532,6.781200632010571,6.571886932387111,6.903331578322832
mlp-pinn,131.3323494120761,6.781041490663725,6.570972479868037,6.9030632941450865
mlp-pinn,131.5313860804469,6.780882343899632,6.570057900071029,6.902794999540202
mlp-pinn,131.7304227488177,6.7807231917176765,6.569143192942925,6.902526694506962
mlp-pinn,131.9294594171885,6.780564034117237,6.568228358430529,6.902274183104306
mlp-pinn,132.12849608555928,6.780449184366933,6.567313396480606,6.9023131441651016
mlp-pinn,132.3275327539301,6.780373767629752,6.56639983094551,6.902352105005978
mlp-pinn,132.52656942230087,6.780344451712003,6.565486926822974,6.902391065626937
mlp-pinn,132.72560609067168,6.780315134673763,6.564573895747197,6.902430026027985
mlp-pinn,132.92464275904246,6.780285816514989,6.5636607376652,6.902468986209124
mlp-pinn,133.12367942741326,6.7802564972356425,6.562747452523967,6.902479109216894
mlp-pinn,133.32271609578405,6.780227736958272,6.561834040270447,6.902362902178466
mlp-pinn,133.52175276415485,6.780236059746009,6.561168668513261,6.902246693183563
mlp-pinn,133.72078943252563,6.780277855323794,6.560578564284934,6.902130482232085
mlp-pinn,133.91982610089644,6.780319650622245,6.559988406973737,6.902014269323935
mlp-pinn,134.11886276926722,6.780361445641372,6.559398196565346,6.9018980544590125
mlp-pinn,134.31789943763803,6.780398445653658,6.558807933045424,6.901719108954415
mlp-pinn,134.5169361060088,6.780394523820096,6.558217616399632,6.9014122427121025
mlp-pinn,134.7159727743796,6.780360256541335,6.557387248408693,6.9011053628246
mlp-pinn,134.9150094427504,6.78031137486625,6.556533892248357,6.900798469290087
mlp-pinn,135.11404611112118,6.780262492819687,6.555680425006228,6.900491562106744
mlp-pinn,135.313082779492,6.780213610401636,6.5548268466389175,6.900184641272749
mlp-pinn,135.51211944786277,6.780161883833431,6.553973157103006,6.9000579234983554
mlp-pinn,135.71115611623358,6.780101173905418,6.553134648387489,6.9001361294671355
mlp-pinn,135.91019278460436,6.780050445730138,6.55265982920887,6.900214334549541
mlp-pinn,136.10922945297517,6.780001974369277,6.552184975621384,6.900292538745602
mlp-pinn,136.30826612134595,6.779953502638115,6.551710087617552,6.900370742055349
mlp-pinn,136.50730278971676,6.779905030536641,6.551235165189889,6.900448944478813
mlp-pinn,136.70633945808754,6.779865754737404,6.550760208330906,6.900328411607654
mlp-pinn,136.90537612645835,6.77984171002956,6.5501276733171645,6.900075687588075
mlp-pinn,137.10441279482913,6.779839489763616,6.548791705659951,6.89982295431182
mlp-pinn,137.30344946319994,6.779838621304437,6.547455465406835,6.899570211777871
mlp-pinn,137.50248613157072,6.779837752825829,6.546118952390881,6.899317459985212
mlp-pinn,137.70152279994153,6.779836884327794,6.544782166444986,6.899064698932823
mlp-pinn,137.9005594683123,6.779833267574401,6.543445107401879,6.898766816125746
mlp-pinn,138.09959613668312,6.779820529529824,6.542210035005161,6.898452448195424
mlp-pinn,138.2986328050539,6.779742242121421,6.541187494209206,6.898138065938452
mlp-pinn,138.49766947342468,6.779663953361586,6.540164793541185,6.897823669352875
mlp-pinn,138.6967061417955,6.77958566325024,6.539141932926085,6.897509258436732
mlp-pinn,138.89574281016627,6.779507371787306,6.538118912288838,6.8971948331880615
mlp-pinn,139.09477947853708,6.779430193297614,6.537095731554317,6.897341780509935
mlp-pinn,139.29381614690786,6.77936852852675,6.536160015133082,6.897556675745693
mlp-pinn,139.49285281527867,6.779357586523846,6.535333821040487,6.897771564286541
mlp-pinn,139.69188948364945,6.779346644491911,6.5345075224875835,6.897986446133104
mlp-pinn,139.89092615202026,6.779335702430946,6.533681119434738,6.898201321286008
mlp-pinn,140.08996282039104,6.77932476034095,6.5328546118422945,6.898412674144031
mlp-pinn,140.28899948876185,6.779282636894019,6.53202799967057,6.898282840866287
mlp-pinn,140.48803615713263,6.779226996815032,6.531330802014373,6.898153005144891
mlp-pinn,140.68707282550344,6.779163755783503,6.530728310060427,6.898023166979708
mlp-pinn,140.88610949387422,6.779100513961055,6.530125762518494,6.897893326370595
mlp-pinn,141.08514616224502,6.779037271347656,6.529523159373182,6.897763483317418
mlp-pinn,141.2841828306158,6.778974027943271,6.5289205006090985,6.897687463888894
mlp-pinn,141.4832194989866,6.778853521504539,6.528317786210837,6.897945186560007
mlp-pinn,141.6822561673574,6.778737503453806,6.527365825819529,6.898202899602384
mlp-pinn,141.88129283572817,6.778631308710374,6.526260672664607,6.898460603017105
mlp-pinn,142.08032950409898,6.778525110224207,6.525155332331999,6.898718296805248
mlp-pinn,142.27936617246976,6.778418907994936,6.524049804726567,6.89897598096789
mlp-pinn,142.47840284084057,6.778321784930221,6.522944089753092,6.89905784342125
mlp-pinn,142.67743950921135,6.7783761129789735,6.521838187316273,6.898640261514702
mlp-pinn,142.87647617758216,6.778433152639561,6.520948846903551,6.8982226543299525
mlp-pinn,143.07551284595294,6.778491668882895,6.520103856972984,6.897805021862414
mlp-pinn,143.27454951432375,6.778550184412197,6.519258757519541,6.897387364107492
mlp-pinn,143.47358618269453,6.778608699227497,6.5184135485006225,6.896969681060592
mlp-pinn,143.67262285106534,6.778641285367328,6.517568229873602,6.896713193688294
mlp-pinn,143.87165951943612,6.778561828110746,6.516722801595827,6.896710604118703
mlp-pinn,144.07069618780693,6.778500993181963,6.5158328322843895,6.89670801454814
mlp-pinn,144.2697328561777,6.778444743727398,6.514940857629805,6.896705424976604
mlp-pinn,144.46876952454852,6.77838849155326,6.514048760836315,6.8967028354040965
mlp-pinn,144.6678061929193,6.778332236659368,6.513156541853733,6.896700245830616
mlp-pinn,144.8668428612901,6.778320931100733,6.512264200631837,6.89671559613412
mlp-pinn,145.0658795296609,6.778400212920294,6.511350409025912,6.8967478741650545
mlp-pinn,145.26491619803167,6.778330302912021,6.510216807091975,6.896780152044923
mlp-pinn,145.46395286640248,6.778251298056679,6.509083007733406,6.896812429773727
mlp-pinn,145.66298953477326,6.778172288004459,6.507949010847018,6.89684470735147
mlp-pinn,145.86202620314407,6.778093272754878,6.506814816329539,6.896876984778151
mlp-pinn,146.06106287151485,6.777980228261916,6.505680424077604,6.896795375914651
mlp-pinn,146.26009953988566,6.777843812438541,6.504608073102133,6.896651200392382
mlp-pinn,146.45913620825644,6.777851974096359,6.503734559502786,6.896507021856039
mlp-pinn,146.65817287662725,6.777860135208755,6.502860928566467,6.896362840305434
mlp-pinn,146.85720954499803,6.777868295775734,6.50198718024588,6.896218655740377
mlp-pinn,147.05624621336884,6.777876455797302,6.501113314493696,6.896074468160678
mlp-pinn,147.25528288173962,6.77786861907425,6.500239331262554,6.8961162756434335
mlp-pinn,147.45431955011043,6.777865302886843,6.499416624159232,6.89621186080793
mlp-pinn,147.6533562184812,6.777915008974351,6.498685622157607,6.896307444647583
mlp-pinn,147.85239288685202,6.777964711198963,6.49795453792027,6.896403027162449
mlp-pinn,148.0514295552228,6.778014409560915,6.49722337141946,6.896498608352581
mlp-pinn,148.2504662235936,6.778064104060448,6.496492122627401,6.896594188218036
mlp-pinn,148.44950289196439,6.778163652359676,6.495760791516302,6.896377485356761
mlp-pinn,148.6485395603352,6.778192388263116,6.494728843409819,6.896118808089173
mlp-pinn,148.84757622870598,6.778064815974319,6.493395345982904,6.895860121118092
mlp-pinn,149.04661289707676,6.777937237760905,6.4920615746498775,6.895601424442426
mlp-pinn,149.24564956544756,6.777809653622142,6.490727529241883,6.895342718061083
mlp-pinn,149.44468623381835,6.777682063557297,6.489393209589895,6.895084230832227
mlp-pinn,149.64372290218915,6.777511312784654,6.488058615524713,6.894842129002384
mlp-pinn,149.84275957055993,6.777351859059112,6.487220677798558,6.8946000186712055
mlp-pinn,150.04179623893074,6.777209686540664,6.486681394480273,6.894357899837799
mlp-pinn,150.24083290730152,6.777067510252582,6.486142066323856,6.894115772501268
mlp-pinn,150.43986957567233,6.77692533019453,6.48560269331812,6.8938736366607145
mlp-pinn,150.6389062440431,6.776786116463638,6.485063275451876,6.893709983458243
mlp-pinn,150.83794291241392,6.77672814497304,6.4845238127139275,6.8940858011810375
mlp-pinn,151.0369795807847,6.776803768972547,6.48343052812661,6.894461598417974
mlp-pinn,151.2360162491555,6.776963807643927,6.48215435741216,6.8948373751724015
mlp-pinn,151.4350529175263,6.77712384199171,6.480877935402795,6.895213131447671
mlp-pinn,151.6340895858971,6.777283872016279,6.479601261950008,6.8955888672471275
mlp-pinn,151.83312625426788,6.777413438905175,6.478324336905145,6.895880859964086
mlp-pinn,152.0321629226387,6.777400807228551,6.477047160119404,6.895896262372676
mlp-pinn,152.23119959100947,6.777266056004009,6.47610104411679,6.895911664746865
mlp-pinn,152.43023625938025,6.77709198864298,6.47520098941265,6.89592706708665
mlp-pinn,152.62927292775106,6.776917916046305,6.474300809583267,6.895942469392034
mlp-pinn,152.82830959612184,6.77674383821346,6.473400504576441,6.895957871663017
mlp-pinn,153.02734626449265,6.77660118158178,6.472500074339938,6.8958084425606705
mlp-pinn,153.22638293286343,6.776525239043892,6.471599518821486,6.895342189612052
mlp-pinn,153.42541960123424,6.776557219767828,6.470589039343489,6.89487590513396
mlp-pinn,153.62445626960502,6.776601610631195,6.469577779057214,6.894409589119995
mlp-pinn,153.82349293797583,6.776645999895395,6.468566360676041,6.89394324156376
mlp-pinn,154.0225296063466,6.776690387560511,6.467554784125796,6.893476862458853
mlp-pinn,154.22156627471742,6.776771166006431,6.466543049332253,6.8932427375446235
mlp-pinn,154.4206029430882,6.776893176110596,6.465541446065831,6.8932830752947964
mlp-pinn,154.619639611459,6.776974237644195,6.464602646771104,6.8933234128089245
mlp-pinn,154.8186762798298,6.777055298101524,6.463663711122732,6.893363750087011
mlp-pinn,155.0177129482006,6.777136357482627,6.4627246390612845,6.893404087129062
mlp-pinn,155.21674961657138,6.777217415787552,6.4617854305272875,6.8934444239350805
mlp-pinn,155.4157862849422,6.777196135654983,6.460846085461226,6.893400281436115
mlp-pinn,155.61482295331297,6.777099864495284,6.459786698669084,6.893294905430053
mlp-pinn,155.81385962168375,6.776964431465871,6.458412792800693,6.89318952781311
mlp-pinn,156.01289629005456,6.776828994378638,6.45703859459747,6.893084148585213
mlp-pinn,156.21193295842534,6.776693553233184,6.45566410387273,6.892978767746288
mlp-pinn,156.41096962679615,6.776558108029102,6.454289320439587,6.892873385296261
mlp-pinn,156.61000629516693,6.776553683608382,6.452914244110961,6.892788936985404
mlp-pinn,156.80904296353773,6.776562586776965,6.451589618061514,6.892713432397064
mlp-pinn,157.00807963190852,6.776501898947269,6.450335769940455,6.8926379269816165
mlp-pinn,157.20711630027932,6.776441205772157,6.449081678042815,6.892562420739036
mlp-pinn,157.4061529686501,6.776380507251224,6.447827342226353,6.8924869136692966
mlp-pinn,157.6051896370209,6.77631980338407,6.446572762348686,6.892411405772369
mlp-pinn,157.8042263053917,6.776233556988043,6.445317938267295,6.892435571432621
mlp-pinn,158.0032629737625,6.776174730125767,6.444155736021309,6.892481845265151
mlp-pinn,158.20229964213328,6.776150800128306,6.443073705082916,6.892528118787015
mlp-pinn,158.4013363105041,6.776126868954539,6.44199149240089,6.892574391998221
mlp-pinn,158.60037297887487,6.77610293660443,6.440909097883621,6.892620664898774
mlp-pinn,158.79940964724568,6.776075397602643,6.439826521439421,6.892666937488681
mlp-pinn,158.99844631561646,6.775923565234978,6.438743762976526,6.89256336267236
mlp-pinn,159.19748298398727,6.775840675571419,6.437703316066114,6.892448142231648
mlp-pinn,159.39651965235805,6.775804632332319,6.436682513001369,6.892332919864774
mlp-pinn,159.59555632072883,6.775768585231843,6.435661548020265,6.892217695571642
mlp-pinn,159.79459298909964,6.775732534269809,6.434640421045731,6.892102469352154
mlp-pinn,159.99362965747042,6.7757161311560505,6.433619132000631,6.8919946323437955
mlp-pinn,160.19266632584123,6.775791583910819,6.432597680807772,6.892039828900596
mlp-pinn,160.391702994212,6.775738708819302,6.4317531868092,6.892085025161007
mlp-pinn,160.59073966258282,6.775639336389028,6.43095290157272,6.892130221125037
mlp-pinn,160.7897763309536,6.775539960059092,6.430152516734178,6.892175416792692
mlp-pinn,160.9888129993244,6.775440579829109,6.429352032256375,6.892220612163976
mlp-pinn,161.1878496676952,6.775327791179922,6.428551448102089,6.892224731605189
mlp-pinn,161.386886336066,6.7751851667121645,6.427750764234077,6.892025135286981
mlp-pinn,161.58592300443678,6.775149969293615,6.426451316622837,6.891825533188202
mlp-pinn,161.7849596728076,6.775128805151844,6.425112919780149,6.891625925308349
mlp-pinn,161.98399634117837,6.775107640752292,6.423774244081761,6.89142631164692
mlp-pinn,162.18303300954918,6.77508647609495,6.422435289353299,6.891226692203412
mlp-pinn,162.38206967791996,6.775041458479908,6.421096055420211,6.891077874888199
mlp-pinn,162.58110634629077,6.774967048658834,6.419770008349957,6.891051571172894
mlp-pinn,162.78014301466155,6.774893740824627,6.418606513847823,6.891025267357184
mlp-pinn,162.97917968303233,6.774820430988916,6.417442808401943,6.890998963441071
mlp-pinn,163.17821635140314,6.774747119151556,6.41627889189754,6.89097265942455
mlp-pinn,163.37725301977392,6.774673805312403,6.4151147642197355,6.890946355307622
mlp-pinn,163.57628968814473,6.774700980525957,6.413950425253545,6.890907572261301
mlp-pinn,163.7753263565155,6.774780661304542,6.412858688585346,6.890850902385577
mlp-pinn,163.97436302488632,6.774773544422393,6.412059706492257,6.8907942320438
mlp-pinn,164.1733996932571,6.774766422380939,6.4112606248286745,6.890737561235959
mlp-pinn,164.3724363616279,6.774759295180131,6.410461443557365,6.890680889962041
mlp-pinn,164.57147302999869,6.774752162819921,6.409662162641069,6.890624218222035
mlp-pinn,164.7705096983695,6.774664988027211,6.408862782042503,6.890511874096205
mlp-pinn,164.96954636674027,6.774580410500183,6.407972358068706,6.890350206677048
mlp-pinn,165.16858303511108,6.774560494051475,6.406878668090601,6.890188535464618
mlp-pinn,165.36761970348186,6.7745405774892795,6.405784791381629,6.89002686045865
mlp-pinn,165.56665637185267,6.774520660813593,6.404690727846113,6.889865181658876
mlp-pinn,165.76569304022345,6.774500744024413,6.403596477388293,6.88970349906503
mlp-pinn,165.96472970859426,6.774427427240878,6.402502039912329,6.889530385162294
mlp-pinn,166.16376637696504,6.774400389221929,6.401342298953058,6.889351032994097
mlp-pinn,166.36280304533582,6.774432831739215,6.400098083849049,6.88917167615666
mlp-pinn,166.56183971370663,6.774465268534907,6.398853626815581,6.8889923146496175
mlp-pinn,166.7608763820774,6.774497699609247,6.397608927711474,6.888812948472604
mlp-pinn,166.95991305044822,6.774531080572299,6.396363986395411,6.888633577625257
mlp-pinn,167.158949718819,6.774703750624118,6.395118802725937,6.8885787171941395
mlp-pinn,167.3579863871898,6.774756005236263,6.393887741085379,6.888561270728516
mlp-pinn,167.5570230555606,6.774733074139885,6.392667296727172,6.888543824218708
mlp-pinn,167.7560597239314,6.774710140003671,6.391446619325571,6.888526377664712
mlp-pinn,167.95509639230218,6.774687202827531,6.390225708747027,6.8885089310665295
mlp-pinn,168.154133060673,6.774644442991638,6.389004564857864,6.888491484424159
mlp-pinn,168.35316972904377,6.774490652724126,6.387783187524278,6.888629247585156
mlp-pinn,168.55220639741458,6.774388267492943,6.386638974589638,6.8887879820189335
mlp-pinn,168.75124306578536,6.774302895956405,6.385527397715631,6.888946712795167
mlp-pinn,168.95027973415617,6.774217522854007,6.3844156273073684,6.88910543991411
mlp-pinn,169.14931640252695,6.774132148185654,6.383303663263727,6.889264163376016
mlp-pinn,169.34835307089776,6.7740632577538555,6.382191505483496,6.889422883181137
mlp-pinn,169.54738973926854,6.774033524849979,6.381079153865377,6.889349743140842
mlp-pinn,169.74642640763935,6.77403084201858,6.380315801473997,6.889274778246013
mlp-pinn,169.94546307601013,6.774031113857409,6.379619514093217,6.889199812535452
mlp-pinn,170.1444997443809,6.7740313855453556,6.378923150709622,6.889124846009133
mlp-pinn,170.34353641275172,6.774031657082421,6.3782267112983195,6.88904987866703
mlp-pinn,170.5425730811225,6.774055480327984,6.3775301958344,6.888961437056156
mlp-pinn,170.7416097494933,6.774108005270797,6.376833604292946,6.888766923135152
mlp-pinn,170.9406464178641,6.774119890006609,6.375391296861574,6.888572403721621
mlp-pinn,171.1396830862349,6.774131774092275,6.373919927244312,6.888377878815099
mlp-pinn,171.33871975460568,6.774143657527805,6.372448217894436,6.8881833484151205
mlp-pinn,171.53775642297649,6.77415554031321,6.37097616857651,6.887988812521218
mlp-pinn,171.73679309134727,6.774160324188326,6.369503779054822,6.887809088606521
mlp-pinn,171.93582975971808,6.774171248729625,6.368076180920472,6.887677865699146
mlp-pinn,172.13486642808886,6.774226897901869,6.367089019325013,6.887546640291686
mlp-pinn,172.33390309645966,6.774282546615229,6.366101704655027,6.887415412383998
mlp-pinn,172.53293976483045,6.774338194869717,6.365114236839283,6.887284181975939
mlp-pinn,172.73197643320125,6.774393842665345,6.364126615806493,6.887152949067366
mlp-pinn,172.93101310157203,6.7744525783518785,6.363138841485316,6.8870404735972475
mlp-pinn,173.13004976994284,6.774515289207857,6.362093930000613,6.886963413287102
mlp-pinn,173.32908643831362,6.774582966416767,6.360847009750149,6.886886352114696
mlp-pinn,173.5281231066844,6.774650642943064,6.359599845017308,6.88680929008
mlp-pinn,173.7271597750552,6.77471831878677,6.358352435658229,6.8867322271829865
mlp-pinn,173.926196443426,6.774785993947906,6.357104781528906,6.886655163423624
mlp-pinn,174.1252331117968,6.7747657739527405,6.355856882485196,6.8866379923690655
mlp-pinn,174.32426978016758,6.774675335344355,6.354639425913462,6.886693365947534
mlp-pinn,174.5233064485384,6.7745276895791084,6.353476571044283,6.886748739080766
mlp-pinn,174.72234311690917,6.774380040595888,6.352313503302829,6.886804111768773
mlp-pinn,174.92137978527998,6.774232388394486,6.351150222572153,6.886859484011564
mlp-pinn,175.12041645365076,6.77408473297469,6.3499867287352,6.88691485580915
mlp-pinn,175.31945312202157,6.774009070202149,6.348823021674805,6.886837648260334
mlp-pinn,175.51848979039235,6.773952617321685,6.347681209204145,6.886656361475893
mlp-pinn,175.71752645876316,6.773908075646917,6.346563494082172,6.886475069919068
mlp-pinn,175.91656312713394,6.773863533417154,6.3454455820808695,6.8862937735894825
mlp-pinn,176.11559979550475,6.7738189906323765,6.344327473096163,6.886112472486761
mlp-pinn,176.31463646387553,6.773772327743116,6.343209167023886,6.885931166610524
mlp-pinn,176.51367313224634,6.773711801112567,6.34209066375978,6.885990706885626
mlp-pinn,176.71270980061712,6.773715204822843,6.340881392785505,6.886166016416856
mlp-pinn,176.9117464689879,6.773740521458979,6.339610814136428,6.88634132148513
mlp-pinn,177.1107831373587,6.773765837474665,6.338339980788159,6.88651662209079
mlp-pinn,177.3098198057295,6.773791152869915,6.3370688925874665,6.886691918234176
mlp-pinn,177.5088564741003,6.773828551553599,6.335797549380964,6.886867209915629
mlp-pinn,177.70789314247108,6.773897979058552,6.334525951015114,6.886755880277013
mlp-pinn,177.9069298108419,6.773881369980462,6.333552617476604,6.886569766874124
mlp-pinn,178.10596647921267,6.773854305584671,6.3326952349087104,6.88638364844128
mlp-pinn,178.30500314758348,6.773827240114068,6.331837736244212,6.886197524978074
mlp-pinn,178.50403981595426,6.773800173568616,6.330980121435936,6.886011396484096
mlp-pinn,178.70307648432507,6.773720084084488,6.330122390436675,6.8858252629589405
mlp-pinn,178.90211315269585,6.773568518930631,6.329264543199192,6.8860108108799905
mlp-pinn,179.10114982106666,6.7735082022502535,6.328448694157025,6.886242461590098
mlp-pinn,179.30018648943744,6.773447882156438,6.32764023526953,6.886474104507821
mlp-pinn,179.49922315780825,6.773387558648938,6.3268316730750715,6.886705739633946
mlp-pinn,179.69825982617903,6.773327231727509,6.326023007534037,6.88693736696926
mlp-pinn,179.89729649454983,6.773355356535987,6.325214238606788,6.887168986514548
mlp-pinn,180.09633316292062,6.773445054857514,6.324405366253663,6.886925793862402
mlp-pinn,180.29536983129142,6.773486099723206,6.323082286902531,6.886681846493734
mlp-pinn,180.4944064996622,6.773527143438825,6.321738649020872,6.886437890483397
mlp-pinn,180.69344316803299,6.773568186004427,6.320394725498394,6.886193925830472
mlp-pinn,180.8924798364038,6.773609227420065,6.319050516152851,6.885949952534042
mlp-pinn,181.09151650477457,6.773580061695633,6.317706020801799,6.88573488789784
mlp-pinn,181.29055317314538,6.77353741905028,6.316377414159958,6.88575485647775
mlp-pinn,181.48958984151616,6.773533513236902,6.315230270401215,6.885774824999754
mlp-pinn,181.68862650988697,6.7735296065243045,6.314082918229182,6.885794793463849
mlp-pinn,181.88766317825775,6.77352569891248,6.312935357530228,6.885814761870037
mlp-pinn,182.08669984662856,6.773521790401425,6.3117875881906125,6.885834730218318
mlp-pinn,182.28573651499934,6.773533073668535,6.310639610096493,6.885820475227418
mlp-pinn,182.48477318337015,6.773512448298036,6.309512987342885,6.885680557718986
mlp-pinn,182.68380985174093,6.773447324744064,6.308467039772415,6.885540637367362
mlp-pinn,182.88284652011174,6.773382200507999,6.307420918754458,6.885400714172374
mlp-pinn,183.08188318848252,6.773317075589823,6.306374624202699,6.885260788133849
mlp-pinn,183.28091985685333,6.773251949989509,6.3053281560307495,6.885120859251611
mlp-pinn,183.4799565252241,6.773226724251495,6.304281514152151,6.885027203136398
mlp-pinn,183.67899319359492,6.77317643817082,6.30325596677432,6.885033515793194
mlp-pinn,183.8780298619657,6.773106443788811,6.302273956168687,6.885039828444201
mlp-pinn,184.07706653033648,6.773036447025188,6.301291792523828,6.885046141089421
mlp-pinn,184.2761031987073,6.772966447879774,6.300309475768169,6.885052453728853
mlp-pinn,184.47513986707807,6.772883155081346,6.299327005830086,6.885058766362496
mlp-pinn,184.67417653544888,6.772690831613352,6.2983443826378895,6.885051019706781
mlp-pinn,184.87321320381966,6.772579577343055,6.297432576197703,6.885025078019631
mlp-pinn,185.07224987219047,6.7725041568619115,6.296609225110895,6.884999136234737
mlp-pinn,185.27128654056125,6.772428732919106,6.295785766347774,6.8849731943520975
mlp-pinn,185.47032320893206,6.7723533055143434,6.294962199866083,6.884947252371711
mlp-pinn,185.66935987730284,6.7723062101580505,6.294138525623537,6.884921310293576
mlp-pinn,185.86839654567365,6.772340988060945,6.293314743577825,6.884937685934655
mlp-pinn,186.06743321404443,6.772374347815722,6.292423704802482,6.8849884299052215
mlp-pinn,186.26646988241524,6.772407445691424,6.291480822721894,6.885039173501796
mlp-pinn,186.46550655078602,6.77244054333804,6.290537799313706,6.885089916724386
mlp-pinn,186.66454321915683,6.772473640755578,6.28959463451435,6.885140659573001
mlp-pinn,186.8635798875276,6.772512617372494,6.288651328260206,6.885191402047648
mlp-pinn,187.06261655589842,6.7725612830156425,6.287707880487613,6.885179389281315
mlp-pinn,187.2616532242692,6.7725946648273965,6.2867777349903715,6.885135990504126
mlp-pinn,187.46068989263998,6.772627825976949,6.2858534447748164,6.885092591453382
mlp-pinn,187.65972656101079,6.772660986950184,6.284929018628944,6.885049192129077
mlp-pinn,187.85876322938157,6.772694147747106,6.284004456492766,6.8850057925312065
mlp-pinn,188.05779989775237,6.772720509933544,6.283079758306248,6.884962392659765
mlp-pinn,188.25683656612316,6.772736764902646,6.282154924009313,6.88488299742349
mlp-pinn,188.45587323449396,6.772727970072824,6.2812559356072475,6.884792759782795
mlp-pinn,188.65490990286474,6.772719175138944,6.28036305098984,6.884702520959356
mlp-pinn,188.85394657123555,6.772710380101001,6.279470039412208,6.884612280953129
mlp-pinn,189.05298323960633,6.772701584958998,6.278576900820175,6.884522039764066
mlp-pinn,189.25201990797714,6.7726974275812895,6.2776836351595335,6.8844317973921205
mlp-pinn,189.45105657634792,6.772675805038238,6.2767902423760304,6.8843942377009455
mlp-pinn,189.65009324471873,6.772599935724319,6.275717325476807,6.884364062749265
mlp-pinn,189.8491299130895,6.7725240638919635,6.27462766656475,6.884333887665324
mlp-pinn,190.04816658146032,6.772448189540975,6.273537818388426,6.88430371244912
mlp-pinn,190.2472032498311,6.7723723126711555,6.272447780849183,6.884273537100653
mlp-pinn,190.4462399182019,6.772245675134713,6.271357553848278,6.88424325921253
mlp-pinn,190.6452765865727,6.772171569423284,6.270267743586011,6.884089694753497
mlp-pinn,190.8443132549435,6.772190119014575,6.2691931262113405,6.8839361268688
mlp-pinn,191.04334992331428,6.772208666533631,6.268118324602354,6.883782555558212
mlp-pinn,191.24238659168506,6.772227211980501,6.267043338664265,6.883628980821503
mlp-pinn,191.44142326005587,6.772245755355236,6.265968168302201,6.883475402658443
mlp-pinn,191.64045992842665,6.772315155876005,6.264892813421212,6.883336397088986
mlp-pinn,191.83949659679746,6.772342244347465,6.263805305000222,6.88332208519877
mlp-pinn,192.03853326516824,6.772331760663688,6.262651775307064,6.883307773278799
mlp-pinn,192.23756993353905,6.772321276899128,6.261498033103939,6.883293461329068
mlp-pinn,192.43660660190983,6.7723107930537845,6.260344078273357,6.883279149349581
mlp-pinn,192.63564327028064,6.7723008146054715,6.259189910697715,6.883264837340334
mlp-pinn,192.83467993865142,6.772297363852857,6.258035530259304,6.883276931817845
mlp-pinn,193.03371660702223,6.7722343740105515,6.257020475449926,6.883383293652404
mlp-pinn,193.232753275393,6.7721438499599405,6.256379855471059,6.8834896538434895
mlp-pinn,193.43178994376382,6.772053322746125,6.2557391698894,6.883596012391177
mlp-pinn,193.6308266121346,6.771962792368818,6.255098418684791,6.883702369295542
mlp-pinn,193.8298632805054,6.771847480680411,6.254457601837063,6.883808724556661
mlp-pinn,194.0288999488762,6.771629989612429,6.2538167193260366,6.88387117698568
mlp-pinn,194.227936617247,6.771571519281604,6.253033394478942,6.883855469343302
mlp-pinn,194.42697328561778,6.771546375907623,6.2520431929352815,6.88383976166508
mlp-pinn,194.62600995398856,6.7715212262769295,6.25105283453819,6.883824053951018
mlp-pinn,194.82504662235937,6.771496070389317,6.250062319213104,6.883808346201112
mlp-pinn,195.02408329073015,6.771536862401714,6.249071646885403,6.883792638415364
mlp-pinn,195.22311995910096,6.771714685500458,6.248080817480404,6.8837465789828345
mlp-pinn,195.42215662747174,6.77182369250232,6.247136858282072,6.883668380770858
mlp-pinn,195.62119329584255,6.7719294416982745,6.246236392965458,6.883590181670542
mlp-pinn,195.82022996421333,6.772035188503093,6.24533579781791,6.883511981681857
mlp-pinn,196.01926663258413,6.772140932916952,6.244435072783255,6.883433780804773
mlp-pinn,196.21830330095491,6.772196306813949,6.243534217805277,6.883355579039259
mlp-pinn,196.41733996932572,6.772187244553775,6.242633232827721,6.883282806664949
mlp-pinn,196.6163766376965,6.772113603129492,6.241769651793782,6.883213291055095
mlp-pinn,196.8154133060673,6.77203996071921,6.240925468840643,6.883143774743174
mlp-pinn,197.0144499744381,6.771966317322885,6.240081171683083,6.883074257729167
mlp-pinn,197.2134866428089,6.771892672940474,6.23923676027474,6.8830047400130505
mlp-pinn,197.41252331117968,6.771743376518421,6.238392234569221,6.882935221594805
mlp-pinn,197.6115599795505,6.771546866408208,6.2375475945201,6.882866227167277
mlp-pinn,197.81059664792127,6.771365441537172,6.236590958313453,6.882797400088609
mlp-pinn,198.00963331629205,6.771184009971147,6.235601952829259,6.882728572321673
mlp-pinn,198.20866998466286,6.771002571709301,6.234612790457723,6.882659743866447
mlp-pinn,198.40770665303364,6.770821126750801,6.233623471124156,6.882590914722911
mlp-pinn,198.60674332140445,6.770847269731895,6.232633994753818,6.882522084891045
mlp-pinn,198.80577998977523,6.77095455700388,6.2316443612719015,6.882311198698229
mlp-pinn,199.00481665814604,6.771062360274435,6.230917158405124,6.882081498598193
mlp-pinn,199.20385332651682,6.7711701572448,6.230219271623064,6.8818517908313055
mlp-pinn,199.40288999488763,6.771277947915712,6.229521306657476,6.881622075396799
mlp-pinn,199.6019266632584,6.77138573228791,6.228823263482076,6.881392352293906
mlp-pinn,199.80096333162922,6.771296942415562,6.228125142070569,6.881165231578269
mlp-pinn,200.0,6.771182965489647,6.227426240425257,6.881090033748948
mlp-vpinn,1.2046496868133545,5.620046473990341,3.194134259482926,7.534535304816183
mlp-vpinn,1.4036440314711989,5.971509496642023,3.2163201805100448,7.534371239837343
mlp-vpinn,1.6026383761290435,6.307137583572722,3.2387063579379882,7.534206959300445
mlp-vpinn,1.801632720786888,6.62578459378585,3.254720563374162,7.534042675181393
mlp-vpinn,2.0006270654447325,6.929793809909954,3.2592287083628335,7.5338783874799535
mlp-vpinn,2.199621410102577,7.221014515837562,3.261348100415694,7.533714096195892
mlp-vpinn,2.3986157547604217,7.480331651439107,3.251816618796403,7.533773213669131
mlp-vpinn,2.597610099418266,7.488408249008505,3.250918399253007,7.54641244092782
mlp-vpinn,2.7966044440761104,7.487210307434541,3.2520003375118045,7.544939008269132
mlp-vpinn,2.995598788733955,7.485652653788655,3.2530819159301916,7.543465287811181
mlp-vpinn,3.194593133391799,7.478416812090584,3.2541631348669666,7.541991279385257
mlp-vpinn,3.393587478049644,7.471171479356524,3.255243994680331,7.543582202984756
mlp-vpinn,3.5925818227074884,7.463916613396897,3.2563244957278927,7.552604256729346
mlp-vpinn,3.7915761673653328,7.45440417894811,3.2570036493618555,7.550141633471325
mlp-vpinn,3.9905705120231776,7.440911330110663,3.257619655475995,7.5459880617576465
mlp-vpinn,4.189564856681022,7.4272797577434995,3.258235545127245,7.5418322025155655
mlp-vpinn,4.388559201338866,7.41361954421032,3.258851318381636,7.537674051961431
mlp-vpinn,4.587553545996711,7.399930490952098,3.2594669753051377,7.533738440487215
mlp-vpinn,4.786547890654555,7.386212396982938,3.260082515963656,7.5326932734530105
mlp-vpinn,4.9855422353123995,7.352385722665165,3.269487235551239,7.531852758858612
mlp-vpinn,5.184536579970244,7.3111759808260235,3.2719440312634283,7.531094852848079
mlp-vpinn,5.383530924628089,7.269507297455052,3.2737646515783405,7.530336870556559
mlp-vpinn,5.5825252692859335,7.227363635764034,3.275584259964523,7.529578811961017
mlp-vpinn,5.781519613943778,7.184728002194834,3.277402858107439,7.5288206770384045
mlp-vpinn,5.980513958601622,7.141582364544185,3.279220447687878,7.52806246576566
mlp-vpinn,6.179508303259467,7.074009589558186,3.278810865902201,7.524512841146931
mlp-vpinn,6.378502647917311,6.993300762066178,3.277654126814608,7.519376116178206
mlp-vpinn,6.577496992575155,6.910763603883808,3.276496979350252,7.514235879749678
mlp-vpinn,6.776491337233001,6.8262608363061545,3.275339423076304,7.51009196543207
mlp-vpinn,6.975485681890845,6.739637040645677,3.274181457559173,7.508440276749277
mlp-vpinn,7.174480026548689,6.650715113301015,3.2730230823644986,7.506788224652017
mlp-vpinn,7.373474371206534,6.578677939533863,3.276405599192064,7.502367193742364
mlp-vpinn,7.572468715864378,6.511149549131731,3.2818123664696115,7.496620488510266
mlp-vpinn,7.771463060522223,6.442503193181906,3.2872102407677914,7.490869374629499
mlp-vpinn,7.970457405180067,6.372672540526862,3.2925992658239487,7.485113841938035
mlp-vpinn,8.169451749837911,6.301584221071305,3.297979485018088,7.480171323574306
mlp-vpinn,8.368446094495756,6.2291567274338995,3.3033509413769435,7.4765844351208015
mlp-vpinn,8.5674404391536,6.15189115121983,3.311792250762148,7.472274743488599
mlp-vpinn,8.766434783811444,6.075502765186934,3.321982435675644,7.4671314231017245
mlp-vpinn,8.965429128469289,5.998030049422073,3.332141457631527,7.463331452625718
mlp-vpinn,9.164423473127133,5.919421900666199,3.34226960079465,7.460253486825482
mlp-vpinn,9.36341781778498,5.8396228955067375,3.352367145037265,7.457174250587899
mlp-vpinn,9.562412162442824,5.758572749642905,3.3624343660292575,7.454093742338544
mlp-vpinn,9.761406507100668,5.679628142828598,3.369479542397443,7.452384982092833
mlp-vpinn,9.960400851758513,5.604871710969645,3.3743541859058186,7.4518457620833995
mlp-vpinn,10.159395196416357,5.528560166772042,3.379221797580821,7.4513065030528605
mlp-vpinn,10.358389541074201,5.450585326938979,3.384082407765891,7.450767204992743
mlp-vpinn,10.557383885732046,5.37082575504696,3.3889360465868674,7.450227867894571
mlp-vpinn,10.75637823038989,5.289144368831441,3.3937827439541652,7.449688491749867
mlp-vpinn,10.955372575047734,5.222853966416386,3.397098588422946,7.4450443680681495
mlp-vpinn,11.154366919705579,5.179610067872922,3.399023280314806,7.435841222148532
mlp-vpinn,11.353361264363423,5.135424730775247,3.400946882969341,7.42662667161232
mlp-vpinn,11.552355609021268,5.090245033220251,3.4028693982337503,7.417400673956045
mlp-vpinn,11.751349953679112,5.044012758955967,3.4047908279500194,7.408163186411575
mlp-vpinn,11.950344298336956,4.996663627810083,3.406711173954938,7.398914165943799
mlp-vpinn,12.1493386429948,4.957860742090599,3.412758408206051,7.386848967859411
mlp-vpinn,12.348332987652647,4.936561054838685,3.4236328267549854,7.370792703434072
mlp-vpinn,12.547327332310491,4.914751070435891,3.4344728142886156,7.354701386190214
mlp-vpinn,12.746321676968336,4.892412539824913,3.445278695801081,7.338574785546549
mlp-vpinn,12.94531602162618,4.869525818891446,3.45605079120577,7.322412668382661
mlp-vpinn,13.144310366284024,4.846069725948299,3.466789415445833,7.306214798999698
mlp-vpinn,13.343304710941869,4.8274557649834655,3.4776633848257186,7.2865601829213915
mlp-vpinn,13.542299055599713,4.821158397393288,3.48114496297975,7.260602543188293
mlp-vpinn,13.741293400257558,4.814663415801618,3.4824787383579383,7.234551767799384
mlp-vpinn,13.940287744915402,4.807968070887359,3.4838120031010447,7.208406846993729
mlp-vpinn,14.139282089573246,4.816472917498308,3.4851447577951085,7.182166752631336
mlp-vpinn,14.33827643423109,4.837951206477992,3.4864770030250507,7.155830437721386
mlp-vpinn,14.537270778888935,4.858026235803889,3.488041099276393,7.112404008198722
mlp-vpinn,14.73626512354678,4.872073406992797,3.494585169097487,7.026302374573528
mlp-vpinn,14.935259468204624,4.84401579579969,3.5011170071722764,6.939132463214255
mlp-vpinn,15.134253812862468,4.804984853694814,3.507636681833768,6.850853496107641
mlp-vpinn,15.333248157520313,4.765086821198225,3.514144260781087,6.761422032991776
mlp-vpinn,15.532242502178157,4.724273069594798,3.52063981108768,6.6707917214767685
mlp-vpinn,15.731236846836003,4.684135059681356,3.5271233992093816,6.565591621316804
mlp-vpinn,15.930231191493847,4.670703598040195,3.5381828139447635,6.411248311232918
mlp-vpinn,16.129225536151694,4.656893192440602,3.54938811888341,6.253096551203129
mlp-vpinn,16.328219880809534,4.642694408359066,3.560558160183223,6.09083968341394
mlp-vpinn,16.527214225467382,4.628097136208675,3.571693268692591,5.924140411859895
mlp-vpinn,16.726208570125223,4.61309053761138,3.5827937701185912,5.835060634914958
mlp-vpinn,16.92520291478307,4.597282820298147,3.5938599851381547,5.759349910388755
mlp-vpinn,17.124197259440912,4.593592942884772,3.605518956226953,5.692935846945396
mlp-vpinn,17.32319160409876,4.590702840011565,3.6172109729129196,5.6399122034786915
mlp-vpinn,17.522185948756604,4.587689880045383,3.6288653187203517,5.607298462539891
mlp-vpinn,17.72118029341445,4.58455315895242,3.6404823554387806,5.577307129301888
mlp-vpinn,17.920174638072293,4.581291716213045,3.6520624391035295,5.580956497025683
mlp-vpinn,18.119168982730137,4.5773877021007845,3.663605920123035,5.5846034799996955
mlp-vpinn,18.318163327387982,4.549312160152794,3.6781120195086277,5.592039261083025
mlp-vpinn,18.517157672045826,4.509482813178556,3.693155638607163,5.600034534475063
mlp-vpinn,18.71615201670367,4.469124634332649,3.7081382274529533,5.6080184091292615
mlp-vpinn,18.915146361361515,4.428213816228096,3.72306052285213,5.615990933660065
mlp-vpinn,19.11414070601936,4.386724679124801,3.737923246903556,5.62395215633734
mlp-vpinn,19.313135050677204,4.345360848456055,3.7527271074065687,5.631902125089779
mlp-vpinn,19.512129395335048,4.324396276645176,3.7652590218900563,5.669449799425114
mlp-vpinn,19.711123739992892,4.3038520020765985,3.7770800613003597,5.714474493263061
mlp-vpinn,19.910118084650737,4.283158088077384,3.7888642199240916,5.759147197294645
mlp-vpinn,20.10911242930858,4.262310873561349,3.8006118408184304,5.803476039931536
mlp-vpinn,20.308106773966426,4.241306543133704,3.8123232617549005,5.847468841474239
mlp-vpinn,20.50710111862427,4.220141117805193,3.8239988153326867,5.891133130219069
mlp-vpinn,20.706095463282114,4.208394138849586,3.8369249433399766,5.907402646834524
mlp-vpinn,20.90508980793996,4.200870059959932,3.850372687969543,5.913152309586114
mlp-vpinn,21.104084152597803,4.196556288605786,3.863438075102727,5.918896387072479
mlp-vpinn,21.303078497255648,4.192177990478957,3.87622567689245,5.924634895538771
mlp-vpinn,21.502072841913492,4.189316913501395,3.8889712310901965,5.930367851151543
mlp-vpinn,21.701067186571336,4.194135238343922,3.901675149765042,5.936095269999281
mlp-vpinn,21.90006153122918,4.201794689629423,3.9147823325581164,5.960542002268066
mlp-vpinn,22.099055875887025,4.210408771278187,3.9278600175784266,5.994453304155769
mlp-vpinn,22.29805022054487,4.218992019164815,3.940894305113147,6.0281738421022855
mlp-vpinn,22.497044565202714,4.227544780028215,3.9538856243517295,6.061706799698287
mlp-vpinn,22.696038909860558,4.23606739413371,3.9668343974556457,6.095055272957797
mlp-vpinn,22.895033254518403,4.244560195441025,3.9797410397184554,6.128222273654315
mlp-vpinn,23.094027599176247,4.25176561206138,3.9946835465778494,6.136703150120669
mlp-vpinn,23.29302194383409,4.259159332434297,4.009775254018289,6.127853518223701
mlp-vpinn,23.49201628849194,4.2665388919257055,4.0248103729461695,6.118991087500637
mlp-vpinn,23.691010633149784,4.273904377705018,4.0360246809566265,6.110115802259224
mlp-vpinn,23.890004977807628,4.2812558760093085,4.025163667266617,6.1012276064021345
mlp-vpinn,24.088999322465472,4.288593472157572,4.0142732681365185,6.092326443422838
mlp-vpinn,24.287993667123317,4.2961818948614,4.010644628165728,6.107317118839851
mlp-vpinn,24.48698801178116,4.30340556740036,4.009255453976662,6.145036861066755
mlp-vpinn,24.685982356439006,4.314582895151782,4.007865798283248,6.182526478525102
mlp-vpinn,24.88497670109685,4.325728953833371,4.006475660584451,6.219790132428815
mlp-vpinn,25.083971045754694,4.336844020857358,4.005085040378371,6.256831860075329
mlp-vpinn,25.28296539041254,4.347928369384755,4.003693937162233,6.293655579951015
mlp-vpinn,25.481959735070383,4.360238740131637,4.000315470247448,6.3331846370178475
mlp-vpinn,25.680954079728227,4.3737763452305405,3.9960890119722667,6.376017702370024
mlp-vpinn,25.879948424386072,4.3868512437348,3.9918580788537454,6.41856493581805
mlp-vpinn,26.078942769043916,4.386769257028565,3.987622656648237,6.4608319843260125
mlp-vpinn,26.27793711370176,4.386636555880452,3.9833827310363707,6.5028243113332715
mlp-vpinn,26.476931458359605,4.386453148752246,3.9791382876224852,6.544547204997766
mlp-vpinn,26.67592580301745,4.386600718881162,3.9786052770949287,6.577542969076419
mlp-vpinn,26.874920147675294,4.3872846479445275,3.980143047707329,6.596718582772077
mlp-vpinn,27.073914492333138,4.387913801688063,3.9816802244151095,6.615838617328437
mlp-vpinn,27.272908836990982,4.388488259579991,3.983216807905858,6.634903553238589
mlp-vpinn,27.471903181648827,4.393328692189641,3.9847527988658347,6.653913864111997
mlp-vpinn,27.67089752630667,4.411694373011107,3.98628819797998,6.672870016811781
mlp-vpinn,27.869891870964516,4.430194971361958,3.9869471534065277,6.689839603317007
mlp-vpinn,28.06888621562236,4.44835952669293,3.9869432539450433,6.702257222318851
mlp-vpinn,28.267880560280204,4.466447431628667,3.9869393544797456,6.714651877062708
mlp-vpinn,28.46687490493805,4.484459680190804,3.986935455010633,6.727023694484679
mlp-vpinn,28.665869249595893,4.502397244520546,3.986931555537707,6.739372800355746
mlp-vpinn,28.864863594253737,4.520261075561297,3.986927656060967,6.751699319296691
mlp-vpinn,29.063857938911582,4.537575867025454,3.9872546366478137,6.7636236674774715
mlp-vpinn,29.262852283569426,4.55275122007075,3.987917159563692,6.774313350371655
mlp-vpinn,29.46184662822727,4.567868584496868,3.988579572431218,6.7849861917903596
mlp-vpinn,29.660840972885115,4.582928682374479,3.9892418753052135,6.795642271084321
mlp-vpinn,29.85983531754296,4.597932220173134,3.989904068240452,6.806281666983104
mlp-vpinn,30.058829662200807,4.612879889240288,3.990566151291665,6.816904457601891
mlp-vpinn,30.25782400685865,4.627409386707304,3.994101506734815,6.821178259648471
mlp-vpinn,30.456818351516496,4.643423528391805,4.001390266183936,6.792589027537178
mlp-vpinn,30.65581269617434,4.659381817444299,4.008665772862809,6.763878956940019
mlp-vpinn,30.854807040832185,4.6752848422744515,4.015928098800078,6.735046502530887
mlp-vpinn,31.05380138549003,4.691133180901961,4.023177315374285,6.706090085763168
mlp-vpinn,31.252795730147874,4.706927401214498,4.030413493322053,6.677008093861245
mlp-vpinn,31.451790074805718,4.721888762580699,4.03658644592053,6.655400140828439
mlp-vpinn,31.650784419463562,4.733835357323102,4.040900831443353,6.712413803168522
mlp-vpinn,31.849778764121407,4.745750360712071,4.045210615497027,6.768947266406748
mlp-vpinn,32.04877310877925,4.757634032684766,4.049515812773186,6.825012463418911
mlp-vpinn,32.24776745343709,4.769486629515464,4.053816437885455,6.880620840901754
mlp-vpinn,32.44676179809494,4.781308403889158,4.0581125053700235,6.935783386660779
mlp-vpinn,32.64575614275279,4.7923483735824295,4.061784900395724,6.9901922338686555
mlp-vpinn,32.84475048741063,4.801896116528754,4.0639437955123885,7.0182811316267
mlp-vpinn,33.04374483206847,4.811418840117883,4.066101544364648,7.046258057909675
mlp-vpinn,33.24273917672632,4.820922548941034,4.068258148776391,7.074124341200594
mlp-vpinn,33.441733521384165,4.830407357630783,4.070413610566677,7.101881283918821
mlp-vpinn,33.640727866042006,4.839873379661334,4.072567931549747,7.129530163130395
mlp-vpinn,33.839722210699854,4.849498489283248,4.075485459438768,7.15707223123365
mlp-vpinn,34.038716555357695,4.86111988129388,4.080881952312455,7.125411349404899
mlp-vpinn,34.23771090001554,4.872896927594722,4.0862713183686425,7.089840015947266
mlp-vpinn,34.436705244673384,4.884645552881986,4.091653585768825,7.054089310834257
mlp-vpinn,34.63569958933123,4.896365962116479,4.097028782489521,7.018156492892212
mlp-vpinn,34.83469393398907,4.908058357805086,4.102396936323965,6.982038750409806
mlp-vpinn,35.03368827864692,4.919108149407704,4.109028881903355,6.945733198570407
mlp-vpinn,35.23268262330476,4.925892202101527,4.121958772776073,6.957316077939561
mlp-vpinn,35.43167696796261,4.932149192957505,4.134848231388344,6.975798692464955
mlp-vpinn,35.63067131262045,4.9383981728491,4.147697634684212,6.994232465913269
mlp-vpinn,35.8296656572783,4.944639172777293,4.152845973188801,7.0126177834439725
mlp-vpinn,36.02866000193614,4.950872223541744,4.150844888496951,7.030955025180726
mlp-vpinn,36.22765434659399,4.9571182001092655,4.148910166669447,7.049244566303083
mlp-vpinn,36.42664869125183,4.964899086308082,4.147305089369605,7.098054893248844
mlp-vpinn,36.625643035909675,4.9731193241639255,4.145699390637116,7.1541834482924385
mlp-vpinn,36.824637380567516,4.981325693720639,4.144093069749627,7.209875058284235
mlp-vpinn,37.023631725225364,4.989518266395098,4.142486125983384,7.2651397715609525
mlp-vpinn,37.222626069883205,4.9976971129818715,4.140878558613226,7.319987257131281
mlp-vpinn,37.42162041454105,5.005642294626009,4.139114456879351,7.374426824425879
mlp-vpinn,37.620614759198894,5.011067097031302,4.136119120125553,7.395318987046535
mlp-vpinn,37.81960910385674,5.0159066221913715,4.133121612605745,7.403573025945835
mlp-vpinn,38.01860344851458,5.020741407649368,4.130121929593513,7.4118178728874975
mlp-vpinn,38.21759779317243,5.025571467516627,4.1271200663452685,7.420053558512657
mlp-vpinn,38.41659213783027,5.030396815833615,4.124116018100159,7.428280113292587
mlp-vpinn,38.61558648248812,5.035253931107296,4.1214183289372315,7.4364975675300204
mlp-vpinn,38.81458082714596,5.041422603971537,4.123875203284355,7.428405923760817
mlp-vpinn,39.01357517180381,5.048125600005246,4.126330614774755,7.411835427193772
mlp-vpinn,39.21256951646165,5.054819160082229,4.128784566018337,7.395227801186694
mlp-vpinn,39.4115638611195,5.061503325985379,4.131237059617257,7.378582795028086
mlp-vpinn,39.610558205777345,5.06817813917817,4.133688098165955,7.361900155172194
mlp-vpinn,39.809552550435185,5.074822573406564,4.136137718523767,7.345179625193945
mlp-vpinn,40.00854689509303,5.080635858517274,4.138609012547198,7.370192795438437
mlp-vpinn,40.207541239750874,5.086447151418438,4.141078831763382,7.425739188655804
mlp-vpinn,40.40653558440872,5.092250612892061,4.143547178809561,7.480873154515086
mlp-vpinn,40.60552992906656,5.0980462779043565,4.1460140563151215,7.535603745550214
mlp-vpinn,40.80452427372441,5.10383418114863,4.148479466901633,7.589939687899789
mlp-vpinn,41.00351861838225,5.109614357048305,4.1509434131828815,7.643889397549016
mlp-vpinn,41.2025129630401,5.1151538462009,4.150886354503901,7.676184327344759
mlp-vpinn,41.40150730769794,5.120566061061316,4.150696112175364,7.68739493464188
mlp-vpinn,41.60050165235579,5.125971519440458,4.1505058611268915,7.698589217184012
mlp-vpinn,41.79949599701363,5.131370249292606,4.150315601357285,7.709767246079887
mlp-vpinn,41.99849034167148,5.136762278369867,4.150125332865343,7.720929091923495
mlp-vpinn,42.19748468632932,5.142147634224266,4.149935055649868,7.732074824799284
mlp-vpinn,42.396479030987166,5.146426835420339,4.150439454407824,7.741343089172553
mlp-vpinn,42.59547337564501,5.149467399951268,4.151022695276463,7.748145905149866
mlp-vpinn,42.794467720302855,5.152506151966948,4.151605854208157,7.754942753541228
mlp-vpinn,42.993462064960696,5.155543094736811,4.152188931237426,7.761733650023853
mlp-vpinn,43.19245640961854,5.158578231520382,4.152771926398771,7.768518610206425
mlp-vpinn,43.391450754276384,5.1616115655673145,4.153354839726666,7.775297649629533
mlp-vpinn,43.59044509893423,5.165060596846743,4.154245289209328,7.771769557178563
mlp-vpinn,43.78943944359207,5.169902048769012,4.155191734334673,7.750639299604932
mlp-vpinn,43.98843378824992,5.174737058452878,4.156137963933402,7.7294512777604965
mlp-vpinn,44.18742813290776,5.179565654685723,4.157083978152688,7.708205015304556
mlp-vpinn,44.38642247756561,5.184387866035145,4.158029777139538,7.686900029313459
mlp-vpinn,44.58541682222345,5.18920372085131,4.158975361040789,7.665535830152527
mlp-vpinn,44.7844111668813,5.193568036057073,4.1606628095431555,7.667339887269782
mlp-vpinn,44.98340551153914,5.196979904431119,4.162544637780845,7.720806863675546
mlp-vpinn,45.18239985619699,5.200388868059491,4.164425615654646,7.773906116325349
mlp-vpinn,45.38139420085483,5.203794935273009,4.166305744316311,7.826645129600671
mlp-vpinn,45.580388545512676,5.2071981143611,4.168185024914994,7.879031137390126
mlp-vpinn,45.779382890170524,5.210598413572095,4.170063458597258,7.93107113467181
mlp-vpinn,45.978377234828365,5.213985361974501,4.173420689325055,7.965167320570658
mlp-vpinn,46.17737157948621,5.2185711119998555,4.177296804521976,7.943114962659329
mlp-vpinn,46.376365924144054,5.223149651870923,4.181169326402915,7.9210012104126255
mlp-vpinn,46.5753602688019,5.227721017263098,4.185038264942831,7.898825548187151
mlp-vpinn,46.77435461345974,5.232285243557631,4.188903630070617,7.876587453080796
mlp-vpinn,46.97334895811759,5.236842365845002,4.192765431669399,7.854286394788872
mlp-vpinn,47.17234330277543,5.241735923476338,4.193258864338646,7.843991055084
mlp-vpinn,47.37133764743328,5.244285555473541,4.192213997015805,7.8911649601023734
mlp-vpinn,47.57033199209112,5.246833916043046,4.191168869205323,7.938058527301065
mlp-vpinn,47.76932633674897,5.249381007130996,4.190123480712284,7.984676695907408
mlp-vpinn,47.96832068140681,5.2519268306784666,4.1890778313415264,8.031024261791051
mlp-vpinn,48.16731502606466,5.254471388621491,4.188031920897646,8.077105883222417
mlp-vpinn,48.3663093707225,5.256210295333853,4.190482329179552,8.114936173177258
mlp-vpinn,48.565303715380345,5.259092307015555,4.194953932865769,8.08967883732412
mlp-vpinn,48.764298060038186,5.261970979321912,4.199420775126716,8.064342396461026
mlp-vpinn,48.963292404696034,5.264846323490837,4.203882871140174,8.038926102637575
mlp-vpinn,49.162286749353875,5.267718350697298,4.208340236003458,8.013429196041901
mlp-vpinn,49.36128109401172,5.273328264157625,4.2127928847340135,7.987850904735626
mlp-vpinn,49.560275438669564,5.285855495242336,4.217277319943184,7.963043416355597
mlp-vpinn,49.75926978332741,5.283224591742739,4.2217831551297635,7.960499692414921
mlp-vpinn,49.95826412798525,5.280581298777159,4.226284186441759,7.957955155384574
mlp-vpinn,50.1572584726431,5.283134933594029,4.230780429211368,7.9554098044843515
mlp-vpinn,50.35625281730094,5.286201329671712,4.235271898689408,7.952863638932809
mlp-vpinn,50.55524716195879,5.2892655303464675,4.239758610045911,7.950316657947244
mlp-vpinn,50.75424150661663,5.291985535787678,4.24141280376247,7.947768860743705
mlp-vpinn,50.95323585127448,5.293760768078604,4.240487830887573,7.999586621129764
mlp-vpinn,51.15223019593232,5.295492094913968,4.239562656205351,8.053463420013644
mlp-vpinn,51.35122454059017,5.297222384893169,4.238637279583657,8.106982176250138
mlp-vpinn,51.55021888524801,5.298951639948534,4.237711700890202,8.16014993456474
mlp-vpinn,51.749213229905855,5.300679862006385,4.236785919992548,8.212973511653164
mlp-vpinn,51.948207574563696,5.305118456020754,4.237078774023821,8.265459506382935
mlp-vpinn,52.147201919221544,5.306926331614967,4.238721128006061,8.276771454603995
mlp-vpinn,52.34619626387939,5.308437239398055,4.240362845880849,8.281706999120985
mlp-vpinn,52.54519060853723,5.309947670885389,4.242003928386735,8.286639604015098
mlp-vpinn,52.74418495319508,5.311457626562197,4.243644376260839,8.291569274532625
mlp-vpinn,52.94317929785292,5.312967106912838,4.245284190238859,8.296496015904273
mlp-vpinn,53.14217364251077,5.314476112420817,4.24748964614358,8.301419833345225
mlp-vpinn,53.34116798716861,5.320919788373098,4.250465449316196,8.290419633645643
mlp-vpinn,53.54016233182646,5.328273229455716,4.253439170549468,8.275409767819145
mlp-vpinn,53.7391566764843,5.335615174475272,4.256410814207007,8.260372627714554
mlp-vpinn,53.93815102114215,5.342945682037536,4.259380384637204,8.245308064109867
mlp-vpinn,54.13714536579999,5.3502648102266415,4.262347886173299,8.230215926417397
mlp-vpinn,54.336139710457836,5.35757261661173,4.264678356363232,8.215096062666213
mlp-vpinn,54.53513405511568,5.361889724774505,4.265915640765243,8.223385618388209
mlp-vpinn,54.734128399773525,5.365352779782185,4.267152566409838,8.240587533770071
mlp-vpinn,54.933122744431365,5.36881355402951,4.268389133608908,8.257753615526404
mlp-vpinn,55.13211708908921,5.372272052105393,4.2696253426738915,8.274884086665631
mlp-vpinn,55.331111433747054,5.375728278583113,4.270861193915775,8.291979167892595
mlp-vpinn,55.5301057784049,5.379460805710268,4.272421651988831,8.309039077641739
mlp-vpinn,55.72910012306274,5.3862750408221975,4.274685739398395,8.323341525929791
mlp-vpinn,55.92809446772059,5.389196806978414,4.276948628268642,8.336195174630044
mlp-vpinn,56.12708881237843,5.394459779520021,4.279210320500974,8.349029034671226
mlp-vpinn,56.32608315703628,5.399716151124963,4.281470817991765,8.361843197168975
mlp-vpinn,56.52507750169412,5.4049659496308795,4.283730122632388,8.374637752541839
mlp-vpinn,56.72407184635197,5.410209202672057,4.286101245227445,8.387412790518715
mlp-vpinn,56.92306619100981,5.4147167981282,4.2888103578842145,8.403086611092096
mlp-vpinn,57.12206053566766,5.418633215312965,4.291517760355839,8.420892805838434
mlp-vpinn,57.3210548803255,5.422542670156347,4.294223455877008,8.438661428291086
mlp-vpinn,57.520049224983346,5.426445195543144,4.296927447672226,8.456392715291434
mlp-vpinn,57.71904356964119,5.430340824097314,4.299629738955859,8.474086901203
mlp-vpinn,57.918037914299035,5.43422958818487,4.302156607345569,8.491744217947602
mlp-vpinn,58.117032258956876,5.438382867353447,4.303984303644804,8.490925241379774
mlp-vpinn,58.31602660361472,5.442870945838069,4.305811224138207,8.471274313348964
mlp-vpinn,58.515020948272564,5.447354133807787,4.307637369812864,8.451577694685874
mlp-vpinn,58.71401529293041,5.450599352438244,4.309462741653768,8.43183506519296
mlp-vpinn,58.91300963758826,5.452086635458237,4.311287340643827,8.412046100915246
mlp-vpinn,59.1120039822461,5.453573478012458,4.313276460157938,8.392210474078281
mlp-vpinn,59.31099832690395,5.457075955677601,4.316227320305038,8.405168108634472
mlp-vpinn,59.50999267156179,5.460980856006993,4.319176164425646,8.462494807276913
mlp-vpinn,59.70898701621964,5.461899150217054,4.322122996646169,8.519435767230801
mlp-vpinn,59.90798136087748,5.461402248301646,4.3250678210789575,8.575998671918867
mlp-vpinn,60.106975705535326,5.460903495496507,4.328010641822373,8.632190953027912
mlp-vpinn,60.30597005019317,5.46040289032949,4.330842022086811,8.688019801906512
mlp-vpinn,60.504964394851015,5.462084736467041,4.332592413394986,8.709495284552089
mlp-vpinn,60.703958739508856,5.467331855088706,4.334342097820913,8.667658796135587
mlp-vpinn,60.902953084166704,5.472573869778603,4.336091076220309,8.625619392299788
mlp-vpinn,61.101947428824545,5.477810795607315,4.337839349447165,8.583374091545219
mlp-vpinn,61.30094177348239,5.478909766588867,4.339586918353752,8.540919838635721
mlp-vpinn,61.49993611814023,5.479354059307957,4.3413942930752585,8.498253502019857
mlp-vpinn,61.69893046279808,5.480933920051783,4.344653353408375,8.473752846052943
mlp-vpinn,61.89792480745592,5.481398959522282,4.347909970850231,8.496177249800839
mlp-vpinn,62.09691915211377,5.48186394428916,4.3511641508859515,8.518542623247027
mlp-vpinn,62.29591349677161,5.482328874374092,4.35441589898017,8.540849430128093
mlp-vpinn,62.49490784142946,5.4827937497987325,4.357665220577126,8.563098128140444
mlp-vpinn,62.6939021860873,5.483258570584725,4.36091212110078,8.585289169049892
mlp-vpinn,62.89289653074515,5.484752075254538,4.366395101477598,8.606475970057883
mlp-vpinn,63.09189087540299,5.486905874043741,4.371905824133788,8.624273689231414
mlp-vpinn,63.29088522006084,5.4932983451613815,4.377409609344586,8.64203475521562
mlp-vpinn,63.48987956471868,5.499681861463673,4.382906483244844,8.6597593935363
mlp-vpinn,63.688873909376525,5.506056464677757,4.38839647180574,8.677447827415943
mlp-vpinn,63.887868254034366,5.512422196191755,4.393879600836196,8.695100277806528
mlp-vpinn,64.08686259869222,5.517901242897745,4.393491156803282,8.711220796400546
mlp-vpinn,64.28585694335005,5.524337207544306,4.392556975718284,8.719306706809968
mlp-vpinn,64.4848512880079,5.531002233065405,4.391622595915328,8.727385125637648
mlp-vpinn,64.68384563266574,5.537653084043471,4.390688017267544,8.735456073667887
mlp-vpinn,64.88283997732358,5.544289855516926,4.389753239647932,8.743519571589072
mlp-vpinn,65.08183432198143,5.550912641463076,4.388818262929354,8.751575639994268
mlp-vpinn,65.28082866663928,5.5570133903379375,4.390418813288603,8.761303709193509
mlp-vpinn,65.47982301129713,5.554294741284434,4.392464466379946,8.786866191872162
mlp-vpinn,65.67881735595498,5.549200020439612,4.394509167215654,8.812354524359769
mlp-vpinn,65.87781170061281,5.544097613071654,4.396552917124321,8.837769348208978
mlp-vpinn,66.07680604527066,5.538987481366789,4.398595717431455,8.8631112957742
mlp-vpinn,66.2758003899285,5.533869587197309,4.400637569459486,8.888380990395174
mlp-vpinn,66.47479473458635,5.528701472252326,4.402680477160152,8.913258249453154
mlp-vpinn,66.67378907924419,5.528904391917183,4.40472303312068,8.925189437267626
mlp-vpinn,66.87278342390204,5.531501221894754,4.406764642347096,8.937104696756245
mlp-vpinn,67.07177776855988,5.534094307333936,4.408805306154631,8.949004091542895
mlp-vpinn,67.27077211321773,5.536683660542882,4.410845025855467,8.96088768482902
mlp-vpinn,67.46976645787556,5.5392692937592924,4.412883802758759,8.972755539397543
mlp-vpinn,67.66876080253341,5.542305658261616,4.416171654736438,8.984607717616736
mlp-vpinn,67.86775514719126,5.543862132330761,4.419975500296164,8.996554695848687
mlp-vpinn,68.06674949184911,5.5440749782222145,4.4237760750674395,9.008492139830945
mlp-vpinn,68.26574383650694,5.544287732276671,4.427573387473079,9.020413786040791
mlp-vpinn,68.46473818116479,5.548181203396273,4.4313674458998085,9.032319697032078
mlp-vpinn,68.66373252582264,5.553682279618186,4.435158258698482,9.044209934946915
mlp-vpinn,68.86272687048049,5.558171118766488,4.43843348907735,9.056084561519473
mlp-vpinn,69.06172121513832,5.565184441479293,4.441428420938218,9.033365895056344
mlp-vpinn,69.26071555979617,5.5751752234864576,4.444421334625259,9.00470511616246
mlp-vpinn,69.45970990445402,5.585147300766961,4.447412234212901,8.975952822075087
mlp-vpinn,69.65870424911186,5.595100782194294,4.450401123761881,8.947108130518655
mlp-vpinn,69.8576985937697,5.605035775556109,4.453388007319307,8.918170144949489
mlp-vpinn,70.05669293842755,5.614823373304342,4.456571016815565,8.88913795423064
mlp-vpinn,70.2556872830854,5.622285785679637,4.459895867978301,8.916229652640975
mlp-vpinn,70.45468162774324,5.626906877571131,4.463218242311183,8.9598827181598
mlp-vpinn,70.65367597240108,5.6315229667949485,4.466538145341281,9.003324132103822
mlp-vpinn,70.85267031705892,5.636134071596124,4.469855582575138,9.046556943515444
mlp-vpinn,71.05166466171677,5.640740210104751,4.4731705594988815,9.089584128925367
mlp-vpinn,71.25065900637462,5.639912547117998,4.474201702402946,9.132408594744126
mlp-vpinn,71.44965335103247,5.6378424654222155,4.473095464226843,9.155029871956279
mlp-vpinn,71.6486476956903,5.637961552010435,4.471988952400048,9.168473675625709
mlp-vpinn,71.84764204034815,5.635958393536882,4.470882166719383,9.181897795383666
mlp-vpinn,72.046636385006,5.631378310815032,4.469775106981416,9.195302317439118
mlp-vpinn,72.24563072966384,5.626786572329566,4.468667772982463,9.208687327373596
mlp-vpinn,72.44462507432168,5.624799152977129,4.470165965995731,9.222052910147548
mlp-vpinn,72.64361941897953,5.626589523021352,4.474758985103719,9.218982790687628
mlp-vpinn,72.84261376363737,5.628368617753494,4.479347294638627,9.205038586079496
mlp-vpinn,73.04160810829522,5.630147147242011,4.483930909058067,9.191073226094446
mlp-vpinn,73.24060245295306,5.631925112028192,4.488509842745833,9.177086614152007
mlp-vpinn,73.4395967976109,5.6337025126524605,4.493084110012424,9.163078652934596
mlp-vpinn,73.63859114226875,5.636909901220994,4.496721952124944,9.14904924437963
mlp-vpinn,73.8375854869266,5.641720473668501,4.49891892554639,9.140185559703426
mlp-vpinn,74.03657983158443,5.646198818977176,4.501114826635353,9.136102340021548
mlp-vpinn,74.23557417624228,5.65066893897078,4.503309656960504,9.13201729460054
mlp-vpinn,74.43456852090013,5.655130875531979,4.50550341808669,9.12793042098917
mlp-vpinn,74.63356286555798,5.659584670187552,4.507696111574955,9.123841716730716
mlp-vpinn,74.83255721021581,5.664234773326928,4.510096822915104,9.119751179362947
mlp-vpinn,75.03155155487366,5.668440856552412,4.512933519254155,9.138327808454854
mlp-vpinn,75.2305458995315,5.672212179093767,4.515768433649635,9.185836280658997
mlp-vpinn,75.42954024418935,5.675972209250803,4.518601569455449,9.233100303547175
mlp-vpinn,75.62853458884719,5.679721004513693,4.521432930015,9.280123612089158
mlp-vpinn,75.82752893350504,5.683458621806905,4.524262518661225,9.326909847100836
mlp-vpinn,76.02652327816288,5.686477136947614,4.52778833697284,9.37346255853398
mlp-vpinn,76.22551762282073,5.690106844019169,4.533316048704326,9.389765197096649
mlp-vpinn,76.42451196747857,5.695394317373594,4.538837028408613,9.352440149286457
mlp-vpinn,76.62350631213641,5.700676886040844,4.544351300622131,9.314965541286936
mlp-vpinn,76.82250065679426,5.705954563645784,4.549858889732624,9.277339560711399
mlp-vpinn,77.02149500145211,5.711227363750313,4.5553598199804055,9.239560358270221
mlp-vpinn,77.22048934610994,5.716990884660538,4.559358192921582,9.201626046710242
mlp-vpinn,77.41948369076779,5.722757033366122,4.556848835590127,9.186989172761404
mlp-vpinn,77.61847803542564,5.726897037280991,4.554338095648701,9.232918491154983
mlp-vpinn,77.81747238008349,5.724968989281255,4.5518259708094035,9.278620461479605
mlp-vpinn,78.01646672474133,5.720963411325796,4.54931245877802,9.324098426768368
mlp-vpinn,78.21546106939917,5.71695421104544,4.546797557253989,9.36935564891955
mlp-vpinn,78.41445541405702,5.712941377377275,4.545034476320503,9.414395311426913
mlp-vpinn,78.61344975871486,5.710057125159914,4.549134825122535,9.447068342647334
mlp-vpinn,78.81244410337271,5.7161491591594285,4.553231481414412,9.429332739266982
mlp-vpinn,79.01143844803055,5.7236390847940015,4.557324455153914,9.411563714121842
mlp-vpinn,79.2104327926884,5.7311158737280605,4.561413756254147,9.393761077552357
mlp-vpinn,79.40942713734624,5.729980440438173,4.565499394583818,9.375924638098384
mlp-vpinn,79.60842148200409,5.728291092762807,4.569520780877816,9.358054202475161
mlp-vpinn,79.80741582666192,5.730484444841047,4.5724368689319865,9.347393243153487
mlp-vpinn,80.00641017131977,5.730689942367691,4.575351098425441,9.39221845328867
mlp-vpinn,80.20540451597762,5.73089338111088,4.5782634729073015,9.43683074482323
mlp-vpinn,80.40439886063547,5.731094761705554,4.581173995915409,9.481233123311846
mlp-vpinn,80.6033932052933,5.731294084775434,4.584082670976375,9.525428524257078
mlp-vpinn,80.80238754995115,5.731620370422448,4.586989501605627,9.569419815374134
mlp-vpinn,81.001381894609,5.735305061286418,4.587637842300026,9.61160315772448
mlp-vpinn,81.20037623926684,5.740021211653698,4.588247553721095,9.603689701610374
mlp-vpinn,81.39937058392468,5.744729205901623,4.588857184131141,9.595769719415696
mlp-vpinn,81.59836492858253,5.749429084911499,4.589466733562447,9.587843194967947
mlp-vpinn,81.79735927324037,5.754120889223938,4.590076202047274,9.579910112027731
mlp-vpinn,81.99635361789822,5.758804659042828,4.590685589617863,9.571970454288351
mlp-vpinn,82.19534796255606,5.760430032046199,4.593370919747926,9.564024205375432
mlp-vpinn,82.3943423072139,5.762454374398865,4.596266712816095,9.555431928220145
mlp-vpinn,82.59333665187175,5.764477770288674,4.599160682591624,9.546798247874483
mlp-vpinn,82.7923309965296,5.7665002212043195,4.602052832514205,9.538156752559148
mlp-vpinn,82.99132534118743,5.7685217286304615,4.604943166012735,9.529507421013955
mlp-vpinn,83.19031968584528,5.770542294047732,4.607831686505352,9.52085023188215
mlp-vpinn,83.38931403050313,5.772676324022746,4.6140445848029765,9.512185163709796
mlp-vpinn,83.58830837516098,5.775308316421888,4.620873052107455,9.518647390635639
mlp-vpinn,83.78730271981881,5.777939040471186,4.627691443564064,9.52735198387602
mlp-vpinn,83.98629706447666,5.780568498091089,4.634499803644321,9.536048631486631
mlp-vpinn,84.1852914091345,5.783196691197024,4.641298176493559,9.544737355186353
mlp-vpinn,84.38428575379235,5.785823621699418,4.648086605934277,9.5534181765953
mlp-vpinn,84.5832800984502,5.786475313939711,4.6496198487508735,9.562091117235454
mlp-vpinn,84.78227444310804,5.785957233954912,4.649553151781589,9.580756977818483
mlp-vpinn,84.98126878776588,5.785439046815639,4.649486453855536,9.602065794495708
mlp-vpinn,85.18026313242373,5.784920752460884,4.649419754972672,9.62332742743545
mlp-vpinn,85.37925747708158,5.781926472740114,4.6493530551329565,9.644542188690885
mlp-vpinn,85.57825182173941,5.77430412882618,4.649286354336349,9.665710386890623
mlp-vpinn,85.77724616639726,5.766661594948188,4.649074235178445,9.686832327291116
mlp-vpinn,85.97624051105511,5.772841520609795,4.648797618411943,9.680919852903537
mlp-vpinn,86.17523485571296,5.784807350922684,4.648520985184972,9.664143318726534
mlp-vpinn,86.37422920037079,5.789219815897524,4.648244335494593,9.647337610524033
mlp-vpinn,86.57322354502864,5.785580692072546,4.647967669337866,9.630502575565638
mlp-vpinn,86.77221788968649,5.777975471848378,4.647690986711852,9.613638059783675
mlp-vpinn,86.97121223434434,5.77034156454685,4.648678271660956,9.596743907756737
mlp-vpinn,87.17020657900217,5.765692182494556,4.650472399602064,9.602936392412857
mlp-vpinn,87.36920092366002,5.7714415162723265,4.652265835644871,9.62172963985795
mlp-vpinn,87.56819526831787,5.777180041725929,4.654058580589243,9.64048625165322
mlp-vpinn,87.76718961297571,5.782907821046065,4.655850635233508,9.659206441220132
mlp-vpinn,87.96618395763355,5.788624915828937,4.657642000374454,9.677890419916016
mlp-vpinn,88.1651783022914,5.794331387084176,4.657889711870139,9.696538397061909
mlp-vpinn,88.36417264694924,5.799656425753803,4.656774110707248,9.719449918521322
mlp-vpinn,88.56316699160709,5.80689745524602,4.655658242221058,9.745709602237524
mlp-vpinn,88.76216133626492,5.8141152128084705,4.654542106219308,9.771898719473361
mlp-vpinn,88.96115568092277,5.821309888898261,4.653425702509503,9.798017836080197
mlp-vpinn,89.16015002558062,5.828481671340797,4.652309030898921,9.824067510387241
mlp-vpinn,89.35914437023847,5.834693971235225,4.652459214015928,9.850048293340835
mlp-vpinn,89.5581387148963,5.83604170797604,4.654051703952646,9.865322448472634
mlp-vpinn,89.75713305955415,5.837893353823925,4.65564364916897,9.869132330967128
mlp-vpinn,89.956127404212,5.839744367371221,4.657235050223489,9.87294074326101
mlp-vpinn,90.15512174886985,5.841594749305285,4.658825907673844,9.876747687054978
mlp-vpinn,90.3541160935277,5.843444500312176,4.660416222076719,9.880553164046455
mlp-vpinn,90.55311043818553,5.843266770834164,4.662920126467634,9.884357175929603
mlp-vpinn,90.75210478284338,5.840373684312487,4.6668480920816275,9.904777181941629
mlp-vpinn,90.95109912750122,5.836875566076845,4.670772754407445,9.9498424581055
mlp-vpinn,91.15009347215907,5.833374762439574,4.674694121764964,9.994704540821918
mlp-vpinn,91.3490878168169,5.829871266461879,4.67861220243919,10.039366154072356
mlp-vpinn,91.54808216147475,5.826365071173801,4.682527004680472,10.083829961514668
mlp-vpinn,91.7470765061326,5.823949124160691,4.685603067288869,10.128098568336915
mlp-vpinn,91.94607085079045,5.82363848609986,4.686752428392031,10.152450420067415
mlp-vpinn,92.14506519544828,5.8240258014927875,4.687901507699404,10.13439379611362
mlp-vpinn,92.34405954010613,5.824412568307483,4.689050305418155,10.11630494288727
mlp-vpinn,92.54305388476398,5.824798786876276,4.690198821755197,10.098183687191701
mlp-vpinn,92.74204822942183,5.825184457530556,4.6913470569171905,10.080029854273436
mlp-vpinn,92.94104257407966,5.829126471133816,4.693700724242114,10.061843267802523
mlp-vpinn,93.14003691873751,5.836123926569378,4.699980504403331,10.042331554913982
mlp-vpinn,93.33903126339536,5.842484876535747,4.7062519051567815,10.018800516619454
mlp-vpinn,93.5380256080532,5.848830846297961,4.712514959956337,9.99521408098933
mlp-vpinn,93.73701995271104,5.855161935829556,4.7187697020338595,9.97157185491839
mlp-vpinn,93.93601429736889,5.857130822762958,4.725016164401256,9.947873440630099
mlp-vpinn,94.13500864202673,5.855350318309732,4.730469406601966,9.924118435598544
mlp-vpinn,94.33400298668458,5.85334432982442,4.731784735913355,9.910077110526393
mlp-vpinn,94.53299733134241,5.857262742565235,4.733099699694491,9.943375963114493
mlp-vpinn,94.73199167600026,5.862774569737686,4.7344142982499475,9.976563674487677
mlp-vpinn,94.93098602065811,5.8682730152637195,4.7357285318838755,10.009641350136928
mlp-vpinn,95.12998036531596,5.8691376988310076,4.737042400900004,10.042610077347172
mlp-vpinn,95.32897470997379,5.869296011735829,4.73825485078481,10.075470925614292
mlp-vpinn,95.52796905463164,5.868915624654112,4.738251802196291,10.103173901250107
mlp-vpinn,95.72696339928949,5.869028286746278,4.73824875360581,10.08149366872854
mlp-vpinn,95.92595774394734,5.869140946665085,4.738245705013368,10.059766712321212
mlp-vpinn,96.12495208860517,5.869253604410655,4.738242656418963,10.037992728630474
mlp-vpinn,96.32394643326302,5.869366259983119,4.738239607822599,10.016171410960906
mlp-vpinn,96.52294077792087,5.869582672057623,4.738245768431808,9.994302449268929
mlp-vpinn,96.72193512257871,5.870804551515778,4.741504632846832,9.972967607560294
mlp-vpinn,96.92092946723656,5.873627890517113,4.744761258962774,10.00572972654919
mlp-vpinn,97.1199238118944,5.876449097177025,4.748015651385328,10.038384920895057
mlp-vpinn,97.31891815655224,5.8792681768358275,4.751267814704416,10.070934230713478
mlp-vpinn,97.51791250121009,5.882085134811217,4.754517753494261,10.103378679365616
mlp-vpinn,97.71690684586794,5.885541438495922,4.757765472313463,10.135719273833647
mlp-vpinn,97.91590119052577,5.890120995300677,4.75609033206341,10.167957005085439
mlp-vpinn,98.11489553518362,5.890509706379673,4.754066708029151,10.185348288631593
mlp-vpinn,98.31388987984147,5.891070156772344,4.7520422222487895,10.201778838567506
mlp-vpinn,98.51288422449932,5.89162997425273,4.750016873620482,10.21818296867682
mlp-vpinn,98.71187856915715,5.892189159306257,4.747990661040035,10.234560805997988
mlp-vpinn,98.910872913815,5.892747712417068,4.745963583400896,10.250912476554634
mlp-vpinn,99.10986725847285,5.893408977035662,4.749034723813124,10.26723810536683
mlp-vpinn,99.3088616031307,5.893487252076951,4.75285123106896,10.245487022047744
mlp-vpinn,99.50785594778853,5.891842757775404,4.756664676153309,10.217600270296478
mlp-vpinn,99.70685029244638,5.8893503134071805,4.7604750664251565,10.189637199045734
mlp-vpinn,99.90584463710422,5.886855608576925,4.764282409214061,10.161597178238786
mlp-vpinn,100.10483898176207,5.884690923411094,4.768086711820316,10.133479569101837
mlp-vpinn,100.3038333264199,5.881802417470766,4.768721202922531,10.105283723974221
mlp-vpinn,100.50282767107775,5.881970969200063,4.768604200317422,10.111511951175125
mlp-vpinn,100.7018220157356,5.88359895087801,4.768487194841464,10.127023535192988
mlp-vpinn,100.90081636039345,5.8832486396568875,4.768370186494446,10.142511396392317
mlp-vpinn,101.09981070505128,5.882898234189361,4.768253175276154,10.157975643283624
mlp-vpinn,101.29880504970913,5.882420419522903,4.768136161186379,10.17341638355271
mlp-vpinn,101.49779939436698,5.880787026043256,4.772746847811581,10.188833724069404
mlp-vpinn,101.69679373902483,5.878107534336476,4.779097557318018,10.207977574059758
mlp-vpinn,101.89578808368266,5.875385740199999,4.785439838868597,10.228673246014376
mlp-vpinn,102.09478242834051,5.872662573985653,4.791773725928465,10.24932712888771
mlp-vpinn,102.29377677299836,5.8699380334775455,4.798099251741884,10.269939474805922
mlp-vpinn,102.4927711176562,5.86748942709035,4.804416449334267,10.290510533370066
mlp-vpinn,102.69176546231404,5.870089055128448,4.803526840737992,10.311040551691358
mlp-vpinn,102.89075980697189,5.875037740492289,4.798997134638516,10.339822456987152
mlp-vpinn,103.08975415162973,5.880316389144642,4.794463148971641,10.373510765954732
mlp-vpinn,103.28874849628758,5.8855898433907,4.789924871584672,10.407090024629444
mlp-vpinn,103.48774284094543,5.890858119629008,4.78538229026729,10.440561285204192
mlp-vpinn,103.68673718560326,5.896121234168065,4.7808353927511655,10.473925583059462
mlp-vpinn,103.88573153026111,5.904289537549968,4.781166972991931,10.507183937137029
mlp-vpinn,104.08472587491896,5.909969945800862,4.7849097493740285,10.525931683578367
mlp-vpinn,104.28372021957681,5.914995078551027,4.788649600428124,10.532753705012302
mlp-vpinn,104.48271456423464,5.918879410435247,4.7923865330027615,10.539571310710024
mlp-vpinn,104.68170890889249,5.919294417961689,4.796120553919806,10.546384509235063
mlp-vpinn,104.88070325355034,5.9197077086329895,4.799851669974587,10.553193309123298
mlp-vpinn,105.07969759820818,5.920119283362325,4.803286483431827,10.559997718883096
mlp-vpinn,105.27869194286602,5.917753323222936,4.806438743522983,10.551718407803593
mlp-vpinn,105.47768628752387,5.923195820376193,4.809588937586942,10.526111105730777
mlp-vpinn,105.67668063218171,5.924607248543244,4.812737069680682,10.500441355619124
mlp-vpinn,105.87567497683956,5.926017075808426,4.815883143847918,10.474708698355483
mlp-vpinn,106.0746693214974,5.927425305215459,4.8190271641191655,10.448912669173366
mlp-vpinn,106.27366366615524,5.928831939796837,4.81977863707347,10.423052797555007
mlp-vpinn,106.47265801081309,5.930234139102163,4.817498763830918,10.412537366581484
mlp-vpinn,106.67165235547094,5.93276359441481,4.81521781113119,10.427152007095577
mlp-vpinn,106.87064670012877,5.935289869984852,4.812935777439554,10.441746192457417
mlp-vpinn,107.06964104478662,5.937812975022913,4.810652661217635,10.456320008316533
mlp-vpinn,107.26863538944447,5.937287655930939,4.808368460923408,10.470873539726393
mlp-vpinn,107.46762973410232,5.938987601572186,4.807654238323604,10.485406871150209
mlp-vpinn,107.66662407876015,5.941950809918419,4.809759124628207,10.48686192532178
mlp-vpinn,107.865618423418,5.945031971696716,4.811863090178032,10.457561541239295
mlp-vpinn,108.06461276807585,5.945384517482492,4.813966136180339,10.42817883126535
mlp-vpinn,108.2636071127337,5.945737041064252,4.816068263839752,10.398713097537328
mlp-vpinn,108.46260145739153,5.946089542446407,4.818169474358268,10.369163632277099
mlp-vpinn,108.66159580204938,5.946442021633358,4.820460153071911,10.339529717592653
mlp-vpinn,108.86059014670722,5.946426196221774,4.82323534037038,10.31848033781727
mlp-vpinn,109.05958449136507,5.941239070843134,4.826008931802913,10.328626839703524
mlp-vpinn,109.2585788360229,5.936042854209193,4.828780930119444,10.338763383778854
mlp-vpinn,109.45757318068075,5.930837499105426,4.831551338062022,10.348889999303731
mlp-vpinn,109.6565675253386,5.925622957907111,4.834320158364838,10.359006715395601
mlp-vpinn,109.85556186999645,5.926225441999392,4.8362906343706396,10.36911356102987
mlp-vpinn,110.0545562146543,5.928987817513761,4.835311344792206,10.38066247309516
mlp-vpinn,110.25355055931213,5.931670271531906,4.834331856839296,10.40136895090289
mlp-vpinn,110.45254490396998,5.9343502665629195,4.833352170391304,10.422034289201282
mlp-vpinn,110.65153924862783,5.937027809213669,4.832372285327506,10.442658732227528
mlp-vpinn,110.85053359328568,5.938805368523516,4.831392201527056,10.4632425218117
mlp-vpinn,111.04952793794351,5.936762658610249,4.831054783749802,10.48378589740982
mlp-vpinn,111.24852228260136,5.936588276228022,4.834980962121645,10.503241165993991
mlp-vpinn,111.4475166272592,5.943126118403214,4.8389039548812764,10.505858464252068
mlp-vpinn,111.64651097191705,5.949656041689005,4.842823769770336,10.508475110631553
mlp-vpinn,111.84550531657489,5.9561780769059505,4.846740414499158,10.511091105619284
mlp-vpinn,112.04449966123273,5.9626922546660115,4.850653896746951,10.513706449701496
mlp-vpinn,112.24349400589058,5.969198605374579,4.854220043544901,10.516321143363816
mlp-vpinn,112.44248835054843,5.968338287022577,4.85042574174845,10.51893518709127
mlp-vpinn,112.64148269520626,5.960640909682384,4.846628469490821,10.514133515365208
mlp-vpinn,112.84047703986411,5.952924004215655,4.842828219784579,10.50920008117122
mlp-vpinn,113.03947138452196,5.9451874217885745,4.839024985614851,10.504264329940122
mlp-vpinn,113.23846572917981,5.937431011667076,4.835218759939177,10.499326258404187
mlp-vpinn,113.43746007383764,5.936702953158407,4.831409535687354,10.494385863287993
mlp-vpinn,113.63645441849549,5.941316584017002,4.829415357039889,10.489443141308413
mlp-vpinn,113.83544876315334,5.946265264630684,4.8274738927556085,10.466663075704506
mlp-vpinn,114.03444310781119,5.951207278156131,4.825531647358791,10.441812425336144
mlp-vpinn,114.23343745246902,5.956142653610225,4.823588619905881,10.41690249121554
mlp-vpinn,114.43243179712687,5.955198843169169,4.821644809451417,10.39193284702517
mlp-vpinn,114.63142614178471,5.952120206631328,4.819700215048034,10.366903061313385
mlp-vpinn,114.83042048644256,5.948681825249628,4.824869065133308,10.341812697407404
mlp-vpinn,115.0294148311004,5.954581900395896,4.830809308413552,10.364279331413453
mlp-vpinn,115.22840917575824,5.961048618615719,4.836742256191627,10.397225600469916
mlp-vpinn,115.42740352041609,5.9674890467055866,4.842667935281577,10.430067800094587
mlp-vpinn,115.62639786507394,5.973903387965937,4.848586372333588,10.4628069102929
mlp-vpinn,115.82539220973177,5.979522867979474,4.854497593835395,10.495443895785243
mlp-vpinn,116.02438655438962,5.976445251226735,4.859705803479401,10.527979706338659
mlp-vpinn,116.22338089904747,5.974396629790072,4.864770339365192,10.542190783502397
mlp-vpinn,116.42237524370532,5.97234729111584,4.86982960822689,10.54974696122789
mlp-vpinn,116.62136958836317,5.970297234435364,4.874883626463221,10.557297730769521
mlp-vpinn,116.820363933021,5.968246458978573,4.879932410387992,10.564843103723097
mlp-vpinn,117.01935827767885,5.966823017285122,4.884975976230702,10.572383091643042
mlp-vpinn,117.2183526223367,5.966217168952367,4.887124351034688,10.579917706042608
mlp-vpinn,117.41734696699454,5.96756709972207,4.888311824338198,10.601452994022102
mlp-vpinn,117.61634131165238,5.968930627220075,4.889499009249627,10.63000389584274
mlp-vpinn,117.81533565631022,5.970293823250089,4.890685905978988,10.658478318540762
mlp-vpinn,118.01433000096807,5.971656688066813,4.891872514736045,10.68687687343572
mlp-vpinn,118.21332434562592,5.973885120934548,4.8930588357303035,10.715200163746214
mlp-vpinn,118.41231869028375,5.9745652658994945,4.8925111331680124,10.743448784739403
mlp-vpinn,118.6113130349416,5.97402836371292,4.891125930253898,10.75312646030675
mlp-vpinn,118.81030737959945,5.973384503434817,4.889740334928959,10.74966277499852
mlp-vpinn,119.0093017242573,5.97274055077945,4.888354346859511,10.746197973284717
mlp-vpinn,119.20829606891513,5.97209650570178,4.886967965711397,10.742732054085138
mlp-vpinn,119.40729041357298,5.971452368156722,4.885581191149985,10.739265016317828
mlp-vpinn,119.60628475823083,5.970808138099159,4.885594211477257,10.735796858899095
mlp-vpinn,119.80527910288868,5.972543258073168,4.886552339676263,10.714920512130117
mlp-vpinn,120.00427344754651,5.974533308282743,4.887510280047606,10.6760967619562
mlp-vpinn,120.20326779220436,5.976519938720813,4.888468032701707,10.637131312531427
mlp-vpinn,120.4022621368622,5.978503158663077,4.889425597748877,10.598022600911051
mlp-vpinn,120.60125648152005,5.980482977335292,4.890382975299321,10.558769035205115
mlp-vpinn,120.80025082617789,5.982459403913628,4.891009363936712,10.519368993822361
mlp-vpinn,120.99924517083574,5.9852462069161305,4.891335073142235,10.500640251471152
mlp-vpinn,121.19823951549358,5.989862257366159,4.891660760660547,10.511660939279114
mlp-vpinn,121.39723386015143,5.994465519790725,4.8919864264959765,10.522670084817655
mlp-vpinn,121.59622820480926,5.999056063769224,4.8923120706528564,10.533667724276595
mlp-vpinn,121.79522254946711,6.0036339581866205,4.892637693135513,10.54465389365704
mlp-vpinn,121.99421689412496,6.0050065172278835,4.892318158740815,10.555628628772741
mlp-vpinn,122.19321123878281,6.004121670625892,4.891206817908858,10.565407988169936
mlp-vpinn,122.39220558344066,6.004284914436376,4.890095224509548,10.572774547418549
mlp-vpinn,122.59119992809849,6.004445763817151,4.888983378370607,10.580135977604348
mlp-vpinn,122.79019427275634,6.004604219669339,4.887871279319563,10.587492289425969
mlp-vpinn,122.98918861741419,6.004928211804229,4.886758927183747,10.594843493544904
mlp-vpinn,123.18818296207203,6.005755483286487,4.88739633051648,10.602189600585682
mlp-vpinn,123.38717730672987,6.005945395272782,4.890842129679139,10.614887708966071
mlp-vpinn,123.58617165138772,6.005075982688773,4.894285502843371,10.643621988004636
mlp-vpinn,123.78516599604556,6.004206346144872,4.897726455126012,10.672278902517142
mlp-vpinn,123.98416034070341,6.003336485461,4.901164991625933,10.700859074050516
mlp-vpinn,124.18315468536125,6.002776096568812,4.904601117424132,10.729363115873468
mlp-vpinn,124.3821490300191,6.004656667259244,4.907488113112834,10.757791633130045
mlp-vpinn,124.58114337467694,6.005478189076868,4.909127433521611,10.786572762825088
mlp-vpinn,124.78013771933479,6.005429046740827,4.910766206689666,10.81745154847225
mlp-vpinn,124.97913206399262,6.005377393034792,4.9124044331646735,10.84824244010841
mlp-vpinn,125.17812640865047,6.005323227424041,4.914042113493398,10.878946184037952
mlp-vpinn,125.37712075330832,6.00492343486305,4.915679248221693,10.909563516063258
mlp-vpinn,125.57611509796617,5.998375877575519,4.9166104181921115,10.940095161690467
mlp-vpinn,125.775109442624,5.992843611794321,4.915228815909474,10.967493968539094
mlp-vpinn,125.97410378728185,5.988447062491347,4.913846825168494,10.965605356594292
mlp-vpinn,126.1730981319397,5.984043684915429,4.912464445641324,10.96371641931683
mlp-vpinn,126.37209247659754,5.979633448633127,4.911081676999657,10.961827156538526
mlp-vpinn,126.57108682125538,5.975216322983776,4.90969851891472,10.959937568091048
mlp-vpinn,126.77008116591323,5.978899276887786,4.909438719338061,10.958047653805925
mlp-vpinn,126.96907551057107,5.9831423277956315,4.915742936313044,10.956221423849803
mlp-vpinn,127.16806985522892,5.987951088909514,4.922039078764758,10.95969057580537
mlp-vpinn,127.36706419988676,5.9927550695606175,4.92832717763982,10.963158629992027
mlp-vpinn,127.5660585445446,5.997554285584053,4.93460726368767,10.966625587451242
mlp-vpinn,127.76505288920245,6.002348752723938,4.940879367462331,10.970091449222833
mlp-vpinn,127.9640472338603,6.00655644689773,4.946592172639127,10.97355621634498
mlp-vpinn,128.16304157851812,6.010382976591012,4.945657815597513,10.97701988985422
mlp-vpinn,128.362035923176,6.013539790675141,4.944723281999392,10.981069755773522
mlp-vpinn,128.56103026783381,6.0166936984996395,4.9437885717446415,10.985160365612508
mlp-vpinn,128.7600246124917,6.017249122528796,4.942853684733041,10.989249452773555
mlp-vpinn,128.9590189571495,6.01407431723668,4.941918620864278,10.993337018955792
mlp-vpinn,129.15801330180736,6.01089595098807,4.940983380037942,10.99742306585519
mlp-vpinn,129.3570076464652,6.008509471201218,4.9407522685579615,11.00150759516457
mlp-vpinn,129.55600199112305,6.0105451307953635,4.94052362837132,11.00886583569159
mlp-vpinn,129.7549963357809,6.012579670425737,4.940294977603056,11.016775543270152
mlp-vpinn,129.95399068043875,6.0146130920779495,4.9400663162517,11.024679575993726
mlp-vpinn,130.1529850250966,6.016645397731709,4.939837644315784,11.032577946059165
mlp-vpinn,130.35197936975442,6.0186765893608385,4.9396089617938355,11.04047066561969
mlp-vpinn,130.55097371441227,6.020668105564431,4.9406991443431085,11.048357746785118
mlp-vpinn,130.7499680590701,6.022180539258255,4.94189509271195,11.054637756671296
mlp-vpinn,130.94896240372796,6.023692457475118,4.94309075172894,11.060463049354325
mlp-vpinn,131.1479567483858,6.0252038608028045,4.944286121603997,11.066285275603652
mlp-vpinn,131.34695109304366,6.026714749827949,4.945481202546788,11.072104440256696
mlp-vpinn,131.5459454377015,6.028225125136041,4.946675994766723,11.077920548138168
mlp-vpinn,131.74493978235935,6.029672624142347,4.948171631285635,11.083733604060127
mlp-vpinn,131.94393412701717,6.029235401777196,4.9497201465120835,11.084192028074307
mlp-vpinn,132.14292847167502,6.02879814331523,4.951268177438511,11.082369474255827
mlp-vpinn,132.34192281633287,6.028360848746713,4.952815724519027,11.080546620659504
mlp-vpinn,132.54091716099072,6.027923518061902,4.954362788207037,11.078723467137364
mlp-vpinn,132.73991150564856,6.027486151251049,4.9559093689552345,11.07690001354131
mlp-vpinn,132.9389058503064,6.027042838443817,4.957227780205176,11.07507625972313
mlp-vpinn,133.13790019496426,6.028264036628178,4.958479440831151,11.06513480403508
mlp-vpinn,133.3368945396221,6.029575167873412,4.9597307855822645,11.050393590395817
mlp-vpinn,133.53588888427993,6.030885407996864,4.9609818146975435,11.0356326857074
mlp-vpinn,133.73488322893778,6.032194758324746,4.962232528415713,11.020852010849525
mlp-vpinn,133.93387757359562,6.03350322017977,4.963482926975197,11.00605148617062
mlp-vpinn,134.13287191825347,6.034094069811781,4.963437268651429,10.991231031482826
mlp-vpinn,134.33186626291132,6.030895580052444,4.962827443978486,10.997440512264271
mlp-vpinn,134.53086060756917,6.026199957490446,4.962217544362006,11.020141153527028
mlp-vpinn,134.72985495222702,6.021496478522291,4.961607569774354,11.042795129247333
mlp-vpinn,134.92884929688486,6.016785105798553,4.960997520187874,11.065402726037458
mlp-vpinn,135.1278436415427,6.012065801672023,4.960387395574897,11.08796422758776
mlp-vpinn,135.32683798620053,6.007338528194374,4.961612610187444,11.1104799147082
mlp-vpinn,135.52583233085838,6.009315425445781,4.963906611342093,11.126943051484103
mlp-vpinn,135.72482667551623,6.012867743072516,4.966199552845257,11.136866657087896
mlp-vpinn,135.92382102017407,6.016416841484004,4.968491436164011,11.146781428041995
mlp-vpinn,136.12281536483192,6.019962730234436,4.970782262762048,11.156687387900037
mlp-vpinn,136.32180970948977,6.023505418830198,4.973072034099695,11.166584560111188
mlp-vpinn,136.52080405414762,6.027044916730189,4.974403905016012,11.176472968020786
mlp-vpinn,136.71979839880547,6.029786741630019,4.97496680715696,11.182361773019528
mlp-vpinn,136.91879274346329,6.032297563295177,4.975529645614474,11.18246238657272
mlp-vpinn,137.11778708812113,6.034806098114963,4.976092420410162,11.182562999220655
mlp-vpinn,137.31678143277898,6.037312351906049,4.9766551315656224,11.18266361096336
mlp-vpinn,137.51577577743683,6.039816330460381,4.977217779102439,11.182764221800857
mlp-vpinn,137.71477012209468,6.042318039545328,4.976151302306684,11.18286483173317
mlp-vpinn,137.91376446675253,6.04235413096241,4.9733128612259545,11.183813509153328
mlp-vpinn,138.11275881141037,6.041086985551269,4.970472799223678,11.18654577434738
mlp-vpinn,138.31175315606822,6.039818161232548,4.967631113519747,11.189277372360467
mlp-vpinn,138.51074750072604,6.0385476553237165,4.964787801326097,11.192008303681101
mlp-vpinn,138.7097418453839,6.037275465132107,4.961942859846675,11.194738568797193
mlp-vpinn,138.90873619004174,6.036001587954859,4.960335957196259,11.197468168196067
mlp-vpinn,139.10773053469958,6.037008939710947,4.960550073998983,11.202859621577003
mlp-vpinn,139.30672487935743,6.0395698954601205,4.960764181559986,11.216667793435459
mlp-vpinn,139.50571922401528,6.042129327013797,4.960978279880462,11.230458987762884
mlp-vpinn,139.70471356867313,6.044687237395224,4.961192368961609,11.244233267028747
mlp-vpinn,139.90370791333098,6.047243629617421,4.961406448804623,11.257990693320359
mlp-vpinn,140.1027022579888,6.049798506683222,4.9629548471214875,11.271731328346132
mlp-vpinn,140.30169660264664,6.051267207029532,4.967084932286353,11.279608672948681
mlp-vpinn,140.5006909473045,6.051780759189389,4.971211586175505,11.25792265659453
mlp-vpinn,140.69968529196234,6.045798895137665,4.975334817326873,11.23619478599716
mlp-vpinn,140.8986796366202,6.0395597739788585,4.97945463424304,11.214424817879653
mlp-vpinn,141.09767398127804,6.036250896872241,4.983571045391441,11.19261250659918
mlp-vpinn,141.29666832593588,6.040022456140198,4.986069097744524,11.170757604114671
mlp-vpinn,141.49566267059373,6.043305385190344,4.984217557621551,11.151834608084423
mlp-vpinn,141.69465701525158,6.046106457798256,4.982365329431692,11.167576597407525
mlp-vpinn,141.8936513599094,6.048903249122622,4.9805124124072835,11.183296427791717
mlp-vpinn,142.09264570456725,6.051695772890188,4.978658805779229,11.198994192549335
mlp-vpinn,142.2916400492251,6.053727107475771,4.976804508777002,11.214669984339643
mlp-vpinn,142.49063439388294,6.053304723559371,4.975729937063341,11.23032389517521
mlp-vpinn,142.6896287385408,6.0527044661308125,4.9776819892137,11.245956016428222
mlp-vpinn,142.88862308319864,6.051877538048994,4.9796332761455995,11.267782584848419
mlp-vpinn,143.0876174278565,6.051050089735009,4.9815837987582485,11.28963242768645
mlp-vpinn,143.28661177251433,6.050222120615571,4.9835335579490945,11.311440064161838
mlp-vpinn,143.48560611717215,6.049615354754296,4.9854825546138315,11.333205737918183
mlp-vpinn,143.68460046183,6.0501112216740065,4.987207564275742,11.354929690263951
mlp-vpinn,143.88359480648785,6.051916865335307,4.987362099058302,11.376612160203665
mlp-vpinn,144.0825891511457,6.056037356284315,4.987516629052707,11.368704820486782
mlp-vpinn,144.28158349580355,6.060154900512738,4.987671154259404,11.357377835333255
mlp-vpinn,144.4805778404614,6.064269504618455,4.987825674678836,11.346039542222599
mlp-vpinn,144.67957218511924,6.066083137788649,4.987980190311449,11.334689907220158
mlp-vpinn,144.8785665297771,6.067379012796927,4.988332760687684,11.323328896221208
mlp-vpinn,145.0775608744349,6.067422317804771,4.991721303070537,11.311956474949767
mlp-vpinn,145.27655521909276,6.0642652843266855,4.9951075467607735,11.304989804717472
mlp-vpinn,145.4755495637506,6.061106302426319,4.998491496430163,11.299148039132577
mlp-vpinn,145.67454390840845,6.05794536811924,5.001873156734671,11.293303251737338
mlp-vpinn,145.8735382530663,6.05478247740678,5.005252532314536,11.287455437837561
mlp-vpinn,146.07253259772415,6.051617626275954,5.008629627794342,11.281604592726882
mlp-vpinn,146.271526942382,6.0494105331994215,5.007762758431443,11.275750711686733
mlp-vpinn,146.47052128703984,6.051284918102939,5.006866125523355,11.267601249293607
mlp-vpinn,146.66951563169766,6.0531584258170845,5.005969332016889,11.258512471590075
mlp-vpinn,146.8685099763555,6.055031057691425,5.005072377825717,11.249416350763077
mlp-vpinn,147.06750432101336,6.056902815072012,5.004175262863436,11.240312868985548
mlp-vpinn,147.2664986656712,6.058127567632764,5.003277987043564,11.231202008358165
mlp-vpinn,147.46549301032906,6.0569538252056105,5.006435253572748,11.22208375090896
mlp-vpinn,147.6644873549869,6.056246810562418,5.009929663829271,11.225687720495754
mlp-vpinn,147.86348169964475,6.055538895723406,5.013421638443839,11.237372163717717
mlp-vpinn,148.0624760443026,6.0548300798685695,5.016911182502372,11.249044470251972
mlp-vpinn,148.26147038896045,6.054120362175373,5.020398301073112,11.260704677839446
mlp-vpinn,148.46046473361827,6.058784896258243,5.0238829992067116,11.272352824025859
mlp-vpinn,148.65945907827611,6.06382093088235,5.023732708530373,11.283988946163163
mlp-vpinn,148.85845342293396,6.0662143123372765,5.022942823152788,11.286286841001022
mlp-vpinn,149.0574477675918,6.068600163087755,5.0221528135418465,11.280451790436661
mlp-vpinn,149.25644211224966,6.0677542087688785,5.021362679638911,11.274613720007373
mlp-vpinn,149.4554364569075,6.063564884892166,5.0205724213853,11.26877262501961
mlp-vpinn,149.65443080156535,6.059372664576461,5.0197820387222825,11.262928500767648
mlp-vpinn,149.8534251462232,6.055177541805714,5.018867785704931,11.257081342533553
mlp-vpinn,150.05241949088102,6.059039772511818,5.017918813071205,11.261270451543423
mlp-vpinn,150.25141383553887,6.059053934695502,5.0169696609368835,11.277745118095286
mlp-vpinn,150.45040818019672,6.056769696219206,5.016020329200068,11.294195753334503
mlp-vpinn,150.64940252485457,6.054481162800489,5.015070817758766,11.310622462117466
mlp-vpinn,150.8483968695124,6.0554945866572325,5.014121126510886,11.327025348540245
mlp-vpinn,151.04739121417026,6.057470201799199,5.011190747830844,11.343404515946274
mlp-vpinn,151.2463855588281,6.0584153866612755,5.007479579962552,11.35205556486932
mlp-vpinn,151.44537990348596,6.059250193291651,5.003765659614609,11.347177001458451
mlp-vpinn,151.64437424814378,6.060084798394933,5.00004898065358,11.34229633967367
mlp-vpinn,151.84336859280162,6.060919202123387,4.996329536923219,11.337413576804979
mlp-vpinn,152.04236293745947,6.0600804227914224,4.992607322244347,11.33252871013654
mlp-vpinn,152.24135728211732,6.058523045622918,4.994532341441427,11.327641736946665
mlp-vpinn,152.44035162677517,6.056835968586558,4.9997120456424655,11.326918743655428
mlp-vpinn,152.63934597143302,6.055119346422188,5.004886389218076,11.337254935379864
mlp-vpinn,152.83834031609086,6.053401907068135,5.010055388777488,11.34758171216306
mlp-vpinn,153.0373346607487,6.051683649283688,5.015219060844335,11.357899099685644
mlp-vpinn,153.23632900540653,6.053592092167143,5.020377421857276,11.368207123511711
mlp-vpinn,153.43532335006438,6.0576191737977085,5.021759668069449,11.378505809089559
mlp-vpinn,153.63431769472223,6.061982760805746,5.020247376887989,11.38431007772696
mlp-vpinn,153.83331203938008,6.066456699958565,5.0187346300090905,11.36927151720135
mlp-vpinn,154.03230638403792,6.070925190524459,5.01722142702056,11.354213038245149
mlp-vpinn,154.23130072869577,6.072750635296486,5.015707767509585,11.33913456150276
mlp-vpinn,154.43029507335362,6.0735742594106235,5.014193651062724,11.324036007090257
mlp-vpinn,154.62928941801147,6.074397769804387,5.014378608471354,11.308917294590449
mlp-vpinn,154.82828376266932,6.076157870388224,5.016341206234523,11.295520240134156
mlp-vpinn,155.02727810732713,6.076390587986049,5.018303036449447,11.299679356269614
mlp-vpinn,155.22627245198498,6.076622403517282,5.020264100015961,11.303836942106471
mlp-vpinn,155.42526679664283,6.07685331737353,5.022224397832139,11.307992999332653
mlp-vpinn,155.62426114130068,6.077927508742793,5.024183930794305,11.312147529632982
mlp-vpinn,155.82325548595853,6.079870584424115,5.024922646950326,11.31630053468919
mlp-vpinn,156.02224983061637,6.079910545473593,5.024012861884645,11.320450456779355
mlp-vpinn,156.22124417527422,6.078701006496516,5.023102912038576,11.324500423411813
mlp-vpinn,156.42023851993207,6.077490114210864,5.022192797322549,11.328548942177576
mlp-vpinn,156.6192328645899,6.07627786635986,5.021282517646917,11.33259601462838
mlp-vpinn,156.81822720924774,6.074949575318184,5.02037207292195,11.336641642313188
mlp-vpinn,157.01722155390559,6.073466485468401,5.020461241485822,11.340685826778195
mlp-vpinn,157.21621589856343,6.073389901387216,5.022350389523031,11.344728569566847
mlp-vpinn,157.41521024322128,6.074543544439843,5.024238827227755,11.338652843732776
mlp-vpinn,157.61420458787913,6.075696941941489,5.026126555400661,11.331685008314398
mlp-vpinn,157.81319893253698,6.0760587995647946,5.028013574840913,11.32471288574793
mlp-vpinn,158.01219327719483,6.074112761243844,5.029899886346177,11.317736468110272
mlp-vpinn,158.21118762185264,6.072164224600185,5.030687996174232,11.310755747453888
mlp-vpinn,158.4101819665105,6.071374352973072,5.028647635676508,11.3037707158067
mlp-vpinn,158.60917631116834,6.071532288286564,5.026606446971789,11.318098455066298
mlp-vpinn,158.8081706558262,6.071690204056837,5.0245644290507165,11.336818279300996
mlp-vpinn,159.00716500048404,6.071848100287636,5.022521580901885,11.355507243501378
mlp-vpinn,159.20615934514188,6.072005976982702,5.020477901511826,11.374165499786406
mlp-vpinn,159.40515368979973,6.072163834145774,5.019110094928789,11.392793199029395
mlp-vpinn,159.60414803445758,6.073580058453597,5.020280344652058,11.411390490872245
mlp-vpinn,159.8031423791154,6.076525187186286,5.021450321648466,11.421917816078041
mlp-vpinn,160.00213672377325,6.079467789174419,5.022620026108603,11.429746133679073
mlp-vpinn,160.2011310684311,6.080387277960016,5.0237894582228355,11.437569093276002
mlp-vpinn,160.40012541308894,6.080877014306802,5.024958618181308,11.445386705855473
mlp-vpinn,160.5991197577468,6.084309252437897,5.026324398494075,11.453198982366626
mlp-vpinn,160.79811410240464,6.0878647293372055,5.028841064031025,11.46100593372129
mlp-vpinn,160.9971084470625,6.089066990547535,5.031356470741518,11.467171056557568
mlp-vpinn,161.19610279172034,6.088382804376255,5.033870620512649,11.472450758237697
mlp-vpinn,161.39509713637818,6.087698057459068,5.0363835152268,11.477728031279788
mlp-vpinn,161.594091481036,6.087012749315086,5.03889515676166,11.483002879032249
mlp-vpinn,161.79308582569385,6.086326879462346,5.04138176212016,11.488275304835796
mlp-vpinn,161.9920801703517,6.086141159720976,5.043587969329425,11.493545312023489
mlp-vpinn,162.19107451500955,6.086741651356725,5.045793211903482,11.479600529821152
mlp-vpinn,162.3900688596674,6.087341929859237,5.047997491106549,11.451154453430465
mlp-vpinn,162.58906320432524,6.087941995376401,5.050200808200081,11.422637537292808
mlp-vpinn,162.7880575489831,6.088541848055916,5.052403164442788,11.394049249517092
mlp-vpinn,162.98705189364094,6.089141488045291,5.054542893458916,11.365389051522667
mlp-vpinn,163.18604623829876,6.088759864175966,5.052733859155935,11.336656397920937
mlp-vpinn,163.3850405829566,6.085954481255852,5.050924176930953,11.339629099251214
mlp-vpinn,163.58403492761445,6.083145940919243,5.049113846087293,11.376159649743045
mlp-vpinn,163.7830292722723,6.0803342338797775,5.04730286592703,11.412573270051706
mlp-vpinn,163.98202361693015,6.07751935080477,5.045491235750985,11.44887107588148
mlp-vpinn,164.181017961588,6.0747012823148845,5.043678954858724,11.48505416530599
mlp-vpinn,164.38001230624585,6.073288033875718,5.045752363552903,11.521123619155786
mlp-vpinn,164.5790066509037,6.077936506162848,5.048097038176892,11.531012567191528
mlp-vpinn,164.7780009955615,6.082579891573326,5.0504406242822935,11.49969694147491
mlp-vpinn,164.97699534021936,6.087218208572169,5.052783123383739,11.468295804817984
mlp-vpinn,165.1759896848772,6.091851475510488,5.055124536992352,11.436808452878983
mlp-vpinn,165.37498402953506,6.094179804834158,5.057464866615758,11.405234171593431
mlp-vpinn,165.5739783741929,6.096252819178453,5.0573047846244075,11.373572236985215
mlp-vpinn,165.77297271885075,6.096525509514448,5.056741199498118,11.360373777647418
mlp-vpinn,165.9719670635086,6.096797194654659,5.056177551552004,11.391067009395357
mlp-vpinn,166.17096140816645,6.097067874897013,5.055613840765052,11.421677760172166
mlp-vpinn,166.36995575282427,6.097337550536901,5.05505006711624,11.452206691371213
mlp-vpinn,166.56895009748212,6.09553710858543,5.054486230584534,11.482654455593611
mlp-vpinn,166.76794444213996,6.09342201145011,5.054137660535671,11.513021696810965
mlp-vpinn,166.9669387867978,6.092220619733148,5.053847428371506,11.540265268519871
mlp-vpinn,167.16593313145566,6.091096281233847,5.05355717953894,11.556465316781956
mlp-vpinn,167.3649274761135,6.089971614223049,5.0532669140351025,11.572642687310559
mlp-vpinn,167.56392182077136,6.088846618389047,5.052976631857121,11.588797475076557
mlp-vpinn,167.7629161654292,6.087941128225573,5.052686333002121,11.604929774389806
mlp-vpinn,167.96191051008705,6.087095711879805,5.05144373019377,11.621039678905554
mlp-vpinn,168.16090485474487,6.086346041719677,5.049836528843654,11.635221783050941
mlp-vpinn,168.35989919940272,6.085612843814742,5.048228815809908,11.635735409398423
mlp-vpinn,168.55889354406057,6.084879474875322,5.0466205906035055,11.636249013074337
mlp-vpinn,168.75788788871841,6.084145934782208,5.045011852734644,11.636762594081683
mlp-vpinn,168.95688223337626,6.081866150502432,5.043402601712739,11.637276152423462
mlp-vpinn,169.1558765780341,6.078979783381602,5.04369271672189,11.637789688102677
mlp-vpinn,169.35487092269196,6.077202651895899,5.0449987186840275,11.638426965356045
mlp-vpinn,169.5538652673498,6.075765682842128,5.04630438264811,11.645056865474421
mlp-vpinn,169.75285961200763,6.074325330389585,5.047609708876426,11.651682993127611
mlp-vpinn,169.95185395666547,6.072881588312115,5.048914697630927,11.658305354747984
mlp-vpinn,170.15084830132332,6.075249233255748,5.050219349173226,11.664923956749647
mlp-vpinn,170.34984264598117,6.079664933693611,5.0515579741059,11.671538805528519
mlp-vpinn,170.54883699063902,6.082616052742995,5.052920897674361,11.678149907462412
mlp-vpinn,170.74783133529687,6.0849229951629145,5.054283453720778,11.67929594570414
mlp-vpinn,170.9468256799547,6.087227036004504,5.055645642542305,11.680096449510222
mlp-vpinn,171.14582002461256,6.089528182878217,5.0570074644356975,11.68089689845696
mlp-vpinn,171.34481436927038,6.089875087281855,5.058368919697309,11.68169729255563
mlp-vpinn,171.54380871392823,6.088809599031698,5.059658988007361,11.682497631817506
mlp-vpinn,171.74280305858608,6.088059740934479,5.060879033661223,11.68329791625386
mlp-vpinn,171.94179740324392,6.087507380818211,5.062098785264847,11.678923690304078
mlp-vpinn,172.14079174790177,6.08695495957276,5.063318243030742,11.673591645443166
mlp-vpinn,172.33978609255962,6.086402477175604,5.064537407171162,11.668257163997334
mlp-vpinn,172.53878043721747,6.0878997784172935,5.065756277898107,11.662920242623189
mlp-vpinn,172.73777478187532,6.091294558949386,5.065863730730762,11.657580877969682
mlp-vpinn,172.93676912653314,6.094644235417901,5.064525712805269,11.652239066678089
mlp-vpinn,173.13576347119098,6.097954561597941,5.063187341289875,11.649608415815392
mlp-vpinn,173.33475781584883,6.101260975655194,5.0618486159041085,11.64783395571235
mlp-vpinn,173.53375216050668,6.10456349048977,5.060509536367128,11.646059225242439
mlp-vpinn,173.73274650516453,6.10596362342123,5.0591701023977205,11.644284224282032
mlp-vpinn,173.93174084982238,6.105002570959552,5.058733070877523,11.642508952707413
mlp-vpinn,174.13073519448022,6.104502291942393,5.0599175606990245,11.640733410394773
mlp-vpinn,174.32972953913807,6.10452570712521,5.061101773304978,11.631213780144522
mlp-vpinn,174.52872388379592,6.1045487415991,5.06228570888993,11.617742518504778
mlp-vpinn,174.72771822845374,6.104571395402127,5.063469367648199,11.604255618225745
mlp-vpinn,174.9267125731116,6.104711446351992,5.0646527497738765,11.590753024716458
mlp-vpinn,175.12570691776943,6.10360504209268,5.065909449231743,11.577234683067614
mlp-vpinn,175.32470126242728,6.103728702308306,5.067346155936499,11.563700538048952
mlp-vpinn,175.52369560708513,6.102142371836675,5.068782455418003,11.556032878344352
mlp-vpinn,175.72268995174298,6.099908059670538,5.070218348022333,11.553032849517088
mlp-vpinn,175.92168429640083,6.09767258406495,5.071653834095075,11.550032041456255
mlp-vpinn,176.12067864105867,6.09591504631107,5.0730889139813256,11.547030453554344
mlp-vpinn,176.3196729857165,6.09519978133668,5.074120824769792,11.544028085203045
mlp-vpinn,176.51866733037434,6.095193326526244,5.073727598719463,11.541024935793265
mlp-vpinn,176.7176616750322,6.096697191266493,5.073334342190811,11.543438641440677
mlp-vpinn,176.91665601969004,6.098200628450829,5.072941055176747,11.552279951884806
mlp-vpinn,177.11565036434789,6.099703638477704,5.07254773767018,11.561114500978418
mlp-vpinn,177.31464470900573,6.100549570474904,5.072154389664018,11.56994230420996
mlp-vpinn,177.51363905366358,6.099352970200512,5.071667949793084,11.578763377008839
mlp-vpinn,177.71263339832143,6.098124201753361,5.070641765000815,11.587577734745727
mlp-vpinn,177.91162774297925,6.096797442408361,5.069615372489592,11.589897745897193
mlp-vpinn,178.1106220876371,6.095469826095528,5.068588772133223,11.580551246673163
mlp-vpinn,178.30961643229494,6.094141351557877,5.067561963805393,11.571197197926143
mlp-vpinn,178.5086107769528,6.093691348830214,5.066534947379656,11.561835581332417
mlp-vpinn,178.70760512161064,6.097135262262501,5.065683383230769,11.552466378494023
mlp-vpinn,178.9065994662685,6.097799070881022,5.06708859042057,11.543089570938331
mlp-vpinn,179.10559381092634,6.098377945915556,5.068493408025733,11.538320303569046
mlp-vpinn,179.30458815558418,6.098956560698253,5.069897836370108,11.546350818459869
mlp-vpinn,179.50358250024203,6.099534915409979,5.071301875777097,11.554375751988687
mlp-vpinn,179.70257684489985,6.100113010231333,5.072705526569653,11.562395115776804
mlp-vpinn,179.9015711895577,6.10069084534266,5.074103921822287,11.570408921405264
mlp-vpinn,180.10056553421555,6.100781329762604,5.07385064588838,11.57841718041502
mlp-vpinn,180.2995598788734,6.101014355031345,5.073597357310841,11.586436886995658
mlp-vpinn,180.49855422353124,6.101245970414642,5.073344056087776,11.59453828220689
mlp-vpinn,180.6975485681891,6.1014761765708645,5.073090742217291,11.602634020720837
mlp-vpinn,180.89654291284694,6.101704974153211,5.072837415697491,11.610724114370127
mlp-vpinn,181.0955372575048,6.101932363809711,5.072584076526482,11.618808574946204
mlp-vpinn,181.2945316021626,6.103226925873147,5.074289626421683,11.626887414199505
mlp-vpinn,181.49352594682045,6.106448214286496,5.076161394550886,11.634788095082328
mlp-vpinn,181.6925202914783,6.109389143420911,5.078032472744428,11.640478205051396
mlp-vpinn,181.89151463613615,6.104053562330003,5.07990286176468,11.646165534933962
mlp-vpinn,182.090508980794,6.098710298940954,5.081772562372609,11.651850088800954
mlp-vpinn,182.28950332545185,6.099827711728308,5.0836415753277855,11.657531870713365
mlp-vpinn,182.4884976701097,6.101269338252358,5.082650256672721,11.66321088472231
mlp-vpinn,182.68749201476754,6.103646247028317,5.081156132621215,11.668884202812134
mlp-vpinn,182.88648635942536,6.106101422074725,5.079661569090317,11.673431219444396
mlp-vpinn,183.0854807040832,6.108555395670951,5.078166565691992,11.677976465619357
mlp-vpinn,183.28447504874106,6.111008169770607,5.076671122037641,11.682519943403483
mlp-vpinn,183.4834693933989,6.111679838632375,5.075175237738084,11.687061654859216
mlp-vpinn,183.68246373805675,6.110092763780811,5.0753533566730455,11.691601602044997
mlp-vpinn,183.8814580827146,6.110011015884405,5.07602388716169,11.696139787015273
mlp-vpinn,184.08045242737245,6.1095032922672665,5.0766943290865765,11.694156671240869
mlp-vpinn,184.2794467720303,6.108035329386271,5.077364682482786,11.691548721625997
mlp-vpinn,184.47844111668812,6.106566762061341,5.0780349473853805,11.688940190144772
mlp-vpinn,184.67743546134596,6.104948105559883,5.078705123829397,11.68633107640755
mlp-vpinn,184.8764298060038,6.103295326857706,5.078360329362046,11.68372138002426
mlp-vpinn,185.07542415066166,6.102961643720555,5.077566306780091,11.681111100604394
mlp-vpinn,185.2744184953195,6.103028121582905,5.076772160010596,11.672749830282967
mlp-vpinn,185.47341283997736,6.103094511184181,5.075977888995271,11.663300439836675
mlp-vpinn,185.6724071846352,6.103160812535767,5.075183493675783,11.653843387458824
mlp-vpinn,185.87140152929305,6.10542173797803,5.074388973993751,11.644378654481358
mlp-vpinn,186.0703958739509,6.108432839257041,5.075527350639532,11.634906222160298
mlp-vpinn,186.26939021860872,6.111865935292961,5.077822652388042,11.6254260716753
mlp-vpinn,186.46838456326657,6.115499479365322,5.08011691707192,11.632954634806644
mlp-vpinn,186.66737890792442,6.119130534818167,5.0824101460956,11.64609200890861
mlp-vpinn,186.86637325258226,6.122759107234318,5.084702340860346,11.659214580084742
mlp-vpinn,187.0653675972401,6.122862625232056,5.086993502764267,11.672322398261462
mlp-vpinn,187.26436194189796,6.121307147850734,5.086880609199339,11.68541551308518
mlp-vpinn,187.4633562865558,6.118628340509231,5.084847427052781,11.698493973924482
mlp-vpinn,187.66235063121366,6.115188754610332,5.08281343161072,11.710583976279386
mlp-vpinn,187.86134497587148,6.1117468274898386,5.080778621896392,11.722211319721826
mlp-vpinn,188.06033932052932,6.1083025538449185,5.0787429969310764,11.733827141343848
mlp-vpinn,188.25933366518717,6.107719858508119,5.076706555734092,11.745431475329486
mlp-vpinn,188.45832800984502,6.108979292429995,5.075842970694665,11.757024355694075
mlp-vpinn,188.65732235450287,6.110929058068942,5.0762053890295284,11.768605816285405
mlp-vpinn,188.85631669916071,6.113518173071498,5.0765677814911925,11.77288337554362
mlp-vpinn,189.05531104381856,6.113433333037478,5.076930148085198,11.772083125732676
mlp-vpinn,189.2543053884764,6.111013741478618,5.0772924888170845,11.771282821518167
mlp-vpinn,189.45329973313423,6.108591447748077,5.077654803692386,11.770482462888994
mlp-vpinn,189.65229407779208,6.106166444721862,5.077910263763425,11.769682049834058
mlp-vpinn,189.85128842244993,6.107969924685067,5.078005408629014,11.768881582342253
mlp-vpinn,190.05028276710777,6.111356753556132,5.07810055171194,11.764644882171039
mlp-vpinn,190.24927711176562,6.114740237343536,5.078195693012303,11.756827221573738
mlp-vpinn,190.44827145642347,6.118120386275728,5.078290832530203,11.749004359190668
mlp-vpinn,190.64726580108132,6.118431233362431,5.078385970265739,11.741176284624354
mlp-vpinn,190.84626014573917,6.118526000624641,5.0781026227615635,11.73334298744264
mlp-vpinn,191.04525449039699,6.11857538109176,5.076986029309315,11.725504457178525
mlp-vpinn,191.24424883505483,6.118544094716858,5.075869190228019,11.72084051030584
mlp-vpinn,191.44324317971268,6.118512808114548,5.074752105355505,11.721079322562883
mlp-vpinn,191.64223752437053,6.118481521284821,5.073634774529421,11.721318129954323
mlp-vpinn,191.84123186902838,6.117977045405414,5.072517197587239,11.721556932480455
mlp-vpinn,192.04022621368622,6.116723517137523,5.071864136470323,11.72179573014158
mlp-vpinn,192.23922055834407,6.115549274460321,5.072686581477917,11.72203452293799
mlp-vpinn,192.43821490300192,6.114587328756764,5.073508893162442,11.722538258071998
mlp-vpinn,192.63720924765977,6.113624865223893,5.0743310715887135,11.723697307373726
mlp-vpinn,192.8362035923176,6.11266188329442,5.075153116821494,11.724856242098761
mlp-vpinn,193.03519793697544,6.112480706533068,5.075975028925496,11.726015062281073
mlp-vpinn,193.23419228163328,6.11402492926371,5.076919701442874,11.727173767954618
mlp-vpinn,193.43318662629113,6.1153897048402825,5.07847798516625,11.728332359153335
mlp-vpinn,193.63218097094898,6.11603248356445,5.080035790891411,11.727800023744388
mlp-vpinn,193.83117531560683,6.116674640202028,5.081593119057957,11.720716748418377
mlp-vpinn,194.03016966026468,6.117316175253862,5.08314997010482,11.713629189810101
mlp-vpinn,194.22916400492252,6.11765465428643,5.084706344470258,11.7065373401398
mlp-vpinn,194.42815834958034,6.117024245162954,5.086070649334909,11.699441191604137
mlp-vpinn,194.6271526942382,6.1164975585410275,5.085608780106891,11.692340736376094
mlp-vpinn,194.82614703889604,6.116682510941628,5.085146868928623,11.686847049840122
mlp-vpinn,195.0251413835539,6.11686744927548,5.0846849157886735,11.694401088271494
mlp-vpinn,195.22413572821173,6.11705237354548,5.084222920675602,11.701950250294791
mlp-vpinn,195.42313007286958,6.117299143690482,5.083760883577967,11.709494545341531
mlp-vpinn,195.62212441752743,6.117830129498843,5.08332611584346,11.71703398281288
mlp-vpinn,195.82111876218528,6.118341063498661,5.084872356689227,11.72456857207977
mlp-vpinn,196.0201131068431,6.118493929061405,5.086418127487001,11.732098895344048
mlp-vpinn,196.21910745150095,6.118646750172738,5.087963428665194,11.739662865197905
mlp-vpinn,196.4181017961588,6.1187995268411886,5.089508260651572,11.747221964655319
mlp-vpinn,196.61709614081664,6.1187562692943,5.091052623873249,11.75477620311225
mlp-vpinn,196.8160904854745,6.117190812865718,5.092596518756695,11.76232558993449
mlp-vpinn,197.01508483013234,6.115624741660779,5.091347114575519,11.769870134457788
mlp-vpinn,197.21407917479019,6.114144253877989,5.089847669394482,11.777409845988
mlp-vpinn,197.41307351944803,6.112665733591721,5.08834778235376,11.76791030101207
mlp-vpinn,197.61206786410585,6.111186604163396,5.086847453062497,11.757418254495265
mlp-vpinn,197.8110622087637,6.109783214581601,5.085346681129262,11.746916836753844
mlp-vpinn,198.01005655342155,6.1103805577070585,5.083845466162046,11.736406022632456
mlp-vpinn,198.2090508980794,6.110977751291306,5.085155514339887,11.725885786863005
mlp-vpinn,198.40804524273724,6.112753869669727,5.087006893858785,11.715356104063943
mlp-vpinn,198.6070395873951,6.114693060726651,5.0888575998265315,11.726058573739616
mlp-vpinn,198.80603393205294,6.116631566496773,5.090707632977726,11.739848056047142
mlp-vpinn,199.0050282767108,6.118569387767334,5.092556994045636,11.753621360388268
mlp-vpinn,199.20402262136864,6.1209889250916785,5.094405683762196,11.76737854357022
mlp-vpinn,199.40301696602646,6.123419033953436,5.093794842808062,11.781119662068553
mlp-vpinn,199.6020113106843,6.124001531673022,5.09230017158633,11.794844772029844
mlp-vpinn,199.80100565534215,6.123144859026187,5.090805061525957,11.801232550238314
mlp-vpinn,200.0,6.122288065781101,5.089309512240187,11.805936074216469
