plot-name,time,median,low,high
mlp-vpinn,1.2046496868133545,31.586010932922363,10.202493667602539,56.769222259521484
mlp-vpinn,1.6879043426360931,41.54643428683252,10.55113630821929,56.76321380360256
mlp-vpinn,2.1711589984588318,51.55408624358292,10.63441478890719,56.757202153400165
mlp-vpinn,2.65441365428157,56.07163850352355,10.570478817208215,56.94199336748559
mlp-vpinn,3.137668310104309,55.95947708731316,10.587565042085743,56.88799337024312
mlp-vpinn,3.620922965927048,55.69742713311702,10.604631269869689,57.05841128566801
mlp-vpinn,4.104177621749786,55.25604573436341,10.614376893698784,56.906138376757056
mlp-vpinn,4.587432277572525,54.76548817268652,10.62412251752788,56.75722448595915
mlp-vpinn,5.0706869333952636,53.816952892491926,10.698799586520256,56.7239212328015
mlp-vpinn,5.553941589218002,52.37533380912251,10.727740442378938,56.69619693024918
mlp-vpinn,6.037196245040741,50.93270718921853,10.75602452504048,56.66847262769685
mlp-vpinn,6.520450900863479,48.34109982322313,10.737606609774927,56.48589380788581
mlp-vpinn,7.003705556686218,45.72845011194799,10.719188694509372,56.37315759851649
mlp-vpinn,7.486960212508957,43.484820836862895,10.755055667397807,56.2363569119318
mlp-vpinn,7.970214868331695,41.50718657922092,10.841166707716997,56.02703428204775
mlp-vpinn,8.453469524154434,39.52722797060723,10.929251412862223,55.876392781186176
mlp-vpinn,8.936724179977173,37.046773790766636,11.093415476704696,55.70794239552324
mlp-vpinn,9.419978835799911,34.59148662333251,11.257579540547166,55.5963917046113
mlp-vpinn,9.90323349162265,32.21162473504888,11.376822147152357,55.53231404409937
mlp-vpinn,10.38648814744539,29.929589099229187,11.456655620965835,55.51279714225215
mlp-vpinn,10.869742803268128,27.653953325368906,11.534650141172083,55.487617365404226
mlp-vpinn,11.352997459090865,26.45084268861584,11.566415786866717,55.15503409587454
mlp-vpinn,11.836252114913604,25.258100282771757,11.59818143256135,54.82245082634486
mlp-vpinn,12.319506770736343,24.40045053464925,11.710492621031127,54.36290990653342
mlp-vpinn,12.802761426559082,23.883854518721847,11.89103047099538,53.78747422824167
mlp-vpinn,13.28601608238182,23.369498260743995,12.07188071374044,53.20266972321126
mlp-vpinn,13.76927073820456,23.25677800015499,12.128963984105864,52.28564971775948
mlp-vpinn,14.252525394027298,23.42689675014814,12.151519527976903,51.36862971230771
mlp-vpinn,14.735780049850035,23.84934662654443,12.21201411727964,49.371892540699974
mlp-vpinn,15.219034705672774,22.973666900528944,12.322983209921535,46.4155389239969
mlp-vpinn,15.702289361495513,21.99514396068831,12.43395230256343,43.398351283553104
mlp-vpinn,16.18554401731825,21.649809589840743,12.620632653726926,38.53436803633643
mlp-vpinn,16.66879867314099,21.3335962718092,12.813498981259288,34.30363284235844
mlp-vpinn,17.15205332896373,21.13447947316657,13.011588370751774,32.30304755763382
mlp-vpinn,17.63530798478647,21.09283212418099,13.216669696055359,31.233274026748436
mlp-vpinn,18.118562640609206,21.046301312981235,13.421751021358943,31.18767195183481
mlp-vpinn,18.601817296431946,20.242704276310914,13.686575548431675,31.39845649015749
mlp-vpinn,19.085071952254683,19.326526943491004,13.955871498755949,31.61576623229994
mlp-vpinn,19.568326608077424,18.66416544264419,14.202354344377051,32.28741044052116
mlp-vpinn,20.05158126390016,18.225253960441716,14.418873852190023,33.53214881841494
mlp-vpinn,20.5348359197229,17.794081306679495,14.635393360002999,34.77688719630873
mlp-vpinn,21.01809057554564,17.626987533826963,14.883384033223017,35.00396433458025
mlp-vpinn,21.501345231368376,17.550775755454573,15.123735352192679,35.169014343050655
mlp-vpinn,21.984599887191116,17.68756053621309,15.369092596128166,35.7002902212252
mlp-vpinn,22.467854543013853,17.865068943377743,15.618166711210733,36.68482074611481
mlp-vpinn,22.951109198836594,18.04130703622325,15.870736992819717,37.66935127100442
mlp-vpinn,23.43436385465933,18.1921675227629,16.16410021290108,37.47349710076825
mlp-vpinn,23.91761851048207,18.345984620188442,16.18979326478754,37.20991714945712
mlp-vpinn,24.40087316630481,18.49988880912371,16.0789505819173,37.56148007388369
mlp-vpinn,24.884127822127546,18.724138879299026,16.05189474479428,38.683817807300606
mlp-vpinn,25.367382477950287,18.9586902341427,16.02198324275953,39.80615554071753
mlp-vpinn,25.850637133773024,19.24452038712297,15.939909043839505,41.11779110790307
mlp-vpinn,26.333891789595764,19.249022220653828,15.85783484491948,42.43979508781175
mlp-vpinn,26.8171464454185,19.248689454203035,15.837985429978913,43.443351988258456
mlp-vpinn,27.300401101241242,19.259558821727033,15.867706992763424,44.056846760134285
mlp-vpinn,27.78365575706398,19.555792211099916,15.895761078887846,44.670341532010106
mlp-vpinn,28.266910412886716,19.948507533500443,15.895685567889833,45.08573908585226
mlp-vpinn,28.750165068709457,20.340275144155243,15.89561005689182,45.489591072887286
mlp-vpinn,29.233419724532194,20.708131290306603,15.902701772875787,45.86991689298272
mlp-vpinn,29.716674380354934,21.04399303637429,15.91553323849017,46.22135805340398
mlp-vpinn,30.19992903617767,21.377229335466517,15.935891802832822,46.572799213825235
mlp-vpinn,30.683183692000412,21.734545009302295,16.077417111556574,45.696524422976225
mlp-vpinn,31.16643834782315,22.095741373983635,16.218942420280328,44.75134093530793
mlp-vpinn,31.64969300364589,22.41434682255626,16.328688392569738,45.05231894408372
mlp-vpinn,32.13294765946863,22.689720715468447,16.41331960163415,46.90318352399823
mlp-vpinn,32.61620231529136,22.960552272592622,16.495491222361043,48.75404810391272
mlp-vpinn,33.09945697111411,23.18386376306021,16.538093142567607,49.75991532720009
mlp-vpinn,33.58271162693684,23.40670037853976,16.580695062774165,50.71548161335302
mlp-vpinn,34.06596628275958,23.65552748578021,16.659624905973693,50.70224385968791
mlp-vpinn,34.54922093858232,23.933865132140554,16.76651653639071,49.47426751099369
mlp-vpinn,35.03247559440506,24.20617364686366,16.883469786865312,48.24629116229949
mlp-vpinn,35.5157302502278,24.361515302718683,17.141923111150984,48.77054151406431
mlp-vpinn,35.99898490605054,24.51166501592607,17.231991212685585,49.39592575490731
mlp-vpinn,36.48223956187327,24.682766641714004,17.19641954057567,50.60585864533588
mlp-vpinn,36.96549421769601,24.8806457831167,17.16408168051866,52.54854303861795
mlp-vpinn,37.44874887351875,25.074343927912352,17.128889315077824,54.491227431900015
mlp-vpinn,37.93200352934149,25.19508864770568,17.068694202745384,54.88188571178988
mlp-vpinn,38.41525818516423,25.31269816879815,17.008499090412947,55.17852660842363
mlp-vpinn,38.89851284098697,25.452215512394496,17.014890982187296,55.07749435596513
mlp-vpinn,39.38176749680971,25.615792785298794,17.064086368993525,54.48030535555154
mlp-vpinn,39.86502215263245,25.77670592321668,17.113335470594695,53.883116355137965
mlp-vpinn,40.34827680845518,25.91927216644442,17.16299635408878,55.722850306852756
mlp-vpinn,40.83153146427792,26.061859483586158,17.212657237582867,57.71872606470555
mlp-vpinn,41.31478612010066,26.20003107083715,17.22896647561482,59.02098131885831
mlp-vpinn,41.7980407759234,26.333874106098293,17.22513114018625,59.439251455028575
mlp-vpinn,42.28129543174614,26.467073468292444,17.223345120630842,59.85752159119884
mlp-vpinn,42.76455008756888,26.546228684099106,17.235103239677006,60.12329502691578
mlp-vpinn,43.24780474339162,26.622184041441116,17.24686135872317,60.37918962979146
mlp-vpinn,43.73105939921435,26.71537475355176,17.263311119954015,60.16863448088816
mlp-vpinn,44.21431405503709,26.836175310645856,17.28240975597951,59.37210982753131
mlp-vpinn,44.697568710859834,26.956678054644716,17.30427964415787,58.57558517417446
mlp-vpinn,45.18082336668257,27.044482958159165,17.342316622815574,60.427098186262484
mlp-vpinn,45.66407802250531,27.13031079214059,17.380353601473274,62.4251523510708
mlp-vpinn,46.14733267832805,27.22649754599089,17.444922477048504,63.14603209717687
mlp-vpinn,46.63058733415079,27.34234934002674,17.52352849208246,62.294083025704154
mlp-vpinn,47.11384198997352,27.46294114606944,17.585995711919246,61.44213395423144
mlp-vpinn,47.59709664579626,27.532873800639493,17.56471804443212,63.112610700949666
mlp-vpinn,48.080351301619004,27.597792331480868,17.543440376944996,64.91524734162932
mlp-vpinn,48.56360595744174,27.6578285737244,17.597318591674213,65.44639558698512
mlp-vpinn,49.04686061326448,27.731489952146312,17.688377886014845,64.45245238104101
mlp-vpinn,49.53011526908722,27.936292665442693,17.779664809826993,63.45850917509691
mlp-vpinn,50.01336992490996,27.888658599103593,17.872007965973708,63.31783352581711
mlp-vpinn,50.49662458073269,27.967554635411418,17.964351122120423,63.219467528820054
mlp-vpinn,50.97987923655543,28.027375231170076,17.98068660487937,64.10918596364279
mlp-vpinn,51.463133892378174,28.072148687894185,17.961633862717413,66.20955040043475
mlp-vpinn,51.94638854820091,28.145084011412408,17.95270929081935,68.30991483722669
mlp-vpinn,52.42964320402365,28.187678394110492,17.986514433701107,68.62094169351494
mlp-vpinn,52.91289785984639,28.226720999835905,18.020319576582867,68.81940983985942
mlp-vpinn,53.39615251566913,28.335179835784388,18.073443980879645,68.66235247699352
mlp-vpinn,53.87940717149186,28.524884035365627,18.134856080688056,68.05850770940508
mlp-vpinn,54.362661827314604,28.71458823494687,18.188888231085507,67.45466294181662
mlp-vpinn,54.845916483137344,28.808505112154535,18.21452032723241,68.06638145562985
mlp-vpinn,55.32917113896008,28.898782568980586,18.240152423379314,68.75415706278586
mlp-vpinn,55.81242579478282,29.011015583064797,18.281041256456263,69.36768008266284
mlp-vpinn,56.29568045060556,29.148558342258834,18.3280358246128,69.88770560446876
mlp-vpinn,56.7789351064283,29.286101101452868,18.377068566666093,70.40773112627467
mlp-vpinn,57.26218976225103,29.391437029178526,18.433483233762438,71.12238968313962
mlp-vpinn,57.745444418073774,29.49436243472209,18.489897900858782,71.84989330541009
mlp-vpinn,58.228699073896514,29.603876813850395,18.533107535492046,71.90876536726334
mlp-vpinn,58.711953729719255,29.709569145008572,18.571306166433356,71.09929576202626
mlp-vpinn,59.19520838554199,29.75618932977185,18.61500113488571,70.28982615678918
mlp-vpinn,59.67846304136473,29.833899784461245,18.676841175073086,72.43246152912656
mlp-vpinn,60.16171769718747,29.820338401342266,18.73868121526046,74.78072681672393
mlp-vpinn,60.6449723530102,29.87497011501553,18.78202635259928,75.34380784509831
mlp-vpinn,61.128227008832944,30.014288213792163,18.818852861800615,73.57830188023442
mlp-vpinn,61.611481664655685,30.034272052014316,18.86357255108019,71.81279591537053
mlp-vpinn,62.094736320478425,30.050848066541477,18.93231894471224,72.56139415478667
mlp-vpinn,62.57799097630116,30.063239592137588,19.001065338344294,73.48553096691262
mlp-vpinn,63.0612456321239,30.102251833986863,19.106144737114754,74.33086961206193
mlp-vpinn,63.54450028794664,30.265787831481628,19.223086830474088,75.07560816284612
mlp-vpinn,64.02775494376937,30.430823516929102,19.305202510898383,75.8203467136303
mlp-vpinn,64.51100959959211,30.601910307143797,19.2852700940766,76.18577827319545
mlp-vpinn,64.99426425541486,30.7811901603282,19.265337677254823,76.52805294940933
mlp-vpinn,65.4775189112376,30.85221193770747,19.293536056623896,77.20382355139483
mlp-vpinn,65.96077356706033,30.714138745475154,19.337167985281305,78.29318041582432
mlp-vpinn,66.44402822288308,30.575739156807725,19.380814010018398,79.38253728025384
mlp-vpinn,66.92728287870581,30.605872806939765,19.424501507752368,79.93013010705988
mlp-vpinn,67.41053753452854,30.675980510018327,19.468189005486334,80.44699383306738
mlp-vpinn,67.89379219035129,30.736052040348774,19.54058123607506,80.96611906411393
mlp-vpinn,68.37704684617403,30.756504713045825,19.622205847801943,81.48808350178302
mlp-vpinn,68.86030150199676,30.893170684898422,19.699367698809734,82.01004793945211
mlp-vpinn,69.3435561578195,31.129408265225685,19.76395222396937,80.86949524729098
mlp-vpinn,69.82681081364224,31.39991767100178,19.828536749129004,79.61400485448253
mlp-vpinn,70.31006546946497,31.625191368004103,19.898772346505414,79.71239275755656
mlp-vpinn,70.79332012528772,31.751065237976363,19.970767012720227,81.6074535045205
mlp-vpinn,71.27657478111045,31.79897728868379,20.017191840992687,83.5025142514844
mlp-vpinn,71.75982943693319,31.788981499833028,19.993155087125608,84.19854280652827
mlp-vpinn,72.24308409275594,31.665372646404435,19.96911833325853,84.79676977970117
mlp-vpinn,72.72633874857867,31.67138392734724,20.040546140555875,84.88285028662796
mlp-vpinn,73.20959340440142,31.720061035850485,20.140318505378442,84.2589524376672
mlp-vpinn,73.69284806022415,31.796519367501965,20.225896857045885,83.63505458870645
mlp-vpinn,74.17610271604688,31.91781119919734,20.27389144030025,83.41604262855205
mlp-vpinn,74.65935737186963,32.039103030892726,20.321886023554615,83.23481431479999
mlp-vpinn,75.14261202769237,32.15576705624636,20.380854074371413,83.99489835081596
mlp-vpinn,75.6258666835151,32.25873551319465,20.443012581976976,86.10902280287019
mlp-vpinn,76.10912133933785,32.34214437131364,20.52165727947993,88.22314725492448
mlp-vpinn,76.59237599516058,32.488339009404505,20.643293196305173,86.87801995826018
mlp-vpinn,77.07563065098331,32.634533647495374,20.76492911313042,85.17916470567732
mlp-vpinn,77.55888530680606,32.783393098250045,20.748846099185034,84.99342856866488
mlp-vpinn,78.0421399626288,32.72371566332262,20.693292525564505,87.04795986861974
mlp-vpinn,78.52539461845154,32.612690061404535,20.678127130098716,89.10249116857467
mlp-vpinn,79.00864927427428,32.759051914327614,20.768683530255007,88.58222399872498
mlp-vpinn,79.49190393009701,32.82244473395272,20.859239930411295,87.76920540608134
mlp-vpinn,79.97515858591976,32.8406415133318,20.929650980452482,88.08184638102685
mlp-vpinn,80.45841324174249,32.846578693982394,20.994391346650936,90.12179032971422
mlp-vpinn,80.94166789756522,32.87865186685391,21.044742138245677,92.16173427840158
mlp-vpinn,81.42492255338797,33.01090419993396,21.058328639203346,92.059271246881
mlp-vpinn,81.9081772092107,33.14323426977482,21.071915140161018,91.689997427024
mlp-vpinn,82.39143186503344,33.20943617864168,21.125278485195704,91.30869145135713
mlp-vpinn,82.87468652085619,33.26644038527372,21.189903584503117,90.90817961820723
mlp-vpinn,83.35794117667892,33.32387566146717,21.279465526837743,90.50766778505734
mlp-vpinn,83.84119583250165,33.3976900546158,21.43260656027554,90.81533566338055
mlp-vpinn,84.3244504883244,33.47172372174316,21.585747593713343,91.21794844679911
mlp-vpinn,84.80770514414714,33.481400683200704,21.618265248694765,91.84314261740987
mlp-vpinn,85.29095979996988,33.46663678278459,21.61675903795453,92.83581779052146
mlp-vpinn,85.77421445579262,33.258255595407974,21.613930428226897,93.82849296363304
mlp-vpinn,86.25746911161535,33.507550672151986,21.60768449453457,93.26154889934999
mlp-vpinn,86.7407237674381,33.40134274508207,21.601438560842244,92.47340102076538
mlp-vpinn,87.22397842326083,33.262240154263495,21.631401819574283,92.31401545599486
mlp-vpinn,87.70723307908357,33.424238577634696,21.671918327511374,93.19141205937777
mlp-vpinn,88.19048773490631,33.586237001005905,21.694614913811524,94.0688086627607
mlp-vpinn,88.67374239072905,33.77311564875329,21.66937944040366,95.2628863220624
mlp-vpinn,89.15699704655178,33.98036516412631,21.644143966995795,96.50420351564605
mlp-vpinn,89.64025170237453,34.080528295086125,21.666312801596185,97.35561172961708
mlp-vpinn,90.12350635819726,34.132765369318335,21.702304214879828,97.53819964330904
mlp-vpinn,90.60676101402,34.150009760162945,21.75270445254425,97.720787557001
mlp-vpinn,91.09001566984274,34.05071512230049,21.84170114051735,99.62398631233773
mlp-vpinn,91.57327032566548,33.95056038376436,21.930697828490448,101.79688221573412
mlp-vpinn,92.05652498148822,33.92598380138756,21.971627571795132,102.86892383214179
mlp-vpinn,92.53977963731096,33.93615032364839,21.997787741769347,101.97934106643712
mlp-vpinn,93.02303429313369,34.02434235801532,22.055132266188462,101.08975830073244
mlp-vpinn,93.50628894895644,34.20874665068035,22.198389173661422,99.97959100622083
mlp-vpinn,93.98954360477917,34.31447319992485,22.341646081134378,98.8332024543373
mlp-vpinn,94.4727982606019,34.302438241136386,22.398467652991613,98.6707327369376
mlp-vpinn,94.95605291642465,34.45867060631187,22.42869252144491,100.27619697217023
mlp-vpinn,95.43930757224739,34.46384925092555,22.451043012877236,101.88166120740281
mlp-vpinn,95.92256222807012,34.46672158196611,22.450972854038113,101.20637338227046
mlp-vpinn,96.40581688389287,34.46992947798471,22.45090269519899,100.14364849861231
mlp-vpinn,96.8890715397156,34.51353206184788,22.5078135654899,100.00983830265109
mlp-vpinn,97.37232619553835,34.5926525653094,22.58283727044081,101.59938929187707
mlp-vpinn,97.85558085136108,34.70028443586577,22.626228899280846,103.188940281103
mlp-vpinn,98.33883550718382,34.72403602745081,22.57949276041865,104.11828301341684
mlp-vpinn,98.82209016300656,34.7412898968756,22.532756621556448,104.9317565764777
mlp-vpinn,99.3053448188293,34.75365270622749,22.588953938497674,104.98008927675346
mlp-vpinn,99.78859947465203,34.69122041315406,22.67702053624376,103.59427701326806
mlp-vpinn,100.27185413047478,34.622630930704005,22.740881239546937,102.2084647497826
mlp-vpinn,100.75510878629751,34.63282897710203,22.738171313465017,102.64067042711632
mlp-vpinn,101.23836344212025,34.62239580430409,22.735461387383097,103.40304875984654
mlp-vpinn,101.721618097943,34.5640917998397,22.847340864178083,104.25556879817015
mlp-vpinn,102.20487275376573,34.48587507453821,22.99465512802897,105.28269679991749
mlp-vpinn,102.68812740958846,34.473653511276794,23.07466532307192,106.30982480166485
mlp-vpinn,103.17138206541121,34.62105235116955,22.969034482064075,107.89596353073092
mlp-vpinn,103.65463672123394,34.772865003499454,22.863403641056234,109.59055305031936
mlp-vpinn,104.13789137705669,34.966328837981216,22.904927013389656,110.83362033063115
mlp-vpinn,104.62114603287942,35.06384419475475,22.991875705310193,111.18250320256331
mlp-vpinn,105.10440068870216,35.07831027862712,23.07532152439201,111.53138607449549
mlp-vpinn,105.5876553445249,35.12163191496278,23.14888603097556,110.50073820767689
mlp-vpinn,106.07091000034764,35.160042060852675,23.222450537559112,109.18997263899115
mlp-vpinn,106.55416465617037,35.205758644035214,23.19929486096014,108.54568185654878
mlp-vpinn,107.03741931199312,35.28144465767648,23.14593675879188,109.28531215125959
mlp-vpinn,107.52067396781585,35.31009830224086,23.118935429711602,110.02494244597038
mlp-vpinn,108.00392862363859,35.37850138747876,23.168096602838997,108.93405787253747
mlp-vpinn,108.48718327946133,35.38876723134347,23.217257775966395,107.44374642925733
mlp-vpinn,108.97043793528407,35.35712142713548,23.278372749818576,106.58668128921566
mlp-vpinn,109.4536925911068,35.20278182227375,23.343366425756102,107.09543883700627
mlp-vpinn,109.93694724692955,35.15929392703232,23.385833496343643,107.60419638479691
mlp-vpinn,110.42020190275228,35.23901698088443,23.36283259469308,108.54885740738715
mlp-vpinn,110.90345655857503,35.292187746885766,23.33983169304252,109.59388929178513
mlp-vpinn,111.38671121439776,35.32574759321541,23.403395171520653,110.35626002509473
mlp-vpinn,111.8699658702205,35.516234040762996,23.495557563085132,110.48979528912966
mlp-vpinn,112.35322052604324,35.690165387031826,23.543148192472877,110.6233305531646
mlp-vpinn,112.83647518186598,35.464746870000376,23.453725679022618,110.44537214223824
mlp-vpinn,113.31972983768871,35.23530136420759,23.364303165572355,110.19349646334095
mlp-vpinn,113.80298449351146,35.37132873318804,23.307562847740385,109.63580259229651
mlp-vpinn,114.2862391493342,35.51712035105324,23.262032394979176,108.3739883060085
mlp-vpinn,114.76949380515693,35.4251480649444,23.261800310955234,107.11217401972048
mlp-vpinn,115.25274846097967,35.5734200021972,23.401091079812268,108.18596294126944
mlp-vpinn,115.73600311680241,35.76935913591723,23.540381848669302,109.84708055912267
mlp-vpinn,116.21925777262516,35.735922442809525,23.6649700046379,111.1344843067216
mlp-vpinn,116.70251242844789,35.676689284624466,23.784572758851034,111.5215226194596
mlp-vpinn,117.18576708427062,35.64014028686769,23.88208358860659,111.9085609321976
mlp-vpinn,117.66902174009337,35.67548886983076,23.910273603931127,113.15745812371637
mlp-vpinn,118.1522763959161,35.722149833288114,23.938463619255664,114.62955007966455
mlp-vpinn,118.63553105173884,35.73085778601666,23.92146352035947,115.6206644382066
mlp-vpinn,119.11878570756159,35.71252636886742,23.88855191681187,115.4397936053765
mlp-vpinn,119.60204036338432,35.69419495171819,23.868831094358196,115.25892277254637
mlp-vpinn,120.08529501920705,35.74461032217899,23.891568918662454,113.64090806338825
mlp-vpinn,120.5685496750298,35.79840611302866,23.914306742966716,111.62410155182532
mlp-vpinn,121.05180433085253,35.874301444207774,23.92600034918709,110.3246088626293
mlp-vpinn,121.53505898667527,36.015655703689085,23.933737985201446,110.88697301635906
mlp-vpinn,122.01831364249801,36.10535309474767,23.933460346679226,111.44933717008882
mlp-vpinn,122.50156829832075,36.09879755831881,23.907055847049694,111.86913938348457
mlp-vpinn,122.9848229541435,36.101353922604545,23.88065134742016,112.24729246417502
mlp-vpinn,123.46807760996623,36.10769677021687,23.934034826980877,112.92417870605117
mlp-vpinn,123.95133226578896,36.08155898476858,24.015859805127775,114.40761340436035
mlp-vpinn,124.43458692161171,36.10237940003398,24.087680207750083,115.89104810266959
mlp-vpinn,124.91784157743444,36.10901019425842,24.126760782416145,117.47889461463818
mlp-vpinn,125.40109623325718,36.09745491972109,24.165841357082208,119.09895119611544
mlp-vpinn,125.88435088907993,35.929410185560016,24.152017306301158,120.26318400308894
mlp-vpinn,126.36760554490266,35.79659613820735,24.11902952373061,120.16258861968697
mlp-vpinn,126.85086020072539,35.80528948834835,24.127732266728117,120.06199323628502
mlp-vpinn,127.33411485654814,35.945421326924205,24.278152775572543,120.17825821398868
mlp-vpinn,127.81736951237087,36.08622745622303,24.428573284416967,120.36289497964245
mlp-vpinn,128.30062416819362,36.19762465722161,24.453140790011652,120.55616269431502
mlp-vpinn,128.78387882401637,36.25094183401504,24.43069456776903,120.77437483026354
mlp-vpinn,129.2671334798391,36.15449557300421,24.41205335408249,120.99258696621204
mlp-vpinn,129.75038813566184,36.19621591902294,24.406566784338892,121.36530896491243
mlp-vpinn,130.23364279148456,36.25735712002439,24.401080214595297,121.78839072699351
mlp-vpinn,130.7168974473073,36.312549332329894,24.42036291106468,122.18360635017986
mlp-vpinn,131.20015210313005,36.3578109194863,24.449065343802268,122.4964605481099
mlp-vpinn,131.6834067589528,36.4030725066427,24.47966306715306,122.80931474603993
mlp-vpinn,132.16666141477552,36.396748666858215,24.516884534835434,122.81409491141513
mlp-vpinn,132.64991607059827,36.38374822584997,24.554106002517813,122.71598474678937
mlp-vpinn,133.133170726421,36.39107580438453,24.586223392398157,122.44495645546867
mlp-vpinn,133.61642538224373,36.43163922469199,24.616363555515264,121.65324692442341
mlp-vpinn,134.09968003806648,36.46731172882629,24.636719195677816,120.86153739337811
mlp-vpinn,134.58293469388923,36.35125989365216,24.62201889705858,121.57430529792047
mlp-vpinn,135.06618934971195,36.20797139978191,24.60731859843935,122.78809389783424
mlp-vpinn,135.5494440055347,36.16013583927686,24.64307052000347,123.83507698315015
mlp-vpinn,136.03269866135744,36.266609666000974,24.69836505111242,124.3716196824041
mlp-vpinn,136.51595331718016,36.37308349272508,24.744557690482104,124.90816238165802
mlp-vpinn,136.9992079730029,36.45278474324297,24.758158470807913,125.04837435298256
mlp-vpinn,137.48246262882566,36.52943213505208,24.77175925113372,125.05383893925969
mlp-vpinn,137.96571728464838,36.561824467698315,24.726467752544096,125.09364208291018
mlp-vpinn,138.44897194047113,36.52124678484458,24.657885003601912,125.24207530731611
mlp-vpinn,138.93222659629387,36.48066910199084,24.605183564063836,125.39050853172205
mlp-vpinn,139.4154812521166,36.543764068860256,24.61034221952583,125.98282713921114
mlp-vpinn,139.89873590793934,36.6207355043857,24.615500874987827,126.73461957242102
mlp-vpinn,140.3819905637621,36.6739445899523,24.68848097726568,127.03236211430952
mlp-vpinn,140.8652452195848,36.537246318132794,24.788077759655803,125.84544214374074
mlp-vpinn,141.34849987540755,36.5417962976591,24.85607671787702,124.65852217317189
mlp-vpinn,141.8317545312303,36.63141989223861,24.811245959536684,124.95683161269325
mlp-vpinn,142.31500918705302,36.70412995330709,24.76641520119635,125.81008429027892
mlp-vpinn,142.79826384287577,36.68839885282422,24.787924992500464,126.73911953431958
mlp-vpinn,143.28151849869852,36.66589547677664,24.83510942180191,127.93606113100381
mlp-vpinn,143.76477315452127,36.669601521738684,24.872860309973323,129.13300272768802
mlp-vpinn,144.24802781034398,36.779902857607894,24.876603619383168,129.03343874653828
mlp-vpinn,144.73128246616673,36.86186658969696,24.880346928793017,128.40830315480804
mlp-vpinn,145.21453712198948,36.8444690397325,24.940559818516064,127.8439482689237
mlp-vpinn,145.6977917778122,36.74973624263332,25.022685905119538,127.52327158376492
mlp-vpinn,146.18104643363495,36.65500344553412,25.081770698581952,127.20259489860615
mlp-vpinn,146.6643010894577,36.69517483658368,25.059964254753062,126.75946804185683
mlp-vpinn,147.1475557452804,36.75185083445341,25.03815781092417,126.26227268249225
mlp-vpinn,147.63081040110316,36.73460214673112,25.093471767816936,125.97164577472297
mlp-vpinn,148.1140650569259,36.711231769412365,25.178471849402495,126.6090460551316
mlp-vpinn,148.59731971274863,36.80639233144318,25.240368390829957,127.24644633554018
mlp-vpinn,149.08057436857138,36.89273077989716,25.221096613751506,127.23328931737325
mlp-vpinn,149.56382902439412,36.8016899732761,25.201824836673055,126.913511204326
mlp-vpinn,150.04708368021684,36.77387466561271,25.179764607024556,126.80625557837163
mlp-vpinn,150.5303383360396,36.73220013776083,25.156634177818347,127.70800711181816
mlp-vpinn,151.01359299186234,36.74561169396668,25.118347717755764,128.6097586452647
mlp-vpinn,151.49684764768506,36.774593076254156,25.02805431953564,128.72978428572907
mlp-vpinn,151.9801023035078,36.78838059615887,24.937760921315515,128.46085478755018
mlp-vpinn,152.46335695933055,36.73893395537631,25.003105243758668,128.32617069267616
mlp-vpinn,152.94661161515327,36.686744191351345,25.12882115183945,128.89507046337377
mlp-vpinn,153.42986627097602,36.75045066227809,25.218486625920754,129.4639702340714
mlp-vpinn,153.91312092679877,36.885243040176334,25.18160659689825,129.12309930361937
mlp-vpinn,154.3963755826215,36.949958558617354,25.144726567875743,128.29211781640944
mlp-vpinn,154.87963023844424,36.983477280057556,25.16875874170823,127.61302612132415
mlp-vpinn,155.36288489426698,36.98752426199787,25.21656653651893,127.84124551235553
mlp-vpinn,155.84613955008973,37.02639737953871,25.2487962482342,128.0694649033869
mlp-vpinn,156.32939420591245,37.00406313704441,25.226594142053735,128.2941533639542
mlp-vpinn,156.8126488617352,36.97002823485518,25.204392035873273,128.5168728115747
mlp-vpinn,157.29590351755795,36.95776508089996,25.2316009476686,128.65975487220152
mlp-vpinn,157.77915817338067,36.988048384522095,25.277675022253927,128.27614375109115
mlp-vpinn,158.2624128292034,36.92637653965312,25.302538245451984,127.89253262998078
mlp-vpinn,158.74566748502616,36.92604960625431,25.25269440258107,128.39024215638662
mlp-vpinn,159.22892214084888,36.93108173170316,25.202850559710164,129.42015280804054
mlp-vpinn,159.71217679667163,36.97099181681378,25.209592739526855,130.37843120492235
mlp-vpinn,160.19543145249438,37.03675574570249,25.23812401614898,130.81286297579715
mlp-vpinn,160.6786861083171,37.10348483657343,25.274055162828112,131.2472947466719
mlp-vpinn,161.16194076413984,37.13806562123732,25.335509145866315,131.5963342912056
mlp-vpinn,161.6451954199626,37.115615147052765,25.396963128904513,131.8904586211151
mlp-vpinn,162.1284500757853,37.11137187547739,25.453027106530367,131.98650700206196
mlp-vpinn,162.61170473160806,37.13035369069544,25.50705974949426,130.40243091271208
mlp-vpinn,163.0949593874308,37.14933550591349,25.538488882070006,128.8183548233622
mlp-vpinn,163.57821404325352,37.069527437872395,25.49408547729828,129.3927348835048
mlp-vpinn,164.06146869907627,36.98222446381442,25.449682072526553,131.40794043433303
mlp-vpinn,164.54472335489902,36.990476446077395,25.47920632638059,133.08850478670644
mlp-vpinn,165.02797801072174,37.13145175419252,25.53668076219,131.3370306687612
mlp-vpinn,165.5112326665445,37.221020926816685,25.578129014216806,129.58555655081585
mlp-vpinn,165.99448732236723,37.23877789517397,25.564286347599342,129.83543619046836
mlp-vpinn,166.47774197818995,37.23748989440007,25.550443680981882,131.53128384785782
mlp-vpinn,166.9609966340127,37.18530469924927,25.54146143109419,133.16654946527922
mlp-vpinn,167.44425128983545,37.150879151059925,25.534337077837257,134.07521096993216
mlp-vpinn,167.92750594565817,37.12218628728402,25.519890627635792,134.98387247458507
mlp-vpinn,168.41076060148092,37.09916226611119,25.480464690777453,135.39339350289862
mlp-vpinn,168.89401525730366,37.06557207848023,25.441038753919113,135.4224201487117
mlp-vpinn,169.3772699131264,36.991640716841516,25.45349515767232,135.47035794189276
mlp-vpinn,169.86052456894913,36.94403593339063,25.485492505432756,135.84523620691652
mlp-vpinn,170.34377922477188,37.01626972574928,25.517818339717138,136.22011447194032
mlp-vpinn,170.82703388059463,37.09689158563083,25.551262533760347,136.4133963645329
mlp-vpinn,171.31028853641735,37.1519158692846,25.584706727803553,136.45880727987287
mlp-vpinn,171.7935431922401,37.125901148885774,25.615644998078597,136.49002561783243
mlp-vpinn,172.27679784806284,37.10922556567004,25.64563075359586,136.18763885664617
mlp-vpinn,172.76005250388556,37.174215813192895,25.66145787530289,135.88525209545992
mlp-vpinn,173.2433071597083,37.277290048959486,25.628540637436473,135.69103441512968
mlp-vpinn,173.72656181553106,37.35751306392637,25.59562339957006,135.59063994359303
mlp-vpinn,174.20981647135378,37.33824788332544,25.60752879007299,135.47386250977857
mlp-vpinn,174.69307112717652,37.336943711013205,25.6366352405822,134.71327875522496
mlp-vpinn,175.17632578299927,37.31804377072582,25.66714184689279,133.95269500067135
mlp-vpinn,175.659580438822,37.28828299733577,25.70249697610985,133.4945548161466
mlp-vpinn,176.14283509464474,37.232075128593664,25.73785210532691,133.32619318354833
mlp-vpinn,176.6260897504675,37.23691063553821,25.740557623240132,133.15783155095002
mlp-vpinn,177.1093444062902,37.28231216959112,25.730867003203116,133.65289769748645
mlp-vpinn,177.59259906211295,37.27125891712268,25.717685994149125,134.14878550714846
mlp-vpinn,178.0758537179357,37.22997492138734,25.6924106105546,134.14700507608921
mlp-vpinn,178.55910837375842,37.2147467148212,25.667135226960077,133.62108622674916
mlp-vpinn,179.04236302958117,37.260688888680185,25.685101074566774,133.09516737740907
mlp-vpinn,179.52561768540392,37.279330853970635,25.71967939905096,133.5241268486701
mlp-vpinn,180.00887234122663,37.297972819261076,25.745144696068376,133.97432364087993
mlp-vpinn,180.49212699704938,37.29759311171422,25.738902926199763,134.4272523688558
mlp-vpinn,180.97538165287213,37.300631852013396,25.73266115633115,134.88331746248713
mlp-vpinn,181.45863630869488,37.35042930818764,25.764083361737118,135.33938255611847
mlp-vpinn,181.9418909645176,37.31096610000174,25.810222842296902,135.6666991612464
mlp-vpinn,182.42514562034034,37.28794879704775,25.838168258703035,135.98832477734004
mlp-vpinn,182.9084002761631,37.35764313722247,25.8012893252115,136.2806846920179
mlp-vpinn,183.3916549319858,37.421088708133475,25.764410391719963,136.53843891469174
mlp-vpinn,183.87490958780856,37.40274165962187,25.76579450497612,136.7961931373656
mlp-vpinn,184.3581642436313,37.37340630075137,25.782324731680557,136.6681858018322
mlp-vpinn,184.84141889945403,37.32755024909446,25.79116241475089,136.52007559663085
mlp-vpinn,185.32467355527677,37.32036665789118,25.771579031572095,136.19739949933646
mlp-vpinn,185.80792821109952,37.33737524861107,25.751995648393304,135.66189088833397
mlp-vpinn,186.29118286692224,37.43536994870796,25.78683511094709,135.12638227733152
mlp-vpinn,186.774437522745,37.545388122859706,25.843430944095825,135.79599269636873
mlp-vpinn,187.25769217856774,37.54617851765046,25.877047503778044,136.538685251281
mlp-vpinn,187.74094683439046,37.45133156818018,25.82682407717643,137.2453902372407
mlp-vpinn,188.2242014902132,37.372783893181044,25.776600650574807,137.9070579027724
mlp-vpinn,188.70745614603595,37.426037823233955,25.76878809594876,138.56872556830413
mlp-vpinn,189.19071080185867,37.4274140981091,25.77772319047331,138.56912074172044
mlp-vpinn,189.67396545768142,37.35114239460823,25.78527787942749,138.52336359136245
mlp-vpinn,190.15722011350417,37.44340379907668,25.787624483152904,138.30805258710308
mlp-vpinn,190.6404747693269,37.51018433070635,25.789971086878317,137.86149587328217
mlp-vpinn,191.12372942514963,37.51169247671962,25.771315479225443,137.41493915946123
mlp-vpinn,191.60698408097238,37.51073389102664,25.743778638752975,137.3883069344371
mlp-vpinn,192.0902387367951,37.48418118260619,25.725902718802768,137.40190211883007
mlp-vpinn,192.57349339261785,37.451968303224405,25.746164377672322,137.43637730154842
mlp-vpinn,193.0567480484406,37.434825312756814,25.766426036541876,137.50237219719097
mlp-vpinn,193.54000270426334,37.47418069503253,25.799433175986284,137.5683670928335
mlp-vpinn,194.02325736008606,37.49570752102657,25.837863919097753,137.2148782057426
mlp-vpinn,194.5065120159088,37.49072000271457,25.86626482657198,136.81152565044025
mlp-vpinn,194.98976667173156,37.49135880523683,25.85485584166417,136.72761902502677
mlp-vpinn,195.47302132755428,37.498460402123456,25.84344685675635,137.15654484846368
mlp-vpinn,195.95627598337703,37.511172572069924,25.866605615547627,137.58547067190065
mlp-vpinn,196.43953063919977,37.51639036308414,25.90478742173646,138.0163423715616
mlp-vpinn,196.9227852950225,37.48534593794312,25.928896335512494,138.44749475420824
mlp-vpinn,197.40603995084524,37.43920853126065,25.8918227447315,138.4924371588417
mlp-vpinn,197.889294606668,37.40497603243497,25.854749153950507,137.8930171749994
mlp-vpinn,198.3725492624907,37.434690354512206,25.874279850616837,137.2935971911571
mlp-vpinn,198.85580391831346,37.49152440753514,25.920014363017778,137.90496285363037
mlp-vpinn,199.3390585741362,37.55880567341875,25.95163929475447,138.690778393596
mlp-vpinn,199.82231322995892,37.56430803254702,25.914665952721798,139.28097912150267
mlp-vpinn,200.30556788578167,37.53886673734384,25.87769261068912,139.55063045807393
mlp-vpinn,200.78882254160442,37.51967860662229,25.876440056379202,139.82028179464518
mlp-vpinn,201.27207719742714,37.51054524899391,25.89334030900451,139.8380436734514
mlp-vpinn,201.75533185324988,37.50141189136552,25.914525831158432,139.8216889413621
mlp-vpinn,202.23858650907263,37.5199951675707,25.959547811766008,139.90762152960093
mlp-vpinn,202.72184116489535,37.541223421321874,26.00456979237358,140.15505270505398
mlp-vpinn,203.2050958207181,37.56942655245814,25.987318269116543,140.40248388050702
mlp-vpinn,203.68835047654085,37.61815088049813,25.935763504620407,139.50501476380742
mlp-vpinn,204.17160513236357,37.666875208538116,25.899224312356036,138.46772403232217
mlp-vpinn,204.65485978818631,37.636504797872014,25.955785565260857,137.86807128636613
mlp-vpinn,205.13811444400906,37.590349052377384,26.01234681816568,137.94682671914506
mlp-vpinn,205.6213690998318,37.58998673703657,26.02924114837365,138.02558215192397
mlp-vpinn,206.10462375565453,37.67666695341061,26.023355166923245,138.7024066244742
mlp-vpinn,206.58787841147728,37.757210837579535,26.017556498163856,139.44918013572416
mlp-vpinn,207.07113306730002,37.73101984953226,26.01231959493125,139.55132411239666
mlp-vpinn,207.55438772312274,37.70889043134227,26.00708269169864,138.66591316002257
mlp-vpinn,208.0376423789455,37.729734670330885,26.020281678389054,137.7805022076484
mlp-vpinn,208.52089703476824,37.74977111139856,26.044367108552855,138.32113578208953
mlp-vpinn,209.00415169059096,37.76350433108205,26.06204330205153,139.0259544848024
mlp-vpinn,209.4874063464137,37.75961683719706,26.03496445870748,139.6566675769631
mlp-vpinn,209.97066100223645,37.66651271993965,26.007885615363428,140.17440527199864
mlp-vpinn,210.45391565805917,37.61656967082466,26.034316093881444,140.69214296703416
mlp-vpinn,210.93717031388192,37.65726104862795,26.093049610597717,140.52746899572614
mlp-vpinn,211.42042496970467,37.69795242643124,26.141084971736706,140.28863954455193
mlp-vpinn,211.9036796255274,37.71158178637138,26.108842320104632,140.13472682107798
mlp-vpinn,212.38693428135014,37.71818018297711,26.076599668472554,140.1072818013249
mlp-vpinn,212.87018893717288,37.74330224724181,26.068285743167056,140.07983678157183
mlp-vpinn,213.3534435929956,37.76694943424597,26.075170176294204,139.95543206937523
mlp-vpinn,213.83669824881835,37.79059662125014,26.08081326495274,139.82036577407808
mlp-vpinn,214.3199529046411,37.78144520710681,26.07536300624809,140.00957550124787
mlp-vpinn,214.80320756046382,37.76616179130798,26.069912747543434,140.67334726953493
mlp-vpinn,215.28646221628657,37.7506604631956,26.054324125977807,141.33711903782205
mlp-vpinn,215.7697168721093,37.73369674945606,26.031762896322995,141.22802524388902
mlp-vpinn,216.25297152793203,37.71673303571653,26.01145937679514,141.04091474015317
mlp-vpinn,216.73622618375478,37.71238387421279,26.015964269607416,140.71312222232234
mlp-vpinn,217.21948083957753,37.711070315366726,26.02046916241969,140.18420860963568
mlp-vpinn,217.70273549540025,37.715203997311676,26.027838594805235,139.655294996949
mlp-vpinn,218.185990151223,37.72247586721525,26.03737147343797,140.04220552600214
mlp-vpinn,218.66924480704574,37.72974773711883,26.049305956467848,140.51764642305028
mlp-vpinn,219.1524994628685,37.781508092769904,26.097139982833223,140.73032620270507
mlp-vpinn,219.6357541186912,37.82781738859519,26.14497400919859,140.5771867282375
mlp-vpinn,220.11900877451396,37.78471053175696,26.135359481143276,140.4240472537699
mlp-vpinn,220.6022634303367,37.742640091281146,26.080275628077587,140.08449657012847
mlp-vpinn,221.08551808615942,37.64093317037313,26.02917329259574,139.72927311608905
mlp-vpinn,221.56877274198217,37.65505129755092,26.044363001900763,139.47555690599674
mlp-vpinn,222.05202739780492,37.684024837810156,26.05955271120579,139.35960174233034
mlp-vpinn,222.53528205362764,37.714393273391096,26.06781657174301,139.24364657866397
mlp-vpinn,223.0185367094504,37.758227785614835,26.070369033386278,139.84069484197875
mlp-vpinn,223.50179136527314,37.78350623950294,26.074771162229915,140.4950806945368
mlp-vpinn,223.98504602109585,37.72246988418113,26.121631873895545,140.6053120299421
mlp-vpinn,224.4683006769186,37.67235982423127,26.16849258556118,139.96217503807847
mlp-vpinn,224.95155533274135,37.70720756751032,26.167241884806387,139.31903804621484
mlp-vpinn,225.43480998856407,37.752520496351366,26.12418838549773,140.03664775433552
mlp-vpinn,225.91806464438682,37.762926541391785,26.082701770165396,140.86460074479345
mlp-vpinn,226.40131930020956,37.78478252517982,26.098016487402123,141.2694047150389
mlp-vpinn,226.88457395603228,37.81663342485149,26.113331204638847,141.10328171536116
mlp-vpinn,227.36782861185503,37.82614854334433,26.154476993009087,140.9371587156834
mlp-vpinn,227.85108326767778,37.82615436444034,26.21970275503983,140.9130795423247
mlp-vpinn,228.3343379235005,37.82405054699018,26.284640185827364,140.9000477846433
mlp-vpinn,228.81759257932325,37.82964530460742,26.22442330082811,140.79431098180225
mlp-vpinn,229.300847235146,37.83878576179788,26.164206415828854,140.56466950704402
mlp-vpinn,229.7841018909687,37.83394165864169,26.12494980697786,140.3350280322858
mlp-vpinn,230.26735654679146,37.8021466562207,26.107300552730774,140.6165824335401
mlp-vpinn,230.7506112026142,37.75611356616225,26.089651298483684,140.93921474678507
mlp-vpinn,231.23386585843696,37.72408740888734,26.109373393040403,141.30357680581267
mlp-vpinn,231.71712051425968,37.71478584941259,26.129824699246146,141.7236895287231
mlp-vpinn,232.20037517008242,37.76669967864704,26.13520441032443,142.14380225163356
mlp-vpinn,232.68362982590517,37.7895942629649,26.123347377470328,142.17863277705268
mlp-vpinn,233.1668844817279,37.79341762820077,26.111490344616225,142.18239034512038
mlp-vpinn,233.65013913755064,37.79414865388998,26.165760673037877,142.01202955655256
mlp-vpinn,234.1333937933734,37.80031246682951,26.222999225036528,141.61276210048186
mlp-vpinn,234.6166484491961,37.80603598175696,26.244586252343343,141.21349464441118
mlp-vpinn,235.09990310501885,37.80656278080327,26.22281587305317,141.49085060734217
mlp-vpinn,235.5831577608416,37.814950136314664,26.201045493762997,141.82066132380368
mlp-vpinn,236.06641241666432,37.82932107093505,26.210018348376753,142.04634047116497
mlp-vpinn,236.54966707248707,37.84346226794361,26.220798516034534,142.13661640541642
mlp-vpinn,237.03292172830982,37.8171100604952,26.224924743572114,142.22689233966787
mlp-vpinn,237.51617638413254,37.853110350006986,26.22032934210627,142.10894236971512
mlp-vpinn,237.99943103995528,37.88911063951877,26.21573394064043,141.97716618427668
mlp-vpinn,238.48268569577803,37.853351275470175,26.21390901431266,141.78907347848025
mlp-vpinn,238.96594035160075,37.80501739369876,26.212316830426207,141.52864989212628
mlp-vpinn,239.4491950074235,37.80414341909507,26.22327002804147,141.26822630577232
mlp-vpinn,239.93244966324625,37.812967588688096,26.252335121538383,141.62813750498387
mlp-vpinn,240.41570431906896,37.8230086569792,26.281400215035294,142.02906476876447
mlp-vpinn,240.8989589748917,37.820923169610055,26.29027137544306,142.3539861270337
mlp-vpinn,241.38221363071446,37.80738132453108,26.296981251245516,142.58360825736136
mlp-vpinn,241.86546828653718,37.786092587102715,26.283280718751858,142.81323038768903
mlp-vpinn,242.34872294235993,37.80551355247866,26.238908330725682,142.89533806619772
mlp-vpinn,242.83197759818268,37.82461803879623,26.194535942699503,142.96906343908205
mlp-vpinn,243.31523225400542,37.824397451298836,26.202340083941014,142.9870993253001
mlp-vpinn,243.79848690982814,37.804415121274516,26.216547260966948,142.93672541741586
mlp-vpinn,244.2817415656509,37.75374112663205,26.21869668912569,142.88635150953158
mlp-vpinn,244.76499622147364,37.72823572900097,26.200995904792656,142.5347024059062
mlp-vpinn,245.24825087729636,37.755039020758076,26.183295120459622,142.1666023077338
mlp-vpinn,245.7315055331191,37.80699600390684,26.192067778301066,141.97440206080134
mlp-vpinn,246.21476018894185,37.840683578711904,26.204905898161037,142.00800885969514
mlp-vpinn,246.69801484476457,37.823343208341264,26.21754292963174,142.0416156585889
mlp-vpinn,247.18126950058732,37.83766577588308,26.229821422503484,142.4019595886966
mlp-vpinn,247.66452415641007,37.834815376978966,26.24209991537523,142.78425871067134
mlp-vpinn,248.1477788122328,37.80656050213423,26.25926546656103,142.9148547490823
mlp-vpinn,248.63103346805553,37.7684533079265,26.27731061758762,142.72047801730318
mlp-vpinn,249.11428812387828,37.76589327975594,26.284356714128226,142.52610128552405
mlp-vpinn,249.597542779701,37.78653322827459,26.269392837330777,142.40554328026727
mlp-vpinn,250.08079743552375,37.812162457484675,26.254428960533332,142.29036014488318
mlp-vpinn,250.5640520913465,37.82692309618427,26.278649246629136,142.3360900174835
mlp-vpinn,251.04730674716922,37.85051277327263,26.310883144265507,142.59389554159762
mlp-vpinn,251.53056140299196,37.869940588497855,26.31745517244872,142.85170106571172
mlp-vpinn,252.0138160588147,37.86974916875712,26.26908131323922,142.80778378658087
mlp-vpinn,252.49707071463743,37.86948079087335,26.22070745402972,142.74133714778878
mlp-vpinn,252.98032537046018,37.87221943680217,26.210151734707747,142.80645369563052
mlp-vpinn,253.46358002628293,37.87241498454037,26.208484037109965,143.04763094576214
mlp-vpinn,253.94683468210565,37.876729924980296,26.214935721269143,143.28880819589375
mlp-vpinn,254.4300893379284,37.920885525812906,26.240090401588322,143.04805754450464
mlp-vpinn,254.91334399375114,37.923456847035,26.265245081907498,142.76911279645293
mlp-vpinn,255.3965986495739,37.90255127934434,26.269763871994556,142.63027393226756
mlp-vpinn,255.8798533053966,37.86177099596757,26.26913217751891,142.68502939990563
mlp-vpinn,256.3631079612194,37.82904989351715,26.265976204621392,142.73978486754373
mlp-vpinn,256.84636261704213,37.80257325826737,26.256850037478983,142.84251020504573
mlp-vpinn,257.3296172728648,37.787055398786435,26.247723870336575,142.9494761449056
mlp-vpinn,257.81287192868757,37.79107969364055,26.2625079330335,142.89509227882255
mlp-vpinn,258.2961265845103,37.8063116412349,26.28331416135281,142.61654836150078
mlp-vpinn,258.77938124033307,37.837364813458805,26.298978396199686,142.33800444417903
mlp-vpinn,259.26263589615576,37.85978901364534,26.302759795313168,142.5919870096236
mlp-vpinn,259.7458905519785,37.87629255861917,26.306541194426654,142.89338425323132
mlp-vpinn,260.22914520780125,37.88920897777601,26.29085078526324,143.1912657722794
mlp-vpinn,260.712399863624,37.904920566113454,26.270236715243254,143.4842006471941
mlp-vpinn,261.19565451944675,37.9134211184805,26.259134336180974,143.77713552210875
mlp-vpinn,261.6789091752695,37.924150757606206,26.270308948061707,143.8207004445152
mlp-vpinn,262.16216383109224,37.93558630311766,26.281483559942437,143.8412109696817
mlp-vpinn,262.64541848691493,37.95067973126867,26.282539771383,143.73951203720782
mlp-vpinn,263.1286731427377,37.942301603947,26.28105881054185,143.46498453898624
mlp-vpinn,263.61192779856043,37.91026846188714,26.282477749973445,143.19045704076467
mlp-vpinn,264.0951824543832,37.870076652817815,26.290929490558476,143.16130023241033
mlp-vpinn,264.5784371102059,37.85514463592895,26.299381231143506,143.15532111773973
mlp-vpinn,265.0616917660287,37.883038714343584,26.308872014471355,143.22308368486776
mlp-vpinn,265.54494642185136,37.924078762892464,26.318640304973304,143.3980150760299
mlp-vpinn,266.0282010776741,37.91070671307159,26.321360806542327,143.57294646719205
mlp-vpinn,266.51145573349686,37.906114590218166,26.306553023045154,143.52135461011872
mlp-vpinn,266.9947103893196,37.894443686055624,26.291745239547982,143.44597751991162
mlp-vpinn,267.47796504514235,37.90115616732254,26.290835929615444,143.39941947179636
mlp-vpinn,267.9612197009651,37.89940352599241,26.29382186844648,143.39571402884286
mlp-vpinn,268.4444743567878,37.90520551825582,26.30599336786978,143.39200858588939
mlp-vpinn,268.92772901261054,37.94604533475355,26.341752436628305,143.61765092729064
mlp-vpinn,269.4109836684333,37.93398982557355,26.377511505386824,143.87040825496908
mlp-vpinn,269.89423832425604,37.91920498446975,26.372702819909417,143.92615140540994
mlp-vpinn,270.3774929800788,37.89984753584038,26.356113025346957,143.6757338237618
mlp-vpinn,270.86074763590153,37.88144718837125,26.342312995463963,143.42531624211364
mlp-vpinn,271.3440022917242,37.865990262798434,26.336074924501627,143.57921994301805
mlp-vpinn,271.82725694754697,37.86396452240088,26.329836853539295,143.78279365948376
mlp-vpinn,272.3105116033697,37.88671080307304,26.354737686230227,143.7976110164529
mlp-vpinn,272.79376625919247,37.91432303614272,26.389251723532418,143.51196860149182
mlp-vpinn,273.2770209150152,37.916055176073016,26.4095552126821,143.22632618653074
mlp-vpinn,273.76027557083796,37.9117886578352,26.389045200100856,143.43316940834328
mlp-vpinn,274.2435302266607,37.92303210144843,26.368535187519612,143.70460408325062
mlp-vpinn,274.7267848824834,37.94745260683771,26.357510939491885,143.90351417453834
mlp-vpinn,275.21003953830615,37.948523807437844,26.349594409391447,143.98580027263014
mlp-vpinn,275.6932941941289,37.95206740430443,26.3442913159301,144.06808637072194
mlp-vpinn,276.17654884995164,37.96170452427877,26.347121077244363,143.96323503002947
mlp-vpinn,276.6598035057744,37.92745337193756,26.349950838558623,143.83345627068385
mlp-vpinn,277.14305816159714,37.90947984584667,26.362189769671005,143.8039126941149
mlp-vpinn,277.62631281741983,37.90365246136078,26.377818987808045,143.93833401791161
mlp-vpinn,278.1095674732426,37.928015377481685,26.38464329788257,144.07275534170833
mlp-vpinn,278.5928221290653,37.94705971517681,26.361980236530208,144.04640220713864
mlp-vpinn,279.0760767848881,37.96142616892879,26.339317175177847,143.99791828092935
mlp-vpinn,279.5593314407108,37.96513736844939,26.326320935025958,143.87716290248127
mlp-vpinn,280.04258609653357,37.96466233450549,26.31693344618799,143.63552214220798
mlp-vpinn,280.52584075235626,37.946045847002765,26.318014183408906,143.3938813819347
mlp-vpinn,281.009095408179,37.93503243530996,26.35653872524173,143.6801414201012
mlp-vpinn,281.49235006400176,37.93578185651329,26.39506326707456,144.04425911261447
mlp-vpinn,281.9756047198245,37.95643461927233,26.399550518249626,144.27137629596052
mlp-vpinn,282.45885937564725,37.966264701128665,26.390296260185174,144.26337380287023
mlp-vpinn,282.94211403147,37.953023398827206,26.383040268743375,144.25537130977992
mlp-vpinn,283.4253686872927,37.95905987904127,26.38321501653138,144.26849848080363
mlp-vpinn,283.90862334311544,37.96548136149911,26.383389764319386,144.2847742037318
mlp-vpinn,284.3918779989382,37.962577571402704,26.388913706271676,144.15879236520192
mlp-vpinn,284.87513265476093,37.93185721190679,26.396713727549095,143.79053855563814
mlp-vpinn,285.3583873105837,37.93866860000415,26.39911872475438,143.42228474607435
mlp-vpinn,285.8416419664064,37.959358619810374,26.379871296676253,143.59965833894358
mlp-vpinn,286.3248966222292,37.97584871332528,26.360623868598125,143.86121556749265
mlp-vpinn,286.80815127805187,37.99495506624652,26.361372708576905,144.02736332530782
mlp-vpinn,287.2914059338746,38.00539447832236,26.370933661424996,144.0262831172303
mlp-vpinn,287.77466058969736,38.00001213269969,26.38144038917758,144.02520290915274
mlp-vpinn,288.2579152455201,38.003372734436034,26.39625870249191,144.02420658632596
mlp-vpinn,288.74116990134286,37.997149171711314,26.411077015806235,144.02322357901488
mlp-vpinn,289.2244245571656,37.98960240126371,26.40503890795757,144.09417662235336
mlp-vpinn,289.7076792129883,37.98348976066799,26.388832761646345,144.2908862971511
mlp-vpinn,290.19093386881104,37.96637453579659,26.374145595080453,144.48759597194885
mlp-vpinn,290.6741885246338,37.95656268702956,26.367156013151128,144.35656318401124
mlp-vpinn,291.15744318045654,37.95238523264071,26.360166431221803,144.1738848474276
mlp-vpinn,291.6406978362793,37.95574275713126,26.361816678343438,144.02350688846593
mlp-vpinn,292.12395249210203,37.951755207579595,26.367939375554112,143.9292517647821
mlp-vpinn,292.6072071479247,37.93168449620357,26.37382025956697,143.83499664109826
mlp-vpinn,293.0904618037475,37.92777569601188,26.378385054693343,143.8356683461144
mlp-vpinn,293.5737164595702,37.926286360239544,26.38294984981972,143.85108196454877
mlp-vpinn,294.05697111539297,37.948494184574294,26.382459656773637,143.92359629133475
mlp-vpinn,294.5402257712157,37.97159405024825,26.37925580904065,144.09547103874192
mlp-vpinn,295.02348042703846,37.95848820333706,26.378131889576018,144.26734578614906
mlp-vpinn,295.50673508286116,37.96366618299268,26.388932716264407,144.3916814755572
mlp-vpinn,295.9899897386839,37.96685524888203,26.39973354295279,144.50861700897312
mlp-vpinn,296.47324439450665,37.96828403035532,26.39675636114138,144.60991085615046
mlp-vpinn,296.9564990503294,37.95489871523674,26.38625294342437,144.6840542389198
mlp-vpinn,297.43975370615215,37.976195166968864,26.379154440079077,144.75819762168913
mlp-vpinn,297.9230083619749,38.00238835324126,26.392354514390576,144.93595865455075
mlp-vpinn,298.40626301779764,38.014064770474704,26.405554588702074,145.1299136753889
mlp-vpinn,298.88951767362033,38.005758694139104,26.396631978031227,145.1833436392403
mlp-vpinn,299.3727723294431,37.97778299398469,26.375193681185717,144.99075974319032
mlp-vpinn,299.8560269852658,37.97023686704356,26.358210759696448,144.79817584714036
mlp-vpinn,300.3392816410886,37.97470730808594,26.37001803940679,144.65929139793232
mlp-vpinn,300.8225362969113,37.97995130772803,26.381825319117134,144.52903552352794
mlp-vpinn,301.30579095273407,37.98521059188954,26.38591231969759,144.48382689878486
mlp-vpinn,301.78904560855676,37.98876870504344,26.385455397019733,144.59047208060215
mlp-vpinn,302.2723002643795,37.9940071882959,26.383606178078356,144.69711726241948
mlp-vpinn,302.75555492020226,38.009910099179734,26.372001578326223,144.66082886830736
mlp-vpinn,303.238809576025,38.020444639134254,26.36039697857409,144.6006547094009
mlp-vpinn,303.72206423184775,38.00404856172885,26.362300971158113,144.55376141410758
mlp-vpinn,304.2053188876705,37.982124566749555,26.372529762173034,144.5310222583418
mlp-vpinn,304.6885735434932,37.98041768197575,26.382535335199254,144.50828310257603
mlp-vpinn,305.17182819931594,37.99068832010779,26.390832467174235,144.5600918644865
mlp-vpinn,305.6550828551387,38.00035929917186,26.399129599149212,144.6245266699806
mlp-vpinn,306.13833751096143,38.004865843300735,26.400873463788425,144.71528292731017
mlp-vpinn,306.6215921667842,38.008971403225296,26.398343453396823,144.85417630452994
mlp-vpinn,307.10484682260693,38.01013207401227,26.395860310219415,144.99306968174974
mlp-vpinn,307.5881014784296,38.00708513979549,26.393788214368907,144.7679029022705
mlp-vpinn,308.07135613425237,38.00156523018056,26.391716118518403,144.4796601439102
mlp-vpinn,308.5546107900751,37.98597566986911,26.397873671838806,144.2765913888827
mlp-vpinn,309.03786544589786,37.97094040017588,26.40946546861036,144.23178860158356
mlp-vpinn,309.5211201017206,37.94812837210304,26.414967436810716,144.1869858142844
mlp-vpinn,310.00437475754336,37.928600798018806,26.41117511468035,144.3170679093008
mlp-vpinn,310.4876294133661,37.917207145991135,26.403243761320564,144.47800157361684
mlp-vpinn,310.9708840691888,37.940066331933,26.400607486947123,144.56562443068535
mlp-vpinn,311.45413872501155,37.95580962716144,26.401610627467004,144.51617696017075
mlp-vpinn,311.9373933808343,37.95857185244396,26.403855619317213,144.4667294896562
mlp-vpinn,312.42064803665704,37.95646486162592,26.414686745785275,144.54616330106523
mlp-vpinn,312.9039026924798,37.95513832552251,26.409445759377135,144.64892081169452
mlp-vpinn,313.38715734830254,37.95386291007891,26.410657089462717,144.71635615572887
mlp-vpinn,313.8704120041252,37.94846075440542,26.410125443720037,144.71622802040386
mlp-vpinn,314.353666659948,37.94514138865628,26.39339478616888,144.71609988507885
mlp-vpinn,314.8369213157707,37.95295958493238,26.39471007360994,144.614624520506
mlp-vpinn,315.32017597159347,37.96321148270303,26.396025361050995,144.49421201765804
mlp-vpinn,315.8034306274162,37.97649637947406,26.40651408379811,144.4020616945913
mlp-vpinn,316.28668528323897,37.97647783654442,26.403977183137282,144.3642616764497
mlp-vpinn,316.76993993906166,37.97645929361478,26.405900329658436,144.3264616583081
mlp-vpinn,317.2531945948844,37.95477927143988,26.409942457278262,144.4158240274987
mlp-vpinn,317.73644925070715,37.933147205048314,26.411427680203442,144.52952642843934
mlp-vpinn,318.2197039065299,37.953482354735485,26.406865861790806,144.5727403063906
mlp-vpinn,318.70295856235265,37.98009106610393,26.4020441536463,144.47847507626
mlp-vpinn,319.1862132181754,37.99740251335674,26.400826108232035,144.3842098461294
mlp-vpinn,319.6694678739981,38.00373176695902,26.401578799405282,144.35161360870174
mlp-vpinn,320.15272252982084,38.0067755498452,26.401755301549663,144.33171154687446
mlp-vpinn,320.6359771856436,37.99177006789512,26.398931295204655,144.367956274316
mlp-vpinn,321.11923184146633,37.973134600186285,26.396107288859643,144.5198588491577
mlp-vpinn,321.6024864972891,37.957205940579925,26.39500339493052,144.67176142399944
mlp-vpinn,322.0857411531118,37.947508997570644,26.39479068814869,144.64834879760699
mlp-vpinn,322.5689958089345,37.939063173329814,26.39474470187321,144.58729945034042
mlp-vpinn,323.05225046475726,37.933809534881036,26.395594471929417,144.53982271746983
mlp-vpinn,323.53550512058,37.93034522496755,26.396444241985623,144.52114226620236
mlp-vpinn,324.01875977640276,37.94319937181476,26.395478733173835,144.50246181493486
mlp-vpinn,324.5020144322255,37.96411988985457,26.393544344485488,144.46674710885705
mlp-vpinn,324.98526908804826,37.982684483768296,26.39170170604243,144.42716881612026
mlp-vpinn,325.468523743871,37.98758413989765,26.390389317903,144.44012681054204
mlp-vpinn,325.9517783996937,37.997362744511776,26.389076929763572,144.56818812160893
mlp-vpinn,326.43503305551644,37.99734174077649,26.386393615587846,144.69624943267584
mlp-vpinn,326.9182877113392,37.981003811616375,26.38295047600153,144.77142671639086
mlp-vpinn,327.40154236716194,37.96433650519767,26.379953752931858,144.8339290950354
mlp-vpinn,327.8847970229847,37.97091225889973,26.379723071867716,144.80718137531952
mlp-vpinn,328.36805167880743,37.98686063237762,26.379492390803577,144.5766395631605
mlp-vpinn,328.8513063346301,37.99188302794914,26.37955773543456,144.34609775100154
mlp-vpinn,329.33456099045287,37.980854103270694,26.37979422371947,144.26366849674886
mlp-vpinn,329.8178156462756,37.96893810929143,26.37954108797259,144.21738480760212
mlp-vpinn,330.30107030209837,37.96965918746774,26.376107661677406,144.2281669088725
mlp-vpinn,330.7843249579211,37.97162220740213,26.372674235382217,144.3684645450367
mlp-vpinn,331.26757961374386,37.97395136132188,26.370682718299832,144.50876218120084
mlp-vpinn,331.75083426956655,37.978593300469456,26.369539230078537,144.57056414234145
mlp-vpinn,332.2340889253893,37.984179459727606,26.368427790453026,144.61322201156446
mlp-vpinn,332.71734358121205,37.992955259296245,26.367556708098952,144.63911427233705
mlp-vpinn,333.2005982370348,37.99579027716452,26.366685625744882,144.62661390545807
mlp-vpinn,333.68385289285754,37.992213624830114,26.366216187823465,144.6141135385791
mlp-vpinn,334.1671075486803,37.99199115145143,26.365998289593726,144.61174099522145
mlp-vpinn,334.650362204503,37.994114714118,26.366154894515645,144.61187534678547
mlp-vpinn,335.13361686032573,37.994090908969824,26.36929781282572,144.67665079953645
mlp-vpinn,335.6168715161485,37.99053196428755,26.3724407311358,144.8901447346004
mlp-vpinn,336.1001261719712,37.99439409256684,26.371915053497514,145.10363866966435
mlp-vpinn,336.583380827794,38.003984958156714,26.368957982655044,144.95063445324828
mlp-vpinn,337.0666354836167,38.01256626567928,26.366100343694395,144.70380019790844
mlp-vpinn,337.54989013943947,38.002313694904075,26.364163396357164,144.54464742755312
mlp-vpinn,338.03314479526216,37.997218868993244,26.362226449019936,144.59085038382938
mlp-vpinn,338.5163994510849,38.006699582050125,26.361998056642683,144.63705334010567
mlp-vpinn,338.99965410690766,38.02183582153763,26.362945498122425,144.68493658604532
mlp-vpinn,339.4829087627304,38.030585389153664,26.363828553798584,144.73324553888622
mlp-vpinn,339.96616341855315,38.01591490524571,26.364076182601003,144.7677770026941
mlp-vpinn,340.4494180743759,37.9984027225559,26.364323811403427,144.7690295340275
mlp-vpinn,340.9326727301986,37.99586003039582,26.364352692752018,144.7702820653609
mlp-vpinn,341.41592738602134,38.008716188540376,26.364228749399604,144.76162375744005
mlp-vpinn,341.8991820418441,38.02196110180306,26.363895768742502,144.7504161335252
mlp-vpinn,342.38243669766683,38.02439163891738,26.361169315129604,144.73238544943268
mlp-vpinn,342.8656913534896,38.025009877745795,26.35844286151671,144.69789328739148
mlp-vpinn,343.34894600931233,38.01852638727955,26.357222254897884,144.66340112535028
mlp-vpinn,343.832200665135,38.00313058887919,26.35709498369706,144.63181059070922
mlp-vpinn,344.31545532095777,37.98845987427475,26.357005179280844,144.6010328830091
mlp-vpinn,344.7987099767805,37.9976301934979,26.357366965463523,144.5713818153163
mlp-vpinn,345.28196463260326,38.00664065976643,26.3577287516462,144.5445856400014
mlp-vpinn,345.765219288426,38.01261029366289,26.357557760783784,144.5177894646865
mlp-vpinn,346.24847394424876,38.01606098073116,26.356988760689173,144.50629538012194
mlp-vpinn,346.73172860007145,38.01778421137767,26.356550575308713,144.49911018647478
mlp-vpinn,347.2149832558942,38.01613505993659,26.357894870409297,144.4556984802895
mlp-vpinn,347.69823791171694,38.01204234757855,26.35923916550988,144.31545421857174
mlp-vpinn,348.1814925675397,38.010922396608294,26.359297342524616,144.175209956854
mlp-vpinn,348.66474722336244,38.011179509164506,26.35836743920033,144.2192912180962
mlp-vpinn,349.1480018791852,38.01062513454089,26.35731595342178,144.31862095672682
mlp-vpinn,349.63125653500794,38.025010996464644,26.354460830157066,144.3971940411926
mlp-vpinn,350.1145111908306,38.01966788156581,26.351605706892357,144.41899466200317
mlp-vpinn,350.5977658466534,38.011002033615426,26.35162468805648,144.44079528281375
mlp-vpinn,351.0810205024761,38.010610367594765,26.35390810888597,144.44714118132262
mlp-vpinn,351.56427515829887,38.00201389209286,26.355892422640633,144.44877111120334
mlp-vpinn,352.0475298141216,38.000857862997194,26.352905647372385,144.47941188347204
mlp-vpinn,352.53078446994436,37.99784694785623,26.34991887210414,144.58984187127604
mlp-vpinn,353.01403912576706,37.993636662210086,26.346980763284286,144.70027185908
mlp-vpinn,353.4972937815898,37.99161580569387,26.344081819481953,144.65661112874176
mlp-vpinn,353.98054843741255,37.9913074231168,26.341308899024057,144.56683559210956
mlp-vpinn,354.4638030932353,38.004131047424394,26.340868361806468,144.5413148598268
mlp-vpinn,354.94705774905805,38.01609882503212,26.340427824588883,144.68984422680757
mlp-vpinn,355.4303124048808,38.01448907439873,26.340663578653146,144.83837359378833
mlp-vpinn,355.9135670607035,37.993699559922334,26.3414554514131,144.87722965766415
mlp-vpinn,356.39682171652623,37.971879818905606,26.342347169562313,144.8831449575621
mlp-vpinn,356.880076372349,37.96339981333941,26.345194710632573,144.856608808486
mlp-vpinn,357.36333102817173,37.956210880828905,26.348042251702836,144.74092019144115
mlp-vpinn,357.8465856839945,37.953719599894974,26.349910405371908,144.6252315743963
mlp-vpinn,358.3298403398172,37.96158004319581,26.350962361726484,144.62605661905457
mlp-vpinn,358.8130949956399,37.97157199472828,26.351823951252072,144.66258055912084
mlp-vpinn,359.29634965146266,37.98099961583422,26.348656420157486,144.67724673160924
mlp-vpinn,359.7796043072854,37.986037816490054,26.345488889062896,144.6310537675831
mlp-vpinn,360.26285896310816,37.987850851831205,26.34457266967242,144.58486080355695
mlp-vpinn,360.7461136189309,37.98725495509865,26.345554603174214,144.55934309822553
mlp-vpinn,361.22936827475365,37.98772502339105,26.346514160049903,144.5402119247706
mlp-vpinn,361.7126229305764,38.003519073570686,26.34685423872437,144.5248904186107
mlp-vpinn,362.1958775863991,38.01864380629332,26.347194317398834,144.52048095630172
mlp-vpinn,362.67913224222184,38.025015116239196,26.34619539412532,144.51607149399274
mlp-vpinn,363.1623868980446,38.01856967281165,26.344025386821432,144.48898842850147
mlp-vpinn,363.64564155386734,38.01212092557715,26.34192409859397,144.45462161678648
mlp-vpinn,364.1288962096901,38.01288463146875,26.342419992145974,144.46112648532196
mlp-vpinn,364.61215086551283,38.01528510091813,26.342915885697973,144.58460736314663
mlp-vpinn,365.0954055213355,38.016243153789645,26.343461840616662,144.70808824097128
mlp-vpinn,365.57866017715827,38.01441187869929,26.344052963833143,144.73014304383088
mlp-vpinn,366.061914832981,38.01222408739396,26.344611153540992,144.71959010787606
mlp-vpinn,366.54516948880377,38.00814951959478,26.34369220928566,144.6978395616875
mlp-vpinn,367.0284241446265,38.00190163835089,26.342773265030328,144.64391124598578
mlp-vpinn,367.51167880044926,38.00106324322414,26.341692311988012,144.5899829302841
mlp-vpinn,367.99493345627195,38.01060635194271,26.340457206615397,144.61025435461465
mlp-vpinn,368.4781881120947,38.02136731277653,26.339227834315743,144.65420880411708
mlp-vpinn,368.96144276791745,38.01630305996336,26.339262820458686,144.66054938558833
mlp-vpinn,369.4446974237402,38.00778723771343,26.339297806601632,144.5562464981128
mlp-vpinn,369.92795207956294,37.9983837776374,26.33912547215572,144.45194361063733
mlp-vpinn,370.4112067353857,37.98831724082119,26.338743079088086,144.42193087754887
mlp-vpinn,370.8944613912084,37.97875540235975,26.338360686020454,144.41598468351984
mlp-vpinn,371.37771604703113,37.97868038523163,26.336195362447317,144.42934110681466
mlp-vpinn,371.8609707028539,37.98133555503459,26.334008005291096,144.49882829773935
mlp-vpinn,372.3442253586766,37.983128991499335,26.334236941285308,144.568315488664
mlp-vpinn,372.8274800144994,37.9820114726042,26.337047667113403,144.5779724187982
mlp-vpinn,373.3107346703221,37.97993388692366,26.339858392941498,144.56846311829744
mlp-vpinn,373.79398932614487,37.985726495802666,26.33965798142398,144.56231376151203
mlp-vpinn,374.27724398196756,37.99051094790336,26.339392176406985,144.5658586263633
mlp-vpinn,374.7604986377903,37.99463476601001,26.337695890624243,144.56940349121456
mlp-vpinn,375.24375329361305,38.0001044681131,26.33441480127281,144.61444765403365
mlp-vpinn,375.7270079494358,38.00729233038001,26.331133711921375,144.67254028911543
mlp-vpinn,376.21026260525855,38.00312335970989,26.332671148324508,144.72223198427668
mlp-vpinn,376.6935172610813,37.995370470621474,26.334378011398726,144.7481076330142
mlp-vpinn,377.176771916904,37.98952955820406,26.336619705149644,144.77398328175173
mlp-vpinn,377.66002657272674,37.98843644232217,26.339484690810966,144.79161775916748
mlp-vpinn,378.1432812285495,37.98830234037202,26.34234967647229,144.8066645252737
mlp-vpinn,378.62653588437223,37.99064580939538,26.34145437601153,144.81320934135033
mlp-vpinn,379.109790540195,37.993401750376485,26.34039398618009,144.79584502134765
mlp-vpinn,379.5930451960177,37.995085550503745,26.339791714932897,144.77848070134493
mlp-vpinn,380.0762998518404,37.99423362307792,26.339736151896613,144.80521315280194
mlp-vpinn,380.55955450766317,37.992979849034796,26.33968058886033,144.84596457860448
mlp-vpinn,381.0428091634859,37.999773913914204,26.33950537969601,144.87695687273904
mlp-vpinn,381.52606381930866,38.007013940619004,26.339323873272647,144.8803047101803
mlp-vpinn,382.0093184751314,38.01028079936153,26.337717026324174,144.88365254762155
mlp-vpinn,382.49257313095416,38.007562121716475,26.334360982166334,144.91589579256427
mlp-vpinn,382.97582778677685,38.006212062181405,26.331004938008494,144.95733007511797
mlp-vpinn,383.4590824425996,38.007203101427244,26.330219672171598,144.96625404558534
mlp-vpinn,383.94233709842234,38.00471043651996,26.32958753830975,144.87956492399564
mlp-vpinn,384.4255917542451,38.003319896899434,26.329412825919654,144.79287580240597
mlp-vpinn,384.90884641006784,38.0065722394243,26.329836180899402,144.82797384248886
mlp-vpinn,385.3921010658906,38.01194474917772,26.330259535879154,144.90308260239567
mlp-vpinn,385.87535572171333,38.01185841183359,26.32931827572046,144.9378699724991
mlp-vpinn,386.358610377536,38.00576170948799,26.32827889964508,144.8535288558545
mlp-vpinn,386.8418650333588,37.999255618169585,26.327936294897697,144.7691877392099
mlp-vpinn,387.3251196891815,37.992729115384904,26.328538873554095,144.7109990138582
mlp-vpinn,387.80837434500427,37.98695882008727,26.329141452210497,144.66164288675319
mlp-vpinn,388.291629000827,37.99055789892888,26.330964080067613,144.61988383064022
mlp-vpinn,388.77488365664976,37.99701830148638,26.33289194340493,144.60131482691443
mlp-vpinn,389.25813831247245,38.00185924362691,26.33245637448979,144.58274582318865
mlp-vpinn,389.7413929682952,38.001716201419214,26.328641898514448,144.59877233823423
mlp-vpinn,390.22464762411795,38.00006162530145,26.32482742253911,144.6263608193428
mlp-vpinn,390.7079022799407,37.99929018571659,26.325395610385446,144.65111087370508
mlp-vpinn,391.19115693576344,38.003624711960086,26.326418860433836,144.6672751752894
mlp-vpinn,391.6744115915862,38.00750352879672,26.327273065307217,144.68343947687376
mlp-vpinn,392.1576662474089,38.00937078591677,26.327872474159744,144.67242869637366
mlp-vpinn,392.64092090323163,38.010218096887826,26.32847188301227,144.6524380746947
mlp-vpinn,393.1241755590544,38.00688246174131,26.32835869898641,144.65032434071892
mlp-vpinn,393.6074302148771,38.00344300743003,26.32815868647621,144.7033124532412
mlp-vpinn,394.0906848706999,37.99972110599133,26.32782216667258,144.75630056576352
mlp-vpinn,394.5739395265226,37.99559388021088,26.327266090839412,144.74571577171577
mlp-vpinn,395.0571941823453,37.991678319103436,26.326710015006245,144.71325334957768
mlp-vpinn,395.54044883816806,37.991309633183256,26.32702069274298,144.6789254487093
mlp-vpinn,396.0237034939908,37.98844968940314,26.327450159876555,144.63837490479364
mlp-vpinn,396.50695814981356,37.98621917291484,26.32682513384445,144.59782436087798
mlp-vpinn,396.9902128056363,37.986520279772336,26.324439859410393,144.5958928670937
mlp-vpinn,397.47346746145905,37.98793368777697,26.322054584976335,144.60839517879623
mlp-vpinn,397.9567221172818,37.987367655421714,26.321554032334404,144.62451078789408
mlp-vpinn,398.4399767731045,37.98550267315832,26.32132673476441,144.65300420699802
mlp-vpinn,398.92323142892724,37.983204751880265,26.320681655894447,144.68149762610193
mlp-vpinn,399.40648608475,37.98042759478473,26.319333496581944,144.68965151818588
mlp-vpinn,399.88974074057273,37.978194320278426,26.317985337269445,144.6900727552264
mlp-vpinn,400.3729953963955,37.9767754407394,26.320194166921496,144.6929789939644
mlp-vpinn,400.85625005221823,37.97739965546995,26.322941222969973,144.70443955681645
mlp-vpinn,401.3395047080409,37.97823941795072,26.324539983682683,144.7159001196685
mlp-vpinn,401.82275936386367,37.97851493368624,26.324121549625982,144.7197357820379
mlp-vpinn,402.3060140196864,37.97769167075552,26.323703115569277,144.72069422811668
mlp-vpinn,402.78926867550916,37.97830065693523,26.32209305292241,144.7186961542207
mlp-vpinn,403.2725233313319,37.98017325993531,26.320289401715133,144.70660389359546
mlp-vpinn,403.75577798715466,37.98248245295805,26.319725142665646,144.6945116329702
mlp-vpinn,404.23903264297735,37.9848189718859,26.321401921037133,144.7058384246836
mlp-vpinn,404.7222872988001,37.9860253887649,26.323078699408622,144.72580185750138
mlp-vpinn,405.20554195462284,37.98493735163987,26.323551482629686,144.74386208854872
mlp-vpinn,405.6887966104456,37.98367460217561,26.323808285117675,144.75551093274495
mlp-vpinn,406.17205126626834,37.98170296708514,26.323851322812793,144.76715977694118
mlp-vpinn,406.6553059220911,37.97770566513854,26.323488335485045,144.76501572661448
mlp-vpinn,407.1385605779138,37.97358369516884,26.323125348157298,144.75776022784777
mlp-vpinn,407.6218152337365,37.97521741762603,26.32604329989291,144.7438675270536
mlp-vpinn,408.1050698895593,37.97938446678838,26.32959336323061,144.7079010941653
mlp-vpinn,408.588324545382,37.98304794722565,26.33133566929108,144.671934661277
mlp-vpinn,409.07157920120477,37.98576635212723,26.329459682197534,144.67454154929305
mlp-vpinn,409.5548338570275,37.989173052177264,26.327583695103986,144.69118578234927
mlp-vpinn,410.03808851285027,37.98931075146457,26.325046342201897,144.70231135920545
mlp-vpinn,410.52134316867296,37.98788265948202,26.32237059415558,144.6956547220957
mlp-vpinn,411.0045978244957,37.98726598683653,26.320836656732123,144.68899808498594
mlp-vpinn,411.48785248031845,37.98832274173836,26.321713930128915,144.72256805513547
mlp-vpinn,411.9711071361412,37.988327625614126,26.322591203525707,144.77056860928812
mlp-vpinn,412.45436179196395,37.98785369241456,26.32232075669958,144.79824503223176
mlp-vpinn,412.9376164477867,37.988912213393036,26.32179273308958,144.7614229828659
mlp-vpinn,413.4208711036094,37.98982361308791,26.321868130726898,144.7246009335
mlp-vpinn,413.90412575943213,37.98865013763448,26.323265344513054,144.71677291808206
mlp-vpinn,414.3873804152549,37.9857992121578,26.32466255829921,144.71904492179732
mlp-vpinn,414.87063507107763,37.98340741911791,26.324256334512228,144.7232217453488
mlp-vpinn,415.3538897269004,37.98302546033345,26.32342282049883,144.7333230344842
mlp-vpinn,415.8371443827231,37.98261301979417,26.32276071766407,144.74342432361956
mlp-vpinn,416.3203990385458,37.98208456460847,26.32249771581367,144.7552189836336
mlp-vpinn,416.80365369436856,37.982348091608195,26.322234713963276,144.7675984922497
mlp-vpinn,417.2869083501913,37.98107722190592,26.32273064919144,144.78084457353546
mlp-vpinn,417.77016300601406,37.97866171305809,26.323418179682218,144.7967281665823
mlp-vpinn,418.2534176618368,37.97712549703903,26.324004732270772,144.81261175962914
mlp-vpinn,418.73667231765955,37.978954561935915,26.32434801494038,144.80748477875701
mlp-vpinn,419.21992697348225,37.98125063783026,26.324691297609988,144.79526648318696
mlp-vpinn,419.703181629305,37.98342383774442,26.322811640392004,144.78757762643824
mlp-vpinn,420.18643628512774,37.984801421903924,26.32033207404768,144.79357084157553
mlp-vpinn,420.6696909409505,37.9868705577656,26.319007353002952,144.79956405671285
mlp-vpinn,421.15294559677324,37.991689931495635,26.320577225213437,144.80140466531023
mlp-vpinn,421.636200252596,37.99649589649762,26.322147097423926,144.8018502026374
mlp-vpinn,422.11945490841873,37.99752884997895,26.322706787522307,144.8033934388506
mlp-vpinn,422.6027095642414,37.99538158693759,26.322975335073323,144.8082576585985
mlp-vpinn,423.08596422006417,37.99334553477527,26.323379848368866,144.81312187834644
mlp-vpinn,423.5692188758869,37.99370824134729,26.324140658497107,144.7946433805991
mlp-vpinn,424.05247353170967,37.99596298481119,26.32490146862535,144.76844255001188
mlp-vpinn,424.5357281875324,37.99916521980758,26.32538634875321,144.7463739324289
mlp-vpinn,425.01898284335516,38.001669684327894,26.325789604985758,144.73658070436807
mlp-vpinn,425.50223749917785,38.00370342901166,26.32580635349231,144.7267874763072
mlp-vpinn,425.9854921550006,38.00423915203546,26.324723933374838,144.7230428186871
mlp-vpinn,426.46874681082335,38.00421483933805,26.323641513257368,144.72125269811838
mlp-vpinn,426.9520014666461,38.00359639507951,26.32354648892371,144.71533376988657
mlp-vpinn,427.43525612246884,38.00279248177523,26.32376678272197,144.69755775945097
mlp-vpinn,427.9185107782916,38.002096661488835,26.323865858555937,144.67978174901538
mlp-vpinn,428.4017654341143,38.002043826134255,26.32361214837564,144.67911847245335
mlp-vpinn,428.88502008993703,38.00244024458401,26.323358438195342,144.6838740850957
mlp-vpinn,429.3682747457598,38.00157984144424,26.323358359710824,144.69230361050373
mlp-vpinn,429.8515294015825,37.999299765665675,26.32344519599052,144.71101684571656
mlp-vpinn,430.3347840574053,37.99708357502517,26.323009755580042,144.72973008092941
mlp-vpinn,430.818038713228,37.997028485014994,26.3209275065755,144.73639549777997
mlp-vpinn,431.3012933690507,37.999182441609406,26.318845257570956,144.7393059216525
mlp-vpinn,431.78454802487346,37.99991907891055,26.319975295671416,144.7379809410191
mlp-vpinn,432.2678026806962,37.99772358190552,26.32227137577806,144.72501704853607
mlp-vpinn,432.75105733651895,37.99537541283068,26.324221696004688,144.7120531560531
mlp-vpinn,433.2343119923417,37.99455377131255,26.324997709145524,144.7249812149143
mlp-vpinn,433.71756664816445,37.99328219439372,26.325773722286357,144.74567962586502
mlp-vpinn,434.20082130398714,37.992339682361404,26.32616735580222,144.76474905250043
mlp-vpinn,434.6840759598099,37.99235516110091,26.32641619587767,144.77948095455324
mlp-vpinn,435.16733061563264,37.992106279423425,26.327018877323557,144.79421285660604
mlp-vpinn,435.6505852714554,37.98952091678595,26.328884179168124,144.79532724610095
mlp-vpinn,436.13383992727813,37.98718471371032,26.330749481012692,144.79243551052983
mlp-vpinn,436.6170945831009,37.98705319793565,26.329005474317743,144.7892633851734
mlp-vpinn,437.1003492389236,37.98787204295866,26.32582063402733,144.7853587198488
mlp-vpinn,437.5836038947463,37.98840757820035,26.32325503191357,144.7814540545242
mlp-vpinn,438.06685855056907,37.98751057520303,26.322999957450172,144.76318705525435
mlp-vpinn,438.5501132063918,37.98629790669119,26.322744882986775,144.74086214921306
mlp-vpinn,439.03336786221456,37.986701989307,26.32294912518348,144.72384157666352
mlp-vpinn,439.5166225180373,37.98808235975477,26.323344309353956,144.72031027322757
mlp-vpinn,439.99987717386006,37.98890683802384,26.323738828118437,144.7167789697916
mlp-vpinn,440.48313182968275,37.986270392149706,26.32413070865944,144.69338157906782
mlp-vpinn,440.9663864855055,37.9836507764941,26.324522589200438,144.6645334517601
mlp-vpinn,441.44964114132824,37.98328548473099,26.32442652830947,144.64240102040455
mlp-vpinn,441.932895797151,37.984531719769834,26.324121042856735,144.63681845135176
mlp-vpinn,442.41615045297374,37.98568011492452,26.323831554244478,144.63123588229894
mlp-vpinn,442.8994051087965,37.98574318689014,26.323607692558987,144.64240469996238
mlp-vpinn,443.3826597646192,37.986323547720275,26.3233838308735,144.6581625949374
mlp-vpinn,443.8659144204419,37.9886075514967,26.322691063122175,144.6611088486686
mlp-vpinn,444.3491690762647,37.99083262452328,26.321788650965637,144.63247634215503
mlp-vpinn,444.8324237320874,37.99224294623407,26.32148196843502,144.60384383564147
mlp-vpinn,445.31567838791017,37.99058607991783,26.323775337200054,144.58829531164622
mlp-vpinn,445.7989330437329,37.988695048306894,26.326068705965092,144.57628595661683
mlp-vpinn,446.2821876995556,37.985967855980626,26.32546647430377,144.57132283833943
mlp-vpinn,446.76544235537835,37.98353418207685,26.32353094969748,144.58368286077317
mlp-vpinn,447.2486970112011,37.98171572186625,26.321838507346378,144.5960428832069
mlp-vpinn,447.73195166702385,37.9821874731189,26.3212629793124,144.5997523137063
mlp-vpinn,448.2152063228466,37.98255120353183,26.320687451278427,144.60115146212414
mlp-vpinn,448.69846097866935,37.983244051371,26.3213111845248,144.6059553504055
mlp-vpinn,449.1817156344921,37.98427498357707,26.322516853833285,144.61902241436886
mlp-vpinn,449.6649702903148,37.98538464472163,26.323540793162266,144.6320894783322
mlp-vpinn,450.14822494613753,37.98659387936634,26.323661040479433,144.63579822650715
mlp-vpinn,450.6314796019603,37.987401551097605,26.3237812877966,144.63693915215848
mlp-vpinn,451.114734257783,37.9876857194279,26.32276723180903,144.6399627645936
mlp-vpinn,451.5979889136058,37.988327218427614,26.321172088566204,144.6477388634644
mlp-vpinn,452.0812435694285,37.989222648807505,26.31993089749242,144.65551496233522
mlp-vpinn,452.5644982252512,37.98965380536383,26.320518074233885,144.66106873372144
mlp-vpinn,453.04775288107396,37.989592616376015,26.32110525097535,144.6660095590773
mlp-vpinn,453.5310075368967,37.990518603533324,26.321125835683155,144.6690213894753
mlp-vpinn,454.01426219271946,37.99187719618321,26.32085579996877,144.66712871085466
mlp-vpinn,454.4975168485422,37.99294762616192,26.320598529522602,144.665236032234
mlp-vpinn,454.98077150436495,37.9921487825559,26.320408000880864,144.66597611250248
mlp-vpinn,455.46402616018764,37.99125429479637,26.32021747223913,144.66744556469035
mlp-vpinn,455.9472808160104,37.990103464588856,26.320035429777864,144.66955042129305
mlp-vpinn,456.43053547183314,37.989142159606416,26.319857801023023,144.6732849764174
mlp-vpinn,456.9137901276559,37.9883945534433,26.319618456692606,144.67701953154176
mlp-vpinn,457.39704478347863,37.987928079803154,26.319045045727265,144.68371164087333
mlp-vpinn,457.8802994393014,37.987334106366575,26.318471634761924,144.6912380009615
mlp-vpinn,458.3635540951241,37.98689670142244,26.317199398025018,144.69835262449115
mlp-vpinn,458.8468087509468,37.98618263250754,26.315552874495808,144.7044096868683
mlp-vpinn,459.33006340676957,37.98528325280722,26.314288185566934,144.71046674924546
mlp-vpinn,459.8133180625923,37.98484627825192,26.315203465134143,144.70641952012113
mlp-vpinn,460.29657271841506,37.984954340780746,26.316118744701352,144.69941602735304
mlp-vpinn,460.7798273742378,37.98521570110947,26.316457272970972,144.69439344258296
mlp-vpinn,461.26308203006056,37.98542646406021,26.316480147194014,144.69454605900552
mlp-vpinn,461.74633668588325,37.985566479852146,26.316943549460103,144.69469867542807
mlp-vpinn,462.229591341706,37.98626889282793,26.320009528537764,144.69428626915698
mlp-vpinn,462.71284599752875,37.98750936965611,26.323075507615425,144.69371196347046
mlp-vpinn,463.1961006533515,37.98741431827255,26.324710196068445,144.6926900457324
mlp-vpinn,463.67935530917424,37.98603855369566,26.32554908335931,144.69051589656056
mlp-vpinn,464.162609964997,37.984620955626895,26.326114010247046,144.6883417473887
mlp-vpinn,464.6458646208197,37.98484127910362,26.325018709540707,144.68060104733715
mlp-vpinn,465.1291192766424,37.98541398290897,26.323923408834368,144.6713019591854
mlp-vpinn,465.6123739324652,37.986060176219524,26.323423616548652,144.66473172925268
mlp-vpinn,466.0956285882879,37.98596903489205,26.323259875214085,144.66527425589683
mlp-vpinn,466.57888324411067,37.98535476597098,26.322961588476396,144.66581678254101
mlp-vpinn,467.0621378999334,37.98478271663804,26.32179989984895,144.669073008648
mlp-vpinn,467.5453925557561,37.9844604359799,26.320638211221507,144.67312108511962
mlp-vpinn,468.02864721157886,37.984274630528574,26.31981784309677,144.67504441104333
mlp-vpinn,468.5119018674016,37.9848724549928,26.319195703604628,144.67125897657738
mlp-vpinn,468.99515652322435,37.98596643196204,26.31871701415325,144.66747354211142
mlp-vpinn,469.4784111790471,37.98758799709421,26.319216864152896,144.6747522875903
mlp-vpinn,469.96166583486985,37.988602072920656,26.319716714152545,144.68537265525092
mlp-vpinn,470.44492049069254,37.98882976493417,26.319731882412416,144.69558833543303
mlp-vpinn,470.9281751465153,37.988112432641465,26.319455820672026,144.70469107903267
mlp-vpinn,471.41142980233803,37.98723441609495,26.319137295047344,144.71379382263234
mlp-vpinn,471.8946844581608,37.98749557294417,26.31851754367809,144.7184384032086
mlp-vpinn,472.37793911398353,37.98852386221449,26.317897792308834,144.72171836878488
mlp-vpinn,472.8611937698063,37.98884535328,26.317391751254426,144.72224183195266
mlp-vpinn,473.344448425629,37.98812606386861,26.316954972213473,144.7152153515028
mlp-vpinn,473.8277030814517,37.9870463615187,26.316563825317726,144.70818887105293
mlp-vpinn,474.31095773727446,37.98629269585685,26.316509684403012,144.70451184138446
mlp-vpinn,474.7942123930972,37.98617637570121,26.316455543488303,144.70185939840613
mlp-vpinn,475.27746704891996,37.98571508622954,26.316515908486533,144.69800318165466
mlp-vpinn,475.7607217047427,37.985739019065925,26.3166470601364,144.6908769452733
mlp-vpinn,476.24397636056545,37.986462665021904,26.316699573228966,144.68375070889192
mlp-vpinn,476.72723101638815,37.98820324720445,26.316156087788773,144.67909101090794
mlp-vpinn,477.2104856722109,37.98803387074924,26.315612602348583,144.67520292540885
mlp-vpinn,477.69374032803364,37.98771862645327,26.31592615506733,144.67238218474742
mlp-vpinn,478.1769949838564,37.98792788698833,26.316785812334004,144.67257095464788
mlp-vpinn,478.66024963967914,37.98866598934594,26.31759754154426,144.6727597245483
mlp-vpinn,479.1435042955019,37.98924709617154,26.318013707536323,144.6788850156376
mlp-vpinn,479.6267589513246,37.98845128388927,26.318429873528384,144.68692642192025
mlp-vpinn,480.1100136071473,37.98738824124791,26.318645586246618,144.69223104371247
mlp-vpinn,480.59326826297007,37.98722091426202,26.31873079284722,144.68954205226106
mlp-vpinn,481.0765229187928,37.98801801971235,26.318903507543464,144.68685306080965
mlp-vpinn,481.55977757461557,37.98872558999098,26.31987662725962,144.68531407599608
mlp-vpinn,482.0430322304383,37.9880218840257,26.32084974697578,144.68415317494987
mlp-vpinn,482.526286886261,37.987700500159804,26.321088124173684,144.6840565699909
mlp-vpinn,483.00954154208375,37.98791167809747,26.32081943280278,144.68706556812555
mlp-vpinn,483.4927961979065,37.988369804578596,26.320573806762695,144.69007456626022
mlp-vpinn,483.97605085372925,37.988643646240234,26.320573806762695,144.69082641601562
mlp-pinn,1.1623682975769043,24.883384704589844,24.29903793334961,37.49774169921875
mlp-pinn,1.6300536065965563,25.467459209570734,18.315171907546052,39.09282847505375
mlp-pinn,2.0977389156162083,26.05530502973908,12.269091753290311,40.71333460681882
mlp-pinn,2.5654242246358603,25.977774376884636,9.214757425700947,41.681775785725904
mlp-pinn,3.0331095336555123,26.16289855368628,9.217280315994797,41.989238669580516
mlp-pinn,3.5007948426751643,26.447105290145046,9.219803206288647,42.29670155343513
mlp-pinn,3.9684801516948163,27.429356575893323,10.690464360511184,42.191777283137405
mlp-pinn,4.436165460714468,28.373089006234903,12.17662294128397,42.07927978236045
mlp-pinn,4.90385076973412,29.19242641281926,13.272427640215867,42.08800690241486
mlp-pinn,5.371536078753772,29.86143835520736,13.970195333862723,42.23152664398888
mlp-pinn,5.839221387773424,30.54245379179097,14.667963027509579,42.3750463855629
mlp-pinn,6.306906696793076,31.078942200992728,15.253309464789114,42.14327497351832
mlp-pinn,6.774592005812728,31.579650873602244,15.8384161559512,42.07509491987587
mlp-pinn,7.24227731483238,32.0302327001418,16.810295736424376,42.00754834624133
mlp-pinn,7.709962623852032,32.40461729127007,17.544349164539867,41.89716767571305
mlp-pinn,8.177647932871684,32.6785097020139,17.720680247249533,41.991545546936486
mlp-pinn,8.645333241891336,33.027862315853014,18.20654688492886,42.03394732835736
mlp-pinn,9.113018550910988,33.37743990515346,18.692413522608188,42.07634910977823
mlp-pinn,9.58070385993064,33.82816378618392,19.36054500371158,42.07528634118454
mlp-pinn,10.048389168950292,34.834173328163686,20.1874729030977,42.12444380530958
mlp-pinn,10.516074477969944,35.95736610810299,21.028353547131697,42.217323343831
mlp-pinn,10.983759786989596,37.08561129698455,22.20155951685381,42.128164696193785
mlp-pinn,11.451445096009248,38.13816090848911,23.374765486575924,42.02336165071017
mlp-pinn,11.9191304050289,39.07850470332605,24.51992393950267,42.06066872233628
mlp-pinn,12.386815714048552,39.90438189679638,25.64189195343508,42.119237642874374
mlp-pinn,12.854501023068204,40.651328632182086,26.777563989965557,42.17093175741277
mlp-pinn,13.322186332087856,41.147861578286005,28.162946655188268,42.10954452076651
mlp-pinn,13.789871641107508,41.431024924289304,29.548329320410982,42.29878237173936
mlp-pinn,14.25755695012716,41.637826744816074,31.233736291243638,42.84338445043427
mlp-pinn,14.725242259146812,41.66180584185405,33.157647912598826,43.436618702263765
mlp-pinn,15.192927568166464,41.77147775101297,35.07178151715965,44.02683488026561
mlp-pinn,15.660612877186116,41.94115332460324,36.82385521940892,44.32107738543948
mlp-pinn,16.128298186205768,42.04184058829962,38.575928921658196,44.61531989061335
mlp-pinn,16.59598349522542,42.03063036923031,39.915771570714725,44.83148133315606
mlp-pinn,17.063668804245072,42.0042641907922,40.84609930107452,44.97277547289932
mlp-pinn,17.531354113264726,42.02921554346946,40.74008521370954,45.112142306581255
mlp-pinn,17.999039422284376,42.362676423348,40.30935361971804,45.14635668228785
mlp-pinn,18.466724731304026,42.696137303226536,39.371760869354176,45.31716581067131
mlp-pinn,18.93441004032368,42.909583182301816,37.502101048380915,45.45795902059815
mlp-pinn,19.402095349343334,43.05175711186783,33.9073876244174,45.52367862555475
mlp-pinn,19.869780658362984,43.318307378966395,30.31267420045392,45.58939823051134
mlp-pinn,20.337465967382634,43.53098514128633,27.202991517228217,45.60735176735635
mlp-pinn,20.805151276402288,43.68834565673144,24.18661986467277,45.617209441418495
mlp-pinn,21.272836585421942,43.82147705102169,21.94884436924085,45.64710330472614
mlp-pinn,21.740521894441592,43.956787133167026,21.29069711689192,45.71462571033083
mlp-pinn,22.208207203461242,44.10014688216395,20.63254986454299,45.78214811593552
mlp-pinn,22.675892512480896,44.40863105580099,21.711170009304194,45.82163162272575
mlp-pinn,23.14357782150055,44.71711522943803,23.161862503079178,45.85581593626817
mlp-pinn,23.6112631305202,45.17364059543992,24.832917186305068,45.87219301896634
mlp-pinn,24.07894843953985,45.57967193015206,26.97562954344597,45.97852658827291
mlp-pinn,24.546633748559504,45.63047500578733,29.118341900586884,46.96104026438271
mlp-pinn,25.014319057579158,45.64681608102072,30.827510594589466,46.9599885656684
mlp-pinn,25.482004366598808,45.6631571562541,32.4370772583849,46.95893686695408
mlp-pinn,25.94968967561846,45.66816554313727,33.7824449137919,46.86757883537578
mlp-pinn,26.417374984638112,45.67016340599773,33.34866318587582,46.71203089091437
mlp-pinn,26.885060293657766,45.67208414950923,32.91488145795974,46.560622153266074
mlp-pinn,27.352745602677416,45.66061907389674,32.76586727022125,46.450066233263485
mlp-pinn,27.820430911697066,45.64915399828425,32.63846321298232,46.3395103132609
mlp-pinn,28.28811622071672,45.66151210156241,32.53625638145814,46.31558235088632
mlp-pinn,28.755801529736374,45.68853230677669,32.46587932314078,46.347255948342756
mlp-pinn,29.223486838756024,45.71312843471452,32.39550226482343,46.378188697219926
mlp-pinn,29.691172147775674,45.7228946548426,32.30546035464156,46.40383224205981
mlp-pinn,30.158857456795328,45.73266087497067,32.21449493189899,46.4294757868997
mlp-pinn,30.626542765814982,45.726474402365014,32.19256074809024,46.45470855269201
mlp-pinn,31.094228074834632,45.711735818210336,32.24891931195034,46.47969755614574
mlp-pinn,31.561913383854282,45.698890934355724,32.30527787581044,46.499307553035614
mlp-pinn,32.02959869287393,45.70110143108447,32.36029592117952,46.48232620876995
mlp-pinn,32.49728400189359,45.70331192781322,32.41528898988826,46.465344864504274
mlp-pinn,32.96496931091324,45.71275736770896,32.50084644778348,46.463030592134515
mlp-pinn,33.43265461993289,45.726147554449994,32.61779718361781,46.469126961540155
mlp-pinn,33.90033992895255,45.74314797634395,32.7347401953656,46.478518062013926
mlp-pinn,34.3680252379722,45.86026551392574,32.14020185443483,46.50833833016407
mlp-pinn,34.83571054699185,45.85582676094527,30.616090181527838,46.53815859831422
mlp-pinn,35.3033958560115,45.863021247595604,29.33731268223937,46.55040148182992
mlp-pinn,35.77108116503115,45.87509501890496,28.182711529796094,46.55278034921608
mlp-pinn,36.238766474050806,45.87332927752223,27.07595903345657,46.63770709886389
mlp-pinn,36.706451783070456,45.88037826612853,26.21321285403211,46.665732758359674
mlp-pinn,37.174137092090106,45.88742725473482,25.350466674607652,46.672664696671795
mlp-pinn,37.64182240110976,45.90471797810437,24.801583186344747,46.67099074574391
mlp-pinn,38.109507710129414,45.929066720996126,24.409399546139877,46.641314417402434
mlp-pinn,38.577193019149064,45.9521794538164,24.058688690656027,46.61163808906096
mlp-pinn,39.044878328168714,45.9643580802476,23.90991258314164,46.60707217844425
mlp-pinn,39.512563637188364,45.9765367066788,23.761136475627257,46.63451513954093
mlp-pinn,39.98024894620802,45.98761929525932,23.71495664402129,46.63934581051761
mlp-pinn,40.44793425522767,45.99848245963584,23.718839643125634,46.63250822727426
mlp-pinn,40.91561956424732,46.00787861359227,23.75584023434164,46.625395724888904
mlp-pinn,41.38330487326698,45.99689392159782,23.947625949315977,46.61686589338862
mlp-pinn,41.85099018228663,45.985909229603365,24.13941166429031,46.60833606188834
mlp-pinn,42.31867549130628,45.982975279785805,24.308851814812865,46.60146361633259
mlp-pinn,42.78636080032593,45.98741737036687,24.46785272388977,46.59542873519464
mlp-pinn,43.25404610934558,45.99472446328997,24.638885204642857,46.59585164129986
mlp-pinn,43.72173141836524,46.01986590327802,24.865052123432836,46.62752386780458
mlp-pinn,44.18941672738489,46.04500734326607,25.09121904222281,46.6591960943093
mlp-pinn,44.65710203640454,46.050993873162696,25.33903688195868,46.672844785087214
mlp-pinn,45.124787345424195,46.04455759331617,25.596868416120167,46.67797966100743
mlp-pinn,45.592472654443846,46.04082503698707,25.871701774009097,46.680756436836504
mlp-pinn,46.060157963463496,46.05570837679354,26.223336784556206,46.67305995846151
mlp-pinn,46.527843272483146,46.070591716600006,26.574971795103316,46.665363480086505
mlp-pinn,46.995528581502796,46.06046382554766,27.015796893072576,46.67054188762133
mlp-pinn,47.463213890522454,46.03525467970654,27.498569342392763,46.681526034528154
mlp-pinn,47.930899199542104,46.01404254108168,28.004809584155943,46.69262309245362
mlp-pinn,48.398584508561754,46.02063454820139,28.61580676000029,46.70421111345645
mlp-pinn,48.86626981758141,46.0272265553211,29.226803935844643,46.71579913445928
mlp-pinn,49.33395512660106,46.02105510378317,29.91387044574343,46.7218274317129
mlp-pinn,49.80164043562071,46.03835975043762,30.636575879477792,46.7253430340561
mlp-pinn,50.26932574464036,46.06419562342899,31.389738579215194,46.72896110000826
mlp-pinn,50.73701105366001,46.06663404356405,32.27868746340572,46.73299864961478
mlp-pinn,51.20469636267967,46.06739436151173,33.16763634759624,46.737036199221286
mlp-pinn,51.67238167169932,46.078127100763375,34.06502503769531,46.74678124403648
mlp-pinn,52.14006698071897,46.07343374455931,34.96634914132228,46.759015024242544
mlp-pinn,52.60775228973863,46.06453449858021,35.85770581860858,46.76671268500188
mlp-pinn,53.07543759875828,46.07390061590286,36.70359084308466,46.75674506805227
mlp-pinn,53.54312290777793,46.089055977534954,37.54947586756074,46.74677745110266
mlp-pinn,54.01080821679758,46.095245246236594,38.26793164919455,46.759267741843836
mlp-pinn,54.47849352581723,46.096991644581784,38.925566506722234,46.78102455988587
mlp-pinn,54.946178834836886,46.09643539438123,39.553002040707,46.799418677988434
mlp-pinn,55.413864143856536,46.17980951541378,40.0323158955368,46.805561597544035
mlp-pinn,55.881549452876186,46.1779265881371,40.51162975036659,46.811704517099635
mlp-pinn,56.34923476189584,46.189757292692136,40.900455890370246,46.8186968418415
mlp-pinn,56.816920070915494,46.206614064931195,41.24375035953028,46.82601608068997
mlp-pinn,57.284605379935144,46.218944330507796,41.57000892374786,46.8756202824816
mlp-pinn,57.752290688954794,46.228813597893165,41.8030499369355,46.96550636542381
mlp-pinn,58.219975997974444,46.2233358687432,42.036090950123146,47.05539244836603
mlp-pinn,58.6876613069941,46.22287972082198,42.20828903886465,47.126834108754046
mlp-pinn,59.15534661601375,46.22486061549782,42.34787531181497,47.190429557365945
mlp-pinn,59.6230319250334,46.22397291450119,42.490808464081304,47.253892982738044
mlp-pinn,60.09071723405306,46.21335457990115,42.65414205864646,47.31685906369216
mlp-pinn,60.55840254307271,46.20273624530111,42.8174756532116,47.379825144646276
mlp-pinn,61.02608785209236,46.20738067254196,42.949312010891155,47.42032208557053
mlp-pinn,61.49377316111201,46.211262504409916,43.06352336518704,47.45174558372733
mlp-pinn,61.96145847013166,46.21430427124152,43.17164799760786,47.483181846352295
mlp-pinn,62.42914377915132,46.20812961124358,43.242294582378726,47.51466458644044
mlp-pinn,62.89682908817097,46.19859482291963,43.31294116714958,47.54614732652858
mlp-pinn,63.36451439719062,46.19233445228667,43.391251904564285,47.567831667297575
mlp-pinn,63.832199706210275,46.199394534392646,43.474056627716024,47.58569884695833
mlp-pinn,64.29988501522993,46.20506559990242,43.55526731199591,47.60445353089829
mlp-pinn,64.76757032424958,46.20427240448903,43.62592207077771,47.62629396598315
mlp-pinn,65.23525563326923,46.204762741527894,43.69657682955951,47.648134401068006
mlp-pinn,65.70294094228888,46.20382207761726,43.759876738246156,47.66922954938785
mlp-pinn,66.17062625130853,46.20518671067872,43.818759752462476,47.69004767049444
mlp-pinn,66.63831156032819,46.20471265805448,43.87566377092792,47.710447972464976
mlp-pinn,67.10599686934783,46.19798474008047,43.91752667829386,47.72949052923825
mlp-pinn,67.57368217836749,46.1913098902865,43.9593895856598,47.74853308601151
mlp-pinn,68.04136748738713,46.19470667329246,43.98972752961838,47.762291000647934
mlp-pinn,68.50905279640679,46.202242228239655,44.012870784460944,47.77419475654928
mlp-pinn,68.97673810542645,46.208309062164915,44.03747664052353,47.78710374034605
mlp-pinn,69.44442341444609,46.20546309406704,44.074190607931094,47.80314027215267
mlp-pinn,69.91210872346575,46.20059690591873,44.110904575338665,47.81917680395928
mlp-pinn,70.37979403248539,46.19470791630026,44.144271786514324,47.82269964053766
mlp-pinn,70.84747934150505,46.19335887178491,44.17544115195611,47.821951451146
mlp-pinn,71.31516465052471,46.19195038283325,44.20683444115907,47.82428803137284
mlp-pinn,71.78284995954435,46.18691695876427,44.24032655996367,47.83576453259505
mlp-pinn,72.25053526856401,46.180114912088,44.27381867876828,47.84724103381726
mlp-pinn,72.71822057758366,46.17599373485489,44.29037121541079,47.85706656274136
mlp-pinn,73.18590588660331,46.17837449397234,44.295342814673994,47.866369013441485
mlp-pinn,73.65359119562297,46.1817020761402,44.30112466159528,47.87376759551263
mlp-pinn,74.12127650464262,46.187198763635564,44.315229280019665,47.87578183403772
mlp-pinn,74.58896181366227,46.192145207637,44.329333898444055,47.877796072562795
mlp-pinn,75.05664712268192,46.19237491887587,44.350252038642246,47.885663066991185
mlp-pinn,75.52433243170157,46.18613785780402,44.37598572684946,47.89530797142003
mlp-pinn,75.99201774072122,46.17944211833781,44.399616936458685,47.902028865181755
mlp-pinn,76.45970304974088,46.176943779662295,44.40039493123212,47.90088064097438
mlp-pinn,76.92738835876052,46.177464098814774,44.40117292600555,47.899732416767
mlp-pinn,77.39507366778018,46.180200856470734,44.41032783516289,47.905083773168464
mlp-pinn,77.86275897679982,46.17659795566434,44.4257051458428,47.91234841849307
mlp-pinn,78.33044428581948,46.1725807743298,44.44033063773487,47.91639672733187
mlp-pinn,78.79812959483914,46.17130930575186,44.44518927772133,47.91195088181926
mlp-pinn,79.26581490385878,46.172188934636395,44.450047917707806,47.90750503630664
mlp-pinn,79.73350021287844,46.17549971541933,44.45510944286718,47.911691655720624
mlp-pinn,80.2011855218981,46.17924760069906,44.46032998548452,47.918320392919696
mlp-pinn,80.66887083091774,46.181089637550144,44.466762943149334,47.92149299314935
mlp-pinn,81.1365561399374,46.174343446474346,44.49190757520436,47.915811612375464
mlp-pinn,81.60424144895705,46.16641835043755,44.51705220725938,47.910130231601585
mlp-pinn,82.0719267579767,46.161733431076115,44.5211006006839,47.90234783290174
mlp-pinn,82.53961206699636,46.158998328929755,44.50804979283691,47.89398317660367
mlp-pinn,83.007297376016,46.157450798879665,44.49628926352635,47.89340041198598
mlp-pinn,83.47498268503566,46.157685032803755,44.51286732648338,47.91201740917522
mlp-pinn,83.94266799405531,46.156858549268925,44.52944538944041,47.930634406364454
mlp-pinn,84.41035330307496,46.14954243561155,44.549217259636286,47.92745713968462
mlp-pinn,84.87803861209461,46.14934949471839,44.57166719812248,47.91841541064507
mlp-pinn,85.34572392111426,46.15225300671763,44.59323928160229,47.91056839663281
mlp-pinn,85.81340923013391,46.158904987369425,44.56502336080314,47.90557697607861
mlp-pinn,86.28109453915357,46.16240812989429,44.53033571771808,47.900585555524415
mlp-pinn,86.74877984817321,46.158853004195365,44.517338157306,47.89906994688947
mlp-pinn,87.21646515719287,46.154872814489686,44.504340596893925,47.89842497569708
mlp-pinn,87.68415046621253,46.15372475661406,44.48772859943378,47.8940913187736
mlp-pinn,88.15183577523217,46.15744182936753,44.46803569208134,47.88130296797552
mlp-pinn,88.61952108425183,46.159082967852825,44.44992046548389,47.86851461717745
mlp-pinn,89.08720639327149,46.14898104030275,44.46311781865467,47.86781066159992
mlp-pinn,89.55489170229113,46.135936289611514,44.47631517182546,47.86996300563978
mlp-pinn,90.02257701131079,46.125247006140924,44.45920382892605,47.87440848093954
mlp-pinn,90.49026232033043,46.12606408866267,44.417409703745754,47.88387866605554
mlp-pinn,90.95794762935009,46.129035935485774,44.3788179172064,47.89334885117153
mlp-pinn,91.42563293836974,46.129882780231426,44.39179033133377,47.88964018545965
mlp-pinn,91.89331824738939,46.12986247578853,44.40476274546114,47.882821765615496
mlp-pinn,92.36100355640905,46.13142999302973,44.413250079725984,47.879769115442
mlp-pinn,92.82868886542869,46.13054916003958,44.41803459101639,47.884906678254545
mlp-pinn,93.29637417444835,46.126142578578595,44.42170526392822,47.890044241067095
mlp-pinn,93.764059483468,46.11725824373413,44.40638622992493,47.884674051069204
mlp-pinn,94.23174479248765,46.11338864327502,44.39106719592164,47.876987737928715
mlp-pinn,94.6994301015073,46.1102379216442,44.38201121474433,47.87193759343562
mlp-pinn,95.16711541052696,46.11076081513549,44.37804773620358,47.872437599675514
mlp-pinn,95.6348007195466,46.11204645617574,44.373590535332276,47.87293760591541
mlp-pinn,96.10248602856626,46.11594139391981,44.360791184990774,47.866051549284606
mlp-pinn,96.57017133758592,46.11607321407418,44.347991834649264,47.85762299826196
mlp-pinn,97.03785664660556,46.11415707045655,44.33337348634552,47.85312437881798
mlp-pinn,97.50554195562522,46.10824329932072,44.31735733840879,47.85670953986001
mlp-pinn,97.97322726464486,46.10329966314581,44.30172310920969,47.860294700902045
mlp-pinn,98.44091257366452,46.103346013836614,44.291554563295364,47.85552807204459
mlp-pinn,98.90859788268418,46.10889488063522,44.281386017381045,47.84907483476461
mlp-pinn,99.37628319170382,46.11358292987437,44.26406221411391,47.842403965121456
mlp-pinn,99.84396850072348,46.104152829243574,44.24131211549596,47.835294235036386
mlp-pinn,100.31165380974312,46.089463367408854,44.22020878367396,47.82818450495132
mlp-pinn,100.77933911876278,46.0803075939788,44.21996950680554,47.83267437146206
mlp-pinn,101.24702442778243,46.085308809244644,44.21973022993712,47.839465988037105
mlp-pinn,101.71470973680208,46.089821314094834,44.21029453479797,47.84350210025997
mlp-pinn,102.18239504582174,46.091191512277604,44.193925860617234,47.8421357048814
mlp-pinn,102.65008035484139,46.09177302213399,44.17774128391878,47.84076930950283
mlp-pinn,103.11776566386104,46.09098947518292,44.1637924463352,47.83195937639024
mlp-pinn,103.5854509728807,46.0819334437729,44.14984360875163,47.821751634847395
mlp-pinn,104.05313628190035,46.07261746173312,44.13845988330389,47.81395538670994
mlp-pinn,104.52082159092,46.074236343665206,44.12894794003867,47.81074921566003
mlp-pinn,104.98850689993965,46.08100917312562,44.118602586424416,47.80754304461012
mlp-pinn,105.4561922089593,46.08602922721376,44.099405658526635,47.80762115546841
mlp-pinn,105.92387751797895,46.08026140501907,44.080208730628854,47.808292371223565
mlp-pinn,106.39156282699861,46.07358345788046,44.05828793293555,47.8054914970432
mlp-pinn,106.85924813601825,46.06702267935192,44.03450981081465,47.796139304144106
mlp-pinn,107.32693344503791,46.06154835376759,44.013602536173416,47.786787111245005
mlp-pinn,107.79461875405755,46.05988703485765,44.0189334286853,47.78383574763003
mlp-pinn,108.26230406307721,46.0638410065949,44.02426432119719,47.78203487725969
mlp-pinn,108.72998937209687,46.067480802993025,44.01353635414117,47.781677604561516
mlp-pinn,109.19767468111651,46.06531924421451,43.99234699908525,47.78397387598246
mlp-pinn,109.66535999013617,46.06100769208018,43.972137070503685,47.786270147403414
mlp-pinn,110.13304529915582,46.058101898565546,43.959585293342116,47.78408898646586
mlp-pinn,110.60073060817547,46.05411897334257,43.947033516180554,47.78115139131319
mlp-pinn,111.06841591719513,46.05007269449665,43.94613696906202,47.77706075751649
mlp-pinn,111.53610122621478,46.05338831612987,43.95225411423104,47.77085780744373
mlp-pinn,112.00378653523443,46.05998396976318,43.954430602552556,47.76465485737098
mlp-pinn,112.47147184425408,46.06277463174199,43.93035246527745,47.759120332450884
mlp-pinn,112.93915715327373,46.05545761088161,43.90627432800235,47.75369854999617
mlp-pinn,113.40684246229338,46.0473847463165,43.87957267644996,47.750490144975544
mlp-pinn,113.87452777131304,46.041372511001896,43.85136557580963,47.751276431635155
mlp-pinn,114.34221308033268,46.037066686019315,43.82726203894442,47.75206271829476
mlp-pinn,114.80989838935234,46.036479223775316,43.826716381119155,47.746377894566855
mlp-pinn,115.27758369837198,46.03520429245012,43.8261707232939,47.73962202251991
mlp-pinn,115.74526900739164,46.032909274500156,43.815641279915475,47.733648181853106
mlp-pinn,116.2129543164113,46.03277097890984,43.79979621665335,47.72905454073732
mlp-pinn,116.68063962543094,46.03465768751628,43.78372565569007,47.72446089962154
mlp-pinn,117.1483249344506,46.035295516895246,43.76651702408691,47.717147162781906
mlp-pinn,117.61601024347026,46.03065399433427,43.749308392483755,47.70941338906411
mlp-pinn,118.0836955524899,46.025739889281326,43.731054220911815,47.70415352260841
mlp-pinn,118.55138086150956,46.02364216795513,43.71229124114721,47.70309020207358
mlp-pinn,119.01906617052921,46.02311870472259,43.69359919691026,47.70202688153876
mlp-pinn,119.48675147954886,46.02417270009459,43.675236461131554,47.70486888023034
mlp-pinn,119.95443678856851,46.021504921149415,43.65687372535284,47.70829254938896
mlp-pinn,120.42212209758816,46.01932333906395,43.64266007745828,47.7116375159715
mlp-pinn,120.88980740660782,46.01900233423328,43.63045182784159,47.714849789075444
mlp-pinn,121.35749271562747,46.019022977430694,43.616938437746015,47.718062062179385
mlp-pinn,121.82517802464712,46.01842446846978,43.59736559959063,47.716108018543515
mlp-pinn,122.29286333366677,46.02092378660852,43.57779276143525,47.71344718351675
mlp-pinn,122.76054864268642,46.023670531619416,43.57855249162523,47.70925256908125
mlp-pinn,123.22823395170607,46.02233245028352,43.578203085366496,47.702533503506054
mlp-pinn,123.69591926072573,46.01893319959134,43.538256129784564,47.695814437930856
mlp-pinn,124.16360456974537,46.012612271839906,43.51345901504074,47.688162504369195
mlp-pinn,124.63128987876503,46.00875530240817,43.516030616090084,47.6803859428584
mlp-pinn,125.09897518778469,46.00522187900779,43.49697886492516,47.6726706100384
mlp-pinn,125.56666049680433,46.00265502011128,43.47044716376492,47.66505135371856
mlp-pinn,126.03434580582399,46.000191404489584,43.44552434471601,47.65743209739872
mlp-pinn,126.50203111484365,46.00200164120975,43.41094469333964,47.659696437437454
mlp-pinn,126.96971642386329,46.003775711277356,43.386260985907555,47.66316470718948
mlp-pinn,127.43740173288295,46.00492269650567,43.361577278475465,47.66171261471381
mlp-pinn,127.90508704190259,46.0035452928508,43.333812191815944,47.652851523600205
mlp-pinn,128.37277235092225,46.00167603621895,43.30544458426129,47.64399043248661
mlp-pinn,128.8404576599419,45.99453307101771,43.284081384875336,47.650255266181546
mlp-pinn,129.30814296896156,45.98730399262321,43.27685378693782,47.65808055258798
mlp-pinn,129.7758282779812,45.981803780377945,43.269626189000306,47.66273771332334
mlp-pinn,130.24351358700085,45.982455591903815,43.24451127337482,47.66291016703494
mlp-pinn,130.7111988960205,45.98408181592809,43.21562535365962,47.663082620746536
mlp-pinn,131.17888420504016,45.98418905466645,43.18694608998125,47.655138803410814
mlp-pinn,131.64656951405982,45.97911703209415,43.15870563707449,47.64643526229159
mlp-pinn,132.11425482307948,45.97459490764746,43.13046518416773,47.64188825705425
mlp-pinn,132.5819401320991,45.97296038458663,43.102283559742276,47.64315204682513
mlp-pinn,133.04962544111876,45.97202611054439,43.07411446232333,47.644415836596
mlp-pinn,133.51731075013842,45.97158837848961,43.049107106025524,47.641045215845104
mlp-pinn,133.98499605915808,45.97292014460581,43.03091256818149,47.637275709241635
mlp-pinn,134.45268136817774,45.97376707158941,43.01271803033746,47.630858354004054
mlp-pinn,134.92036667719736,45.97260450185089,42.98783546946011,47.620905506027285
mlp-pinn,135.38805198621702,45.971046933405574,42.96153984248856,47.61095265805052
mlp-pinn,135.85573729523668,45.969263880333386,42.93905338851251,47.61266258297245
mlp-pinn,136.32342260425634,45.96771944966122,42.924431204665176,47.615198562411315
mlp-pinn,136.791107913276,45.96644079598006,42.90980902081783,47.61304680144897
mlp-pinn,137.25879322229562,45.9662143738974,42.87309934438165,47.604851612741044
mlp-pinn,137.72647853131528,45.96618670150406,42.83197944455597,47.596656424033114
mlp-pinn,138.19416384033494,45.96546204561795,42.79415574633598,47.586585362427016
mlp-pinn,138.6618491493546,45.962967692475544,42.76272014186695,47.576393573131966
mlp-pinn,139.12953445837425,45.96049258193888,42.731284537397926,47.57384127885345
mlp-pinn,139.59721976739388,45.9596115727099,42.704925274309616,47.58080699751516
mlp-pinn,140.06490507641354,45.959262953419035,42.679548995203646,47.58777271617687
mlp-pinn,140.5325903854332,45.95772676449991,42.65652039899046,47.58411390772425
mlp-pinn,141.00027569445285,45.9557119564007,42.63802841406347,47.579904880492066
mlp-pinn,141.4679610034725,45.952985623806164,42.61953642913648,47.58137523004243
mlp-pinn,141.93564631249217,45.94944935641844,42.58813880605817,47.589729622633094
mlp-pinn,142.4033316215118,45.94606650875997,42.554240789737094,47.598084015223755
mlp-pinn,142.87101693053145,45.94713455794609,42.52307611221291,47.585633821776916
mlp-pinn,143.3387022395511,45.94899851568732,42.49718296632686,47.572095371769144
mlp-pinn,143.80638754857077,45.94925397254688,42.47128982044081,47.56462887064185
mlp-pinn,144.27407285759043,45.947297121828015,42.444200935885064,47.56454494004702
mlp-pinn,144.74175816661005,45.945505690020006,42.41688957437322,47.5644610094522
mlp-pinn,145.2094434756297,45.94606114182035,42.38703693155845,47.56545237850819
mlp-pinn,145.67712878464937,45.943543806610066,42.352351710260294,47.566498545460966
mlp-pinn,146.14481409366903,45.94015648150241,42.31766648896214,47.56494965585297
mlp-pinn,146.61249940268868,45.93936271897152,42.28980774590753,47.560276772232335
mlp-pinn,147.08018471170834,45.93962275191265,42.263107683731995,47.5556038886117
mlp-pinn,147.54787002072797,45.93977524232676,42.23795052967681,47.558357671303426
mlp-pinn,148.01555532974763,45.94135901255612,42.21562410663252,47.56145543800672
mlp-pinn,148.48324063876728,45.94376933171547,42.19329768358823,47.55941765905476
mlp-pinn,148.95092594778694,45.94126585442351,42.15518990743351,47.55103422842065
mlp-pinn,149.4186112568066,45.937201284664035,42.114493202336824,47.542650797786536
mlp-pinn,149.88629656582623,45.93207694565574,42.082501694251704,47.534779144235635
mlp-pinn,150.35398187484589,45.92754862061739,42.06606145110137,47.52693436631786
mlp-pinn,150.82166718386554,45.92410860885554,42.049621207951034,47.527995313577854
mlp-pinn,151.2893524928852,45.92781972800988,42.01389116914893,47.540170979784605
mlp-pinn,151.75703780190486,45.93291664248416,41.97501159301788,47.55234664599136
mlp-pinn,152.2247231109245,45.93141239711527,41.94026403835811,47.55359077581549
mlp-pinn,152.69240841994414,45.92586871252122,41.912873348394804,47.55408992401029
mlp-pinn,153.1600937289638,45.921637917292664,41.885482658431506,47.54788547952032
mlp-pinn,153.62777903798346,45.92234057152498,41.85521818034071,47.532776235758156
mlp-pinn,154.09546434700312,45.92375471406238,41.82446971381109,47.517666991995995
mlp-pinn,154.56314965602274,45.9270696957834,41.79453257920726,47.51774983809479
mlp-pinn,155.0308349650424,45.9296511879082,41.76600947728348,47.51905657195491
mlp-pinn,155.49852027406206,45.9298909595548,41.73748637535971,47.51836355713792
mlp-pinn,155.96620558308172,45.92584439378759,41.697510890578435,47.51494987922412
mlp-pinn,156.43389089210137,45.921531706767155,41.65580670927373,47.51153620131033
mlp-pinn,156.90157620112103,45.92142061285695,41.615487798424546,47.509014555594305
mlp-pinn,157.36926151014066,45.919486598719246,41.57747585326605,47.506568780175506
mlp-pinn,157.83694681916032,45.9171423538844,41.53946390810755,47.50577297040771
mlp-pinn,158.30463212817997,45.91605321013236,41.506029420978834,47.50727182766012
mlp-pinn,158.77231743719963,45.91529091882975,41.47326368904464,47.50877068491253
mlp-pinn,159.2400027462193,45.9119127831122,41.441216443964066,47.50550208511854
mlp-pinn,159.70768805523892,45.9107654756949,41.41033560291236,47.50176995050825
mlp-pinn,160.17537336425858,45.911264034524436,41.37945476186066,47.500158875650285
mlp-pinn,160.64305867327823,45.90893523017186,41.35444937309711,47.50162274505842
mlp-pinn,161.1107439822979,45.90577038697835,41.33026149418245,47.503086614466554
mlp-pinn,161.57842929131755,45.90266814265036,41.29992412197719,47.497362765563636
mlp-pinn,162.0461146003372,45.901994368959365,41.25950735883138,47.49089794764636
mlp-pinn,162.51379990935683,45.90051962141368,41.21909059568557,47.48671434709563
mlp-pinn,162.9814852183765,45.89818123003419,41.18339917240588,47.48586251489223
mlp-pinn,163.44917052739615,45.89584754021092,41.14830014531594,47.48501068268883
mlp-pinn,163.9168558364158,45.89758519783601,41.117470286189395,47.48327080387515
mlp-pinn,164.38454114543546,45.89735781513954,41.093392736331914,47.48143562868483
mlp-pinn,164.8522264544551,45.89543716409297,41.069315186474434,47.47823919077369
mlp-pinn,165.31991176347475,45.894464735910844,41.03743822171024,47.473004156538465
mlp-pinn,165.7875970724944,45.89383066549942,41.00450543898713,47.467769122303245
mlp-pinn,166.25528238151406,45.89270297394471,40.969859735466095,47.46202137793886
mlp-pinn,166.72296769053372,45.89373626307825,40.93243360375609,47.45621451964003
mlp-pinn,167.19065299955335,45.89698505513452,40.89500747204609,47.45247845718738
mlp-pinn,167.658338308573,45.896850925451105,40.858251641470645,47.4519136669713
mlp-pinn,168.12602361759267,45.896101971132765,40.82158322368112,47.45134887675522
mlp-pinn,168.59370892661232,45.89209562650171,40.78619702484396,47.455855877573065
mlp-pinn,169.06139423563198,45.88937792004311,40.75283712758466,47.46099465245039
mlp-pinn,169.5290795446516,45.8875679696979,40.71947723032537,47.46323490520567
mlp-pinn,169.99676485367127,45.88749931921169,40.697255140194166,47.460807823280724
mlp-pinn,170.46445016269092,45.88753770775868,40.676378642993726,47.45838074135578
mlp-pinn,170.93213547171058,45.888694196263174,40.646416333791564,47.45254435826422
mlp-pinn,171.39982078073024,45.88907226222509,40.60233759687263,47.44624713717899
mlp-pinn,171.8675060897499,45.88924315028518,40.5582588599537,47.44072690010518
mlp-pinn,172.33519139876952,45.89090926338562,40.52716954153652,47.43647936232852
mlp-pinn,172.80287670778918,45.89268430848507,40.49762933899462,47.43223182455185
mlp-pinn,173.27056201680884,45.89470512433161,40.465039451338924,47.429515727821226
mlp-pinn,173.7382473258285,45.896859777327926,40.42776194748454,47.427021640880895
mlp-pinn,174.20593263484815,45.89725251339302,40.39048444363016,47.426092066403186
mlp-pinn,174.67361794386778,45.89271528167948,40.35550449786847,47.42788416632412
mlp-pinn,175.14130325288744,45.88811371659523,40.320780691919175,47.42967626624506
mlp-pinn,175.6089885619071,45.88616009439362,40.28660542856088,47.42490051694671
mlp-pinn,176.07667387092675,45.88474202801913,40.25326596351285,47.41903331678275
mlp-pinn,176.5443591799464,45.883045358492595,40.21992649846482,47.41724024872185
mlp-pinn,177.01204448896607,45.88373383299829,40.18254637960657,47.42291344904777
mlp-pinn,177.4797297979857,45.884616132239046,40.14468832449477,47.42858664937369
mlp-pinn,177.94741510700536,45.88539466860675,40.111679803396875,47.42432174242006
mlp-pinn,178.415100416025,45.884532866841994,40.086162001248816,47.41829840628169
mlp-pinn,178.88278572504467,45.881401027169545,40.06064419910076,47.41683508885014
mlp-pinn,179.35047103406433,45.87939034969693,40.03644595689412,47.4243316013787
mlp-pinn,179.81815634308396,45.87780951466041,40.012403541748284,47.43182811390725
mlp-pinn,180.2858416521036,45.88008824423427,39.982182946218096,47.42654770467912
mlp-pinn,180.75352696112327,45.881394412333435,39.942260645864565,47.41865248024837
mlp-pinn,181.22121227014293,45.88086241512653,39.902338345511026,47.41352413931698
mlp-pinn,181.68889757916259,45.88070408236622,39.8676233638849,47.414170312214104
mlp-pinn,182.15658288818221,45.880626691564515,39.83357493240761,47.414816485111224
mlp-pinn,182.62426819720187,45.87985387263161,39.80070448654944,47.41124629163245
mlp-pinn,183.09195350622153,45.87778076208924,39.769693157038546,47.40671862986117
mlp-pinn,183.5596388152412,45.87646941543488,39.73868182752765,47.40363438772814
mlp-pinn,184.02732412426084,45.874260232448854,39.70937190312226,47.40383864083355
mlp-pinn,184.49500943328047,45.87168643460212,39.68028497080672,47.40404289393896
mlp-pinn,184.96269474230013,45.86737533942974,39.65299528497898,47.403409728891646
mlp-pinn,185.4303800513198,45.864975331847944,39.62863003743485,47.40257035551061
mlp-pinn,185.89806536033944,45.86467402483149,39.604264789890735,47.4024710949312
mlp-pinn,186.3657506693591,45.86572769601513,39.57681253449808,47.404112957080606
mlp-pinn,186.83343597837876,45.86682890483729,39.548932492010174,47.40575481923001
mlp-pinn,187.3011212873984,45.86812913600581,39.521269945491774,47.404979103437604
mlp-pinn,187.76880659641805,45.869184525712924,39.49396412908974,47.403574861256445
mlp-pinn,188.2364919054377,45.869976967725165,39.466658312687706,47.40174089554602
mlp-pinn,188.70417721445736,45.86969689992976,39.440183750095,47.39882123688871
mlp-pinn,189.17186252347702,45.86944095444744,39.413828836788355,47.39590157823139
mlp-pinn,189.63954783249665,45.868165224225976,39.385352513214016,47.394490561098166
mlp-pinn,190.1072331415163,45.865749966507856,39.35321835897892,47.39351430896884
mlp-pinn,190.57491845053596,45.86221924269924,39.321084204743826,47.391438325776754
mlp-pinn,191.04260375955562,45.862809952167225,39.28935784777717,47.386470198555486
mlp-pinn,191.51028906857528,45.86360721851915,39.25769475327661,47.38150207133421
mlp-pinn,191.97797437759493,45.86452193920347,39.22520370561767,47.379985849077336
mlp-pinn,192.44565968661456,45.864188169369484,39.19125074361406,47.37952288619908
mlp-pinn,192.91334499563422,45.86390092117503,39.15729778161045,47.380080033019816
mlp-pinn,193.38103030465388,45.86101944311052,39.136316939928605,47.38352063985515
mlp-pinn,193.84871561367353,45.85763955451296,39.11748060291493,47.38696124669048
mlp-pinn,194.3164009226932,45.854030103614164,39.09492305690692,47.387370004034686
mlp-pinn,194.78408623171282,45.85323072438883,39.065827237701605,47.38686185175984
mlp-pinn,195.25177154073248,45.85637209076923,39.03673141849628,47.38581198755597
mlp-pinn,195.71945684975213,45.85973704755432,39.00991507420833,47.38328228266762
mlp-pinn,196.1871421587718,45.862647519927464,38.98348080312911,47.380752577779276
mlp-pinn,196.65482746779145,45.861331229090396,38.95765266828273,47.37844033507551
mlp-pinn,197.12251277681108,45.85898735206558,38.93289181676095,47.37619166164923
mlp-pinn,197.59019808583074,45.854111985106904,38.90813096523916,47.373949187544014
mlp-pinn,198.0578833948504,45.848339250086,38.87974147134635,47.37172292118319
mlp-pinn,198.52556870387005,45.843784437684334,38.8507572155441,47.36949665482236
mlp-pinn,198.9932540128897,45.84720204279404,38.824833838850886,47.36322942509038
mlp-pinn,199.46093932190934,45.850631342051244,38.80439937448779,47.35580027943204
mlp-pinn,199.928624630929,45.849434463374656,38.78396491012468,47.34977116899331
mlp-pinn,200.39630993994865,45.846058602078244,38.75770388044271,47.34733943790071
mlp-pinn,200.8639952489683,45.84346400946809,38.73040380465309,47.34490770680811
mlp-pinn,201.33168055798797,45.847903229776335,38.70639363276599,47.34584556378902
mlp-pinn,201.79936586700762,45.85410929902844,38.688627324848,47.347762186078626
mlp-pinn,202.26705117602725,45.857110153862784,38.67086101693002,47.347664019737294
mlp-pinn,202.7347364850469,45.855392932013636,38.646695144002194,47.342255887703274
mlp-pinn,203.20242179406657,45.85396878595814,38.62136633180629,47.336847755669254
mlp-pinn,203.67010710308622,45.8527741447534,38.59819895480819,47.338295479389366
mlp-pinn,204.13779241210588,45.8504689154405,38.57936596765924,47.341698595241006
mlp-pinn,204.6054777211255,45.8468357662304,38.560532980510295,47.3438404669673
mlp-pinn,205.07316303014517,45.843900549166555,38.53669831537232,47.34271289673998
mlp-pinn,205.54084833916482,45.841481834876795,38.51179465371112,47.34158532651267
mlp-pinn,206.00853364818448,45.842066105445504,38.48887710584513,47.342038552627415
mlp-pinn,206.47621895720414,45.842796845572764,38.4700882078412,47.34294218119327
mlp-pinn,206.9439042662238,45.84330449132756,38.45129930983727,47.34244092247375
mlp-pinn,207.41158957524343,45.843626969919754,38.4323542047515,47.33831110879207
mlp-pinn,207.87927488426308,45.843640183607334,38.41337324891467,47.33418129511039
mlp-pinn,208.34696019328274,45.8414640511835,38.39242342315495,47.333448130379956
mlp-pinn,208.8146455023024,45.838874469341334,38.36700761437018,47.33370127291282
mlp-pinn,209.28233081132205,45.8371343310605,38.3415918055854,47.333371261588105
mlp-pinn,209.75001612034168,45.837822965068476,38.3217280862822,47.331491847719626
mlp-pinn,210.21770142936134,45.838550620617895,38.30327292088049,47.32961243385115
mlp-pinn,210.685386738381,45.838862676980085,38.28468179186529,47.32835666790377
mlp-pinn,211.15307204740066,45.83877725078655,38.26575736503423,47.32728210757013
mlp-pinn,211.6207573564203,45.83800970014701,38.24683293820318,47.32842584671107
mlp-pinn,212.08844266543994,45.83819598731461,38.23072771689999,47.33539870337213
mlp-pinn,212.5561279744596,45.83865149359443,38.21538743284969,47.342371560033186
mlp-pinn,213.02381328347926,45.8395687957847,38.20072547544379,47.340027672036264
mlp-pinn,213.4914985924989,45.8399362053408,38.187767880170604,47.334944250906474
mlp-pinn,213.95918390151857,45.8405720975567,38.174810284897426,47.33092818051369
mlp-pinn,214.4268692105382,45.84119602089244,38.156102164066766,47.32982931967277
mlp-pinn,214.89455451955786,45.84169275594344,38.13570702675402,47.32873045883185
mlp-pinn,215.36223982857751,45.841590404653815,38.116058553620576,47.32741307407758
mlp-pinn,215.82992513759717,45.84147381991197,38.098517544600405,47.32602853078802
mlp-pinn,216.29761044661683,45.83917361847346,38.080976535580234,47.32514224341462
mlp-pinn,216.7652957556365,45.83607343494738,38.06867193816378,47.32563119358147
mlp-pinn,217.23298106465612,45.833838187052805,38.058082465735,47.32612014374832
mlp-pinn,217.70066637367577,45.834655581228546,38.045016159599584,47.3235288328758
mlp-pinn,218.16835168269543,45.8350316668799,38.024374581419075,47.319973155536694
mlp-pinn,218.6360369917151,45.83389693041026,38.00373300323856,47.316970345027016
mlp-pinn,219.10372230073474,45.83422409246082,37.98982393795587,47.31551755695578
mlp-pinn,219.57140760975437,45.83491695743339,37.978266074795805,47.31406476888455
mlp-pinn,220.03909291877403,45.835006128151306,37.96523466795173,47.31537649862385
mlp-pinn,220.5067782277937,45.83379175311123,37.947562975064045,47.31754613111323
mlp-pinn,220.97446353681335,45.83269943471957,37.92989128217636,47.31794268200892
mlp-pinn,221.442148845833,45.835108409431314,37.91354957457662,47.313278561289785
mlp-pinn,221.90983415485266,45.83671048632185,37.89768303829647,47.30861444057065
mlp-pinn,222.3775194638723,45.8322521704051,37.8832367551254,47.3060042972906
mlp-pinn,222.84520477289195,45.82605156573353,37.87336080183615,47.30405148168822
mlp-pinn,223.3128900819116,45.82579615382397,37.863484848546896,47.303950454803115
mlp-pinn,223.78057539093126,45.82912768353681,37.84956847759477,47.30914415323336
mlp-pinn,224.24826069995092,45.831206937548316,37.834211752475866,47.31433785166361
mlp-pinn,224.71594600897055,45.82980612094572,37.81910367795586,47.3137804036469
mlp-pinn,225.1836313179902,45.82916887613433,37.804792841315276,47.31135185876886
mlp-pinn,225.65131662700986,45.8285805339071,37.7904820046747,47.30931667847077
mlp-pinn,226.11900193602952,45.82843449842819,37.77626983536466,47.30846705129819
mlp-pinn,226.58668724504918,45.82856141019415,37.76209348225115,47.3076174241256
mlp-pinn,227.0543725540688,45.82886454762773,37.74785894059152,47.306556684369454
mlp-pinn,227.52205786308846,45.82868944044809,37.73342515910675,47.305423227476254
mlp-pinn,227.98974317210812,45.82744171159314,37.71899137762199,47.304379984083596
mlp-pinn,228.45742848112778,45.82541038967404,37.70862004236895,47.30361746764691
mlp-pinn,228.92511379014744,45.82470686358622,37.69977893195671,47.30285495121023
mlp-pinn,229.39279909916706,45.827093002992555,37.689762541718274,47.29749340472307
mlp-pinn,229.86048440818672,45.82856251541308,37.67567104035969,47.290489096071546
mlp-pinn,230.32816971720638,45.82540602224793,37.66157953900111,47.28667340610855
mlp-pinn,230.79585502622604,45.82461917068383,37.647168250385896,47.292880332586286
mlp-pinn,231.2635403352457,45.8244866166823,37.63263213433487,47.299087259064024
mlp-pinn,231.73122564426535,45.82472365737813,37.619796439381,47.29651069837303
mlp-pinn,232.19891095328498,45.823904858030616,37.61304041254873,47.29099389227722
mlp-pinn,232.66659626230464,45.82378949657942,37.60628438571646,47.28829240181171
mlp-pinn,233.1342815713243,45.824630750939804,37.59841925335182,47.29399511071874
mlp-pinn,233.60196688034395,45.82513444886976,37.590119267268236,47.29969781962576
mlp-pinn,234.0696521893636,45.824419068983765,37.58041726677171,47.29903818486993
mlp-pinn,234.53733749838324,45.82365635027911,37.5654065087749,47.29633066435837
mlp-pinn,235.0050228074029,45.82485001162878,37.550395750778094,47.29226228673963
mlp-pinn,235.47270811642255,45.82710326704526,37.541973277884026,47.2844294872718
mlp-pinn,235.9403934254422,45.828744132830934,37.53630465701211,47.27659668780397
mlp-pinn,236.40807873446187,45.82734109714097,37.52965859919339,47.27964551328647
mlp-pinn,236.87576404348152,45.825462538348646,37.5188747044742,47.286024679377746
mlp-pinn,237.34344935250115,45.82321751731798,37.50809080975502,47.29056519359273
mlp-pinn,237.8111346615208,45.821164515678475,37.49640113863571,47.29007985781972
mlp-pinn,238.27881997054047,45.819719465405555,37.48429530219931,47.28959452204671
mlp-pinn,238.74650527956013,45.821013360590904,37.47237522825009,47.29081251898756
mlp-pinn,239.21419058857978,45.82265828134992,37.461342471568294,47.29254391921357
mlp-pinn,239.6818758975994,45.82288049765722,37.45030971488651,47.29178703913884
mlp-pinn,240.14956120661907,45.82202879605709,37.44007490898782,47.284447865484225
mlp-pinn,240.61724651563873,45.82120508413832,37.430254758992156,47.27710869182961
mlp-pinn,241.08493182465838,45.820575190289254,37.42067100267146,47.279393327049824
mlp-pinn,241.55261713367804,45.81999641160701,37.4124249929768,47.284442880843386
mlp-pinn,242.02030244269767,45.819646675520985,37.40417898328215,47.287722773090806
mlp-pinn,242.48798775171733,45.81849986942402,37.39671415572549,47.286470231287964
mlp-pinn,242.95567306073698,45.81769008736497,37.38968689690243,47.285217689485115
mlp-pinn,243.42335836975664,45.816048696833676,37.383261412237104,47.28687722140269
mlp-pinn,243.8910436787763,45.8134125005383,37.38093001436645,47.28931302816713
mlp-pinn,244.35872898779593,45.80994999897174,37.378598616495786,47.28949372064796
mlp-pinn,244.82641429681559,45.8133034488878,37.36975108810041,47.28423768832031
mlp-pinn,245.29409960583524,45.81730923629621,37.35687880790458,47.27898165599266
mlp-pinn,245.7617849148549,45.81851888401113,37.34440877491441,47.277434279001795
mlp-pinn,246.22947022387456,45.817297797237856,37.335227396208175,47.27688148126091
mlp-pinn,246.69715553289421,45.81724145359469,37.32604601750193,47.275642172116676
mlp-pinn,247.16484084191384,45.81975660276595,37.316262499747154,47.272725970203204
mlp-pinn,247.6325261509335,45.82149018930912,37.30607457985838,47.26980976828974
mlp-pinn,248.10021145995316,45.819986881221986,37.29632602095111,47.272584938224576
mlp-pinn,248.56789676897282,45.818133095916664,37.291351197116654,47.276843000594916
mlp-pinn,249.03558207799247,45.816596465614566,37.28637637328219,47.279437522251186
mlp-pinn,249.5032673870121,45.81552110425645,37.281728183443,47.27813532898724
mlp-pinn,249.97095269603176,45.814629374282504,37.27732187127261,47.276833135723294
mlp-pinn,250.43863800505142,45.81547732737961,37.27241258015981,47.27330152276598
mlp-pinn,250.90632331407107,45.81687159979161,37.26013636592037,47.26922400719609
mlp-pinn,251.37400862309073,45.818650931789364,37.24786015168093,47.26788555791621
mlp-pinn,251.8416939321104,45.818469627689225,37.23786244502169,47.2727769025083
mlp-pinn,252.30937924113002,45.81845014498316,37.229680145871185,47.27766824710039
mlp-pinn,252.77706455014967,45.819960586095206,37.221721416679536,47.276589144384374
mlp-pinn,253.24474985916933,45.82195004590706,37.21825586296232,47.274121540146496
mlp-pinn,253.712435168189,45.8207954652454,37.21479030924511,47.272688963573195
mlp-pinn,254.18012047720865,45.81770195752417,37.20861961210266,47.27361049519688
mlp-pinn,254.64780578622828,45.815314408043726,37.20012307198025,47.27453202682056
mlp-pinn,255.11549109524793,45.81596013261276,37.19155695794466,47.27569154504887
mlp-pinn,255.5831764042676,45.81697270056531,37.18072150774006,47.27690866574591
mlp-pinn,256.05086171328725,45.816561714323846,37.169886057535464,47.276686556974894
mlp-pinn,256.5185470223069,45.815206867964235,37.165584386267966,47.273218239266534
mlp-pinn,256.9862323313265,45.813671842938135,37.167453196349605,47.26974992155818
mlp-pinn,257.4539176403462,45.81114919067694,37.169278006660335,47.26493309415601
mlp-pinn,257.9216029493659,45.80844286909109,37.163302949098146,47.259798647241645
mlp-pinn,258.3892882583855,45.80596689681204,37.15732789153596,47.256872375807895
mlp-pinn,258.85697356740513,45.80314530363723,37.15024552036947,47.25877574636233
mlp-pinn,259.3246588764248,45.800474727230785,37.142011413827426,47.26067911691677
mlp-pinn,259.79234418544445,45.79799030812595,37.133777307285385,47.261934467060236
mlp-pinn,260.2600294944641,45.79537671538422,37.12533162764397,47.26303834313849
mlp-pinn,260.72771480348376,45.796538026022404,37.116881349360014,47.26356820600926
mlp-pinn,261.1954001125034,45.7993633187014,37.112149310931066,47.26285271106768
mlp-pinn,261.6630854215231,45.80144041091938,37.111570066886934,47.262137216126106
mlp-pinn,262.13077073054274,45.80364048060761,37.1109908228428,47.26474755787921
mlp-pinn,262.5984560395624,45.80686876269317,37.09777774927882,47.26811282503236
mlp-pinn,263.06614134858205,45.80845766512041,37.08408285284656,47.27049442849723
mlp-pinn,263.53382665760165,45.80829216387339,37.07689231945264,47.270775410227294
mlp-pinn,264.0015119666213,45.80795696710051,37.077574106550394,47.271056391957366
mlp-pinn,264.46919727564097,45.80602457264593,37.07825589364814,47.26956375579196
mlp-pinn,264.9368825846606,45.80362330538929,37.07129455338812,47.267684121028104
mlp-pinn,265.4045678936803,45.80130872414804,37.06389521405029,47.26558359759208
mlp-pinn,265.87225320269994,45.799143341224664,37.058726399492706,47.2630192165021
mlp-pinn,266.3399385117196,45.797862772689854,37.05644149412489,47.260454835412126
mlp-pinn,266.80762382073925,45.79897710270859,37.05415658875707,47.262577291375784
mlp-pinn,267.2753091297589,45.799974136961325,37.04873405796771,47.26567382551717
mlp-pinn,267.74299443877857,45.79794036114858,37.043045442157165,47.26745404277901
mlp-pinn,268.21067974779817,45.79696800640944,37.036383517597066,47.26657159606306
mlp-pinn,268.6783650568178,45.79712299946048,37.02834300094927,47.26568914934711
mlp-pinn,269.1460503658375,45.79915519671831,37.02030248430148,47.26440008054162
mlp-pinn,269.61373567485714,45.8004875376069,37.014898995550645,47.26302902405274
mlp-pinn,270.0814209838768,45.799658273414536,37.009787579016646,47.26219371007942
mlp-pinn,270.54910629289645,45.79897452856051,37.00477945926624,47.26241487646798
mlp-pinn,271.0167916019161,45.79838124103169,36.999933617534815,47.26263604285653
mlp-pinn,271.48447691093577,45.79740493618867,36.9950877758034,47.26155856295091
mlp-pinn,271.9521622199554,45.79613901020312,36.99635868647956,47.2602253985131
mlp-pinn,272.4198475289751,45.79547838557146,36.99843184209126,47.25950850729997
mlp-pinn,272.88753283799474,45.79582977618901,36.9971173019519,47.26000127051917
mlp-pinn,273.35521814701434,45.79679697608849,36.990002536389326,47.26049403373837
mlp-pinn,273.822903456034,45.801568313630476,36.98288777082675,47.2578191873558
mlp-pinn,274.29058876505366,45.8068507297058,36.98121478368935,47.2545275930069
mlp-pinn,274.7582740740733,45.80833656351416,36.980427741471175,47.25213289819463
mlp-pinn,275.22595938309297,45.8049628018998,36.97604138425349,47.2514917653723
mlp-pinn,275.6936446921126,45.80176479108049,36.964950193429615,47.25085063254996
mlp-pinn,276.1613300011323,45.80139989127369,36.953859002605746,47.24800828570354
mlp-pinn,276.62901531015194,45.801819969811135,36.953549645010746,47.24474485531495
mlp-pinn,277.0967006191716,45.8024706309201,36.95537976376658,47.244942544826735
mlp-pinn,277.56438592819126,45.801676790053335,36.95450029390726,47.25181611005713
mlp-pinn,278.03207123721086,45.80071812644188,36.94798825092458,47.25868967528752
mlp-pinn,278.4997565462305,45.800237287892536,36.9414762079419,47.26174575838955
mlp-pinn,278.9674418552502,45.80031059682766,36.93833092598259,47.26406942474548
mlp-pinn,279.43512716426983,45.800522048317276,36.935984389609835,47.2640412216906
mlp-pinn,279.9028124732895,45.80037804855738,36.93256155281415,47.2594889429018
mlp-pinn,280.37049778230914,45.799992977972224,36.92654581739412,47.25493666411299
mlp-pinn,280.8381830913288,45.798194752170296,36.9205300819741,47.25426910501361
mlp-pinn,281.30586840034846,45.79643314444845,36.917516144711854,47.254305696186286
mlp-pinn,281.7735537093681,45.795735780801635,36.91535356800089,47.254392766851545
mlp-pinn,282.2412390183878,45.79643074752109,36.912216040401844,47.25457588422828
mlp-pinn,282.70892432740743,45.79734021833934,36.906404294531114,47.254759001605024
mlp-pinn,283.17660963642703,45.79797131960075,36.900592548660384,47.254609683567814
mlp-pinn,283.6442949454467,45.79802613354151,36.90559139966805,47.25439923295628
mlp-pinn,284.11198025446635,45.79689124046969,36.914032307406835,47.25455098176822
mlp-pinn,284.579665563486,45.79679011465794,36.91839822512657,47.25539577607644
mlp-pinn,285.04735087250566,45.796873169001614,36.910319234762106,47.25624057038466
mlp-pinn,285.5150361815253,45.79727495226955,36.902240244397646,47.25113483673963
mlp-pinn,285.982721490545,45.79737687999574,36.89556009268693,47.24494713290514
mlp-pinn,286.45040679956463,45.79815816179093,36.88936688048218,47.242692923867445
mlp-pinn,286.9180921085843,45.79893404010191,36.88343269476504,47.24780500171681
mlp-pinn,287.38577741760395,45.79974409216642,36.87838747009607,47.25291707956618
mlp-pinn,287.8534627266236,45.80123858506209,36.873342245427104,47.25574680734244
mlp-pinn,288.3211480356432,45.80288328221651,36.86954529189544,47.258168358432144
mlp-pinn,288.78883334466286,45.803268219291894,36.8662542403686,47.25761348314681
mlp-pinn,289.2565186536825,45.803194741485854,36.86350613547033,47.25144992797912
mlp-pinn,289.7242039627022,45.80343942568042,36.86290129721223,47.24528637281142
mlp-pinn,290.19188927172183,45.80421796434241,36.862296458954134,47.246208841854944
mlp-pinn,290.6595745807415,45.80449740894586,36.858555970423566,47.24841218624223
mlp-pinn,291.12725988976115,45.80369945314486,36.85337782711494,47.249624329848544
mlp-pinn,291.5949451987808,45.803647920320124,36.84845671094532,47.24897022852896
mlp-pinn,292.06263050780046,45.803491771249334,36.84477248924993,47.24831612720937
mlp-pinn,292.5303158168201,45.80012964184074,36.84108826755453,47.25086750488397
mlp-pinn,292.9980011258398,45.795962501294945,36.839032801595046,47.25398100199846
mlp-pinn,293.4656864348594,45.79500853026933,36.83783539883266,47.25493689321297
mlp-pinn,293.93337174387904,45.798363705200615,36.83610968215511,47.2518448707289
mlp-pinn,294.4010570528987,45.801405128413634,36.83125707635075,47.248752848244834
mlp-pinn,294.86874236191835,45.79980460788265,36.82640447054639,47.24937054693971
mlp-pinn,295.336427670938,45.797376431602075,36.822736541418834,47.25063331619085
mlp-pinn,295.80411297995767,45.79512622511014,36.819779282332036,47.250458743783746
mlp-pinn,296.2717982889773,45.79328549361364,36.81701822721579,47.24758583195414
mlp-pinn,296.739483597997,45.79134738911303,36.81569634909433,47.24471292012453
mlp-pinn,297.20716890701664,45.79043471401404,36.814374470972865,47.24228814909685
mlp-pinn,297.6748542160363,45.79005343067605,36.81232548170586,47.23994168560977
mlp-pinn,298.1425395250559,45.79171352699976,36.80981590203563,47.23886337010261
mlp-pinn,298.61022483407555,45.79491251926356,36.80697591975478,47.24018190932512
mlp-pinn,299.0779101430952,45.79803547312563,36.800988065063464,47.24150044854763
mlp-pinn,299.54559545211487,45.79884348027064,36.79500021037215,47.23927845732605
mlp-pinn,300.0132807611345,45.7991101799871,36.792737128725115,47.2364137354927
mlp-pinn,300.4809660701542,45.79861640685192,36.79308273434406,47.23323935316471
mlp-pinn,300.94865137917384,45.79787356507055,36.79300030006255,47.22948544854245
mlp-pinn,301.4163366881935,45.797173875017755,36.78736022335028,47.22573154392019
mlp-pinn,301.88402199721315,45.796461208802654,36.781720146638,47.23136176184707
mlp-pinn,302.3517073062328,45.79565189150468,36.777825748291896,47.238735273786965
mlp-pinn,302.81939261525247,45.794360427944284,36.77530559481735,47.241470442179825
mlp-pinn,303.28707792427207,45.792521568478165,36.77289705329965,47.23552101959157
mlp-pinn,303.7547632332917,45.790854165284756,36.772615841860826,47.22957159700332
mlp-pinn,304.2224485423114,45.791699762655924,36.772334630421994,47.23102325131866
mlp-pinn,304.69013385133104,45.792869707775296,36.76973892888774,47.23376704902622
mlp-pinn,305.1578191603507,45.79341717883018,36.76517387086744,47.236118751653954
mlp-pinn,305.62550446937036,45.79341651894712,36.76070708115561,47.2377647567511
mlp-pinn,306.09318977839,45.79340055673776,36.759239692092294,47.23941076184824
mlp-pinn,306.56087508740967,45.79440413714961,36.75777230302897,47.236256957489616
mlp-pinn,307.0285603964293,45.79573126535489,36.7558015963643,47.23229918843107
mlp-pinn,307.496245705449,45.79666144843156,36.75336229320157,47.23114613088427
mlp-pinn,307.9639310144686,45.79614737562072,36.750918164230214,47.235060050906895
mlp-pinn,308.43161632348824,45.79566380929255,36.74804075931404,47.23897397092953
mlp-pinn,308.8993016325079,45.79538946352322,36.74516335439787,47.239529746038244
mlp-pinn,309.36698694152756,45.79509253881845,36.74145279002621,47.23952210953686
mlp-pinn,309.8346722505472,45.7963138242558,36.736909264296806,47.239416318094335
mlp-pinn,310.3023575595669,45.80012833490475,36.73236573856741,47.239135007416166
mlp-pinn,310.77004286858653,45.80351905671414,36.73101452434975,47.23885369673799
mlp-pinn,311.2377281776062,45.80048300937771,36.72969384360205,47.23641328282055
mlp-pinn,311.70541348662584,45.79680585891565,36.72808531044787,47.2336316637998
mlp-pinn,312.1730987956455,45.79576882499781,36.72616911382409,47.231157467917875
mlp-pinn,312.64078410466516,45.79714288059887,36.72425291720031,47.22923130320301
mlp-pinn,313.10846941368476,45.79841818620419,36.724795432476185,47.227305138488134
mlp-pinn,313.5761547227044,45.799403221475906,36.72541132522691,47.22752255837846
mlp-pinn,314.0438400317241,45.80056887259508,36.72548034387292,47.22807743645224
mlp-pinn,314.51152534074373,45.80160555042953,36.724897873388365,47.22721835211176
mlp-pinn,314.9792106497634,45.80179889193789,36.72431540290381,47.2239353096584
mlp-pinn,315.44689595878305,45.801708727469276,36.7186590923187,47.22065226720503
mlp-pinn,315.9145812678027,45.79948640318588,36.71268734877306,47.2226795045952
mlp-pinn,316.38226657682236,45.797435112832275,36.709461018172775,47.22550664666316
mlp-pinn,316.849951885842,45.79845605871084,36.70975666128659,47.22701949318668
mlp-pinn,317.3176371948617,45.802864887359874,36.7100523044004,47.226334433219876
mlp-pinn,317.78532250388133,45.807126328948755,36.70846471010772,47.22564937325306
mlp-pinn,318.25300781290093,45.80624716065404,36.70674588571666,47.22766776773773
mlp-pinn,318.7206931219206,45.804393972008725,36.70415123714966,47.230075938048586
mlp-pinn,319.18837843094025,45.8026962444017,36.70034868774421,47.23173092065158
mlp-pinn,319.6560637399599,45.801522393349444,36.69654613833876,47.232152254813855
mlp-pinn,320.12374904897956,45.8003185179748,36.698058913209806,47.23257358897612
mlp-pinn,320.5914343579992,45.79979862322645,36.700063306706824,47.23307318422834
mlp-pinn,321.0591196670189,45.79956222309252,36.702027504131436,47.233583428637814
mlp-pinn,321.52680497603853,45.79964891337847,36.70393124429118,47.23167503424613
mlp-pinn,321.9944902850582,45.79978378064273,36.70583498445091,47.22587309191465
mlp-pinn,322.46217559407785,45.799902028884006,36.70515649562928,47.22007114958316
mlp-pinn,322.9298609030975,45.798923835280604,36.70416733584481,47.221927604409736
mlp-pinn,323.3975462121171,45.79772078304101,36.703183061694,47.22475628182829
mlp-pinn,323.86523152113676,45.79614649520614,36.702206821074135,47.226902645075576
mlp-pinn,324.3329168301564,45.794237861440976,36.70123058045427,47.2279624611671
mlp-pinn,324.8006021391761,45.792328044940405,36.69514950615792,47.229022277258636
mlp-pinn,325.26828744819574,45.791734646921526,36.68830246979402,47.22638593913723
mlp-pinn,325.7359727572154,45.791483952735604,36.682480296153784,47.22326532545987
mlp-pinn,326.20365806623505,45.79248884187889,36.67846528924905,47.22271958157392
mlp-pinn,326.6713433752547,45.794540371999716,36.6744502823443,47.226363503201
mlp-pinn,327.13902868427436,45.79657750988108,36.673667672823186,47.23000742482809
mlp-pinn,327.606713993294,45.79802320604568,36.67346067214454,47.22999784898475
mlp-pinn,328.0743993023136,45.79939254006415,36.674483071977455,47.229508234754256
mlp-pinn,328.5420846113333,45.799426935110425,36.67786476397414,47.22804441562949
mlp-pinn,329.00976992035294,45.798460461069965,36.68124645597082,47.22501040436207
mlp-pinn,329.4774552293726,45.797534738172615,36.67859646040514,47.221976393094636
mlp-pinn,329.94514053839225,45.79464048289427,36.67470487388135,47.22101894398819
mlp-pinn,330.4128258474119,45.79104555855332,36.67163206820784,47.22034243212206
mlp-pinn,330.88051115643157,45.78906798393914,36.67031596307988,47.22088902026327
mlp-pinn,331.3481964654512,45.78950137428774,36.668999857951924,47.223407183675256
mlp-pinn,331.8158817744709,45.78986343700892,36.666756284918186,47.22592534708724
mlp-pinn,332.28356708349054,45.790869636279496,36.66429208862476,47.228209488636345
mlp-pinn,332.7512523925102,45.792537308779615,36.66194925319611,47.230461804497054
mlp-pinn,333.2189377015298,45.7941280420351,36.659907019448845,47.230463446529384
mlp-pinn,333.68662301054945,45.79492446965111,36.65786478570158,47.22685165380293
mlp-pinn,334.1543083195691,45.79567875221336,36.65719000793537,47.223239861076486
mlp-pinn,334.62199362858877,45.79488502303259,36.65690313960526,47.225935832618106
mlp-pinn,335.0896789376084,45.79405108405311,36.656517066471714,47.22946942463401
mlp-pinn,335.5573642466281,45.79367189561843,36.65585688882072,47.230754374318224
mlp-pinn,336.02504955564774,45.793029291861004,36.65519671116973,47.22837628096641
mlp-pinn,336.4927348646674,45.792400389842896,36.653411003642425,47.22599818761459
mlp-pinn,336.96042017368706,45.79333699227071,36.651254485860036,47.22591728643075
mlp-pinn,337.4281054827067,45.794501114955125,36.64934981952484,47.226155650749426
mlp-pinn,337.8957907917263,45.794841803111844,36.64824901747889,47.22651832518876
mlp-pinn,338.36347610074597,45.79441883741747,36.64714821543294,47.22708261224836
mlp-pinn,338.8311614097656,45.794027883633504,36.64998051194292,47.22764689930796
mlp-pinn,339.2988467187853,45.79507808977423,36.65427028622399,47.229428818304385
mlp-pinn,339.76653202780494,45.796167805812765,36.656739217365455,47.2313765685637
mlp-pinn,340.2342173368246,45.7965919433494,36.65272457171196,47.23277500497641
mlp-pinn,340.70190264584426,45.79549965930339,36.64870992605846,47.23328124629932
mlp-pinn,341.1695879548639,45.7944043620529,36.6464893816729,47.23378748762222
mlp-pinn,341.63727326388357,45.79589171854214,36.6449989853868,47.23253631292121
mlp-pinn,342.10495857290323,45.79798746218976,36.64354982357437,47.23104398682293
mlp-pinn,342.5726438819229,45.79861131419929,36.64226313675407,47.23076484994077
mlp-pinn,343.0403291909425,45.7967682979875,36.64097644993376,47.23242794309701
mlp-pinn,343.50801449996214,45.79493451139221,36.64168510314753,47.23409103625325
mlp-pinn,343.9756998089818,45.79586558285274,36.64328486004001,47.23493048527767
mlp-pinn,344.44338511800146,45.79730603541129,36.644034958732746,47.23565975382558
mlp-pinn,344.9110704270211,45.799127623400224,36.64110330725065,47.23689983556433
mlp-pinn,345.3787557360408,45.80157655689477,36.63817165576856,47.23894939558253
mlp-pinn,345.84644104506043,45.804013921749245,36.63598392143571,47.24099895560073
mlp-pinn,346.3141263540801,45.801902709276646,36.634137843946824,47.238815329364726
mlp-pinn,346.78181166309975,45.79897677057023,36.63258461919649,47.2360636283846
mlp-pinn,347.2494969721194,45.797094953959856,36.63241558997063,47.23413574756301
mlp-pinn,347.71718228113906,45.797264155211764,36.63224656074476,47.233516456680974
mlp-pinn,348.18486759015866,45.79743872508837,36.630036871581424,47.23289716579894
mlp-pinn,348.6525528991783,45.79732149090982,36.62682001560062,47.23248069414912
mlp-pinn,349.120238208198,45.797100558487344,36.62431982009801,47.23209045819608
mlp-pinn,349.58792351721763,45.796624907379396,36.62557385426711,47.23142564049154
mlp-pinn,350.0556088262373,45.7963143008884,36.62682788843621,47.23031842236627
mlp-pinn,350.52329413525695,45.79603988912477,36.62682457863683,47.229211204241
mlp-pinn,350.9909794442766,45.796998017595506,36.626155291762174,47.23146266218154
mlp-pinn,351.45866475329626,45.79783553017015,36.62553630939338,47.23415001326161
mlp-pinn,351.9263500623159,45.79647241404001,36.62521182830812,47.23520048279254
mlp-pinn,352.3940353713356,45.792532999702274,36.624887347222845,47.23364045223152
mlp-pinn,352.86172068035523,45.78863947003612,36.62456186278315,47.2320804216705
mlp-pinn,353.32940598937483,45.79094183401751,36.624235818353995,47.234349173624956
mlp-pinn,353.7970912983945,45.7936193232612,36.623935672508416,47.23708530621314
mlp-pinn,354.26477660741415,45.79532914945503,36.62379727856756,47.23816495075622
mlp-pinn,354.7324619164338,45.79550688079264,36.62365888462671,47.23671384600222
mlp-pinn,355.20014722545346,45.7956794614187,36.62264460171522,47.23526274124822
mlp-pinn,355.6678325344731,45.79647637418241,36.621115215891436,47.23805320030953
mlp-pinn,356.1355178434928,45.79751218054885,36.619496714967774,47.24131049109427
mlp-pinn,356.60320315251244,45.798058489838596,36.617256920939916,47.240511716061896
mlp-pinn,357.0708884615321,45.7979677900069,36.61501712691206,47.23378738200427
mlp-pinn,357.53857377055175,45.797877574955535,36.61425975912212,47.22706304794664
mlp-pinn,358.00625907957135,45.79871610299912,36.61443039770325,47.226141949360866
mlp-pinn,358.473944388591,45.7996496029573,36.614346545352156,47.22582502958739
mlp-pinn,358.94162969761067,45.80030408299964,36.61222853689978,47.2268506892011
mlp-pinn,359.4093150066303,45.80008562090405,36.6101105284474,47.22987307352106
mlp-pinn,359.87700031565,45.79986715880846,36.608670805068684,47.232895457841025
mlp-pinn,360.34468562466964,45.79714035116132,36.60767560428031,47.23435900839372
mlp-pinn,360.8123709336893,45.79437367838061,36.60673106236724,47.23566231784966
mlp-pinn,361.28005624270895,45.793417018782705,36.606256751817774,47.23581088415849
mlp-pinn,361.7477415517286,45.794941001124265,36.60578244126831,47.2342369258627
mlp-pinn,362.21542686074827,45.796464983465825,36.60534555387994,47.23266296756692
mlp-pinn,362.6831121697679,45.795958080477675,36.604934892659735,47.23241570756935
mlp-pinn,363.1507974787875,45.79540753390726,36.60447474033258,47.23231960183388
mlp-pinn,363.6184827878072,45.795988453089976,36.60350908896675,47.23206993082659
mlp-pinn,364.08616809682684,45.79795096718555,36.60254343760092,47.2315870882396
mlp-pinn,364.5538534058465,45.79991348128112,36.60213965626716,47.23110424565262
mlp-pinn,365.02153871486615,45.79701872217886,36.60213507606773,47.22995187561639
mlp-pinn,365.4892240238858,45.793587464350665,36.60218692171707,47.22871896422676
mlp-pinn,365.95690933290547,45.79253753554364,36.60283824435504,47.22799168888675
mlp-pinn,366.4245946419251,45.795123566458216,36.60348956699301,47.228046615743786
mlp-pinn,366.8922799509448,45.797709597372794,36.602740658832396,47.22810154260081
mlp-pinn,367.35996525996444,45.7960535196548,36.60099905422573,47.22674938015098
mlp-pinn,367.82765056898404,45.79390585750296,36.599147335862945,47.225227570563774
mlp-pinn,368.2953358780037,45.7930819878453,36.596056317866896,47.22386622059939
mlp-pinn,368.76302118702336,45.7942613206919,36.59296529987085,47.22275507250456
mlp-pinn,369.230706496043,45.795440653538506,36.591833242887745,47.22164392440974
mlp-pinn,369.69839180506267,45.79526791023753,36.59209104902296,47.22230440645594
mlp-pinn,370.1660771140823,45.79497055987309,36.59215261491539,47.22317304045705
mlp-pinn,370.633762423102,45.793828916914876,36.59008298929664,47.22305003504443
mlp-pinn,371.10144773212164,45.79144632206085,36.58801336367788,47.22138669292542
mlp-pinn,371.5691330411413,45.78906372720683,36.58679478648594,47.21972335080641
mlp-pinn,372.03681835016096,45.78807995249093,36.586180041378185,47.219205512853
mlp-pinn,372.5045036591806,45.78719624266431,36.585576004328004,47.21882001512606
mlp-pinn,372.9721889682002,45.78763515080118,36.58507968795874,47.21917394664756
mlp-pinn,373.4398742772199,45.79021754134962,36.584583371589474,47.2206705692937
mlp-pinn,373.90755958623953,45.792799931898074,36.58526505445217,47.222167191939846
mlp-pinn,374.3752448952592,45.79334181947501,36.5867831854299,47.22211750757195
mlp-pinn,374.84293020427884,45.79362419810802,36.58795501106142,47.22189127564419
mlp-pinn,375.3106155132985,45.79454832374664,36.584978116896885,47.22264439875046
mlp-pinn,375.77830082231816,45.796410463904074,36.58200122273235,47.224854574461574
mlp-pinn,376.2459861313378,45.79827260406151,36.58054967232819,47.22706475017268
mlp-pinn,376.7136714403575,45.796213468147016,36.58020483896061,47.22690963177313
mlp-pinn,377.18135674937713,45.7938077190816,36.57987660310963,47.22648462939209
mlp-pinn,377.6490420583968,45.79281760401487,36.579740770030895,47.22508549369378
mlp-pinn,378.1167273674164,45.79371531431273,36.57960493695216,47.22223930584456
mlp-pinn,378.58441267643605,45.79461302461058,36.57830392275456,47.21939311799533
mlp-pinn,379.0520979854557,45.79599951568824,36.576159029741774,47.21928977236651
mlp-pinn,379.51978329447536,45.79746327268127,36.57401700408752,47.219486557573106
mlp-pinn,379.987468603495,45.798665320451605,36.571906680035404,47.221407691321836
mlp-pinn,380.4551539125147,45.79949919053546,36.569796355983286,47.22590788471631
mlp-pinn,380.92283922153433,45.80033306061931,36.57221893090438,47.23040807811077
mlp-pinn,381.390524530554,45.80047532482118,36.577883923662185,47.23160868025248
mlp-pinn,381.85820983957365,45.80055702029027,36.582814652895,47.232453214641886
mlp-pinn,382.3258951485933,45.800764862521504,36.579147680107944,47.23342701449617
mlp-pinn,382.79358045761296,45.801146647341795,36.57548070732089,47.23459453283807
mlp-pinn,383.26126576663256,45.80152843216209,36.574188767240656,47.23576205117996
mlp-pinn,383.7289510756522,45.799950614296876,36.57463941848455,47.23259265228382
mlp-pinn,384.1966363846719,45.79819808656943,36.57517082321658,47.228927565258395
mlp-pinn,384.66432169369153,45.79752571421666,36.576755654027394,47.2268294974209
mlp-pinn,385.1320070027112,45.79835565684317,36.57834048483821,47.227077064630336
mlp-pinn,385.59969231173085,45.799185599469695,36.577952403623954,47.22732463183978
mlp-pinn,386.0673776207505,45.799247843388116,36.5760924699149,47.22721149511334
mlp-pinn,386.53506292977016,45.79925149457521,36.574307143518425,47.22706017947372
mlp-pinn,387.0027482387898,45.7994252626695,36.57347519523342,47.22624345254196
mlp-pinn,387.4704335478095,45.79978210785273,36.57264324694842,47.2244631264905
mlp-pinn,387.9381188568291,45.800138953035955,36.57130604478781,47.222682800439046
mlp-pinn,388.40580416584874,45.80027911815755,36.5695861682127,47.221061083497915
mlp-pinn,388.8734894748684,45.800394931501444,36.56776309641535,47.21945585998923
mlp-pinn,389.34117478388805,45.80089205868474,36.56450561602489,47.219234436702166
mlp-pinn,389.8088600929077,45.80205956444208,36.56124813563442,47.220999747249465
mlp-pinn,390.27654540192736,45.80322707019943,36.56338531503933,47.22276505779677
mlp-pinn,390.744230710947,45.80196423902562,36.56964379885806,47.22269631135408
mlp-pinn,391.2119160199667,45.800425751903845,36.575459132033814,47.22245651742863
mlp-pinn,391.67960132898634,45.79917431494821,36.574879871882985,47.222562201528056
mlp-pinn,392.147286638006,45.798224891112234,36.574300611732156,47.22315069018324
mlp-pinn,392.61497194702565,45.79727546727626,36.571698206431535,47.22373917883843
mlp-pinn,393.08265725604525,45.79692619277763,36.56752117502805,47.22073987981158
mlp-pinn,393.5503425650649,45.79679652110758,36.56340237974143,47.21743476633518
mlp-pinn,394.01802787408457,45.79740706967023,36.560181200690394,47.216318771577996
mlp-pinn,394.4857131831042,45.79875680009921,36.556960021639355,47.21815099792126
mlp-pinn,394.9533984921239,45.800106530528204,36.557362132717664,47.21998322426453
mlp-pinn,395.42108380114354,45.80019202747208,36.56065500757358,47.220833973721476
mlp-pinn,395.8887691101632,45.80020937696194,36.56375485701597,47.22160587278407
mlp-pinn,396.35645441918285,45.799526478414165,36.56375181109102,47.22077506368597
mlp-pinn,396.8241397282025,45.79774401888632,36.56374876516607,47.21777590323388
mlp-pinn,397.29182503722217,45.79596155935849,36.56236012158018,47.21477674278179
mlp-pinn,397.75951034624177,45.795478805395426,36.55985499200045,47.21616047611139
mlp-pinn,398.2271956552614,45.795147125742886,36.55747532750504,47.21787668185995
mlp-pinn,398.6948809642811,45.79493908375374,36.557803764770256,47.2182519636464
mlp-pinn,399.16256627330074,45.79510111878329,36.558132202035466,47.2168254372361
mlp-pinn,399.6302515823204,45.795263153812854,36.558679281842906,47.215398910825805
mlp-pinn,400.09793689134005,45.79286587992199,36.55940734384919,47.216713177172984
mlp-pinn,400.5656222003597,45.78997259849973,36.560002618273565,47.21823675285494
mlp-pinn,401.03330750937937,45.78902551235005,36.557615639406194,47.22076971802626
mlp-pinn,401.500992818399,45.79153928200259,36.55522866053882,47.22465292297229
mlp-pinn,401.9686781274187,45.79405305165511,36.554573058591295,47.22853612791831
mlp-pinn,402.43636343643834,45.794156420570985,36.555364351890056,47.22767403388447
mlp-pinn,402.90404874545794,45.793849300161746,36.556179502499596,47.22645278174371
mlp-pinn,403.3717340544776,45.79371849519652,36.55752900629207,47.22530059508421
mlp-pinn,403.83941936349726,45.794106637989756,36.55887851008454,47.2242385218796
mlp-pinn,404.3071046725169,45.79449478078298,36.55704253255187,47.22317644867499
mlp-pinn,404.77478998153657,45.794834262622416,36.552535297209374,47.22433546174291
mlp-pinn,405.24247529055623,45.79495867597619,36.54830470806541,47.22565134748243
mlp-pinn,405.7101605995759,45.79502356597942,36.549880837777714,47.22443683416129
mlp-pinn,406.17784590859554,45.7955452540394,36.551456967490026,47.21989843062009
mlp-pinn,406.6455312176152,45.79606694209939,36.554011448073766,47.21536002707889
mlp-pinn,407.11321652663486,45.796322785844595,36.55738168937998,47.220356774864214
mlp-pinn,407.5809018356545,45.79638049573046,36.56063321849016,47.22603483111422
mlp-pinn,408.0485871446741,45.79642827726683,36.561491591029494,47.229245736349114
mlp-pinn,408.5162724536938,45.79638786263962,36.56234996356883,47.22925795119369
mlp-pinn,408.98395776271343,45.796347448012426,36.56119371436298,47.22927016603826
mlp-pinn,409.4516430717331,45.796083483476984,36.55838696438555,47.229140723663626
mlp-pinn,409.91932838075275,45.79598527790527,36.555690642421474,47.22900176364483
mlp-pinn,410.3870136897724,45.79604280557158,36.55502315856348,47.22730819115174
mlp-pinn,410.85469899879206,45.79616227282655,36.55435567470548,47.22362742301121
mlp-pinn,411.3223843078117,45.796281740081525,36.55559801383549,47.21994665487067
mlp-pinn,411.7900696168314,45.79807348704518,36.55841286418449,47.22443358584598
mlp-pinn,412.25775492585103,45.799943550252195,36.56104642823061,47.22941133408301
mlp-pinn,412.7254402348707,45.800158934056896,36.559865506232946,47.231797144799245
mlp-pinn,413.1931255438903,45.79802165413999,36.55868458423527,47.230950484399976
mlp-pinn,413.66081085290995,45.795884374223085,36.557515384451506,47.230103824000714
mlp-pinn,414.1284961619296,45.795070773240354,36.55635583889952,47.225775733764785
mlp-pinn,414.59618147094926,45.794441760237035,36.55529458597705,47.221260243171095
mlp-pinn,415.0638667799689,45.79416308830636,36.556328248638735,47.220683079076295
mlp-pinn,415.5315520889886,45.79432218718508,36.55736191130042,47.225002444202204
mlp-pinn,415.99923739800823,45.7944812860638,36.556736487275,47.22932180932811
mlp-pinn,416.4669227070279,45.79419720131045,36.554733593540305,47.23151549049701
mlp-pinn,416.93460801604755,45.79393746440855,36.552794356165066,47.23359093355069
mlp-pinn,417.4022933250672,45.79402017161294,36.552246931116514,47.23329827188924
mlp-pinn,417.8699786340868,45.794474919662804,36.55169950606796,47.23006129722422
mlp-pinn,418.33766394310646,45.794929667712665,36.55122314416546,47.22682432255919
mlp-pinn,418.8053492521261,45.79506060625603,36.550806815749674,47.224121197654505
mlp-pinn,419.2730345611458,45.795036134593005,36.55043305420857,47.22144561822646
mlp-pinn,419.74071987016544,45.794925630593,36.55106396900511,47.22054866983206
mlp-pinn,420.2084051791851,45.79543437534356,36.55169488380164,47.221799198441495
mlp-pinn,420.67609048820475,45.79594312009412,36.55211300280008,47.22304972705093
mlp-pinn,421.1437757972244,45.79516759113018,36.55234800391279,47.225014419816894
mlp-pinn,421.61146110624406,45.79402283026099,36.55264064481596,47.22701540235031
mlp-pinn,422.0791464152637,45.79317089668159,36.554406666530824,47.226671338497745
mlp-pinn,422.5468317242834,45.79259592897627,36.55617268824569,47.22348802690931
mlp-pinn,423.014517033303,45.79202096127096,36.55636847362298,47.22030471532088
mlp-pinn,423.48220234232264,45.792552448811804,36.55520663618848,47.22146912421287
mlp-pinn,423.9498876513423,45.793220586580425,36.5540518654258,47.222855644869455
mlp-pinn,424.41757296036195,45.794266185352654,36.553095393504066,47.22440670304633
mlp-pinn,424.8852582693816,45.796202524529164,36.55213892158233,47.22615624891935
mlp-pinn,425.35294357840127,45.79813886370566,36.55131259760287,47.22790579479238
mlp-pinn,425.8206288874209,45.79688662372461,36.55059996443921,47.22692193671499
mlp-pinn,426.2883141964406,45.795270230676394,36.549953590170986,47.22580780941505
mlp-pinn,426.75599950546024,45.794011306838904,36.551560918134776,47.22537628500481
mlp-pinn,427.2236848144799,45.792991090447856,36.553168246098565,47.225751053295504
mlp-pinn,427.6913701234995,45.791970874056815,36.5534161592359,47.226125821586194
mlp-pinn,428.15905543251915,45.792235618887034,36.5524559304862,47.2230197532229
mlp-pinn,428.6267407415388,45.79285183539529,36.5515694932105,47.21974765760295
mlp-pinn,429.09442605055847,45.79349389215869,36.553018190143824,47.218608000424496
mlp-pinn,429.5621113595781,45.794101362676145,36.55446688707715,47.21999929004647
mlp-pinn,430.0297966685978,45.794708833193596,36.55527492299293,47.22139057966844
mlp-pinn,430.49748197761744,45.793316115815585,36.55551276954059,47.22326300520921
mlp-pinn,430.9651672866371,45.79163701024387,36.555738551102465,47.225155763316174
mlp-pinn,431.43285259565675,45.790951866303374,36.55553114716059,47.22506358288342
mlp-pinn,431.9005379046764,45.7911729696128,36.55532374321873,47.22266320841839
mlp-pinn,432.36822321369607,45.79139407292223,36.556170249523596,47.22026283395336
mlp-pinn,432.83590852271567,45.79265190978215,36.5579676061972,47.22227654266637
mlp-pinn,433.3035938317353,45.79420775190632,36.559712352629646,47.22444701156888
mlp-pinn,433.771279140755,45.79478280112702,36.55944856750449,47.226031616866614
mlp-pinn,434.23896444977464,45.79443837337804,36.55918478237933,47.226931789587
mlp-pinn,434.7066497587943,45.79409394562907,36.56053342536803,47.227831962307384
mlp-pinn,435.17433506781396,45.79264453872564,36.563348521498455,47.22404952624792
mlp-pinn,435.6420203768336,45.79086216352718,36.56601693403418,47.22007673370007
mlp-pinn,436.10970568585327,45.78993979130955,36.5626093026633,47.21896557910712
mlp-pinn,436.5773909948729,45.79047813622866,36.55920167129241,47.22114205805917
mlp-pinn,437.0450763038926,45.791016481147764,36.557682772875815,47.223318537011224
mlp-pinn,437.51276161291224,45.79042904067497,36.557904067685385,47.22387142445822
mlp-pinn,437.98044692193184,45.78960194484185,36.55810946772346,47.22436415251835
mlp-pinn,438.4481322309515,45.789561072156786,36.557571870644274,47.225314761886935
mlp-pinn,438.91581753997116,45.790760495770314,36.557034273565094,47.226795140004306
mlp-pinn,439.3835028489908,45.791959919383835,36.557216749766255,47.22827551812168
mlp-pinn,439.8511881580105,45.79203885586883,36.55805540614902,47.228980286052696
mlp-pinn,440.31887346703013,45.792142934414514,36.558839331005125,47.22965614955247
mlp-pinn,440.7865587760498,45.79256193940673,36.55713146245583,47.22965157011227
mlp-pinn,441.25424408506944,45.79300956695131,36.55542359390653,47.22887765709703
mlp-pinn,441.7219293940891,45.793457194495886,36.55442089837609,47.22810374408179
mlp-pinn,442.18961470310876,45.79329138148641,36.55405794192165,47.228179964751035
mlp-pinn,442.6573000121284,45.79301469713357,36.55370110367358,47.2282822181522
mlp-pinn,443.124985321148,45.79292174128676,36.553604966756716,47.22802351545894
mlp-pinn,443.5926706301677,45.79366617175495,36.553508829839856,47.227359025206674
mlp-pinn,444.06035593918733,45.79441060222314,36.55267828652923,47.226694534954405
mlp-pinn,444.528041248207,45.79327273009241,36.551178200264125,47.224199046451574
mlp-pinn,444.99572655722665,45.79171080745157,36.5497456726031,47.22164260245114
mlp-pinn,445.4634118662463,45.79080580444162,36.550855153058,47.221951547775596
mlp-pinn,445.93109717526596,45.79116901501752,36.5519646335129,47.22551295424974
mlp-pinn,446.3987824842856,45.79153222559343,36.55257701810099,47.22907436072388
mlp-pinn,446.8664677933053,45.792338306076594,36.55274192341533,47.229614868977
mlp-pinn,447.33415310232493,45.79304705408292,36.552963148680305,47.23005324746232
mlp-pinn,447.80183841134453,45.79333863552857,36.55514397723846,47.228957231179606
mlp-pinn,448.2695237203642,45.79344034971609,36.55732480579661,47.226130044906256
mlp-pinn,448.73720902938385,45.79354206390363,36.55775331051182,47.223302858632906
mlp-pinn,449.2048943384035,45.7920697001905,36.55658418189998,47.224340414773465
mlp-pinn,449.67257964742316,45.790404469442876,36.555354417043255,47.22551570863881
mlp-pinn,450.1402649564428,45.789670711470414,36.551631260436196,47.22563523448611
mlp-pinn,450.6079502654625,45.79007463198339,36.547908103829144,47.22453085280052
mlp-pinn,451.07563557448213,45.79047855249636,36.54771527943083,47.22342647111493
mlp-pinn,451.5433208835018,45.79144079345181,36.55073262001397,47.22157250924065
mlp-pinn,452.01100619252145,45.79252237315001,36.5536964223867,47.21969198255509
mlp-pinn,452.4786915015411,45.79326262881248,36.55462042528723,47.21863687453213
mlp-pinn,452.9463768105607,45.79342580701163,36.55554442818777,47.21853296681126
mlp-pinn,453.41406211958036,45.79358898521079,36.555826603325016,47.21842905909039
mlp-pinn,453.8817474286,45.79241136155939,36.55553471226956,47.2176753044965
mlp-pinn,454.3494327376197,45.791111512680956,36.55523863040234,47.2169001787327
mlp-pinn,454.81711804663934,45.79095720304924,36.55481455186512,47.216553693809225
mlp-pinn,455.284803355659,45.79251562436466,36.5543904733279,47.21669428377187
mlp-pinn,455.75248866467865,45.794074045680084,36.553394434833336,47.21683487373452
mlp-pinn,456.2201739736983,45.79422660448256,36.55189326128592,47.21823749764317
mlp-pinn,456.68785928271797,45.794119246377264,36.55042559981105,47.219676727478934
mlp-pinn,457.1555445917376,45.794056263536504,36.55024102631509,47.22236812364018
mlp-pinn,457.6232299007572,45.79440533657727,36.55005645281914,47.22645812298348
mlp-pinn,458.0909152097769,45.79475440961804,36.54979305147543,47.23054812232679
mlp-pinn,458.55860051879654,45.79468742779247,36.54945823523357,47.227036692893115
mlp-pinn,459.0262858278162,45.79447731702507,36.54917144611051,47.22334978084808
mlp-pinn,459.49397113683585,45.79399662864688,36.551487036140465,47.22139820249686
mlp-pinn,459.9616564458555,45.793312787332965,36.553802626170416,47.221305064459024
mlp-pinn,460.42934175487517,45.79262894601905,36.55409296424394,47.221211926421184
mlp-pinn,460.8970270638948,45.792886379128674,36.55249404989055,47.22563947972735
mlp-pinn,461.3647123729145,45.79317046821215,36.55094378742584,47.23013835945084
mlp-pinn,461.83239768193414,45.79355054248994,36.55219869420258,47.231075461643876
mlp-pinn,462.3000829909538,45.794047840416226,36.553453600979324,47.22827839971498
mlp-pinn,462.7677682999734,45.79454513834251,36.55343278863598,47.225481337786086
mlp-pinn,463.23545360899305,45.794556542444916,36.55219718502774,47.22682605139935
mlp-pinn,463.7031389180127,45.79457051299585,36.550962374173466,47.22819679736389
mlp-pinn,464.17082422703237,45.794181393311916,36.549795663514345,47.22877321623508
mlp-pinn,464.638509536052,45.793174621052884,36.548628952855225,47.22855608277448
mlp-pinn,465.1061948450717,45.79216784879385,36.54783961731179,47.228331647355134
mlp-pinn,465.57388015409134,45.79201668967973,36.54741249551219,47.22679283680829
mlp-pinn,466.041565463111,45.79195746581799,36.54699631392753,47.225254026261446
mlp-pinn,466.50925077213066,45.792032342926774,36.54771809017007,47.22462190318161
mlp-pinn,466.9769360811503,45.79230770571911,36.548439866412615,47.224855143441694
mlp-pinn,467.44462139016997,45.79258306851145,36.548627823567365,47.2250862121582
mlp-pinn,467.91230669918957,45.792612075805664,36.54829119144677,47.2250862121582
mlp-pinn,468.37999200820923,45.792612075805664,36.54795455932617,47.2250862121582
mlp-fosls,0.5518381595611572,10.412230968475342,8.842196464538574,15.178338050842285
mlp-fosls,0.7732178076609477,9.037171989650961,7.932848783043912,12.030837183081035
mlp-fosls,0.9945974557607382,7.704457439184455,7.021267636616787,8.861759378200206
mlp-fosls,1.2159771038605287,6.830586813238591,6.598007684634228,7.17748220019469
mlp-fosls,1.4373567519603192,6.770581072316043,6.457386910671159,7.037277035930105
mlp-fosls,1.6587364000601095,6.743828975918105,6.317676151433218,6.9060972196530575
mlp-fosls,1.8801160481599,6.711154554594758,6.4522285698881445,6.840192908494577
mlp-fosls,2.1014956962596907,6.640697553784458,6.544232498195418,6.94720776905234
mlp-fosls,2.322875344359481,6.616874090976433,6.5314392593230375,6.9460925288586495
mlp-fosls,2.5442549924592717,6.613770908791583,6.551900733040043,6.8380200268117335
mlp-fosls,2.7656346405590617,6.664003022107769,6.485414975720905,6.938980761549283
mlp-fosls,2.987014288658852,6.652214537386882,6.502377134991761,6.933538499992971
mlp-fosls,3.2083939367586427,6.660166230155359,6.4991216412275365,6.923930354736448
mlp-fosls,3.429773584858433,6.629869386011621,6.4575622122497816,6.8961693085147795
mlp-fosls,3.6511532329582237,6.555853094344213,6.477839163722537,6.848460858236502
mlp-fosls,3.872532881058014,6.519008809644256,6.327686425638158,6.800752407958224
mlp-fosls,4.093912529157805,6.5731390080511645,6.470929116592874,6.700405443329728
mlp-fosls,4.315292177257595,6.606390328569384,6.342003246857214,6.821246096276164
mlp-fosls,4.536671825357386,6.599111298915959,6.345477269662561,6.856780315631582
mlp-fosls,4.758051473457176,6.583464600935155,6.508267712703633,6.733421457743028
mlp-fosls,4.979431121556966,6.5958471891200325,6.369463734298444,6.688630229280044
mlp-fosls,5.200810769656757,6.5061555777888564,6.398731161270455,6.748969244800598
mlp-fosls,5.422190417756547,6.523687620693146,6.233272520875102,6.809308260321153
mlp-fosls,5.643570065856338,6.5410326059476445,6.1974949980135134,6.816534431778583
mlp-fosls,5.864949713956128,6.524379260561245,5.999701951470867,6.772782357624305
mlp-fosls,6.086329362055919,6.593188006837755,5.803066300849831,6.776503450969308
mlp-fosls,6.307709010155709,6.485370181812826,5.664992386642558,6.706693651998111
mlp-fosls,6.5290886582555,6.351228208937497,5.526918472435284,6.776688066909121
mlp-fosls,6.75046830635529,6.322271268007853,5.330794557019022,6.766881174548567
mlp-fosls,6.971847954455081,6.238572949096724,5.081393321994265,6.706768979231455
mlp-fosls,7.193227602554871,6.18145603026837,4.831230306813588,6.790660653516558
mlp-fosls,7.414607250654662,6.1426950558588125,4.547940223225655,6.683585320894114
mlp-fosls,7.635986898754452,6.03922805511646,4.264650139637722,6.569065122852432
mlp-fosls,7.857366546854243,5.871823189349068,3.940418443278624,6.443382741421258
mlp-fosls,8.078746194954032,5.695461014247537,3.5791770884794722,6.381931968779359
mlp-fosls,8.300125843053824,5.471599790685416,3.220201182263435,6.351769089674931
mlp-fosls,8.521505491153615,5.13619137595871,2.942772999313324,6.225761207626681
mlp-fosls,8.742885139253405,4.828926401364985,2.6653448163632154,6.267458846968291
mlp-fosls,8.964264787353194,4.531252022094539,2.4447916839272033,6.313740335184961
mlp-fosls,9.185644435452986,4.153120090720932,2.275053296087232,6.349719682826622
mlp-fosls,9.407024083552775,3.8002712652738433,2.102947875830808,6.385699030468284
mlp-fosls,9.628403731652567,3.5568882143893386,1.8556278066126866,6.174412430114371
mlp-fosls,9.849783379752356,3.313505163504836,1.6083077373945673,5.951175729312823
mlp-fosls,10.071163027852148,3.078035369999408,1.4012305965963123,5.847190318970554
mlp-fosls,10.292542675951937,2.849812246314838,1.229447549674021,5.887604111465488
mlp-fosls,10.513922324051729,2.6305858182804798,1.0582400890147965,5.928017903960423
mlp-fosls,10.735301972151518,2.42425685716126,0.9027079523557525,5.754536040063036
mlp-fosls,10.95668162025131,2.217927896042038,0.7471758156967073,5.569741398519939
mlp-fosls,11.1780612683511,2.0221429921718497,0.6285761319703955,5.422505177498564
mlp-fosls,11.39944091645089,1.8353800730930496,0.5417118778415051,5.321614861874547
mlp-fosls,11.62082056455068,1.649075301532771,0.45585322027113867,5.22072454625053
mlp-fosls,11.842200212650472,1.487788343323499,0.3940386159781867,4.959527402200998
mlp-fosls,12.063579860750261,1.3180482417417723,0.3322240116852352,4.688980803855497
mlp-fosls,12.284959508850053,1.1646905214992052,0.28951022272824883,4.407686786043557
mlp-fosls,12.506339156949842,1.0326943070468768,0.2629632804024156,4.112889460148053
mlp-fosls,12.727718805049633,0.9010173360696379,0.2368244400589309,3.8180921342525465
mlp-fosls,12.949098453149423,0.8044071897169254,0.21975424899234663,3.5450168225158856
mlp-fosls,13.170478101249214,0.7083537764284531,0.20268405792576225,3.2732997833164337
mlp-fosls,13.391857749349004,0.6232209187673745,0.1846281261796516,3.0459442662692493
mlp-fosls,13.613237397448795,0.5485146731679942,0.16414154823635413,2.8756904055715578
mlp-fosls,13.834617045548585,0.4740484703160851,0.14365497029305682,2.7054365448738675
mlp-fosls,14.055996693648376,0.4162169780813004,0.130767705041723,2.4749020834280437
mlp-fosls,14.277376341748166,0.35858880627015466,0.118255062862724,2.2401973546290326
mlp-fosls,14.498755989847957,0.3133201216041186,0.10700870877386341,2.0196931168939507
mlp-fosls,14.720135637947747,0.28091009488136187,0.0973001472728518,1.817735417959901
mlp-fosls,14.941515286047537,0.2486054740864294,0.08759158577184019,1.6157777190258513
mlp-fosls,15.162894934147328,0.22654567834933048,0.07904283120647322,1.4610757826191978
mlp-fosls,15.384274582247118,0.19900573453631182,0.07055453809123145,1.3098279256546363
mlp-fosls,15.605654230346909,0.1753209754247626,0.06301396678326106,1.18043894513486
mlp-fosls,15.827033878446699,0.15641179005661515,0.05663914301042875,1.0800607804189584
mlp-fosls,16.04841352654649,0.13762148505323762,0.050264319237596396,0.9796826157030558
mlp-fosls,16.26979317464628,0.12621585835859006,0.04651544722580286,0.886513474187196
mlp-fosls,16.491172822746073,0.11498679716625551,0.04291428317072023,0.7939098025974001
mlp-fosls,16.71255247084586,0.10535334167209198,0.03954195045620465,0.7119970415277074
mlp-fosls,16.933932118945652,0.0977264453607408,0.0364552553671377,0.6445305591213466
mlp-fosls,17.155311767045443,0.0900671386526661,0.03336856027807075,0.5770640767149858
mlp-fosls,17.37669141514523,0.08162330069436108,0.03098337166428635,0.5192439956488
mlp-fosls,17.598071063245023,0.07319138659681383,0.028640720839610886,0.46223044703625044
mlp-fosls,17.819450711344814,0.06689238682553673,0.02653648638621274,0.41224269055904683
mlp-fosls,18.040830359444605,0.06271549092863171,0.024733993828813944,0.3719284726809782
mlp-fosls,18.262210007544393,0.057113214289649064,0.022931501271415175,0.3316142548029101
mlp-fosls,18.483589655644185,0.05263081675081817,0.022156618716933446,0.30749880398538504
mlp-fosls,18.704969303743976,0.048250697987625185,0.021447332678927306,0.2848182157005514
mlp-fosls,18.926348951843767,0.04437635949087887,0.020867294873523744,0.2624826626925229
mlp-fosls,19.147728599943555,0.04111620009211203,0.020452709596966743,0.24063030220679854
mlp-fosls,19.369108248043347,0.037856040693345125,0.020038124320409738,0.21877794172107384
mlp-fosls,19.590487896143138,0.03577387294104352,0.018545576086540394,0.2040101727250105
mlp-fosls,19.81186754424293,0.03374302697880128,0.016980783839783818,0.18990582858053204
mlp-fosls,20.033247192342717,0.03169327103622056,0.01593309758798184,0.1762761648721378
mlp-fosls,20.25462684044251,0.029639250858661717,0.01555501944868889,0.1633231571215605
mlp-fosls,20.4760064885423,0.027585230681102878,0.015176941309395939,0.1503701493709832
mlp-fosls,20.69738613664209,0.026260174511942708,0.014655684501499903,0.139480685204919
mlp-fosls,20.91876578474188,0.024964932385944282,0.014124394435341595,0.12879495910699845
mlp-fosls,21.14014543284167,0.0237622246326376,0.013692030515511643,0.11832445162141762
mlp-fosls,21.361525080941462,0.022686195839802505,0.013389230870390898,0.10816687755022929
mlp-fosls,21.582904729041253,0.02161016704696741,0.013086431225270152,0.09800930347904095
mlp-fosls,21.80428437714104,0.02073378262398956,0.012694509417101594,0.09167857742027131
mlp-fosls,22.025664025240832,0.019868367345418136,0.011962841873943083,0.08574900960748864
mlp-fosls,22.247043673340624,0.019188214134053923,0.011470741750620003,0.07955466264666644
mlp-fosls,22.46842332144041,0.018726536291996117,0.011186096181003944,0.07296837164957064
mlp-fosls,22.689802969540203,0.018264858449938307,0.010897943203591024,0.06638208065247474
mlp-fosls,22.911182617639994,0.017600951446462787,0.010571378069862615,0.061982831673279774
mlp-fosls,23.132562265739786,0.016990871853974274,0.010244812936134204,0.05782482731818595
mlp-fosls,23.353941913839574,0.01645809555325987,0.009934118419534095,0.05384991961564067
mlp-fosls,23.575321561939365,0.015987560915426517,0.009634625238304016,0.050151512330413525
mlp-fosls,23.796701210039156,0.015517026277593163,0.009334568158441832,0.04645310504518637
mlp-fosls,24.018080858138948,0.015277686032269058,0.009028732789441066,0.043799310265669966
mlp-fosls,24.239460506238736,0.015107132566673377,0.008722897420440304,0.04126687648374259
mlp-fosls,24.460840154338527,0.014824681285391907,0.008480100444902291,0.03888975180382443
mlp-fosls,24.68221980243832,0.014527408426680342,0.008280997218634173,0.036751932336365645
mlp-fosls,24.90359945053811,0.014246423553529954,0.00809482686318097,0.034614112868906866
mlp-fosls,25.124979098637898,0.014213577698362108,0.008034812260737951,0.03257883261256337
mlp-fosls,25.34635874673769,0.014169368467934408,0.00797479765829493,0.03055601540226292
mlp-fosls,25.56773839483748,0.013906208123979243,0.007799276937483483,0.028820265276197337
mlp-fosls,25.78911804293727,0.013169623004478388,0.007545060926044549,0.02753466093165299
mlp-fosls,26.01049769103706,0.012487551262309077,0.007300497232855175,0.026249056587108667
mlp-fosls,26.23187733913685,0.01213407975827693,0.007145480439144614,0.025194310561773597
mlp-fosls,26.453256987236642,0.011787189512998853,0.006990463645434053,0.024168759936085332
mlp-fosls,26.674636635336434,0.011600287843822474,0.006826338402794726,0.023130524501033912
mlp-fosls,26.89601628343622,0.011644922230706027,0.006656140179951114,0.022072081499391754
mlp-fosls,27.117395931536013,0.011689556617589582,0.006503113435342951,0.02101363849774958
mlp-fosls,27.338775579635804,0.011487820474021155,0.006500208862022391,0.019933367014910552
mlp-fosls,27.560155227735596,0.011258561794467619,0.006497304288701832,0.018850212438912335
mlp-fosls,27.781534875835384,0.011045472213097571,0.006473594685773822,0.01798000350982929
mlp-fosls,28.002914523935175,0.010888569046056156,0.0064363480983220455,0.017454921257471688
mlp-fosls,28.224294172034966,0.010731665879014737,0.006390315325810403,0.01692983900511408
mlp-fosls,28.445673820134758,0.01064678955528116,0.006272002409142995,0.016484731976836038
mlp-fosls,28.667053468234545,0.01055461880845189,0.00615368949247559,0.016050612040903363
mlp-fosls,28.888433116334337,0.010405890826611877,0.0060321512270359355,0.01563682045096513
mlp-fosls,29.10981276443413,0.010183432828788393,0.00590855881458886,0.015256619634908184
mlp-fosls,29.331192412533916,0.009960974830964914,0.005790948036352427,0.014876418818851244
mlp-fosls,29.552572060633707,0.009801449994219084,0.005720544730318158,0.014487326510424744
mlp-fosls,29.7739517087335,0.009648766234094249,0.0056501414242838876,0.014288399891123073
mlp-fosls,29.99533135683329,0.009517659764884282,0.005661389936030178,0.01398600895126114
mlp-fosls,30.216711004933078,0.009409437135834274,0.00572408474478351,0.01361371076131422
mlp-fosls,30.43809065303287,0.009301214506784266,0.005757471583892157,0.013854121805326585
mlp-fosls,30.65947030113266,0.009276185812999136,0.005567084989218316,0.013243799075326064
mlp-fosls,30.880849949232452,0.00926507265506598,0.005376698394544474,0.013212489892579598
mlp-fosls,31.10222959733224,0.00917186148265434,0.0053062898711622305,0.013044103966068261
mlp-fosls,31.32360924543203,0.008964653118965039,0.005309982930040486,0.012784618552145625
mlp-fosls,31.544988893531823,0.008757444755275741,0.005297057394124696,0.012528066352828295
mlp-fosls,31.766368541631614,0.00876206046295936,0.0051632163879535955,0.012297239700387673
mlp-fosls,31.987748189731402,0.008787496458072924,0.005029375381782496,0.012066413047947054
mlp-fosls,32.20912783783119,0.008729353414867951,0.005010843277358152,0.011923518701774199
mlp-fosls,32.43050748593099,0.008529080164158313,0.005061986037012351,0.011838188308383422
mlp-fosls,32.65188713403077,0.008329705779784341,0.005089275299846261,0.011738564436398754
mlp-fosls,32.873266782130564,0.008251247370244007,0.004950640002431178,0.011518429977891154
mlp-fosls,33.094646430230355,0.008192230299861214,0.004812004705016094,0.011298295519383553
mlp-fosls,33.31602607833015,0.008142934164007026,0.004799355475419553,0.011172200824371707
mlp-fosls,33.53740572642994,0.008143039602477762,0.004861358202493257,0.011106713731676139
mlp-fosls,33.75878537452973,0.008143145040948497,0.00490419067372454,0.011024842259504834
mlp-fosls,33.98016502262952,0.008013631438091062,0.004819083528861597,0.010810298038881656
mlp-fosls,34.201544670729305,0.007847649967388716,0.004733976383998657,0.010595753818258485
mlp-fosls,34.4229243188291,0.0077091374122690084,0.004677045957351115,0.010545437260209537
mlp-fosls,34.64430396692889,0.007634650473736496,0.004636524509527661,0.01059947964313287
mlp-fosls,34.86568361502868,0.007560163535203985,0.004604273995088309,0.010617545075630837
mlp-fosls,35.08706326312847,0.007511087117431292,0.004625550056643901,0.01035451572877385
mlp-fosls,35.30844291122826,0.007471671630196765,0.0046468261181994925,0.010091486381916861
mlp-fosls,35.52982255932805,0.00742477512562017,0.004603692474373035,0.009980863484094353
mlp-fosls,35.751202207427845,0.007356132025696398,0.004523731165275373,0.00996561402963353
mlp-fosls,35.97258185552763,0.007287488925772627,0.004447381192359413,0.009930671131114704
mlp-fosls,36.19396150362742,0.007190630850081257,0.0043934471399406354,0.0097467173657003
mlp-fosls,36.41534115172721,0.007094315645948181,0.004339513087521858,0.009562763600285898
mlp-fosls,36.636720799827,0.007033553252036752,0.004335860295454378,0.009556682532414176
mlp-fosls,36.858100447926795,0.007084992077375556,0.004360333422094038,0.009660296661575548
mlp-fosls,37.079480096026586,0.007131820594529567,0.004374096094792795,0.00974487561314381
mlp-fosls,37.30085974412638,0.0070062812089132405,0.004324056684752132,0.009690145576399854
mlp-fosls,37.52223939222616,0.006841590303874936,0.004274017274711471,0.009635415539655898
mlp-fosls,37.74361904032595,0.006732476781111959,0.004230332920322514,0.009569061111863862
mlp-fosls,37.964998688425744,0.006706485230374218,0.004190128194281651,0.009495630507335682
mlp-fosls,38.186378336525536,0.006680493679636476,0.004144135025502625,0.00942103767034178
mlp-fosls,38.40775798462533,0.006605963119049204,0.00406481932452369,0.009338214092908302
mlp-fosls,38.62913763272512,0.0065244019205374475,0.0039855036235447545,0.009255390515474825
mlp-fosls,38.85051728082491,0.0064497434675791325,0.003947906600355131,0.009082303211191259
mlp-fosls,39.0718969289247,0.006424679596702796,0.003932783134765679,0.00885518561298283
mlp-fosls,39.293276577024486,0.006399955865677121,0.003916866429207238,0.008670350403554482
mlp-fosls,39.51465622512428,0.006377802059070577,0.0038965044974998866,0.008775055321149994
mlp-fosls,39.73603587322407,0.006291021985667508,0.003876142565792535,0.008879760238745508
mlp-fosls,39.95741552132386,0.006231869413459823,0.0038820878685938472,0.008755298685344897
mlp-fosls,40.17879516942365,0.0061935575005391715,0.0039020148363111008,0.008512483071986723
mlp-fosls,40.40017481752344,0.006157503588433875,0.003915783762625868,0.008549097365047977
mlp-fosls,40.621554465623234,0.0061267676970960866,0.0038960591618488047,0.008580482117825269
mlp-fosls,40.842934113723025,0.006090066249989914,0.0038763345610717415,0.008611866870602562
mlp-fosls,41.06431376182281,0.006064101264302777,0.0038839016023780744,0.008514338144140874
mlp-fosls,41.2856934099226,0.006085933415207622,0.0039056671480638596,0.00832576830876387
mlp-fosls,41.50707305802239,0.006107394655475104,0.0039268052946727925,0.008160239253836896
mlp-fosls,41.728452706122184,0.006056343781679638,0.003944664692952716,0.008236381005384971
mlp-fosls,41.949832354221975,0.005979875330580008,0.003962524091232638,0.008312522756933047
mlp-fosls,42.17121200232177,0.00591356050644614,0.0038936177111220317,0.0082081341262493
mlp-fosls,42.39259165042156,0.005900717202402073,0.003780601319622174,0.007977373095288006
mlp-fosls,42.61397129852135,0.005895261706289215,0.0036880473984590516,0.007836094407247446
mlp-fosls,42.83535094662113,0.005806884364300342,0.0036985226670360914,0.0077654652456069576
mlp-fosls,43.056730594720925,0.005695505644567552,0.003708997935613132,0.0076948360839664675
mlp-fosls,43.278110242820716,0.005661102617238968,0.0036929956428240203,0.0076899668783085625
mlp-fosls,43.49948989092051,0.005634836403474522,0.00366384416108002,0.0077219013479445054
mlp-fosls,43.7208695390203,0.005614104250877834,0.0036414656969504127,0.007746729010264344
mlp-fosls,43.94224918712009,0.005596653035013001,0.0036520919196417058,0.007729156683395518
mlp-fosls,44.16362883521988,0.005575364496308027,0.0036627181423329993,0.007711584356526693
mlp-fosls,44.385008483319666,0.005530442238013128,0.0036526147323935757,0.007812269837613908
mlp-fosls,44.60638813141946,0.005465067891476862,0.0036323865665044996,0.007977997197968194
mlp-fosls,44.82776777951925,0.00544158569101855,0.0036168759625211226,0.008077919918311381
mlp-fosls,45.04914742761904,0.005406094031922647,0.0036238180932289896,0.0077969401170079845
mlp-fosls,45.27052707571883,0.0054449841353971405,0.0036307602239368563,0.007515960315704588
mlp-fosls,45.49190672381862,0.005487430493437789,0.003604873994422448,0.007469503125896898
mlp-fosls,45.713286371918414,0.005525054709431824,0.003563175945103911,0.007549930017682231
mlp-fosls,45.934666020018206,0.005561741223495337,0.0035307489084784884,0.00759788839969976
mlp-fosls,46.15604566811799,0.00552396828649033,0.003541418950367897,0.0074637417699092105
mlp-fosls,46.37742531621778,0.005475215550627572,0.003552088992257306,0.007329595140118657
mlp-fosls,46.59880496431757,0.005443666508913663,0.003541431059640031,0.007309657139468616
mlp-fosls,46.820184612417364,0.005425470011388654,0.003520698995839143,0.007350342650734846
mlp-fosls,47.041564260517156,0.005386188368083296,0.003522328760193453,0.007361015911422846
mlp-fosls,47.26294390861695,0.005294993043071362,0.003624368685230309,0.007208438502446892
mlp-fosls,47.48432355671674,0.005233535320017581,0.0037264086102671646,0.007055861093470938
mlp-fosls,47.70570320481653,0.005229653935637525,0.0036396392867653546,0.007021819758192092
mlp-fosls,47.927082852916314,0.005259054897142143,0.003465769945608958,0.007049650653573079
mlp-fosls,48.148462501016105,0.005320941189134575,0.0033361673945245507,0.007063662775680244
mlp-fosls,48.3698421491159,0.005253940728497147,0.0033998629003711687,0.007004436926384054
mlp-fosls,48.59122179721569,0.005181344439434968,0.0034635584062177867,0.006945211077087864
mlp-fosls,48.81260144531548,0.005123396835767888,0.0034838867085232625,0.00693024522773037
mlp-fosls,49.03398109341527,0.0050572672921028825,0.0034846193933724392,0.006937995246693835
mlp-fosls,49.25536074151506,0.004995427220489696,0.0034688310327456555,0.006937274280956605
mlp-fosls,49.476740389614854,0.005063997815578864,0.0033830864172900888,0.006892969984176374
mlp-fosls,49.69812003771464,0.005149672666290487,0.0032973418018345246,0.006848665687396143
mlp-fosls,49.91949968581443,0.005129640306382438,0.003297546019089513,0.00685306386556047
mlp-fosls,50.14087933391422,0.0049674134772894115,0.0033357801334013408,0.006881967159667757
mlp-fosls,50.36225898201401,0.00488825902592958,0.0033704666676934057,0.006896794706647628
mlp-fosls,50.5836386301138,0.0048854827929864595,0.003390498438854803,0.00684150721018194
mlp-fosls,50.805018278213595,0.004984675274056214,0.0034105302100161995,0.006786219713716251
mlp-fosls,51.026397926313386,0.005001047123327891,0.0034196938566167724,0.006701638070710911
mlp-fosls,51.24777757441317,0.004901005961129076,0.003424126812851827,0.006602600854358397
mlp-fosls,51.46915722251296,0.00480375105495416,0.0034241546427316496,0.006519784498234932
mlp-fosls,51.69053687061275,0.0047942363588627974,0.0034064234379901164,0.0065153096569143
mlp-fosls,51.911916518712545,0.004778463217892472,0.003388692233248583,0.006510834815593668
mlp-fosls,52.133296166812336,0.004775062298263161,0.0033730589689910506,0.006446396130902771
mlp-fosls,52.35467581491213,0.0048158392887852775,0.0033583198174856957,0.00635291904127469
mlp-fosls,52.57605546301192,0.004883633882463484,0.0033501881026363747,0.006285620154933441
mlp-fosls,52.79743511111171,0.0048758689031546815,0.003367943179490802,0.006341205908420769
mlp-fosls,53.018814759211494,0.0048584032549970554,0.0033856982563452284,0.006396791661908096
mlp-fosls,53.240194407311286,0.004838485659885766,0.00333825633446569,0.006387654234921708
mlp-fosls,53.46157405541108,0.004783814498357996,0.0032635561682862204,0.006347714890369767
mlp-fosls,53.68295370351087,0.004720323348591185,0.003203033254673065,0.006328765876044735
mlp-fosls,53.90433335161066,0.004637235674757177,0.0031965807779107077,0.006406026111244562
mlp-fosls,54.12571299971045,0.004562537528362649,0.0031901283011483506,0.0064832863464443875
mlp-fosls,54.34709264781024,0.004547529349785409,0.0032125042687417477,0.006468893507099922
mlp-fosls,54.568472295910034,0.004577081708270368,0.0032466591605122322,0.006411467990542161
mlp-fosls,54.78985194400982,0.004602702337632462,0.00326207075634004,0.006357556336113066
mlp-fosls,55.01123159210961,0.0045727863485661956,0.003207534105189815,0.006319417660586582
mlp-fosls,55.2326112402094,0.004572188977030168,0.0031529974540395896,0.006281278985060097
mlp-fosls,55.45399088830919,0.004546071917933433,0.003143565696425004,0.006267720127565289
mlp-fosls,55.675370536408984,0.004518624178862493,0.0031523060728619262,0.006265549486844151
mlp-fosls,55.896750184508775,0.004539400055621277,0.003159894592973587,0.006248988668742194
mlp-fosls,56.11812983260857,0.004525878289612749,0.003163290807331517,0.006169122018357771
mlp-fosls,56.33950948070836,0.0044955616237666125,0.0031666870216894476,0.006089255367973348
mlp-fosls,56.56088912880814,0.004489159883156679,0.0031674134241818303,0.006086039074624015
mlp-fosls,56.782268776907934,0.004554514627446377,0.0031670907491456214,0.006117770543252815
mlp-fosls,57.003648425007725,0.004620565462780437,0.0031565777709194882,0.006136921493432583
mlp-fosls,57.22502807310752,0.00456855749184243,0.0031099042743685233,0.006101902907293315
mlp-fosls,57.44640772120731,0.004490824024412306,0.0030632307778175583,0.006066884321154047
mlp-fosls,57.6677873693071,0.004432616581186485,0.0030819991447496985,0.006046081758096478
mlp-fosls,57.88916701740689,0.00440349270808549,0.0031259739999428752,0.006031670990190831
mlp-fosls,58.110546665506675,0.004438383833711387,0.003147809797176723,0.006022325807894727
mlp-fosls,58.331926313606466,0.00442712186121067,0.003092962784251516,0.006034350511262933
mlp-fosls,58.55330596170626,0.004392665294331612,0.0030381157713263085,0.00604637521463114
mlp-fosls,58.77468560980605,0.004369398123998192,0.0030450250918114038,0.006071101597143904
mlp-fosls,58.99606525790584,0.004389802318973958,0.0030751791553283356,0.006101443051290404
mlp-fosls,59.21744490600563,0.004420899087049076,0.0030902398582336164,0.006110120884476435
mlp-fosls,59.43882455410542,0.004385738465513673,0.003054302797291892,0.006029551834964209
mlp-fosls,59.660204202205215,0.0043396650372582645,0.0030183657363501678,0.005948982785451983
mlp-fosls,59.881583850305,0.004318436133902703,0.003033964423016972,0.005948233653663875
mlp-fosls,60.10296349840479,0.0043342548937552235,0.003068570452335299,0.005982174337567847
mlp-fosls,60.32434314650458,0.0043450186694777605,0.0030835179898968013,0.006013011634546785
mlp-fosls,60.54572279460437,0.004277949659676739,0.003033263466946928,0.006031335991898506
mlp-fosls,60.767102442704164,0.004201528972042965,0.0029830089439970547,0.006049660349250226
mlp-fosls,60.988482090803956,0.0041695018298262,0.002979108018439737,0.005937652652329446
mlp-fosls,61.20986173890375,0.004172541112956971,0.0029920031480995357,0.005770045216494311
mlp-fosls,61.43124138700354,0.004176854486727881,0.0030040259359556264,0.005645530892201922
mlp-fosls,61.65262103510332,0.004194435060792522,0.0030132334956126925,0.005690493308595534
mlp-fosls,61.874000683203114,0.004216031531744813,0.0030224410552697587,0.005735455724989147
mlp-fosls,62.095380331302906,0.004231683520217834,0.00301370022257813,0.005697041124274036
mlp-fosls,62.3167599794027,0.004235223988371991,0.002998601277876969,0.00562362596178101
mlp-fosls,62.53813962750249,0.00423609981517702,0.002989817647388098,0.005582413294019246
mlp-fosls,62.75951927560228,0.004216488475493411,0.003000949629016156,0.005664843243644943
mlp-fosls,62.98089892370207,0.0041963046366398395,0.0030120816106442142,0.005747273193270639
mlp-fosls,63.20227857180186,0.004189644931696771,0.0030127221654039867,0.005757724355093635
mlp-fosls,63.42365821990165,0.004217479073580088,0.003009734410031487,0.005738579440710035
mlp-fosls,63.64503786800144,0.004246386761909594,0.003012922701919092,0.005717795555532989
mlp-fosls,63.86641751610123,0.004243987245847225,0.0030350830341867516,0.005690860515171473
mlp-fosls,64.08779716420102,0.004232508539591442,0.0029443548118033847,0.005663925474809956
mlp-fosls,64.30917681230082,0.0042235355838851655,0.0030228148857916735,0.005625439391497489
mlp-fosls,64.5305564604006,0.004189145775339067,0.002969167439106203,0.005582285432743956
mlp-fosls,64.75193610850039,0.0041537051549939644,0.0029330937687557738,0.005542099423327422
mlp-fosls,64.97331575660019,0.00411988357729156,0.002950387402108197,0.005512811703615599
mlp-fosls,65.19469540469997,0.004118129662075378,0.0029676810354606195,0.005483523983903779
mlp-fosls,65.41607505279977,0.004124181829791964,0.0029428101559923646,0.00555140535544595
mlp-fosls,65.63745470089955,0.004063635902607058,0.00290386716583096,0.005657756180793319
mlp-fosls,65.85883434899934,0.0040678679246819605,0.002882786593798544,0.005730127705270554
mlp-fosls,66.08021399709914,0.004078546957990566,0.0029146705525802787,0.005680754833302783
mlp-fosls,66.30159364519892,0.0040829094322792775,0.0029465545113620114,0.0056313819613350155
mlp-fosls,66.52297329329872,0.004088476659908077,0.002940199234893068,0.005626855440812792
mlp-fosls,66.7443529413985,0.004098359360622058,0.002921389944042708,0.005639765085311081
mlp-fosls,66.9657325894983,0.0041034907370572984,0.0029124244579659983,0.005644044780136545
mlp-fosls,67.18711223759809,0.004066389882932554,0.002931956318782702,0.005618068065838821
mlp-fosls,67.40849188569788,0.0040260477943790595,0.002951488179599407,0.005592091351541096
mlp-fosls,67.62987153379767,0.004018236735575473,0.002946678831728228,0.005587251249635023
mlp-fosls,67.85125118189745,0.004062075603699021,0.0029341296973344425,0.005590468169081855
mlp-fosls,68.07263082999725,0.004107938001172439,0.0029125936791774406,0.005573129415169852
mlp-fosls,68.29401047809704,0.004124924180883624,0.0028654932119400586,0.005485507692450566
mlp-fosls,68.51539012619683,0.004131431117062757,0.0028183927447026735,0.005397885969731275
mlp-fosls,68.73676977429662,0.004093242134096604,0.0028962849974736382,0.005351587434552963
mlp-fosls,68.95814942239642,0.004006768436273691,0.0030131940573144052,0.005320697951256273
mlp-fosls,69.1795290704962,0.00392606820711583,0.003032457162352048,0.005311798391048162
mlp-fosls,69.40090871859599,0.003921583014305001,0.00301477118736428,0.005376499461940755
mlp-fosls,69.62228836669578,0.003929173583647064,0.002947842948445488,0.005441200532833351
mlp-fosls,69.84366801479557,0.003941627777550186,0.002947621940027695,0.0054453542178594305
mlp-fosls,70.06504766289537,0.003930978383710686,0.0029679519090152545,0.005427320996614648
mlp-fosls,70.28642731099515,0.0039277179217999236,0.002974425031943866,0.005419268252249643
mlp-fosls,70.50780695909495,0.003947017174049243,0.002942904335748441,0.005443872244460468
mlp-fosls,70.72918660719473,0.003972234784541522,0.0029113836395530173,0.005468476236671292
mlp-fosls,70.95056625529453,0.003985031914669283,0.0028445426753812265,0.00546099690057781
mlp-fosls,71.17194590339432,0.003979459891439607,0.0027671444440995575,0.005442017459809386
mlp-fosls,71.3933255514941,0.003969749620419654,0.002717610722547369,0.005432811376081918
mlp-fosls,71.6147051995939,0.00392817222338926,0.0027427429008303477,0.005454862121935276
mlp-fosls,71.83608484769368,0.003884353015592011,0.002767875079113325,0.005476912867788632
mlp-fosls,72.05746449579348,0.003855014726534322,0.002789583714192672,0.005428658379595097
mlp-fosls,72.27884414389327,0.0038337770999942967,0.0028102935998223573,0.005355747485738341
mlp-fosls,72.50022379199306,0.003832213144117489,0.0028170891050871617,0.005297104116785443
mlp-fosls,72.72160344009285,0.003859438568163681,0.002787486341539905,0.005282939601895386
mlp-fosls,72.94298308819263,0.003922647599051811,0.002757883577992648,0.005268775087005331
mlp-fosls,73.16436273629243,0.003956771723353447,0.002804982918375527,0.005307504102183269
mlp-fosls,73.38574238439222,0.0039145512501364554,0.0028739212092511734,0.005364361865512139
mlp-fosls,73.60712203249201,0.003873098633625332,0.002916564721449728,0.005389340186091845
mlp-fosls,73.8285016805918,0.003859062139788503,0.002891798517718914,0.00531691073184469
mlp-fosls,74.0498813286916,0.0038514726557879256,0.0028670323139880975,0.0052444812775975305
mlp-fosls,74.27126097679138,0.0038216070343376194,0.002829820234659169,0.005217853551058184
mlp-fosls,74.49264062489117,0.0037826707147918257,0.002789127990147766,0.005206561469789916
mlp-fosls,74.71402027299096,0.0037568454319798815,0.002761427549769353,0.005206989874574498
mlp-fosls,74.93539992109075,0.003805935762733044,0.002766605716852098,0.005242321705713859
mlp-fosls,75.15677956919055,0.0038560427531130663,0.0027717838839348436,0.005277653536853223
mlp-fosls,75.37815921729033,0.003848787245370881,0.0028146607052987526,0.005264926428491241
mlp-fosls,75.59953886539013,0.0038158941932345406,0.002867824854853922,0.0052364904145295295
mlp-fosls,75.82091851348991,0.0037901000637940918,0.0028925569758492665,0.005224427646933901
mlp-fosls,76.04229816158971,0.003827572721386615,0.002846927925967474,0.005259927243463606
mlp-fosls,76.2636778096895,0.0038723247851003215,0.0028012988760856847,0.005295426839993309
mlp-fosls,76.48505745778928,0.003887274691182695,0.002772943443107207,0.005307028529696577
mlp-fosls,76.70643710588908,0.0038291609153216807,0.0027491900812255856,0.005311014380482735
mlp-fosls,76.92781675398886,0.0037681150258369388,0.0027430488239190915,0.005299300450044675
mlp-fosls,77.14919640208866,0.0037518839579749426,0.002779625857613467,0.0052430541686618185
mlp-fosls,77.37057605018845,0.0037534067544628957,0.0028162028913078408,0.005186807887278966
mlp-fosls,77.59195569828825,0.0037528765622301796,0.002783454416874336,0.005166617862837371
mlp-fosls,77.81333534638803,0.003734251479728636,0.002732723460127485,0.00515762921865561
mlp-fosls,78.03471499448781,0.0037149548596105766,0.0027082908840942144,0.005135830046995522
mlp-fosls,78.25609464258761,0.0036899602837993225,0.0027473059555691327,0.005078577825994652
mlp-fosls,78.4774742906874,0.0036687580302030916,0.0027863210270440484,0.005021325604993786
mlp-fosls,78.6988539387872,0.0036601705094244904,0.002754658233922447,0.005048324897038157
mlp-fosls,78.92023358688698,0.00371100349649335,0.0027047377660959506,0.005100843341788232
mlp-fosls,79.14161323498678,0.0037662318230889495,0.0026750727557530146,0.005143009895325402
mlp-fosls,79.36299288308656,0.003778338784262201,0.0026932437187901924,0.005157148796841542
mlp-fosls,79.58437253118635,0.0037702837466272515,0.0027114146818273703,0.005171287698357681
mlp-fosls,79.80575217928615,0.0037702397265417876,0.002727271632102387,0.005168628640714417
mlp-fosls,80.02713182738593,0.0038231206050455407,0.0027425463274070075,0.005161013677516333
mlp-fosls,80.24851147548573,0.003876250413715202,0.002755780262979305,0.005157352737008846
mlp-fosls,80.46989112358551,0.0038537663227477042,0.0027642778403362493,0.005164162702907013
mlp-fosls,80.69127077168531,0.0038070843791583485,0.0027727754176931937,0.00517097266880518
mlp-fosls,80.9126504197851,0.003764066939613402,0.0027724254523152354,0.00517295561471145
mlp-fosls,81.1340300678849,0.0037528677648689377,0.002769906276600195,0.005173547983593057
mlp-fosls,81.35540971598468,0.003739760439335536,0.0027596673550945865,0.005163989219258061
mlp-fosls,81.57678936408446,0.0036988344028353925,0.0027318595632059247,0.0051280827078586284
mlp-fosls,81.79816901218426,0.0036519454953093024,0.0027040517713172608,0.005092176196459194
mlp-fosls,82.01954866028404,0.003651532434132457,0.0027250461058495263,0.005054979878587767
mlp-fosls,82.24092830838384,0.0036788759594084345,0.002757721397330286,0.005017420038197773
mlp-fosls,82.46230795648363,0.003698362572697671,0.002767391695873398,0.004991685180992233
mlp-fosls,82.68368760458343,0.0036928068190061228,0.0027256372106284686,0.004996025157367169
mlp-fosls,82.90506725268321,0.0036944158608123168,0.0026838827253835417,0.005000365133742105
mlp-fosls,83.126446900783,0.003699594150478074,0.002676234897895935,0.005088608945710483
mlp-fosls,83.3478265488828,0.003706653111071911,0.002676579585080315,0.005199888847164173
mlp-fosls,83.56920619698258,0.00371966347779236,0.0026757318997762012,0.0052595192990054955
mlp-fosls,83.79058584508238,0.0037222823315586533,0.002672240863687172,0.005190718178754354
mlp-fosls,84.01196549318216,0.003711534153866055,0.0026687498275981426,0.005121917058503217
mlp-fosls,84.23334514128196,0.0036822964546062925,0.002668739526720628,0.005087846003056994
mlp-fosls,84.45472478938174,0.0036618040566711568,0.0026695292667836433,0.005063055170138932
mlp-fosls,84.67610443748154,0.003643223964874832,0.0026683890525288968,0.005026988665355008
mlp-fosls,84.89748408558133,0.0036339031211074704,0.0026630597042378917,0.004963483530473939
mlp-fosls,85.11886373368111,0.0036245888061077194,0.002657730355946887,0.00489997839559287
mlp-fosls,85.34024338178091,0.003615114525786469,0.002675733026638391,0.004902729655279377
mlp-fosls,85.56162302988069,0.003623302670130544,0.002698960626275814,0.004922744888293521
mlp-fosls,85.78300267798049,0.003637786560544417,0.0027150764888886148,0.004925486559240557
mlp-fosls,86.00438232608028,0.0036513772271043357,0.002716027319069375,0.004887019907230372
mlp-fosls,86.22576197418007,0.0036542600098195877,0.002716978149250135,0.004848553255220183
mlp-fosls,86.44714162227986,0.0036461401788783947,0.0026914217153371977,0.004863605822724872
mlp-fosls,86.66852127037964,0.0036665685768787542,0.0026600984283288746,0.004892254037317892
mlp-fosls,86.88990091847944,0.003689612627552754,0.00263271622160903,0.004937591219891808
mlp-fosls,87.11128056657923,0.0036828890572178355,0.00261360714224055,0.005021927719090943
mlp-fosls,87.33266021467902,0.0036612491688159388,0.002594498062872069,0.005106264218290084
mlp-fosls,87.55403986277881,0.0036409607866325668,0.0026020267919935193,0.005069759044684064
mlp-fosls,87.7754195108786,0.003618412362553489,0.0026153667857299126,0.005003363002797351
mlp-fosls,87.99679915897839,0.0035931684846514877,0.002627663325861943,0.004949797637260144
mlp-fosls,88.21817880707817,0.0035654777091796985,0.002637773409330961,0.0049256774846187165
mlp-fosls,88.43955845517797,0.0035413613300001017,0.00264788349279998,0.0049015573319772885
mlp-fosls,88.66093810327776,0.003567410810661688,0.002669490798386581,0.004955437790105982
mlp-fosls,88.88231775137756,0.0036782545954682907,0.0026935384887188567,0.005028121524714961
mlp-fosls,89.10369739947734,0.0037796348338516583,0.0027011549923698468,0.00506038830146372
mlp-fosls,89.32507704757714,0.0037338688147276855,0.002674951252358765,0.00500175267752343
mlp-fosls,89.54645669567692,0.003649299311585036,0.002648747512347685,0.0049431170535831435
mlp-fosls,89.76783634377672,0.003613103837431175,0.0026665926025740017,0.004985899933048994
mlp-fosls,89.9892159918765,0.0036650792107759855,0.0026738685409523257,0.0050524826806692185
mlp-fosls,90.21059563997629,0.0037061067612626283,0.002678249187232312,0.005086544194323952
mlp-fosls,90.43197528807609,0.003662475644471602,0.0026767303270387234,0.005048880224045492
mlp-fosls,90.65335493617587,0.00360509184073865,0.0026506209157522507,0.005011216253767034
mlp-fosls,90.87473458427567,0.0036022266058979937,0.0026401398747382004,0.004948869876594407
mlp-fosls,91.09611423237546,0.0036361697209343824,0.002632785772724001,0.004880911253931382
mlp-fosls,91.31749388047525,0.0036667820914733857,0.002626852835119088,0.004845054691751618
mlp-fosls,91.53887352857504,0.0036682157141194995,0.0026237367488819155,0.004878430250798203
mlp-fosls,91.76025317667482,0.0036639622913293723,0.0026206206626447426,0.004911805809844788
mlp-fosls,91.98163282477462,0.0036483117033071434,0.002620320656464434,0.004968833612872009
mlp-fosls,92.2030124728744,0.0036375687833871987,0.002620570123891088,0.00503110259113528
mlp-fosls,92.4243921209742,0.0036279442119122145,0.0026359943932726215,0.0050472828209884475
mlp-fosls,92.64577176907399,0.0036407039102420487,0.0026640363469159945,0.004965874471095426
mlp-fosls,92.86715141717379,0.00366037467428367,0.0026239468971549105,0.0048844661212023984
mlp-fosls,93.08853106527357,0.0036559356796192727,0.002678149213323729,0.004869220360786995
mlp-fosls,93.30991071337336,0.0036227147501140507,0.002612369992183183,0.00486824838755339
mlp-fosls,93.53129036147315,0.003595761503574304,0.002576844180817074,0.004882959615652418
mlp-fosls,93.75267000957294,0.0036031385899876543,0.002599422602499131,0.004930306430191616
mlp-fosls,93.97404965767274,0.0036137730313473395,0.002622001024181189,0.004977653244730817
mlp-fosls,94.19542930577252,0.003622690134658557,0.0026458837825963947,0.004965674579954928
mlp-fosls,94.41680895387232,0.0036131129985917856,0.00267000697526319,0.004941219864043415
mlp-fosls,94.6381886019721,0.003600537200548323,0.002687581999848544,0.0049114481518455185
mlp-fosls,94.8595682500719,0.003579438529485241,0.002692779050061097,0.0048707839863862705
mlp-fosls,95.08094789817169,0.003559865232157418,0.0026979761002736496,0.004830119820927025
mlp-fosls,95.30232754627147,0.0035325984550604404,0.0026747849322446447,0.004816864996948764
mlp-fosls,95.52370719437127,0.0035091341155789922,0.0026465051906058978,0.004809235973921107
mlp-fosls,95.74508684247105,0.003493254499632319,0.002618147907658378,0.004813028363560616
mlp-fosls,95.96646649057085,0.003522436431130695,0.002589646693012064,0.004839893994213537
mlp-fosls,96.18784613867064,0.003557629935079011,0.002561145478365752,0.004866759624866455
mlp-fosls,96.40922578677043,0.003568115495440126,0.002588646436653088,0.004819412238567203
mlp-fosls,96.63060543487022,0.0035501196663270816,0.00262582957608759,0.004757215389029695
mlp-fosls,96.85198508297,0.0035344054438025975,0.002632159571269576,0.004727223845471646
mlp-fosls,97.0733647310698,0.003530100701054555,0.0025822448510071736,0.004761137301794026
mlp-fosls,97.29474437916959,0.0035267988380629127,0.0025323301307447737,0.004795050758116405
mlp-fosls,97.51612402726938,0.003531677367347468,0.002552101430526355,0.004806444555552791
mlp-fosls,97.73750367536917,0.0035457384063919527,0.0025836671299630984,0.004813432554013793
mlp-fosls,97.95888332346897,0.003555650078265667,0.0026059412219661643,0.004828236389810504
mlp-fosls,98.18026297156875,0.0035430163443078908,0.0026114981095661065,0.004858347812137061
mlp-fosls,98.40164261966855,0.003531266897681058,0.002617054997166049,0.004888459234463621
mlp-fosls,98.62302226776833,0.003522960254822867,0.0025824958954161403,0.004876773012956556
mlp-fosls,98.84440191586812,0.0035014809755751575,0.002541390269248464,0.004857094605809454
mlp-fosls,99.06578156396792,0.003486083586446093,0.002514632298776631,0.00484483858175001
mlp-fosls,99.2871612120677,0.003509756082513921,0.0025131628807554154,0.004846897315272015
mlp-fosls,99.5085408601675,0.003540239305202566,0.0025116934627341997,0.00484895604879402
mlp-fosls,99.72992050826728,0.0035306794610863775,0.002560987363106647,0.004849990174202644
mlp-fosls,99.95130015636708,0.003512607479192815,0.002618260690756832,0.004850833456380128
mlp-fosls,100.17267980446687,0.0035004051691550097,0.0026412882905752126,0.004855738816638817
mlp-fosls,100.39405945256665,0.003485319830266163,0.002605021942876799,0.0048683621026596085
mlp-fosls,100.61543910066645,0.0034591744210458785,0.002568755595178383,0.0048809853886804
mlp-fosls,100.83681874876623,0.0034630657023691615,0.002583713557327812,0.004861960172942826
mlp-fosls,101.05819839686603,0.003499663229961915,0.00260644593776461,0.004837208084636535
mlp-fosls,101.27957804496582,0.003527275783670278,0.0026126378682069275,0.004837095269179435
mlp-fosls,101.50095769306562,0.0035242294492454787,0.0025906490041232963,0.004883093657058874
mlp-fosls,101.7223373411654,0.0035224854402509265,0.0025686601400396664,0.00492909204493831
mlp-fosls,101.94371698926518,0.0035335326243744088,0.0025753827484910705,0.004907678691792066
mlp-fosls,102.16509663736498,0.003548747266482426,0.0025863546216889784,0.0048743272681153966
mlp-fosls,102.38647628546477,0.0035594641211743284,0.002590392738481702,0.004829143690952862
mlp-fosls,102.60785593356457,0.003541847051743116,0.0025827332246317843,0.004762107001795222
mlp-fosls,102.82923558166435,0.00351893397348882,0.002575073710781867,0.004695070312637586
mlp-fosls,103.05061522976415,0.0035072809854321124,0.0025943778727152535,0.004704818968221326
mlp-fosls,103.27199487786393,0.0035006319003918086,0.002617545985603536,0.004727811686373397
mlp-fosls,103.49337452596373,0.0034979865983796603,0.002620007210062321,0.004754899881905836
mlp-fosls,103.71475417406351,0.0035069816176755745,0.002588294978339172,0.004789446213651145
mlp-fosls,103.9361338221633,0.003514643903771301,0.0025565827466160233,0.004823992545396453
mlp-fosls,104.1575134702631,0.003508834825296926,0.0025473845277396187,0.004812564786210271
mlp-fosls,104.37889311836288,0.003509876661140565,0.0025412766798577607,0.004793401490965616
mlp-fosls,104.60027276646268,0.003508007831995053,0.002544567595057997,0.0047754431773561505
mlp-fosls,104.82165241456246,0.0034929775098335785,0.0025630963693860707,0.004759645565725993
mlp-fosls,105.04303206266226,0.0034766745272616388,0.0025816251437141458,0.004743847954095833
mlp-fosls,105.26441171076205,0.0034779630199492937,0.0026013053873778415,0.004726728860802691
mlp-fosls,105.48579135886183,0.0034699118902751856,0.0026211373234835008,0.004709394200356153
mlp-fosls,105.70717100696163,0.0034663130961709214,0.002615046343777346,0.004704235190796767
mlp-fosls,105.92855065506141,0.0034626673628352887,0.0025676920179564526,0.004720617274617754
mlp-fosls,106.14993030316121,0.0034592430926476342,0.002520337692135556,0.004736999358438742
mlp-fosls,106.371309951261,0.0034758173340388547,0.0025253100567839705,0.004792747898629676
mlp-fosls,106.5926895993608,0.003511947912302459,0.0025368987670416105,0.004854772328641337
mlp-fosls,106.81406924746058,0.0035457746042160047,0.0025402482536800463,0.004875373516202411
mlp-fosls,107.03544889556036,0.0035568232177480173,0.0025307116723501297,0.004823616914294169
mlp-fosls,107.25682854366016,0.003560803681268132,0.0025211750910202127,0.004771860312385923
mlp-fosls,107.47820819175995,0.003531050025275314,0.0025361914631743896,0.004772511128742809
mlp-fosls,107.69958783985975,0.0034905752900989003,0.0025541798298058006,0.00478129530757473
mlp-fosls,107.92096748795953,0.0034608598192534985,0.0025654939473906055,0.004782072819096803
mlp-fosls,108.14234713605933,0.0034800221107161773,0.0025665626398675943,0.004769066670538612
mlp-fosls,108.36372678415911,0.003504952916012676,0.002567631332344583,0.004756060521980423
mlp-fosls,108.58510643225891,0.003511591956452655,0.0025829840096774424,0.004750167708945473
mlp-fosls,108.8064860803587,0.00351292432257924,0.0025999793120038217,0.004745347657217223
mlp-fosls,109.02786572845848,0.0035149745108261857,0.0026055070472681785,0.004738055844055966
mlp-fosls,109.24924537655828,0.0035128082188770225,0.002593773091764763,0.004726566884902811
mlp-fosls,109.47062502465806,0.003507363042900073,0.002582039136261348,0.004715077925749658
mlp-fosls,109.69200467275786,0.0035203876617092783,0.002567291986510909,0.0046912626641289
mlp-fosls,109.91338432085765,0.003520904724907679,0.0025522145375508117,0.004665642185927743
mlp-fosls,110.13476396895744,0.0035184578822221027,0.0025493366252414417,0.004670939294984435
mlp-fosls,110.35614361705723,0.0035074756579003977,0.0025645262851392396,0.004728002469818992
mlp-fosls,110.57752326515701,0.0035089276762167885,0.0025797159450370376,0.004785065644653548
mlp-fosls,110.79890291325681,0.0035123402002761655,0.0025703250923709915,0.004724657094706459
mlp-fosls,111.0202825613566,0.003467813490934131,0.0025583642338025277,0.004647544461101542
mlp-fosls,111.2416622094564,0.0034628355126116207,0.002544522945449609,0.004618264221307178
mlp-fosls,111.46304185755618,0.0034546356544800042,0.002527939341773999,0.004667967237824309
mlp-fosls,111.68442150565598,0.003446276425937504,0.0025113557380983882,0.004717670254341444
mlp-fosls,111.90580115375576,0.0034474650712868083,0.0024986953152408386,0.004742156296980154
mlp-fosls,112.12718080185556,0.003440816820703398,0.002486425922525202,0.004763188429026055
mlp-fosls,112.34856044995534,0.003441557114749994,0.002491419759129869,0.0047688215337686225
mlp-fosls,112.56994009805513,0.0034730222367372254,0.002521065688311796,0.004749469399765981
mlp-fosls,112.79131974615493,0.0035080108051681862,0.0025507116174937243,0.004730117265763338
mlp-fosls,113.01269939425471,0.0035279860383964677,0.002548260041030925,0.004734542239225043
mlp-fosls,113.23407904235451,0.003519136350715985,0.0025428037958624534,0.004742117122707905
mlp-fosls,113.4554586904543,0.003498007459451213,0.00256540584802793,0.004745682930097474
mlp-fosls,113.67683833855409,0.0034593043337606977,0.0026090605774364757,0.004742834884702818
mlp-fosls,113.89821798665388,0.00343182110258451,0.0025930426906348204,0.004739986839308164
mlp-fosls,114.11959763475366,0.0034562061617400223,0.0026098113427551095,0.004746685251145082
mlp-fosls,114.34097728285346,0.0034736592963802984,0.002603257424394064,0.004754607993477235
mlp-fosls,114.56235693095324,0.0034738748207735733,0.0025805364943324895,0.004746435412005808
mlp-fosls,114.78373657905304,0.003441846098722228,0.0025919475502657677,0.0047128531160912125
mlp-fosls,115.00511622715283,0.0034212896337655315,0.002603358606199045,0.0046792708201766195
mlp-fosls,115.22649587525262,0.003432614149754515,0.0026131782293623974,0.004660632961281875
mlp-fosls,115.44787552335241,0.0034429062816649764,0.002622863748727907,0.004643850976433783
mlp-fosls,115.66925517145219,0.0034500703238832166,0.002615994108523121,0.004640928839882594
mlp-fosls,115.89063481955199,0.003456017671978398,0.0025867206728185385,0.004659549471449508
mlp-fosls,116.11201446765178,0.0034664740309357307,0.002557447237113958,0.004678170103016421
mlp-fosls,116.33339411575157,0.003470980246661308,0.0025540607386268094,0.004690193205874562
mlp-fosls,116.55477376385136,0.00345417938579308,0.002552702758195316,0.00470142691716715
mlp-fosls,116.77615341195116,0.003440364061110853,0.0025504812133081765,0.004699465026013623
mlp-fosls,116.99753306005094,0.003430905367882985,0.002547112258599458,0.004677297668525047
mlp-fosls,117.21891270815074,0.0034188985121102133,0.002543743303890739,0.004655130311036471
mlp-fosls,117.44029235625052,0.003402530399127246,0.0025429966821017007,0.004666726887605533
mlp-fosls,117.66167200435031,0.003402553758210263,0.002542442092665771,0.004682196080856431
mlp-fosls,117.8830516524501,0.0034060676041757438,0.002538617329714784,0.004684181979977414
mlp-fosls,118.10443130054989,0.003397475843853209,0.002530531712500836,0.00466584989771689
mlp-fosls,118.32581094864969,0.003401827610804194,0.0025224460952868876,0.004647517815456365
mlp-fosls,118.54719059674947,0.0034420265999931835,0.0025206341415836553,0.004622564654861458
mlp-fosls,118.76857024484927,0.0034664847370352503,0.00250505181555369,0.004596883342599269
mlp-fosls,118.98994989294906,0.0034821400052544972,0.002519193072500076,0.0046149521555352065
mlp-fosls,119.21132954104884,0.003468900952770786,0.0025557671228980394,0.004697837524951515
mlp-fosls,119.43270918914864,0.0034539761510391873,0.0025857249069293556,0.004780722894367829
mlp-fosls,119.65408883724842,0.0034627201977205447,0.0025651506889961123,0.004720106723369983
mlp-fosls,119.87546848534822,0.0034620710138526783,0.0025415520914321755,0.004644402994292449
mlp-fosls,120.096848133448,0.0034523587648759065,0.002525404156282114,0.0046153719146253885
mlp-fosls,120.3182277815478,0.00343602251777378,0.0025186183177545486,0.004654320439906306
mlp-fosls,120.53960742964759,0.0034307436789339256,0.002511832479226984,0.00469326896518722
mlp-fosls,120.76098707774739,0.0034621502537499323,0.0025242463602605683,0.004667595782295019
mlp-fosls,120.98236672584717,0.003508968947778755,0.0025377728021457524,0.00463543715705642
mlp-fosls,121.20374637394696,0.003543027209638664,0.002545602239526154,0.004622953403831478
mlp-fosls,121.42512602204675,0.003537067551442794,0.0025463950175651172,0.004638729831124335
mlp-fosls,121.64650567014654,0.0035289435210334244,0.0025471877956040802,0.0046545062584171905
mlp-fosls,121.86788531824634,0.0035249306858279148,0.002518010497117832,0.004641361761987652
mlp-fosls,122.08926496634612,0.0034768812540285497,0.0024867859322490475,0.004625449711214366
mlp-fosls,122.31064461444592,0.0034306078448957424,0.002489600187195347,0.004605263926854787
mlp-fosls,122.5320242625457,0.0034168436603544483,0.002532060077127442,0.004579034325069038
mlp-fosls,122.75340391064549,0.0034190395818992064,0.0025291558323298534,0.004552804723283287
mlp-fosls,122.97478355874529,0.003412556921918779,0.0025521743479886105,0.004555016208231137
mlp-fosls,123.19616320684507,0.0034082889587986756,0.0025171877239487804,0.004559825104215446
mlp-fosls,123.41754285494487,0.003414086358677605,0.002502783919701949,0.00459203156149333
mlp-fosls,123.63892250304465,0.003441407991668908,0.0025142530577902853,0.004662321487223566
mlp-fosls,123.86030215114445,0.0034651018527090786,0.0025257221958786226,0.004732611412953806
mlp-fosls,124.08168179924424,0.0034612424346935427,0.0025275956515466457,0.004741531498972754
mlp-fosls,124.30306144734402,0.003443201606357951,0.002528911393190559,0.004745167077067299
mlp-fosls,124.52444109544382,0.0034286942944101086,0.002517750966727174,0.00472809310866123
mlp-fosls,124.7458207435436,0.0034292078347852176,0.0024911863739721955,0.004682748336038723
mlp-fosls,124.9672003916434,0.003432924625777739,0.0024646217812172157,0.004637403563416213
mlp-fosls,125.18858003974319,0.0034167707290639233,0.0025170498777258967,0.004624599487832412
mlp-fosls,125.40995968784298,0.003392427397794248,0.002573634904608685,0.004614430346049033
mlp-fosls,125.63133933594277,0.0033760980759947098,0.002592130322830422,0.004609395762525827
mlp-fosls,125.85271898404257,0.003381006405838159,0.0025644790073573714,0.0046112455489549405
mlp-fosls,126.07409863214235,0.0033857479356560467,0.002536827691884322,0.004613095335384054
mlp-fosls,126.29547828024214,0.0033936444517195866,0.002532342919428131,0.004634168469061812
mlp-fosls,126.51685792834193,0.0033925270770572046,0.002528962540852127,0.0046567060690253185
mlp-fosls,126.73823757644172,0.0033985702542969755,0.002526066398965001,0.0046645867721789944
mlp-fosls,126.95961722454152,0.003398306075850099,0.002523745746659486,0.0046531554959014934
mlp-fosls,127.1809968726413,0.003397817245367819,0.002521425094353971,0.004641724219623994
mlp-fosls,127.4023765207411,0.0034116596971735767,0.0024920959048196816,0.004669297858046875
mlp-fosls,127.62375616884088,0.0034404008585824037,0.002461627726138242,0.004699650804869404
mlp-fosls,127.84513581694067,0.0034614566688957026,0.002446986871939563,0.00469883047565171
mlp-fosls,128.06651546504048,0.0034350598489681374,0.002450824630534465,0.004657620016360896
mlp-fosls,128.28789511314025,0.0033919362330853374,0.0024546623891293657,0.004616409557070091
mlp-fosls,128.50927476124005,0.0033735773117997015,0.002444245738665975,0.004654295492069532
mlp-fosls,128.73065440933985,0.0033794527703522583,0.00243328193021686,0.004697457430544404
mlp-fosls,128.95203405743962,0.003378209712174761,0.0024520874295568353,0.0047178424804330665
mlp-fosls,129.17341370553942,0.0033547780827785445,0.002505081103985068,0.004709151252212942
mlp-fosls,129.39479335363922,0.003344446489714542,0.0025580747784133004,0.004700460023992817
mlp-fosls,129.61617300173899,0.0033662291749379826,0.0025465762177978844,0.004663063005489111
mlp-fosls,129.83755264983878,0.0033729612974000957,0.002532982828710885,0.004623885513721199
mlp-fosls,130.05893229793858,0.003356984314374125,0.002522264109615779,0.004610493675862288
mlp-fosls,130.28031194603838,0.003346630816250944,0.0025147744352200206,0.004629505025436558
mlp-fosls,130.50169159413815,0.0033383588418736928,0.002507284760824263,0.0046485163750108255
mlp-fosls,130.72307124223795,0.0033377492168351498,0.0025118415513059526,0.004644010672247341
mlp-fosls,130.94445089033775,0.0033390761227128224,0.002503061242352549,0.004638123579816398
mlp-fosls,131.16583053843752,0.00334624366054699,0.002517683705305959,0.004646735219425042
mlp-fosls,131.38721018653732,0.003368993713225879,0.002514338796915487,0.00467330259833807
mlp-fosls,131.60858983463712,0.0033923581704747236,0.002510993888525015,0.004699869977251098
mlp-fosls,131.8299694827369,0.003391169453675045,0.0024851137721039617,0.004620352795108369
mlp-fosls,132.05134913083668,0.0033594631497730243,0.0024587454524688645,0.00453509660068039
mlp-fosls,132.27272877893648,0.0033434184418567646,0.0024801267893550722,0.004524685238361929
mlp-fosls,132.49410842703628,0.003341527765127774,0.002553013709806216,0.004605469424875428
mlp-fosls,132.71548807513608,0.0033089557248214795,0.0025784357326935907,0.004686253611388929
mlp-fosls,132.93686772323585,0.0033122601349379254,0.0025936708965082354,0.00467385192576705
mlp-fosls,133.15824737133565,0.0033501662145204777,0.002564101538724512,0.0046568513631613274
mlp-fosls,133.37962701943545,0.0033760114078840346,0.002538408694542341,0.004655087735859345
mlp-fosls,133.60100666753522,0.0033496718012802004,0.0025191698308126786,0.0046715710308244925
mlp-fosls,133.82238631563501,0.003314082867054675,0.002499930967083014,0.004688054325789642
mlp-fosls,134.0437659637348,0.0033085418357478554,0.002499572608045361,0.00468338567157854
mlp-fosls,134.2651456118346,0.003311987399357978,0.0024994557894363846,0.004677767988109379
mlp-fosls,134.48652525993438,0.003325471675555685,0.00251409016264259,0.004668176983039686
mlp-fosls,134.70790490803418,0.0033413101064777495,0.002544076599217023,0.004653900162869732
mlp-fosls,134.92928455613398,0.0033673101086838715,0.0025740630357914563,0.00463962334269978
mlp-fosls,135.15066420423375,0.003381031309875114,0.0025632371928258455,0.004604296599678329
mlp-fosls,135.37204385233355,0.003383519546829684,0.0025521037448629855,0.004568118900399384
mlp-fosls,135.59342350043335,0.0033897159870006277,0.0025187038909583953,0.004578386667998282
mlp-fosls,135.81480314853314,0.003395636856790868,0.002462551413072755,0.0046423104434015205
mlp-fosls,136.03618279663291,0.0033956161908388137,0.002406398935187122,0.004706234218804751
mlp-fosls,136.2575624447327,0.003396875884912288,0.0024394497367752417,0.004661771067951042
mlp-fosls,136.4789420928325,0.003389479045211652,0.0024727567533694788,0.004613503536601272
mlp-fosls,136.70032174093228,0.003375571375448323,0.002496483212057923,0.004605171147784401
mlp-fosls,136.92170138903208,0.003365155404695985,0.0025106081034398362,0.004642199279979122
mlp-fosls,137.14308103713188,0.0033671703312648455,0.0025246889830400792,0.004679227412173843
mlp-fosls,137.36446068523168,0.0033854786634654756,0.0025093577649316725,0.004684279329335867
mlp-fosls,137.58584033333145,0.0033687781438902073,0.002494026546823268,0.004688350355151699
mlp-fosls,137.80721998143125,0.0033514430201329447,0.0024857750125632733,0.004661811739466654
mlp-fosls,138.02859962953104,0.0033571803313619487,0.0024845061685869778,0.004601059217298842
mlp-fosls,138.2499792776308,0.003381682602530235,0.0024834567024404285,0.004540306695131038
mlp-fosls,138.4713589257306,0.0034193350387235434,0.0025185233237507727,0.00454592288459674
mlp-fosls,138.6927385738304,0.0034387748886849394,0.002553589945061117,0.004553296941609146
mlp-fosls,138.9141182219302,0.0034377685147875974,0.0025413266812493135,0.004551726622393234
mlp-fosls,139.13549787002998,0.0033963365168941497,0.0024832770783796716,0.004540341370616333
mlp-fosls,139.35687751812978,0.0033591398313555466,0.002426250380380761,0.004528956118839429
mlp-fosls,139.57825716622958,0.003365988941831834,0.0024683189737355693,0.00459870905785343
mlp-fosls,139.79963681432935,0.0033749334089183637,0.002510387567090372,0.0046702154874613405
mlp-fosls,140.02101646242915,0.0033769538784445456,0.0025086470446928546,0.004683409389865745
mlp-fosls,140.24239611052894,0.0033627809523329453,0.0024652285068236983,0.004633686342265968
mlp-fosls,140.46377575862874,0.0033482252439336222,0.002422639221874233,0.004583963294666191
mlp-fosls,140.6851554067285,0.003337501786556984,0.0024371733442845422,0.004594092571382362
mlp-fosls,140.9065350548283,0.0033375457335782675,0.002451707466694854,0.004605230823198122
mlp-fosls,141.1279147029281,0.0033435611617101055,0.0024726214152662944,0.004609700188401931
mlp-fosls,141.3492943510279,0.003364175740120907,0.0024995067339112316,0.004607112157856928
mlp-fosls,141.57067399912768,0.0033857154150748253,0.0025257324242321734,0.004604524127311925
mlp-fosls,141.79205364722748,0.003390479118230718,0.0025166425011483922,0.00459947023879817
mlp-fosls,142.01343329532727,0.0033669747181502823,0.0025075525780646106,0.004594386592756626
mlp-fosls,142.23481294342704,0.0033611857795655493,0.0024966545563031854,0.004600415596443218
mlp-fosls,142.45619259152684,0.0033774095967655984,0.002484087062489147,0.00461798705442573
mlp-fosls,142.67757223962664,0.003391949403443207,0.0024723217975557883,0.004635558512408242
mlp-fosls,142.89895188772644,0.003391864454075538,0.0024953561786639805,0.004605985847327673
mlp-fosls,143.1203315358262,0.003393568681472418,0.0025183905597721693,0.00457605326735859
mlp-fosls,143.341711183926,0.0034008542978638144,0.0025171848133421246,0.004581571826462481
mlp-fosls,143.5630908320258,0.0034111499607671937,0.002494009935536433,0.004623375627714786
mlp-fosls,143.78447048012558,0.003414853444819123,0.0024715350677928624,0.004665179428967086
mlp-fosls,144.00585012822538,0.0034211142300338082,0.0024742789756727122,0.0046689684406759704
mlp-fosls,144.22722977632517,0.003434271923155707,0.0024770228835525624,0.0046726029173268175
mlp-fosls,144.44860942442497,0.0034362999990329404,0.0024782855510320652,0.00465835522665088
mlp-fosls,144.66998907252474,0.003401958488300334,0.0024782307332537634,0.004626058238736068
mlp-fosls,144.89136872062454,0.00335859883707786,0.0024785997043615055,0.004593765409453246
mlp-fosls,145.11274836872434,0.003352291401080798,0.002491867509655028,0.004585847610776861
mlp-fosls,145.3341280168241,0.003386502816280344,0.0025051353149485485,0.004577929812100477
mlp-fosls,145.5555076649239,0.0034220067047796205,0.0025138284696855405,0.004599090808609213
mlp-fosls,145.7768873130237,0.0034364316130697974,0.002518530966569705,0.004649070057506278
mlp-fosls,145.9982669611235,0.003433245118138557,0.002521592966326332,0.004698928036358922
mlp-fosls,146.21964660922328,0.0033937970336437016,0.0024812288437153582,0.004718605878301406
mlp-fosls,146.44102625732307,0.003357955178951163,0.0024408647211043794,0.004738283720243894
mlp-fosls,146.66240590542287,0.0033461905396463937,0.002425267889262815,0.004755288726796272
mlp-fosls,146.88378555352264,0.003366269353647673,0.002430858147059752,0.004769686799909357
mlp-fosls,147.10516520162244,0.0033782150997101654,0.002436478322715327,0.004783018913497136
mlp-fosls,147.32654484972224,0.003359932314341795,0.002442794737501316,0.004667674979398697
mlp-fosls,147.54792449782204,0.0033511122423466686,0.0024491111522873055,0.004552331045300257
mlp-fosls,147.7693041459218,0.003349413203879015,0.002469554963200941,0.004511995174653788
mlp-fosls,147.9906837940216,0.0033642961190604934,0.0025018636925381666,0.004543595439532849
mlp-fosls,148.2120634421214,0.003395594765314972,0.002532018907401676,0.00457512461149203
mlp-fosls,148.43344309022117,0.0033894244386462064,0.0025097032381536585,0.004601035420385211
mlp-fosls,148.65482273832097,0.003359005932768967,0.0024873875689056385,0.004626946229278396
mlp-fosls,148.87620238642077,0.0033352148644370293,0.002496716048791662,0.0046167684598936425
mlp-fosls,149.09758203452057,0.0033269731729374226,0.0025328139008259343,0.004572609839585986
mlp-fosls,149.31896168262034,0.00332021189317646,0.0025665225104087633,0.004528844475429821
mlp-fosls,149.54034133072014,0.0033314537745635104,0.0025488103861803306,0.0045076625430747475
mlp-fosls,149.76172097881994,0.003368548112930067,0.002531098261951898,0.004486480610719675
mlp-fosls,149.9831006269197,0.003393123017809978,0.002511264520618004,0.004513805198326948
mlp-fosls,150.2044802750195,0.0033697242232253906,0.002489673457001021,0.004586009971124255
mlp-fosls,150.4258599231193,0.003328680478570538,0.0024686379736508016,0.004656046780166525
mlp-fosls,150.6472395712191,0.0033287865444245343,0.002458271836048434,0.004627119717061681
mlp-fosls,150.86861921931887,0.0033596822987911846,0.0024479056984460686,0.004598192653956841
mlp-fosls,151.08999886741867,0.0033931765051666424,0.002464795801091466,0.004604930649750468
mlp-fosls,151.31137851551847,0.0034016437283777056,0.0025038530895607493,0.004644083882223356
mlp-fosls,151.53275816361827,0.0033946925761310443,0.0025387515430140804,0.004680896758913166
mlp-fosls,151.75413781171804,0.003369202025393555,0.0024999547271754323,0.0046296650035528115
mlp-fosls,151.97551745981784,0.0033615058495764473,0.0024611579113367793,0.00457843324819245
mlp-fosls,152.19689710791764,0.0033507900372957648,0.0024536257869906203,0.004545658171830353
mlp-fosls,152.4182767560174,0.003335997884894542,0.002471130042762863,0.004529407176645504
mlp-fosls,152.6396564041172,0.0033227282774142375,0.0024892329356315233,0.00451454568156959
mlp-fosls,152.861036052217,0.0033362989701854707,0.0025172453538647287,0.004545424473732442
mlp-fosls,153.0824157003168,0.003341201750710584,0.0025452577720979346,0.004576303265895295
mlp-fosls,153.30379534841657,0.003344788280047632,0.0025323558251193813,0.004574620815932652
mlp-fosls,153.52517499651637,0.0033477551310943645,0.0024871975752582165,0.004544218368184226
mlp-fosls,153.74655464461617,0.003352302899581995,0.0024480124084503034,0.004515542064842479
mlp-fosls,153.96793429271594,0.0033643726045260638,0.0024999055374840254,0.0045373116196005155
mlp-fosls,154.18931394081574,0.0033860840106810226,0.0025517986665177543,0.004559081174358555
mlp-fosls,154.41069358891554,0.0034020161129557198,0.0025548976994972305,0.004563732729523452
mlp-fosls,154.63207323701533,0.0034033974708269433,0.0025202146188914093,0.004553486709366224
mlp-fosls,154.8534528851151,0.0034020131843746013,0.002486337095024996,0.0045434162823666845
mlp-fosls,155.0748325332149,0.003390410239248351,0.002463817612170667,0.004537982258179453
mlp-fosls,155.2962121813147,0.0033579349179500883,0.002441298129316338,0.004532548233992221
mlp-fosls,155.51759182941447,0.003337540339172663,0.0024514086244055437,0.004534420421353708
mlp-fosls,155.73897147751427,0.0033659009198527025,0.002486271937460187,0.004542570864809796
mlp-fosls,155.96035112561407,0.0034154594383883205,0.002518425586493657,0.004551032216758522
mlp-fosls,156.18173077371387,0.0034252642038499967,0.002515228930199248,0.004566983469166962
mlp-fosls,156.40311042181364,0.0033888658187874957,0.0025120322739048398,0.004582934721575401
mlp-fosls,156.62449006991343,0.003360439008522291,0.0025017547680574927,0.004621101792644215
mlp-fosls,156.84586971801323,0.0033469034695707955,0.002486191252031722,0.004678043430809074
mlp-fosls,157.067249366113,0.0033415221620139136,0.002472195632149537,0.0047300734912041455
mlp-fosls,157.2886290142128,0.0033471426190406156,0.0024777254113686176,0.004676061353306674
mlp-fosls,157.5100086623126,0.0033353514786391217,0.002483255190587698,0.004622049215409202
mlp-fosls,157.7313883104124,0.0033165798929008965,0.002491713761653801,0.004594883920489529
mlp-fosls,157.95276795851217,0.0033209225013011937,0.002502322336780426,0.0045900213108286065
mlp-fosls,158.17414760661197,0.0033245468789575927,0.0025100613612724708,0.004581684357050403
mlp-fosls,158.39552725471177,0.0033401712310012375,0.0024837367078364447,0.0045045018756729276
mlp-fosls,158.61690690281154,0.0033602205700617267,0.002457412054400422,0.0044273193942954625
mlp-fosls,158.83828655091133,0.0033710576167943493,0.0024437962408273457,0.00442522327495086
mlp-fosls,159.05966619901113,0.003377820878768625,0.002439422787772385,0.004484596430859232
mlp-fosls,159.28104584711093,0.003394688537517828,0.0024358440989987315,0.0045413687448366226
mlp-fosls,159.5024254952107,0.003411979549172312,0.002441236002853453,0.004550439186194051
mlp-fosls,159.7238051433105,0.003396700672239285,0.0024466279067081754,0.004559509627551482
mlp-fosls,159.9451847914103,0.003379856266650599,0.0024510319937883765,0.004558743624043736
mlp-fosls,160.1665644395101,0.0033624397818425677,0.002454731128082631,0.004550050246742826
mlp-fosls,160.38794408760987,0.0033469822156588884,0.002459358375657947,0.00454212206293791
mlp-fosls,160.60932373570967,0.003356856141766046,0.0024738713880385257,0.00454710691279069
mlp-fosls,160.83070338380946,0.003380037727378926,0.002488384400419104,0.0045520917626434695
mlp-fosls,161.05208303190923,0.003385940642484129,0.0024899140130238157,0.004579700026095855
mlp-fosls,161.27346268000903,0.0033581924493805973,0.002482342665739298,0.004625213816290245
mlp-fosls,161.49484232810883,0.0033282132227740657,0.0024751733705056286,0.004667154571996377
mlp-fosls,161.71622197620863,0.0033210856487619774,0.0024720808373595647,0.004653023729285781
mlp-fosls,161.9376016243084,0.003318516960457832,0.002468988304213501,0.004638892886575186
mlp-fosls,162.1589812724082,0.0033178763805164,0.002473124670028333,0.00461498948832719
mlp-fosls,162.380360920508,0.003313361238791388,0.0024822444049950425,0.004583468554910548
mlp-fosls,162.60174056860777,0.0033099724243929414,0.002480740476089462,0.004556819570441994
mlp-fosls,162.82312021670757,0.0033370183121559016,0.0024679785280835903,0.004601657047185385
mlp-fosls,163.04449986480736,0.0033522003573754197,0.0024578244944146546,0.004646494523928777
mlp-fosls,163.26587951290716,0.0033553836197980362,0.002459287440058488,0.004640627690507481
mlp-fosls,163.48725916100693,0.0033519809533728347,0.002461671467465074,0.0045957958470727416
mlp-fosls,163.70863880910673,0.0033616041319100443,0.002466114160538985,0.004551060706508103
mlp-fosls,163.93001845720653,0.0034010860372202245,0.002489561389486469,0.004507668006028623
mlp-fosls,164.1513981053063,0.0034061051380436173,0.0025130086184339505,0.004464275305549149
mlp-fosls,164.3727777534061,0.003398995112877209,0.002506173671290928,0.00447496987195687
mlp-fosls,164.5941574015059,0.003370468189813072,0.002479140467186004,0.004526632865545944
mlp-fosls,164.8155370496057,0.0033417985487869247,0.002456850851774701,0.00457183612570259
mlp-fosls,165.03691669770546,0.0033341913683280636,0.0024763053131339127,0.004532312841667077
mlp-fosls,165.25829634580526,0.0033779862833479436,0.002495759774493127,0.00449278955763156
mlp-fosls,165.47967599390506,0.003413032456104917,0.002496305972228445,0.0044921979708095056
mlp-fosls,165.70105564200483,0.0033980589812744703,0.0024844819464325207,0.004520657766605797
mlp-fosls,165.92243529010463,0.0033514326063589003,0.002473205353371809,0.004549215466189291
mlp-fosls,166.14381493820443,0.0033084519981194586,0.0024665114661347504,0.004578994225391212
mlp-fosls,166.36519458630423,0.003298882310334308,0.0024598175788976915,0.004608772984593133
mlp-fosls,166.586574234404,0.0032993703919731864,0.002477630836169699,0.004607777586827899
mlp-fosls,166.8079538825038,0.003312295421905086,0.002511184990560318,0.004584159673928683
mlp-fosls,167.0293335306036,0.0033207151689203375,0.0025378048346216854,0.00456429540665461
mlp-fosls,167.25071317870336,0.003314207318043547,0.0025088437630364033,0.0045884024058551074
mlp-fosls,167.47209282680316,0.003329249586955696,0.002479882691451118,0.004612509405055608
mlp-fosls,167.69347247490296,0.003347739465210907,0.002475107781980717,0.004597546930106297
mlp-fosls,167.91485212300276,0.0033635552477988316,0.0024856079847458373,0.004554330134832264
mlp-fosls,168.13623177110253,0.003371214495806259,0.0024934674464894193,0.004522966594742428
mlp-fosls,168.35761141920233,0.003379853081675761,0.002480730292621631,0.0046240804526786255
mlp-fosls,168.57899106730213,0.0033750242958730386,0.0024679931387538425,0.004725194310614822
mlp-fosls,168.80037071540193,0.0033547228255644823,0.002468567155309112,0.004707551274454992
mlp-fosls,169.0217503635017,0.0033168760937829426,0.0024774819931062354,0.004605400689332503
mlp-fosls,169.2431300116015,0.0032879847686865726,0.0024896713179981696,0.0045181231239715845
mlp-fosls,169.4645096597013,0.003301056261237055,0.0025265154437363493,0.004588471154389905
mlp-fosls,169.68588930780106,0.0033249237441202954,0.0025555396323039196,0.004658819184808215
mlp-fosls,169.90726895590086,0.003351615989024845,0.0025629231400835784,0.004658019816380479
mlp-fosls,170.12864860400066,0.0033827760331780307,0.0025487106328895394,0.0046073489395139595
mlp-fosls,170.35002825210046,0.0034135381416071997,0.0025309327118364106,0.004562791442613413
mlp-fosls,170.57140790020023,0.0034098208040617547,0.0025125221983789314,0.004580234575171322
mlp-fosls,170.79278754830003,0.00337335885014843,0.00249411168492145,0.004597677707729232
mlp-fosls,171.01416719639982,0.003336289301271351,0.002490287521133575,0.004614514630861784
mlp-fosls,171.2355468444996,0.0033145213689297786,0.002495217014621319,0.004630933525623403
mlp-fosls,171.4569264925994,0.003308548657229859,0.0024993230080960216,0.004640632301393705
mlp-fosls,171.6783061406992,0.0033242611530200994,0.0024978081350867866,0.004585538006210945
mlp-fosls,171.899685788799,0.0033286858959775826,0.002496293262077552,0.004530443711028186
mlp-fosls,172.12106543689876,0.0033334919748923483,0.002485300977824569,0.004513699142294933
mlp-fosls,172.34244508499856,0.0033410769041083708,0.002468755136994156,0.004522976400520436
mlp-fosls,172.56382473309836,0.0033507380492848802,0.002453168148822653,0.004532596032391526
mlp-fosls,172.78520438119813,0.003375600984425501,0.0024438288453792,0.004545371934188681
mlp-fosls,173.00658402929793,0.003403433267741561,0.0024344895419357465,0.004558147835985836
mlp-fosls,173.22796367739772,0.0034147926748126353,0.002462412628774689,0.004557356815637652
mlp-fosls,173.44934332549752,0.003393379373514888,0.002511768274769466,0.004547524420397289
mlp-fosls,173.6707229735973,0.0033670989185448745,0.002554347232894538,0.004541067437681774
mlp-fosls,173.8921026216971,0.0033433204451855042,0.0025543655873964204,0.004564314179350826
mlp-fosls,174.1134822697969,0.0033345268784223257,0.002548523754126498,0.0045875609210198785
mlp-fosls,174.33486191789666,0.0033360786112628417,0.00252116572547839,0.004598675774434144
mlp-fosls,174.55624156599646,0.003356854637073213,0.002469119223394829,0.00460183472515163
mlp-fosls,174.77762121409626,0.0033795034515946712,0.0024269948645071746,0.004607504027683113
mlp-fosls,174.99900086219606,0.0033856958999623644,0.0024461384040926756,0.004634295069746156
mlp-fosls,175.22038051029583,0.0033732196770476395,0.002465281943678174,0.004661086111809195
mlp-fosls,175.44176015839562,0.003363589047186052,0.002478616822196649,0.004663326791020195
mlp-fosls,175.66313980649542,0.003350200404013195,0.002488708212544053,0.004649761178952092
mlp-fosls,175.8845194545952,0.003328139362820486,0.0024965415467728064,0.004629432594160974
mlp-fosls,176.105899102695,0.003297472737390843,0.002490960273811084,0.004554295468756274
mlp-fosls,176.3272787507948,0.003296871140567817,0.0024853790008493616,0.004479158343351574
mlp-fosls,176.5486583988946,0.0032848155376256367,0.002480866514840036,0.004466151157542978
mlp-fosls,176.77003804699436,0.003273806253757486,0.002476938926647329,0.004492559525550014
mlp-fosls,176.99141769509416,0.003255184637340038,0.0024759336523350584,0.004518542313989369
mlp-fosls,177.21279734319396,0.003262552308100613,0.0024915821617480754,0.0045412155299934115
mlp-fosls,177.43417699129375,0.003282654882990687,0.002507230671161093,0.004563888745997454
mlp-fosls,177.65555663939352,0.0033047288267789394,0.002514915943740459,0.004584582311776647
mlp-fosls,177.87693628749332,0.003326764404232638,0.002518348881254378,0.004604041333196526
mlp-fosls,178.09831593559312,0.00334548576733522,0.0025141575853364546,0.004618704891686243
mlp-fosls,178.3196955836929,0.0033547880318411526,0.002468252187838519,0.0045974288351810595
mlp-fosls,178.5410752317927,0.003352491055175823,0.002422346790340577,0.004576152778675874
mlp-fosls,178.7624548798925,0.0033456054838451937,0.0024465566217550493,0.004577131284569893
mlp-fosls,178.9838345279923,0.0033343684652289377,0.0025072839372804,0.004591768788122711
mlp-fosls,179.20521417609206,0.003326152610502521,0.002557018877259971,0.00461223348239461
mlp-fosls,179.42659382419185,0.0033415044262940802,0.0025470095139180065,0.004674869347880602
mlp-fosls,179.64797347229165,0.003350403446313938,0.0025366926329381187,0.004737505213366595
mlp-fosls,179.86935312039142,0.003347840905225533,0.002524535870293201,0.004715091440789795
mlp-fosls,180.09073276849122,0.003329350215757101,0.0025044695693124423,0.004641404714166722
mlp-fosls,180.31211241659102,0.00331316291533805,0.0024879095579271528,0.004582298270570591
mlp-fosls,180.53349206469082,0.0033323921598445664,0.0024893892005165533,0.004624305202366665
mlp-fosls,180.7548717127906,0.0033670846881963994,0.0024908688431059534,0.004666312134162733
mlp-fosls,180.9762513608904,0.0033831737029339825,0.0024983646897243925,0.004654039106356515
mlp-fosls,181.1976310089902,0.0033581176359340197,0.002508886654780495,0.004609611191252838
mlp-fosls,181.41901065708996,0.0033207426559248403,0.002514265111994404,0.0045667935855432645
mlp-fosls,181.64039030518975,0.00332302651879072,0.002494091943248535,0.004534774179620789
mlp-fosls,181.86176995328955,0.0033374870748119952,0.002473918774502666,0.004502754773698314
mlp-fosls,182.08314960138935,0.0033572112213745837,0.00247015225484186,0.0045329831414714535
mlp-fosls,182.30452924948912,0.003370852007724384,0.0024744640940493334,0.004599486847699996
mlp-fosls,182.52590889758892,0.0033821626392562696,0.002476698049977044,0.004655634671421317
mlp-fosls,182.74728854568872,0.0033754155210546184,0.002468979267959873,0.004644852130521432
mlp-fosls,182.9686681937885,0.0033568011706276322,0.002461260485942703,0.004634069589621548
mlp-fosls,183.1900478418883,0.003343455218917112,0.002466748179637492,0.004601545666313859
mlp-fosls,183.41142748998809,0.003337649327642164,0.00247858661230702,0.0045564664803516486
mlp-fosls,183.63280713808788,0.003330762531004983,0.002482224879259865,0.004520181273559305
mlp-fosls,183.85418678618765,0.0033101003634044587,0.0024478959538636693,0.004539759629343645
mlp-fosls,184.07556643428745,0.0033176951205199307,0.0024135670284674694,0.004559337985127987
mlp-fosls,184.29694608238725,0.003336161516589738,0.002425759970385939,0.004563469439639967
mlp-fosls,184.51832573048702,0.003353018942880818,0.0024598750045634107,0.004558845165477285
mlp-fosls,184.73970537858682,0.003350798687281913,0.0024874549739502356,0.004561419430160955
mlp-fosls,184.96108502668662,0.003355854265188462,0.002485704045922058,0.004608035309693221
mlp-fosls,185.18246467478642,0.0033909154822639124,0.0024839531178938797,0.004654651189225486
mlp-fosls,185.4038443228862,0.0034169149070303276,0.0024924749949420816,0.004653396162770142
mlp-fosls,185.62522397098599,0.0034164856107971363,0.0025057516390505205,0.004625485689690955
mlp-fosls,185.84660361908578,0.0034032040752487187,0.002516414517930654,0.0046019924424690415
mlp-fosls,186.06798326718555,0.003366179560753675,0.002515666247145842,0.004604716569227102
mlp-fosls,186.28936291528535,0.0033190099273430205,0.002514917976361031,0.004607440695985163
mlp-fosls,186.51074256338515,0.003300063095481629,0.0025012427144130967,0.004606087442042946
mlp-fosls,186.73212221148495,0.003303142229658088,0.0024817242665159706,0.0046025072741410385
mlp-fosls,186.95350185958472,0.003322832871749404,0.0024676970959430257,0.00459487700450842
mlp-fosls,187.17488150768452,0.003360970012436702,0.002476834307867413,0.004564083506858315
mlp-fosls,187.39626115578432,0.00334885677059948,0.0024859715197917995,0.00453329000920821
mlp-fosls,187.61764080388411,0.0033359435017031236,0.002488385472425651,0.004520815999263348
mlp-fosls,187.83902045198388,0.0033462129140963874,0.002487842472031274,0.0045181586623402065
mlp-fosls,188.06040010008368,0.0033815253026614977,0.002486654636018458,0.0045240008650717705
mlp-fosls,188.28177974818348,0.003389578141791579,0.002482836053254253,0.004576792351854811
mlp-fosls,188.50315939628325,0.0033886275170855545,0.0024790174704900484,0.004629583838637843
mlp-fosls,188.72453904438305,0.00340043506941003,0.0024595101544543827,0.0046429517702483115
mlp-fosls,188.94591869248285,0.003403364119738161,0.002433265899492007,0.004635570704527736
mlp-fosls,189.16729834058265,0.0033732403811826996,0.0024217002207491864,0.004631706737782184
mlp-fosls,189.38867798868242,0.003321145173494098,0.0024680562576715488,0.00464666592024793
mlp-fosls,189.61005763678222,0.0033354806132063165,0.0025144122945939167,0.004661625102713679
mlp-fosls,189.831437284882,0.003360324697634332,0.0025021734044542473,0.004651136543077967
mlp-fosls,190.05281693298178,0.003380452091574039,0.0024653250098943262,0.004627533166166093
mlp-fosls,190.27419658108158,0.0033819465684416577,0.002441952584444804,0.00460600973927433
mlp-fosls,190.49557622918138,0.0033490542474235935,0.0024703768594846885,0.004595269642338661
mlp-fosls,190.71695587728118,0.0033154420923021503,0.0024988011345245735,0.004584529545402993
mlp-fosls,190.93833552538095,0.0033001175083943214,0.002490651933176456,0.004605738921442269
mlp-fosls,191.15971517348075,0.0033114563776313367,0.0024674240747794155,0.004643105031665541
mlp-fosls,191.38109482158055,0.0033232682348820607,0.0024544575893456788,0.004669476093596576
mlp-fosls,191.60247446968032,0.003309932654817478,0.0024800957948860123,0.004640765145913947
mlp-fosls,191.82385411778012,0.0033193318428398717,0.0024911154359942064,0.004612054198231316
mlp-fosls,192.0452337658799,0.003338507204316858,0.002503208446275944,0.004561052391332199
mlp-fosls,192.2666134139797,0.0033576092467815237,0.0024893305149453196,0.004499013094009002
mlp-fosls,192.48799306207948,0.0033617543221363426,0.0024748200114125926,0.004456586568896262
mlp-fosls,192.70937271017928,0.003347606138573954,0.002457995049797171,0.004510595418838217
mlp-fosls,192.93075235827908,0.0033291121691669968,0.0024411700881817495,0.004564604268780171
mlp-fosls,193.15213200637885,0.003320658297297796,0.0024469157293051944,0.0045580413658704525
mlp-fosls,193.37351165447865,0.0033210202112590797,0.0024615781095830794,0.0045217961327901676
mlp-fosls,193.59489130257845,0.0033143963304492537,0.0024737231502088898,0.004493242081612577
mlp-fosls,193.81627095067824,0.0032836542210727434,0.0024768929270009565,0.004501305964193838
mlp-fosls,194.03765059877801,0.0032739410328518075,0.0024800627037930233,0.004509369846775098
mlp-fosls,194.2590302468778,0.003278981395499655,0.002468377594939011,0.004536812259814721
mlp-fosls,194.4804098949776,0.003291937782831193,0.0024509495217705664,0.004573550605448174
mlp-fosls,194.70178954307738,0.0033079840835740556,0.0024403493735129507,0.004603902551193954
mlp-fosls,194.92316919117718,0.0033494615839972674,0.0024534324212803454,0.004604697813336066
mlp-fosls,195.14454883927698,0.0033447614974691274,0.0024665154690477406,0.004605493075478176
mlp-fosls,195.36592848737678,0.0033390278442659684,0.0024771070420482977,0.004592952093243657
mlp-fosls,195.58730813547655,0.0033507044269526923,0.0024867591205497974,0.004574127976101637
mlp-fosls,195.80868778357635,0.00338120600906063,0.002491640791244973,0.0045580557719233725
mlp-fosls,196.03006743167614,0.0034127040802190414,0.0024804573990689686,0.004554339334274217
mlp-fosls,196.25144707977594,0.003390901530626338,0.002469274006892964,0.004550622896625061
mlp-fosls,196.4728267278757,0.003353481730685912,0.002471608128130717,0.004565531180507233
mlp-fosls,196.6942063759755,0.003330387026647557,0.0024789262497522126,0.004589015297922055
mlp-fosls,196.9155860240753,0.0033470543819035634,0.002483837915584068,0.004603828305191773
mlp-fosls,197.13696567217508,0.0033796838805585164,0.0024807808949174072,0.004580875548892556
mlp-fosls,197.35834532027488,0.0033631836115257455,0.002477723874250746,0.004557922792593337
mlp-fosls,197.57972496837468,0.0033409241534712803,0.0024750324899634295,0.004543847921409633
mlp-fosls,197.80110461647448,0.0033274646670213206,0.0024724738432098463,0.004533778544310765
mlp-fosls,198.02248426457425,0.0033295700588384684,0.002472609903005103,0.004540138478334649
mlp-fosls,198.24386391267404,0.0033356816113666336,0.0024814759731089826,0.004615870694808747
mlp-fosls,198.46524356077384,0.0033222615528589574,0.002490342043212862,0.004691602911282846
mlp-fosls,198.6866232088736,0.003315751309075796,0.0025055216245047783,0.004677160499009593
mlp-fosls,198.9080028569734,0.003333265005938154,0.0025229387978424034,0.004622841076594583
mlp-fosls,199.1293825050732,0.0033676202641387924,0.0025194447888497243,0.004592666586784748
mlp-fosls,199.350762153173,0.0033871770614766136,0.002492210626525184,0.004661897447466377
mlp-fosls,199.57214180127278,0.0033894593624039515,0.0024567914446401214,0.004731128308147997
mlp-fosls,199.79352144937258,0.0033841227496427674,0.0024626000920811696,0.004705259953855172
mlp-fosls,200.01490109747238,0.00336123887445814,0.0024826236127798973,0.004638137336209314
mlp-fosls,200.23628074557215,0.003326492556907412,0.002499280582108594,0.004583534779148127
mlp-fosls,200.45766039367194,0.003308661776985378,0.002505617318279838,0.004579182967854117
mlp-fosls,200.67904004177174,0.0033199007130930353,0.002511954054451083,0.004574831156560108
mlp-fosls,200.90041968987154,0.0033408715385286306,0.002523913132070031,0.004601400343196743
mlp-fosls,201.1217993379713,0.0033792498024779695,0.0025377630593473614,0.004641150384202227
mlp-fosls,201.3431789860711,0.0033919679026893947,0.0025359183670282024,0.004664225265516876
mlp-fosls,201.5645586341709,0.0033490245805528735,0.0024872131088065907,0.0046218720342048256
mlp-fosls,201.78593828227068,0.003335135258428112,0.0024385078505849856,0.004579518802892781
mlp-fosls,202.00731793037048,0.00334541600474998,0.0024612999994383417,0.004569979406156438
mlp-fosls,202.22869757847027,0.0033684193698623405,0.00245717142328168,0.004574163833486548
mlp-fosls,202.45007722657007,0.003369500224103778,0.0024559903965480382,0.004583655600181604
mlp-fosls,202.67145687466984,0.003346710883431417,0.002468137552380638,0.004613480379538171
mlp-fosls,202.89283652276964,0.0033186058130652597,0.0024650221114259816,0.0046433051588947415
mlp-fosls,203.11421617086944,0.0032875918407414585,0.0024636413104616706,0.004614041480638906
mlp-fosls,203.3355958189692,0.003267225878873974,0.002472761188135932,0.004560525580185957
mlp-fosls,203.556975467069,0.0032660528908035583,0.002482097256317683,0.004519752991494499
mlp-fosls,203.7783551151688,0.0032933668924076667,0.0024920501966657536,0.004526658501417952
mlp-fosls,203.9997347632686,0.0033227175905012236,0.002502003137013824,0.004533564011341405
mlp-fosls,204.22111441136838,0.0033562661244439427,0.0025023395043985547,0.004552984980955398
mlp-fosls,204.44249405946817,0.003375823064219914,0.002499676362431032,0.004577441009240259
mlp-fosls,204.66387370756797,0.0033685483414165277,0.002493264796143527,0.004584928248961635
mlp-fosls,204.88525335566777,0.0033471458528677297,0.0024764416231225893,0.004530564872759073
mlp-fosls,205.10663300376754,0.0033496696499980784,0.002459618450101654,0.004476201496556517
mlp-fosls,205.32801265186734,0.003376641572023727,0.0024629597259053773,0.004437855173100976
mlp-fosls,205.54939229996714,0.003386185263144017,0.002472419176295551,0.0044058475646704615
mlp-fosls,205.7707719480669,0.0033642520959980783,0.0024840718745033907,0.004396514119669812
mlp-fosls,205.9921515961667,0.0033455893642415765,0.002501657453196014,0.004468392978567153
mlp-fosls,206.2135312442665,0.0033484377610467912,0.002508673587624315,0.0045402718374644956
mlp-fosls,206.4349108923663,0.003342866517850102,0.00252152551857631,0.004583112643842005
mlp-fosls,206.65629054046607,0.0033140387235426477,0.0025192997043083656,0.004614675006342632
mlp-fosls,206.87767018856587,0.0032835786315492865,0.002513592362330798,0.004632550068139733
mlp-fosls,207.09904983666567,0.003299718038938238,0.002498643609483249,0.004602587499477545
mlp-fosls,207.32042948476544,0.003303063185775712,0.0024836948566357023,0.004572624930815363
mlp-fosls,207.54180913286524,0.0033042103907983,0.0024847132824477717,0.004597866218044501
mlp-fosls,207.76318878096504,0.003313740396500117,0.002490350870952186,0.0046440838587652675
mlp-fosls,207.98456842906484,0.003336578766887857,0.002495153548414782,0.004663246017967769
mlp-fosls,208.2059480771646,0.0033511777135743167,0.002497780488359569,0.004589892567688113
mlp-fosls,208.4273277252644,0.0033143231612617874,0.0025004074283043565,0.0045165391174084475
mlp-fosls,208.6487073733642,0.0033056634394790976,0.002474583052079103,0.004547019618910308
mlp-fosls,208.87008702146397,0.003338788325032582,0.0024406854197966082,0.004616219407326786
mlp-fosls,209.09146666956377,0.00337424386239438,0.002422010227843917,0.004652968967670771
mlp-fosls,209.31284631766357,0.0033626770542730345,0.0024423146681688533,0.00458128221521876
mlp-fosls,209.53422596576337,0.0033432435641403677,0.0024626191084937896,0.004509595462766749
mlp-fosls,209.75560561386314,0.00330949866632042,0.0024574413252436006,0.004532749308421997
mlp-fosls,209.97698526196294,0.003340624667571291,0.0024451863663157883,0.0045906330592975645
mlp-fosls,210.19836491006274,0.003361612386473124,0.002440281809357631,0.0046346235618037
mlp-fosls,210.4197445581625,0.0033738095825677165,0.0024538913626586,0.004633111189267399
mlp-fosls,210.6411242062623,0.0033811275852591045,0.0024675009159595704,0.004631598816731098
mlp-fosls,210.8625038543621,0.0033851241033419337,0.002473433043836693,0.004657386031900356
mlp-fosls,211.0838835024619,0.0033745682846376274,0.0024772775563151814,0.004692954710278803
mlp-fosls,211.30526315056167,0.003347462745377337,0.0024786328301412194,0.0047213340432528525
mlp-fosls,211.52664279866147,0.0033454498330472504,0.0024738280979067083,0.004726726039759004
mlp-fosls,211.74802244676127,0.0033755515512393927,0.002469023365672197,0.004732118036265156
mlp-fosls,211.96940209486104,0.0033985495947291304,0.0024952848930136586,0.0046668987679206065
mlp-fosls,212.19078174296084,0.0034009195595745972,0.0025299037202544355,0.004576877948776474
mlp-fosls,212.41216139106064,0.003391097542600921,0.0025452863108240413,0.004516070815425846
mlp-fosls,212.63354103916043,0.0033647830113531663,0.0025198430220911383,0.004547066036698008
mlp-fosls,212.8549206872602,0.003348589649772105,0.002492930691964619,0.004578061257970166
mlp-fosls,213.07630033536,0.0033363016527198502,0.0025028990466469947,0.0045731690710200295
mlp-fosls,213.2976799834598,0.003332647253461168,0.002522663154475439,0.004555871474770209
mlp-fosls,213.51905963155957,0.0033195894182973503,0.0025293204669743826,0.004559426651862347
mlp-fosls,213.74043927965937,0.0033370870349166337,0.002504193172337565,0.004627308251830452
mlp-fosls,213.96181892775917,0.0033732759563802643,0.002479065877700747,0.004695189851798556
mlp-fosls,214.18319857585897,0.0033853143729527177,0.0024862121994007605,0.004683693906835358
mlp-fosls,214.40457822395874,0.003358187941471675,0.002501746563946092,0.004645251645117418
mlp-fosls,214.62595787205854,0.0033142602941979276,0.002510375950480729,0.00461055814929759
mlp-fosls,214.84733752015833,0.0033083724216269464,0.0025025546166757284,0.004587166631517197
mlp-fosls,215.06871716825813,0.0033150573651884105,0.002494733282870728,0.004563775113736804
mlp-fosls,215.2900968163579,0.0033170642663143774,0.002494193657374106,0.004533158910401965
mlp-fosls,215.5114764644577,0.00330748801170626,0.0024954983616961367,0.004500153310212561
mlp-fosls,215.7328561125575,0.0032906505482814116,0.0024871228547551265,0.004497205351142456
mlp-fosls,215.95423576065727,0.0032780268729750896,0.0024561297247801804,0.004582615344310455
mlp-fosls,216.17561540875707,0.003290556783432516,0.0024251365948052303,0.004668025337478464
mlp-fosls,216.39699505685687,0.003297246168903306,0.0024428377041005095,0.004678500757102683
mlp-fosls,216.61837470495666,0.00328312870073829,0.002472582029511241,0.004664767865646356
mlp-fosls,216.83975435305643,0.0032521779814347887,0.0024874384468484023,0.0046500825486871615
mlp-fosls,217.06113400115623,0.003261196389145099,0.0024679578977078453,0.004632658923423512
mlp-fosls,217.28251364925603,0.003301303951680031,0.002448477348567289,0.004615235298159862
mlp-fosls,217.5038932973558,0.0033074541704845844,0.0024540866508773887,0.004578804696776247
mlp-fosls,217.7252729454556,0.003336353368179429,0.00246579668768412,0.004536382207425615
mlp-fosls,217.9466525935554,0.003371342588438556,0.0024772001880898347,0.00450072878413047
mlp-fosls,218.1680322416552,0.003350767600023094,0.0024879041787407626,0.004484084783353417
mlp-fosls,218.38941188975497,0.003284459888224028,0.0024986081693916897,0.004467440782576367
mlp-fosls,218.61079153785477,0.0032402680259842834,0.0024940335622719214,0.004485917285570228
mlp-fosls,218.83217118595456,0.0032785486707400027,0.0024857646773431678,0.004515179904745873
mlp-fosls,219.05355083405433,0.003305542921056271,0.0024803358092484423,0.00455628851549449
mlp-fosls,219.27493048215413,0.0033384325890410405,0.0024813198163732043,0.004629848278072736
mlp-fosls,219.49631013025393,0.0033732112926552456,0.002482303823497966,0.004703408040650981
mlp-fosls,219.71768977835373,0.00337896743655921,0.002472843774688592,0.004728613375499052
mlp-fosls,219.9390694264535,0.003355771662116627,0.002460914018845658,0.00473934655797913
mlp-fosls,220.1604490745533,0.0033333569394636896,0.0024554340169819495,0.004722509815766371
mlp-fosls,220.3818287226531,0.003346664703519975,0.0024642877672763153,0.004631772121802577
mlp-fosls,220.60320837075287,0.003362240772394427,0.00247314151757068,0.004541034427838794
mlp-fosls,220.82458801885267,0.003361223500021251,0.0024840779944123367,0.004578638279230709
mlp-fosls,221.04596766695246,0.003335430644708118,0.0024954954391811896,0.0046537377960072885
mlp-fosls,221.26734731505226,0.0032987330377276173,0.002503328723832965,0.004708129446953535
mlp-fosls,221.48872696315203,0.003286223523756905,0.002503328723832965,0.004708129446953535
mlp-fosls,221.71010661125183,0.0032846778631210327,0.002503328723832965,0.004708129446953535
