plot-name,time,median,low,high
mlp-fosls,0.549372673034668,0.45330835469891095,0.3896777493343719,0.5374421354684598
mlp-fosls,0.7490229506392379,0.42068106064873334,0.37167310871864134,0.4901143228430747
mlp-fosls,0.9486732282438077,0.38813386199497274,0.3526819955221928,0.43738376327000966
mlp-fosls,1.1483235058483778,0.35907975492511846,0.33598569936177103,0.389579911261923
mlp-fosls,1.3479737834529475,0.34788306100698474,0.3275515787207233,0.37533411939469213
mlp-fosls,1.5476240610575176,0.3371715702506899,0.31664743328676054,0.3605258591345844
mlp-fosls,1.7472743386620875,0.3295322543951732,0.30463034249911464,0.3492337318815035
mlp-fosls,1.9469246162666574,0.3263402573523887,0.2912809519042622,0.3424682750587683
mlp-fosls,2.146574893871227,0.32107076776914767,0.27728963253857564,0.33685176314947446
mlp-fosls,2.346225171475797,0.31699363992178553,0.2657232661819324,0.3339285159859819
mlp-fosls,2.5458754490803672,0.31461478540556886,0.2549509624891444,0.33015905505290793
mlp-fosls,2.745525726684937,0.3108000160813806,0.24370295927191388,0.3263460578561629
mlp-fosls,2.945176004289507,0.3040123939200081,0.2324814004527556,0.32239879996137827
mlp-fosls,3.1448262818940766,0.29566872937443356,0.2207201072737389,0.31840472621283333
mlp-fosls,3.3444765594986468,0.2862560691754318,0.20908929347713412,0.3147229157113745
mlp-fosls,3.5441268371032164,0.27326164145441906,0.20032089892232077,0.31278031882516
mlp-fosls,3.7437771147077865,0.2595311493968777,0.19115070610208632,0.3108255813392272
mlp-fosls,3.9434273923123566,0.2463249956754418,0.1826967668878558,0.30513169306721494
mlp-fosls,4.143077669916926,0.23284519019101382,0.17546727613811386,0.29367869607212777
mlp-fosls,4.342727947521496,0.2157649619526508,0.16792683335126246,0.28686154316712276
mlp-fosls,4.5423782251260665,0.20492795249673643,0.16036583659400944,0.2782011929538301
mlp-fosls,4.742028502730636,0.19775281853596696,0.15260486650483587,0.26731877186827346
mlp-fosls,4.941678780335206,0.19030445535962098,0.1444274524300038,0.25597411553786026
mlp-fosls,5.1413290579397755,0.18138350626786054,0.14157970784397256,0.24700615849419785
mlp-fosls,5.340979335544346,0.1717444591991936,0.13927104039087487,0.2380058036755729
mlp-fosls,5.540629613148916,0.16215924639956492,0.13682565900325644,0.22898187527424332
mlp-fosls,5.740279890753485,0.1566447396401754,0.1337501701856886,0.22158415925881492
mlp-fosls,5.939930168358056,0.1509264184820134,0.13060227826391815,0.2139307833500419
mlp-fosls,6.1395804459626255,0.14615971273388595,0.12796677487583508,0.2056094452452932
mlp-fosls,6.339230723567195,0.1418899649670164,0.12623408396956892,0.1962956763706937
mlp-fosls,6.538881001171765,0.13767584165670355,0.12447727679841691,0.1865174017339374
mlp-fosls,6.738531278776335,0.13385989544191457,0.12179318033344375,0.17800794386996774
mlp-fosls,6.938181556380905,0.13108068152675928,0.1184893344714815,0.17021087654583697
mlp-fosls,7.137831833985475,0.13010757842995158,0.115090685944843,0.16203905982259562
mlp-fosls,7.337482111590045,0.12526761394489494,0.11400853100178343,0.1585896775178742
mlp-fosls,7.537132389194615,0.12002928848987174,0.11329837313640105,0.15588820035515108
mlp-fosls,7.736782666799185,0.11806448897331048,0.11208139574549131,0.15296495440109936
mlp-fosls,7.936432944403754,0.11550927453137488,0.10898456995612987,0.14839680905767486
mlp-fosls,8.136083222008324,0.11397656945376036,0.10579713467191679,0.14368350149571668
mlp-fosls,8.335733499612894,0.11321994186348287,0.1038610296689078,0.13981252623125429
mlp-fosls,8.535383777217465,0.11355770304545157,0.10322994027899772,0.13567194080406336
mlp-fosls,8.735034054822034,0.11521092128028328,0.09959766136358436,0.131400945780148
mlp-fosls,8.934684332426604,0.11351350374222582,0.09753308356121743,0.12918221731807147
mlp-fosls,9.134334610031175,0.1097841053703005,0.09902993494129467,0.1283894331510224
mlp-fosls,9.333984887635744,0.10591154761799774,0.09869499180147216,0.1275917231581589
mlp-fosls,9.533635165240314,0.10260768632783956,0.09855619413948702,0.123849275536787
mlp-fosls,9.733285442844883,0.1000190103752316,0.09844455370616827,0.11964768266893794
mlp-fosls,9.932935720449453,0.10035427978849952,0.09492942159117537,0.11859581308434299
mlp-fosls,10.132585998054024,0.09818323360735509,0.09332141361507287,0.11548400817052931
mlp-fosls,10.332236275658593,0.09702890480388689,0.09168520815592832,0.11228599825946844
mlp-fosls,10.531886553263163,0.09590174571186368,0.08905828823032111,0.11165610056493021
mlp-fosls,10.731536830867734,0.09474508482588012,0.08693801686238256,0.11279398020651521
mlp-fosls,10.931187108472303,0.09379711691822437,0.0847647264456913,0.11392049485623594
mlp-fosls,11.130837386076873,0.09401849089621583,0.08442133247758367,0.11273121490944049
mlp-fosls,11.330487663681444,0.09383463041638593,0.08649137734789726,0.10968358888606677
mlp-fosls,11.530137941286013,0.09364331357377353,0.08556346447739292,0.10753436602739488
mlp-fosls,11.729788218890583,0.09007161646025674,0.08548317834683962,0.1066280162420724
mlp-fosls,11.929438496495154,0.0865709702383243,0.08309505220192272,0.1047822269268199
mlp-fosls,12.129088774099722,0.08409792190748608,0.08071237153045997,0.10290333479420145
mlp-fosls,12.328739051704293,0.08465790611668189,0.07962618583004358,0.09992612464182575
mlp-fosls,12.528389329308862,0.08543396042240031,0.07845341755262907,0.10004402228337672
mlp-fosls,12.728039606913432,0.08417367621606667,0.07763553193412542,0.09986449699799468
mlp-fosls,12.927689884518003,0.08395714410282776,0.07828748255344556,0.09669585441112086
mlp-fosls,13.127340162122572,0.0838807933870328,0.07694998186586349,0.09581846535669869
mlp-fosls,13.326990439727142,0.08326101011268155,0.07673395622190474,0.09547096626834693
mlp-fosls,13.526640717331713,0.08190316540252582,0.07872670462847034,0.09280247190353184
mlp-fosls,13.726290994936281,0.08265956569891617,0.07831496209671313,0.09088068000770051
mlp-fosls,13.925941272540852,0.08126332024777569,0.07563086371546465,0.09102160128498805
mlp-fosls,14.125591550145423,0.0813114729277567,0.07357688866539369,0.09349664062736283
mlp-fosls,14.325241827749991,0.08152221213852393,0.07146390379074104,0.095907829277495
mlp-fosls,14.524892105354562,0.07797179140382307,0.07247572092160456,0.09066332188489232
mlp-fosls,14.72454238295913,0.07898223398084438,0.07113642934585644,0.0891554261293743
mlp-fosls,14.924192660563701,0.07910592827419605,0.06550536776427802,0.0903325081340102
mlp-fosls,15.123842938168272,0.07608187039423969,0.06816484010232025,0.0868150272119988
mlp-fosls,15.32349321577284,0.07461939464778532,0.07072437802071119,0.08314887776668527
mlp-fosls,15.523143493377411,0.07565510940155146,0.06961751764927936,0.082497571281848
mlp-fosls,15.722793770981982,0.07530174688303334,0.0676735501088258,0.08342619372000137
mlp-fosls,15.92244404858655,0.0744607398123451,0.06528952604050074,0.0865822410278726
mlp-fosls,16.12209432619112,0.07382851040561782,0.06463333178744361,0.08459769218144662
mlp-fosls,16.321744603795693,0.0733712339411297,0.06551561080439781,0.08338213261600078
mlp-fosls,16.521394881400262,0.071925383981684,0.06422350121943532,0.08519812654077039
mlp-fosls,16.72104515900483,0.07023253276394473,0.06516207798429376,0.0856050634356568
mlp-fosls,16.9206954366094,0.0693145338248926,0.06512945405035134,0.0857248132816492
mlp-fosls,17.120345714213972,0.06987588288250379,0.0626416744491062,0.08583470130167825
mlp-fosls,17.31999599181854,0.07044434490432137,0.06529940901919981,0.08580294840281746
mlp-fosls,17.51964626942311,0.07450738057970094,0.06366009099297303,0.08577118374888379
mlp-fosls,17.71929654702768,0.0744578997643548,0.06265844068664161,0.08614298141566347
mlp-fosls,17.91894682463225,0.07108248615006058,0.06258134015485772,0.08246762806765356
mlp-fosls,18.11859710223682,0.0721200900138,0.06250414451758085,0.07862064684947805
mlp-fosls,18.31824737984139,0.0709287402553668,0.06298091862541724,0.07860193255907745
mlp-fosls,18.51789765744596,0.0684718281724792,0.06282826331715163,0.07968249425878707
mlp-fosls,18.71754793505053,0.06838765384145801,0.05604212415305703,0.08074859739079998
mlp-fosls,18.917198212655098,0.06893709846435198,0.05713075218765514,0.07697466689016075
mlp-fosls,19.11684849025967,0.06877776856243689,0.06142830644056713,0.07535369283715682
mlp-fosls,19.31649876786424,0.06753087157513663,0.0644414988426568,0.07826370226266478
mlp-fosls,19.516149045468808,0.06922972751262024,0.06521943186871254,0.07601868673429064
mlp-fosls,19.71579932307338,0.06910113076519939,0.06437939505785338,0.0737053212037868
mlp-fosls,19.91544960067795,0.06863946048662278,0.0631467657954431,0.07391203274242972
mlp-fosls,20.115099878282518,0.06828141525008133,0.06257048181144802,0.0762004617171664
mlp-fosls,20.31475015588709,0.06654629087775057,0.060636068403979046,0.07842214067277614
mlp-fosls,20.51440043349166,0.06584242246296393,0.05799276060383889,0.07884908542774728
mlp-fosls,20.714050711096228,0.0656887757675695,0.05544985528628144,0.07789638644897548
mlp-fosls,20.9137009887008,0.06543985100313457,0.052784586955710235,0.0769318904669843
mlp-fosls,21.11335126630537,0.06472100339904716,0.05450252774389515,0.07489540913241856
mlp-fosls,21.313001543909937,0.06477843661987381,0.05531580575016509,0.0725251412973581
mlp-fosls,21.51265182151451,0.06550062783520814,0.056117298590594465,0.07130924421167331
mlp-fosls,21.71230209911908,0.0652031623353824,0.055514313820216654,0.07131380788757692
mlp-fosls,21.911952376723647,0.0646165326160798,0.0547027751164772,0.0735512529537211
mlp-fosls,22.11160265432822,0.06495498545301787,0.05432387855628032,0.07452788123736066
mlp-fosls,22.31125293193279,0.06389075666063987,0.057425278988691215,0.07346054049379826
mlp-fosls,22.510903209537357,0.06432045647881093,0.060367553805505056,0.07237746153017396
mlp-fosls,22.71055348714193,0.06435589094409082,0.06031585181748136,0.07042955113650855
mlp-fosls,22.910203764746498,0.06254525000903569,0.058743358078162666,0.07023420760499043
mlp-fosls,23.109854042351067,0.06157256435720421,0.056305393687907386,0.07218878056094338
mlp-fosls,23.30950431995564,0.061885330453505145,0.05743123151468156,0.07452708192402228
mlp-fosls,23.509154597560208,0.06274152558410964,0.060614355961248034,0.07694513468390464
mlp-fosls,23.708804875164777,0.06404767973138673,0.0609089515480645,0.07928947952243426
mlp-fosls,23.908455152769346,0.060626455053784056,0.059110118833080344,0.0750685805097041
mlp-fosls,24.108105430373918,0.05944618884807851,0.05392907075349667,0.07040374172568509
mlp-fosls,24.307755707978487,0.05873675129746857,0.052440033180767905,0.06898689649278326
mlp-fosls,24.507405985583055,0.05831995041400138,0.053251394573176764,0.07047668424160544
mlp-fosls,24.707056263187628,0.05839147829492898,0.052401445448232664,0.07193562508017792
mlp-fosls,24.906706540792197,0.05914552299490331,0.05400620598336044,0.07175444015654839
mlp-fosls,25.106356818396765,0.05919949315128419,0.055047850296582,0.0686838211625577
mlp-fosls,25.306007096001338,0.058776303519905745,0.05459528950870827,0.0686273818623088
mlp-fosls,25.505657373605906,0.059043218000464415,0.055019510592557816,0.06810247499278876
mlp-fosls,25.705307651210475,0.058287805409182526,0.05615368766950365,0.06730476679508479
mlp-fosls,25.904957928815048,0.05866093153140737,0.05665890715166904,0.07009664114553765
mlp-fosls,26.104608206419616,0.05947625655437867,0.056391589958154964,0.06719342500914094
mlp-fosls,26.304258484024185,0.06064619378469971,0.05593802929919253,0.06415897153969827
mlp-fosls,26.503908761628757,0.06015861496527869,0.05577619565971458,0.06355100487273335
mlp-fosls,26.703559039233326,0.05956934622901869,0.05660545768226013,0.06416118050611697
mlp-fosls,26.903209316837895,0.05859968645778201,0.05375991313472156,0.06476560775243964
mlp-fosls,27.102859594442467,0.05812184261822648,0.05320447118654073,0.06458835696829152
mlp-fosls,27.302509872047036,0.057568483560526226,0.052566929760192,0.06264504206007228
mlp-fosls,27.502160149651605,0.05790795019917107,0.05108147214384702,0.06260307923706525
mlp-fosls,27.701810427256177,0.057961681533461706,0.049761568205225426,0.06357876758825672
mlp-fosls,27.901460704860746,0.05824316045374301,0.04612373252291265,0.06506544205967221
mlp-fosls,28.101110982465315,0.05941213743843238,0.04217325851113569,0.06881171855969948
mlp-fosls,28.300761260069887,0.05922014228698676,0.042516322132199295,0.0677281652447054
mlp-fosls,28.500411537674456,0.05822077848807586,0.04410773089215883,0.06740570451340909
mlp-fosls,28.700061815279025,0.05642077129541222,0.045658189326500655,0.0680251594887755
mlp-fosls,28.899712092883593,0.05566797692213861,0.04827595946094946,0.07037912526177668
mlp-fosls,29.099362370488166,0.05564452562021324,0.05075890336853129,0.07265686630837012
mlp-fosls,29.299012648092734,0.0565686894253179,0.05207228773292676,0.07306998687432827
mlp-fosls,29.498662925697303,0.05876019796331998,0.05256860583426091,0.070185047893319
mlp-fosls,29.698313203301876,0.05994605967719233,0.05022627593011718,0.06717632703386255
mlp-fosls,29.897963480906444,0.059264153370914056,0.049665140917505624,0.06504022073250929
mlp-fosls,30.097613758511013,0.057398390418528136,0.05058749135729394,0.06352492318634441
mlp-fosls,30.297264036115585,0.05532237611843526,0.04985434831697053,0.06197258602582581
mlp-fosls,30.496914313720154,0.05460543893032872,0.048724169864461944,0.06147499596017913
mlp-fosls,30.696564591324723,0.05471864221574514,0.047734910998278195,0.06223783081245327
mlp-fosls,30.896214868929295,0.05516531194138173,0.04629426225848055,0.06529539369317308
mlp-fosls,31.095865146533864,0.053464119494303824,0.04936977331060135,0.06378359975335891
mlp-fosls,31.295515424138433,0.05385245585804348,0.04853993910531005,0.06204025999366703
mlp-fosls,31.495165701743005,0.053887423517562066,0.04833862403110849,0.060257439717360785
mlp-fosls,31.694815979347574,0.05461490146233827,0.05226945466313321,0.06112077693309746
mlp-fosls,31.894466256952143,0.0556247068797465,0.051797961392470164,0.06228639797252782
mlp-fosls,32.09411653455672,0.05502269045110125,0.052327078327460176,0.06169596805921958
mlp-fosls,32.29376681216128,0.05509362469974194,0.04964104293855786,0.059637990381544444
mlp-fosls,32.493417089765856,0.05413131742925301,0.045550102706696925,0.060591347803191135
mlp-fosls,32.693067367370425,0.05433787425935636,0.04846843639469589,0.05946115598242343
mlp-fosls,32.892717644974994,0.0541069012047482,0.049041911537949685,0.059108517343078586
mlp-fosls,33.09236792257956,0.05442241670563706,0.04687542370923258,0.060192381685414256
mlp-fosls,33.29201820018413,0.05382404422053188,0.051680456005734975,0.059968833839684696
mlp-fosls,33.4916684777887,0.05492209196399599,0.050667332576653824,0.06081409870863679
mlp-fosls,33.691318755393276,0.05516699298621217,0.04939349859050634,0.06242021107777694
mlp-fosls,33.890969032997845,0.053922495938946935,0.04877883059145116,0.06146483577386485
mlp-fosls,34.09061931060241,0.05450534090431028,0.04815631759934134,0.06291550532687565
mlp-fosls,34.29026958820698,0.05510214519834583,0.04824737923905407,0.06435779384517183
mlp-fosls,34.48991986581155,0.05446575925482189,0.04925841931299678,0.06579189559639098
mlp-fosls,34.68957014341612,0.05437275720858842,0.049062592988163664,0.06719539734025823
mlp-fosls,34.889220421020696,0.053898149729001824,0.04807130827031931,0.06720157753270899
mlp-fosls,35.088870698625264,0.054881566659139486,0.044921452921492744,0.06672253505127858
mlp-fosls,35.28852097622983,0.056028828213747814,0.04174934525030997,0.06624002826428671
mlp-fosls,35.4881712538344,0.054555830672194126,0.04399171778400074,0.06560135843469078
mlp-fosls,35.68782153143897,0.051783021822685925,0.04612520610625772,0.06495295452219686
mlp-fosls,35.88747180904354,0.051537650569326895,0.04466687570648596,0.06423216936018704
mlp-fosls,36.087122086648115,0.05060430242386313,0.046100152322259016,0.06326105389033314
mlp-fosls,36.286772364252684,0.05166172806004904,0.045005552174551315,0.06227479665093672
mlp-fosls,36.48642264185725,0.05272543639331001,0.042950724976537874,0.06095984502638026
mlp-fosls,36.68607291946182,0.053676861133607395,0.045563234929892935,0.05922860559285003
mlp-fosls,36.88572319706639,0.0547258597783475,0.0447483956277473,0.06084044485378473
mlp-fosls,37.08537347467096,0.0545532536780278,0.046800123935975005,0.059943056782925046
mlp-fosls,37.28502375227553,0.05422561688320998,0.05093290710600485,0.05802555636012569
mlp-fosls,37.484674029880104,0.054681992953360466,0.04903820643181433,0.05795569186871941
mlp-fosls,37.68432430748467,0.05473035604013697,0.048303796398927484,0.05816121308107144
mlp-fosls,37.88397458508924,0.05398050654715281,0.04832407200675136,0.06130863529997655
mlp-fosls,38.08362486269381,0.05350036289227085,0.04834433911098941,0.0638481623799152
mlp-fosls,38.28327514029838,0.05277406356031319,0.046372825749493474,0.060528136676117616
mlp-fosls,38.48292541790295,0.05304260445737072,0.042084992901790075,0.05907504450130162
mlp-fosls,38.68257569550752,0.05307281013122178,0.041762005064992926,0.05680013498962902
mlp-fosls,38.88222597311209,0.052907481036379975,0.044336879237501355,0.05728907066379862
mlp-fosls,39.08187625071666,0.050834548228678,0.04677021118183092,0.0591541438764523
mlp-fosls,39.28152652832123,0.05187932112035138,0.048358166484160636,0.05992273715283472
mlp-fosls,39.4811768059258,0.05243828930126483,0.04707197546380942,0.06011053409925094
mlp-fosls,39.68082708353037,0.05347941224295398,0.045749639150720695,0.0602977461561102
mlp-fosls,39.88047736113494,0.051271262897345224,0.04790662665358362,0.05985738723757744
mlp-fosls,40.08012763873951,0.05096952946233228,0.04612917480535404,0.05932949880087834
mlp-fosls,40.27977791634408,0.049460003765642226,0.044538792513831145,0.05875676378868955
mlp-fosls,40.47942819394865,0.05012941499001049,0.04318965432957558,0.05788213071490228
mlp-fosls,40.67907847155322,0.05024390435813647,0.041796990844154704,0.05699407707186957
mlp-fosls,40.87872874915779,0.050678069960709254,0.042197937729990635,0.05623546940465103
mlp-fosls,41.07837902676236,0.050673064283614414,0.04492892790064826,0.05572678924967002
mlp-fosls,41.27802930436693,0.05077186930339659,0.04602896745925191,0.05521342283351789
mlp-fosls,41.4776795819715,0.050333876885165704,0.046413614080621855,0.05557454418272612
mlp-fosls,41.67732985957607,0.04950843773742255,0.04547697656975472,0.056519527711965334
mlp-fosls,41.87698013718064,0.04837821923174501,0.04114518691023214,0.05744896922007789
mlp-fosls,42.07663041478521,0.049467492051887954,0.044245960643893655,0.058111700859982726
mlp-fosls,42.276280692389776,0.04987430638498859,0.04742795695974507,0.06100960562789678
mlp-fosls,42.47593096999435,0.05065259673095772,0.04728484567976841,0.06377596867867145
mlp-fosls,42.67558124759892,0.0521678450783683,0.04862094462399519,0.06214451178486058
mlp-fosls,42.87523152520349,0.0542286755187614,0.04779408064481364,0.06589392496739047
mlp-fosls,43.07488180280806,0.05454298662184302,0.047663246021922755,0.06687119358290165
mlp-fosls,43.27453208041263,0.05297411958928586,0.048424227306748224,0.061828257517823816
mlp-fosls,43.474182358017195,0.05064662044682586,0.04497723191061154,0.05633569316320486
mlp-fosls,43.67383263562177,0.05022203857613469,0.04623206828465918,0.05615705583981505
mlp-fosls,43.87348291322634,0.05022398558543621,0.04756222595174038,0.05682686579239399
mlp-fosls,44.07313319083091,0.049671972958772626,0.04649842919340833,0.057488872236089394
mlp-fosls,44.27278346843548,0.04958117519550831,0.04467125730586782,0.05765950539921605
mlp-fosls,44.472433746040046,0.05005279079688728,0.042766660773950756,0.059130502077950946
mlp-fosls,44.672084023644615,0.04971564714482024,0.04077319362303261,0.06044937874620427
mlp-fosls,44.87173430124919,0.0503394396678358,0.043217967076967415,0.057475947879543306
mlp-fosls,45.07138457885376,0.050671987130418206,0.04359387413835811,0.05558050137693948
mlp-fosls,45.27103485645833,0.05090117551262329,0.04430073384754223,0.05644637296755766
mlp-fosls,45.4706851340629,0.050657953155635524,0.046384773875628005,0.05607962485751209
mlp-fosls,45.670335411667466,0.0510424929848818,0.04826748227160178,0.05571046245657948
mlp-fosls,45.869985689272035,0.050953701377092445,0.0461801038310243,0.05506690132073407
mlp-fosls,46.06963596687661,0.05063159707261135,0.041206917960681454,0.05596979805771711
mlp-fosls,46.26928624448118,0.04917463455675404,0.03554459432589566,0.056858358824150045
mlp-fosls,46.46893652208575,0.0488451261911729,0.03457851663408431,0.05764303673386347
mlp-fosls,46.66858679969032,0.049736239204952376,0.040855882098731484,0.05838566636536583
mlp-fosls,46.868237077294886,0.04987705976141956,0.04224817784793173,0.05911896810630314
mlp-fosls,47.067887354899455,0.049481488167317865,0.043125658796224375,0.056522045231909665
mlp-fosls,47.26753763250402,0.049125492122965075,0.04398889400115798,0.05371227065072502
mlp-fosls,47.4671879101086,0.04792389390585852,0.04131156213927901,0.05181359906346848
mlp-fosls,47.66683818771317,0.048898808817488405,0.039871966480438115,0.053724752843104885
mlp-fosls,47.86648846531774,0.04860367447470222,0.03837840871697067,0.05717194342964413
mlp-fosls,48.066138742922305,0.04859266403710438,0.03853397392138546,0.0595862590014198
mlp-fosls,48.265789020526874,0.04949758209334466,0.04011844741495715,0.05890875288206422
mlp-fosls,48.46543929813144,0.04917497429448796,0.03901556501385431,0.05822336361338065
mlp-fosls,48.66508957573602,0.04886190005380593,0.03982257615434892,0.05819589047965636
mlp-fosls,48.86473985334059,0.0489197592859328,0.04061355475438642,0.058818124413125776
mlp-fosls,49.064390130945156,0.04820846355722813,0.03985480244664799,0.05943384431648122
mlp-fosls,49.264040408549725,0.04913386002352907,0.04010035647520974,0.060262656977022336
mlp-fosls,49.463690686154294,0.0508367600116477,0.04038927167750329,0.061156504591890266
mlp-fosls,49.66334096375886,0.050678386236334465,0.04067613481931934,0.06203747481857665
mlp-fosls,49.86299124136344,0.04848481636219845,0.04410407246935358,0.059074982924805175
mlp-fosls,50.06264151896801,0.046992201309881534,0.04115052558110714,0.056926974119333354
mlp-fosls,50.262291796572576,0.04663203277228051,0.04382908835323306,0.05745909477412113
mlp-fosls,50.461942074177145,0.048706926280974776,0.04324883097595691,0.056116815094248866
mlp-fosls,50.661592351781714,0.04934892900880243,0.04088192244834598,0.0564664336923664
mlp-fosls,50.86124262938628,0.047457553131190204,0.04232275181938796,0.05381698155416892
mlp-fosls,51.06089290699086,0.04774091684832418,0.041922608452392235,0.053846034355139384
mlp-fosls,51.26054318459543,0.046887104132190674,0.037499164489792396,0.053875071489028606
mlp-fosls,51.460193462199996,0.04698246355004695,0.04111686607621991,0.05208451848065253
mlp-fosls,51.659843739804565,0.047342373827665,0.042622693246877,0.05147851635579271
mlp-fosls,51.85949401740913,0.04767226680071745,0.041780276879353116,0.05225166488841466
mlp-fosls,52.0591442950137,0.04846237436786685,0.0417677873023768,0.05330873590646999
mlp-fosls,52.25879457261827,0.04789345368341198,0.04175529398959812,0.05667263196000923
mlp-fosls,52.45844485022285,0.04913738554991863,0.04372168411333097,0.05668061559645278
mlp-fosls,52.658095127827416,0.048563950936085065,0.04475913942684167,0.05616383906100223
mlp-fosls,52.857745405431984,0.049745011549438,0.03983014622520482,0.056599787886971065
mlp-fosls,53.05739568303655,0.04867559426412146,0.04121584848000347,0.056003586991674036
mlp-fosls,53.25704596064112,0.04844564834542417,0.04135545005071316,0.05514709071093446
mlp-fosls,53.45669623824569,0.04825790313999471,0.04124848773395983,0.05568234587952668
mlp-fosls,53.65634651585027,0.04721178228826607,0.042872828327918056,0.05581047994121065
mlp-fosls,53.855996793454835,0.04651659713845715,0.04420243833672088,0.05569660939840796
mlp-fosls,54.055647071059404,0.046274953099336213,0.04403057532762062,0.05558250557225155
mlp-fosls,54.25529734866397,0.04793797163507834,0.043206153303980234,0.054623714668261526
mlp-fosls,54.45494762626854,0.0475772987803091,0.039408591470444065,0.054091749013592524
mlp-fosls,54.65459790387311,0.048209637117405536,0.04002327021121912,0.05464385076172421
mlp-fosls,54.854248181477686,0.04761936218839935,0.04034973674110278,0.05334086353839763
mlp-fosls,55.053898459082255,0.0469647258452644,0.04067358297165789,0.054115406350094875
mlp-fosls,55.253548736686824,0.04735280444186015,0.04054607334111742,0.054500474346685965
mlp-fosls,55.45319901429139,0.04886817125026946,0.04015939590188625,0.054120443082299075
mlp-fosls,55.65284929189596,0.04936947697360246,0.039768958938166864,0.0541162957864598
mlp-fosls,55.85249956950053,0.049218819420178764,0.04367914265962804,0.053476845688627046
mlp-fosls,56.052149847105106,0.04798061244204794,0.044172166531291406,0.05330955523196187
mlp-fosls,56.251800124709675,0.047304923028760014,0.04359207247619926,0.05314173814671438
mlp-fosls,56.451450402314244,0.04811254085314608,0.042585129595828476,0.0520214935003166
mlp-fosls,56.65110067991881,0.04814499106772503,0.04155379336013504,0.05147583284575791
mlp-fosls,56.85075095752338,0.04767348723856372,0.041366663103767146,0.05273100492298483
mlp-fosls,57.05040123512795,0.04632547899078085,0.04141098513857386,0.05099495399089492
mlp-fosls,57.25005151273252,0.04563514495933536,0.041372647742156876,0.05260113128243021
mlp-fosls,57.449701790337095,0.04481493755485215,0.03863956817253739,0.05444993296246739
mlp-fosls,57.64935206794166,0.04599858811801287,0.03569784973809682,0.056971599094022635
mlp-fosls,57.84900234554623,0.04887848365657119,0.03517756541193413,0.05938628635504065
mlp-fosls,58.0486526231508,0.04952857520064585,0.04102080135205187,0.058769980869090174
mlp-fosls,58.24830290075537,0.0480263613617138,0.04524813093682599,0.05515225886829089
mlp-fosls,58.44795317835994,0.04750326226371135,0.044256099033688885,0.05127994408340084
mlp-fosls,58.647603455964514,0.047953868113742554,0.04401137078438619,0.052795679145013395
mlp-fosls,58.84725373356908,0.048176410931863534,0.04376235085136862,0.055500545353463944
mlp-fosls,59.04690401117365,0.04873671914660418,0.041519079845207314,0.05453898396664205
mlp-fosls,59.24655428877822,0.04787201982511305,0.04114603699951195,0.052930133918464885
mlp-fosls,59.44620456638279,0.04659002525355098,0.040808836702903445,0.05127082387810454
mlp-fosls,59.64585484398736,0.04620430581806856,0.04087098114016886,0.050757866580406125
mlp-fosls,59.845505121591934,0.04715548460306955,0.04187008032900631,0.0532367729887899
mlp-fosls,60.0451553991965,0.0476363674979588,0.039651355799949155,0.05593007765601269
mlp-fosls,60.24480567680107,0.046422939181737774,0.04282761223228147,0.05314134981986101
mlp-fosls,60.44445595440564,0.04732031095860684,0.0419470398782148,0.05305748050970555
mlp-fosls,60.64410623201021,0.047337131711975955,0.03848219783315305,0.054049648608240415
mlp-fosls,60.84375650961478,0.047876770144602065,0.03834538084668049,0.05386667391665597
mlp-fosls,61.043406787219354,0.04740973196893525,0.04165751070153126,0.0544867052648024
mlp-fosls,61.24305706482392,0.04782210465068615,0.0416306115967835,0.05500931367122347
mlp-fosls,61.44270734242849,0.046838174156199536,0.044589354883020696,0.05504315894576356
mlp-fosls,61.64235762003306,0.04714732304903471,0.04279474901909352,0.05507698342209865
mlp-fosls,61.84200789763763,0.04754440751668883,0.039527017962559426,0.05420723823570526
mlp-fosls,62.0416581752422,0.04604509721313284,0.036140760967308484,0.05188673860016493
mlp-fosls,62.241308452846766,0.04611585399436746,0.032402531653865606,0.054114393394984396
mlp-fosls,62.44095873045134,0.045753781847462524,0.03673974409662149,0.05376232845957603
mlp-fosls,62.64060900805591,0.04540484306227041,0.04270943968310262,0.05179456224806962
mlp-fosls,62.84025928566048,0.047813856909605296,0.04326514754348975,0.051642230262067816
mlp-fosls,63.03990956326505,0.047941551621486625,0.043414672527416945,0.0521269763696272
mlp-fosls,63.23955984086962,0.04773732924253181,0.0397576863891507,0.05527629518181882
mlp-fosls,63.439210118474186,0.047249126923347436,0.03572832858353809,0.057732429643860085
mlp-fosls,63.63886039607876,0.04756528788770354,0.03678536927440631,0.05581287525110439
mlp-fosls,63.83851067368333,0.04758806781726861,0.04026328906895724,0.05382490738503352
mlp-fosls,64.03816095128789,0.046224493291142324,0.043372388706243915,0.05206248095444067
mlp-fosls,64.23781122889247,0.04742836882451988,0.04385325353107448,0.0508193710116981
mlp-fosls,64.43746150649704,0.046375896088805366,0.043943930274276836,0.052798378469987986
mlp-fosls,64.6371117841016,0.047671495509875046,0.0439107712327703,0.05509144894737692
mlp-fosls,64.83676206170618,0.04920086810252258,0.04379790074474656,0.055110758768448856
mlp-fosls,65.03641233931074,0.05037032479776862,0.0436847386284576,0.05513006182607533
mlp-fosls,65.23606261691532,0.04911470603164871,0.044357808922738176,0.056411856893652815
mlp-fosls,65.4357128945199,0.04784019567020795,0.040915293388686,0.058555186976458326
mlp-fosls,65.63536317212446,0.04787524777508634,0.036881210206890336,0.06062278652046611
mlp-fosls,65.83501344972903,0.047274888970406895,0.03816565682808946,0.05728125656657349
mlp-fosls,66.0346637273336,0.04739761301958869,0.03940826126479249,0.05339463119524112
mlp-fosls,66.23431400493817,0.046965777280562226,0.035126205936269854,0.05254320720403058
mlp-fosls,66.43396428254273,0.045468667628608433,0.03816614574811613,0.0532490598919212
mlp-fosls,66.63361456014731,0.045801117652421106,0.03965589331163693,0.05394567763464592
mlp-fosls,66.83326483775188,0.04654244233718971,0.03903584802757395,0.05336189972592039
mlp-fosls,67.03291511535645,0.04666817487043191,0.04148806444575502,0.05352497984144378
mlp-fosls,67.23256539296102,0.04768648907141414,0.04380321394233999,0.05815557819841311
mlp-fosls,67.43221567056558,0.04682716291776433,0.04402833211849893,0.05802989173296597
mlp-fosls,67.63186594817016,0.04724777588751793,0.04214665516077068,0.05349036926888592
mlp-fosls,67.83151622577472,0.047196215084813226,0.03861021313965915,0.05422227050757998
mlp-fosls,68.0311665033793,0.04613874448076072,0.03821708451732906,0.052401865407411305
mlp-fosls,68.23081678098387,0.04467247040384268,0.037776273452073544,0.05354697900686495
mlp-fosls,68.43046705858843,0.04361664547629074,0.03670533124808157,0.05682893842020822
mlp-fosls,68.63011733619301,0.04499822238192672,0.03867168780493578,0.05579317024193675
mlp-fosls,68.82976761379757,0.048864626655755375,0.04054278645250513,0.05529445783269735
mlp-fosls,69.02941789140215,0.048621304937500956,0.041207804176894645,0.05559074578616034
mlp-fosls,69.22906816900672,0.046779276135009484,0.03982337089539454,0.05447098001417607
mlp-fosls,69.42871844661128,0.044280784781644725,0.037599687006119376,0.0533277067793848
mlp-fosls,69.62836872421586,0.045162064019851775,0.036346812647600854,0.05373058149278764
mlp-fosls,69.82801900182042,0.04678777889409022,0.0383567451411152,0.05469724064026413
mlp-fosls,70.027669279425,0.047188712714633055,0.04026647496368588,0.055647110255293925
mlp-fosls,70.22731955702956,0.0466648881266295,0.04112887093028041,0.05359650663073331
mlp-fosls,70.42696983463414,0.046725851326212514,0.04093628021413113,0.052596321509506494
mlp-fosls,70.62662011223871,0.046566257383156104,0.04074277913373193,0.05192489376347253
mlp-fosls,70.82627038984327,0.04609886609441699,0.03893729846438155,0.051464613056027717
mlp-fosls,71.02592066744785,0.04600075512527058,0.03635275122612798,0.05100017844738786
mlp-fosls,71.22557094505241,0.04506747200107605,0.03356980535709409,0.051362305386243194
mlp-fosls,71.42522122265699,0.04521497073861461,0.037107463936890614,0.05180810093514764
mlp-fosls,71.62487150026156,0.04553804093035875,0.03686527240201942,0.05238339835103543
mlp-fosls,71.82452177786612,0.04511709868375049,0.03954092189490292,0.050455569088642675
mlp-fosls,72.0241720554707,0.045075700869326184,0.03962185725939444,0.05036091610382101
mlp-fosls,72.22382233307526,0.04626139252519888,0.03607198614761391,0.05044006156933189
mlp-fosls,72.42347261067984,0.04395415931305568,0.03662581628006033,0.050432035103685637
mlp-fosls,72.6231228882844,0.042645822723295444,0.03853487464135893,0.05041633395928444
mlp-fosls,72.82277316588898,0.042522350080576504,0.037651714321161746,0.0503014459201638
mlp-fosls,73.02242344349355,0.04394434457153376,0.03815232295765081,0.04965524065929923
mlp-fosls,73.22207372109811,0.04600191482473821,0.03734561443013365,0.04975787942428907
mlp-fosls,73.42172399870269,0.046099281050267386,0.04082056367219363,0.051036961638956074
mlp-fosls,73.62137427630725,0.04681395957924277,0.04287269881178829,0.05117073967931909
mlp-fosls,73.82102455391183,0.0483282087401984,0.03951850253297543,0.051304168888317535
mlp-fosls,74.02067483151639,0.04843728408207675,0.03863496816938372,0.05152468910537079
mlp-fosls,74.22032510912096,0.04606208377337738,0.04253059877470017,0.05190378761404087
mlp-fosls,74.41997538672554,0.04581947208414269,0.04232954888612711,0.052280137241229666
mlp-fosls,74.6196256643301,0.046253037038809244,0.040702591504684825,0.0514424241610207
mlp-fosls,74.81927594193468,0.04507317704135982,0.03860681312063118,0.051733521776860865
mlp-fosls,75.01892621953924,0.04459693354121508,0.03751647515217497,0.053048199098659994
mlp-fosls,75.21857649714381,0.046150049290542186,0.04184884519373307,0.053290775166569625
mlp-fosls,75.41822677474839,0.04721030392015633,0.04152665121187193,0.05407880740743371
mlp-fosls,75.61787705235295,0.047726119305175646,0.040908549675531224,0.05353687058775354
mlp-fosls,75.81752732995753,0.04783461265781817,0.04075964370210365,0.051071010377362974
mlp-fosls,76.01717760756209,0.04716635985092761,0.04061019173667456,0.05312442235987489
mlp-fosls,76.21682788516667,0.046291623138897064,0.040190858051304124,0.051602821966157106
mlp-fosls,76.41647816277123,0.045784915430075505,0.03955296750657173,0.05007295037146282
mlp-fosls,76.6161284403758,0.046286280294765135,0.03890461934336021,0.053687857996294115
mlp-fosls,76.81577871798038,0.046261277263901515,0.03989322282628347,0.05476793659787323
mlp-fosls,77.01542899558494,0.0460552663442053,0.03968775747066321,0.05084705068025191
mlp-fosls,77.21507927318952,0.043591417039135674,0.038731330595060225,0.05108089059742962
mlp-fosls,77.41472955079408,0.04312833859687291,0.039057017500666806,0.048666768154274315
mlp-fosls,77.61437982839865,0.04404249665827033,0.03534688327857023,0.04833596723535441
mlp-fosls,77.81403010600322,0.044665755813316374,0.037673735358473945,0.04909889223301196
mlp-fosls,78.01368038360779,0.04477387296496127,0.03986500362738983,0.047407785766262735
mlp-fosls,78.21333066121237,0.043800949947692736,0.04163796593103956,0.04963566672486304
mlp-fosls,78.41298093881693,0.04474841484205383,0.04144885581413833,0.050516221768435954
mlp-fosls,78.6126312164215,0.04428216866162557,0.041126745510603975,0.050753499182634755
mlp-fosls,78.81228149402607,0.044424007159782036,0.04080209240084068,0.05273954972140509
mlp-fosls,79.01193177163064,0.04420962779650549,0.042722448951178854,0.05221051925015632
mlp-fosls,79.21158204923522,0.04502817622674263,0.04240798002328849,0.05041218815476265
mlp-fosls,79.41123232683978,0.044658303398909756,0.040146693037816,0.05139592224663377
mlp-fosls,79.61088260444436,0.045011823287560454,0.038944470848657764,0.050514741746609464
mlp-fosls,79.81053288204892,0.04507092317997124,0.037703934244204436,0.048467349869757474
mlp-fosls,80.0101831596535,0.04534912157407418,0.036911549568846624,0.048064257290371545
mlp-fosls,80.20983343725806,0.04550551910936024,0.03763672862784011,0.04830357864060942
mlp-fosls,80.40948371486263,0.046119291076747115,0.0383481967247215,0.0506204413706835
mlp-fosls,80.6091339924672,0.046002323480013874,0.03894895675920932,0.050328312250485695
mlp-fosls,80.80878427007177,0.04492256136828065,0.03943554078591234,0.052434615458561054
mlp-fosls,81.00843454767634,0.043602084338428326,0.039916193725403684,0.05445951507856057
mlp-fosls,81.2080848252809,0.04364480539576271,0.03852001442298488,0.05302846321530038
mlp-fosls,81.40773510288548,0.042496610005744284,0.036092307763663824,0.054056885985080946
mlp-fosls,81.60738538049006,0.04214538309741802,0.036883823149570796,0.05584469853340713
mlp-fosls,81.80703565809462,0.04303736561047634,0.03801250037730541,0.056067246025032255
mlp-fosls,82.0066859356992,0.043227212982075346,0.03556057345998296,0.05547174418156036
mlp-fosls,82.20633621330376,0.044056725606791615,0.03458126932114325,0.05486977973582052
mlp-fosls,82.40598649090833,0.043531865628212194,0.036697500828284,0.05344219667982082
mlp-fosls,82.6056367685129,0.0432896153332224,0.038698177556861196,0.051869769750058914
mlp-fosls,82.80528704611747,0.04369964278494279,0.03954485995277079,0.05212825086465777
mlp-fosls,83.00493732372205,0.044936697995320164,0.03959535689634783,0.04857740077361096
mlp-fosls,83.20458760132661,0.043947255464706,0.037998794353364354,0.04880180599924797
mlp-fosls,83.40423787893118,0.04413457288434973,0.04023251818435541,0.048852650410620174
mlp-fosls,83.60388815653575,0.044934835567123244,0.04142404103106296,0.049042735876568704
mlp-fosls,83.80353843414032,0.046612700894833145,0.04092707968548548,0.049686513823337726
mlp-fosls,84.00318871174488,0.04601500608108572,0.0395092583378223,0.05120654436166911
mlp-fosls,84.20283898934946,0.04522734467351584,0.036492298387769004,0.05553453753320317
mlp-fosls,84.40248926695403,0.043608638608933784,0.03593003239981714,0.05691161243101039
mlp-fosls,84.6021395445586,0.04345887757840084,0.040690732287671644,0.05422745815975276
mlp-fosls,84.80178982216317,0.04497845017597316,0.040903652481157605,0.05140333459453691
mlp-fosls,85.00144009976773,0.04601443317343335,0.04111547006288092,0.05050722930390931
mlp-fosls,85.20109037737231,0.04582474280704764,0.04104288892532264,0.050739651699812816
mlp-fosls,85.40074065497689,0.04537149260259154,0.037064896632544884,0.051976035222599824
mlp-fosls,85.60039093258145,0.04556686659805059,0.035592274390317785,0.05192975269593592
mlp-fosls,85.80004121018602,0.045191860062765224,0.03578387112165761,0.0507701965783689
mlp-fosls,85.99969148779059,0.04490155652637344,0.03398043294766583,0.04958353059385129
mlp-fosls,86.19934176539516,0.04437336452710246,0.034817937031375985,0.04843157602233019
mlp-fosls,86.39899204299972,0.04443186205861745,0.03777211111244864,0.04726050257544184
mlp-fosls,86.5986423206043,0.04348736670539582,0.039908007766539966,0.04769861720432506
mlp-fosls,86.79829259820887,0.04433761481359282,0.03968130623543845,0.04991690788077924
mlp-fosls,86.99794287581344,0.04542739803824451,0.03945330208242499,0.05217473836565115
mlp-fosls,87.19759315341801,0.04616650313000914,0.03939575190126923,0.05204512812162794
mlp-fosls,87.39724343102257,0.04653617622326723,0.039519815208419524,0.0503357917847355
mlp-fosls,87.59689370862715,0.04585781053599566,0.039643490264467084,0.050219339578886586
mlp-fosls,87.79654398623171,0.04590201944590193,0.04054702766792869,0.05036431732172617
mlp-fosls,87.99619426383629,0.04667887167361317,0.03829441518732433,0.05027374860289554
mlp-fosls,88.19584454144086,0.04527964682753681,0.035689793075265694,0.05119807331832324
mlp-fosls,88.39549481904542,0.0454903203540611,0.03408125803971803,0.04925483304170557
mlp-fosls,88.59514509665,0.044805678230736015,0.03930368104331672,0.05087898543791145
mlp-fosls,88.79479537425456,0.044404277284042615,0.038099173577672334,0.05148271926977148
mlp-fosls,88.99444565185914,0.044836231635249635,0.041061278388181806,0.04999921077687364
mlp-fosls,89.19409592946371,0.04479723820359414,0.03936210352297565,0.05230390410199919
mlp-fosls,89.39374620706828,0.04520550054069623,0.04071923208366556,0.05560603778883746
mlp-fosls,89.59339648467285,0.046196819228943,0.042577259681135675,0.05269478129377822
mlp-fosls,89.79304676227741,0.0453474144278392,0.040260471599856455,0.04992298263619181
mlp-fosls,89.99269703988199,0.04386348689719723,0.03828129389461467,0.04946085235110174
mlp-fosls,90.19234731748655,0.04273348987534295,0.03744570184831967,0.048962895283884214
mlp-fosls,90.39199759509113,0.04176889795917486,0.03827184856319957,0.051014112931808714
mlp-fosls,90.5916478726957,0.04278711099811135,0.038967988264941654,0.05190120163544313
mlp-fosls,90.79129815030026,0.043202326553812204,0.039042586766876976,0.05131416643976071
mlp-fosls,90.99094842790484,0.04410729605584954,0.036329906180344776,0.050720337376756464
mlp-fosls,91.1905987055094,0.04353853775426486,0.03728812260577004,0.048394446006906296
mlp-fosls,91.39024898311398,0.04249281113154995,0.03822232452184494,0.04677267245235861
mlp-fosls,91.58989926071855,0.04199093309094769,0.03799898929764743,0.0456592641233638
mlp-fosls,91.78954953832312,0.043976050279234624,0.03916651202637436,0.04794901907714548
mlp-fosls,91.98919981592769,0.044989005486133216,0.03970943036660805,0.05091940976422742
mlp-fosls,92.18885009353225,0.045152330974638485,0.03930106236217992,0.05241482677402082
mlp-fosls,92.38850037113683,0.044248921363469446,0.03806187881382711,0.05155697495187857
mlp-fosls,92.58815064874139,0.043994988857562874,0.03678096973818082,0.05068460581504669
mlp-fosls,92.78780092634597,0.04502469164596884,0.03853638144296909,0.050100510843897446
mlp-fosls,92.98745120395054,0.04681774621758385,0.04061848088897007,0.05220142504574116
mlp-fosls,93.1871014815551,0.04722169370392715,0.04239158592696308,0.0547831496914065
mlp-fosls,93.38675175915968,0.0454229703724921,0.042261256132560716,0.05198096055901132
mlp-fosls,93.58640203676424,0.04436722323118138,0.03974302650614083,0.05303534888205831
mlp-fosls,93.78605231436882,0.044196694385539755,0.03874286823371986,0.05532380779627423
mlp-fosls,93.98570259197338,0.04487140106229645,0.037716197078747904,0.050665003543908564
mlp-fosls,94.18535286957795,0.04430808651007943,0.039089337339944796,0.05346715105540075
mlp-fosls,94.38500314718253,0.044470022267190226,0.04022046374114656,0.05224068585476259
mlp-fosls,94.58465342478709,0.04589916489677137,0.04048830633226951,0.05334088091828982
mlp-fosls,94.78430370239167,0.04651511236180641,0.03959301129485789,0.05453338857192072
mlp-fosls,94.98395397999623,0.04726869142532253,0.038937811375945874,0.054940435762389474
mlp-fosls,95.1836042576008,0.04946682938800147,0.03614382674487895,0.053717502020717234
mlp-fosls,95.38325453520538,0.04960074188969141,0.03378402185566829,0.05497832996445737
mlp-fosls,95.58290481280994,0.04641784093687672,0.03966050703373183,0.052321190705539304
mlp-fosls,95.78255509041452,0.04484100215953685,0.039793820647408946,0.05128080048879098
mlp-fosls,95.98220536801908,0.04374534109524458,0.038745872871720655,0.049679682381813146
mlp-fosls,96.18185564562366,0.04426286868926713,0.038939387985588325,0.04867532275081718
mlp-fosls,96.38150592322822,0.042871308238184865,0.040368698476196535,0.052934017129464904
mlp-fosls,96.5811562008328,0.04326446958782399,0.039600716756349914,0.05421758588339673
mlp-fosls,96.78080647843737,0.04461916089481814,0.040804479976415196,0.054471965999693506
mlp-fosls,96.98045675604193,0.046639211159763126,0.04142214089665568,0.054748118136164294
mlp-fosls,97.18010703364651,0.04577741956618163,0.039535304962335004,0.05387210968526035
mlp-fosls,97.37975731125107,0.045366844057545756,0.0373587680110705,0.05176541356204097
mlp-fosls,97.57940758885564,0.04352460595849479,0.03515618474605809,0.04956926346595775
mlp-fosls,97.7790578664602,0.04421921401568221,0.03694868438286456,0.04887808949995733
mlp-fosls,97.97870814406478,0.04392234549148927,0.03865815863889692,0.04837297416036553
mlp-fosls,98.17835842166936,0.04615674069921841,0.03988347142286808,0.0492842361111251
mlp-fosls,98.37800869927392,0.04562807943495856,0.03994192498054574,0.05012659510398592
mlp-fosls,98.5776589768785,0.046742578213292474,0.04000029311848043,0.052384127324567153
mlp-fosls,98.77730925448306,0.04689560524836622,0.03918974308387943,0.0545483093632971
mlp-fosls,98.97695953208763,0.04673264708900396,0.041958278974598945,0.052846679386071245
mlp-fosls,99.17660980969221,0.04606926041359034,0.03831324589083667,0.052432713627093105
mlp-fosls,99.37626008729677,0.04757728076100147,0.03476416200901282,0.049955865496784956
mlp-fosls,99.57591036490135,0.04714608219876742,0.032896675914587684,0.05282299393035852
mlp-fosls,99.77556064250591,0.04585544494537763,0.030916591213617742,0.05554231610223411
mlp-fosls,99.97521092011048,0.044352178139834636,0.033182248357303976,0.05502968766668322
mlp-fosls,100.17486119771505,0.04401796810187988,0.03881551982514324,0.05091919367086525
mlp-fosls,100.37451147531962,0.044195871678336496,0.03692819879899105,0.05071209515159846
mlp-fosls,100.5741617529242,0.04422448749365983,0.03696380080223685,0.0506842315281237
mlp-fosls,100.77381203052876,0.045106293670852296,0.03601394082260942,0.05065635257821196
mlp-fosls,100.97346230813334,0.04518939468718822,0.03710533741709542,0.05061752629497738
mlp-fosls,101.1731125857379,0.044721219827352846,0.038165536758947655,0.04815286948243181
mlp-fosls,101.37276286334247,0.04396860615810731,0.03985846964975576,0.04635097534301602
mlp-fosls,101.57241314094705,0.043302475701382764,0.04106478398741837,0.0483993950419467
mlp-fosls,101.77206341855161,0.045614924288075884,0.0409715019670985,0.04857533846631586
mlp-fosls,101.97171369615619,0.047112592182399354,0.040878007081395,0.0507992985642462
mlp-fosls,102.17136397376075,0.0469975216647215,0.039730041392934914,0.05133056039313648
mlp-fosls,102.37101425136532,0.04492084286287921,0.03781225115279353,0.050355619546407555
mlp-fosls,102.57066452896989,0.04325766883691606,0.03654541472637821,0.04936142633202227
mlp-fosls,102.77031480657446,0.043154968330203464,0.038551440719159814,0.047956035512374526
mlp-fosls,102.96996508417904,0.043633061366243404,0.03880335346151664,0.04957309639299962
mlp-fosls,103.1696153617836,0.04476563957225364,0.03905364129240571,0.05072208319833561
mlp-fosls,103.36926563938817,0.045021293625025036,0.03949333440152149,0.050773048460520304
mlp-fosls,103.56891591699274,0.04514317938740248,0.03774907039761471,0.050823962615776104
mlp-fosls,103.76856619459731,0.04601841649489712,0.039818631777177343,0.05012587626076136
mlp-fosls,103.96821647220187,0.04430417435255753,0.04212583681484667,0.04925930498284361
mlp-fosls,104.16786674980645,0.04534830769610626,0.037920743658102524,0.04983401177607764
mlp-fosls,104.36751702741103,0.04467051343131785,0.03961201862213662,0.049871640439589485
mlp-fosls,104.56716730501559,0.04422909926013048,0.03947185726421567,0.05084521833643093
mlp-fosls,104.76681758262016,0.044129507934625764,0.038901047393733804,0.05297658678321793
mlp-fosls,104.96646786022472,0.04534131088702435,0.0391010869870862,0.049336737831360035
mlp-fosls,105.1661181378293,0.04526297379973688,0.03813446826004608,0.04802257606121717
mlp-fosls,105.36576841543388,0.043430045864745845,0.038459823960410366,0.04906370790279554
mlp-fosls,105.56541869303844,0.04372774783573232,0.038570070994089316,0.04973026705040362
mlp-fosls,105.76506897064301,0.042831707593424515,0.040240199679890995,0.05397371758093241
mlp-fosls,105.96471924824758,0.04351584614692408,0.038839170275985414,0.056551385782394846
mlp-fosls,106.16436952585215,0.043106518154835016,0.04089496063796114,0.056818105066057625
mlp-fosls,106.36401980345671,0.04314835992552172,0.04002424048079897,0.05708357813492314
mlp-fosls,106.56367008106129,0.04351268895324431,0.03881755685535358,0.05580288026920446
mlp-fosls,106.76332035866587,0.04383273718429947,0.038111970716839125,0.05382964983958155
mlp-fosls,106.96297063627043,0.044446026614928066,0.03867239612751591,0.051781279989633035
mlp-fosls,107.162620913875,0.044582987576992736,0.03954390093685012,0.05181362190262002
mlp-fosls,107.36227119147956,0.04508407207813045,0.04029771537902401,0.051960900121736237
mlp-fosls,107.56192146908414,0.044082635990491746,0.039876129032900214,0.05200010328071651
mlp-fosls,107.76157174668872,0.044133116675138216,0.03945003762391344,0.05202856903129146
mlp-fosls,107.96122202429328,0.04617750320954344,0.03985829430492956,0.055356489918781004
mlp-fosls,108.16087230189785,0.04623489235119979,0.03742336958962452,0.05304102822656667
mlp-fosls,108.36052257950242,0.04424719927951035,0.04004444650466662,0.052083099250807244
mlp-fosls,108.56017285710699,0.044053945265165595,0.037565444603833625,0.05107556053699911
mlp-fosls,108.75982313471155,0.044058831623058625,0.03047376361490833,0.049783391306766796
mlp-fosls,108.95947341231613,0.04272789875249311,0.03317364959952112,0.04739606883320355
mlp-fosls,109.1591236899207,0.04285546376419545,0.03657438794260139,0.048876975081975756
mlp-fosls,109.35877396752527,0.043665179972097797,0.039412049886365014,0.046610912289155565
mlp-fosls,109.55842424512984,0.04392226155822841,0.04051240085085121,0.04852088950130909
mlp-fosls,109.7580745227344,0.04319916508332148,0.04117723988621277,0.05068585894957438
mlp-fosls,109.95772480033898,0.046587187432918065,0.041037232423407906,0.04921398775692942
mlp-fosls,110.15737507794354,0.04801982202824599,0.04089674565657873,0.05384582322063216
mlp-fosls,110.35702535554812,0.045078504540049774,0.03994572690827841,0.05729867496810256
mlp-fosls,110.5566756331527,0.045149800813755005,0.040616465843748034,0.0559049495534054
mlp-fosls,110.75632591075725,0.04543860031797006,0.03877654853267,0.05522547901781432
mlp-fosls,110.95597618836183,0.04485029976258845,0.037471294548009085,0.053152652995620914
mlp-fosls,111.15562646596639,0.04476941649029442,0.040476145010841735,0.05008500490972589
mlp-fosls,111.35527674357097,0.044721635140840876,0.038110831269218444,0.0492153079164043
mlp-fosls,111.55492702117554,0.04458578523459232,0.03865203407090889,0.048702913073899144
mlp-fosls,111.7545772987801,0.043882386015810085,0.040443945782349895,0.050905342312035376
mlp-fosls,111.95422757638468,0.04319073477163253,0.039735779887255906,0.05064563355644822
mlp-fosls,112.15387785398924,0.04296286709527855,0.04001308955989552,0.049543703551381074
mlp-fosls,112.35352813159382,0.043429930178974056,0.03920482483944645,0.04873870408654948
mlp-fosls,112.55317840919838,0.044139194878533974,0.03864639125008652,0.04860766503912556
mlp-fosls,112.75282868680296,0.04417669569072071,0.03701830750793511,0.04855848005891179
mlp-fosls,112.95247896440753,0.04418681055289493,0.033045616688145714,0.05166073345720282
mlp-fosls,113.1521292420121,0.04411495912014386,0.03927470197514919,0.04984682032164626
mlp-fosls,113.35177951961667,0.04395478157710826,0.03868995263868841,0.04735851024554229
mlp-fosls,113.55142979722123,0.04259478229646781,0.037235347016318934,0.05033967062852191
mlp-fosls,113.75108007482581,0.043672799698858684,0.036172685838779486,0.05352337005873656
mlp-fosls,113.95073035243037,0.045034148641933364,0.03507784677194981,0.05660782909536039
mlp-fosls,114.15038063003495,0.044576838028280386,0.03785686541943874,0.05910782814292068
mlp-fosls,114.35003090763952,0.0444488480815135,0.03729833287249202,0.053776981179171644
mlp-fosls,114.54968118524408,0.04475378245080738,0.03724243718265854,0.04886500200319966
mlp-fosls,114.74933146284866,0.04455822451145221,0.03718645747501791,0.05047288558348723
mlp-fosls,114.94898174045322,0.044436152364796214,0.039123391844021554,0.05203110548003826
mlp-fosls,115.1486320180578,0.04444128359236203,0.04036023197224332,0.0507603021539365
mlp-fosls,115.34828229566237,0.04472191488220531,0.040276974315582394,0.05239222548016835
mlp-fosls,115.54793257326693,0.04294123225731094,0.039539701724323265,0.05122678532173357
mlp-fosls,115.74758285087151,0.04362785936113397,0.038788417921833525,0.05284365842148708
mlp-fosls,115.94723312847607,0.04407700367993916,0.03866456827018772,0.04926737307598978
mlp-fosls,116.14688340608065,0.04503079418731941,0.04029485875193392,0.048623497520864895
mlp-fosls,116.34653368368521,0.04540361326904324,0.03721524238799526,0.04994234096226021
mlp-fosls,116.54618396128978,0.044401897584765565,0.04131909352088757,0.049837169263956455
mlp-fosls,116.74583423889436,0.04382809715992564,0.040554371370468204,0.04941703118482801
mlp-fosls,116.94548451649892,0.04346786532644564,0.03934399250573726,0.04899329037735968
mlp-fosls,117.1451347941035,0.04261647020156145,0.03973556192343543,0.049235924255301225
mlp-fosls,117.34478507170806,0.044014924143870794,0.03801537533986878,0.04970684408398768
mlp-fosls,117.54443534931264,0.04530581242274423,0.03621356987499336,0.05017334412121606
mlp-fosls,117.74408562691721,0.04576680895675625,0.0400135776486552,0.04971627715177709
mlp-fosls,117.94373590452177,0.04426087165730362,0.04255871276940652,0.049233960975623416
mlp-fosls,118.14338618212635,0.045555346357098896,0.04048283662184737,0.04886954109629693
mlp-fosls,118.34303645973091,0.045701080072530514,0.04124290526100236,0.04895435277368441
mlp-fosls,118.54268673733549,0.045697007455837026,0.041952787290084954,0.050038637607526214
mlp-fosls,118.74233701494005,0.04567556491156187,0.04206692958257526,0.04959506144558687
mlp-fosls,118.94198729254462,0.04575181496446991,0.04251874676635375,0.05114900050995683
mlp-fosls,119.1416375701492,0.04559942915383729,0.03935586336867955,0.05236704352962472
mlp-fosls,119.34128784775376,0.04465424935667031,0.0407505650419969,0.05240981659002409
mlp-fosls,119.54093812535834,0.043126497968126246,0.04013245689507198,0.05245255477063361
mlp-fosls,119.7405884029629,0.04332708249222925,0.03766012337135534,0.05161633344760831
mlp-fosls,119.94023868056748,0.04419350047060795,0.03618206242911177,0.04960577691359324
mlp-fosls,120.13988895817204,0.043903326602148615,0.03464099292604913,0.04988197382887311
mlp-fosls,120.33953923577661,0.04402239789705276,0.03679531840652957,0.05006001539327652
mlp-fosls,120.53918951338119,0.044181345484970755,0.03598873660229584,0.05021705559099578
mlp-fosls,120.73883979098575,0.04334532223107091,0.03469293508000538,0.0512263296727172
mlp-fosls,120.93849006859033,0.042938922993928784,0.03692183269133468,0.05102567197970145
mlp-fosls,121.13814034619489,0.04265984086193957,0.03403185575339002,0.0483274721809719
mlp-fosls,121.33779062379946,0.04253013078221109,0.03629313387748723,0.04951502591419289
mlp-fosls,121.53744090140404,0.0436666420913881,0.03842155550311409,0.04962455123140199
mlp-fosls,121.7370911790086,0.044737346259936375,0.03906684301042266,0.052660797763530796
mlp-fosls,121.93674145661318,0.04384942046523934,0.037399624281146446,0.05129315249148221
mlp-fosls,122.13639173421774,0.04349640121318874,0.03556005226482257,0.04864476730787263
mlp-fosls,122.33604201182231,0.04331996589107234,0.03905119336829962,0.048850547058488666
mlp-fosls,122.53569228942688,0.04390011086637083,0.038932320374008025,0.04818169712191704
mlp-fosls,122.73534256703145,0.044625319542652635,0.036886712033185845,0.050943184635229025
mlp-fosls,122.93499284463603,0.04499229486323207,0.03517198882717763,0.054131647640745066
mlp-fosls,123.13464312224059,0.04437494364984884,0.03763773334891296,0.05590358807186472
mlp-fosls,123.33429339984517,0.04178423809390963,0.03833016743366849,0.05444156186619808
mlp-fosls,123.53394367744973,0.042652040501852326,0.037716046194299836,0.05348798164708245
mlp-fosls,123.7335939550543,0.044680938926005734,0.03821193412048877,0.05158609094451385
mlp-fosls,123.93324423265886,0.04502587880042988,0.040187194605317444,0.05034531413983905
mlp-fosls,124.13289451026344,0.04615677403253403,0.037801325530576496,0.0490731752869375
mlp-fosls,124.33254478786802,0.046050249214703735,0.03948142510522772,0.050024047300414855
mlp-fosls,124.53219506547258,0.04488226418490889,0.03962597204555229,0.051475236592064544
mlp-fosls,124.73184534307715,0.04417455178339508,0.03991358163727116,0.05276109162187323
mlp-fosls,124.93149562068172,0.04460462338219496,0.03761973215496537,0.05114471973369263
mlp-fosls,125.13114589828629,0.0457359781358356,0.03517661859399718,0.05011819902666876
mlp-fosls,125.33079617589087,0.047132698541525186,0.03748898702685703,0.05148101138760935
mlp-fosls,125.53044645349543,0.046114925210050034,0.03736965291143939,0.05166321305537447
mlp-fosls,125.7300967311,0.045642306745549616,0.03790150302564752,0.054157120754804486
mlp-fosls,125.92974700870457,0.044922978941248554,0.038457881737134256,0.05305084190629304
mlp-fosls,126.12939728630914,0.04487831066256537,0.03974590074421142,0.051737637250519504
mlp-fosls,126.3290475639137,0.04463446720364519,0.03992512123901294,0.050355854000411225
mlp-fosls,126.52869784151828,0.04378591633299625,0.039661241241479864,0.05218433864881976
mlp-fosls,126.72834811912286,0.04304864519290978,0.03878070653553504,0.05425379920968073
mlp-fosls,126.92799839672742,0.043203618280824044,0.03787970884227757,0.051114849298680126
mlp-fosls,127.127648674332,0.043628162508258544,0.04002552787217307,0.0504782330079145
mlp-fosls,127.32729895193656,0.0437317707757692,0.041787011163786345,0.05179450621822239
mlp-fosls,127.52694922954113,0.04549274292798823,0.041370313391958215,0.052359079464998216
mlp-fosls,127.7265995071457,0.045548370630427965,0.04037794903398708,0.05118416334152239
mlp-fosls,127.92624978475027,0.042565712391433856,0.039074740248663045,0.04998163614290052
mlp-fosls,128.12590006235484,0.04239020536369351,0.038978219008014584,0.0483197959086172
mlp-fosls,128.32555033995942,0.04339909842013112,0.0389947819131574,0.04642383875927566
mlp-fosls,128.525200617564,0.04371950175089982,0.03901133778624704,0.04888639589953352
mlp-fosls,128.72485089516854,0.043214191600638496,0.03996320754967372,0.047251318837661815
mlp-fosls,128.92450117277312,0.04303632001846759,0.03910585649599419,0.04739123430966798
mlp-fosls,129.1241514503777,0.04337894862096106,0.0386579782766898,0.04774671650641454
mlp-fosls,129.32380172798227,0.04381237043007634,0.03922986222376944,0.04781474992324523
mlp-fosls,129.52345200558682,0.044540327146601555,0.03979352831492625,0.0510713597988071
mlp-fosls,129.7231022831914,0.045816826250759224,0.038376309910692644,0.0514152672067733
mlp-fosls,129.92275256079597,0.04590426071437923,0.0366256829881689,0.053167834183406495
mlp-fosls,130.12240283840055,0.04649380089601175,0.03490993222296043,0.054864446425390276
mlp-fosls,130.32205311600512,0.04478806483422811,0.034022799230185294,0.054913602799030396
mlp-fosls,130.52170339360967,0.04390320659423941,0.03311190672708703,0.05246984461330743
mlp-fosls,130.72135367121425,0.04522508411760716,0.03404098305237901,0.049906566853667025
mlp-fosls,130.92100394881882,0.04406124470794299,0.036924834696775224,0.05080946466204819
mlp-fosls,131.1206542264234,0.04344692207019671,0.039521152364631086,0.051595818782549624
mlp-fosls,131.32030450402794,0.04402175579640692,0.041174787493559496,0.05315709030692548
mlp-fosls,131.51995478163252,0.04425249552291112,0.041931343674423846,0.054065079485467155
mlp-fosls,131.7196050592371,0.045250258425891615,0.03927285598559807,0.05486816215986383
mlp-fosls,131.91925533684167,0.04560101071034769,0.039506047184488115,0.0552553901257713
mlp-fosls,132.11890561444625,0.044839363434821464,0.04059402670193611,0.05274801640301926
mlp-fosls,132.3185558920508,0.04434266652236463,0.038364444883468,0.05377959921703501
mlp-fosls,132.51820616965537,0.04512664352765797,0.03660961914227627,0.049884622043252495
mlp-fosls,132.71785644725995,0.044507431012893756,0.035944367575681306,0.0492137962217584
mlp-fosls,132.91750672486452,0.04337398181515711,0.0352665692560087,0.0511484909825398
mlp-fosls,133.1171570024691,0.043579611460381015,0.03604904759352574,0.05077672977164113
mlp-fosls,133.31680728007365,0.043514913649485926,0.037689180058379075,0.04868955745004978
mlp-fosls,133.51645755767822,0.04354342630374425,0.03787429428775439,0.049204124171538625
mlp-fosls,133.7161078352828,0.04292736297914313,0.03805850814361924,0.04823890665764871
mlp-fosls,133.91575811288737,0.0438933600398993,0.039595006287634286,0.05155876147153808
mlp-fosls,134.11540839049195,0.045267748641332275,0.038699676866941035,0.051968515004101414
mlp-fosls,134.3150586680965,0.046960865471870936,0.03667619605242439,0.050783141759983635
mlp-fosls,134.51470894570107,0.0460051726974966,0.03295072932535205,0.050010549217826765
mlp-fosls,134.71435922330565,0.04511761809167707,0.03741874431929179,0.04926800445594867
mlp-fosls,134.91400950091023,0.047502868231858786,0.04140741829421931,0.04909943555869233
mlp-fosls,135.11365977851477,0.04785747747380473,0.04257020706084605,0.053602105781604695
mlp-fosls,135.31331005611935,0.04685046344507973,0.04183616406681461,0.05484854830030487
mlp-fosls,135.51296033372392,0.04740238965793102,0.03997898296735297,0.052899423781038686
mlp-fosls,135.7126106113285,0.04661215681654004,0.03948806004369154,0.05155100065917266
mlp-fosls,135.91226088893308,0.04560996577297987,0.04035577595191544,0.05237959588920885
mlp-fosls,136.11191116653762,0.044160867014228423,0.039384250867746676,0.05319528608882199
mlp-fosls,136.3115614441422,0.044149282708998316,0.03780114585830681,0.052569863456903836
mlp-fosls,136.51121172174678,0.044031600756346975,0.03900056430637704,0.051823467918951656
mlp-fosls,136.71086199935135,0.04384779134551031,0.038235628532535336,0.050658617240335976
mlp-fosls,136.91051227695593,0.043214733947890244,0.03774888629135421,0.05118755038116055
mlp-fosls,137.11016255456047,0.04292662881013781,0.038812024691643215,0.049274675496496605
mlp-fosls,137.30981283216505,0.043407561775908744,0.03921794938425015,0.04789810755967459
mlp-fosls,137.50946310976963,0.04431774117490894,0.0406834336078323,0.049635539629331496
mlp-fosls,137.7091133873742,0.044900102957483715,0.039759497406284545,0.05464433327022262
mlp-fosls,137.90876366497878,0.04485245446178887,0.03798729020731414,0.05341829633760809
mlp-fosls,138.10841394258333,0.04548275375522151,0.03786203464186686,0.04865937156955319
mlp-fosls,138.3080642201879,0.043535856184655865,0.03826005513263259,0.050956844126643155
mlp-fosls,138.50771449779248,0.0433034091477895,0.03604205187347548,0.050577574160707045
mlp-fosls,138.70736477539705,0.04403049250798694,0.03779363646206822,0.050195438563843967
mlp-fosls,138.9070150530016,0.043767674377089075,0.039467561500599824,0.04964886743891578
mlp-fosls,139.10666533060618,0.0432359309328542,0.037496025148472785,0.04862688568709564
mlp-fosls,139.30631560821075,0.04352839545087176,0.040017010685217985,0.04915842040753012
mlp-fosls,139.50596588581533,0.044130929434989946,0.03703079833694518,0.0510271939508443
mlp-fosls,139.7056161634199,0.043756627175153974,0.035356011166632804,0.05113108332395252
mlp-fosls,139.90526644102445,0.04238023671382522,0.03792967516103262,0.04863815738912903
mlp-fosls,140.10491671862903,0.04181720059451326,0.03807093695304037,0.048318575493986535
mlp-fosls,140.3045669962336,0.043376449206859916,0.03932681743639774,0.04652432459312245
mlp-fosls,140.50421727383818,0.044328449107024846,0.0383461418144747,0.04877014286858747
mlp-fosls,140.70386755144276,0.04557846909432488,0.03702050093519162,0.05091700002944643
mlp-fosls,140.9035178290473,0.04536811317351187,0.03779554330983458,0.0494500835707427
mlp-fosls,141.10316810665188,0.04550022890848504,0.0403341138405294,0.050504001156867116
mlp-fosls,141.30281838425645,0.045172630705966846,0.042270321640073154,0.04941839832074244
mlp-fosls,141.50246866186103,0.04550918353685093,0.04253922002338859,0.05178559947241228
mlp-fosls,141.7021189394656,0.04440752697368258,0.039276000879813595,0.0540492232399935
mlp-fosls,141.90176921707015,0.04338783919958886,0.037501978683754746,0.05366205915325498
mlp-fosls,142.10141949467473,0.042185150006179666,0.03840410256700278,0.05313121724523935
mlp-fosls,142.3010697722793,0.04411364923505069,0.040631598341602605,0.0565017179448972
mlp-fosls,142.50072004988388,0.04601662276061756,0.03964697325443583,0.05604698289833234
mlp-fosls,142.70037032748846,0.047520813224239955,0.03681635698116624,0.05548340577030682
mlp-fosls,142.900020605093,0.046710459439025936,0.033749159907935734,0.05542001432478562
mlp-fosls,143.09967088269758,0.04517454921037622,0.03406099691119167,0.05132252809052037
mlp-fosls,143.29932116030216,0.04404394424745054,0.03808936874427986,0.0524275357587003
mlp-fosls,143.49897143790673,0.04345116650589062,0.04123094905697936,0.054215419080483176
mlp-fosls,143.69862171551128,0.04432303771425296,0.04080238626579557,0.05298676098921457
mlp-fosls,143.89827199311586,0.04371105296859071,0.04059204609201144,0.05172892821414208
mlp-fosls,144.09792227072043,0.04548515368633982,0.0402663961293684,0.050737025006146144
mlp-fosls,144.297572548325,0.04573830944018868,0.039818672290060045,0.05046854976058235
mlp-fosls,144.49722282592958,0.04632921064144357,0.03919045780990193,0.05291626807543927
mlp-fosls,144.69687310353413,0.045799147098765466,0.0384026664622153,0.05095498291106364
mlp-fosls,144.8965233811387,0.04372918084237239,0.03685519283409282,0.04891512179175058
mlp-fosls,145.09617365874328,0.042481139855214664,0.03523983096253693,0.046932505858238535
mlp-fosls,145.29582393634786,0.04161482180215838,0.03542389527167884,0.049115942973772676
mlp-fosls,145.49547421395243,0.041876459962478976,0.03816508376014144,0.051936059744478714
mlp-fosls,145.69512449155698,0.04206762530563805,0.038454055685415996,0.05204841098965244
mlp-fosls,145.89477476916156,0.041402344560165144,0.03719187174018551,0.049793662114165145
mlp-fosls,146.09442504676613,0.040798416881591956,0.03731943273584223,0.050491601452813076
mlp-fosls,146.2940753243707,0.04144009976101771,0.035118250189250994,0.0508293238941916
mlp-fosls,146.49372560197529,0.04302784254074857,0.038399513593523026,0.048680344864543396
mlp-fosls,146.69337587957983,0.04347337669020877,0.04140017330228171,0.04999362467897116
mlp-fosls,146.8930261571844,0.04501680113190179,0.04047515341589066,0.050970038279075085
mlp-fosls,147.09267643478898,0.04386543163550613,0.03801106658702998,0.05121561759585228
mlp-fosls,147.29232671239356,0.04449599929812207,0.04023230343166877,0.051460024963837406
mlp-fosls,147.4919769899981,0.043667763656048325,0.03896791260264132,0.05243615098704953
mlp-fosls,147.69162726760268,0.042646122565819726,0.03842260506272872,0.059469754944812526
mlp-fosls,147.89127754520726,0.042603665557655865,0.03786944608791843,0.054723991534022916
mlp-fosls,148.09092782281184,0.04358179862423801,0.04054062449374405,0.052278482556137845
mlp-fosls,148.2905781004164,0.04563217630642946,0.039007864716538096,0.053043997370646405
mlp-fosls,148.49022837802096,0.04643094014395609,0.03961117671159279,0.053031199571250014
mlp-fosls,148.68987865562553,0.045676693557097206,0.04028793077060006,0.04915047879150027
mlp-fosls,148.8895289332301,0.04473009201325295,0.0385545087269171,0.048109994592219804
mlp-fosls,149.0891792108347,0.044327412836940104,0.0410474563053225,0.04758915602363519
mlp-fosls,149.28882948843926,0.0462812498088819,0.041281914474643196,0.04828607169527481
mlp-fosls,149.4884797660438,0.04573432370240309,0.039721859067907504,0.049772329688509434
mlp-fosls,149.68813004364839,0.043723831117143355,0.03874243320176289,0.04921944444379186
mlp-fosls,149.88778032125296,0.04143498713490086,0.03846281366897825,0.04666798151808399
mlp-fosls,150.08743059885754,0.04234584304424621,0.03967509746451048,0.04699827798973802
mlp-fosls,150.2870808764621,0.04338221192195177,0.039770191128983425,0.05044869022949779
mlp-fosls,150.48673115406666,0.044894122726054836,0.040753096933842124,0.05367776595335271
mlp-fosls,150.68638143167124,0.045280502738691955,0.04073718393343998,0.05217185679878948
mlp-fosls,150.8860317092758,0.046072432690685644,0.04032166418761331,0.04994760273400506
mlp-fosls,151.0856819868804,0.04593738514165065,0.03985236992970989,0.05174398568208798
mlp-fosls,151.28533226448494,0.045878987396752835,0.03937748309846933,0.05230302893961689
mlp-fosls,151.4849825420895,0.044738160292885826,0.03841247134854492,0.05285615970015876
mlp-fosls,151.6846328196941,0.04422764221632332,0.03751934308463258,0.05235864468384193
mlp-fosls,151.88428309729866,0.04533269576424437,0.0366044294574024,0.0503167350965976
mlp-fosls,152.08393337490324,0.046061317371383206,0.03606487053977081,0.049418800588335136
mlp-fosls,152.2835836525078,0.04455773314077677,0.03538238891132867,0.05058171674050299
mlp-fosls,152.48323393011236,0.04479566186123488,0.0378032855976417,0.05031455695653022
mlp-fosls,152.68288420771694,0.042843347254000574,0.04063461674274232,0.049421824280617616
mlp-fosls,152.88253448532151,0.042494018792431004,0.039552761690088305,0.04842084840409848
mlp-fosls,153.0821847629261,0.04246036769712681,0.036275382799446754,0.04915184996410501
mlp-fosls,153.28183504053064,0.042853517301671945,0.03419273353492784,0.05003489745367373
mlp-fosls,153.4814853181352,0.0433355611634471,0.039095376466157336,0.0509772144857504
mlp-fosls,153.6811355957398,0.04455686300844315,0.03706553369933369,0.0520805554723344
mlp-fosls,153.88078587334437,0.04513354114278917,0.034769775647365296,0.05316100187061566
mlp-fosls,154.08043615094894,0.04245460561648359,0.03356870470728628,0.05376989598200493
mlp-fosls,154.2800864285535,0.04101852282236498,0.03800708840576906,0.05396775883867411
mlp-fosls,154.47973670615806,0.04218868299777208,0.037176814840503086,0.05416489891269943
mlp-fosls,154.67938698376264,0.04340720193864303,0.04034305376745165,0.053206654771393226
mlp-fosls,154.87903726136722,0.04470103282973917,0.041988165442556444,0.051856678486536724
mlp-fosls,155.07868753897176,0.045233683662799035,0.042972848578048485,0.0504706062510634
mlp-fosls,155.27833781657634,0.044032079822393905,0.04131845736804712,0.049751319621099986
mlp-fosls,155.47798809418092,0.0431123376975045,0.03996804540513084,0.05244224161420882
mlp-fosls,155.6776383717855,0.043286689367543874,0.03949680806158487,0.05172650372517307
mlp-fosls,155.87728864939007,0.04511929671162414,0.03895236157967564,0.048690602268572455
mlp-fosls,156.07693892699461,0.04337736761534137,0.039824798266580065,0.04971738954195692
mlp-fosls,156.2765892045992,0.04551779209715355,0.03974192491366923,0.05045421719156601
mlp-fosls,156.47623948220377,0.04576714577029721,0.03996257633086363,0.05234496263355259
mlp-fosls,156.67588975980834,0.044990344504471196,0.040182016103681016,0.053721748877785525
mlp-fosls,156.87554003741292,0.04512864232447583,0.04075228525241878,0.051580951303342
mlp-fosls,157.07519031501747,0.04398642296966075,0.03945688893890474,0.05016323271176506
mlp-fosls,157.27484059262204,0.0427838424022776,0.03816329005091175,0.05303659278044819
mlp-fosls,157.47449087022662,0.04217834454041916,0.03758877186718062,0.05159296590735927
mlp-fosls,157.6741411478312,0.04208013491471277,0.03693090995568734,0.05009346572207645
mlp-fosls,157.87379142543577,0.04206657684161966,0.03596292103530275,0.04846531393949017
mlp-fosls,158.07344170304032,0.04248567027169235,0.03746435400842639,0.05184497872810739
mlp-fosls,158.2730919806449,0.04334365377673524,0.03838273933963151,0.0545816075142003
mlp-fosls,158.47274225824947,0.043972861768405244,0.03837779850387054,0.0540094134453813
mlp-fosls,158.67239253585404,0.044211388865712326,0.03843265297794488,0.053431092096213634
mlp-fosls,158.87204281345862,0.04551430557340862,0.040248345786991116,0.05309117254030713
mlp-fosls,159.07169309106317,0.04670536333100938,0.03999870133884391,0.0531907695637159
mlp-fosls,159.27134336866774,0.045977802126411935,0.03924584425468922,0.05329018044495619
mlp-fosls,159.47099364627232,0.04559809963431488,0.040855104117839984,0.0536100531420294
mlp-fosls,159.6706439238769,0.04562522739190919,0.04047468773964111,0.054077701403481476
mlp-fosls,159.87029420148144,0.044491021972415876,0.038099091021713286,0.05454134010342046
mlp-fosls,160.06994447908602,0.04373811206658275,0.04050873899515695,0.05365126657851832
mlp-fosls,160.2695947566906,0.04387325259028733,0.03889272355025665,0.05258661613065237
mlp-fosls,160.46924503429517,0.04310837413590503,0.03954028182024317,0.052475068207325955
mlp-fosls,160.66889531189975,0.04253305520992784,0.038190002963065815,0.050138657160918636
mlp-fosls,160.8685455895043,0.041525633321268504,0.03817975278813443,0.04899295496224689
mlp-fosls,161.06819586710887,0.04132961315651034,0.036609889892588156,0.04767800056570558
mlp-fosls,161.26784614471345,0.04183967606867647,0.037604934141904495,0.04599558533549222
mlp-fosls,161.46749642231802,0.040529825072558756,0.03688477477597108,0.048677869844450807
mlp-fosls,161.6671466999226,0.041944379540606994,0.03403296738571335,0.051978765666144955
mlp-fosls,161.86679697752714,0.04187460609773885,0.034971033953026684,0.05058367706518517
mlp-fosls,162.06644725513172,0.04230736715809995,0.037719193092128074,0.04859012555431904
mlp-fosls,162.2660975327363,0.043720412437255385,0.0375212829034403,0.049218951768298935
mlp-fosls,162.46574781034087,0.044364793339258767,0.03516834588301411,0.0505975154111148
mlp-fosls,162.66539808794545,0.04471402059609855,0.032785617829551264,0.051861695508011806
mlp-fosls,162.86504836555,0.04356973287205694,0.034363681396854355,0.049408153507618804
mlp-fosls,163.06469864315457,0.044661209516759184,0.0358723913591449,0.04774766092021794
mlp-fosls,163.26434892075915,0.04448135301309925,0.037890648426054226,0.04778981070366483
mlp-fosls,163.46399919836372,0.04533630841559051,0.0369546585766536,0.04884379240948885
mlp-fosls,163.66364947596827,0.04666671734689458,0.0367669076295019,0.05182159891257021
mlp-fosls,163.86329975357285,0.04604588859538926,0.033452563406442606,0.05157930671615335
mlp-fosls,164.06295003117742,0.045890551712674955,0.03674758982769922,0.04794746433626167
mlp-fosls,164.262600308782,0.044379142927301274,0.04056907884093963,0.046954812316017135
mlp-fosls,164.46225058638657,0.044513568452093706,0.038879407196315025,0.04728324660124292
mlp-fosls,164.66190086399112,0.04436631282330207,0.0408034343370938,0.04896145647509802
mlp-fosls,164.8615511415957,0.04438801858110244,0.036336904606207525,0.05151635437800588
mlp-fosls,165.06120141920027,0.045353681260382514,0.03641267247055998,0.05100960281484554
mlp-fosls,165.26085169680485,0.0442802439889584,0.037158344844056244,0.049767178853241646
mlp-fosls,165.46050197440942,0.043169322390206426,0.03808084197149326,0.05158302122363848
mlp-fosls,165.66015225201397,0.04100550928890899,0.038866505026785084,0.05062187333619855
mlp-fosls,165.85980252961855,0.04353678467070926,0.032662649069119115,0.05243445472512133
mlp-fosls,166.05945280722312,0.044570115981917666,0.03260032728836314,0.05112648989550979
mlp-fosls,166.2591030848277,0.04450971162589229,0.0367581242477411,0.04933397463507974
mlp-fosls,166.45875336243228,0.04532520624942725,0.038484693448230446,0.04998063734148752
mlp-fosls,166.65840364003682,0.04627648616337099,0.036602623362703285,0.051615563957093075
mlp-fosls,166.8580539176414,0.046368708070563244,0.03696856506091339,0.05288287972394603
mlp-fosls,167.05770419524598,0.04578186217337442,0.037318022263713696,0.0541005768748675
mlp-fosls,167.25735447285055,0.04375361108758779,0.036880050428522736,0.054776906770974555
mlp-fosls,167.4570047504551,0.043674993354223965,0.03515531166279573,0.052994302704806345
mlp-fosls,167.65665502805967,0.044586823881750455,0.03716994966841551,0.05138833858405283
mlp-fosls,167.85630530566425,0.04645253379732933,0.03777753675144978,0.04905614548233838
mlp-fosls,168.05595558326883,0.04579860851353325,0.037286016579576205,0.05032380689702208
mlp-fosls,168.2556058608734,0.045506433892757464,0.038350840214521016,0.052124059464333516
mlp-fosls,168.45525613847795,0.04670514467098398,0.03933223087526546,0.0511166219616788
mlp-fosls,168.65490641608253,0.04756774059717052,0.034814500103702795,0.05008892598673858
mlp-fosls,168.8545566936871,0.048416658478700095,0.03521761676446943,0.05188760838814689
mlp-fosls,169.05420697129168,0.04801410840445167,0.03949871042405858,0.05321553274456197
mlp-fosls,169.25385724889625,0.04689570912555677,0.04292697137360817,0.052226692393239287
mlp-fosls,169.4535075265008,0.04601962302715029,0.04315428312599217,0.05119925277264483
mlp-fosls,169.65315780410538,0.04694870572828639,0.04266182899332615,0.05038933848201112
mlp-fosls,169.85280808170995,0.04689374504457973,0.04351109458487146,0.05075132079179808
mlp-fosls,170.05245835931453,0.046555501098009086,0.04106281752628234,0.05286447907702323
mlp-fosls,170.2521086369191,0.04602398691911365,0.03816886102101711,0.052545622272415334
mlp-fosls,170.45175891452365,0.04640401300360295,0.03699023542529104,0.05222481873501984
mlp-fosls,170.65140919212823,0.043979861633522396,0.03731242832413292,0.051692165730446514
mlp-fosls,170.8510594697328,0.043443295727614746,0.037631862803595796,0.051004988381897334
mlp-fosls,171.05070974733738,0.0438523495493699,0.03707899189044951,0.05030842555448356
mlp-fosls,171.25036002494193,0.04334021199869505,0.03628711480612145,0.04971192286784999
mlp-fosls,171.4500103025465,0.04394244710449213,0.03553743649699454,0.04985051501952817
mlp-fosls,171.64966058015108,0.04475782984462153,0.03642249754334552,0.049218537784132106
mlp-fosls,171.84931085775565,0.044356135152816376,0.03728655604654446,0.04756163961638182
mlp-fosls,172.04896113536023,0.044259922954928074,0.035881725939910486,0.04604491510976828
mlp-fosls,172.24861141296478,0.04311913466556719,0.0359352519789308,0.04755110670039324
mlp-fosls,172.44826169056935,0.04457261722632427,0.03599132113074175,0.04901103232333123
mlp-fosls,172.64791196817393,0.04345452272064165,0.036897869093992924,0.05075660999554862
mlp-fosls,172.8475622457785,0.04295657981523976,0.03786840064196047,0.053179028099954465
mlp-fosls,173.04721252338308,0.043422540703060314,0.036267335253193124,0.055495807058473054
mlp-fosls,173.24686280098763,0.043430239640689317,0.03564336934927783,0.05660445468897524
mlp-fosls,173.4465130785922,0.042634543207902456,0.035033241549952646,0.05531275834413136
mlp-fosls,173.64616335619678,0.04294002392788166,0.03809399463523692,0.0528762050510203
mlp-fosls,173.84581363380136,0.04416821251545087,0.03911182680321248,0.050325757935806924
mlp-fosls,174.04546391140593,0.04419645514476006,0.0356184449852082,0.049599306782390516
mlp-fosls,174.24511418901048,0.043015709961453374,0.031742908663891435,0.049510185452571895
mlp-fosls,174.44476446661506,0.041672551704499766,0.033644945904495856,0.04889962261267932
mlp-fosls,174.64441474421963,0.04178726745332577,0.03409586333356541,0.050576476422129986
mlp-fosls,174.8440650218242,0.043298594120977404,0.038494995301935044,0.051625013032393995
mlp-fosls,175.04371529942875,0.043941093702782125,0.03928590918619303,0.050966283442483794
mlp-fosls,175.24336557703333,0.044762519551462314,0.0390713628928146,0.050779333444002435
mlp-fosls,175.4430158546379,0.045748541202410245,0.03842489970550343,0.051922994149470214
mlp-fosls,175.64266613224248,0.045437834473292804,0.039200324913493755,0.05161274328861178
mlp-fosls,175.84231640984706,0.04441701862016985,0.041016331988618274,0.05234797323321479
mlp-fosls,176.0419666874516,0.04500273192316076,0.03701737245433236,0.054204533191043305
mlp-fosls,176.24161696505618,0.04480200990220626,0.03923212617788879,0.0563241924938411
mlp-fosls,176.44126724266076,0.044448255348679314,0.0409109528979784,0.05836692472374758
mlp-fosls,176.64091752026533,0.043810919039509996,0.039874898459433615,0.05561120054763731
mlp-fosls,176.8405677978699,0.0429162734918825,0.03702387347810531,0.052552533770609124
mlp-fosls,177.04021807547446,0.04350338676115453,0.03571706205987051,0.049572758264789456
mlp-fosls,177.23986835307903,0.04420401430413767,0.03670493383550177,0.048252599374778514
mlp-fosls,177.4395186306836,0.04454358438043901,0.03766690607879127,0.050656005023419895
mlp-fosls,177.63916890828818,0.0448501481896534,0.03863785322749724,0.0500718928606452
mlp-fosls,177.83881918589276,0.046096613536883616,0.03861550993671078,0.04948088584860947
mlp-fosls,178.0384694634973,0.0481416791094294,0.03768779243203714,0.050648239169836386
mlp-fosls,178.23811974110188,0.046306250942951585,0.03395129978080168,0.05063547625409714
mlp-fosls,178.43777001870646,0.044354402207084545,0.03679786461995436,0.05063894558339452
mlp-fosls,178.63742029631103,0.04423882434806796,0.03915251451552234,0.04873639117704339
mlp-fosls,178.8370705739156,0.04436892273213452,0.04133893060616817,0.048363716226496836
mlp-fosls,179.03672085152016,0.04478716130314704,0.0409149978635209,0.05012857754343418
mlp-fosls,179.23637112912473,0.044985646252253444,0.04048662639294917,0.051523406891435156
mlp-fosls,179.4360214067293,0.04452172338156739,0.04152683279221484,0.051338932379031456
mlp-fosls,179.6356716843339,0.04542757316930848,0.03892682443104002,0.051153792605603945
mlp-fosls,179.83532196193843,0.04694764071539663,0.0379653386469262,0.051834869938036224
mlp-fosls,180.034972239543,0.04532614064829922,0.03609685597149342,0.05231750840105194
mlp-fosls,180.23462251714759,0.044030203307637183,0.036282264617578885,0.050284803478502636
mlp-fosls,180.43427279475216,0.0445877471974214,0.03646673059835901,0.04941991077479246
mlp-fosls,180.63392307235674,0.043998466257139275,0.036988349574723765,0.04999731693386413
mlp-fosls,180.83357334996128,0.04348985551057867,0.03794096391374899,0.05278250591390731
mlp-fosls,181.03322362756586,0.04337843055322933,0.03887023901581836,0.05517611335079578
mlp-fosls,181.23287390517044,0.04384677527948816,0.040199638158936325,0.05370601880364333
mlp-fosls,181.432524182775,0.04401335578018306,0.038327626764498225,0.052194534455005125
mlp-fosls,181.6321744603796,0.04368420711533394,0.039725530669663556,0.05033425554021609
mlp-fosls,181.83182473798414,0.042619992872431456,0.038432509311615744,0.048774289587733444
mlp-fosls,182.0314750155887,0.042312045060173185,0.039808744624493665,0.04957632507908996
mlp-fosls,182.2311252931933,0.04286766116384334,0.03852376483203642,0.05252758577844032
mlp-fosls,182.43077557079786,0.04202773398109582,0.03776168093114914,0.05532162802263873
mlp-fosls,182.63042584840244,0.0425685199097352,0.03698389699122821,0.05659323248550851
mlp-fosls,182.830076126007,0.04171670807470751,0.04055381549766468,0.05517174075391465
mlp-fosls,183.02972640361156,0.04434534761831212,0.038745213425522416,0.051783253701518935
mlp-fosls,183.22937668121614,0.04508289425009332,0.04062883163855288,0.04821397853274174
mlp-fosls,183.4290269588207,0.04445337173467359,0.04038536528942952,0.04845608850811252
mlp-fosls,183.62867723642526,0.042782379894796566,0.038464734267653206,0.047992733768941004
mlp-fosls,183.82832751402984,0.0428098820468882,0.036111446893325023,0.047426538271678365
mlp-fosls,184.0279777916344,0.04322786054806817,0.037045751778287485,0.04685350115256591
mlp-fosls,184.227628069239,0.043216828601680114,0.03859348261913103,0.04593297933110628
mlp-fosls,184.42727834684356,0.04426806868208115,0.040281303400498264,0.04681419502611217
mlp-fosls,184.6269286244481,0.045009024105328505,0.042367032472336814,0.04920874725719518
mlp-fosls,184.8265789020527,0.04659257316553504,0.043390974014629644,0.04828714407173873
mlp-fosls,185.02622917965726,0.045937979262856185,0.042828788329079125,0.050307200769221086
mlp-fosls,185.22587945726184,0.046154048713238985,0.03957200772429699,0.05511349708888877
mlp-fosls,185.42552973486642,0.045208349766407904,0.03959424974018069,0.054103784311939816
mlp-fosls,185.62518001247096,0.04535026683564092,0.038600750001590425,0.054419198031760894
mlp-fosls,185.82483029007554,0.04578729783301502,0.0376384174908053,0.05588724757702645
mlp-fosls,186.02448056768011,0.043971341666029756,0.03959283651503779,0.05936113720354306
mlp-fosls,186.2241308452847,0.04295181145849051,0.040798674541213845,0.0555032395043891
mlp-fosls,186.42378112288927,0.044298824286562524,0.04090878839692335,0.051471541383521224
mlp-fosls,186.6234314004938,0.044338299955481025,0.042000555010273735,0.05143422460388648
mlp-fosls,186.8230816780984,0.04606466794878386,0.04069413429662597,0.049590492828083026
mlp-fosls,187.02273195570297,0.045318983654893785,0.03661827876245083,0.04935479069299559
mlp-fosls,187.22238223330754,0.045212365295568144,0.038112742442386535,0.051464344649201924
mlp-fosls,187.4220325109121,0.04486665994853153,0.040455898988507766,0.05396151870031557
mlp-fosls,187.62168278851667,0.045607862791757096,0.037090005802374225,0.05281800447111157
mlp-fosls,187.82133306612124,0.046374096025740025,0.03274413066500832,0.0503993881211884
mlp-fosls,188.02098334372582,0.04432648602252111,0.035583098075267675,0.04916539599308514
mlp-fosls,188.2206336213304,0.043019558228915865,0.03740431332032293,0.049707424428127325
mlp-fosls,188.42028389893494,0.0450874731663673,0.040722817826757844,0.049873546761974426
mlp-fosls,188.61993417653952,0.0459235876432047,0.040821618252107755,0.05024369187201303
mlp-fosls,188.8195844541441,0.04502978939613149,0.04017351270467704,0.05057594428751227
mlp-fosls,189.01923473174867,0.04388821495474597,0.041361056208278145,0.04836430560787338
mlp-fosls,189.21888500935324,0.04382508640053456,0.0419899112494608,0.04637833720039022
mlp-fosls,189.4185352869578,0.04404017104274971,0.03835955458071314,0.04777422579043481
mlp-fosls,189.61818556456237,0.04406333705514977,0.03952476053590223,0.05127332295970033
mlp-fosls,189.81783584216694,0.04598792189867679,0.036292545930949084,0.05454842476904368
mlp-fosls,190.01748611977152,0.04647241170106388,0.032325640307678184,0.05188554673800842
mlp-fosls,190.2171363973761,0.04602410359529542,0.0294391699205241,0.05286892020933263
mlp-fosls,190.41678667498064,0.04461561897386041,0.034386414548376966,0.05022876332475922
mlp-fosls,190.61643695258522,0.043725502930275134,0.03870641142467507,0.04878974186960949
mlp-fosls,190.8160872301898,0.044111868551802866,0.03934766814491506,0.04956147764347545
mlp-fosls,191.01573750779437,0.04513661233816342,0.03544404005631485,0.049660183027367424
mlp-fosls,191.21538778539892,0.044850096292952724,0.037692068553538426,0.04975869261162862
mlp-fosls,191.4150380630035,0.046237614071622385,0.04047826054736851,0.047984464676334194
mlp-fosls,191.61468834060807,0.044460781304239236,0.04295576080924912,0.048837812272185005
mlp-fosls,191.81433861821264,0.04437934578870206,0.04134885453962386,0.05033996063244966
mlp-fosls,192.01398889581722,0.04607128735690959,0.03858970438937532,0.05035219143176449
mlp-fosls,192.21363917342177,0.046645331716361316,0.03656236057589653,0.05014759053726601
mlp-fosls,192.41328945102634,0.04391566843195649,0.03351724500635813,0.05365718221310378
mlp-fosls,192.61293972863092,0.0451709736228989,0.03862339771605985,0.05194641694713197
mlp-fosls,192.8125900062355,0.04478415403257023,0.0389835948122676,0.04966052714937197
mlp-fosls,193.01224028384007,0.04552791514327379,0.038454159668796194,0.04852931201022512
mlp-fosls,193.21189056144462,0.04512018177543611,0.0379173328067718,0.050144803958315026
mlp-fosls,193.4115408390492,0.04428870682039524,0.04023367795213254,0.05170985016271015
mlp-fosls,193.61119111665377,0.04570973826109258,0.03758782396456109,0.052228896151605454
mlp-fosls,193.81084139425835,0.0466725321314119,0.035408251735612135,0.051768124447986064
mlp-fosls,194.01049167186292,0.04557511224606467,0.03518479442510133,0.05137486240778192
mlp-fosls,194.21014194946747,0.045247300506484886,0.03527160009068906,0.052019481681602975
mlp-fosls,194.40979222707205,0.04367120892135239,0.03587026609760023,0.052656210093651255
mlp-fosls,194.60944250467662,0.04102733595990499,0.036557988865920266,0.05240038611682492
mlp-fosls,194.8090927822812,0.04365851399727509,0.03526644506837529,0.05153224057952692
mlp-fosls,195.00874305988575,0.0468091449760559,0.03617536265684506,0.051722952751089915
mlp-fosls,195.20839333749032,0.04739280352381652,0.038792651007653674,0.05172250019107118
mlp-fosls,195.4080436150949,0.04643258223456283,0.04119299745679957,0.05199239676828922
mlp-fosls,195.60769389269947,0.04470544678697777,0.04154996399430592,0.05363757081605951
mlp-fosls,195.80734417030405,0.04315893074537121,0.0407955346232008,0.055233763988926064
mlp-fosls,196.0069944479086,0.04372475123523983,0.04003438907560075,0.05457494961187795
mlp-fosls,196.20664472551317,0.04276280318660247,0.03759671988775106,0.050303266797783144
mlp-fosls,196.40629500311775,0.04167191658911319,0.03895932130829589,0.04980683947960808
mlp-fosls,196.60594528072232,0.04200332942036311,0.04025605449762021,0.05023984237405267
mlp-fosls,196.8055955583269,0.042885430332775004,0.04058850120958385,0.050669145094345835
mlp-fosls,197.00524583593145,0.04412470583425067,0.04020440568308085,0.05009672438861164
mlp-fosls,197.20489611353602,0.04456681989297731,0.03997217864256606,0.05390960405257747
mlp-fosls,197.4045463911406,0.04445416410191832,0.038674094391227994,0.0550201622641021
mlp-fosls,197.60419666874517,0.04431038415491925,0.038512699568914566,0.05471842173115007
mlp-fosls,197.80384694634975,0.04278607565160478,0.038350625538435885,0.054415008021021796
mlp-fosls,198.0034972239543,0.04214604857368508,0.03822435379806996,0.05150859906676239
mlp-fosls,198.20314750155887,0.04222232344253099,0.03518941551107399,0.04996221148502665
mlp-fosls,198.40279777916345,0.04493597070307698,0.03650161214268428,0.052053534507335394
mlp-fosls,198.60244805676803,0.04389729972353003,0.037943155791218076,0.05052000186025205
mlp-fosls,198.8020983343726,0.04427745088852694,0.03896122715222716,0.05044438686938043
mlp-fosls,199.00174861197715,0.0431554882102093,0.03843041661083185,0.0490044939322596
mlp-fosls,199.20139888958172,0.04291915375322524,0.03789217096653017,0.04957768499870421
mlp-fosls,199.4010491671863,0.04321367001546921,0.03809106837238065,0.05328123757974222
mlp-fosls,199.60069944479088,0.04322443246103514,0.03924550412582099,0.05661842873027663
mlp-fosls,199.80034972239542,0.044523059220386296,0.04036693818498346,0.05244393125668089
mlp-fosls,200.0,0.0454412217011666,0.04044523901638185,0.04813045965583125
mlp-pinn,1.1485702991485596,0.7521021511722248,0.6226127092365655,0.8678052265767684
mlp-pinn,1.347620779329592,0.7328946852805909,0.5969395968591281,0.8564157057731314
mlp-pinn,1.5466712595106245,0.7145474909180045,0.5700600434497932,0.8448416031980667
mlp-pinn,1.745721739691657,0.6978670368423439,0.5418487094915168,0.8331067205908665
mlp-pinn,1.9447722198726893,0.6807732694579307,0.5120855346690276,0.8212041654138494
mlp-pinn,2.1438227000537218,0.6632334514775948,0.4804822219988017,0.8091265381214767
mlp-pinn,2.342873180234754,0.6454744092286742,0.45209159494234386,0.798691098384414
mlp-pinn,2.5419236604157867,0.6282884317741957,0.4419242363498451,0.7947948330404427
mlp-pinn,2.740974140596819,0.6106135099444384,0.4315173821867147,0.7908793729874796
mlp-pinn,2.9400246207778515,0.5924048310813151,0.4208532660977656,0.7869444317144333
mlp-pinn,3.139075100958884,0.5736101919924528,0.40991181007753136,0.7829897155107697
mlp-pinn,3.338125581139917,0.5541681456457357,0.39867018009492455,0.7790149232106658
mlp-pinn,3.5371760613209493,0.5370236357730652,0.3910784831159947,0.7748312992424793
mlp-pinn,3.7362265415019817,0.5236689323336199,0.38837210287863266,0.7703790429624966
mlp-pinn,3.935277021683014,0.509948485837037,0.38564673035361663,0.7659009057220367
mlp-pinn,4.134327501864046,0.4958290354263867,0.3829019599982468,0.7613964308662472
mlp-pinn,4.333377982045079,0.48127172707747845,0.38013737162841915,0.7568651481511643
mlp-pinn,4.532428462226111,0.466230651690518,0.377352529667719,0.7523065731707439
mlp-pinn,4.7314789424071435,0.4553085741478,0.37640754876075233,0.746768808560621
mlp-pinn,4.930529422588176,0.446994372872452,0.37638484782511195,0.7406820228744433
mlp-pinn,5.129579902769208,0.43851877965919517,0.37636214552022534,0.7345448009343645
mlp-pinn,5.328630382950242,0.4298717825849147,0.37633944184584456,0.7283558677940564
mlp-pinn,5.527680863131274,0.4210422655851939,0.3763167368017219,0.722113893870185
mlp-pinn,5.726731343312307,0.41201782648588253,0.3762940303876092,0.7158174916071056
mlp-pinn,5.925781823493339,0.4069208971529952,0.37663536182394325,0.7069808073046497
mlp-pinn,6.1248323036743715,0.4025490759912352,0.3770208752225657,0.6976643766452422
mlp-pinn,6.323882783855404,0.39809685122956273,0.37692422119261865,0.6882218414017782
mlp-pinn,6.522933264036436,0.3935592882600165,0.376329711704102,0.6786479378330965
mlp-pinn,6.721983744217469,0.38933269087618544,0.37573426154786976,0.6689370254872834
mlp-pinn,6.921034224398501,0.38705719535039296,0.3751472003990557,0.6587999022903747
mlp-pinn,7.120084704579534,0.3870313017196734,0.3746623406930442,0.645662338631215
mlp-pinn,7.319135184760566,0.38700521190525594,0.37417685270461637,0.6322518483924363
mlp-pinn,7.518185664941599,0.3869789257856526,0.37369073398503433,0.6185506802716936
mlp-pinn,7.717236145122631,0.3856031924790183,0.3732039820696118,0.6045390709734958
mlp-pinn,7.9162866253036634,0.3844679542163752,0.37271659447756894,0.590194910688342
mlp-pinn,8.115337105484695,0.38430329615641623,0.37227303092463165,0.5750666179230546
mlp-pinn,8.314387585665727,0.3839531136385806,0.3719296915215171,0.5585571193167822
mlp-pinn,8.51343806584676,0.38360247762861804,0.37158603487855935,0.5415445466713369
mlp-pinn,8.712488546027792,0.3832513861449276,0.3712420601147572,0.5239799008735597
mlp-pinn,8.911539026208825,0.3828998371910274,0.37089776634502414,0.5058056711914836
mlp-pinn,9.110589506389857,0.38288065858887455,0.37055315268016165,0.4890413974711603
mlp-pinn,9.309639986570891,0.3832968692822384,0.37031709664083434,0.4781290483686097
mlp-pinn,9.508690466751924,0.38374443796041646,0.37017724419713866,0.46749070821249344
mlp-pinn,9.707740946932956,0.3841910869124635,0.37003733889741314,0.45660457469912086
mlp-pinn,9.906791427113989,0.38463682210917194,0.36989738068168304,0.44545248120008424
mlp-pinn,10.105841907295021,0.38508164945676004,0.36975736948986004,0.43401392647985126
mlp-pinn,10.304892387476054,0.3855030751532004,0.36961730526174214,0.42226563174097426
mlp-pinn,10.503942867657086,0.3854371823238145,0.3695127865538365,0.4151434554954891
mlp-pinn,10.702993347838119,0.38537825922238744,0.36941988071049064,0.4092786151277783
mlp-pinn,10.902043828019151,0.3854220136710893,0.36932695149626593,0.4033285025399135
mlp-pinn,11.101094308200183,0.38546546928058,0.36923399889351627,0.39728928644158773
mlp-pinn,11.300144788381216,0.3855086263526839,0.3691410228845734,0.39115683974774473
mlp-pinn,11.499195268562248,0.38488750396402305,0.3690480234517469,0.38987109266421804
mlp-pinn,11.69824574874328,0.3841093416272828,0.36921747997462956,0.390112489398712
mlp-pinn,11.897296228924313,0.3831125712774781,0.36939378926670113,0.3903359445594101
mlp-pinn,12.096346709105346,0.38210952819686705,0.36957001444761184,0.39055927187216233
mlp-pinn,12.295397189286378,0.3811030599441011,0.36968902296998146,0.39078247155615914
mlp-pinn,12.49444766946741,0.38009312671474293,0.36905773227549665,0.3910055438299655
mlp-pinn,12.693498149648443,0.37927966806482827,0.3684236718300456,0.39119170803594633
mlp-pinn,12.892548629829475,0.3791696476485924,0.36777190061803094,0.39115428375108485
mlp-pinn,13.091599110010508,0.379059410737311,0.3671189722741996,0.391116855885255
mlp-pinn,13.29064959019154,0.37894895682541263,0.36646488061358656,0.3910794244374287
mlp-pinn,13.489700070372573,0.3788382854045541,0.3658096193959311,0.3910419894065772
mlp-pinn,13.688750550553605,0.37872739596360194,0.3651531823249822,0.3913546209158298
mlp-pinn,13.887801030734638,0.37863388197420744,0.36452489594234777,0.39189938025639226
mlp-pinn,14.08685151091567,0.3786331631007728,0.3639638110855597,0.39246785989724714
mlp-pinn,14.285901991096702,0.37863242912227146,0.36340185992654267,0.39303551730003505
mlp-pinn,14.484952471277735,0.3786316800385144,0.36283903844020987,0.39360235602227667
mlp-pinn,14.684002951458767,0.3786309158493031,0.3622753425702081,0.3941683795959133
mlp-pinn,14.8830534316398,0.37863013655443023,0.3617107682285768,0.3947335915275629
mlp-pinn,15.082103911820832,0.3786441194317056,0.3612649596888005,0.3952693745986151
mlp-pinn,15.281154392001865,0.37875690411521923,0.3609333575249801,0.3957901382574553
mlp-pinn,15.480204872182897,0.3792272850542865,0.36060145042631153,0.39631021761762697
mlp-pinn,15.67925535236393,0.37980917896124566,0.36026923755000795,0.396829615369627
mlp-pinn,15.878305832544962,0.38039013425964174,0.3599367180493934,0.3973483341863678
mlp-pinn,16.077356312725996,0.3809701556856384,0.3596038910738773,0.3978663767233374
mlp-pinn,16.276406792907025,0.3815499902276807,0.3594110978794673,0.3985049509448001
mlp-pinn,16.47545727308806,0.3821757235402774,0.35927286009855647,0.39915760263191025
mlp-pinn,16.67450775326909,0.3828003361260445,0.3591345691072774,0.3998091889266558
mlp-pinn,16.873558233450126,0.383423834413698,0.3589962248441378,0.400459715029523
mlp-pinn,17.072608713631155,0.3840462247678853,0.3588578272475266,0.4011091860988266
mlp-pinn,17.27165919381219,0.384646217225578,0.35871937625571404,0.4017621102468873
mlp-pinn,17.470709673993223,0.38497944640522047,0.358884398892422,0.40244946980759727
mlp-pinn,17.669760154174256,0.38530783463604135,0.3590728274889361,0.40313565739934276
mlp-pinn,17.868810634355288,0.3856354700266645,0.35926115725670016,0.4038206789964877
mlp-pinn,18.06786111453632,0.3859623568707157,0.3594493883510551,0.40450454052280854
mlp-pinn,18.266911594717353,0.38611002178189235,0.3596375209269353,0.4051872478520919
mlp-pinn,18.465962074898385,0.38617071778288925,0.35982595843047693,0.4059111392096079
mlp-pinn,18.665012555079418,0.3862554575177305,0.3600167623016451,0.40671781104641963
mlp-pinn,18.86406303526045,0.3861968265860214,0.3602074651029698,0.40752288611848597
mlp-pinn,19.063113515441483,0.38612478959547253,0.36039806699489263,0.40832637387057175
mlp-pinn,19.262163995622515,0.38605273912441174,0.3605885681374315,0.4091282836546984
mlp-pinn,19.461214475803548,0.38598067516524676,0.36077896869018156,0.4099286247314144
mlp-pinn,19.66026495598458,0.3857602221982538,0.36097039120775304,0.41055698637796734
mlp-pinn,19.859315436165613,0.3854081809626082,0.3611638023126463,0.4110480389987334
mlp-pinn,20.058365916346645,0.3850555337254503,0.3613571098970909,0.4115385056901117
mlp-pinn,20.257416396527677,0.3847022772332554,0.3615503141271325,0.4120283885445224
mlp-pinn,20.45646687670871,0.38434840820324123,0.36174341516837344,0.41251768964196156
mlp-pinn,20.655517356889742,0.3839939233229988,0.36193641318597414,0.41300641105010405
mlp-pinn,20.854567837070775,0.38398855808025406,0.3621700587726401,0.4136674380976306
mlp-pinn,21.053618317251807,0.38405013091252543,0.3624354942303394,0.41437674644084993
mlp-pinn,21.25266879743284,0.38411159914314985,0.362700735434329,0.4150848427003229
mlp-pinn,21.451719277613872,0.3841729629177615,0.36296578281046815,0.4157917330686112
mlp-pinn,21.650769757794905,0.3842342223814084,0.363230636783062,0.4164974236857254
mlp-pinn,21.849820237975937,0.3842953776785556,0.36349529777487005,0.41720192063974737
mlp-pinn,22.04887071815697,0.3843939804956198,0.3637580918711971,0.4174652517608692
mlp-pinn,22.247921198338002,0.3844893815256776,0.364020199867008,0.41772812920564034
mlp-pinn,22.446971678519034,0.384584533858306,0.36428211927112014,0.41799084132492953
mlp-pinn,22.646022158700067,0.38467943802460225,0.36454385049003474,0.41825338843026805
mlp-pinn,22.8450726388811,0.3847740945523762,0.3648053939287946,0.41851577083221
mlp-pinn,23.04412311906213,0.38486050468614946,0.36390062004875945,0.41875443581521526
mlp-pinn,23.243173599243164,0.3848986441231121,0.36211788299714104,0.41891024343634425
mlp-pinn,23.442224079424197,0.3849365796833498,0.36032632585031954,0.41906599312861836
mlp-pinn,23.64127455960523,0.38497431155289774,0.35852581638600334,0.4192216849566029
mlp-pinn,23.84032503978626,0.3850118399160435,0.35671621904492895,0.4193773189847434
mlp-pinn,24.039375519967294,0.3850491649553334,0.354897394811753,0.41953289527736587
mlp-pinn,24.238426000148326,0.38508452666280696,0.3530072013413944,0.41969658703816354
mlp-pinn,24.43747648032936,0.38509267901727057,0.3510135726162444,0.4198707207167052
mlp-pinn,24.63652696051039,0.38510043300794994,0.3490085559449154,0.42004478220643116
mlp-pinn,24.835577440691424,0.3851077887162241,0.34699195391923837,0.4202187715970467
mlp-pinn,25.034627920872456,0.38511474621728037,0.3449635633608665,0.4203926889780715
mlp-pinn,25.23367840105349,0.3851213055801196,0.34292317508235315,0.42056653443884034
mlp-pinn,25.43272888123452,0.3850489130247513,0.3409328553213825,0.42069371330998484
mlp-pinn,25.631779361415553,0.3847834009613006,0.338968571466635,0.42079685880699474
mlp-pinn,25.830829841596586,0.3843746229149604,0.33699283827207926,0.42089997902723153
mlp-pinn,26.02988032177762,0.38396538756690546,0.33500545316638103,0.4210030739892692
mlp-pinn,26.22893080195865,0.38355569331148187,0.3330062075333624,0.4211061437116588
mlp-pinn,26.427981282139683,0.3831455385332905,0.33099488645641245,0.42120918821292863
mlp-pinn,26.627031762320716,0.38271808822341186,0.32946344621070356,0.4208430564220645
mlp-pinn,26.826082242501748,0.3822670815959722,0.32801847467816414,0.4204140295110041
mlp-pinn,27.02513272268278,0.38181547490822165,0.32656710959823515,0.41998456433623116
mlp-pinn,27.224183202863813,0.3813632655484114,0.3251092653439794,0.4195546595518972
mlp-pinn,27.423233683044845,0.3809104508848178,0.32364485435992685,0.41912431380525134
mlp-pinn,27.622284163225878,0.3804570282655221,0.3222003934382172,0.41870554894767226
mlp-pinn,27.82133464340691,0.3799475065070117,0.3211460795129115,0.41838869086969693
mlp-pinn,28.020385123587943,0.3797147591702309,0.3200882928838301,0.41807159264382715
mlp-pinn,28.219435603768975,0.37976070118926597,0.3190269990080086,0.41775425372320674
mlp-pinn,28.418486083950008,0.37980588269084703,0.3179621627659921,0.41743667355890124
mlp-pinn,28.61753656413104,0.3800440256735913,0.316893748448275,0.4171188515998863
mlp-pinn,28.816587044312072,0.3804966670834511,0.3159088790748734,0.416662936107488
mlp-pinn,29.015637524493105,0.38098952223683646,0.3151350368494938,0.41592453368446036
mlp-pinn,29.214688004674137,0.38148168618240863,0.3143592897019597,0.4151848180215156
mlp-pinn,29.41373848485517,0.38197316201138815,0.31358162349491947,0.4144437820868859
mlp-pinn,29.612788965036202,0.38246395279099576,0.3128020239152846,0.413701418785826
mlp-pinn,29.811839445217235,0.3829540615647189,0.31202047647115577,0.41295772095982003
mlp-pinn,30.010889925398267,0.3834643533023305,0.311418478843468,0.41222381680847364
mlp-pinn,30.2099404055793,0.3839963261910601,0.31098803715314416,0.411497666830434
mlp-pinn,30.408990885760332,0.38452753273558526,0.3105569988577801,0.4107702331835106
mlp-pinn,30.608041365941364,0.3850579763579831,0.31012536146974035,0.41012598929469113
mlp-pinn,30.807091846122397,0.38558766045418535,0.3096931224840535,0.4103243877751133
mlp-pinn,31.00614232630343,0.38611658839426394,0.3092602793782428,0.4105226903730097
mlp-pinn,31.20519280648446,0.3866012834085729,0.3087335502715572,0.41077557264294823
mlp-pinn,31.404243286665494,0.3870690889368258,0.3081728841107399,0.4111356871574845
mlp-pinn,31.603293766846527,0.38753628908886917,0.30761119605596754,0.4114954865229653
mlp-pinn,31.80234424702756,0.38800288634402724,0.3070484804991457,0.41185497156533984
mlp-pinn,32.00139472720859,0.38846888316405015,0.30648473178069674,0.41221414310695587
mlp-pinn,32.20044520738962,0.3889327588972963,0.3059199441888956,0.4125730019665814
mlp-pinn,32.399495687570656,0.38945685100294186,0.3056321272024674,0.4128009268487907
mlp-pinn,32.59854616775169,0.3899917781987679,0.30535418729225355,0.4129192019738342
mlp-pinn,32.79759664793272,0.3903405244501197,0.30507599416460174,0.4130374432302663
mlp-pinn,32.99664712811375,0.3906242129427338,0.3047975471261663,0.41315565064716575
mlp-pinn,33.195697608294786,0.39090746739656734,0.3045188454804317,0.41327382425356957
mlp-pinn,33.39474808847582,0.3911898387303596,0.3042451812707301,0.41339196407847323
mlp-pinn,33.59379856865685,0.39141459162676095,0.30399377550299495,0.41366758942375703
mlp-pinn,33.79284904883789,0.3916392024346413,0.3037421616481175,0.41399540599631307
mlp-pinn,33.991899529018916,0.3915853051085733,0.3034903391885433,0.41432296319712014
mlp-pinn,34.19095000919995,0.3911434542242933,0.30323830760456855,0.4146502616408583
mlp-pinn,34.39000048938098,0.3906997134647183,0.30298606637432823,0.41497730193978355
mlp-pinn,34.58905096956202,0.3902150488318705,0.30272666976323154,0.41530408470374136
mlp-pinn,34.788101449743046,0.3896850086075908,0.3024572956311533,0.4153231132876398
mlp-pinn,34.98715192992408,0.38915225060216996,0.3021876813754742,0.41532881490819257
mlp-pinn,35.18620241010511,0.388616746997224,0.3019178263528991,0.4153345164504747
mlp-pinn,35.38525289028615,0.38807846945077956,0.3016477299172556,0.41534021791448944
mlp-pinn,35.584303370467175,0.38753738908368074,0.3013773914194756,0.4153459193002401
mlp-pinn,35.78335385064821,0.38691722736497136,0.30104249502239105,0.4153860235803757
mlp-pinn,35.98240433082924,0.3862494180665415,0.30067121379660894,0.4155987790099586
mlp-pinn,36.181454811010276,0.38557802262318863,0.30029947353025105,0.41581142558041917
mlp-pinn,36.380505291191305,0.3849029959757525,0.29992727251646484,0.41602396345868403
mlp-pinn,36.57955577137234,0.3842242920743446,0.2995546090377939,0.41623639281125396
mlp-pinn,36.77860625155337,0.38354186384778866,0.2991814813660855,0.41644871380420484
mlp-pinn,36.977656731734406,0.38278396452936125,0.2989164286780886,0.41663878967343126
mlp-pinn,37.176707211915435,0.38201266346996066,0.29866815828226,0.41679144657372413
mlp-pinn,37.37575769209647,0.3812366750864766,0.29841968133782903,0.4169440475813193
mlp-pinn,37.5748081722775,0.38045593025061,0.29817099732842184,0.41709659275756417
mlp-pinn,37.773858652458536,0.3795959243822263,0.2979221057355094,0.41724908216369416
mlp-pinn,37.972909132639565,0.3791287017972609,0.2976863930599466,0.4174015158608328
mlp-pinn,38.1719596128206,0.3790281729870244,0.29758812792516937,0.4175525513333252
mlp-pinn,38.37101009300163,0.3789261333733066,0.2974898303320181,0.41770255867953754
mlp-pinn,38.570060573182666,0.3788239174512983,0.29739150024830713,0.4178525121737283
mlp-pinn,38.769111053363694,0.37872152481102506,0.29729313764179754,0.418002411873854
mlp-pinn,38.96816153354473,0.37861895504047394,0.29719474248019717,0.418152257837767
mlp-pinn,39.16721201372576,0.3785171750232049,0.29702597237613565,0.4183020501232162
mlp-pinn,39.366262493906795,0.3784554889707452,0.2967016552643929,0.41843343710771475
mlp-pinn,39.565312974087824,0.37839370762028435,0.2963769832616433,0.4185597367514867
mlp-pinn,39.76436345426886,0.378331830829586,0.2960519552002893,0.4186859982960642
mlp-pinn,39.96341393444989,0.37826985845587346,0.2957265699063171,0.41881222177590505
mlp-pinn,40.162464414630925,0.37820779035582786,0.2954008261992468,0.41893840722541525
mlp-pinn,40.361514894811954,0.3781037360232518,0.2951514384864836,0.4190645546789491
mlp-pinn,40.56056537499299,0.3779444386278531,0.29496810810399554,0.41923219933986067
mlp-pinn,40.75961585517402,0.37778501326265745,0.29478466370600126,0.41940007209834324
mlp-pinn,40.958666335355055,0.3776254596037702,0.29460110507951276,0.41956787768947984
mlp-pinn,41.157716815536084,0.37746577732592484,0.294417432010878,0.41973561619382876
mlp-pinn,41.35676729571712,0.377305966102475,0.29423364428577814,0.4199032876917874
mlp-pinn,41.55581777589815,0.37718306322540796,0.29397639078367593,0.4200677468865766
mlp-pinn,41.754868256079185,0.377085650822929,0.29369333677275083,0.42021976760528984
mlp-pinn,41.95391873626021,0.3769881621040787,0.2934100096984225,0.42037173334814343
mlp-pinn,42.15296921644125,0.3768905969240438,0.2931264087688864,0.42052364417473775
mlp-pinn,42.35201969662228,0.37679295513753985,0.29284253318850423,0.4206755001445654
mlp-pinn,42.551070176803314,0.3766952365988083,0.2925583821577774,0.42082730131701185
mlp-pinn,42.75012065698434,0.37665793729516694,0.29227886083703847,0.42096806820319105
mlp-pinn,42.94917113716538,0.3766361272633305,0.2919993383648364,0.42109309558390245
mlp-pinn,43.14822161734641,0.37661428162219884,0.29171954805738937,0.42121808585356435
mlp-pinn,43.347272097527444,0.37659240035010116,0.2914394891433088,0.4213430390452034
mlp-pinn,43.54632257770847,0.3765704834253044,0.2911591608474961,0.42146795519179736
mlp-pinn,43.74537305788951,0.37654402787874597,0.2908576800284387,0.42159283432627503
mlp-pinn,43.94442353807054,0.3764224570870174,0.29044523051253285,0.4217036468440828
mlp-pinn,44.143474018251574,0.3761267356135036,0.29003219446025474,0.4218057455819286
mlp-pinn,44.3425244984326,0.3757862603616663,0.289618569362159,0.42190781961259555
mlp-pinn,44.54157497861364,0.3754454741902427,0.2892043526908549,0.4220098689540119
mlp-pinn,44.74062545879467,0.37510437624008225,0.28878954190082634,0.422111893624084
mlp-pinn,44.939675938975704,0.3747630673474712,0.2884862820452741,0.42221389364069706
mlp-pinn,45.13872641915673,0.37444996925380186,0.288377251520005,0.4222951735525336
mlp-pinn,45.33777689933777,0.3741386248840338,0.2882681797565576,0.4223720345343276
mlp-pinn,45.5368273795188,0.3738270212049173,0.2881590667081044,0.4224488815319198
mlp-pinn,45.73587785969983,0.37351515756744774,0.2880499123277293,0.42252571455294025
mlp-pinn,45.93492833988086,0.3732030333199088,0.28794071656842724,0.42260253360501226
mlp-pinn,46.1339788200619,0.3728946059683882,0.2877224254609392,0.42268231396265277
mlp-pinn,46.33302930024293,0.3725299507717754,0.287423087572021,0.42284812671303734
mlp-pinn,46.53207978042396,0.3721648781782617,0.28712343761132014,0.42301387446823446
mlp-pinn,46.73113026060499,0.37179938661168965,0.2868234746007544,0.4231795573046146
mlp-pinn,46.93018074078603,0.3714334744854938,0.286523197557122,0.42334517529839866
mlp-pinn,47.12923122096706,0.37106714020260234,0.2862226054920637,0.42351072852565874
mlp-pinn,47.32828170114809,0.37069862039086654,0.2858261488880359,0.42363601226751524
mlp-pinn,47.52733218132912,0.37036348589484447,0.2854018600283519,0.42363455897301044
mlp-pinn,47.72638266151016,0.37002804738371187,0.2849769394654947,0.42363310567352
mlp-pinn,47.92543314169119,0.36969230402729475,0.2845513843694975,0.42363165236904393
mlp-pinn,48.12448362187222,0.36935625499162794,0.2841251918892001,0.4236301990595822
mlp-pinn,48.32353410205325,0.36901989943893065,0.28369835915202624,0.4236287457451347
mlp-pinn,48.52258458223429,0.3686023725366654,0.2833742883410894,0.42367066546640036
mlp-pinn,48.72163506241532,0.36812254336611006,0.28305106822124476,0.4237668439795855
mlp-pinn,48.92068554259635,0.3676420468314972,0.2827274785894654,0.4238630006689592
mlp-pinn,49.11973602277738,0.3671608799933765,0.28240351817554515,0.423959135549371
mlp-pinn,49.31878650295842,0.3666790398898304,0.2820791857019839,0.4240552486356533
mlp-pinn,49.517836983139446,0.3663045430311891,0.2817591440495201,0.4241513399426218
mlp-pinn,49.71688746332048,0.3658909759184208,0.28145814871192115,0.4242672791741803
mlp-pinn,49.91593794350151,0.36545258471417186,0.2811568311408521,0.42439387752697477
mlp-pinn,50.11498842368255,0.3650134230311182,0.2808551902991812,0.42452043812624607
mlp-pinn,50.314038903863576,0.36457348637791165,0.28055322514420145,0.42464696100574995
mlp-pinn,50.51308938404461,0.364132770218594,0.2802509346275881,0.4247734461991921
mlp-pinn,50.71213986422564,0.3636912699719729,0.27997207764606646,0.42489989374022796
mlp-pinn,50.91119034440668,0.3633397431443527,0.279725384008871,0.42487881959960905
mlp-pinn,51.110240824587706,0.36299197099441616,0.27947847261706144,0.4248331557111489
mlp-pinn,51.30929130476874,0.3626437372046638,0.2792313428929869,0.42478748691390317
mlp-pinn,51.50834178494977,0.3622950397246417,0.2789839942564377,0.4247418132062884
mlp-pinn,51.70739226513081,0.3619458764882677,0.27873642612463,0.4246961345867204
mlp-pinn,51.906442745311836,0.3615794529272499,0.2784692445612497,0.4246644275928768
mlp-pinn,52.10549322549287,0.36114615221328716,0.2781914413876874,0.4248335460885638
mlp-pinn,52.30454370567391,0.36071197559758816,0.2779133605212335,0.4250025972880424
mlp-pinn,52.503594185854936,0.36027691742754187,0.27763500112747147,0.42517158127158505
mlp-pinn,52.70264466603597,0.35984097198919196,0.27735636236779765,0.42534049811930463
mlp-pinn,52.901695146217,0.3594041335063003,0.2770774433993916,0.42550934791115497
mlp-pinn,53.10074562639804,0.35897204888257994,0.27660933851232683,0.4256159875411426
mlp-pinn,53.299796106579066,0.3585485346008027,0.2761138867577298,0.4255583707814118
mlp-pinn,53.4988465867601,0.3581241788627355,0.2756175443775194,0.4255007462198358
mlp-pinn,53.69789706694113,0.357698976316179,0.2751203065513836,0.42544311385324435
mlp-pinn,53.89694754712217,0.3572729215516607,0.27462216841537157,0.42538547367846513
mlp-pinn,54.095998027303196,0.35684600910157305,0.2741495271815771,0.4253278256923237
mlp-pinn,54.29504850748423,0.3564286578874373,0.2739545038849811,0.425309500792241
mlp-pinn,54.49409898766526,0.356023579569566,0.2737593416558602,0.4253334910871019
mlp-pinn,54.6931494678463,0.35561761237831374,0.2735640401968685,0.42535748002890256
mlp-pinn,54.892199948027326,0.3552107504138115,0.27336859920959783,0.42538146761787204
mlp-pinn,55.09125042820836,0.35480298771063157,0.27317301839457275,0.42540545385423917
mlp-pinn,55.29030090838939,0.3543943182367636,0.2729275339719528,0.4254294387382327
mlp-pinn,55.48935138857043,0.3538929989512225,0.27256485691163196,0.4254563258899453
mlp-pinn,55.688401868751455,0.35336043827964025,0.2722016966267943,0.4254845213262465
mlp-pinn,55.88745234893249,0.3528264784037811,0.27183805118075777,0.4255127148942542
mlp-pinn,56.08650282911352,0.35229110763806337,0.2714739186238694,0.42554090659433974
mlp-pinn,56.285553309294556,0.35175431413276137,0.2711092969933827,0.4255690964268744
mlp-pinn,56.484603789475585,0.35121608587075837,0.2706862279955147,0.42559728439222927
mlp-pinn,56.68365426965662,0.35073753455847967,0.2702083502313263,0.4256568384220455
mlp-pinn,56.88270474983765,0.3502542774509594,0.2697296258163541,0.425720059138545
mlp-pinn,57.081755230018686,0.34977003266075596,0.2692500502345834,0.4257832704679708
mlp-pinn,57.280805710199715,0.3492847934399077,0.2687696189297091,0.42584647241450313
mlp-pinn,57.47985619038075,0.3487985529616927,0.2682883273046301,0.42590966498231886
mlp-pinn,57.67890667056178,0.348304514388341,0.2679562196900838,0.42597147205626984
mlp-pinn,57.877957150742816,0.34778426520793065,0.2676834782226377,0.42602094692976616
mlp-pinn,58.077007630923845,0.34726281360806854,0.26741045857658274,0.4260704160582893
mlp-pinn,58.27605811110488,0.3467401503656529,0.2671371598990061,0.42611987944384017
mlp-pinn,58.47510859128591,0.3462162661372309,0.26686358133262783,0.4261693370884185
mlp-pinn,58.674159071466946,0.34569115145678264,0.2665897220157689,0.4262187889940226
mlp-pinn,58.873209551647975,0.3451284403216053,0.26630702639920745,0.426268734207708
mlp-pinn,59.07226003182901,0.34450658343115853,0.2660233395446643,0.4263198010509119
mlp-pinn,59.27131051201004,0.34388297723473604,0.2657393498437958,0.4263708617777915
mlp-pinn,59.470360992191075,0.3432576053800877,0.265455056324627,0.42642191639054394
mlp-pinn,59.669411472372104,0.34263045125470226,0.2651704580099723,0.42647296489136516
mlp-pinn,59.86846195255314,0.3420014979799577,0.2648800063847596,0.42652400728244955
mlp-pinn,60.06751243273417,0.3413957873021004,0.264557544154163,0.42654484676640586
mlp-pinn,60.266562912915205,0.3408114161145591,0.2642346884028922,0.4265373931973209
mlp-pinn,60.465613393096234,0.34022527258162094,0.263911437686708,0.4265299394979855
mlp-pinn,60.66466387327727,0.33963733950598896,0.26358779055251547,0.4265224856683929
mlp-pinn,60.8637143534583,0.3390475994092778,0.2632637455382879,0.4265150317085363
mlp-pinn,61.062764833639335,0.3384560345255378,0.2629731894172798,0.42650757761840874
mlp-pinn,61.261815313820364,0.33776063918170446,0.2627438441957697,0.42663848353555783
mlp-pinn,61.4608657940014,0.3370201975438002,0.2625142986072288,0.4268229108135733
mlp-pinn,61.65991627418243,0.33627773087929214,0.2622845521255868,0.42700725843622694
mlp-pinn,61.858966754363465,0.33553322044459927,0.26205460422246746,0.42719152650664066
mlp-pinn,62.058017234544494,0.3347866471910209,0.2618244543671741,0.42737571512771405
mlp-pinn,62.25706771472553,0.3340386464264328,0.261479110215361,0.42755982440212514
mlp-pinn,62.45611819490656,0.33338791725175204,0.2610443508856015,0.4273641339593427
mlp-pinn,62.655168675087594,0.3327418620601026,0.26060886627195395,0.4271387696740326
mlp-pinn,62.85421915526862,0.33209400216725526,0.260172652732414,0.4269132864206424
mlp-pinn,63.05326963544966,0.331444320451547,0.2597357065943946,0.4266876840105661
mlp-pinn,63.25232011563069,0.3307927995110852,0.2592980241543648,0.42646196225469857
mlp-pinn,63.451370595811724,0.3301288433274555,0.25902416333022305,0.42628226253910256
mlp-pinn,63.65042107599275,0.329615107511971,0.2587984149980379,0.4264122614184853
mlp-pinn,63.84947155617379,0.3293191771490373,0.25857246957491664,0.4265422206776217
mlp-pinn,64.04852203635483,0.32902297916265894,0.25834632654374196,0.4266721403527154
mlp-pinn,64.24757251653585,0.3287265128215294,0.25811998538513115,0.4268020204799147
mlp-pinn,64.44662299671688,0.328429777390988,0.25789344557742233,0.4269318610953132
mlp-pinn,64.64567347689791,0.32805900651302133,0.2576665943621505,0.427001443789246
mlp-pinn,64.84472395707894,0.3276579242108818,0.2574395407629199,0.42695234623802797
mlp-pinn,65.04377443725998,0.32725634433630074,0.2572122867326854,0.4269032430401685
mlp-pinn,65.24282491744101,0.3268542650107335,0.2569848317397182,0.426854134193719
mlp-pinn,65.44187539762204,0.3264516843436508,0.2567571752499341,0.4268050196967296
mlp-pinn,65.64092587780308,0.32604891500968236,0.25650344665021585,0.42675589954724946
mlp-pinn,65.83997635798411,0.3256171887226962,0.25613583209475316,0.42669797914319657
mlp-pinn,66.03902683816514,0.3251450362665607,0.2557676891679303,0.4266327472854445
mlp-pinn,66.23807731834617,0.3246721867685778,0.255399015584897,0.42656750545226013
mlp-pinn,66.43712779852721,0.3241986370875798,0.2550298090442878,0.4265022536390659
mlp-pinn,66.63617827870824,0.3237243840584174,0.25466006722805473,0.42643699184128037
mlp-pinn,66.83522875888927,0.3232496376358871,0.2543453316382221,0.42637172005431867
mlp-pinn,67.0342792390703,0.3227802044021182,0.254116465383527,0.42639790497614777
mlp-pinn,67.23332971925134,0.3223118867875582,0.2538873928179131,0.4264534211939856
mlp-pinn,67.43238019943237,0.32184287877547346,0.25365811338243727,0.42650893018559627
mlp-pinn,67.6314306796134,0.32137317726480574,0.25342862651562764,0.4265644319538009
mlp-pinn,67.83048115979443,0.32090277913093646,0.253198931653468,0.4266199265014186
mlp-pinn,68.02953163997547,0.32046042766261174,0.2529252627376083,0.4266754138312668
mlp-pinn,68.2285821201565,0.31995304899042964,0.2526231172758452,0.42667034450750946
mlp-pinn,68.42763260033753,0.319439741125518,0.2523206100052921,0.42666320130864294
mlp-pinn,68.62668308051856,0.31892544777038145,0.252017739623067,0.42665605799018297
mlp-pinn,68.8257335606996,0.31841016261383415,0.2517145048184495,0.4266489145521235
mlp-pinn,69.02478404088063,0.31789387927373103,0.25141090427281493,0.4266417709944585
mlp-pinn,69.22383452106166,0.3173377345819236,0.25121231358123725,0.4266273313378095
mlp-pinn,69.42288500124269,0.3167951049295219,0.25103442651175467,0.42657864013766095
mlp-pinn,69.62193548142373,0.31625150297850124,0.25085641329918845,0.4265299433790915
mlp-pinn,69.82098596160476,0.31570692328006356,0.250678273674806,0.4264812410601971
mlp-pinn,70.02003644178579,0.31516136033272135,0.25050000736891925,0.42643253317907265
mlp-pinn,70.21908692196682,0.314614808581564,0.25031724489420665,0.42638381973381195
mlp-pinn,70.41813740214786,0.3141010226106612,0.2500403247499428,0.426348131128773
mlp-pinn,70.61718788232889,0.313582033263869,0.24976309757585793,0.42633319447654233
mlp-pinn,70.81623836250992,0.3130620797311556,0.24948556234844166,0.4263182573009853
mlp-pinn,71.01528884269095,0.3125411561654179,0.24920771803848457,0.4263033196020469
mlp-pinn,71.214339322872,0.31201925665726343,0.24892956361103327,0.4262883813796721
mlp-pinn,71.41338980305302,0.3114954368597207,0.2486169724825084,0.4262734426338059
mlp-pinn,71.61244028323405,0.3109437024466936,0.24821180543990023,0.42626944201029676
mlp-pinn,71.81149076341508,0.31037862144662076,0.24780597594307816,0.4262729094873263
mlp-pinn,72.01054124359612,0.30981237706462994,0.2473994807320095,0.4262763769361502
mlp-pinn,72.20959172377715,0.30924496145169356,0.24699231651983525,0.4262798443567692
mlp-pinn,72.40864220395818,0.30867636666564047,0.24658447999255959,0.42628331174918394
mlp-pinn,72.60769268413921,0.30810928863439785,0.24633661272927332,0.4262867791133951
mlp-pinn,72.80674316432025,0.30757047030576246,0.2462662188450065,0.4262581244244697
mlp-pinn,73.00579364450128,0.30703704242322283,0.24619580483326942,0.4262213089076319
mlp-pinn,73.20484412468231,0.3065025692385205,0.24612537067678728,0.4261844902105228
mlp-pinn,73.40389460486334,0.3059670440462222,0.24605491635826054,0.42614766833231815
mlp-pinn,73.60294508504438,0.30543046006524555,0.2459844418603649,0.4261108432721933
mlp-pinn,73.80199556522541,0.30491239894369015,0.2458440485188964,0.42607405017888356
mlp-pinn,74.00104604540644,0.3044336080527786,0.24567044915158257,0.4260419983944707
mlp-pinn,74.20009652558747,0.3039541524242836,0.24549672702608305,0.42600994419857213
mlp-pinn,74.39914700576851,0.30347379064795843,0.24532288188160917,0.4259778875906435
mlp-pinn,74.59819748594954,0.3029925169967851,0.2451489134564475,0.4259458285701402
mlp-pinn,74.79724796613057,0.30251032568011177,0.24497482148795538,0.42591376713651746
mlp-pinn,74.9962984463116,0.3019929064164679,0.2446660724537941,0.425901954690639
mlp-pinn,75.19534892649264,0.3015058915469191,0.24433951739278567,0.4259632213388018
mlp-pinn,75.39439940667367,0.3010180606709311,0.24401252531276668,0.42602447917619835
mlp-pinn,75.5934498868547,0.3005294095403534,0.24368509445447786,0.4260857282066286
mlp-pinn,75.79250036703573,0.30003993386903505,0.24335722304682472,0.4261469684338901
mlp-pinn,75.99155084721677,0.29954962933233703,0.24305301178382074,0.4262081998617775
mlp-pinn,76.1906013273978,0.2991099973931082,0.24298724389134088,0.4262324793730813
mlp-pinn,76.38965180757883,0.2986752168972344,0.24292145819304198,0.42620736655009744
mlp-pinn,76.58870228775986,0.2982397312496674,0.2428556546744541,0.4261822522473385
mlp-pinn,76.7877527679409,0.2978035367286507,0.24278983332108775,0.42615713646454295
mlp-pinn,76.98680324812193,0.29736662957792637,0.2427239941184337,0.42613201920144894
mlp-pinn,77.18585372830296,0.2969284428337303,0.24258844893581194,0.42610690045779476
mlp-pinn,77.38490420848399,0.29650620115499965,0.24228661201183913,0.42607215401262666
mlp-pinn,77.58395468866503,0.29609593337341716,0.2419843985947604,0.42603195647027514
mlp-pinn,77.78300516884606,0.2956850533709592,0.24168180727220723,0.425991755134793
mlp-pinn,77.98205564902709,0.2952735582314928,0.24137883662295817,0.4259515500051061
mlp-pinn,78.18110612920813,0.2948614450146503,0.2410754852168614,0.42591134108014006
mlp-pinn,78.38015660938916,0.29443783770478527,0.24085610412674335,0.4258711283588198
mlp-pinn,78.57920708957019,0.2940704863504282,0.24072049253376174,0.42579422024993596
mlp-pinn,78.77825756975122,0.2937194114275007,0.2405848044999539,0.4257106652031706
mlp-pinn,78.97730804993226,0.2933679159861351,0.24044903989591068,0.42562709375367663
mlp-pinn,79.17635853011329,0.2930159985102151,0.2403131985918573,0.4255435058917902
mlp-pinn,79.37540901029432,0.29266365747448375,0.24017728045765205,0.4254599016078379
mlp-pinn,79.57445949047535,0.2923645699707409,0.23996005607965523,0.42538292172092596
mlp-pinn,79.77350997065639,0.2920634575525364,0.23970875989352228,0.4254227039692132
mlp-pinn,79.97256045083742,0.29176196984673897,0.23945719998703183,0.4254624824977194
mlp-pinn,80.17161093101845,0.29146010528617305,0.2392053755281607,0.42550225730748775
mlp-pinn,80.37066141119948,0.29115786229217355,0.23895328568050164,0.4255420283995611
mlp-pinn,80.56971189138052,0.2908552392744649,0.23870092960323064,0.42558179577498173
mlp-pinn,80.76876237156155,0.2904874220843249,0.23856403740601803,0.42561616575917915
mlp-pinn,80.96781285174258,0.2901452016574322,0.23844065189979258,0.42563553615501354
mlp-pinn,81.16686333192361,0.2898025729607282,0.23831720251239974,0.42565490566935393
mlp-pinn,81.36591381210465,0.28945953451488105,0.2381936891445158,0.42567427430232074
mlp-pinn,81.56496429228568,0.2891160848315183,0.23807011169655948,0.42569364205403415
mlp-pinn,81.76401477246671,0.28877222241314826,0.23794801066882673,0.42571300892461456
mlp-pinn,81.96306525264774,0.28849278324859146,0.2378396687203772,0.425706365706637
mlp-pinn,82.16211573282878,0.2882141932369654,0.23773127739694974,0.42567081203553303
mlp-pinn,82.36116621300981,0.28793532978582514,0.23762283663097736,0.425635255394601
mlp-pinn,82.56021669319084,0.2876561920772157,0.23751434635473884,0.4255996957830966
mlp-pinn,82.75926717337187,0.2873767792890427,0.23740580650035825,0.4255641332002752
mlp-pinn,82.95831765355291,0.28709604268323463,0.23727192731003946,0.4255285676453917
mlp-pinn,83.15736813373394,0.286851488761293,0.23708075980032728,0.42548357982203994
mlp-pinn,83.35641861391497,0.28662835569860107,0.23688943802031423,0.4254341929666873
mlp-pinn,83.555469094096,0.28640504444730397,0.2366979615959126,0.4253848003775579
mlp-pinn,83.75451957427704,0.2861815545698926,0.23650633015152037,0.42533540205265424
mlp-pinn,83.95357005445807,0.28595788562702795,0.23631454331001248,0.4252859979899777
mlp-pinn,84.1526205346391,0.2857274285197711,0.23612863304699366,0.42523658818752835
mlp-pinn,84.35167101482013,0.2854765086566534,0.23594836820578774,0.42527027839477094
mlp-pinn,84.55072149500117,0.2852238417339274,0.23576796553668222,0.4253139641957524
mlp-pinn,84.7497719751822,0.28497094478616974,0.23558742472304922,0.4253576455100409
mlp-pinn,84.94882245536323,0.28471781716841593,0.23540674544704654,0.4254013223390184
mlp-pinn,85.14787293554426,0.2844644582326161,0.23522592738961148,0.4254449946840664
mlp-pinn,85.3469234157253,0.2842421114328373,0.23497279005254987,0.42546982425179874
mlp-pinn,85.54597389590633,0.28403848712920315,0.23469107387320062,0.4253293411892114
mlp-pinn,85.74502437608736,0.2838347161409279,0.23440901912348114,0.42518881171079825
mlp-pinn,85.94407485626839,0.2836307981492523,0.2341266245797538,0.42504823577052137
mlp-pinn,86.14312533644943,0.2834267328342562,0.23384388901099254,0.4249076133222665
mlp-pinn,86.34217581663046,0.2832225198748529,0.2335608111787203,0.42476694431984324
mlp-pinn,86.54122629681149,0.2830179618243767,0.23337052523761648,0.42465301767503577
mlp-pinn,86.74027677699252,0.2828521929688717,0.23318746708851332,0.4245984754807251
mlp-pinn,86.93932725717356,0.28268631037042086,0.23300426512111738,0.42454392627924564
mlp-pinn,87.13837773735459,0.282520313770479,0.2328209189959258,0.4244893700678961
mlp-pinn,87.33742821753562,0.28243108375758447,0.2326374283720978,0.4244348068439733
mlp-pinn,87.53647869771665,0.2823884791788142,0.23248214925405472,0.42438023660477237
mlp-pinn,87.73552917789769,0.282336576568831,0.23251090270978045,0.42436571744190116
mlp-pinn,87.93457965807872,0.28228459095295694,0.23253965261015036,0.42438828641724347
mlp-pinn,88.13363013825975,0.28223255747561543,0.23256839895648296,0.4244108541924312
mlp-pinn,88.33268061844078,0.2821804760682538,0.232597141750096,0.4244334207676557
mlp-pinn,88.53173109862182,0.28212834666211983,0.2326258809923063,0.4244559861431085
mlp-pinn,88.73078157880285,0.28207187911763426,0.23256025174711548,0.4244785503189808
mlp-pinn,88.92983205898388,0.28200249865802574,0.23231169730522788,0.4245041887241347
mlp-pinn,89.1288825391649,0.2819329759953673,0.23206287664551156,0.4245309851858126
mlp-pinn,89.32793301934595,0.2818633108397467,0.23181378891072033,0.4245577799562005
mlp-pinn,89.52698349952698,0.28179350289971494,0.23156443323899745,0.4245845730356185
mlp-pinn,89.726033979708,0.2817235518822781,0.23131480876384072,0.42461136442438674
mlp-pinn,89.92508445988904,0.28167129090064763,0.23113900984807934,0.42463815412282513
mlp-pinn,90.12413494007008,0.2816413246930094,0.231024229937047,0.42459817128979477
mlp-pinn,90.32318542025111,0.2816113401213581,0.23090939297148697,0.4245535911911106
mlp-pinn,90.52223590043214,0.2815813371700877,0.23079449886623302,0.42450900641081735
mlp-pinn,90.72128638061317,0.28155131582356374,0.23067954753590678,0.4244644169474399
mlp-pinn,90.92033686079421,0.28152127606612315,0.23056453889491704,0.4244198227995022
mlp-pinn,91.11938734097524,0.28151522136781837,0.23043376120677664,0.42438932102799926
mlp-pinn,91.31843782115627,0.281520906097787,0.23029779818565158,0.4244441807552994
mlp-pinn,91.5174883013373,0.28152646300619977,0.23016175484736043,0.42449903339285516
mlp-pinn,91.71653878151834,0.28153189211353435,0.230025631049398,0.42455387894341445
mlp-pinn,91.91558926169937,0.2815371934393963,0.22988942664883721,0.42460871740972356
mlp-pinn,92.1146397418804,0.28154236700251944,0.22975314150232734,0.4246635487945269
mlp-pinn,92.31369022206142,0.28150417278491835,0.22959191490499672,0.42467452868044286
mlp-pinn,92.51274070224247,0.28146117243112523,0.22942948334616226,0.4246044619205863
mlp-pinn,92.7117911824235,0.28141816085021454,0.22926693670747778,0.42453438359664697
mlp-pinn,92.91084166260453,0.28137513803273956,0.22910427474400016,0.4244642937028972
mlp-pinn,93.10989214278555,0.28133210396924047,0.22894149720991605,0.4243941922336046
mlp-pinn,93.3089426229666,0.28129301023334136,0.2287954823960043,0.42432407918303205
mlp-pinn,93.50799310314763,0.2812885535976683,0.22873535748389873,0.42429264989119786
mlp-pinn,93.70704358332866,0.2812840714950768,0.22867521676332478,0.4242918039863776
mlp-pinn,93.90609406350968,0.28127956392155673,0.22861506022180644,0.4242909580798709
mlp-pinn,94.10514454369073,0.28127503087306305,0.22855488784685138,0.42429011217167767
mlp-pinn,94.30419502387176,0.28127047234551533,0.2284946996259507,0.42428926626179797
mlp-pinn,94.50324550405279,0.2812394936986031,0.2283827982684367,0.4242884203502318
mlp-pinn,94.70229598423381,0.2811465491779563,0.2281827593559393,0.42418998674621017
mlp-pinn,94.90134646441486,0.28108356698507114,0.2279825449232014,0.42406184092702065
mlp-pinn,95.10039694459589,0.2810589476740718,0.22778215450739023,0.42393365637217056
mlp-pinn,95.29944742477691,0.28103432612372653,0.2275815876436353,0.42380543304651186
mlp-pinn,95.49849790495794,0.28100970233340317,0.22738084386501584,0.4236771709148432
mlp-pinn,95.69754838513899,0.28101942404470126,0.22726375248777336,0.4235488699419101
mlp-pinn,95.89659886532002,0.2810569305522485,0.2272079907460204,0.42364438113891045
mlp-pinn,96.09564934550104,0.2810943297222924,0.22715221531577337,0.42374594286130707
mlp-pinn,96.29469982568207,0.28113170650825825,0.2270964261869465,0.42384748024763075
mlp-pinn,96.49375030586312,0.28116906093268035,0.2270406233494416,0.4239489933153674
mlp-pinn,96.69280078604415,0.2812063930180486,0.22698480679314814,0.4240504820819817
mlp-pinn,96.89185126622517,0.28120349256523136,0.22677328965180593,0.42412204457944663
mlp-pinn,97.0909017464062,0.2812003530736853,0.22651833553835565,0.4240578663812577
mlp-pinn,97.28995222658725,0.28119721352790306,0.2262630941418248,0.4239936784686761
mlp-pinn,97.48900270676828,0.2811940739278814,0.22600756448888493,0.42392948083728926
mlp-pinn,97.6880531869493,0.28119093427361735,0.2257517456006989,0.42386527348268116
mlp-pinn,97.88710366713033,0.28118779456510773,0.22549563649287738,0.42380105640043253
mlp-pinn,98.08615414731138,0.281195040150527,0.22539478989678127,0.4237489632130904
mlp-pinn,98.2852046274924,0.2812008511188413,0.2252956055725414,0.42371579739188764
mlp-pinn,98.48425510767343,0.28120666145750595,0.22519637756407662,0.42368262897446873
mlp-pinn,98.68330558785446,0.28121247116662185,0.22509710581361578,0.42364945796022385
mlp-pinn,98.8823560680355,0.2812182802462895,0.22499779026326042,0.4236162843485429
mlp-pinn,99.08140654821653,0.28122602519602424,0.22492784224850917,0.42358310813881583
mlp-pinn,99.28045702839756,0.2812641414223044,0.22497854705196088,0.42354391009612835
mlp-pinn,99.47950750857859,0.2813187249580843,0.22502924043033276,0.423500662310504
mlp-pinn,99.67855798875964,0.2813732968115278,0.22507992239134447,0.4234574101079751
mlp-pinn,99.87760846894066,0.28142785699070727,0.22513059294270688,0.42341415348718814
mlp-pinn,100.0766589491217,0.2814824055036856,0.22518125209212225,0.42337089244678877
mlp-pinn,100.27570942930272,0.2815300806700421,0.22515990621861787,0.42332762698542215
mlp-pinn,100.47475990948377,0.2815278961439738,0.22503193664458657,0.42332019747128524
mlp-pinn,100.6738103896648,0.28151462310361774,0.22490389425630153,0.42332132533257116
mlp-pinn,100.87286086984582,0.28150134828072315,0.2247757789293279,0.42332245319085215
mlp-pinn,101.07191135002685,0.2814880716747056,0.2246475905388761,0.42332358104612816
mlp-pinn,101.2709618302079,0.28147479328498,0.22451932895980017,0.42332470889839924
mlp-pinn,101.47001231038892,0.28146571083687966,0.2243563063040715,0.4233248393309848
mlp-pinn,101.66906279056995,0.2814804527996744,0.22417106154135882,0.4232698635212949
mlp-pinn,101.86811327075098,0.28149542879929523,0.2239856635741516,0.4232148805702219
mlp-pinn,102.06716375093202,0.2815104039767564,0.2238001120217019,0.423159890474982
mlp-pinn,102.26621423111305,0.28152537833219726,0.2236144065016824,0.4231048932327896
mlp-pinn,102.46526471129408,0.2815403518657571,0.22342854663017658,0.4230498888408575
mlp-pinn,102.66431519147511,0.28152565517122907,0.22335490724486814,0.4229971308547492
mlp-pinn,102.86336567165615,0.2815174531022378,0.2233062498516313,0.4229520007559524
mlp-pinn,103.06241615183718,0.2815092417749834,0.22325758185386385,0.4229068658411406
mlp-pinn,103.26146663201821,0.28144896022679844,0.22320890324462925,0.4228617261087717
mlp-pinn,103.46051711219926,0.2813740486073495,0.2231602140169833,0.42281658155730273
mlp-pinn,103.65956759238028,0.2813169318089711,0.22310889667805872,0.4227714321851898
mlp-pinn,103.85861807256131,0.2812582422627746,0.2229584370485199,0.4227521233617902
mlp-pinn,104.05766855274234,0.2811805084371487,0.22280787581532419,0.4227658607525888
mlp-pinn,104.25671903292339,0.28110274223648657,0.22265721277235787,0.4227795976970179
mlp-pinn,104.45576951310441,0.2810249436159561,0.22250644771280936,0.4227933341951211
mlp-pinn,104.65481999328544,0.2809471125306198,0.22235558042916595,0.42280707024694175
mlp-pinn,104.85387047346647,0.2808430288319972,0.22223958211241143,0.4228208058525235
mlp-pinn,105.05292095364752,0.2807466214214639,0.22223865046802752,0.42278249011598557
mlp-pinn,105.25197143382854,0.2806583666149315,0.22223771881973806,0.4227157115175294
mlp-pinn,105.45102191400957,0.28057004208237557,0.222236787167543,0.422648922368044
mlp-pinn,105.6500723941906,0.2804816476793187,0.2222358555114423,0.42258212266252654
mlp-pinn,105.84912287437164,0.28039525412968835,0.22223492385143587,0.42251531239597034
mlp-pinn,106.04817335455267,0.28034945636585107,0.22219916092964073,0.4224484915633646
mlp-pinn,106.2472238347337,0.2803080813138401,0.22211895009327262,0.4223666151812673
mlp-pinn,106.44627431491473,0.2802676576569364,0.22203871028097574,0.42228217342884783
mlp-pinn,106.64532479509577,0.280227209702949,0.22195844146132498,0.4221977147876363
mlp-pinn,106.8443752752768,0.28018673742552025,0.22187814360283842,0.42211323924749516
mlp-pinn,107.04342575545783,0.28014861770643495,0.22179781667397705,0.4220287467982766
mlp-pinn,107.24247623563886,0.2801170166286725,0.22171650087758682,0.421952813921229
mlp-pinn,107.4415267158199,0.2800874692674207,0.22163463174181675,0.42199934649379267
mlp-pinn,107.64057719600093,0.2800579035192052,0.2215527323534072,0.4220458739359181
mlp-pinn,107.83962767618196,0.2800283193686246,0.22147080267879615,0.4220923962493018
mlp-pinn,108.03867815636299,0.27999871680024957,0.22138884268435938,0.4221389134356395
mlp-pinn,108.23772863654403,0.27994855971816845,0.22130685233641048,0.4221854254966259
mlp-pinn,108.43677911672506,0.27987603916531295,0.22122848316626423,0.42219450999047425
mlp-pinn,108.63582959690609,0.2798017534832215,0.22115071246799306,0.4221051881288058
mlp-pinn,108.83488007708712,0.2797274082141054,0.22107291441096044,0.42201584736169856
mlp-pinn,109.03393055726816,0.2796530032470685,0.2209950889662726,0.421926487677143
mlp-pinn,109.23298103744919,0.27957853847085523,0.2209172361049849,0.42183710906311717
mlp-pinn,109.43203151763022,0.2795052840380604,0.22083595159035357,0.4217477115075861
mlp-pinn,109.63108199781125,0.2794235102912447,0.2207038259904172,0.42170801926898005
mlp-pinn,109.8301324779923,0.27933027304625335,0.22057162124534455,0.4217214660986632
mlp-pinn,110.02918295817332,0.279236979483671,0.22043933721273778,0.4217349124996001
mlp-pinn,110.22823343835435,0.2791436294965137,0.22030697374977148,0.4217483584718319
mlp-pinn,110.42728391853538,0.2790502229774578,0.22017453071319099,0.4217618040153995
mlp-pinn,110.62633439871642,0.2789791422617103,0.22004126889310718,0.4217752491303439
mlp-pinn,110.82538487889745,0.27894206937572286,0.21990595355046735,0.42170582419580166
mlp-pinn,111.02443535907848,0.27892223533294297,0.2197705548925786,0.4215994665017019
mlp-pinn,111.22348583925951,0.27890235704028166,0.21963507276535665,0.4214930819697743
mlp-pinn,111.42253631944055,0.278882434469826,0.21949950701424162,0.42138667057969237
mlp-pinn,111.62158679962158,0.27886478286012073,0.21936385748419615,0.4212802323111036
mlp-pinn,111.82063727980261,0.27886129641061436,0.21927988467233728,0.42117376714363003
mlp-pinn,112.01968775998364,0.27882587486169264,0.21925271290004694,0.42114957758719174
mlp-pinn,112.21873824016468,0.2787851195666671,0.21922553775996828,0.42113422983716026
mlp-pinn,112.41778872034571,0.2787443471650909,0.21919835925084874,0.42111888152777743
mlp-pinn,112.61683920052674,0.2787035576396266,0.219171177371435,0.42110353265898204
mlp-pinn,112.81588968070777,0.27865398930440255,0.2191439921204729,0.42108818323071284
mlp-pinn,113.01494016088881,0.27858915675938256,0.21912427558417188,0.4210821414789663
mlp-pinn,113.21399064106984,0.27853033784203707,0.21910800726077906,0.42115091069918714
mlp-pinn,113.41304112125087,0.2784714793704993,0.21909173772940663,0.4212196686919987
mlp-pinn,113.6120916014319,0.27841258128502927,0.21907546698978547,0.42128841546289836
mlp-pinn,113.81114208161294,0.2783536435257287,0.2190591950416464,0.42135715101737875
mlp-pinn,114.01019256179397,0.278308862650856,0.21904292188472005,0.42142587536092824
mlp-pinn,114.209243041975,0.2782777210569205,0.21894272461189454,0.421446453918722
mlp-pinn,114.40829352215603,0.2782550534554804,0.21883263000846978,0.4213649514859641
mlp-pinn,114.60734400233707,0.2782323642586256,0.21872247998860972,0.42128343328556406
mlp-pinn,114.8063944825181,0.27820965345121607,0.2186122744685479,0.421201899308367
mlp-pinn,115.00544496269913,0.2781869210180784,0.2185020133643067,0.42112034954520916
mlp-pinn,115.20449544288016,0.2781386171791272,0.2183969263633718,0.42103878398691796
mlp-pinn,115.4035459230612,0.27808216188830404,0.21833749190709617,0.4209437278402443
mlp-pinn,115.60259640324223,0.2780241013737712,0.21827804126754147,0.42083664379137864
mlp-pinn,115.80164688342326,0.27796599001352484,0.2182185744314809,0.42072953248748984
mlp-pinn,116.00069736360429,0.2779078277263715,0.21815909138566975,0.4206223939077564
mlp-pinn,116.19974784378533,0.27782197508612716,0.2180995921168452,0.42051522803133046
mlp-pinn,116.39879832396636,0.2777010781333051,0.21800913090956425,0.4204080348373374
mlp-pinn,116.59784880414739,0.27760799584540574,0.21784996048819416,0.4203999118225946
mlp-pinn,116.79689928432842,0.2775148344937392,0.2176906736850984,0.42042755019486805
mlp-pinn,116.99594976450946,0.27742159390100707,0.21753127024461613,0.42045518675034943
mlp-pinn,117.19500024469049,0.27732827388923886,0.2173717499101492,0.4204828214893971
mlp-pinn,117.39405072487152,0.2772887016286282,0.21721211242415714,0.42051045441236906
mlp-pinn,117.59310120505255,0.2772381272329525,0.2171566956128352,0.4205380855196234
mlp-pinn,117.79215168523359,0.2771635019501793,0.21719222548601266,0.42047612686056907
mlp-pinn,117.99120216541462,0.2770888388714906,0.21722774954790738,0.42040865148305145
mlp-pinn,118.19025264559565,0.2770141379379677,0.21726326780136992,0.42034116527403104
mlp-pinn,118.38930312577668,0.27693939909053844,0.21729878024924854,0.42027366822828993
mlp-pinn,118.58835360595772,0.27686462226997693,0.21733428689438902,0.42020616034060615
mlp-pinn,118.78740408613875,0.27681685546408874,0.21729948644712774,0.42013469598430186
mlp-pinn,118.98645456631978,0.2767745986575054,0.21724232926437323,0.4200411533542818
mlp-pinn,119.18550504650081,0.2767323209899112,0.21718515703941474,0.41994758988779646
mlp-pinn,119.38455552668185,0.2766900224387077,0.21712796976036997,0.4198540055709157
mlp-pinn,119.58360600686288,0.2766477029812533,0.21707076741534093,0.4197604003896938
mlp-pinn,119.78265648704391,0.2766076476363171,0.2170135499924139,0.4196667743301698
mlp-pinn,119.98170696722494,0.27658657164194766,0.21683450962823403,0.4196033840735935
mlp-pinn,120.18075744740598,0.276566439510733,0.21665299469713006,0.41959409375288664
mlp-pinn,120.37980792758701,0.276546294532352,0.21647132756268817,0.4195848032264763
mlp-pinn,120.57885840776804,0.2765261366991286,0.21628950784138976,0.4195755124943488
mlp-pinn,120.77790888794907,0.2765059660033743,0.216107535148103,0.41956622155649054
mlp-pinn,120.97695936813011,0.27647682555653774,0.21597282506767404,0.4195569304128877
mlp-pinn,121.17600984831114,0.27644284899106,0.2160223678157682,0.41953003680660594
mlp-pinn,121.37506032849217,0.27640883517022335,0.21607189920429254,0.4194897227889585
mlp-pinn,121.5741108086732,0.2763747840562844,0.21612141924105735,0.41944940489666027
mlp-pinn,121.77316128885424,0.2763406956113953,0.21617092793386392,0.4194090831285937
mlp-pinn,121.97221176903527,0.27630656979760326,0.21622042529050464,0.4193687574836409
mlp-pinn,122.1712622492163,0.27627906418152565,0.2162389319976625,0.4193284279606833
mlp-pinn,122.37031272939733,0.2762292816681231,0.21621493484916976,0.41927730855761225
mlp-pinn,122.56936320957837,0.2761794899466243,0.2161909350369986,0.41922306955559197
mlp-pinn,122.7684136897594,0.27612968901179424,0.21616693256026176,0.41916882353523177
mlp-pinn,122.96746416994043,0.2760798788583931,0.21614292741807162,0.41911457049380635
mlp-pinn,123.16651465012146,0.27603005948117565,0.21611891960953997,0.41906031042858893
mlp-pinn,123.3655651303025,0.27596397319468036,0.21607191395037592,0.41900604333685076
mlp-pinn,123.56461561048353,0.27589787857079423,0.21601249605058026,0.4189542294600778
mlp-pinn,123.76366609066456,0.27583176142590005,0.21595306180238621,0.4189024477707037
mlp-pinn,123.96271657084559,0.2757656217342074,0.21589361119229197,0.4188506596796604
mlp-pinn,124.16176705102663,0.2756994594698749,0.21583414420677702,0.41879886518457315
mlp-pinn,124.36081753120766,0.27563423669726045,0.21577466083230235,0.4187470642830656
mlp-pinn,124.55986801138869,0.2756351080599825,0.21562877156137059,0.41868346870552886
mlp-pinn,124.75891849156972,0.2756532321334626,0.21547058565000624,0.4185705035283085
mlp-pinn,124.95796897175076,0.2756713334892561,0.21531228352244,0.418457507855445
mlp-pinn,125.15701945193179,0.27568941214043857,0.21515386492214944,0.4183444816622277
mlp-pinn,125.35606993211282,0.27570746810005187,0.21499532959166684,0.41823142492391235
mlp-pinn,125.55512041229385,0.275720428079848,0.2148492930279822,0.4181183376157212
mlp-pinn,125.75417089247489,0.2756659251471726,0.21481693514213832,0.4180416897493851
mlp-pinn,125.95322137265592,0.2756066331070281,0.2147845723814901,0.41801958901985214
mlp-pinn,126.15227185283695,0.275547322760123,0.2147522047438337,0.4179974871217901
mlp-pinn,126.35132233301798,0.27548799408747204,0.2147198322269635,0.41797538405501344
mlp-pinn,126.55037281319902,0.2754286470700562,0.2146874548286724,0.41795327981933694
mlp-pinn,126.74942329338005,0.2753542894648576,0.21464142270865208,0.417931174414575
mlp-pinn,126.94847377356108,0.27529742376146343,0.2145664323750171,0.41792586070876175
mlp-pinn,127.1475242537421,0.27524048450449523,0.21449141582331754,0.41793130301465203
mlp-pinn,127.34657473392315,0.2751834715716499,0.2144163730260351,0.41793674524967345
mlp-pinn,127.54562521410418,0.2751263848401699,0.2143413039556034,0.4179421874138288
mlp-pinn,127.7446756942852,0.27506922418684093,0.21426620858440765,0.41794762950712083
mlp-pinn,127.94372617446624,0.2750460537555688,0.2141841826936497,0.4179530715295524
mlp-pinn,128.14277665464726,0.27501834996445707,0.21409632716676463,0.41782219900025314
mlp-pinn,128.3418271348283,0.27499064121454503,0.21400843557310986,0.41766096305861716
mlp-pinn,128.54087761500932,0.274962927503021,0.21392050786823014,0.4174996648486032
mlp-pinn,128.73992809519038,0.27493520882707045,0.21383254400757876,0.41733830429801244
mlp-pinn,128.9389785753714,0.2749074851838764,0.21374454394651737,0.4171768813345065
mlp-pinn,129.13802905555244,0.2748469780953853,0.21371226414328884,0.4170175979183732
mlp-pinn,129.33707953573347,0.27478322513471987,0.2136984677730048,0.4169356876737819
mlp-pinn,129.5361300159145,0.2747194442030806,0.21368467051196977,0.4168537613341265
mlp-pinn,129.73518049609552,0.27465563526257375,0.2136708723600112,0.4167718188899153
mlp-pinn,129.93423097627658,0.27459179827521996,0.21365707331695646,0.41668986033164745
mlp-pinn,130.1332814564576,0.2745307297086238,0.21364327338263292,0.4166078856498126
mlp-pinn,130.33233193663864,0.27449924123123715,0.21363820102091857,0.416538890092796
mlp-pinn,130.53138241681967,0.274471419911136,0.21363351340825057,0.41651196202468327
mlp-pinn,130.7304328970007,0.2744435849223953,0.2136288256927233,0.4164850322155215
mlp-pinn,130.92948337718173,0.2744157362542072,0.21362413787432993,0.416458100664973
mlp-pinn,131.12853385736275,0.2743878738957468,0.21361944995306373,0.4164311673726999
mlp-pinn,131.32758433754378,0.2743583095213069,0.2135782425929215,0.4164042323383642
mlp-pinn,131.52663481772484,0.27436209205420947,0.21336267883217297,0.4163252821981845
mlp-pinn,131.72568529790587,0.27436710360619393,0.21314689706350684,0.4161812206688663
mlp-pinn,131.9247357780869,0.27437208079823805,0.21293089662414275,0.41603710925524096
mlp-pinn,132.12378625826793,0.274377023635577,0.2127146768479353,0.415892947905452
mlp-pinn,132.32283673844896,0.2743819321233807,0.2124982370653501,0.4157487365675531
mlp-pinn,132.52188721862998,0.2743818375475733,0.21239369789949455,0.415604475189508
mlp-pinn,132.720937698811,0.274340680943187,0.21248408222367599,0.41550565102102616
mlp-pinn,132.91998817899204,0.2742995137751163,0.21257442811743382,0.4154310221522987
mlp-pinn,133.1190386591731,0.2742583360346291,0.212664735629747,0.41535637987468144
mlp-pinn,133.31808913935413,0.27421714771298145,0.21275500480949047,0.415281724180944
mlp-pinn,133.51713961953516,0.2741759488014168,0.21284523570543565,0.41520705506384953
mlp-pinn,133.7161900997162,0.2741429438428985,0.2128242099808445,0.4151323725161548
mlp-pinn,133.91524057989722,0.274122317175239,0.21271977942301076,0.41505310337439666
mlp-pinn,134.11429106007824,0.27410167813345454,0.21261529757187775,0.41497306873609807
mlp-pinn,134.31334154025927,0.2740810267097651,0.21251076435178967,0.4148930186587756
mlp-pinn,134.5123920204403,0.2740603628963787,0.21240617968690467,0.41481295313349115
mlp-pinn,134.71144250062136,0.27403947856216404,0.21230154350119407,0.4147328721512977
mlp-pinn,134.9104929808024,0.27400149638835647,0.2123484391033873,0.4146531068474521
mlp-pinn,135.10954346098342,0.273960927281135,0.21243808682917523,0.414577911510703
mlp-pinn,135.30859394116445,0.2739203382804018,0.2125276967400611,0.4145027025326953
mlp-pinn,135.50764442134547,0.2738797293648003,0.21261726888385757,0.4144274799060022
mlp-pinn,135.7066949015265,0.2738391005129338,0.21270680330827643,0.41435224362319023
mlp-pinn,135.90574538170753,0.2737947674294149,0.2127960434583583,0.4142769936768193
mlp-pinn,136.10479586188856,0.27373665942269554,0.21265816951506544,0.4142070444311789
mlp-pinn,136.30384634206962,0.27367812644557366,0.21252020612512373,0.4141511413227223
mlp-pinn,136.50289682225065,0.27361956002926346,0.2123821531142197,0.41409523066731213
mlp-pinn,136.70194730243168,0.2735609601250548,0.21224401030747284,0.414039312461891
mlp-pinn,136.9009977826127,0.273502326684117,0.21210577752943324,0.4139833867033994
mlp-pinn,137.10004826279373,0.2734642741003347,0.21200669088282376,0.41392745338877596
mlp-pinn,137.29909874297476,0.27346026996426537,0.21205392536722908,0.41386852510338895
mlp-pinn,137.4981492231558,0.2734562597982395,0.21210114933261331,0.4138063761554402
mlp-pinn,137.69719970333682,0.27345224360140735,0.21214836278600102,0.4137442178720337
mlp-pinn,137.89625018351788,0.2734482213729169,0.21219556573440898,0.41368205024896126
mlp-pinn,138.0953006636989,0.27344419311191415,0.2122427581848461,0.41361987328201155
mlp-pinn,138.29435114387994,0.27341601224010703,0.21223258877449366,0.41355768696697026
mlp-pinn,138.49340162406097,0.2733614073642988,0.2121427920068032,0.4135255791612496
mlp-pinn,138.692452104242,0.27330678388183416,0.2120529572134286,0.41350697282678095
mlp-pinn,138.89150258442302,0.2732521417722241,0.21196308434602146,0.4134883656550562
mlp-pinn,139.09055306460405,0.2731974810149417,0.21187317335613073,0.4134697576459622
mlp-pinn,139.28960354478508,0.2731428015894217,0.2117832241952026,0.41345114879938605
mlp-pinn,139.48865402496614,0.27309813651683046,0.21173717700405129,0.41343253911521444
mlp-pinn,139.68770450514717,0.27306910047520006,0.21171722262885845,0.4132589292359383
mlp-pinn,139.8867549853282,0.2730400387076352,0.21169726637278588,0.41306753257668033
mlp-pinn,140.08580546550922,0.273010951190934,0.2116773082353017,0.412876047191817
mlp-pinn,140.28485594569025,0.2729818379018414,0.21165734821587362,0.4126844729578423
mlp-pinn,140.48390642587128,0.2729534268727396,0.2116373863139692,0.4124928097509636
mlp-pinn,140.6829569060523,0.2729286157036471,0.21166060588539146,0.41231509215045775
mlp-pinn,140.88200738623334,0.2729027538640322,0.21169223720908892,0.41225931701303037
mlp-pinn,141.0810578664144,0.2728768720071576,0.2117238638070998,0.4122035343286859
mlp-pinn,141.28010834659543,0.27285097011692505,0.21175548568154146,0.4121477440943599
mlp-pinn,141.47915882677646,0.27282504817720377,0.21178710283452973,0.4120919463069859
mlp-pinn,141.67820930695748,0.272794998418693,0.21181118531526444,0.4120361409634956
mlp-pinn,141.8772597871385,0.27276170636926433,0.21169216529918147,0.41197194359301054
mlp-pinn,142.07631026731954,0.27272909463116957,0.21157307832863478,0.4118889568146305
mlp-pinn,142.27536074750057,0.27269645086644034,0.21145392429050186,0.41180595331282727
mlp-pinn,142.4744112276816,0.27266377504245626,0.21133470307134122,0.4117229330774864
mlp-pinn,142.67346170786266,0.2726310671265136,0.2112154145573912,0.4116398960984835
mlp-pinn,142.8725121880437,0.2726104270300161,0.2111278166209639,0.4115568423656837
mlp-pinn,143.07156266822471,0.27256355343763483,0.21112136521732794,0.41145438353747427
mlp-pinn,143.27061314840574,0.27251667076558395,0.21111491361654527,0.4113336139713797
mlp-pinn,143.46966362858677,0.2724697790081192,0.2111084618185978,0.4112128089363329
mlp-pinn,143.6687141087678,0.27242287815948985,0.2111020098234675,0.41109196840106477
mlp-pinn,143.86776458894883,0.27237596821393906,0.21109555763113627,0.41097109233426027
mlp-pinn,144.06681506912986,0.2723330329787337,0.21104650641215222,0.41085018070455825
mlp-pinn,144.26586554931092,0.2723313813963673,0.2109547071508068,0.4107677926064522
mlp-pinn,144.46491602949195,0.27232969187838574,0.2108628679246081,0.410700354004583
mlp-pinn,144.66396650967297,0.2723279644210713,0.21077098868131441,0.4106329043272133
mlp-pinn,144.863016989854,0.27232619902062677,0.21067906936857025,0.41056544356888436
mlp-pinn,145.06206747003503,0.27232439567317507,0.2105871099339057,0.41049797172413316
mlp-pinn,145.26111795021606,0.27230727016548917,0.21053784540504886,0.41043048878749216
mlp-pinn,145.4601684303971,0.2722670756481236,0.21050605785779572,0.4103343519315083
mlp-pinn,145.65921891057812,0.2722268673697711,0.2104742655097269,0.41023587737976314
mlp-pinn,145.85826939075918,0.27218664531722936,0.2104424683586666,0.41013737918414267
mlp-pinn,146.0573198709402,0.27214640947727486,0.2104106664024373,0.41003885732760786
mlp-pinn,146.25637035112123,0.27210582562063856,0.21037885963885997,0.4099403117930993
mlp-pinn,146.45542083130226,0.2720704724867585,0.21039390295160607,0.4098448121809685
mlp-pinn,146.6544713114833,0.2720376180545096,0.2104120879195261,0.4097695685936796
mlp-pinn,146.85352179166432,0.2720047478202432,0.21043027131593717,0.4096943111873134
mlp-pinn,147.05257227184535,0.2719718617693234,0.2104484531412466,0.40961903995425325
mlp-pinn,147.25162275202638,0.2719389598870895,0.21046663339586164,0.4095437548868754
mlp-pinn,147.45067323220744,0.27191370799489145,0.21047011716781566,0.409468455977549
mlp-pinn,147.64972371238846,0.2718864431144846,0.21039997257555873,0.40939808816874085
mlp-pinn,147.8487741925695,0.2718583008207277,0.21032980459021416,0.40933739203925573
mlp-pinn,148.04782467275052,0.2718301531737748,0.21025961318836173,0.4092766869084759
mlp-pinn,148.24687515293155,0.27180200017041495,0.21018939834654196,0.4092159727723954
mlp-pinn,148.44592563311258,0.271773841807434,0.21011916004125641,0.4091552496270054
mlp-pinn,148.6449761132936,0.27172554130357107,0.21006483903127737,0.40909451746829406
mlp-pinn,148.84402659347464,0.2716748965664961,0.21003619274647534,0.4090364630179763
mlp-pinn,149.0430770736557,0.2716242237431063,0.21000754255414875,0.40898066721177695
mlp-pinn,149.24212755383672,0.2715735227961078,0.20997888845269816,0.40892486379251164
mlp-pinn,149.44117803401775,0.27152279368812127,0.20995023044052305,0.40886905275706326
mlp-pinn,149.64022851419878,0.2714720363816819,0.2099215685160217,0.40881323410231246
mlp-pinn,149.8392789943798,0.271443773200412,0.20988569072236607,0.40875740782513786
mlp-pinn,150.03832947456084,0.2714319246277258,0.20984484400514167,0.40868279083959574
mlp-pinn,150.23737995474187,0.2714200545142642,0.2098039893354742,0.408601854456185
mlp-pinn,150.4364304349229,0.2714081628508025,0.2097631267087171,0.40852090203761426
mlp-pinn,150.63548091510395,0.2713962496280869,0.20972225612021925,0.40843993357434905
mlp-pinn,150.83453139528498,0.2713862655232113,0.20968137756532498,0.40835894905684544
mlp-pinn,151.033581875466,0.271388675444069,0.20966408240618942,0.4082779484755501
mlp-pinn,151.23263235564704,0.27138433718190436,0.20965267574379498,0.4081843834588081
mlp-pinn,151.43168283582807,0.2713799939873917,0.20964126846075964,0.40809019298978166
mlp-pinn,151.6307333160091,0.2713756458597241,0.20962986055698205,0.40799598077582483
mlp-pinn,151.82978379619013,0.27137129279809313,0.20961845203236093,0.4079017468018704
mlp-pinn,152.02883427637116,0.27136657851128054,0.20960682418424664,0.40780749105283387
mlp-pinn,152.2278847565522,0.2713375414603536,0.20956057561575003,0.40770833107808735
mlp-pinn,152.42693523673324,0.2713020302338302,0.2095143168382612,0.4075838239153063
mlp-pinn,152.62598571691427,0.2712665140993963,0.20946804784501644,0.407459278706925
mlp-pinn,152.8250361970953,0.271230993054919,0.2094217686292447,0.4073346954180453
mlp-pinn,153.02408667727633,0.27119546709826364,0.20937547918416738,0.4072100740137158
mlp-pinn,153.22313715745736,0.27113907056977704,0.20933769065358296,0.4070854144589315
mlp-pinn,153.4221876376384,0.2711052096029165,0.20932924749304785,0.40698168585369915
mlp-pinn,153.62123811781942,0.271071507003537,0.20932080399194955,0.4069139109135735
mlp-pinn,153.82028859800047,0.2710377699630995,0.20931236015024685,0.4068461246830798
mlp-pinn,154.0193390781815,0.27100399844443934,0.20930391596789852,0.40677832715657386
mlp-pinn,154.21838955836253,0.2709701924102935,0.20929547144486335,0.40671051832840666
mlp-pinn,154.41744003854356,0.2709438011091164,0.2092778236854309,0.4066426981929243
mlp-pinn,154.6164905187246,0.27091639208206064,0.20924856536229702,0.40653589546161417
mlp-pinn,154.81554099890562,0.2708889601057838,0.209219302947526,0.4064002080915958
mlp-pinn,155.01459147908665,0.2708615051600727,0.20919003643940082,0.4062644754036566
mlp-pinn,155.2136419592677,0.27083402722467065,0.2091607658362032,0.40612869735235924
mlp-pinn,155.41269243944873,0.2708065262792771,0.20913149113621363,0.4059928738921905
mlp-pinn,155.61174291962976,0.2707900398440543,0.20906768351708108,0.40585700497756105
mlp-pinn,155.8107933998108,0.27076051115082844,0.20898564094138217,0.4057870823595669
mlp-pinn,156.00984387999182,0.27073097662276085,0.20890356614515282,0.40573554858251
mlp-pinn,156.20889436017285,0.27070143625618237,0.20882145909040134,0.40568400825915074
mlp-pinn,156.40794484035388,0.2706718900474201,0.20873931973906137,0.4056324613869939
mlp-pinn,156.6069953205349,0.270641650671358,0.20865714805299151,0.4055809079635424
mlp-pinn,156.80604580071596,0.2706376640616268,0.2086779649496831,0.4055293479862978
mlp-pinn,157.005096280897,0.27064837380538787,0.2087148031428235,0.4054971082994683
mlp-pinn,157.20414676107802,0.27065906322389965,0.2087516348351647,0.4054650440785616
mlp-pinn,157.40319724125905,0.2706697323232567,0.20878846003014712,0.4054329773218122
mlp-pinn,157.60224772144008,0.27068038110952963,0.20882527873120804,0.4054009080286184
mlp-pinn,157.8012982016211,0.27068848050970395,0.20885441307289535,0.4053688361983781
mlp-pinn,158.00034868180214,0.27063975669735096,0.20878232028093163,0.4053187557127359
mlp-pinn,158.19939916198317,0.2705851289643959,0.2087102025866379,0.40519537359894375
mlp-pinn,158.39844964216422,0.27053048825173537,0.20863805996419094,0.4050719539038153
mlp-pinn,158.59750012234525,0.27047583454910695,0.208565892387723,0.4049484965929887
mlp-pinn,158.79655060252628,0.2704211678462338,0.20849369983132143,0.4048250016320495
mlp-pinn,158.9956010827073,0.27035476436347433,0.2084351641455306,0.4047014689865308
mlp-pinn,159.19465156288834,0.27029374147322,0.20841287770417627,0.4046004640710376
mlp-pinn,159.39370204306937,0.2702326911882237,0.20839058887938677,0.4045331027069346
mlp-pinn,159.5927525232504,0.27017161347082647,0.20836829767039722,0.4044657301241968
mlp-pinn,159.79180300343143,0.2701105082832828,0.20834600407644233,0.4043983463172172
mlp-pinn,159.99085348361248,0.27004937558776065,0.20832370809675643,0.404330951280384
mlp-pinn,160.1899039637935,0.27003273451221455,0.20827403013833704,0.40426354500808076
mlp-pinn,160.38895444397454,0.2700438817639837,0.2081947090004779,0.40424874563561053
mlp-pinn,160.58800492415557,0.27005501974258,0.20811535763014324,0.40426789287439124
mlp-pinn,160.7870554043366,0.27006614845099847,0.20803597599273826,0.40428703920634906
mlp-pinn,160.98610588451763,0.27007726789222875,0.2079565640536021,0.4043061846316129
mlp-pinn,161.18515636469866,0.270089330533063,0.20787712177800777,0.40432532915031133
mlp-pinn,161.38420684487969,0.27010291921812934,0.20787510372419582,0.4043444727625733
mlp-pinn,161.58325732506074,0.2701044371065912,0.20790647912078392,0.40419044194973414
mlp-pinn,161.78230780524177,0.2701059548090422,0.2079378497831906,0.4039963084654385
mlp-pinn,161.9813582854228,0.27010747232549037,0.20796921571355823,0.4038020816487726
mlp-pinn,162.18040876560383,0.27010898965594393,0.20800057691402757,0.40360776136499454
mlp-pinn,162.37945924578486,0.27010123226632654,0.2080319333867377,0.4034133474790376
mlp-pinn,162.5785097259659,0.27007475051982943,0.2080129020787524,0.4032215296300271
mlp-pinn,162.77756020614692,0.2700500658915086,0.20798934991103143,0.4031629334592796
mlp-pinn,162.97661068632794,0.27002537036258073,0.20796579507602278,0.40310432877085833
mlp-pinn,163.175661166509,0.2700006639249741,0.20794223757282004,0.4030457155610477
mlp-pinn,163.37471164669003,0.26997594657060564,0.20791867740051628,0.4029870938261294
mlp-pinn,163.57376212687106,0.2699395923924431,0.20789351221186753,0.4029284635623827
mlp-pinn,163.7728126070521,0.2698935667864234,0.20785842875829766,0.4028737868871128
mlp-pinn,163.97186308723312,0.2698476023255336,0.20782333938215575,0.40283284975161376
mlp-pinn,164.17091356741415,0.2698016092580129,0.20778824408044136,0.40279190845553203
mlp-pinn,164.36996404759518,0.2697555875466664,0.2077531428501515,0.40275096299759866
mlp-pinn,164.5690145277762,0.2697095371542127,0.20771803568828068,0.4027100133765444
mlp-pinn,164.76806500795726,0.2696902109711696,0.20768791232822814,0.40266905959109894
mlp-pinn,164.9671154881383,0.26968972379845924,0.2076681405502662,0.4026031968552696
mlp-pinn,165.16616596831932,0.26968922722419236,0.20764836688968316,0.40250450354365774
mlp-pinn,165.36521644850035,0.26968872124780574,0.2076285913459411,0.4024057860267045
mlp-pinn,165.56426692868138,0.26968820586873105,0.2076088139185019,0.4023070442865913
mlp-pinn,165.7633174088624,0.2696876810863951,0.20758903460682718,0.402208278305478
mlp-pinn,165.96236788904343,0.2696654600567062,0.20755828613778823,0.4021094880655023
mlp-pinn,166.16141836922446,0.2696166036431328,0.2075184799640613,0.40204284773208915
mlp-pinn,166.36046884940552,0.2695677377104879,0.20747866615325308,0.40199434765888936
mlp-pinn,166.55951932958655,0.2695188622528632,0.20743884470096624,0.40194584173351544
mlp-pinn,166.75856980976758,0.2694699772643437,0.20739901560279916,0.4018973299538483
mlp-pinn,166.9576202899486,0.2694160599964422,0.20735917885434602,0.40184881231776787
mlp-pinn,167.15667077012964,0.2693597704691041,0.20730905673930192,0.4018002888231526
mlp-pinn,167.35572125031067,0.2693197170057725,0.2072554748763064,0.4017492626424786
mlp-pinn,167.5547717304917,0.2692796293941221,0.207201879157182,0.4016977740824967
mlp-pinn,167.75382221067272,0.2692395075914862,0.20714826957117366,0.401646278922001
mlp-pinn,167.95287269085378,0.2691993515550885,0.2070946461075124,0.4015947771584525
mlp-pinn,168.1519231710348,0.26918203503408056,0.20704100875541537,0.40154326878931046
mlp-pinn,168.35097365121584,0.26920841287187275,0.20701278808945023,0.40148995241304397
mlp-pinn,168.55002413139687,0.26923595128255884,0.20698539472856683,0.4014033291002054
mlp-pinn,168.7490746115779,0.2692634837062694,0.20695799774184526,0.40131668708991813
mlp-pinn,168.94812509175893,0.269291010146699,0.20693059712784528,0.40123002637006955
mlp-pinn,169.14717557193995,0.26931853060753813,0.2069031928851259,0.401143346928534
mlp-pinn,169.34622605212098,0.2693203802489758,0.2068794049812817,0.4010566487531726
mlp-pinn,169.54527653230204,0.26926282846922467,0.20687305454283675,0.40097431733752337
mlp-pinn,169.74432701248307,0.26920526073875095,0.2068667039094447,0.4009047029803802
mlp-pinn,169.9433774926641,0.2691476770425284,0.20686035308108755,0.40083507653308104
mlp-pinn,170.14242797284513,0.26909007736550594,0.20685400205774737,0.40076543798932435
mlp-pinn,170.34147845302616,0.26903246169260775,0.2068476508394062,0.40069578734280326
mlp-pinn,170.54052893320718,0.2689958953643665,0.2068499162005311,0.4006261245872054
mlp-pinn,170.7395794133882,0.26898170495688484,0.20686665994352538,0.40060812391989453
mlp-pinn,170.93862989356924,0.2689675091528434,0.20688340233139438,0.4006496437267201
mlp-pinn,171.1376803737503,0.26895330794975714,0.2069001433644671,0.4006911592312437
mlp-pinn,171.33673085393133,0.26893910134513865,0.20691688304307232,0.40073267043480254
mlp-pinn,171.53578133411236,0.26892504167887693,0.2069336213675388,0.400774177338733
mlp-pinn,171.7348318142934,0.26891709725216306,0.2069082148655124,0.40081567994437095
mlp-pinn,171.93388229447442,0.2689052756275944,0.2068510598100845,0.4007346185142373
mlp-pinn,172.13293277465544,0.2688934521455696,0.20679388895776704,0.40059340912798114
mlp-pinn,172.33198325483647,0.26888162680546557,0.20673670229545457,0.40045214994778694
mlp-pinn,172.5310337350175,0.26886979960665935,0.20667949981002356,0.4003108409209418
mlp-pinn,172.73008421519856,0.26886000792031195,0.20662228148833237,0.4001694819946398
mlp-pinn,172.9291346953796,0.26886564133315705,0.20660159537658496,0.4000280731159816
mlp-pinn,173.12818517556062,0.26887600110507964,0.20659069941801583,0.39995417688113355
mlp-pinn,173.32723565574165,0.268886358541208,0.2065798028847443,0.39988970228138615
mlp-pinn,173.52628613592267,0.2688967136422161,0.2065689057766794,0.3998252172846608
mlp-pinn,173.7253366161037,0.26890706640877715,0.20655800809373018,0.39976072188592615
mlp-pinn,173.92438709628473,0.26889340620880076,0.20654717701732217,0.39969621608014677
mlp-pinn,174.12343757646576,0.2688255032507819,0.20656524154122363,0.39963250166672126
mlp-pinn,174.32248805664682,0.2687533288113322,0.20658330448548617,0.3995775908437437
mlp-pinn,174.52153853682785,0.2686811255112766,0.20660136585052416,0.399522672473764
mlp-pinn,174.72058901700888,0.26860889331157084,0.2066194256367517,0.3994677465536695
mlp-pinn,174.9196394971899,0.26853663217308016,0.20663748384458278,0.39941281308034554
mlp-pinn,175.11868997737093,0.26849900853034536,0.20664537540743738,0.39935787205067497
mlp-pinn,175.31774045755196,0.26850431720873913,0.2066161971678195,0.3993032244081241
mlp-pinn,175.516790937733,0.2685096231529347,0.20658701480708275,0.399249308517052
mlp-pinn,175.71584141791402,0.2685149263633345,0.20655782832348032,0.39919538534402366
mlp-pinn,175.91489189809508,0.2685202268403404,0.20652863771526436,0.39914145488608793
mlp-pinn,176.1139423782761,0.2685255245843535,0.20649944298068573,0.39908751714029134
mlp-pinn,176.31299285845714,0.26851258840566505,0.20646972756554802,0.39903357210367874
mlp-pinn,176.51204333863816,0.2684930032294124,0.20643928560225486,0.3989795748526103
mlp-pinn,176.7110938188192,0.2684734106240293,0.20640883914926478,0.3989255245790561
mlp-pinn,176.91014429900022,0.2684538105850107,0.2063783882045908,0.3988714669812577
mlp-pinn,177.10919477918125,0.26843420310784594,0.20634793276624436,0.3988174020562367
mlp-pinn,177.30824525936228,0.26841482912130665,0.20631747283223548,0.3987633298010129
mlp-pinn,177.50729573954334,0.2684018463297091,0.20632264759547037,0.39870925021260395
mlp-pinn,177.70634621972437,0.2683935222818026,0.2063504958643839,0.3986833252433092
mlp-pinn,177.9053966999054,0.2683851898843236,0.20637834037550934,0.39866939252149197
mlp-pinn,178.10444718008642,0.2683768491345866,0.20640618113036746,0.3986554593127362
mlp-pinn,178.30349766026745,0.26836850002990154,0.20643401813047801,0.39864152561699073
mlp-pinn,178.50254814044848,0.26835961699185207,0.20646185137735978,0.3986275914342045
mlp-pinn,178.7015986206295,0.2683470885246507,0.2064039178747514,0.3986136567643265
mlp-pinn,178.90064910081054,0.26829758747959753,0.2063283261199959,0.39851369774924733
mlp-pinn,179.0996995809916,0.26824709609136793,0.20625270666081366,0.3984048688811166
mlp-pinn,179.29875006117263,0.2681965948466053,0.20617705946672127,0.3982960102770062
mlp-pinn,179.49780054135366,0.2681460837393401,0.20610138450717932,0.39818712191252775
mlp-pinn,179.69685102153468,0.2681028891802197,0.20602918860365624,0.39807820376326
mlp-pinn,179.8959015017157,0.2680684842464775,0.206060452499351,0.3979797272840295
mlp-pinn,180.09495198189674,0.2680488087330084,0.20609171165234574,0.3979630024979026
mlp-pinn,180.29400246207777,0.26802913118564586,0.20612296606479819,0.39794627700887064
mlp-pinn,180.49305294225883,0.26800945160367406,0.2061542157388645,0.3979295508168449
mlp-pinn,180.69210342243986,0.2679897699863768,0.20618546067669907,0.39791282392173677
mlp-pinn,180.89115390262089,0.26796201799392827,0.20619835782552673,0.3978960963234576
mlp-pinn,181.09020438280191,0.26794014891317053,0.2061518227367949,0.39785907599668036
mlp-pinn,181.28925486298294,0.26793224531383486,0.20610527714122667,0.3977788478180955
mlp-pinn,181.48830534316397,0.2679243340134381,0.206058721031702,0.3976986034549919
mlp-pinn,181.687355823345,0.26791641500960794,0.20601215440109288,0.39761834289757086
mlp-pinn,181.88640630352603,0.26790848829996783,0.20596557724226316,0.3975380661360237
mlp-pinn,182.0854567837071,0.26789857314987087,0.2059286181812202,0.39745777316053194
mlp-pinn,182.28450726388812,0.26787851730577983,0.20590398426521164,0.3974039988049501
mlp-pinn,182.48355774406915,0.2678512045083342,0.20587934740170097,0.39737405687209565
mlp-pinn,182.68260822425017,0.2678238854892042,0.20585470758962987,0.3973441126829618
mlp-pinn,182.8816587044312,0.267796560244265,0.20583006482793947,0.3973141662370384
mlp-pinn,183.08070918461223,0.2677713167832419,0.20580541911557024,0.3972842175338151
mlp-pinn,183.27975966479326,0.267753722180347,0.20577480385708277,0.3972542665727814
mlp-pinn,183.4788101449743,0.26772116622006975,0.20574085905013031,0.39721037249304514
mlp-pinn,183.67786062515535,0.2676846797301591,0.20570690864176217,0.39716142182081593
mlp-pinn,183.87691110533638,0.26764818824868064,0.2056729526292045,0.3971124651146077
mlp-pinn,184.0759615855174,0.267611691773578,0.20563899100968108,0.39706350237218846
mlp-pinn,184.27501206569843,0.267578745945635,0.2056050237804135,0.397014533591325
mlp-pinn,184.47406254587946,0.2675504089519334,0.205633682587539,0.3969655587697826
mlp-pinn,184.6731130260605,0.2675486844886736,0.20567396587707984,0.39690998359763463
mlp-pinn,184.87216350624152,0.26754695867371703,0.20571424127828308,0.3968539674251795
mlp-pinn,185.07121398642255,0.2675452315069571,0.20575450879578103,0.39679794334489216
mlp-pinn,185.2702644666036,0.2675435029882868,0.20579476843420147,0.3967419113534226
mlp-pinn,185.46931494678464,0.2675369364603471,0.2058295603121144,0.3966858714474186
mlp-pinn,185.66836542696566,0.26752266209724285,0.2057559514694082,0.39663506982204866
mlp-pinn,185.8674159071467,0.2674888011933414,0.20568231628383757,0.3966153809262969
mlp-pinn,186.06646638732772,0.26745493596641123,0.20560865472709974,0.3965956910530947
mlp-pinn,186.26551686750875,0.26742106641478247,0.2055349667708413,0.3965760002022966
mlp-pinn,186.46456734768978,0.26738719253678406,0.20546125238665797,0.3965563083737568
mlp-pinn,186.6636178278708,0.26732124480274033,0.2053992871971264,0.3965366155673298
mlp-pinn,186.86266830805187,0.26725936002205175,0.2053726474025324,0.39649285658989375
mlp-pinn,187.0617187882329,0.26723304397365255,0.2053460041519244,0.39640496812208526
mlp-pinn,187.26076926841392,0.26720672122525563,0.2053193574439571,0.3963170601638653
mlp-pinn,187.45981974859495,0.2671803917722947,0.20529270727728416,0.3962291327022614
mlp-pinn,187.65887022877598,0.2671540556101982,0.20526605365055844,0.3961411857242865
mlp-pinn,187.857920708957,0.26714071336952516,0.20526478094954204,0.3960532192169395
mlp-pinn,188.05697118913804,0.26713007732379,0.2052942288006407,0.3959953083384655
mlp-pinn,188.25602166931907,0.2671209998305196,0.20532367242828126,0.3959609746582157
mlp-pinn,188.45507214950013,0.2671119199857864,0.20535311183428043,0.3959266380006426
mlp-pinn,188.65412262968115,0.2671028377888781,0.20538254702045355,0.3958922983649716
mlp-pinn,188.85317310986218,0.26709338647543945,0.20541197798861474,0.39585795575042754
mlp-pinn,189.0522235900432,0.26708242787274217,0.20543785585241897,0.3958236101562352
mlp-pinn,189.25127407022424,0.2670534015059836,0.2054618613007359,0.39579703132570854
mlp-pinn,189.45032455040527,0.2670207770522436,0.2054858639446675,0.395772792217776
mlp-pinn,189.6493750305863,0.2669881485260053,0.20550986378519637,0.39574855162522815
mlp-pinn,189.84842551076733,0.26695551592571176,0.20553386082330455,0.3957243095477922
mlp-pinn,190.04747599094839,0.26692909034041734,0.20555785505997354,0.3957000659851952
mlp-pinn,190.2465264711294,0.26691215145604835,0.2055202208627763,0.3956758209371642
mlp-pinn,190.44557695131044,0.2668967673394854,0.2054717155128626,0.3956136713746368
mlp-pinn,190.64462743149147,0.2668813819515442,0.2054231987096714,0.39555056193083304
mlp-pinn,190.8436779116725,0.2668659952918763,0.20537467044508564,0.395487442416414
mlp-pinn,191.04272839185353,0.2668506073601332,0.20532613071097877,0.3954243128265572
mlp-pinn,191.24177887203456,0.26683234049967686,0.20528073557330584,0.39536117315643626
mlp-pinn,191.4408293522156,0.2668179135413013,0.20529179785545487,0.39530824856783736
mlp-pinn,191.63987983239664,0.2668205900385632,0.20530285954153776,0.39530084810172295
mlp-pinn,191.83893031257767,0.26682326547281415,0.20531392063165083,0.3952934474970611
mlp-pinn,192.0379807927587,0.2668259398441283,0.2053249811258904,0.395286046753844
mlp-pinn,192.23703127293973,0.2668286131525795,0.20533604102435277,0.3952786458720639
mlp-pinn,192.43608175312076,0.2668355267900743,0.20533743865833146,0.395271244851713
mlp-pinn,192.6351322333018,0.26683547005064134,0.20531021722429402,0.39521784699138346
mlp-pinn,192.83418271348282,0.26682601877518675,0.20528299218057386,0.3950930552466952
mlp-pinn,193.03323319366385,0.2668165670518734,0.20525576352573466,0.3949682240735724
mlp-pinn,193.2322836738449,0.26680711488063036,0.20522853125833906,0.39484335343461874
mlp-pinn,193.43133415402593,0.2667976622613866,0.20520129537694884,0.3947184432923787
mlp-pinn,193.63038463420696,0.2667523973973217,0.2051777620858998,0.3945934936093376
mlp-pinn,193.829435114388,0.2667083409563977,0.20515870669835296,0.39452523248430277
mlp-pinn,194.02848559456902,0.26666488226450147,0.20513964954075437,0.3944947523757247
mlp-pinn,194.22753607475005,0.2666214121435907,0.20512059061261068,0.3944642699119599
mlp-pinn,194.42658655493108,0.2665779305836453,0.20510152991342834,0.39443378509246224
mlp-pinn,194.6256370351121,0.2665405798794773,0.2050824674427135,0.3944032979166856
mlp-pinn,194.82468751529316,0.2665275414594009,0.20508958868198543,0.3943728083840835
mlp-pinn,195.0237379954742,0.2665156037326052,0.20511047055674395,0.3943147017469969
mlp-pinn,195.22278847565522,0.26650381933676015,0.20513135030577823,0.39425000140643107
mlp-pinn,195.42183895583625,0.26649203438232283,0.20515222792973725,0.39418529044615386
mlp-pinn,195.62088943601728,0.26648024886920885,0.20517310342926978,0.3941205688609343
mlp-pinn,195.8199399161983,0.26647338813335253,0.2051939768050242,0.3940558366455371
mlp-pinn,196.01899039637934,0.2664730353930582,0.20519051171562033,0.39399245403032024
mlp-pinn,196.21804087656037,0.2664644784743446,0.2051829673905588,0.3940220616281936
mlp-pinn,196.41709135674142,0.2664559200459763,0.2051754227880915,0.3940516670014606
mlp-pinn,196.61614183692245,0.2664473601075964,0.20516787790818788,0.3940812701506226
mlp-pinn,196.81519231710348,0.2664387986588481,0.2051603327508173,0.3941108710761808
mlp-pinn,197.0142427972845,0.2664194650513143,0.20514975928050722,0.3941404697786362
mlp-pinn,197.21329327746554,0.26639916034447325,0.20508882786659763,0.3941637494068646
mlp-pinn,197.41234375764657,0.2663936415630603,0.20502787834472602,0.3941648388837227
mlp-pinn,197.6113942378276,0.2663881211390024,0.20496691069873849,0.39416592835756953
mlp-pinn,197.81044471800863,0.2663825990719708,0.20490592491245707,0.394167017828405
mlp-pinn,198.00949519818968,0.26637707536163624,0.20484492096967977,0.39416810729622925
mlp-pinn,198.2085456783707,0.2663668768554568,0.20479346850007196,0.3941691967610423
mlp-pinn,198.40759615855174,0.2663412073752953,0.20476946447889224,0.39413466319977775
mlp-pinn,198.60664663873277,0.26630074852372776,0.20474545764352056,0.39405226683718714
mlp-pinn,198.8056971189138,0.26626028351691833,0.20472144799296685,0.3939698532419063
mlp-pinn,199.00474759909483,0.2662198123520537,0.2046974355262405,0.3938874224031184
mlp-pinn,199.20379807927586,0.26617945689102207,0.20467342024235036,0.3938049743099954
mlp-pinn,199.40284855945688,0.2661479092720318,0.20469747755570783,0.3937225089516976
mlp-pinn,199.60189903963794,0.26613980409552984,0.2047812038482417,0.393672920438259
mlp-pinn,199.80094951981897,0.2661418106710046,0.20486489592265614,0.393642286508989
mlp-pinn,200.0,0.26614381557650735,0.2049485538208707,0.3936116501955476
mlp-vpinn,1.186931848526001,0.8518345447981057,0.7682127913114488,0.8935055912058487
mlp-vpinn,1.3859439287577067,0.8457658826355654,0.7457531471355879,0.8755989300589219
mlp-vpinn,1.5849560089894124,0.8376953934807091,0.7224752752733515,0.8767259801997561
mlp-vpinn,1.7839680892211183,0.8324603744114822,0.6984220001546173,0.8823281122093123
mlp-vpinn,1.9829801694528237,0.819818396644766,0.6735102502699178,0.8878948985282403
mlp-vpinn,2.1819922496845297,0.8057041565964798,0.6476409685445467,0.8934269998551083
mlp-vpinn,2.3810043299162356,0.7912905158208307,0.6209634529067484,0.8988955964130488
mlp-vpinn,2.580016410147941,0.7692068571046503,0.6067691822117786,0.8983272987793433
mlp-vpinn,2.7790284903796465,0.7463661608462857,0.5922348107955404,0.8977586414029175
mlp-vpinn,2.9780405706113524,0.7227603298857972,0.5773346531727578,0.8971896235997343
mlp-vpinn,3.1770526508430583,0.6983020246520756,0.5620396181677831,0.896620244683586
mlp-vpinn,3.376064731074764,0.6728849778872461,0.546316541051309,0.8960505039660847
mlp-vpinn,3.5750768113064697,0.6464022782289238,0.5304885736079952,0.8953930719929705
mlp-vpinn,3.774088891538175,0.6299843033545167,0.5214902939451289,0.8914409542542266
mlp-vpinn,3.973100971769881,0.6131254070053687,0.5123339990956178,0.8874712369820014
mlp-vpinn,4.1721130520015866,0.5957878976658488,0.5030110600967339,0.883483682938763
mlp-vpinn,4.371125132233292,0.5779283640979058,0.49351203281173567,0.8794780495087516
mlp-vpinn,4.570137212464998,0.5594963753582249,0.4838265458615341,0.8754540885257179
mlp-vpinn,4.769149292696704,0.5415840626379342,0.47476796980912556,0.8711464816895437
mlp-vpinn,4.96816137292841,0.5352210033160429,0.47569197284221865,0.8611680364963037
mlp-vpinn,5.167173453160116,0.5287433621274618,0.4766141845312259,0.851072606541726
mlp-vpinn,5.366185533391821,0.5221440497484253,0.47753461525444285,0.8408559782320373
mlp-vpinn,5.565197613623527,0.5154152009128765,0.47845327529033815,0.8305136787864393
mlp-vpinn,5.764209693855232,0.5085480496969383,0.4793701748188924,0.8200409533518516
mlp-vpinn,5.963221774086938,0.5016816000550369,0.48045773893502564,0.8093086931996571
mlp-vpinn,6.162233854318644,0.4998609961938791,0.48300556933997785,0.7966427229837103
mlp-vpinn,6.361245934550349,0.4967000531750604,0.4855400304035859,0.7837720939643514
mlp-vpinn,6.560258014782056,0.4967436018005831,0.48806133040345867,0.770686552673412
mlp-vpinn,6.759270095013761,0.49757644522926936,0.4853007232469872,0.7573749597563888
mlp-vpinn,6.958282175245467,0.49862806154962325,0.4802176653807565,0.7438251789636832
mlp-vpinn,7.157294255477172,0.49886798543932737,0.475802655509661,0.7300331415986906
mlp-vpinn,7.3563063357088785,0.4998699686714059,0.4777169765920888,0.7160783945824982
mlp-vpinn,7.555318415940584,0.5008692764971588,0.47962365710891225,0.7066114346166779
mlp-vpinn,7.754330496172289,0.5018659328839639,0.4815227878229322,0.6982925900822271
mlp-vpinn,7.953342576403996,0.5033499547689633,0.4826705025896275,0.6898734399847923
mlp-vpinn,8.152354656635701,0.505114351649488,0.48225562163770136,0.6813502660373418
mlp-vpinn,8.351366736867407,0.5068155523999313,0.48191948092881914,0.6724998212120645
mlp-vpinn,8.550378817099112,0.5079779307104211,0.483133782064802,0.662486463256156
mlp-vpinn,8.74939089733082,0.5088974829300428,0.48434503883675395,0.6523194144474328
mlp-vpinn,8.948402977562523,0.5094606521781236,0.4855532740280038,0.6419913729423731
mlp-vpinn,9.14741505779423,0.5100229864281984,0.486758510139115,0.6314944397220174
mlp-vpinn,9.346427138025936,0.5105844898441951,0.48796076939277405,0.6208200478940867
mlp-vpinn,9.545439218257641,0.5115276780440233,0.48916328503629347,0.6104969650310291
mlp-vpinn,9.744451298489347,0.5123314860221054,0.4904131625087965,0.6020988050644095
mlp-vpinn,9.943463378721052,0.5131339892891593,0.49165986260448435,0.59358183749832
mlp-vpinn,10.142475458952758,0.513935194382299,0.4929034094329655,0.5849408727006297
mlp-vpinn,10.341487539184463,0.5148158172404158,0.4941438268004801,0.5761703318495898
mlp-vpinn,10.54049961941617,0.5148547718701288,0.4953811382152171,0.5672642048036862
mlp-vpinn,10.739511699647876,0.5156980960542423,0.49657037733091314,0.5585913520966385
mlp-vpinn,10.938523779879581,0.5162030143652158,0.4971771933424862,0.5510179060041038
mlp-vpinn,11.137535860111287,0.5167071491516663,0.49440278845480495,0.5433389060587731
mlp-vpinn,11.336547940342992,0.5172105043969351,0.4905576767179572,0.5355498118169224
mlp-vpinn,11.535560020574698,0.5177130840502904,0.48668218699881854,0.5276457476727524
mlp-vpinn,11.734572100806403,0.5181570353502629,0.4827755877185447,0.5231447066172134
mlp-vpinn,11.93358418103811,0.5149297276925537,0.4793824652425651,0.523639866367119
mlp-vpinn,12.132596261269816,0.515322461532262,0.4788611412437549,0.5235447818021699
mlp-vpinn,12.331608341501521,0.5157147466369456,0.47833924907381753,0.5234496799651226
mlp-vpinn,12.530620421733227,0.5161065847124129,0.47781678687100976,0.5233778192539311
mlp-vpinn,12.729632501964932,0.5164979774534744,0.4772937527633985,0.524290488701485
mlp-vpinn,12.928644582196638,0.5168889265440431,0.47677014486878316,0.5252015721593789
mlp-vpinn,13.127656662428343,0.5172657640025157,0.47657206202297664,0.5260811887926244
mlp-vpinn,13.32666874266005,0.5177109881532536,0.47787918214906216,0.5268775666100166
mlp-vpinn,13.525680822891756,0.5181558275184803,0.4786891302377535,0.5276727425140738
mlp-vpinn,13.724692903123461,0.518350575463316,0.4780635984085228,0.5284667219302986
mlp-vpinn,13.923704983355167,0.5184916504498006,0.47743724701664597,0.5292595102434978
mlp-vpinn,14.122717063586872,0.5186324688212786,0.47681007283232,0.530051112798208
mlp-vpinn,14.321729143818578,0.5187315874258867,0.47688112736309485,0.5307598999915227
mlp-vpinn,14.520741224050283,0.5186742862098779,0.47846454321296794,0.5312724473197704
mlp-vpinn,14.71975330428199,0.5186168984533722,0.48004273621094595,0.5317845006421916
mlp-vpinn,14.918765384513696,0.5185594240738602,0.4816157577008768,0.5322960613844443
mlp-vpinn,15.117777464745402,0.5185018629885547,0.4831836581908451,0.5328071309653419
mlp-vpinn,15.316789544977107,0.518236175007555,0.4847464873720955,0.5333177107969
mlp-vpinn,15.515801625208812,0.5179275333487815,0.4862336249587357,0.53400008396783
mlp-vpinn,15.714813705440518,0.5178759781748439,0.48758034933656974,0.53504122613301
mlp-vpinn,15.913825785672223,0.5178244031164512,0.4889233642175738,0.5360803462599427
mlp-vpinn,16.11283786590393,0.5177728081588912,0.4902627000868915,0.5371174560842771
mlp-vpinn,16.311849946135638,0.5177211932874315,0.49159838701438835,0.5381525672285794
mlp-vpinn,16.51086202636734,0.5176695584873199,0.49293045466252877,0.5391856912038523
mlp-vpinn,16.709874106599045,0.5175841010052069,0.4940255139285836,0.5399666959271638
mlp-vpinn,16.908886186830753,0.5172677259994092,0.4947170371511533,0.5402797249669207
mlp-vpinn,17.10789826706246,0.5173841599493187,0.495407595100065,0.5405925727478733
mlp-vpinn,17.306910347294163,0.5175834046364387,0.4960971918062471,0.5409052395845301
mlp-vpinn,17.50592242752587,0.5177822715300996,0.49678583127265086,0.541217725790491
mlp-vpinn,17.704934507757574,0.5179807617597991,0.49747351747452156,0.5415300316784512
mlp-vpinn,17.90394658798928,0.5180956611847601,0.4982426024126772,0.5418699496505617
mlp-vpinn,18.102958668220985,0.5179529518975203,0.4991376760741798,0.5422557878819251
mlp-vpinn,18.301970748452693,0.5178099692063193,0.5000311475243404,0.5426413517679909
mlp-vpinn,18.5009828286844,0.5176667124945618,0.5009230253365126,0.5430266418931373
mlp-vpinn,18.699994908916103,0.5175231811423904,0.5018133180078624,0.5434116588396708
mlp-vpinn,18.89900698914781,0.5173793745266658,0.5027020339603132,0.5437964031878363
mlp-vpinn,19.098019069379514,0.51741112388403,0.5034593010558667,0.5441968705385696
mlp-vpinn,19.29703114961122,0.5177195076411827,0.5040352291150888,0.5446209147915716
mlp-vpinn,19.496043229842925,0.5179409733692064,0.5046104998496744,0.545044629138609
mlp-vpinn,19.695055310074633,0.5181335948507364,0.5051851155051745,0.5454680143484854
mlp-vpinn,19.89406739030634,0.5183261037932643,0.505220334292439,0.5458910711870226
mlp-vpinn,20.093079470538044,0.5185185004135604,0.504710756294365,0.5463138004170777
mlp-vpinn,20.29209155076975,0.5185099714631856,0.504301034439625,0.5469331301967907
mlp-vpinn,20.491103631001454,0.5182003753704302,0.5041432954302733,0.5478143926603538
mlp-vpinn,20.69011571123316,0.5178905925748615,0.5039855070512599,0.5486942397226392
mlp-vpinn,20.889127791464865,0.5175806227353941,0.5038276692562005,0.549572678181674
mlp-vpinn,21.088139871696573,0.5172704655098943,0.5036697819986375,0.5504497147812418
mlp-vpinn,21.28715195192828,0.5170179319180015,0.5035118452320412,0.5513253562114871
mlp-vpinn,21.486164032159984,0.5170267960420488,0.5031112074431991,0.551915031668576
mlp-vpinn,21.68517611239169,0.5169301805603583,0.5021489232466404,0.5521672237393699
mlp-vpinn,21.884188192623395,0.5170295631126833,0.5011847914497876,0.5524193006787157
mlp-vpinn,22.083200272855102,0.51712884056748,0.5002188013693344,0.5526712626441503
mlp-vpinn,22.282212353086805,0.5172280130847908,0.4992509422186204,0.5529231097928513
mlp-vpinn,22.481224433318513,0.5173270808241475,0.4982812031062248,0.5531748422816384
mlp-vpinn,22.68023651355022,0.5172294110238691,0.4973786418145304,0.5534109292619952
mlp-vpinn,22.879248593781924,0.5169312133030248,0.49662147596627815,0.5536303563278111
mlp-vpinn,23.07826067401363,0.5166327775774028,0.49586315395336866,0.5538496964598727
mlp-vpinn,23.277272754245335,0.5163341032052015,0.495103670463308,0.5540689497614238
mlp-vpinn,23.476284834477042,0.5160351895416373,0.49434302014279263,0.554288116335504
mlp-vpinn,23.675296914708746,0.5157360359389253,0.49358119759726987,0.5545071962849493
mlp-vpinn,23.874308994940453,0.5157796098324001,0.49276461104960834,0.5545215821604653
mlp-vpinn,24.07332107517216,0.5157665705918177,0.49184201295277935,0.5543391546767109
mlp-vpinn,24.272333155403864,0.5157535096644166,0.4909176809894019,0.5541566671381255
mlp-vpinn,24.47134523563557,0.5157404270452142,0.48999160534705327,0.5539741194853601
mlp-vpinn,24.670357315867275,0.5157273227292134,0.4890637761204081,0.553791511658968
mlp-vpinn,24.869369396098982,0.5157141967114025,0.48813418331000225,0.5536088435994043
mlp-vpinn,25.068381476330686,0.5156574609448425,0.48729765305895045,0.5535673207837468
mlp-vpinn,25.267393556562393,0.5155327127990776,0.48663129545058437,0.5536470890904356
mlp-vpinn,25.4664056367941,0.5154079344211349,0.48596402412839845,0.5537268459059302
mlp-vpinn,25.665417717025804,0.5152831257889958,0.4852958353233823,0.5538065912351955
mlp-vpinn,25.86442979725751,0.5151582868806153,0.48462672524054223,0.5538863250831925
mlp-vpinn,26.063441877489215,0.5150334176739211,0.48395669005865055,0.5539660474548789
mlp-vpinn,26.262453957720922,0.5149086146711437,0.483163586366607,0.5541645287493857
mlp-vpinn,26.461466037952626,0.514831096961429,0.4821671694726183,0.5544534650256978
mlp-vpinn,26.660478118184333,0.5147535455514456,0.4811686891765003,0.5547422508102088
mlp-vpinn,26.85949019841604,0.5146759604061462,0.48016813260609714,0.5550308863378239
mlp-vpinn,27.058502278647744,0.514598341490421,0.4791654867548595,0.5553193718428382
mlp-vpinn,27.25751435887945,0.5145206887690973,0.4781607384798718,0.5556077075589378
mlp-vpinn,27.456526439111155,0.5145919676910513,0.4770992433442121,0.5557196892340343
mlp-vpinn,27.655538519342862,0.5146680688164424,0.4759515394190439,0.5557113615027817
mlp-vpinn,27.854550599574566,0.5143302129228028,0.47480106123627785,0.5557030336467301
mlp-vpinn,28.053562679806273,0.5139917867073054,0.4736477885801153,0.5556947056658742
mlp-vpinn,28.25257476003798,0.5136527876672503,0.47249170098804016,0.5556863775602081
mlp-vpinn,28.451586840269684,0.5133132132812884,0.4713327777465827,0.5556780493297263
mlp-vpinn,28.65059892050139,0.5130157294421894,0.47017575753811724,0.5555588923132397
mlp-vpinn,28.849611000733095,0.5129626170147571,0.46902273991751187,0.5553721658785944
mlp-vpinn,29.048623080964802,0.5129093931560814,0.46786688079294253,0.5551853766419356
mlp-vpinn,29.247635161196506,0.5128560577650616,0.4667081590524265,0.554998524539854
mlp-vpinn,29.446647241428213,0.5128026107401635,0.4655465533212469,0.554811609508833
mlp-vpinn,29.64565932165992,0.512749051979418,0.46438204195735233,0.5546246314852495
mlp-vpinn,29.844671401891624,0.5126442338682917,0.46314071673511703,0.5545110793011369
mlp-vpinn,30.04368348212333,0.5123100749705689,0.4617944021614422,0.5544374977324235
mlp-vpinn,30.242695562355035,0.5119756756524432,0.4604441510513188,0.554363906397116
mlp-vpinn,30.441707642586742,0.5116410353547343,0.4590899286709474,0.5542903052913244
mlp-vpinn,30.640719722818446,0.5113644471588978,0.4577316997727178,0.5542166944111563
mlp-vpinn,30.839731803050153,0.5112397211993098,0.45636942858450474,0.5541430737527162
mlp-vpinn,31.03874388328186,0.5110508324194917,0.4549371587282519,0.5539500180453649
mlp-vpinn,31.237755963513564,0.51083127779736,0.4534153928926826,0.553698775098013
mlp-vpinn,31.43676804374527,0.5106116285471035,0.4518885024343027,0.5534474180964437
mlp-vpinn,31.635780123976975,0.5103918845459741,0.4503564352294834,0.5531959468851879
mlp-vpinn,31.834792204208682,0.510172045670958,0.44881913826495734,0.5529443613084226
mlp-vpinn,32.033804284440386,0.5099521117987742,0.4472765576164147,0.5526926612099706
mlp-vpinn,32.23281636467209,0.5097075151257018,0.4455082642007771,0.552298495998679
mlp-vpinn,32.4318284449038,0.5095878613357206,0.44346909687550734,0.5518430367644511
mlp-vpinn,32.630840525135504,0.5094680315051938,0.44142050960050205,0.5513872013099506
mlp-vpinn,32.82985260536721,0.5093480252986207,0.4393623706103605,0.5509309887013331
mlp-vpinn,33.02886468559892,0.5092278423790805,0.43729454503886106,0.5504743980008852
mlp-vpinn,33.22787676583062,0.5091074824082249,0.4352168948158301,0.5500174282670008
mlp-vpinn,33.426888846062326,0.5089842248693691,0.4334246885708624,0.5498066914363691
mlp-vpinn,33.62590092629403,0.5087666270483848,0.4319503847865945,0.549689744996756
mlp-vpinn,33.82491300652574,0.5085489140030158,0.4304710317452557,0.5495727736715044
mlp-vpinn,34.023925086757444,0.5083310855281069,0.4289865772100135,0.5494557774447206
mlp-vpinn,34.22293716698915,0.5081131414178641,0.4274969680370854,0.5493387563004947
mlp-vpinn,34.42194924722086,0.5078950814658518,0.42600215015353937,0.549221710222899
mlp-vpinn,34.62096132745256,0.507802784714669,0.4243828107054727,0.549027654949498
mlp-vpinn,34.819973407684266,0.5078548277517089,0.4226343690976405,0.5488076737408918
mlp-vpinn,35.01898548791597,0.5079068306925782,0.4208786640622737,0.5485876043207987
mlp-vpinn,35.21799756814768,0.5079587935704679,0.4191156043183406,0.5483674465830163
mlp-vpinn,35.417009648379384,0.5080107164184998,0.41734509665672537,0.5481472004211289
mlp-vpinn,35.61602172861109,0.5080625992697285,0.4155670458827252,0.5479268657285069
mlp-vpinn,35.8150338088428,0.5079526941409085,0.4140729411652671,0.5476496806908204
mlp-vpinn,36.0140458890745,0.5075134071937335,0.4128519956034378,0.5473558960465762
mlp-vpinn,36.213057969306206,0.5070736699044418,0.41162742855916123,0.547061953633355
mlp-vpinn,36.41207004953791,0.506633480737652,0.4103992076146269,0.546767853196707
mlp-vpinn,36.61108212976962,0.5061928381487988,0.40916729986547057,0.5464735944814978
mlp-vpinn,36.810094210001324,0.5057517405840536,0.4079316719104883,0.5461791772319055
mlp-vpinn,37.00910629023303,0.505289228905854,0.4066003112701071,0.5459228392973687
mlp-vpinn,37.20811837046474,0.5052333760562742,0.40518217666133755,0.5456758758405782
mlp-vpinn,37.40713045069644,0.505177501386947,0.40375906112815696,0.5454288005617816
mlp-vpinn,37.606142530928146,0.5051216048801104,0.40233091181533914,0.5451816133089461
mlp-vpinn,37.80515461115985,0.5050656865179763,0.40089767492620065,0.5449343139296944
mlp-vpinn,38.00416669139156,0.5050097462827305,0.39945929569895483,0.5446869022713031
mlp-vpinn,38.203178771623264,0.5048513450559556,0.39817821763845773,0.5442548653711261
mlp-vpinn,38.40219085185497,0.5046721275930836,0.3970292146696919,0.5437835735472633
mlp-vpinn,38.60120293208668,0.504492766922938,0.39587687681995964,0.5433118729049836
mlp-vpinn,38.80021501231838,0.5043132627209816,0.3947211748819903,0.5428397623785589
mlp-vpinn,38.999227092550086,0.5041336146614455,0.39356207921967284,0.5423672408976223
mlp-vpinn,39.19823917278179,0.5039538224173229,0.392399559759189,0.5418943073871405
mlp-vpinn,39.3972512530135,0.5038841779923833,0.39136025975832067,0.5415403441673676
mlp-vpinn,39.596263333245204,0.5037710549198295,0.39041680157479147,0.5412070195265142
mlp-vpinn,39.79527541347691,0.5036579039388406,0.38947105795640313,0.5408734894673933
mlp-vpinn,39.99428749370862,0.503544725027241,0.38852301221352353,0.5405397536097564
mlp-vpinn,40.19329957394032,0.5034315181628245,0.3875726474523965,0.5402058115721803
mlp-vpinn,40.392311654172026,0.503318283323354,0.3866199465716293,0.539871662972062
mlp-vpinn,40.59132373440373,0.5030655282839699,0.3857325630679583,0.5393913812134485
mlp-vpinn,40.79033581463544,0.5027786103415137,0.38489214967071894,0.5388904090435825
mlp-vpinn,40.989347894867144,0.5024915142355153,0.384049897207795,0.5383889707181674
mlp-vpinn,41.18835997509885,0.5022042396110121,0.38320579355287493,0.5383237458905875
mlp-vpinn,41.38737205533056,0.501916786111807,0.38235982644579614,0.5384778629971788
mlp-vpinn,41.58638413556226,0.5016291533804609,0.38151198349046667,0.5386319360067162
mlp-vpinn,41.785396215793966,0.501395400381113,0.38071614087924577,0.5386572394821094
mlp-vpinn,41.98440829602567,0.5012898186887034,0.37995455790835936,0.5384211229942507
mlp-vpinn,42.18342037625738,0.5011840810974139,0.37919144534744964,0.5381849029156183
mlp-vpinn,42.382432456489084,0.5010781873338617,0.3784267939430808,0.537948579109748
mlp-vpinn,42.58144453672079,0.5009721371235524,0.3776605943481396,0.537712151439876
mlp-vpinn,42.7804566169525,0.5008659301908748,0.3768928371205018,0.5374756197689377
mlp-vpinn,42.9794686971842,0.5007950190790742,0.376277451119049,0.5373197525158018
mlp-vpinn,43.178480777415906,0.5006350419797312,0.3757559096082893,0.5373215951939416
mlp-vpinn,43.37749285764761,0.5004750076444173,0.375233643201749,0.5373234378657622
mlp-vpinn,43.57650493787932,0.5003149160064322,0.37471064886837957,0.5373252805312637
mlp-vpinn,43.775517018111024,0.5001547669989393,0.37418692355595035,0.537327123190446
mlp-vpinn,43.97452909834273,0.49999456055496505,0.37366246419084054,0.5373289658433094
mlp-vpinn,44.17354117857444,0.499674889133185,0.3730759992837542,0.5372574619489716
mlp-vpinn,44.37255325880614,0.4992355772461884,0.372453435124374,0.5370489227925396
mlp-vpinn,44.571565339037846,0.4987958784342464,0.37182982859141467,0.5368403026277028
mlp-vpinn,44.77057741926955,0.4983557916731901,0.3712051744314663,0.5366316013599832
mlp-vpinn,44.96958949950126,0.49791531593432475,0.3705794673468429,0.5364228188947189
mlp-vpinn,45.168601579732965,0.4974755962634303,0.3699527019950582,0.5362139551370635
mlp-vpinn,45.36761365996467,0.49715144125412547,0.36933330729306874,0.5359765941196403
mlp-vpinn,45.56662574019638,0.49698171308125383,0.3687173541466169,0.5356880984813718
mlp-vpinn,45.76563782042808,0.4968118681780771,0.36810037030914144,0.5353994473895971
mlp-vpinn,45.964649900659786,0.49664190630219984,0.3674823505892119,0.5351106405927508
mlp-vpinn,46.16366198089149,0.49647182721038624,0.3668632897516701,0.5348216778385879
mlp-vpinn,46.3626740611232,0.4962996226167926,0.3662431825171128,0.5345325588741817
mlp-vpinn,46.561686141354905,0.49609688381656825,0.36571622295630946,0.5344821095617464
mlp-vpinn,46.76069822158661,0.4959042819697244,0.36523467149739514,0.5348437475017949
mlp-vpinn,46.95971030181832,0.49571150330988745,0.3647524842878952,0.5352051410832604
mlp-vpinn,47.15872238205002,0.49551854738720436,0.36426965880316237,0.5355662908008137
mlp-vpinn,47.35773446228173,0.49532541374990147,0.3637861925017955,0.5359271971474585
mlp-vpinn,47.55674654251343,0.49513279978710956,0.36330208282548354,0.5362878606145397
mlp-vpinn,47.75575862274514,0.49489241911378523,0.3628640260810402,0.5364687422953435
mlp-vpinn,47.954770702976845,0.4945380865849916,0.36244706943157695,0.5363517890111277
mlp-vpinn,48.15378278320855,0.49418349451709365,0.36202963256525694,0.5362348102192982
mlp-vpinn,48.35279486344026,0.49382864232728085,0.36161171381902374,0.536117805903158
mlp-vpinn,48.55180694367196,0.49347352943051764,0.3611933115201998,0.5360007760459921
mlp-vpinn,48.75081902390367,0.4931059780104517,0.3607744239864082,0.5358837206310667
mlp-vpinn,48.94983110413537,0.4926830060910778,0.36028654920799214,0.5357634574711393
mlp-vpinn,49.14884318436708,0.49234146136627155,0.35976897362015153,0.5356380842149908
mlp-vpinn,49.347855264598785,0.49199951407140274,0.359250652357364,0.5355126816066842
mlp-vpinn,49.54686734483049,0.4916571626617898,0.3587315821874148,0.535387249625594
mlp-vpinn,49.7458794250622,0.4913144055827652,0.35821175985467063,0.5352617882510711
mlp-vpinn,49.9448915052939,0.4909626767773251,0.35769118207984185,0.5351362974624415
mlp-vpinn,50.14390358552561,0.49058281684231164,0.35733014434197674,0.5350131873354194
mlp-vpinn,50.34291566575731,0.49024698858675464,0.3570306700007307,0.5348937499927047
mlp-vpinn,50.54192774598902,0.48991057523538406,0.3567309442519437,0.534774285974664
mlp-vpinn,50.740939826220725,0.4895735740679307,0.3564309664613838,0.5346547952634161
mlp-vpinn,50.93995190645243,0.4892359823427569,0.3561307359921477,0.5345352778410598
mlp-vpinn,51.13896398668414,0.4889059255693076,0.3558302522046453,0.534415733689674
mlp-vpinn,51.33797606691584,0.4885234753276485,0.3554378671657868,0.5342411793222743
mlp-vpinn,51.53698814714755,0.4879740384398325,0.35501289604000924,0.533985167880692
mlp-vpinn,51.73600022737925,0.48742395080651135,0.3545874155889705,0.5337290336392495
mlp-vpinn,51.93501230761096,0.48687321000699496,0.3541614239769998,0.5334727764210686
mlp-vpinn,52.134024387842665,0.48632181360501114,0.3537349193573729,0.5332163960488461
mlp-vpinn,52.33303646807437,0.48578776011083213,0.35330789987221906,0.532959892344852
mlp-vpinn,52.53204854830608,0.4853575488054245,0.35290841435777365,0.5328176959995717
mlp-vpinn,52.73106062853778,0.4849871500956554,0.35251744478284086,0.5328388316999041
mlp-vpinn,52.93007270876949,0.48461643564978285,0.35212604111018037,0.5328599665618966
mlp-vpinn,53.12908478900119,0.484273802884245,0.35173420189062304,0.5328811005856487
mlp-vpinn,53.3280968692329,0.4839313600589168,0.3513419256669189,0.5329022337712603
mlp-vpinn,53.527108949464605,0.48358964023556694,0.35094921097367343,0.5329233661188312
mlp-vpinn,53.72612102969631,0.48330661841270917,0.3505600490969298,0.5329047009195108
mlp-vpinn,53.92513310992802,0.48311552360647325,0.35017161256892704,0.5328312053604146
mlp-vpinn,54.12414519015972,0.4829242411948806,0.3497827446793275,0.5327576996623806
mlp-vpinn,54.32315727039143,0.4827327706774802,0.34939344398784095,0.5326841838212117
mlp-vpinn,54.52216935062313,0.48254111155157514,0.3490037090461439,0.5326106578327076
mlp-vpinn,54.72118143085484,0.4823200435145153,0.3486135383978172,0.5325371216926652
mlp-vpinn,54.920193511086545,0.48189976293822073,0.3482301755437276,0.5324430728844515
mlp-vpinn,55.11920559131825,0.4813588139250714,0.3478482601284258,0.53232201557595
mlp-vpinn,55.31821767154996,0.4808171644567377,0.34746592493297906,0.5322009307310978
mlp-vpinn,55.51722975178166,0.48027481153107987,0.34708316857014015,0.5320798183310953
mlp-vpinn,55.71624183201337,0.4797979459845112,0.34669998964500415,0.5319586783571221
mlp-vpinn,55.91525391224507,0.47930289644401014,0.34631638675494936,0.5318375107903359
mlp-vpinn,56.11426599247678,0.47882599937065506,0.3459815653866655,0.5317384960827706
mlp-vpinn,56.313278072708485,0.4784186189310419,0.34565775667361914,0.5316679153706302
mlp-vpinn,56.51229015294019,0.4780108891399241,0.3453336443352577,0.5315973252874179
mlp-vpinn,56.7113022331719,0.4776028090914283,0.34500922751587626,0.5315267258293996
mlp-vpinn,56.9103143134036,0.4771943778757354,0.34468450535574274,0.5314561169928397
mlp-vpinn,57.10932639363531,0.47674527164301395,0.3443594769910717,0.5313854987739992
mlp-vpinn,57.30833847386701,0.47619860669357317,0.3441104579040365,0.5312823426562866
mlp-vpinn,57.50735055409872,0.4757019583493781,0.3438768732833771,0.5311391937147277
mlp-vpinn,57.706362634330425,0.4752046109342939,0.3436431298882286,0.5309960061822596
mlp-vpinn,57.90537471456213,0.4747065610896143,0.3434092273943787,0.5308527800276546
mlp-vpinn,58.10438679479384,0.4742078054285586,0.3431751654765103,0.530709515219643
mlp-vpinn,58.30339887502554,0.4737666075250908,0.3429409438081962,0.5305662117269132
mlp-vpinn,58.50241095525725,0.47349575863672466,0.3427389143948916,0.530363225403722
mlp-vpinn,58.70142303548895,0.4732342204323951,0.3425426598154788,0.5300888323188656
mlp-vpinn,58.90043511572066,0.47297252421093827,0.34234629273052875,0.5298142971246789
mlp-vpinn,59.099447195952365,0.4727106696647816,0.34214981294633334,0.5295396196001358
mlp-vpinn,59.29845927618407,0.47244865648530365,0.3419532202686282,0.529264799523637
mlp-vpinn,59.49747135641578,0.47211133847233255,0.34175651450258987,0.5289898366730073
mlp-vpinn,59.69648343664748,0.47157983734409215,0.34141601183025516,0.5287887968661346
mlp-vpinn,59.89549551687919,0.4710367368878927,0.34105199723405094,0.5286728257902137
mlp-vpinn,60.09450759711089,0.47049276709537236,0.3406875936992617,0.5285568292689871
mlp-vpinn,60.2935196773426,0.46994792321159595,0.34032279997650955,0.5284408072856984
mlp-vpinn,60.492531757574305,0.46940220043652714,0.3399576148097134,0.5283247598235732
mlp-vpinn,60.69154383780601,0.4688849834699088,0.33959203693603834,0.528208686865818
mlp-vpinn,60.89055591803772,0.46840202550936894,0.33934667612717534,0.5280773563157278
mlp-vpinn,61.08956799826942,0.4678778577009564,0.3391175675454678,0.5279292447902842
mlp-vpinn,61.28858007850113,0.4673530345320771,0.3388883040728137,0.5277810917002159
mlp-vpinn,61.48759215873283,0.4668275533284376,0.3386588853946412,0.5276328970105101
mlp-vpinn,61.68660423896454,0.4663014113965276,0.3384293111953124,0.527484660686105
mlp-vpinn,61.885616319196245,0.46575591643885633,0.33819958115811805,0.5273363826918896
mlp-vpinn,62.08462839942795,0.46519559862856696,0.33796447295225424,0.5271812043298671
mlp-vpinn,62.28364047965966,0.4646639085548686,0.33772860233158564,0.5270187533217663
mlp-vpinn,62.48265255989136,0.46413142846309796,0.33749256686303136,0.5268562522234774
mlp-vpinn,62.68166464012307,0.4635981543452731,0.3372563662004753,0.5266937009886373
mlp-vpinn,62.88067672035477,0.4630640821577953,0.3370199999965884,0.5265310995708115
mlp-vpinn,63.07968880058648,0.46253993499624424,0.336783467902823,0.5263684479234935
mlp-vpinn,63.278700880818185,0.4620771278905387,0.33656689819075086,0.5261837110725521
mlp-vpinn,63.47771296104989,0.4616681517194332,0.33635209283706713,0.5259766293017684
mlp-vpinn,63.6767250412816,0.46125853639078906,0.3361371502140262,0.5257694659688947
mlp-vpinn,63.8757371215133,0.4608482786503332,0.33592207005812913,0.5255622209774821
mlp-vpinn,64.074749201745,0.46043737521587214,0.3357068521050328,0.525354894230891
mlp-vpinn,64.2737612819767,0.46001675866808545,0.3354914960895465,0.5251474856322913
mlp-vpinn,64.47277336220841,0.4594685519924435,0.33528200782299894,0.5250211589165413
mlp-vpinn,64.67178544244013,0.4587824149611481,0.33507283846748553,0.5249736445752073
mlp-vpinn,64.87079752267184,0.45809519945559063,0.33486353845632966,0.5249261259330537
mlp-vpinn,65.06980960290355,0.45740690014927066,0.3346541075443866,0.5248786029889122
mlp-vpinn,65.26882168313524,0.4567175116701088,0.33444454548574426,0.5248310757416144
mlp-vpinn,65.46783376336695,0.45603234934037734,0.33423485203371917,0.524783544189991
mlp-vpinn,65.66684584359865,0.455433413788396,0.3340553271645505,0.5245784032626905
mlp-vpinn,65.86585792383036,0.4549392688545707,0.3338774150636754,0.5242264976723017
mlp-vpinn,66.06487000406206,0.45444433320795596,0.3336994081088378,0.5238743556940934
mlp-vpinn,66.26388208429377,0.4539486025287129,0.3335213061481614,0.5235219768510536
mlp-vpinn,66.46289416452548,0.4534520724563516,0.3333431090293641,0.5231693606645642
mlp-vpinn,66.66190624475718,0.45306261181555796,0.33316481659975655,0.5228165066543927
mlp-vpinn,66.86091832498889,0.45268762970407905,0.3329758875113668,0.52276693998455
mlp-vpinn,67.0599304052206,0.4522240746155116,0.33278645593125705,0.522991824829677
mlp-vpinn,67.2589424854523,0.4517600421793362,0.3325969164598352,0.5232166130165794
mlp-vpinn,67.457954565684,0.4512955309126824,0.33240726891254146,0.5234413046697848
mlp-vpinn,67.65696664591572,0.4508305393249599,0.33221751310428943,0.5236658999135535
mlp-vpinn,67.85597872614741,0.45033550661954397,0.3320276488494638,0.5238903988718797
mlp-vpinn,68.05499080637912,0.4498024702467859,0.33187059822633624,0.5238607909697623
mlp-vpinn,68.25400288661083,0.44925313452914595,0.3317141484410146,0.5236107868231323
mlp-vpinn,68.45301496684253,0.4487031262743878,0.3315576248328315,0.5233606632520392
mlp-vpinn,68.65202704707424,0.44815244300633844,0.3314010272971854,0.5231104200851758
mlp-vpinn,68.85103912730594,0.4476010822335929,0.33124435572922745,0.522860057150825
mlp-vpinn,69.05005120753765,0.4470887697268241,0.33108761002386083,0.5226095742768578
mlp-vpinn,69.24906328776936,0.4466870761018761,0.3308107753954628,0.522428667694939
mlp-vpinn,69.44807536800106,0.4463727875208408,0.33053353738877683,0.522306519294591
mlp-vpinn,69.64708744823277,0.4460582595757824,0.3302560666509073,0.5221843423215149
mlp-vpinn,69.84609952846448,0.4457434916825933,0.3299783625947603,0.52206213675565
mlp-vpinn,70.04511160869617,0.44542848325467244,0.3297004246307695,0.5219399025769127
mlp-vpinn,70.24412368892789,0.4450798818194789,0.3294258624108772,0.5218176397651952
mlp-vpinn,70.4431357691596,0.4446376659470791,0.3293676641729296,0.5216711015156791
mlp-vpinn,70.64214784939129,0.444121063950345,0.32930945564971753,0.5215046989717562
mlp-vpinn,70.841159929623,0.4436038601090405,0.329251236835786,0.5213382433148965
mlp-vpinn,71.04017200985471,0.4430860523139738,0.3291930077256751,0.5211717344942092
mlp-vpinn,71.23918409008641,0.4425676384435998,0.32913476831392025,0.521005172458722
mlp-vpinn,71.43819617031812,0.4420806839669636,0.3290723881858119,0.5208385571573815
mlp-vpinn,71.63720825054982,0.44159810188999926,0.3288981645002292,0.5207357581532929
mlp-vpinn,71.83622033078153,0.44110282093632064,0.3287238484760817,0.5206835469084369
mlp-vpinn,72.03523241101324,0.4406069733500815,0.32854943996639535,0.5206313304276031
mlp-vpinn,72.23424449124494,0.4401105571496229,0.32837493882380575,0.520579108709216
mlp-vpinn,72.43325657147665,0.4396135703415339,0.32820034490055655,0.5205268817516991
mlp-vpinn,72.63226865170836,0.4390985127129407,0.3280252095472637,0.5204746495534754
mlp-vpinn,72.83128073194005,0.43860963514123497,0.3278417854267459,0.5203506642929119
mlp-vpinn,73.03029281217177,0.438153411541153,0.3276582586248464,0.5201713922268995
mlp-vpinn,73.22930489240348,0.43769671101406676,0.32747462896892776,0.5199920583551898
mlp-vpinn,73.42831697263517,0.43723953205673194,0.3272908962858685,0.5198126626138144
mlp-vpinn,73.62732905286688,0.4367818731579675,0.3271070604020606,0.5196332049386947
mlp-vpinn,73.8263411330986,0.43634052467602474,0.32692253887958345,0.5194536852656411
mlp-vpinn,74.02535321333029,0.4359083204989451,0.32672982624317165,0.5192430573548305
mlp-vpinn,74.224365293562,0.4354780862588584,0.3265369998733888,0.519009329695253
mlp-vpinn,74.4233773737937,0.4350474265037195,0.32634405956863055,0.518775496732681
mlp-vpinn,74.62238945402541,0.43461633996836013,0.3261510051266963,0.5185415583246572
mlp-vpinn,74.82140153425712,0.43418482538132974,0.32595783634478653,0.5183075143284032
mlp-vpinn,75.02041361448882,0.4338054056897464,0.3257649932013523,0.5180733646008178
mlp-vpinn,75.21942569472053,0.43340997423153144,0.3255767945489882,0.5178105703437632
mlp-vpinn,75.41843777495224,0.4329829246725704,0.3253884870460401,0.5175271932062463
mlp-vpinn,75.61744985518393,0.43255541157909816,0.3252000705034179,0.5172436608177401
mlp-vpinn,75.81646193541565,0.4321274333309859,0.3250115447314832,0.5169599729227973
mlp-vpinn,76.01547401564736,0.43169898829822706,0.32482290954004744,0.5166761292652693
mlp-vpinn,76.21448609587905,0.43127533032557147,0.32463454563482536,0.5163921295883035
mlp-vpinn,76.41349817611076,0.43087563430284825,0.3244495017633765,0.5162757532463592
mlp-vpinn,76.61251025634247,0.4304953804072005,0.3242643522952792,0.5162762542264674
mlp-vpinn,76.81152233657417,0.4301147650856017,0.3240790970495485,0.5162767552060893
mlp-vpinn,77.01053441680588,0.4297337872455254,0.3238937358446816,0.5162772561852251
mlp-vpinn,77.20954649703758,0.4293524457887087,0.32370826849865625,0.5162777571638749
mlp-vpinn,77.40855857726929,0.42888774224866344,0.32352501456599914,0.5162782581420385
mlp-vpinn,77.607570657501,0.42841535792397334,0.3233595725341865,0.5162318864016112
mlp-vpinn,77.8065827377327,0.4279550376111999,0.3231940458131209,0.5161539469841925
mlp-vpinn,78.00559481796441,0.42749421912651897,0.3230284342726126,0.5160759957961182
mlp-vpinn,78.20460689819612,0.42703290084083684,0.3228627377821378,0.515998032832054
mlp-vpinn,78.40361897842782,0.4265710811161174,0.32269695621083777,0.5159200580866613
mlp-vpinn,78.60263105865953,0.42617125673756945,0.32253437233916904,0.5158420715545975
mlp-vpinn,78.80164313889124,0.42575958993023233,0.32239328065442807,0.5157008942424177
mlp-vpinn,79.00065521912293,0.4253265909797111,0.32225212719550506,0.515518767727735
mlp-vpinn,79.19966729935464,0.42489313036676457,0.32211091188118895,0.5153365768472246
mlp-vpinn,79.39867937958635,0.42445920655336933,0.3219696346300908,0.5151543215325951
mlp-vpinn,79.59769145981805,0.424024817992678,0.32182829536064306,0.5149720017154344
mlp-vpinn,79.79670354004976,0.4235859295900619,0.3216735794717414,0.5147896173272091
mlp-vpinn,79.99571562028146,0.4231560083415109,0.32144229715017136,0.5146372013626963
mlp-vpinn,80.19472770051317,0.42273367539367723,0.3212108482978048,0.5145035765816429
mlp-vpinn,80.39373978074488,0.4223109077040906,0.32097923255440014,0.5143699170870869
mlp-vpinn,80.59275186097658,0.4218877038919184,0.320747449558415,0.51423622285196
mlp-vpinn,80.79176394120829,0.42146406256883745,0.32051549894699993,0.5141024938491593
mlp-vpinn,80.99077602144,0.421095031774241,0.32029776981806324,0.513968730051546
mlp-vpinn,81.1897881016717,0.4207287665267178,0.32015236471255815,0.5138045191855053
mlp-vpinn,81.3888001819034,0.4203574356566785,0.32000689353771833,0.5136219047051467
mlp-vpinn,81.58781226213512,0.41998572095046327,0.31986135620340006,0.5134392252744597
mlp-vpinn,81.78682434236681,0.41961362109942435,0.3197157526192543,0.5132564808240926
mlp-vpinn,81.98583642259852,0.4192411347871158,0.3195700826947259,0.5130736712845697
mlp-vpinn,82.18484850283023,0.41882750572177846,0.3194053899522807,0.5128907965862921
mlp-vpinn,82.38386058306193,0.4184051841635186,0.3191564265974235,0.5127959333249434
mlp-vpinn,82.58287266329364,0.4179804783817395,0.3189072688828285,0.5127528115365079
mlp-vpinn,82.78188474352534,0.41755531158199455,0.31865791635258767,0.5127096861212856
mlp-vpinn,82.98089682375705,0.41712968217917723,0.31840836854900795,0.5126665570783616
mlp-vpinn,83.17990890398876,0.4167035885787276,0.3181586250126011,0.5126234244068201
mlp-vpinn,83.37892098422046,0.41629593822676714,0.3179448830969751,0.512580288105745
mlp-vpinn,83.57793306445217,0.4159419004839066,0.31787384563069904,0.5123017684877753
mlp-vpinn,83.77694514468388,0.4156240218371181,0.31780279228564023,0.5118903180208494
mlp-vpinn,83.97595722491558,0.4153058938027303,0.31773172305114594,0.5114785365694933
mlp-vpinn,84.17496930514729,0.4149875157794294,0.31766063791655147,0.5110664233336549
mlp-vpinn,84.373981385379,0.41466888716343286,0.31758953687118024,0.510653977510054
mlp-vpinn,84.5729934656107,0.4143101903546411,0.3175074872333094,0.5102411982921635
mlp-vpinn,84.7720055458424,0.41390753121454327,0.3173867732642989,0.5101300209747359
mlp-vpinn,84.97101762607412,0.41347674335281825,0.31726601336581395,0.5101837923116219
mlp-vpinn,85.17002970630581,0.4130454941709119,0.31714520748538855,0.5102375579818207
mlp-vpinn,85.36904178653752,0.41261378214741595,0.3170243555704569,0.5102913179871235
mlp-vpinn,85.56805386676922,0.41218160575236407,0.31690345756835286,0.5103450723293204
mlp-vpinn,85.76706594700093,0.4118391619944974,0.31676612031617285,0.5103988210102008
mlp-vpinn,85.96607802723264,0.4115094612633853,0.3165758415673932,0.510404466834041
mlp-vpinn,86.16509010746434,0.4111852704020305,0.31638544838226423,0.5103845987666776
mlp-vpinn,86.36410218769605,0.4108607629790818,0.31619494055406633,0.5103647299258672
mlp-vpinn,86.56311426792776,0.4105359379626403,0.3160043178754567,0.5103448603115195
mlp-vpinn,86.76212634815946,0.4102107943149546,0.3158135801384669,0.5103249899235439
mlp-vpinn,86.96113842839117,0.40982655478786384,0.3156444357886586,0.5103051187618503
mlp-vpinn,87.16015050862288,0.40943637871253347,0.31553893378336006,0.510247107339727
mlp-vpinn,87.35916258885457,0.4090429504676696,0.31543339649114316,0.5101696488427119
mlp-vpinn,87.55817466908628,0.40864911701183976,0.3153278238765774,0.5100921785834723
mlp-vpinn,87.757186749318,0.40825487702105345,0.3152222159041727,0.5100146965566483
mlp-vpinn,87.95619882954969,0.40786033734895766,0.3151165725383797,0.5099372027568759
mlp-vpinn,88.1552109097814,0.407476201102561,0.3149849003299726,0.5098596971787869
mlp-vpinn,88.3542229900131,0.40709349113230053,0.31478370898836344,0.5096418010221707
mlp-vpinn,88.55323507024481,0.4067115002227479,0.3145823889747462,0.5093538824012819
mlp-vpinn,88.75224715047652,0.40632911794379617,0.31438094004192807,0.5090658009387352
mlp-vpinn,88.95125923070822,0.40594634300947424,0.3141793619419236,0.5087775563579167
mlp-vpinn,89.15027131093993,0.40556249354250373,0.3139776544259513,0.5084891483814282
mlp-vpinn,89.34928339117164,0.4051607230363577,0.3138091917325307,0.5082005767310848
mlp-vpinn,89.54829547140334,0.404798858436407,0.31372269320492896,0.5080101396364463
mlp-vpinn,89.74730755163505,0.4044605459339877,0.3136361708216764,0.5078669219559846
mlp-vpinn,89.94631963186676,0.40412194704471927,0.31354962456302443,0.5077236638769662
mlp-vpinn,90.14533171209845,0.40378306103225214,0.31346305440919725,0.5075803653651854
mlp-vpinn,90.34434379233016,0.4034437670199745,0.3133764603403918,0.5074370263863878
mlp-vpinn,90.54335587256188,0.4031024232047742,0.31326141964003285,0.5072936469062707
mlp-vpinn,90.74236795279357,0.4027366243935438,0.31308168083447757,0.507178974570279
mlp-vpinn,90.94138003302528,0.4023566263479823,0.3129018387823801,0.5070776672202381
mlp-vpinn,91.14039211325698,0.401976256642947,0.3127218933056135,0.5069763396262957
mlp-vpinn,91.33940419348869,0.4015955141521703,0.312541844225538,0.5068749917763115
mlp-vpinn,91.5384162737204,0.4012233825799241,0.3123616913629989,0.5067736236581325
mlp-vpinn,91.7374283539521,0.4009422555313519,0.3122013620670041,0.5066722352595938
mlp-vpinn,91.93644043418381,0.40064861063776724,0.31208254546241526,0.5066324901622276
mlp-vpinn,92.13545251441552,0.40034777222424967,0.3119636836045317,0.5066199619728454
mlp-vpinn,92.33446459464722,0.40004661162699434,0.3118447764416077,0.5066074334736466
mlp-vpinn,92.53347667487893,0.3997451276962304,0.31172582392179854,0.5065949046646078
mlp-vpinn,92.73248875511064,0.3994376391165031,0.31160682599316086,0.5065823755457062
mlp-vpinn,92.93150083534233,0.3990861249580141,0.311469049517879,0.5065698461169187
mlp-vpinn,93.13051291557404,0.3988211237418751,0.31129486945263685,0.5063570964107843
mlp-vpinn,93.32952499580576,0.3986032959282359,0.3111205918731472,0.50605936768967
mlp-vpinn,93.52853707603745,0.39838534821624794,0.31094621661544736,0.5057614637033715
mlp-vpinn,93.72754915626916,0.39816728040641647,0.3107717435151143,0.5054633841420019
mlp-vpinn,93.92656123650086,0.39794324957933636,0.31059717240726326,0.5051651286947598
mlp-vpinn,94.12557331673257,0.3976844478480672,0.310442612793912,0.5048666970499257
mlp-vpinn,94.32458539696428,0.3973397880416316,0.3103237888638625,0.5047139155102001
mlp-vpinn,94.52359747719598,0.39694929574142934,0.31020491941833456,0.5046197135440377
mlp-vpinn,94.72260955742769,0.39655839295322237,0.310086004404984,0.5045254939890509
mlp-vpinn,94.9216216376594,0.39616707830952613,0.3099670437713663,0.5044312568353839
mlp-vpinn,95.1206337178911,0.3957801935453419,0.3098480374649361,0.5043370020731716
mlp-vpinn,95.3196457981228,0.3954158457797995,0.309741282225787,0.5042427296925395
mlp-vpinn,95.51865787835452,0.3951036887270445,0.30965506699349565,0.5041337125283284
mlp-vpinn,95.71766995858621,0.39481827163496763,0.30945246582958535,0.5040189869364745
mlp-vpinn,95.91668203881792,0.3945326401622546,0.3090853131794822,0.5039042352246554
mlp-vpinn,96.11569411904964,0.39424679380882377,0.30871772388139046,0.5037894573750226
mlp-vpinn,96.31470619928133,0.3939643831623557,0.3083496963737022,0.503674653369707
mlp-vpinn,96.51371827951304,0.3936960935651593,0.30798122908547887,0.5035598231908193
mlp-vpinn,96.71273035974474,0.3934079814326789,0.3077200487355688,0.5033715271873976
mlp-vpinn,96.91174243997645,0.39310994965226287,0.30751960430869085,0.5031561906746134
mlp-vpinn,97.11075452020816,0.39281166441389437,0.3073190291448396,0.5029407619644712
mlp-vpinn,97.30976660043986,0.3925131250166253,0.3071183229878669,0.5027252409384453
mlp-vpinn,97.50877868067157,0.3922019173330095,0.30691748558078713,0.5025096274777557
mlp-vpinn,97.70779076090328,0.39184834238514904,0.3067165166657734,0.5022939214633677
mlp-vpinn,97.90680284113498,0.39149405222047506,0.3064710979981742,0.5022567401273663
mlp-vpinn,98.10581492136669,0.3911392494533469,0.3062013778248785,0.5022817619723783
mlp-vpinn,98.3048270015984,0.3907841185223027,0.3059314198566429,0.5023067825709554
mlp-vpinn,98.5038390818301,0.3904286584990536,0.3056612234634106,0.5023318019232839
mlp-vpinn,98.7028511620618,0.3900889788294552,0.30539078801233766,0.5023568200295498
mlp-vpinn,98.90186324229352,0.3897967261773351,0.30512011286777546,0.5023818368899394
mlp-vpinn,99.10087532252521,0.3895486129996899,0.3048272938320122,0.502128694062875
mlp-vpinn,99.29988740275692,0.3893207897238341,0.3045228252568547,0.5017834394758756
mlp-vpinn,99.49889948298862,0.38909282569522785,0.3042180519625452,0.501437947171124
mlp-vpinn,99.69791156322033,0.38886472064065153,0.3039129730323384,0.5010922166569166
mlp-vpinn,99.89692364345204,0.38864117897453965,0.3036075875448831,0.5007462474398521
mlp-vpinn,100.09593572368374,0.38842958573125996,0.3033018945741896,0.5004000390248236
mlp-vpinn,100.29494780391545,0.3881821574787316,0.3030088260408092,0.5002455631367613
mlp-vpinn,100.49395988414716,0.3879185601450803,0.3027219335479941,0.500152216150493
mlp-vpinn,100.69297196437886,0.38765474548611173,0.30243476890635923,0.5000588517389563
mlp-vpinn,100.89198404461057,0.3873907129046346,0.30214733133994365,0.49996546989238916
mlp-vpinn,101.09099612484228,0.3871089225706067,0.30185962006909184,0.4998720706010204
mlp-vpinn,101.29000820507397,0.3867872429363779,0.3015716343104292,0.4997786538550697
mlp-vpinn,101.48902028530568,0.38646674366881295,0.3013616692512436,0.4997506517695844
mlp-vpinn,101.6880323655374,0.38614659601147333,0.3011889101330146,0.49974237949035916
mlp-vpinn,101.88704444576909,0.3858261729435176,0.30101605186489705,0.49973410707419985
mlp-vpinn,102.0860565260008,0.38550547372975774,0.3008430942759823,0.49972583452109975
mlp-vpinn,102.2850686062325,0.38521218010451064,0.3006700371948705,0.49971756183105204
mlp-vpinn,102.48408068646421,0.3849763209177132,0.300496880449668,0.4997092890040499
mlp-vpinn,102.68309276669592,0.38477190822753726,0.3002909687031803,0.49949041269901134
mlp-vpinn,102.88210484692762,0.38458041484333577,0.3000701072727605,0.49921117243447866
mlp-vpinn,103.08111692715933,0.3843887958453739,0.2998490831613089,0.4989317758858268
mlp-vpinn,103.28012900739104,0.3841970509569217,0.29962789600881484,0.49865222279035615
mlp-vpinn,103.47914108762274,0.3839898282568455,0.2994065454539375,0.4983725128846304
mlp-vpinn,103.67815316785445,0.38375421611845595,0.2991850311339997,0.49809264590447355
mlp-vpinn,103.87716524808616,0.38351180140021923,0.2989112046330811,0.49799251688981633
mlp-vpinn,104.07617732831785,0.3832665956949656,0.29861484035037655,0.49794165282975605
mlp-vpinn,104.27518940854956,0.38302121929382194,0.29831818164463597,0.49789078357347066
mlp-vpinn,104.47420148878126,0.38277567181618755,0.2980212276366286,0.4978399091193674
mlp-vpinn,104.67321356901297,0.3825260198774887,0.29772397744273865,0.4977890294658524
mlp-vpinn,104.87222564924468,0.38226972690329486,0.2974264301749351,0.49773814461133137
mlp-vpinn,105.07123772947638,0.382004290804857,0.2971395848113735,0.4975992698000862
mlp-vpinn,105.27024980970809,0.3817352823150376,0.2968569323838594,0.4974374182770248
mlp-vpinn,105.4692618899398,0.38146606956551743,0.29657401057212535,0.49727551407508946
mlp-vpinn,105.6682739701715,0.38119665206229414,0.29629081860448353,0.4971135571428094
mlp-vpinn,105.86728605040321,0.38092558309379165,0.29600735570555475,0.4969515474286301
mlp-vpinn,106.06629813063492,0.38065219007668916,0.2957236210962436,0.4967894848809129
mlp-vpinn,106.26531021086662,0.3804138293647574,0.29551984360058725,0.496745265667243
mlp-vpinn,106.46432229109833,0.3801879491636668,0.2953469553831672,0.49673029603587177
mlp-vpinn,106.66333437133004,0.37996193300818154,0.29517396590230915,0.49671532595335716
mlp-vpinn,106.86234645156173,0.3797357806495818,0.2950008749798695,0.49670035541965835
mlp-vpinn,107.06135853179345,0.3795252096666376,0.2948276824371816,0.4966853844347344
mlp-vpinn,107.26037061202514,0.37933499795158165,0.29465438809505384,0.49667041299854475
mlp-vpinn,107.45938269225685,0.3791422651616556,0.2944166182446565,0.49652321328592797
mlp-vpinn,107.65839477248856,0.37894860040953526,0.29415491735638116,0.49634523164763106
mlp-vpinn,107.85740685272026,0.37875482508964253,0.2938929834331862,0.4961671861650042
mlp-vpinn,108.05641893295197,0.3785609389970579,0.2936308158514339,0.49598907676929277
mlp-vpinn,108.25543101318368,0.3783873565579713,0.2933684139847,0.49581090339161843
mlp-vpinn,108.45444309341538,0.37823732973066276,0.2931057772037562,0.4956326659629793
mlp-vpinn,108.65345517364709,0.3780423656596661,0.29286947424365833,0.49551824843487474
mlp-vpinn,108.8524672538788,0.3778325273825711,0.2926423194841288,0.49541794684656826
mlp-vpinn,109.0514793341105,0.3776224957351656,0.29241498826555556,0.4953176249472373
mlp-vpinn,109.2504914143422,0.3774122701438656,0.29218748017606616,0.4952172827245379
mlp-vpinn,109.44950349457392,0.377174069882181,0.29195979480218354,0.4951169201661137
mlp-vpinn,109.64851557480561,0.3769067609889096,0.29173193172881706,0.4950165372595957
mlp-vpinn,109.84752765503733,0.3766736870958703,0.2915779113300029,0.4948756075461
mlp-vpinn,110.04653973526902,0.3764513259971481,0.29144836068663504,0.49472616434045547
mlp-vpinn,110.24555181550073,0.37622882073113395,0.29131875243157085,0.4945766759784747
mlp-vpinn,110.44456389573244,0.37600617099694444,0.2911890864878812,0.49442714241919905
mlp-vpinn,110.64357597596414,0.37577659491628024,0.291059362778466,0.494277563621608
mlp-vpinn,110.84258805619585,0.3755405294487709,0.29092958122605306,0.4941279395446189
mlp-vpinn,111.04160013642756,0.3753350215121001,0.29077507113702533,0.493966145629568
mlp-vpinn,111.24061221665926,0.3751386565894692,0.29061277059178375,0.49380190007701585
mlp-vpinn,111.43962429689097,0.3749421880190671,0.2904503793547588,0.4936375998758712
mlp-vpinn,111.63863637712268,0.3747456156353375,0.29028789727374765,0.49347324497154893
mlp-vpinn,111.83764845735438,0.3745626931463977,0.29012532419612125,0.4933088353093728
mlp-vpinn,112.03666053758609,0.3743912644462514,0.2899626599688226,0.4931443708345757
mlp-vpinn,112.2356726178178,0.3741868258039174,0.2897277497710089,0.4929232758373876
mlp-vpinn,112.4346846980495,0.3739727797250563,0.28947133003082454,0.49269158875626445
mlp-vpinn,112.6336967782812,0.3737585916771515,0.2892146829472126,0.492459792673557
mlp-vpinn,112.8327088585129,0.37354426134985974,0.28895780791440623,0.4922278874352746
mlp-vpinn,113.03172093874461,0.3733728437191124,0.28870070432394357,0.49199587288706403
mlp-vpinn,113.23073301897632,0.3732336151908032,0.28844337156465094,0.49176374887420765
mlp-vpinn,113.42974509920802,0.3731248001545988,0.28828186683359514,0.491740123625145
mlp-vpinn,113.62875717943973,0.37302440324324043,0.28814734238853756,0.4917527437702593
mlp-vpinn,113.82776925967144,0.372923937321224,0.2880127551100672,0.49176536359150347
mlp-vpinn,114.02678133990314,0.3728234022667897,0.28787810491005733,0.49177798308890264
mlp-vpinn,114.22579342013485,0.37264188181421476,0.28774339170017516,0.49179060226248156
mlp-vpinn,114.42480550036656,0.37240564704707024,0.2876086153918809,0.49180322111226527
mlp-vpinn,114.62381758059826,0.37215361747901454,0.2874180738000718,0.4915663289096023
mlp-vpinn,114.82282966082997,0.3718972407058164,0.2872125834216962,0.4912882458401809
mlp-vpinn,115.02184174106168,0.3716406869687435,0.2870069459169692,0.49101000527869154
mlp-vpinn,115.22085382129337,0.37138395590062984,0.2868011609694204,0.49073160695724444
mlp-vpinn,115.41986590152509,0.3712206128781619,0.28659522826144307,0.49045305060718924
mlp-vpinn,115.61887798175678,0.3711134053984858,0.28638914747428884,0.4901743359591125
mlp-vpinn,115.81789006198849,0.3710366658264058,0.2862545438674103,0.4901639646434619
mlp-vpinn,116.0169021422202,0.37096769586449985,0.286137949802815,0.49019450365719924
mlp-vpinn,116.2159142224519,0.3708986728257609,0.2860213082096812,0.49022504076848106
mlp-vpinn,116.41492630268361,0.3708295966372418,0.28590461902983766,0.49025557597766284
mlp-vpinn,116.61393838291532,0.37068821573724714,0.28578788220499446,0.4902861092850999
mlp-vpinn,116.81295046314702,0.3705082556092548,0.2856710976767425,0.4903166406911476
mlp-vpinn,117.01196254337873,0.37028695393853195,0.2854343445832323,0.4901677502042246
mlp-vpinn,117.21097462361044,0.3700554204036465,0.2851690458576521,0.4899932319629443
mlp-vpinn,117.40998670384214,0.36982373223009635,0.2849035000891846,0.48981865154229526
mlp-vpinn,117.60899878407385,0.3695918890907713,0.28463770658641185,0.48964400887576803
mlp-vpinn,117.80801086430556,0.36937532377155247,0.2843716646546849,0.48946930389673454
mlp-vpinn,118.00702294453725,0.36916592641888685,0.28410537359610233,0.48929453653844796
mlp-vpinn,118.20603502476897,0.3690170038911439,0.2840609949652419,0.4891146808546463
mlp-vpinn,118.40504710500066,0.36888223177245505,0.2840662672303073,0.4889340997955649
mlp-vpinn,118.60405918523237,0.36874741011401946,0.28407153939752133,0.48875345201671594
mlp-vpinn,118.80307126546408,0.36861253886085965,0.2840768114668895,0.48857273744409146
mlp-vpinn,119.00208334569578,0.3684981186368255,0.2840820834384173,0.4883919560035464
mlp-vpinn,119.20109542592749,0.36839221160362334,0.28408735531211005,0.4882111076207985
mlp-vpinn,119.4001075061592,0.3682681637981201,0.28396842247893384,0.4880876123699608
mlp-vpinn,119.5991195863909,0.3681400022311798,0.2838235457511107,0.48797092631937605
mlp-vpinn,119.79813166662261,0.36801178566709214,0.28367859503369547,0.4878542123595642
mlp-vpinn,119.99714374685432,0.3678835140268538,0.2835335702132112,0.48773747047048943
mlp-vpinn,120.19615582708602,0.36773541527833487,0.2833884711758905,0.4876207006320921
mlp-vpinn,120.39516790731773,0.36758008493918104,0.2832432978076747,0.4875039028242884
mlp-vpinn,120.59417998754944,0.3674263856285479,0.28303488913623265,0.4873724701543696
mlp-vpinn,120.79319206778113,0.36727298037400297,0.2828142069249731,0.4872393667515823
mlp-vpinn,120.99220414801285,0.36711950811992533,0.28259335237907396,0.48710622697784717
mlp-vpinn,121.19121622824454,0.3669659687750032,0.28237232509416615,0.4869730508033325
mlp-vpinn,121.39022830847625,0.36683567758313473,0.2821511246642966,0.4868398381981656
mlp-vpinn,121.58924038870796,0.3667125817335337,0.2819297506819197,0.4867065891324332
mlp-vpinn,121.78825246893966,0.3665846951460018,0.281845779757107,0.48657762712733355
mlp-vpinn,121.98726454917137,0.3664558140876828,0.28178655754503884,0.486449068819095
mlp-vpinn,122.18627662940308,0.366326874448327,0.2817273228838042,0.48632047652660365
mlp-vpinn,122.38528870963478,0.36619787613831767,0.28166807576554903,0.486191850222894
mlp-vpinn,122.58430078986649,0.36605209629762947,0.28160881618241085,0.4860631898809652
mlp-vpinn,122.7833128700982,0.3659018662017755,0.28154954412651895,0.4859344954737803
mlp-vpinn,122.9823249503299,0.3657730087396838,0.2813661516018788,0.48577326860255693
mlp-vpinn,123.18133703056161,0.36564819837027335,0.28116235560732344,0.4856090781779571
mlp-vpinn,123.38034911079332,0.3655233438864176,0.28095841178734365,0.48544483221976786
mlp-vpinn,123.57936119102501,0.365398445239833,0.2807543198197922,0.48528053067160226
mlp-vpinn,123.77837327125673,0.3652576031058306,0.2805500793813499,0.4851161734769778
mlp-vpinn,123.97738535148842,0.36511332126064255,0.28034569014752003,0.48495176057931627
mlp-vpinn,124.17639743172013,0.3649213630768616,0.2802606343038799,0.48492121343293954
mlp-vpinn,124.37540951195184,0.36472082767758307,0.280193905344981,0.48490156242155347
mlp-vpinn,124.57442159218354,0.36452017233814044,0.2801271604906087,0.4848819106137626
mlp-vpinn,124.77343367241525,0.36431939682867326,0.2800603997293983,0.48486225800947025
mlp-vpinn,124.97244575264696,0.36418885098050147,0.27999362304997133,0.4848426046085794
mlp-vpinn,125.17145783287866,0.3640704301288815,0.27992683044093597,0.4848229504109933
mlp-vpinn,125.37046991311037,0.3639915787006416,0.2797795757296758,0.4845638550614927
mlp-vpinn,125.56948199334208,0.36391924063369185,0.2796209608701629,0.4842874561056674
mlp-vpinn,125.76849407357378,0.36384686173323366,0.2794622559853637,0.4840108993096563
mlp-vpinn,125.96750615380549,0.3637744419438951,0.27930346092181646,0.48373418440274163
mlp-vpinn,126.1665182340372,0.3636228066523276,0.27914457552562333,0.4834573111134313
mlp-vpinn,126.3655303142689,0.3634604260347002,0.2789855996424478,0.4831802791694551
mlp-vpinn,126.5645423945006,0.3632997489323275,0.2788151029392273,0.48307400977983966
mlp-vpinn,126.7635544747323,0.36313928128933626,0.27864304241568144,0.48297849470797377
mlp-vpinn,126.96256655496401,0.3629787426320723,0.2784708755800552,0.4828829607430644
mlp-vpinn,127.16157863519572,0.3628181328660731,0.2782986022350416,0.48278740787389585
mlp-vpinn,127.36059071542742,0.36270503007874066,0.2781262221827227,0.48269183608924143
mlp-vpinn,127.55960279565913,0.362596421619523,0.27795373522456673,0.48259624537786316
mlp-vpinn,127.75861487589084,0.36251168324658956,0.27779488992225726,0.48252910660799614
mlp-vpinn,127.95762695612254,0.36243043052108403,0.2776375169808371,0.48246354312877776
mlp-vpinn,128.15663903635425,0.36234915690917335,0.2774800547852948,0.4823979707387222
mlp-vpinn,128.35565111658596,0.3622678623932266,0.2773225031835963,0.48233238943419526
mlp-vpinn,128.55466319681767,0.36216014148882,0.2771648620232755,0.4822667992115602
mlp-vpinn,128.75367527704935,0.3620507556010423,0.27700713115143255,0.4822012000671778
mlp-vpinn,128.9526873572811,0.36188951081678394,0.276982458449843,0.48207125080838115
mlp-vpinn,129.15169943751278,0.3617209936830412,0.27697157487529434,0.4819382237615878
mlp-vpinn,129.3507115177445,0.36155238766343395,0.27696069087305974,0.48180515998585094
mlp-vpinn,129.5497235979762,0.36138369260469827,0.27694980644308875,0.48167205945073105
mlp-vpinn,129.7487356782079,0.3612912964185795,0.27693892158533095,0.4815389221257465
mlp-vpinn,129.9477477584396,0.3612012851339611,0.27692803629973595,0.48140574798037356
mlp-vpinn,130.1467598386713,0.36119541404837474,0.2768634070775657,0.4812006512841738
mlp-vpinn,130.345771918903,0.36120064511249106,0.27679392779016226,0.4809928917986943
mlp-vpinn,130.54478399913472,0.361205869961432,0.2767244310580714,0.48078504253504806
mlp-vpinn,130.74379607936643,0.36121108859605233,0.2766549168681464,0.4805771033767479
mlp-vpinn,130.94280815959812,0.3611363275780023,0.2765853852072245,0.4803690742070548
mlp-vpinn,131.14182023982983,0.36106126933526916,0.2765158360621259,0.4801609549089768
mlp-vpinn,131.34083232006154,0.3609550527187414,0.2763307277626245,0.4801425348912325
mlp-vpinn,131.53984440029325,0.360845094524638,0.27613631499965524,0.480129055092315
mlp-vpinn,131.73885648052496,0.36073510281296656,0.27594176526462233,0.4801155749149367
mlp-vpinn,131.93786856075667,0.36062636974674867,0.27574707826760925,0.4801020943590656
mlp-vpinn,132.13688064098835,0.36056528530272847,0.2755522537176754,0.4800886134246698
mlp-vpinn,132.33589272122006,0.3605041835938324,0.2753572913228507,0.48007513211171743
mlp-vpinn,132.53490480145177,0.36039594709079936,0.2752698319692996,0.47983618379614384
mlp-vpinn,132.73391688168348,0.3602824811227821,0.2751897598873339,0.47959342209992045
mlp-vpinn,132.9329289619152,0.36016895060782517,0.2751096644999782,0.4793505374597782
mlp-vpinn,133.1319410421469,0.3600518601269218,0.2750295457868711,0.47910752968873693
mlp-vpinn,133.3309531223786,0.3598751686081729,0.27494940372762167,0.4788643985993422
mlp-vpinn,133.5299652026103,0.3596983861791053,0.27486923830180915,0.47862114400366335
mlp-vpinn,133.728977282842,0.35955465525747043,0.27477002132960615,0.47861963229452925
mlp-vpinn,133.92798936307372,0.35941424086241786,0.27466967930959996,0.47862012866040426
mlp-vpinn,134.12700144330543,0.3592737715736564,0.2745693006193604,0.4786206250257644
mlp-vpinn,134.3260135235371,0.3591356561093238,0.27446888521865453,0.47862112139060986
mlp-vpinn,134.52502560376882,0.3590240905530685,0.2743684330671756,0.47862161775494055
mlp-vpinn,134.72403768400054,0.35891248751915805,0.27426794412454303,0.47862182201013004
mlp-vpinn,134.92304976423225,0.3588399123671199,0.2742097639136401,0.47845131899785553
mlp-vpinn,135.12206184446396,0.3587709299187798,0.27415367037108884,0.4782807552027144
mlp-vpinn,135.32107392469567,0.35870193389311367,0.2740975653491016,0.47811013055965457
mlp-vpinn,135.52008600492735,0.358637861716382,0.2740414488406278,0.4779394450035078
mlp-vpinn,135.71909808515906,0.35861276759235805,0.27398532083860955,0.47776869846898945
mlp-vpinn,135.91811016539077,0.3585876685340563,0.27392918133598176,0.47759818510871493
mlp-vpinn,136.11712224562248,0.3584747851230177,0.27384686057320007,0.47745458243530053
mlp-vpinn,136.3161343258542,0.3583542910916854,0.2737634457525392,0.4773109365579171
mlp-vpinn,136.51514640608588,0.35823371048667807,0.2736800055079093,0.47716724743754657
mlp-vpinn,136.7141584863176,0.3581075335401514,0.27359653981604926,0.47702351503511187
mlp-vpinn,136.9131705665493,0.3579486458069941,0.2735130486536626,0.4768797393114772
mlp-vpinn,137.112182646781,0.35778966468042644,0.2734295319974172,0.47673688263002423
mlp-vpinn,137.31119472701272,0.3577454537405869,0.273328503298608,0.476638813526357
mlp-vpinn,137.51020680724443,0.3577101068055545,0.27322690763861013,0.4765407242406814
mlp-vpinn,137.7092188874761,0.35767475345498834,0.2731252741876117,0.4764426147605323
mlp-vpinn,137.90823096770782,0.357643365907744,0.27302360290340916,0.47634448507343174
mlp-vpinn,138.10724304793953,0.35763080478940257,0.2729218937437209,0.4762463351668889
mlp-vpinn,138.30625512817124,0.3576182429838758,0.2728201466661861,0.4761450648333124
mlp-vpinn,138.50526720840296,0.3575349125766182,0.27270039711009686,0.47594534044280323
mlp-vpinn,138.70427928863467,0.35744681336795864,0.27258021265464394,0.4757455322053087
mlp-vpinn,138.90329136886635,0.3573586803828318,0.2724599751847917,0.4755456400151398
mlp-vpinn,139.10230344909806,0.35726461930630604,0.2723396846303228,0.47534566376638543
mlp-vpinn,139.30131552932977,0.35714756803340564,0.2722193409208649,0.4751456033529112
mlp-vpinn,139.50032760956148,0.3570304746066693,0.2720989439858899,0.4749504190173981
mlp-vpinn,139.6993396897932,0.3569317862543942,0.2720718619691447,0.47487182702816666
mlp-vpinn,139.89835177002487,0.35683415284691067,0.27204596007036413,0.4747932220296916
mlp-vpinn,140.09736385025658,0.3567364918698338,0.27202005570519056,0.47471460401551063
mlp-vpinn,140.2963759304883,0.3566412547498564,0.2719941488729194,0.474635972979156
mlp-vpinn,140.49538801072,0.35655395143439017,0.27196823957284544,0.4745573289141546
mlp-vpinn,140.69440009095172,0.35646662454917866,0.2719423278042635,0.47447505967682446
mlp-vpinn,140.89341217118343,0.35637268707878145,0.2718203806415032,0.4743221415508249
mlp-vpinn,141.0924242514151,0.35627838545712265,0.27169797413556573,0.4741691741091944
mlp-vpinn,141.29143633164682,0.35618405545268556,0.27157551245767614,0.47401615730418956
mlp-vpinn,141.49044841187853,0.3560937915419567,0.27145299553316454,0.4738630910879902
mlp-vpinn,141.68946049211024,0.35601482788037964,0.2713304232871926,0.47370997541269866
mlp-vpinn,141.88847257234195,0.3559358395411695,0.2712082329479698,0.4735609902400546
mlp-vpinn,142.08748465257364,0.3559459430516004,0.2711415629309835,0.47347807832858996
mlp-vpinn,142.28649673280535,0.35595982777430857,0.2710748765167158,0.4733951518956733
mlp-vpinn,142.48550881303706,0.355973707032821,0.2710081736930621,0.47331221093367204
mlp-vpinn,142.68452089326877,0.35599131447973636,0.27094145444790313,0.47322925543494676
mlp-vpinn,142.88353297350048,0.35601794997930575,0.27087471876910435,0.47314628539185144
mlp-vpinn,143.0825450537322,0.3560445811238625,0.27080868218319143,0.4730607601991385
mlp-vpinn,143.28155713396387,0.35595596812679714,0.27078299282987534,0.4729410791972141
mlp-vpinn,143.48056921419558,0.3558633822784878,0.27075730103916285,0.4728213679015197
mlp-vpinn,143.6795812944273,0.3557707497888615,0.27073160681036,0.47270162628903967
mlp-vpinn,143.878593374659,0.35565551983402544,0.2707059101427727,0.4725818543367293
mlp-vpinn,144.07760545489072,0.35549284006169,0.2706802110357062,0.47246205202151453
mlp-vpinn,144.27661753512243,0.35533008474865513,0.2706512283790861,0.4723399675293954
mlp-vpinn,144.4756296153541,0.3552251858749204,0.2705073686860458,0.47219168138776313
mlp-vpinn,144.67464169558582,0.35512171132528025,0.2703634324456404,0.4720433486640134
mlp-vpinn,144.87365377581753,0.35501820217895586,0.27021941953554784,0.47189496931421915
mlp-vpinn,145.07266585604924,0.3549453999528066,0.2700753298331198,0.47174654329438426
mlp-vpinn,145.27167793628095,0.35492922269672433,0.2699311632153807,0.4715980705604433
mlp-vpinn,145.47069001651263,0.35491303818027065,0.2697939638583896,0.47145707742862375
mlp-vpinn,145.66970209674434,0.3548897401128792,0.2698558031518096,0.4713929634009611
mlp-vpinn,145.86871417697606,0.3548663104237941,0.2699176282775811,0.47132884065198083
mlp-vpinn,146.06772625720777,0.3548428705593045,0.2699794392454371,0.47126470917812296
mlp-vpinn,146.26673833743948,0.35478962346810516,0.2700412360650996,0.4712005689758251
mlp-vpinn,146.4657504176712,0.35468812704486036,0.27010301874627957,0.47113642004152234
mlp-vpinn,146.66476249790287,0.35458660007061493,0.270156448498897,0.471065540761998
mlp-vpinn,146.86377457813458,0.35447875713864585,0.27002800497509366,0.4709331848407827
mlp-vpinn,147.0627866583663,0.3543708344420319,0.26989950032580884,0.47080079171043454
mlp-vpinn,147.261798738598,0.3542628780707879,0.2697709344636915,0.47066836133955414
mlp-vpinn,147.4608108188297,0.3541820431981872,0.2696423073011826,0.470535893696698
mlp-vpinn,147.6598228990614,0.3541403424166999,0.2695136187505141,0.47040338875037824
mlp-vpinn,147.8588349792931,0.3540986297347022,0.26938714627593047,0.47027486534653934
mlp-vpinn,148.05784705952482,0.35405736412834843,0.2693024419451098,0.47017997678651546
mlp-vpinn,148.25685913975653,0.3540160868175772,0.2692177109636529,0.4700850690728548
mlp-vpinn,148.45587121998824,0.3539747977934938,0.26913295330638837,0.469990142193954
mlp-vpinn,148.65488330021995,0.35392218008282195,0.2690481689481055,0.469895196138198
mlp-vpinn,148.85389538045163,0.3538550843288087,0.26896335786355363,0.4698002308939599
mlp-vpinn,149.05290746068334,0.35378816260690726,0.2688801892241601,0.4696999757862784
mlp-vpinn,149.25191954091505,0.3537441097038009,0.2688235742558425,0.46955913770799385
mlp-vpinn,149.45093162114676,0.3537000513128827,0.2687669473617484,0.469418257374507
mlp-vpinn,149.64994370137848,0.3536559874321009,0.2687103085343381,0.46927733474776195
mlp-vpinn,149.8489557816102,0.35363184951896587,0.2686536577660641,0.4691363697896457
mlp-vpinn,150.04796786184187,0.35363043630252994,0.268596995049371,0.46899536246198786
mlp-vpinn,150.24697994207358,0.35362880891895165,0.26853979988656373,0.4688569544460413
mlp-vpinn,150.4459920223053,0.35361477102875327,0.26847536944352385,0.468737355001241
mlp-vpinn,150.645004102537,0.35360072370601514,0.26841092353434043,0.46861772503257015
mlp-vpinn,150.8440161827687,0.3535866669475255,0.2683464621478705,0.4684980645166463
mlp-vpinn,151.0430282630004,0.3535453771353291,0.2682819852729576,0.46837837343005695
mlp-vpinn,151.2420403432321,0.35347670169511003,0.2682174928984319,0.46825865174935954
mlp-vpinn,151.44105242346382,0.35340843225288643,0.26815209843274207,0.4681352256485332
mlp-vpinn,151.64006450369553,0.3533561509410854,0.26807600368340345,0.4679871380025701
mlp-vpinn,151.83907658392724,0.3533038612475237,0.26799988732804586,0.4678390034816144
mlp-vpinn,152.03808866415895,0.3532515631679053,0.2679237493482547,0.4676908220411252
mlp-vpinn,152.23710074439063,0.35318747043903687,0.2678475897255892,0.46754259363649103
mlp-vpinn,152.43611282462234,0.35311286973337175,0.2677714084415823,0.46739431822302935
mlp-vpinn,152.63512490485405,0.3530377069752947,0.2676986214406102,0.46725405880838516
mlp-vpinn,152.83413698508576,0.352946648111476,0.2676619938499229,0.4671637666276159
mlp-vpinn,153.03314906531747,0.35285556447776056,0.267625361246331,0.467073456992038
mlp-vpinn,153.23216114554916,0.35276445605298967,0.26758872362777586,0.46698312989152496
mlp-vpinn,153.43117322578087,0.3527053133537731,0.2675520809921972,0.4668927853159401
mlp-vpinn,153.63018530601258,0.352671312777198,0.26751543333753336,0.4668024232551371
mlp-vpinn,153.8291973862443,0.3526369400795885,0.26747650891580993,0.4667060283984698
mlp-vpinn,154.028209466476,0.3525942225059918,0.26741537520305003,0.466574555991671
mlp-vpinn,154.2272215467077,0.352551494052124,0.26735422751134247,0.4664430465278442
mlp-vpinn,154.4262336269394,0.3525087547098927,0.26729306583109363,0.4663114999756368
mlp-vpinn,154.6252457071711,0.3524698288509974,0.26723189015269866,0.466179916303652
mlp-vpinn,154.82425778740281,0.3524335273704178,0.2671707004665419,0.46604829548044874
mlp-vpinn,155.02326986763453,0.3523976572100539,0.26711626192926363,0.4659285589839438
mlp-vpinn,155.22228194786624,0.3523700836629884,0.2671228568653499,0.4658741764541614
mlp-vpinn,155.42129402809792,0.3523425027861633,0.2671294516386194,0.46581978757544407
mlp-vpinn,155.62030610832963,0.3523149145754364,0.267136046249084,0.4657653923455676
mlp-vpinn,155.81931818856134,0.35226198152561344,0.26714264069675586,0.4657109907623066
mlp-vpinn,156.01833026879305,0.3521935134058066,0.26714923498164705,0.46565658282343425
mlp-vpinn,156.21734234902476,0.3521254580306169,0.267142495818562,0.46558374522966006
mlp-vpinn,156.41635442925647,0.35206388066664507,0.2670266221664158,0.4654169064473688
mlp-vpinn,156.61536650948815,0.352002292455707,0.2669106982101714,0.4652500078366476
mlp-vpinn,156.81437858971987,0.35194069339202944,0.2667947238842563,0.4650830493330868
mlp-vpinn,157.01339066995158,0.3519021226085648,0.2666786991229557,0.46491603087216116
mlp-vpinn,157.2124027501833,0.3518764115033851,0.26656262386041174,0.46474895238922925
mlp-vpinn,157.411414830415,0.3518496051956874,0.26645581465776386,0.4646002118462803
mlp-vpinn,157.6104269106467,0.35180768881748914,0.26641888332580616,0.4645399632675017
mlp-vpinn,157.8094389908784,0.35176576115560687,0.2663819468736694,0.46447970687376117
mlp-vpinn,158.0084510711101,0.3517238222015149,0.2663450052992234,0.4644194426620169
mlp-vpinn,158.2074631513418,0.35166278680938384,0.26630805860033646,0.464359170629225
mlp-vpinn,158.40647523157352,0.3515923527979711,0.26627110677487553,0.4642988907723396
mlp-vpinn,158.60548731180523,0.35152380786340853,0.2662397744076109,0.464219151486678
mlp-vpinn,158.80449939203692,0.351478417147304,0.26624840368587327,0.4640460027128333
mlp-vpinn,159.00351147226863,0.3514330204503793,0.2662570326844644,0.4638727893081318
mlp-vpinn,159.20252355250034,0.35138761777022454,0.26626566140341135,0.46369951120014563
mlp-vpinn,159.40153563273205,0.351348566702882,0.2662742898427415,0.46352616831631144
mlp-vpinn,159.60054771296376,0.35131223981289184,0.2662829180024818,0.46335276058393027
mlp-vpinn,159.79955979319547,0.35127608216357337,0.26628462173818107,0.4632204000852377
mlp-vpinn,159.99857187342715,0.35124179862857535,0.26624082554375855,0.4632741518926932
mlp-vpinn,160.19758395365886,0.3512075117459178,0.26619702214374596,0.4633278974642696
mlp-vpinn,160.39659603389057,0.3511732215146197,0.26615321153458565,0.4633816368021367
mlp-vpinn,160.59560811412229,0.3511457980350535,0.2661093937127169,0.4634353699084629
mlp-vpinn,160.794620194354,0.3511209411172328,0.26606556867457637,0.46348909678541567
mlp-vpinn,160.99363227458568,0.3510964209283498,0.26601520063068373,0.4635062172900468
mlp-vpinn,161.1926443548174,0.35107511272910974,0.2659255077427023,0.4633660710216861
mlp-vpinn,161.3916564350491,0.3510538031156534,0.2658357845923778,0.4632258823528974
mlp-vpinn,161.5906685152808,0.35103249208767917,0.26574603114905815,0.46308565124517354
mlp-vpinn,161.78968059551252,0.3510146245561353,0.26565624738203925,0.4629453776599488
mlp-vpinn,161.98869267574423,0.35099786912746594,0.2655664332605654,0.4628050615585992
mlp-vpinn,162.18770475597591,0.35097648918947383,0.26548934772753147,0.46265277134044924
mlp-vpinn,162.38671683620763,0.35091484567817544,0.26548335564859027,0.4624521412935192
mlp-vpinn,162.58572891643934,0.3508531824181328,0.26547736343440204,0.4622514241675455
mlp-vpinn,162.78474099667105,0.35079149938952936,0.2654713710849577,0.46205061984904544
mlp-vpinn,162.98375307690276,0.35071361427228387,0.2654653786002481,0.4618497282242896
mlp-vpinn,163.18276515713447,0.3506312189486407,0.26545938598026403,0.461648749179301
mlp-vpinn,163.38177723736615,0.35055393371834226,0.2654472725073197,0.46149282734013947
mlp-vpinn,163.58078931759786,0.3505169396543066,0.2654029250193095,0.4615108989232362
mlp-vpinn,163.77980139782957,0.35047994139817973,0.26535857011981956,0.4615289697987238
mlp-vpinn,163.97881347806128,0.35044293894845185,0.26531420780513276,0.4615470399666854
mlp-vpinn,164.177825558293,0.35041361650761094,0.2652698380715289,0.4615651094272041
mlp-vpinn,164.37683763852468,0.350386115265661,0.2652254609152846,0.4615831781803629
mlp-vpinn,164.5758497187564,0.3503596288270947,0.2651811801585299,0.46157363009834024
mlp-vpinn,164.7748617989881,0.3503403450223346,0.26513740294375215,0.46146117959780003
mlp-vpinn,164.9738738792198,0.3503210599376092,0.2650936184996623,0.4613487016882422
mlp-vpinn,165.17288595945152,0.35030177357263514,0.2650498268226776,0.46123619634961466
mlp-vpinn,165.37189803968323,0.35028518726739855,0.2650060279092124,0.461123663561841
mlp-vpinn,165.5709101199149,0.3502691250966944,0.26496222175567813,0.46101110330482015
mlp-vpinn,165.76992220014662,0.3502487497524518,0.2649210121768169,0.4608929526339332
mlp-vpinn,165.96893428037833,0.350200232715274,0.2648916509180719,0.460754931463904
mlp-vpinn,166.16794636061005,0.3501517068867265,0.2648622864044901,0.46061686893663445
mlp-vpinn,166.36695844084176,0.35010317226143295,0.2648329186349889,0.460478765014925
mlp-vpinn,166.56597052107344,0.35002419062971096,0.2648035476084849,0.46034061966152023
mlp-vpinn,166.76498260130515,0.34994048245637727,0.26477417332389436,0.4602024328391086
mlp-vpinn,166.96399468153686,0.34985876562797624,0.26474199762815165,0.46006528744098224
mlp-vpinn,167.16300676176857,0.3497892234391777,0.2646977623752978,0.4599317720793202
mlp-vpinn,167.36201884200028,0.34971966598153104,0.26465351972878615,0.45979821794771436
mlp-vpinn,167.561030922232,0.3496500932442035,0.26460926968490805,0.4596646250123713
mlp-vpinn,167.76004300246368,0.34964231365918963,0.26456501223995166,0.45953099323944846
mlp-vpinn,167.9590550826954,0.3496428237412895,0.2645207473902022,0.45939732259505406
mlp-vpinn,168.1580671629271,0.34964691438355355,0.2644717256213881,0.4592760688763453
mlp-vpinn,168.3570792431588,0.34967163380154687,0.26440383284378133,0.4591948653565828
mlp-vpinn,168.55609132339052,0.349696349898897,0.26433592262840433,0.4591136474743383
mlp-vpinn,168.75510340362223,0.34972106267697517,0.2642679949618138,0.4590324152219881
mlp-vpinn,168.9541154838539,0.34971018001031884,0.2642000498305493,0.458951168591902
mlp-vpinn,169.15312756408562,0.3496957192667898,0.264132087221133,0.45886990757644286
mlp-vpinn,169.35213964431733,0.3496819683634448,0.26407955259884336,0.4588033748184442
mlp-vpinn,169.55115172454904,0.3496721007875555,0.2640845714631312,0.4587821367929313
mlp-vpinn,169.75016380478075,0.3496622317512521,0.2640895902320385,0.45876089778421836
mlp-vpinn,169.94917588501244,0.3496523612542108,0.2640946089055707,0.4587396577921688
mlp-vpinn,170.14818796524415,0.34967995500423865,0.2640996274837333,0.4587184168166461
mlp-vpinn,170.34720004547586,0.34970993012536794,0.26410464596653166,0.4586971748575136
mlp-vpinn,170.54621212570757,0.34973265882671106,0.2640844964343525,0.4586540370941661
mlp-vpinn,170.74522420593928,0.349718044878622,0.2639760907441309,0.45854702035283784
mlp-vpinn,170.944236286171,0.34970341857212095,0.2638676405172142,0.4584399786298694
mlp-vpinn,171.14324836640267,0.3496887799027075,0.26375914569866554,0.45833291190775766
mlp-vpinn,171.34226044663438,0.3496072093818656,0.26365060623343534,0.45822582016897906
mlp-vpinn,171.5412725268661,0.3495230813805685,0.26354202206636057,0.45811870339598965
mlp-vpinn,171.7402846070978,0.3494385431701915,0.26345988648099694,0.458037289989485
mlp-vpinn,171.93929668732952,0.3493520986828804,0.2634679010374214,0.4580271747020639
mlp-vpinn,172.1383087675612,0.34926563277355965,0.2634759153500547,0.458017059191247
mlp-vpinn,172.3373208477929,0.34917914542627554,0.26348392941891896,0.4580069434570197
mlp-vpinn,172.53633292802462,0.3491096926928683,0.2634919432440365,0.45799682749936704
mlp-vpinn,172.73534500825633,0.3490404516891264,0.2634999568254296,0.45798671131827434
mlp-vpinn,172.93435708848804,0.34897399101153537,0.26348295005614025,0.45793924133178454
mlp-vpinn,173.13336916871975,0.34892031439173277,0.26338558277660795,0.4577932304960102
mlp-vpinn,173.33238124895144,0.34886662950796987,0.2632881794894338,0.4576471730759579
mlp-vpinn,173.53139332918315,0.3488135385358172,0.2631907401546399,0.45750106902701165
mlp-vpinn,173.73040540941486,0.34879818234028315,0.26309326473217454,0.457354918304484
mlp-vpinn,173.92941748964657,0.3487828215488471,0.2629957531819116,0.45720872086361597
mlp-vpinn,174.12842956987828,0.34877301849089026,0.26292314654209514,0.4570610009531766
mlp-vpinn,174.32744165011,0.348787533799358,0.2629259447313227,0.4569095016656113
mlp-vpinn,174.52645373034167,0.34880204836008916,0.2629287428907709,0.4567579521281647
mlp-vpinn,174.72546581057338,0.34881570236779524,0.26293154102044064,0.4566063522908024
mlp-vpinn,174.9244778908051,0.34881214685338396,0.26293433912033287,0.4564547021034069
mlp-vpinn,175.1234899710368,0.34880859095724104,0.26293713719044853,0.4563030015157773
mlp-vpinn,175.32250205126851,0.3487991006650868,0.2629333221625618,0.4561981152944596
mlp-vpinn,175.5215141315002,0.3487646394316228,0.26291052476676785,0.45620652664838873
mlp-vpinn,175.7205262117319,0.34873017365129466,0.2628877253940035,0.4562149378472356
mlp-vpinn,175.91953829196362,0.3486966294061123,0.26286492404375433,0.4562233488910087
mlp-vpinn,176.11855037219533,0.3486741557472068,0.2628421207155057,0.45623175977971664
mlp-vpinn,176.31756245242704,0.34865167770994837,0.2628193154087428,0.45624017051336796
mlp-vpinn,176.51657453265875,0.3486374171353479,0.2627945963693163,0.45620615883687526
mlp-vpinn,176.71558661289043,0.3486564261058006,0.2627646599371325,0.4560743721500317
mlp-vpinn,176.91459869312214,0.3486754337774467,0.26273472009394166,0.45594254737126133
mlp-vpinn,177.11361077335386,0.34869138258658805,0.2627047768385777,0.45581068446751466
mlp-vpinn,177.31262285358557,0.3486820555981246,0.26267483016987353,0.4556787834056941
mlp-vpinn,177.51163493381728,0.3486727242474477,0.26264488008666176,0.4555468441526544
mlp-vpinn,177.71064701404896,0.3486544053279659,0.26260919387703363,0.4554231587979991
mlp-vpinn,177.90965909428067,0.3486017253828034,0.26255863387618045,0.4553176971683822
mlp-vpinn,178.10867117451238,0.34854903738884,0.26250806413728867,0.455212211105864
mlp-vpinn,178.3076832547441,0.3484967957308999,0.2624574846547295,0.45510670059345515
mlp-vpinn,178.5066953349758,0.34844736620459044,0.26240689542286855,0.4550011656141465
mlp-vpinn,178.7057074152075,0.3483979294442119,0.2623562964360661,0.4548956061509092
mlp-vpinn,178.9047194954392,0.3483499952482225,0.26233463868350576,0.45481218329857653
mlp-vpinn,179.1037315756709,0.3483074598039064,0.26238451368372695,0.4547753756182012
mlp-vpinn,179.30274365590262,0.3482649191545173,0.26243437920532875,0.4547385649585199
mlp-vpinn,179.50175573613433,0.3482256767280423,0.26248423525371317,0.454701751318809
mlp-vpinn,179.70076781636604,0.34820025406980304,0.26253408183427734,0.4546649346983447
mlp-vpinn,179.89977989659775,0.3481263944839904,0.262583918952413,0.4546281150964028
mlp-vpinn,180.09879197682943,0.3480539414134314,0.2626070345094031,0.4545877821474766
mlp-vpinn,180.29780405706114,0.34798667786233417,0.2625673325034272,0.45454040551114827
mlp-vpinn,180.49681613729285,0.34791939751495227,0.262527624493324,0.4544930239362498
mlp-vpinn,180.69582821752456,0.3478521003571382,0.26248791047636877,0.45444563742123656
mlp-vpinn,180.89484029775628,0.34778533699942993,0.2624481904498346,0.454398245964563
mlp-vpinn,181.09385237798796,0.3477608994346588,0.26240846441099247,0.45435084956468275
mlp-vpinn,181.29286445821967,0.34773847181961604,0.26237087922784197,0.454274419238725
mlp-vpinn,181.49187653845138,0.3477226161282283,0.2623380716768477,0.4541421184684803
mlp-vpinn,181.6908886186831,0.3477067597011215,0.2623052600224839,0.45400977914511653
mlp-vpinn,181.8899006989148,0.34769090253819146,0.26227244426321056,0.4538774012349104
mlp-vpinn,182.0889127791465,0.3476743568046756,0.2622396243974867,0.4537449847040892
mlp-vpinn,182.2879248593782,0.34763813762002116,0.2622068004237703,0.4536125295188312
mlp-vpinn,182.4869369396099,0.3475915747961339,0.26217367910786654,0.45350213750901813
mlp-vpinn,182.68594901984162,0.3475130430685134,0.2621399321067507,0.45343308020955125
mlp-vpinn,182.88496110007333,0.3474344924556958,0.2621061807606015,0.4533640123911406
mlp-vpinn,183.08397318030504,0.34735592294332895,0.26207242506774037,0.4532949340489779
mlp-vpinn,183.28298526053672,0.3472773528412141,0.26203866502648737,0.4532258451782513
mlp-vpinn,183.48199734076843,0.3471990748757159,0.26200490063516163,0.45315674577414505
mlp-vpinn,183.68100942100014,0.34713842871548173,0.2619721193080294,0.45309285033711794
mlp-vpinn,183.88002150123185,0.34712971464496,0.26194134743620606,0.45303832146008477
mlp-vpinn,184.07903358146356,0.3471209933281398,0.2619105719489957,0.4529837860190232
mlp-vpinn,184.27804566169527,0.3471122647634172,0.26187979284512375,0.4529292440115623
mlp-vpinn,184.47705774192696,0.3471031298999827,0.2618490101233147,0.4528746954353295
mlp-vpinn,184.67606982215867,0.3470891587817191,0.2618182237822925,0.452820140287951
mlp-vpinn,184.87508190239038,0.3470677901692796,0.26177899461331533,0.45275579658053305
mlp-vpinn,185.0740939826221,0.34702574628794125,0.26172311211015015,0.452674336573431
mlp-vpinn,185.2731060628538,0.3469836952721619,0.26166721767253587,0.45259286190473524
mlp-vpinn,185.4721181430855,0.34694163711786297,0.26161131129282295,0.4525113725665263
mlp-vpinn,185.6711302233172,0.34689968461339005,0.2615553929633537,0.45242986855087763
mlp-vpinn,185.8701423035489,0.3468587527501039,0.2614994626764621,0.4523483498498555
mlp-vpinn,186.0691543837806,0.3468238818070588,0.26144925795450114,0.452274909182883
mlp-vpinn,186.26816646401232,0.3468053743092854,0.2614099219359102,0.45221515845820076
mlp-vpinn,186.46717854424404,0.3467868591965555,0.2613705799972867,0.4521553998376732
mlp-vpinn,186.66619062447572,0.3467683364655203,0.261331232135957,0.45209563331816943
mlp-vpinn,186.86520270470743,0.34674857822741406,0.26129187834924533,0.4520358588965562
mlp-vpinn,187.06421478493914,0.34671992121610146,0.2612525186344741,0.45197607656969835
mlp-vpinn,187.26322686517085,0.3466803688627756,0.26122752021161744,0.451900304302095
mlp-vpinn,187.46223894540256,0.3466126855097508,0.2612290312103025,0.4517985775090449
mlp-vpinn,187.66125102563427,0.3465449878741431,0.2612305422002478,0.45169682780607046
mlp-vpinn,187.86026310586595,0.3464772759463327,0.2612320531814533,0.45159505517768606
mlp-vpinn,188.05927518609766,0.3464101676861317,0.26123356415391935,0.45149325960838854
mlp-vpinn,188.25828726632938,0.3463467578939631,0.26123507511764593,0.4513914410826574
mlp-vpinn,188.4572993465611,0.3462815605105739,0.2612320356325835,0.45130702969573355
mlp-vpinn,188.6563114267928,0.3462119947049229,0.2612208492881928,0.45124992115254275
mlp-vpinn,188.85532350702448,0.3461424146948198,0.26120966246474514,0.45119280538098827
mlp-vpinn,189.0543355872562,0.34607282047142707,0.261198475162179,0.45113568237832474
mlp-vpinn,189.2533476674879,0.34601050877385336,0.2611872873804328,0.4510785521418049
mlp-vpinn,189.4523597477196,0.3459849859018309,0.26117609911944495,0.4510214146686799
mlp-vpinn,189.65137182795132,0.3459661442194566,0.2611492997411804,0.4509825712618252
mlp-vpinn,189.85038390818303,0.3459630169474438,0.26109522889817804,0.4509713077721748
mlp-vpinn,190.04939598841472,0.3459598891564937,0.26104114685519425,0.45096004400119966
mlp-vpinn,190.24840806864643,0.345956760846566,0.26098705360526636,0.4509487799488787
mlp-vpinn,190.44742014887814,0.3459447464689971,0.2609329491414247,0.45093751561519096
mlp-vpinn,190.64643222910985,0.345894227369996,0.26087883345669194,0.4509262510001152
mlp-vpinn,190.84544430934156,0.3458420154196361,0.2608370861408432,0.45086205611436925
mlp-vpinn,191.04445638957327,0.3457860110263381,0.26081653143542627,0.45071979789247746
mlp-vpinn,191.24346846980495,0.34572999512363434,0.26079597510998476,0.4505774947562238
mlp-vpinn,191.44248055003666,0.34567396770355624,0.2607754171641354,0.4504351466630396
mlp-vpinn,191.64149263026837,0.345623970163606,0.260754857597495,0.4502927535702891
mlp-vpinn,191.84050471050008,0.34559691800348175,0.26073429640968016,0.450150315435269
mlp-vpinn,192.0395167907318,0.3455654081014951,0.2607004298221645,0.45005285735847655
mlp-vpinn,192.23852887096348,0.34552441938777445,0.2606444321385219,0.4500224628969498
mlp-vpinn,192.4375409511952,0.3454834252523398,0.2605884224215722,0.4499920663824461
mlp-vpinn,192.6365530314269,0.3454424256928633,0.2605324006635546,0.44996166781454955
mlp-vpinn,192.8355651116586,0.34539556894457835,0.2604763668567,0.44993126719284393
mlp-vpinn,193.03457719189032,0.34532896844254046,0.2604203209932308,0.4499008645169128
mlp-vpinn,193.23358927212203,0.3452691429166277,0.2604008545189982,0.44985320655034666
mlp-vpinn,193.43260135235371,0.3452229981725792,0.26044045829444723,0.44977986513108015
mlp-vpinn,193.63161343258543,0.3451768442567865,0.26048005604847935,0.44970651175076
mlp-vpinn,193.83062551281714,0.3451306811631562,0.26051964778384024,0.44963314640353225
mlp-vpinn,194.02963759304885,0.345088771558368,0.26055923350327354,0.44955976908353806
mlp-vpinn,194.22864967328056,0.34505959895343497,0.2605988132095207,0.4494863797849139
mlp-vpinn,194.42766175351224,0.34503147866085715,0.2606474198495532,0.44942095426182477
mlp-vpinn,194.62667383374395,0.3450053847323442,0.26071024049679203,0.4493678433255362
mlp-vpinn,194.82568591397566,0.34497928786220555,0.26077304601043616,0.44931472611130613
mlp-vpinn,195.02469799420737,0.34495318804933345,0.26083583640141733,0.44926160261690784
mlp-vpinn,195.22371007443908,0.34492981285385726,0.2608986116806543,0.44920847284011334
mlp-vpinn,195.4227221546708,0.34491373750407284,0.2609613718590526,0.44915533677869307
mlp-vpinn,195.62173423490248,0.3448953850783295,0.26095337575872657,0.4490914088301851
mlp-vpinn,195.8207463151342,0.34487284524070266,0.2608374228051243,0.4490108889497178
mlp-vpinn,196.0197583953659,0.34485030392059135,0.2607214182827395,0.44893035462725306
mlp-vpinn,196.2187704755976,0.3448277611177011,0.26060536212270696,0.4488498058550171
mlp-vpinn,196.41778255582932,0.3447962732796104,0.2604892542560081,0.44876924262522927
mlp-vpinn,196.61679463606103,0.3447433568441033,0.2603730946134705,0.4486886649301019
mlp-vpinn,196.8158067162927,0.3446933255911272,0.2603004837817299,0.44862483785113555
mlp-vpinn,197.01481879652442,0.3446484266699117,0.26029216893893536,0.44858691203571727
mlp-vpinn,197.21383087675613,0.3446035171850673,0.26028385383052083,0.4485489830135869
mlp-vpinn,197.41284295698784,0.34455859712876524,0.2602755384564608,0.4485110507839309
mlp-vpinn,197.61185503721956,0.3445255258324138,0.26026722281672976,0.44847311534593526
mlp-vpinn,197.81086711745124,0.3445178626578219,0.26025890691130227,0.44843517669878585
mlp-vpinn,198.00987919768295,0.3445139279351307,0.2602399210545736,0.4483855832826394
mlp-vpinn,198.20889127791466,0.34451633858107605,0.2602058400074079,0.4483180511466724
mlp-vpinn,198.40790335814637,0.344518748720964,0.26017175449581526,0.4482505088365077
mlp-vpinn,198.60691543837808,0.3445211583548253,0.26013766451804093,0.4481829563475453
mlp-vpinn,198.8059275186098,0.3445227219680463,0.2601035700723288,0.44811539367518205
mlp-vpinn,199.00493959884147,0.34452263866079486,0.26006947115692164,0.4480478208148111
mlp-vpinn,199.20395167907319,0.3445108910732239,0.26004374149286485,0.44797381255329777
mlp-vpinn,199.4029637593049,0.34447997581705425,0.2600294526089347,0.4478898430320309
mlp-vpinn,199.6019758395366,0.3444490571123891,0.26001516293977256,0.44780585776536846
mlp-vpinn,199.80098791976832,0.3444181349579374,0.26000087248524906,0.4477218567444497
mlp-vpinn,200.0,0.3443714908924611,0.25998658124523466,0.4476378399604055
