plot-name,time,median,low,high
mlp-fosls,0.549372673034668,0.6252117690781918,0.5376443868590454,0.723892268361384
mlp-fosls,0.7490229506392379,0.5799623815595865,0.5143556690627584,0.6642038765873767
mlp-fosls,0.9486732282438077,0.5338590981916946,0.4898728490684464,0.5982008116554443
mlp-fosls,1.1483235058483778,0.49489989246354826,0.4686989321002376,0.537052955431557
mlp-fosls,1.3479737834529475,0.48449356665775123,0.4597499177965402,0.5146606268501884
mlp-fosls,1.5476240610575176,0.473648574929562,0.44343747169527264,0.4983284883667114
mlp-fosls,1.7472743386620875,0.4650163983481945,0.42686738824813764,0.48612119474285975
mlp-fosls,1.9469246162666574,0.45871096630887787,0.4100494636666108,0.47909761134777856
mlp-fosls,2.146574893871227,0.45231597173693117,0.39251160257598,0.4719695185285473
mlp-fosls,2.346225171475797,0.44560259102446864,0.37275458242316933,0.4662869226424921
mlp-fosls,2.5458754490803672,0.4394109207003129,0.3512942257335487,0.46120924973474753
mlp-fosls,2.745525726684937,0.4331281676532841,0.3284346013287814,0.45607504848914077
mlp-fosls,2.945176004289507,0.42223344918047906,0.3135704275870024,0.4519503987533559
mlp-fosls,3.1448262818940766,0.4108229225515381,0.29846935553720816,0.44786265853239215
mlp-fosls,3.3444765594986468,0.3980042085455817,0.28290688395760744,0.4432539451392955
mlp-fosls,3.5441268371032164,0.3784681969423245,0.2679878549940699,0.43621036260821333
mlp-fosls,3.7437771147077865,0.35779795275605913,0.25218777896250666,0.42905116362973345
mlp-fosls,3.9434273923123566,0.33856253405158065,0.23909657613013152,0.41992473534541275
mlp-fosls,4.143077669916926,0.32163110888998453,0.23046264031504723,0.4078156130163008
mlp-fosls,4.342727947521496,0.29944534360435937,0.22149240267967182,0.3978022738155925
mlp-fosls,4.5423782251260665,0.28175476170006075,0.21388941616777193,0.38697731621449066
mlp-fosls,4.742028502730636,0.2668365250062274,0.2069018589205088,0.37459715676720196
mlp-fosls,4.941678780335206,0.25102703462110243,0.1996699178667982,0.3617936102967733
mlp-fosls,5.1413290579397755,0.23919842713877307,0.19280337536349174,0.34583650174352576
mlp-fosls,5.340979335544346,0.22724626253234248,0.1857510389715128,0.32881775255848505
mlp-fosls,5.540629613148916,0.21627521998177446,0.17890370540065645,0.31174597268546195
mlp-fosls,5.740279890753485,0.2076298790993697,0.17470791640947173,0.29905166955501267
mlp-fosls,5.939930168358056,0.1995148452644829,0.17040885043386989,0.28579407034029974
mlp-fosls,6.1395804459626255,0.1922001490987085,0.16631904910520345,0.2723098338446528
mlp-fosls,6.339230723567195,0.18680823777500177,0.16265070425556216,0.25882615606892184
mlp-fosls,6.538881001171765,0.18125388464622316,0.15889769379824745,0.24460031177888006
mlp-fosls,6.738531278776335,0.1755847842421055,0.15563443072772462,0.23454912019380617
mlp-fosls,6.938181556380905,0.16992230723730856,0.15265750019569083,0.22718287278851954
mlp-fosls,7.137831833985475,0.1648883611699398,0.14962135109686645,0.21956963722974257
mlp-fosls,7.337482111590045,0.15990274430607598,0.1462211801743552,0.21058585803573052
mlp-fosls,7.537132389194615,0.15549631860217292,0.14269110620247988,0.2010178379794132
mlp-fosls,7.736782666799185,0.15153436565822537,0.13939768995941348,0.1919941121173773
mlp-fosls,7.936432944403754,0.14777150065837175,0.13894223617841042,0.18795943251110092
mlp-fosls,8.136083222008324,0.14511053719270778,0.13763220178787552,0.18383622453708667
mlp-fosls,8.335733499612894,0.1426915804665953,0.13372395999614706,0.1793727413964458
mlp-fosls,8.535383777217465,0.1398253410819152,0.13216891640728218,0.1743479153188204
mlp-fosls,8.735034054822034,0.1368975566080138,0.13059535769505423,0.16917390695955728
mlp-fosls,8.934684332426604,0.1333350100687712,0.128390129163228,0.16428842092989204
mlp-fosls,9.134334610031175,0.12907119622708646,0.12505153551871798,0.15956229390724014
mlp-fosls,9.333984887635744,0.12470298832896351,0.1213210966469718,0.154691842132168
mlp-fosls,9.533635165240314,0.12279425466923014,0.12013692776086667,0.15384372230984547
mlp-fosls,9.733285442844883,0.12194143329437078,0.11819019045486696,0.15377167099126124
mlp-fosls,9.932935720449453,0.12111457992798336,0.11592724097122588,0.15334568968391332
mlp-fosls,10.132585998054024,0.11985243039589395,0.11619523848458324,0.14885385761905043
mlp-fosls,10.332236275658593,0.118720482046784,0.11428737181478352,0.1442221942403805
mlp-fosls,10.531886553263163,0.11802881724672692,0.11206528385448314,0.1403147801323966
mlp-fosls,10.731536830867734,0.11643235789284176,0.11008623682125859,0.13818157428941483
mlp-fosls,10.931187108472303,0.1151972279609646,0.10807095460643708,0.13601491617686404
mlp-fosls,11.130837386076873,0.11344015110451605,0.10723801492891909,0.13371283044614068
mlp-fosls,11.330487663681444,0.11116719271769582,0.10641758947436752,0.13129091594997513
mlp-fosls,11.530137941286013,0.10926530168887963,0.10558115083829772,0.13130994374211946
mlp-fosls,11.729788218890583,0.10839901820426762,0.10456795776733518,0.1291523285082993
mlp-fosls,11.929438496495154,0.10765449173577518,0.10347294290626577,0.1301684630585032
mlp-fosls,12.129088774099722,0.1068963851220232,0.1023662153043448,0.1310087685869755
mlp-fosls,12.328739051704293,0.10553011411522623,0.10208648503864054,0.12809640670501532
mlp-fosls,12.528389329308862,0.10437075882056737,0.10148251613051401,0.12511627142301557
mlp-fosls,12.728039606913432,0.10336796588157533,0.10078406534427281,0.12468479588341456
mlp-fosls,12.927689884518003,0.10211155119639603,0.09990910670307483,0.12197821776337242
mlp-fosls,13.127340162122572,0.10121798864590736,0.09902641757174765,0.1192102046511483
mlp-fosls,13.326990439727142,0.10028452546811817,0.0990719139091803,0.11678947884909706
mlp-fosls,13.526640717331713,0.09968971901157421,0.09857249357447175,0.11568737790370348
mlp-fosls,13.726290994936281,0.09978342015493116,0.09725919676562601,0.1150445094014632
mlp-fosls,13.925941272540852,0.09895167932835423,0.0957317272148485,0.11365358810267123
mlp-fosls,14.125591550145423,0.09791719131671983,0.0942056453551404,0.11243977989998995
mlp-fosls,14.325241827749991,0.096880361238926,0.0924777412578362,0.11121429016489971
mlp-fosls,14.524892105354562,0.09545491411804174,0.09231959067357531,0.11034171225918792
mlp-fosls,14.72454238295913,0.09508028908979672,0.0920605833665902,0.10946217881851401
mlp-fosls,14.924192660563701,0.0950047802290851,0.09168084847102065,0.10851187045964036
mlp-fosls,15.123842938168272,0.09397062220820258,0.09040817221221178,0.10809261724940775
mlp-fosls,15.32349321577284,0.0934560499833394,0.08911732283422591,0.10812697227913834
mlp-fosls,15.523143493377411,0.09344203841682665,0.08829418213883745,0.1073476545566809
mlp-fosls,15.722793770981982,0.09297547976983184,0.0878865810441651,0.10544049355223602
mlp-fosls,15.92244404858655,0.09249749128337906,0.08731696599160046,0.10359359128352727
mlp-fosls,16.12209432619112,0.09174809534407666,0.08717409770558901,0.10263915256094755
mlp-fosls,16.321744603795693,0.09080721422584075,0.08740158861371486,0.10162061365961038
mlp-fosls,16.521394881400262,0.09102004563264393,0.0869147979599388,0.10059176210148682
mlp-fosls,16.72104515900483,0.08996334061602725,0.08729919362289706,0.09947967857291173
mlp-fosls,16.9206954366094,0.08892156117788969,0.08560237204454782,0.09859725336224462
mlp-fosls,17.120345714213972,0.08877150695667144,0.08402695278714041,0.09786564492485872
mlp-fosls,17.31999599181854,0.0902432850338084,0.08489951230199824,0.09812518095299769
mlp-fosls,17.51964626942311,0.09070020730978655,0.08490063922077672,0.0983840323302443
mlp-fosls,17.71929654702768,0.09061383214250267,0.0851471922661437,0.09786240889627099
mlp-fosls,17.91894682463225,0.09034252318636868,0.08505444434890913,0.09598175054406487
mlp-fosls,18.11859710223682,0.08970471456766899,0.08371496742823642,0.09656870400054138
mlp-fosls,18.31824737984139,0.0883135762652605,0.08316421146649194,0.09589992831798216
mlp-fosls,18.51789765744596,0.08684652288445138,0.08317797687472947,0.09495808108563367
mlp-fosls,18.71754793505053,0.08659877668518248,0.08293285713096776,0.09509880834035368
mlp-fosls,18.917198212655098,0.08628951619867323,0.08381814257370257,0.09489452476626437
mlp-fosls,19.11684849025967,0.08620613339141209,0.08261232495196957,0.09452491233698883
mlp-fosls,19.31649876786424,0.08707462633206085,0.08118923394136227,0.09408902192540756
mlp-fosls,19.516149045468808,0.08582031301868882,0.08073441175494922,0.09291924193353814
mlp-fosls,19.71579932307338,0.08544666410564804,0.08034021326270142,0.09267193680310166
mlp-fosls,19.91544960067795,0.08500371168417648,0.08012418962830892,0.09240492321093445
mlp-fosls,20.115099878282518,0.08368836574591829,0.08076147028789281,0.0926715574928176
mlp-fosls,20.31475015588709,0.08259249193493787,0.08139376144724596,0.09397357214238153
mlp-fosls,20.51440043349166,0.08219146653207882,0.08092692639733454,0.0935261351629487
mlp-fosls,20.714050711096228,0.08207744506281145,0.08014645024165176,0.0916907024662991
mlp-fosls,20.9137009887008,0.08205931983455933,0.07897567160789234,0.08981777039655695
mlp-fosls,21.11335126630537,0.0820340721566807,0.07860304281913418,0.08910033723347675
mlp-fosls,21.313001543909937,0.0821920082519372,0.0786821244759229,0.08940096921859955
mlp-fosls,21.51265182151451,0.08246459858892659,0.07876112672926036,0.09031222014119908
mlp-fosls,21.71230209911908,0.08175191472743934,0.07900336851946174,0.08910116341454317
mlp-fosls,21.911952376723647,0.08121506028850412,0.07892082730604871,0.08989584310257343
mlp-fosls,22.11160265432822,0.08134328058355003,0.07928645074941457,0.0903024367071325
mlp-fosls,22.31125293193279,0.08227498081865062,0.07873035112967905,0.08970041043938633
mlp-fosls,22.510903209537357,0.0831947447637444,0.07792770609994973,0.08909431626508542
mlp-fosls,22.71055348714193,0.08330048835992984,0.07724562407652144,0.0882656125363106
mlp-fosls,22.910203764746498,0.08234737636705108,0.07688689586680657,0.08721913881995103
mlp-fosls,23.109854042351067,0.08216917003510976,0.07652648608877219,0.08615995587613577
mlp-fosls,23.30950431995564,0.08147265377395661,0.07631838797795679,0.08560395586736988
mlp-fosls,23.509154597560208,0.08104901159217143,0.07615875030951362,0.08522997705781168
mlp-fosls,23.708804875164777,0.08133475802270528,0.07599877731818944,0.08550370334388477
mlp-fosls,23.908455152769346,0.08086521056566551,0.0766318558558712,0.08518061625330449
mlp-fosls,24.108105430373918,0.08028920541241294,0.07743977786452716,0.0855242033730477
mlp-fosls,24.307755707978487,0.0796830648572758,0.07792321930005945,0.08565860275911605
mlp-fosls,24.507405985583055,0.07881411069119139,0.07711744347116599,0.08502262386901191
mlp-fosls,24.707056263187628,0.07904423971021968,0.07606649366197261,0.08464138697403227
mlp-fosls,24.906706540792197,0.0790298782526287,0.07548888238974066,0.08445419201316597
mlp-fosls,25.106356818396765,0.0792699764998504,0.07615162306635025,0.08481656513421452
mlp-fosls,25.306007096001338,0.07897310903738786,0.07553207947164169,0.0853539122715521
mlp-fosls,25.505657373605906,0.07857326582818706,0.07591348605440593,0.08443654364213211
mlp-fosls,25.705307651210475,0.07819241661440549,0.07571791130242839,0.08285012167130087
mlp-fosls,25.904957928815048,0.07781570220843642,0.07477400759908921,0.08123272382278604
mlp-fosls,26.104608206419616,0.07785046610761717,0.07482105198308071,0.08103749149302983
mlp-fosls,26.304258484024185,0.07738869681848384,0.0752016226684649,0.08094862684118631
mlp-fosls,26.503908761628757,0.07760337617392338,0.07558027708394222,0.08093195701547984
mlp-fosls,26.703559039233326,0.07732175488251569,0.07578631664435605,0.0812708025737659
mlp-fosls,26.903209316837895,0.07713157799527234,0.07545238696618947,0.08160824122362026
mlp-fosls,27.102859594442467,0.07695635426637637,0.07498773141660525,0.08200680724142112
mlp-fosls,27.302509872047036,0.07721597617348566,0.07498376317841655,0.08327963637894988
mlp-fosls,27.502160149651605,0.07698632054511531,0.07401427520499462,0.08453330253153854
mlp-fosls,27.701810427256177,0.07668248270319344,0.0741211734213154,0.08477420583252507
mlp-fosls,27.901460704860746,0.07680120517462452,0.07433713604273676,0.08417611630632998
mlp-fosls,28.101110982465315,0.07707630079320849,0.07455153367102511,0.08357374670492079
mlp-fosls,28.300761260069887,0.07702469703723971,0.07476007250763865,0.08215516411690721
mlp-fosls,28.500411537674456,0.07668190014634788,0.07469020807731394,0.08069171228414261
mlp-fosls,28.700061815279025,0.07605041063026122,0.07425176822904664,0.08073207691075415
mlp-fosls,28.899712092883593,0.07618746568101892,0.07398294490833573,0.07996458555583762
mlp-fosls,29.099362370488166,0.07632424905191079,0.0737285851475072,0.07918965616739235
mlp-fosls,29.299012648092734,0.07621898251481239,0.07353339209966472,0.07899634315134049
mlp-fosls,29.498662925697303,0.07577902570593822,0.07367269341286083,0.07928788327310214
mlp-fosls,29.698313203301876,0.07533649609471782,0.07381173182989098,0.07957835532714787
mlp-fosls,29.897963480906444,0.07533038184469695,0.07381621998261285,0.07956143339105351
mlp-fosls,30.097613758511013,0.07520784301946923,0.07360644287490874,0.0792221464426928
mlp-fosls,30.297264036115585,0.07498610447567292,0.07339606619480986,0.07888140015704516
mlp-fosls,30.496914313720154,0.07482108632729947,0.07314088752878352,0.07878617001039998
mlp-fosls,30.696564591324723,0.07516333707554795,0.0728575800732032,0.07878484200033509
mlp-fosls,30.896214868929295,0.0754211538736987,0.07257316666474098,0.07878351396788466
mlp-fosls,31.095865146533864,0.07492927886843252,0.07288509121795383,0.07950305527409474
mlp-fosls,31.295515424138433,0.07444126613961935,0.07273607568248826,0.08024557019788747
mlp-fosls,31.495165701743005,0.07458990185601638,0.07260774804940151,0.0805944051673427
mlp-fosls,31.694815979347574,0.07515460391036682,0.07284113175533612,0.0793406228540593
mlp-fosls,31.894466256952143,0.07525836395795306,0.0727635705297318,0.07806670689520825
mlp-fosls,32.09411653455672,0.07531631648539736,0.07294356798140084,0.07756640427350278
mlp-fosls,32.29376681216128,0.07529715231281121,0.0736526671678081,0.07904011191950484
mlp-fosls,32.493417089765856,0.07527725472068661,0.07356310873974319,0.08048684061742793
mlp-fosls,32.693067367370425,0.07499008031489207,0.07345504972780927,0.08013794841754501
mlp-fosls,32.892717644974994,0.07465214439734769,0.07324222607858111,0.07930759141431315
mlp-fosls,33.09236792257956,0.07434064814910371,0.07291596269139168,0.07848200193884554
mlp-fosls,33.29201820018413,0.07450446914491524,0.07258431281004836,0.07813081963276815
mlp-fosls,33.4916684777887,0.07466787383773149,0.0722511405930832,0.07792374307589597
mlp-fosls,33.691318755393276,0.07469554795410471,0.07210571780265866,0.07788000575321113
mlp-fosls,33.890969032997845,0.0744115331384551,0.07209618958747954,0.0778505274712218
mlp-fosls,34.09061931060241,0.07412643010541911,0.07208666011288732,0.07811254704155654
mlp-fosls,34.29026958820698,0.07400311611177633,0.0720789993034036,0.07825946899352151
mlp-fosls,34.48991986581155,0.07401495398070199,0.07204095819864371,0.07829365566375521
mlp-fosls,34.68957014341612,0.0740267882678782,0.07171908810709482,0.07832782741300424
mlp-fosls,34.889220421020696,0.07398033138237378,0.07161229639163166,0.07808298150338973
mlp-fosls,35.088870698625264,0.07419269317179922,0.07172913848286677,0.07773924507010939
mlp-fosls,35.28852097622983,0.07437862772226861,0.07184579055522777,0.07793082541348725
mlp-fosls,35.4881712538344,0.0740333122785212,0.07171433051614451,0.07734906998280262
mlp-fosls,35.68782153143897,0.073715879558138,0.07148800368079743,0.07653562497492934
mlp-fosls,35.88747180904354,0.0738045393676438,0.07126095802859092,0.07577249300650057
mlp-fosls,36.087122086648115,0.07384694951477608,0.07119955246882687,0.07567699488266044
mlp-fosls,36.286772364252684,0.07373098455576853,0.07114532073747969,0.07603498407074614
mlp-fosls,36.48642264185725,0.07338076515750484,0.07111539630983588,0.07622631045896336
mlp-fosls,36.68607291946182,0.07329213541742119,0.07118740688988524,0.07610782177992616
mlp-fosls,36.88572319706639,0.07323973462431593,0.070987610481793,0.07626719804879319
mlp-fosls,37.08537347467096,0.07312095875419357,0.07123945779875704,0.07636967005994688
mlp-fosls,37.28502375227553,0.07298529201237375,0.07109604108377215,0.0762940680376575
mlp-fosls,37.484674029880104,0.07309886518673939,0.07095233447963464,0.07621839102476695
mlp-fosls,37.68432430748467,0.07335134766801887,0.07101333664481975,0.07580027604552213
mlp-fosls,37.88397458508924,0.07382205866211146,0.07117925187165215,0.0752871988895369
mlp-fosls,38.08362486269381,0.0737623966990616,0.07134384167188555,0.07512748541631904
mlp-fosls,38.28327514029838,0.07363795630804681,0.0712982082943206,0.0751029806714863
mlp-fosls,38.48292541790295,0.07319722260646958,0.07122662255945297,0.07507846792858827
mlp-fosls,38.68257569550752,0.07314729620569209,0.07120535688344516,0.07503434605632937
mlp-fosls,38.88222597311209,0.07302016015838339,0.07152480407674174,0.07497472287076838
mlp-fosls,39.08187625071666,0.07320714899157357,0.07116359557848165,0.0756153038383844
mlp-fosls,39.28152652832123,0.07322778126015833,0.07124388490089383,0.07542580896834385
mlp-fosls,39.4811768059258,0.07345526968282776,0.07150788654372461,0.07522850160758693
mlp-fosls,39.68082708353037,0.07339226720179655,0.07117484579091043,0.075449772683351
mlp-fosls,39.88047736113494,0.07330353992667785,0.071239317103228,0.07513532380422747
mlp-fosls,40.08012763873951,0.07307315600202152,0.07112646743249357,0.07498720251749236
mlp-fosls,40.27977791634408,0.07273372436421706,0.07104291945422768,0.07499745803336232
mlp-fosls,40.47942819394865,0.0726592654784381,0.07098903792909067,0.0750242928999139
mlp-fosls,40.67907847155322,0.07278541774262193,0.07093511547615797,0.07505168527388593
mlp-fosls,40.87872874915779,0.07278103919127434,0.07079956719418896,0.0750922097014569
mlp-fosls,41.07837902676236,0.07247847435494109,0.07074669197120892,0.07518424851341862
mlp-fosls,41.27802930436693,0.07217463249189823,0.07069377720035729,0.07527617479128043
mlp-fosls,41.4776795819715,0.07226700890378648,0.07081693060647187,0.0752988418317406
mlp-fosls,41.67732985957607,0.07247200054408548,0.07088874261283613,0.0752331029809032
mlp-fosls,41.87698013718064,0.07258250133704786,0.0704574410274884,0.07516730663705387
mlp-fosls,42.07663041478521,0.07261788881519056,0.07039595776155191,0.07485522986128403
mlp-fosls,42.276280692389776,0.072650472523898,0.07053212843162238,0.0745537183813757
mlp-fosls,42.47593096999435,0.07271033125985227,0.07038367803593015,0.07459174176402648
mlp-fosls,42.67558124759892,0.07259751614620463,0.07025333630301912,0.0741538038578194
mlp-fosls,42.87523152520349,0.0724368641351096,0.07012275229584711,0.07417755774206367
mlp-fosls,43.07488180280806,0.07229409167729797,0.06996841171722365,0.07425265719860433
mlp-fosls,43.27453208041263,0.07224059157932963,0.07001364468842923,0.07406711612345984
mlp-fosls,43.474182358017195,0.07227995921385211,0.07005936762639534,0.07447676250046799
mlp-fosls,43.67383263562177,0.07240805304300683,0.07020217281519092,0.0750897445942969
mlp-fosls,43.87348291322634,0.07238882277694403,0.07044246601263529,0.07582371828436177
mlp-fosls,44.07313319083091,0.07249030610067042,0.07052782357473115,0.07655065490050214
mlp-fosls,44.27278346843548,0.07276335476106818,0.0705929965964794,0.07606156222894632
mlp-fosls,44.472433746040046,0.0723473857819021,0.07035941060888384,0.07523893019519215
mlp-fosls,44.672084023644615,0.0723876624557552,0.07003438370970402,0.07459320326523979
mlp-fosls,44.87173430124919,0.07236282311844439,0.06989087642320978,0.07426526872570216
mlp-fosls,45.07138457885376,0.0721247332129065,0.06991755793899691,0.0744022561896292
mlp-fosls,45.27103485645833,0.07204042508391201,0.06994422927662869,0.07449372923893426
mlp-fosls,45.4706851340629,0.07214297820952338,0.07027834243286998,0.07412029494603262
mlp-fosls,45.670335411667466,0.0720471285210902,0.07003799137315572,0.07374496965793728
mlp-fosls,45.869985689272035,0.07204050943022605,0.07014350631951752,0.0736758168593156
mlp-fosls,46.06963596687661,0.0720839216881472,0.07050060054133249,0.07381174948409423
mlp-fosls,46.26928624448118,0.07194183396160898,0.07067192476534827,0.07397877621134859
mlp-fosls,46.46893652208575,0.07208371472672762,0.07040608773260752,0.07383874596297503
mlp-fosls,46.66858679969032,0.07210828663418624,0.0701597317804509,0.07342352044454868
mlp-fosls,46.868237077294886,0.07192379539628249,0.06998849798274474,0.07308617915069583
mlp-fosls,47.067887354899455,0.07191127206164744,0.07000979059770905,0.0732316614630414
mlp-fosls,47.26753763250402,0.07190515725020821,0.06977764218185593,0.07345114224395644
mlp-fosls,47.4671879101086,0.07214686455752946,0.06965794585083829,0.07344374479557798
mlp-fosls,47.66683818771317,0.0720934710056092,0.06980850667686798,0.07297770546943146
mlp-fosls,47.86648846531774,0.07191395549729179,0.06986138294835972,0.07301336175860369
mlp-fosls,48.066138742922305,0.07180327473694575,0.06952142775451381,0.07314368463173486
mlp-fosls,48.265789020526874,0.07189721639962157,0.06960950833387777,0.0733116329062531
mlp-fosls,48.46543929813144,0.07193696591165097,0.06956557709890554,0.07360889776446364
mlp-fosls,48.66508957573602,0.07179805220061852,0.0696195204445632,0.07329314288602885
mlp-fosls,48.86473985334059,0.07166775764257757,0.06974352469638188,0.07334560128429955
mlp-fosls,49.064390130945156,0.07155668687100805,0.06986542992089075,0.07376090115071669
mlp-fosls,49.264040408549725,0.07159902098234901,0.06980182744423233,0.07338981219241263
mlp-fosls,49.463690686154294,0.07163492817345582,0.0697381669609825,0.07325964443363438
mlp-fosls,49.66334096375886,0.07156223266091948,0.06968961373319756,0.07339058960372027
mlp-fosls,49.86299124136344,0.0714833586735396,0.06968705082868625,0.07331387777227752
mlp-fosls,50.06264151896801,0.07140175891742526,0.06968448782991465,0.07323170343184539
mlp-fosls,50.262291796572576,0.07136639317269355,0.0696196770081339,0.07313164538296238
mlp-fosls,50.461942074177145,0.07139941854909558,0.06948907261918884,0.07341514649312944
mlp-fosls,50.661592351781714,0.0714324262032103,0.06935822229723677,0.07369755703411035
mlp-fosls,50.86124262938628,0.0715761058817033,0.06943174810441632,0.07314694988362619
mlp-fosls,51.06089290699086,0.07176885657394144,0.0695823639391982,0.07303164241807804
mlp-fosls,51.26054318459543,0.07174737058969513,0.06967389192502213,0.0733506014251275
mlp-fosls,51.460193462199996,0.07158466637369341,0.06953816602206832,0.07351587177454956
mlp-fosls,51.659843739804565,0.07128785555529743,0.0694021746881595,0.07367774829609802
mlp-fosls,51.85949401740913,0.07108351051757837,0.0693735989994313,0.0735963167764685
mlp-fosls,52.0591442950137,0.0713729573383676,0.06941657605953779,0.0726227756054192
mlp-fosls,52.25879457261827,0.07162079389295481,0.06945952652822572,0.07248109704359201
mlp-fosls,52.45844485022285,0.07137740666095448,0.0694536354046996,0.07241348290452095
mlp-fosls,52.658095127827416,0.0714055107445741,0.06943868614196999,0.07245574362985799
mlp-fosls,52.857745405431984,0.07117282761692442,0.06943308603321707,0.07249797972045886
mlp-fosls,53.05739568303655,0.07125824683639632,0.06952634030513646,0.07246415768995304
mlp-fosls,53.25704596064112,0.0715128623679407,0.06961946966442048,0.07237637656326558
mlp-fosls,53.45669623824569,0.07134034586266266,0.06957856728170608,0.07243598024138849
mlp-fosls,53.65634651585027,0.0712964560976892,0.06955430957659983,0.07239159312289982
mlp-fosls,53.855996793454835,0.07124279920637852,0.06950080107588887,0.07225344023611606
mlp-fosls,54.055647071059404,0.07114958438712608,0.06949588562687564,0.07220695420256401
mlp-fosls,54.25529734866397,0.0710896213501818,0.06954547920168144,0.07242767643428559
mlp-fosls,54.45494762626854,0.07102959048193494,0.06959503743600712,0.07264772805895556
mlp-fosls,54.65459790387311,0.07103461462959612,0.06957322913889434,0.07277222687706236
mlp-fosls,54.854248181477686,0.07119037722760958,0.06953525400350029,0.07267614956675339
mlp-fosls,55.053898459082255,0.07114673563744933,0.06943704887372767,0.07257994507473521
mlp-fosls,55.253548736686824,0.07113229146500738,0.06933499711007762,0.07245154182418627
mlp-fosls,55.45319901429139,0.07114641594514354,0.06931629525856156,0.07248710308378249
mlp-fosls,55.65284929189596,0.0711506633738827,0.06929081292081914,0.07252264690602518
mlp-fosls,55.85249956950053,0.07109674554666011,0.06930965939064863,0.0724825512720606
mlp-fosls,56.052149847105106,0.07105714194860374,0.06929119789194334,0.07238492988190831
mlp-fosls,56.251800124709675,0.07102768484370901,0.06928790009316094,0.07228717665748659
mlp-fosls,56.451450402314244,0.07102581324411425,0.06930786685480837,0.07209862153735826
mlp-fosls,56.65110067991881,0.07096739663168058,0.06918528923605637,0.07188739008021217
mlp-fosls,56.85075095752338,0.0709568342662069,0.06917999473685496,0.0719226556981467
mlp-fosls,57.05040123512795,0.07107759642372316,0.06920630427335185,0.07179905036765868
mlp-fosls,57.25005151273252,0.07119805063157032,0.06923049429785647,0.07194207967371567
mlp-fosls,57.449701790337095,0.0712522568050539,0.06918822737935947,0.07199755951648196
mlp-fosls,57.64935206794166,0.07135552632748576,0.06914593462431724,0.07196217663338779
mlp-fosls,57.84900234554623,0.07149333428575819,0.06912611337555678,0.07192677634442159
mlp-fosls,58.0486526231508,0.07129152521362775,0.06916592811747874,0.07217664699648615
mlp-fosls,58.24830290075537,0.07103551353383653,0.06920571995358579,0.07281238748984266
mlp-fosls,58.44795317835994,0.07077007044852346,0.06925553775548582,0.07323540907378874
mlp-fosls,58.647603455964514,0.07083381782820182,0.06916857608416875,0.07271357457380768
mlp-fosls,58.84725373356908,0.07088684807916601,0.06902051928369318,0.07273906559658389
mlp-fosls,59.04690401117365,0.07091226606204262,0.06892362702286169,0.07276454768929423
mlp-fosls,59.24655428877822,0.0708881071135915,0.06894124722970466,0.07237993249322537
mlp-fosls,59.44620456638279,0.07082275309342237,0.06895886293427385,0.07226281926526706
mlp-fosls,59.64585484398736,0.07076554143229463,0.0689357888633067,0.07218389369803765
mlp-fosls,59.845505121591934,0.07071878821534301,0.06887917542798568,0.07196118887043343
mlp-fosls,60.0451553991965,0.07067200406842548,0.06882251542244043,0.07219420611534519
mlp-fosls,60.24480567680107,0.07078278899252427,0.06924370333658174,0.07239828771059757
mlp-fosls,60.44445595440564,0.07073600885251735,0.069315840736909,0.07256806926391145
mlp-fosls,60.64410623201021,0.07077977941021088,0.06938790314143038,0.07273745451936874
mlp-fosls,60.84375650961478,0.07090930466425437,0.06939327579319796,0.07257705896651578
mlp-fosls,61.043406787219354,0.07111804429480892,0.06933015132528289,0.07226820089268748
mlp-fosls,61.24305706482392,0.07104394461929381,0.0690798416176056,0.07247468254267979
mlp-fosls,61.44270734242849,0.07089528645189738,0.06902812284088178,0.07269146295879611
mlp-fosls,61.64235762003306,0.07074628306222523,0.06897636528520662,0.072907598811906
mlp-fosls,61.84200789763763,0.0707427202014479,0.0688983487942605,0.0729180319408212
mlp-fosls,62.0416581752422,0.07085524224466014,0.06879443801424334,0.07261360436843269
mlp-fosls,62.241308452846766,0.07096215227906078,0.06869037004424684,0.07266055649114955
mlp-fosls,62.44095873045134,0.07095436858888798,0.06869713488687947,0.07231292070756423
mlp-fosls,62.64060900805591,0.07087189666740284,0.06874223386011745,0.07180160972213846
mlp-fosls,62.84025928566048,0.07078905513368122,0.06878730326515238,0.07132280615038812
mlp-fosls,63.03990956326505,0.07069345044323286,0.06887206038323128,0.07140054381372529
mlp-fosls,63.23955984086962,0.07060246364629286,0.06895745526477098,0.07169207598606762
mlp-fosls,63.439210118474186,0.07052078189895734,0.06902377321220986,0.0719300918191462
mlp-fosls,63.63886039607876,0.07049136871096515,0.06902194814240022,0.07173994503696934
mlp-fosls,63.83851067368333,0.0704619425062565,0.06885558764272709,0.07154929292944805
mlp-fosls,64.03816095128789,0.07054097722722884,0.06891376170236069,0.07140847989313687
mlp-fosls,64.23781122889247,0.07072519301062816,0.06898627251395929,0.07154440361702173
mlp-fosls,64.43746150649704,0.07084831097144814,0.06905374863333114,0.07191632554270555
mlp-fosls,64.6371117841016,0.07085609784148562,0.0689766211649399,0.07217463010950272
mlp-fosls,64.83676206170618,0.0707870757140722,0.06890969224171052,0.07221622039696715
mlp-fosls,65.03641233931074,0.07060601743145284,0.06882204432717363,0.07225778674581122
mlp-fosls,65.23606261691532,0.07050842836792044,0.06883982526741453,0.07212497741767128
mlp-fosls,65.4357128945199,0.07043511414728035,0.06886504217872359,0.07186337115605325
mlp-fosls,65.63536317212446,0.07037020803830202,0.06886844857833317,0.07166273687834449
mlp-fosls,65.83501344972903,0.07048001318323141,0.06876761310037915,0.0716338062391436
mlp-fosls,66.0346637273336,0.0705820827444763,0.06866662954784046,0.07173516853468338
mlp-fosls,66.23431400493817,0.07065989523025792,0.06863052057273637,0.07182107331325589
mlp-fosls,66.43396428254273,0.0706398370138229,0.06868733133964404,0.07160233289284687
mlp-fosls,66.63361456014731,0.07061509422859698,0.06874409515761555,0.07138292218400731
mlp-fosls,66.83326483775188,0.07057733269036903,0.06875507910486164,0.07127685155458174
mlp-fosls,67.03291511535645,0.07059176171783185,0.0687414508031935,0.0714583836451823
mlp-fosls,67.23256539296102,0.07049076240853464,0.06872781979911746,0.0716394557407455
mlp-fosls,67.43221567056558,0.07054241212497148,0.06885547859383236,0.07172356812026408
mlp-fosls,67.63186594817016,0.07060883485503434,0.06885432802436744,0.07171834609268977
mlp-fosls,67.83151622577472,0.07065411283299536,0.06884060460676689,0.07171312368485631
mlp-fosls,68.0311665033793,0.0704765018659041,0.06882548490638143,0.07173289649867262
mlp-fosls,68.23081678098387,0.07034442920304451,0.06880918357290504,0.07176074109130223
mlp-fosls,68.43046705858843,0.07026122349577255,0.06879287837662376,0.07178857488386677
mlp-fosls,68.63011733619301,0.0703351702796049,0.06879168746756917,0.07207869795724246
mlp-fosls,68.82976761379757,0.07040868901839259,0.068730307426717,0.07271390405591659
mlp-fosls,69.02941789140215,0.07042986370467616,0.06879709870561147,0.07240407317694439
mlp-fosls,69.22906816900672,0.07046387381178801,0.06872130244002993,0.07167682344126065
mlp-fosls,69.42871844661128,0.07044191358115513,0.06864542248248225,0.07154680226818086
mlp-fosls,69.62836872421586,0.07045549911499598,0.0686400491720335,0.0714487605396761
mlp-fosls,69.82801900182042,0.0705133769222823,0.06884977894455503,0.07126661079864993
mlp-fosls,70.027669279425,0.07057714572541185,0.06894891895056533,0.07135505405675156
mlp-fosls,70.22731955702956,0.07056739153060493,0.06890321061695685,0.07129049968608132
mlp-fosls,70.42696983463414,0.07055280263622973,0.06885747194166952,0.07124256653947253
mlp-fosls,70.62662011223871,0.07051924608536869,0.06883014401460263,0.07127184512637896
mlp-fosls,70.82627038984327,0.07042122849664831,0.06884147004785657,0.07113053462333303
mlp-fosls,71.02592066744785,0.07030361619950963,0.06873408449714953,0.07108985599674612
mlp-fosls,71.22557094505241,0.07025639095704644,0.06833564790506916,0.0710229520532986
mlp-fosls,71.42522122265699,0.07027009360472468,0.0686811175258385,0.07097823296186208
mlp-fosls,71.62487150026156,0.07029302778945815,0.06879431474294713,0.07109616927412735
mlp-fosls,71.82452177786612,0.07027473421473832,0.06879013510374131,0.07118482745983636
mlp-fosls,72.0241720554707,0.070216064609323,0.06879107405994385,0.07130337485525857
mlp-fosls,72.22382233307526,0.0701680246255559,0.06878850792687026,0.07142172548330353
mlp-fosls,72.42347261067984,0.07019745248725981,0.06870121787170053,0.0714732046275996
mlp-fosls,72.6231228882844,0.07024671165499428,0.06861381676677544,0.07148771672023094
mlp-fosls,72.82277316588898,0.07032954673797753,0.0685651246530596,0.07150222586748785
mlp-fosls,73.02242344349355,0.070245394855519,0.0686168070229602,0.07126083333235558
mlp-fosls,73.22207372109811,0.0701611342051904,0.06866845049484312,0.0709835694199793
mlp-fosls,73.42172399870269,0.07015207327881605,0.0686510297852177,0.07087750636918644
mlp-fosls,73.62137427630725,0.0702624026782325,0.06866321652879642,0.0708038351961409
mlp-fosls,73.82102455391183,0.07037249714333912,0.06868835716889837,0.07084990117751773
mlp-fosls,74.02067483151639,0.07035849821196791,0.06872163606244833,0.07093817704762956
mlp-fosls,74.22032510912096,0.07026902086670556,0.06866730166348545,0.07109101990835938
mlp-fosls,74.41997538672554,0.07017934834518022,0.06859334892552305,0.07124353486724717
mlp-fosls,74.6196256643301,0.07024698683519637,0.06867082172583046,0.07134410155174306
mlp-fosls,74.81927594193468,0.0702617607183108,0.0687490061747305,0.07150323581486502
mlp-fosls,75.01892621953924,0.07023571808583631,0.06879952299144426,0.07161572575694625
mlp-fosls,75.21857649714381,0.0701799146005557,0.06875929493660535,0.07136204137165195
mlp-fosls,75.41822677474839,0.07013881964305779,0.06871904333230999,0.07110745194256783
mlp-fosls,75.61787705235295,0.07016427083262872,0.06863520632786545,0.07092386111093985
mlp-fosls,75.81752732995753,0.07016065388377846,0.06850237224892405,0.07087327337753338
mlp-fosls,76.01717760756209,0.07007297094428781,0.06836928008829446,0.07095080006712698
mlp-fosls,76.21682788516667,0.07014358936591841,0.06841443728517867,0.07109483914407812
mlp-fosls,76.41647816277123,0.0703286314969559,0.06853205733953124,0.071132614021577
mlp-fosls,76.6161284403758,0.07035253143766049,0.06864947587075924,0.07117036884942331
mlp-fosls,76.81577871798038,0.07029881289569198,0.06863988442438053,0.07109110801593928
mlp-fosls,77.01542899558494,0.0701658855922479,0.06862357855491101,0.07123689228050602
mlp-fosls,77.21507927318952,0.06995214073340988,0.0686344123515413,0.07143764682135112
mlp-fosls,77.41472955079408,0.07000491686153242,0.06876194669197189,0.0711690741914655
mlp-fosls,77.61437982839865,0.07005765321917361,0.06852820243706431,0.07089948419536309
mlp-fosls,77.81403010600322,0.07009848014058442,0.06854606379717881,0.07089249528452822
mlp-fosls,78.01368038360779,0.07010910383129773,0.06853748144474063,0.07089436144114702
mlp-fosls,78.21333066121237,0.07005814682084054,0.06856068527968932,0.07103464480582951
mlp-fosls,78.41298093881693,0.07009713696438671,0.06858394889796841,0.07111775699331474
mlp-fosls,78.6126312164215,0.07016121997884385,0.06850184307517014,0.07131181071477673
mlp-fosls,78.81228149402607,0.07018471136237789,0.0684118231067368,0.071601548277166
mlp-fosls,79.01193177163064,0.07016619795749213,0.06836079041586957,0.07148536020204203
mlp-fosls,79.21158204923522,0.07008223529425985,0.06831385586452654,0.07136898297400666
mlp-fosls,79.41123232683978,0.07002621110438853,0.06828307624851615,0.0712272757445926
mlp-fosls,79.61088260444436,0.07013188804026368,0.0683491005051468,0.07100932547906194
mlp-fosls,79.81053288204892,0.07023738084847753,0.06841506104480684,0.07079070419190986
mlp-fosls,80.0101831596535,0.07032988873700399,0.06853180732486526,0.0708389930566884
mlp-fosls,80.20983343725806,0.07035378790926824,0.06873035729549311,0.07116602952070715
mlp-fosls,80.40948371486263,0.07034171662870686,0.06880051059338603,0.07149156997995483
mlp-fosls,80.6091339924672,0.07026572439139811,0.06884807332283491,0.07129253302320186
mlp-fosls,80.80878427007177,0.07021999955868513,0.06865138886079537,0.07089576833684823
mlp-fosls,81.00843454767634,0.07028903454616539,0.06843342786892052,0.07067629988266133
mlp-fosls,81.2080848252809,0.0702455780609195,0.06847216168947057,0.07082242660895814
mlp-fosls,81.40773510288548,0.07014964156635617,0.06849436485047439,0.07102863595849467
mlp-fosls,81.60738538049006,0.06996885034610106,0.06857729401528502,0.07123424837441229
mlp-fosls,81.80703565809462,0.069970588188263,0.06855901493277225,0.07113617237856187
mlp-fosls,82.0066859356992,0.06993034485435426,0.06849905975942114,0.07102952157650151
mlp-fosls,82.20633621330376,0.0699412158050329,0.06846118429031278,0.07096748450223832
mlp-fosls,82.40598649090833,0.07002365776515393,0.06846678706563349,0.071078585173867
mlp-fosls,82.6056367685129,0.07003373644122016,0.06844099771012563,0.07118951245838037
mlp-fosls,82.80528704611747,0.070030486820409,0.0684538718945163,0.0711615045696877
mlp-fosls,83.00493732372205,0.0701345667106908,0.06846674365810217,0.07106983925116218
mlp-fosls,83.20458760132661,0.07023847465816929,0.06849304919770789,0.07097805555064454
mlp-fosls,83.40423787893118,0.07021962774335308,0.06848716503886842,0.07090749089137106
mlp-fosls,83.60388815653575,0.07012880732937204,0.06847832878137798,0.07119309477901369
mlp-fosls,83.80353843414032,0.07003785135817764,0.068469613422229,0.07147883084628562
mlp-fosls,84.00318871174488,0.0699730941907695,0.06846304642019024,0.07127948111190827
mlp-fosls,84.20283898934946,0.06991359478320963,0.06845647878818169,0.07104167558591638
mlp-fosls,84.40248926695403,0.06986447322196174,0.0684762628808741,0.07083408446294766
mlp-fosls,84.6021395445586,0.06988902097915155,0.06856033059873119,0.07078180099823332
mlp-fosls,84.80178982216317,0.06991355469580253,0.0686442953600957,0.0707294788854195
mlp-fosls,85.00144009976773,0.06992078282517797,0.06863069717022988,0.07072662369462733
mlp-fosls,85.20109037737231,0.06989381884517842,0.06853024052713172,0.07079659271587657
mlp-fosls,85.40074065497689,0.0698668278408611,0.06842963641099704,0.07098042082263929
mlp-fosls,85.60039093258145,0.06985022027157607,0.06837348977895538,0.07086260923917719
mlp-fosls,85.80004121018602,0.06985302490779982,0.06833073521438739,0.07081755155238209
mlp-fosls,85.99969148779059,0.06986468589675324,0.06828854164223863,0.07077246517936386
mlp-fosls,86.19934176539516,0.06992556230021679,0.06832228399448068,0.07068993173425933
mlp-fosls,86.39899204299972,0.06998129670360129,0.06835600969059838,0.07060216678625358
mlp-fosls,86.5986423206043,0.07000473765654142,0.06836908014850522,0.07052816713304073
mlp-fosls,86.79829259820887,0.0699506580385287,0.06831899382989373,0.07055671056750122
mlp-fosls,86.99794287581344,0.06986795589532825,0.06826887076483239,0.07069282531850371
mlp-fosls,87.19759315341801,0.06983034308420388,0.06828139993824885,0.07086095970225467
mlp-fosls,87.39724343102257,0.06991535821260174,0.06836036135460767,0.07068454911830155
mlp-fosls,87.59689370862715,0.07000021483460309,0.06843923166969357,0.07070889863838856
mlp-fosls,87.79654398623171,0.07007507962238607,0.0684217288662924,0.07078901425253874
mlp-fosls,87.99619426383629,0.0700479710667945,0.06836754888506212,0.07089281932877024
mlp-fosls,88.19584454144086,0.07001091553512945,0.068313325933161,0.07099647263010457
mlp-fosls,88.39549481904542,0.0700254411422444,0.06852664354989094,0.07099197893555367
mlp-fosls,88.59514509665,0.07002740508490088,0.06852903967016655,0.07096630386895413
mlp-fosls,88.79479537425456,0.06997833695323036,0.06853016508151215,0.07093975554394029
mlp-fosls,88.99444565185914,0.06996848123788112,0.06854044957198643,0.07090237699095409
mlp-fosls,89.19409592946371,0.06996038717910136,0.06844506998652232,0.07086497872222036
mlp-fosls,89.39374620706828,0.06996396096373342,0.06834352111570575,0.07082708607168764
mlp-fosls,89.59339648467285,0.06994306286067697,0.06839180095546867,0.07078812286682341
mlp-fosls,89.79304676227741,0.06988662940167639,0.06839597798482232,0.07074913820401438
mlp-fosls,89.99269703988199,0.06990643608421598,0.06839491200558014,0.0707326557929708
mlp-fosls,90.19234731748655,0.0699515443899717,0.06843726070878989,0.07073463185475046
mlp-fosls,90.39199759509113,0.06991138854272289,0.06842640189882794,0.07073660786132785
mlp-fosls,90.5916478726957,0.06989518916574494,0.06836262725872479,0.07066680386634466
mlp-fosls,90.79129815030026,0.06988500042357784,0.06829411671198866,0.07057755258172436
mlp-fosls,90.99094842790484,0.06987478225622962,0.06823860330370014,0.0705548016999643
mlp-fosls,91.1905987055094,0.06985847042889458,0.06825259187335175,0.0706244404649571
mlp-fosls,91.39024898311398,0.06983737926875301,0.06826657757659224,0.07075473177929062
mlp-fosls,91.58989926071855,0.06982207157100204,0.06831178461874492,0.07080265529588449
mlp-fosls,91.78954953832312,0.0697989856014344,0.06840430588128313,0.07067542262727802
mlp-fosls,91.98919981592769,0.06978252195501425,0.06849670217172867,0.07074525569483778
mlp-fosls,92.18885009353225,0.06977221585799177,0.0684613949155979,0.07079338795702508
mlp-fosls,92.38850037113683,0.06977474063916803,0.06835293748681757,0.0707085332173307
mlp-fosls,92.58815064874139,0.06977725832854867,0.06824430769202754,0.07097412379454218
mlp-fosls,92.78780092634597,0.06978402144173843,0.06828908514052533,0.07066548494226714
mlp-fosls,92.98745120395054,0.06979066532008782,0.06835573917800632,0.07057156120788259
mlp-fosls,93.1871014815551,0.06979730712850794,0.06841023546649928,0.07057427818658467
mlp-fosls,93.38675175915968,0.06981508025779369,0.06837060738511191,0.07054190852706063
mlp-fosls,93.58640203676424,0.06980828170974657,0.0683309563216875,0.07050880737373165
mlp-fosls,93.78605231436882,0.06980118090581972,0.06830101371770524,0.07051060012284793
mlp-fosls,93.98570259197338,0.06980925430155964,0.06828891748571791,0.07057431518738867
mlp-fosls,94.18535286957795,0.06976496185063463,0.06827681911070713,0.07064629115558008
mlp-fosls,94.38500314718253,0.0697706086624465,0.06829785530671392,0.07064465912565764
mlp-fosls,94.58465342478709,0.06987549152699804,0.06834171908591138,0.07061379164764278
mlp-fosls,94.78430370239167,0.06995155412013511,0.06838555473006282,0.07058291067059398
mlp-fosls,94.98395397999623,0.06988773169823193,0.06832788807831831,0.07064819578222181
mlp-fosls,95.1836042576008,0.06981267614229969,0.06824948945373337,0.0707179559388984
mlp-fosls,95.38325453520538,0.06977715780325158,0.06817916741634727,0.07076616238225011
mlp-fosls,95.58290481280994,0.06979730092355088,0.06821764526079323,0.07072487575809643
mlp-fosls,95.78255509041452,0.06983376359792756,0.06825610141422188,0.07068356501822302
mlp-fosls,95.98220536801908,0.06986799827852266,0.06830386002658198,0.07060332202393048
mlp-fosls,96.18185564562366,0.06986547768015203,0.06837246400677853,0.07064851019287631
mlp-fosls,96.38150592322822,0.06986295697215056,0.06844099921966032,0.07070034872633833
mlp-fosls,96.5811562008328,0.069895700282686,0.06843385525374177,0.07078835912609471
mlp-fosls,96.78080647843737,0.06994795704757972,0.06841251710455241,0.07082166448965406
mlp-fosls,96.98045675604193,0.06986926085030501,0.0684004773798057,0.07085495419803259
mlp-fosls,97.18010703364651,0.06982112813774509,0.06834837153319234,0.07080773749913437
mlp-fosls,97.37975731125107,0.06979825520185222,0.06823799984555345,0.07071765350813533
mlp-fosls,97.57940758885564,0.06979227092472888,0.06813137399436359,0.07062745461679226
mlp-fosls,97.7790578664602,0.06986793380365602,0.06817303993014967,0.070555003322453
mlp-fosls,97.97870814406478,0.06993040521947644,0.06821468041613712,0.07054993061825947
mlp-fosls,98.17835842166936,0.06999185424112621,0.06824110186571829,0.07060302975330303
mlp-fosls,98.37800869927392,0.06993115308508893,0.06822536337909062,0.07054461194112158
mlp-fosls,98.5776589768785,0.06986513137625042,0.06820962126101109,0.07065184772181042
mlp-fosls,98.77730925448306,0.06979562437325926,0.06821936436845286,0.07067602615300443
mlp-fosls,98.97695953208763,0.06972916393757868,0.06825418973127771,0.07055702707462354
mlp-fosls,99.17660980969221,0.0696626258209802,0.06828899733420296,0.07043782695709849
mlp-fosls,99.37626008729677,0.06968244098731842,0.0683093554804852,0.07048867204682324
mlp-fosls,99.57591036490135,0.06978330571339482,0.06832469780784609,0.07065067826260178
mlp-fosls,99.77556064250591,0.06988398480712106,0.06834003669085702,0.07081231383740219
mlp-fosls,99.97521092011048,0.06989219563302665,0.06835306139921969,0.07077984396579369
mlp-fosls,100.17486119771505,0.06986779783082547,0.06836293750634465,0.07071091487857518
mlp-fosls,100.37451147531962,0.06984209728987889,0.06837281218691588,0.07064141342942008
mlp-fosls,100.5741617529242,0.06977710516310098,0.06834546795779897,0.07056612679386094
mlp-fosls,100.77381203052876,0.06971401961117352,0.06829254549187899,0.07064704278231745
mlp-fosls,100.97346230813334,0.06967452606172325,0.06828251574687014,0.07057370673254984
mlp-fosls,101.1731125857379,0.06970856814826948,0.06832314268235094,0.07046646357747997
mlp-fosls,101.37276286334247,0.06974259113000844,0.06836374547422196,0.0705580047732034
mlp-fosls,101.57241314094705,0.06981641435341868,0.06832499817431063,0.07061907847076841
mlp-fosls,101.77206341855161,0.06993275177443387,0.06825183914374108,0.07056008737543759
mlp-fosls,101.97171369615619,0.06994526860400206,0.06817860160993816,0.07063455062994517
mlp-fosls,102.17136397376075,0.06989445664494043,0.06819196807726775,0.07053368385490447
mlp-fosls,102.37101425136532,0.06981672040801418,0.06821112317272914,0.07038875801234067
mlp-fosls,102.57066452896989,0.06974970014403484,0.06823976523276623,0.0703755323011247
mlp-fosls,102.77031480657446,0.06973991523403994,0.0683127070482523,0.07036376547702798
mlp-fosls,102.96996508417904,0.0697386143718188,0.06838557106215923,0.07047408975719559
mlp-fosls,103.1696153617836,0.0697470581458666,0.06840580943724177,0.07056007315469616
mlp-fosls,103.36926563938817,0.06974803446301632,0.06835194536831132,0.070583358724604
mlp-fosls,103.56891591699274,0.06973205271374922,0.06829803881884895,0.07060663661509581
mlp-fosls,103.76856619459731,0.06974717810712719,0.06828018130281659,0.07059235585341846
mlp-fosls,103.96821647220187,0.06979798957853939,0.06828144968605748,0.0705430860345692
mlp-fosls,104.16786674980645,0.069848723825268,0.06828271804573757,0.07049981257674198
mlp-fosls,104.36751702741103,0.0698405182446582,0.06826283935141421,0.07050360433674364
mlp-fosls,104.56716730501559,0.06978899207619288,0.06824040843306814,0.07043699619402684
mlp-fosls,104.76681758262016,0.0697769360956828,0.06822093483197329,0.07041149043227089
mlp-fosls,104.96646786022472,0.06977183588733141,0.06822106337723484,0.0704196618025926
mlp-fosls,105.1661181378293,0.06974049104139204,0.06822119192225418,0.07042801281878165
mlp-fosls,105.36576841543388,0.06971442280352895,0.06821116985893953,0.07044131058489529
mlp-fosls,105.56541869303844,0.06974305209098661,0.06818386765493324,0.07047089707277512
mlp-fosls,105.76506897064301,0.06977166548766607,0.06815655451419037,0.07050047114428137
mlp-fosls,105.96471924824758,0.06978515073392288,0.06818349709599054,0.07051404752076443
mlp-fosls,106.16436952585215,0.06975047822667174,0.06824518192760158,0.07050967820984516
mlp-fosls,106.36401980345671,0.06971575842180257,0.06830681105441772,0.0705053086281537
mlp-fosls,106.56367008106129,0.06971063421119347,0.06828360249872409,0.07053438133346597
mlp-fosls,106.76332035866587,0.06974756720875583,0.0682452257298443,0.07057715937272972
mlp-fosls,106.96297063627043,0.0697729858278173,0.06820951685673077,0.07061991149918408
mlp-fosls,107.162620913875,0.06977957852650103,0.06820185540716868,0.07056379683273421
mlp-fosls,107.36227119147956,0.06974719009969532,0.06819419309686162,0.0705022601262462
mlp-fosls,107.56192146908414,0.06971265004202579,0.06822013765062838,0.07048958502098503
mlp-fosls,107.76157174668872,0.06977794421051953,0.06831551658127281,0.07046278978527436
mlp-fosls,107.96122202429328,0.06980415127748307,0.0684058814776516,0.07047167677243402
mlp-fosls,108.16087230189785,0.06979724624855926,0.06836460327905175,0.07050522052558068
mlp-fosls,108.36052257950242,0.06979598696206385,0.06832330014182385,0.07057183928336502
mlp-fosls,108.56017285710699,0.0697414365090338,0.06831598781662802,0.0706383952133218
mlp-fosls,108.75982313471155,0.06971477573801337,0.06831160221582629,0.07061295793311617
mlp-fosls,108.95947341231613,0.06972153438728257,0.06831914250146615,0.07054143088197398
mlp-fosls,109.1591236899207,0.06972824090598631,0.06832493824966268,0.07046983123073725
mlp-fosls,109.35877396752527,0.06970518883550032,0.0682912420653514,0.07048594109883509
mlp-fosls,109.55842424512984,0.06965827733233873,0.06825752924649868,0.07051125272566931
mlp-fosls,109.7580745227344,0.06961188287632833,0.06823317708732278,0.0705350016824269
mlp-fosls,109.95772480033898,0.06962621417578127,0.06823293735982933,0.07054945682251235
mlp-fosls,110.15737507794354,0.06964758187795217,0.06823269763149363,0.07056390900143715
mlp-fosls,110.35702535554812,0.0696750606884973,0.0682801257972009,0.07058895545597067
mlp-fosls,110.5566756331527,0.06971060641573125,0.06837171696710781,0.07057105858294266
mlp-fosls,110.75632591075725,0.06974611681088475,0.06843536355894025,0.07056975801703681
mlp-fosls,110.95597618836183,0.0697625476660761,0.06845683838797145,0.07055396291927726
mlp-fosls,111.15562646596639,0.06977711669181641,0.06841009114192013,0.07052921487119782
mlp-fosls,111.35527674357097,0.06979159814340183,0.06835126955523181,0.07050445813620888
mlp-fosls,111.55492702117554,0.06980065348170944,0.06830425888658255,0.07043601092171195
mlp-fosls,111.7545772987801,0.06979209979629436,0.0682180875721335,0.0703792853192418
mlp-fosls,111.95422757638468,0.06978335455345529,0.06814094194300765,0.07042040959089643
mlp-fosls,112.15387785398924,0.06975949085876074,0.06815061604606452,0.07039795849199654
mlp-fosls,112.35352813159382,0.0697380920020558,0.06816028877605988,0.07041961493189783
mlp-fosls,112.55317840919838,0.06971833424017498,0.06819161630635107,0.07046980500642466
mlp-fosls,112.75282868680296,0.06971670180722381,0.06824685777969973,0.07053574715729885
mlp-fosls,112.95247896440753,0.06971506377874981,0.06830205457475287,0.0706016277180156
mlp-fosls,113.1521292420121,0.06971672141917579,0.06827380476771297,0.07053972987065085
mlp-fosls,113.35177951961667,0.06970315740710448,0.06821208134836558,0.07051689355439586
mlp-fosls,113.55142979722123,0.06968953664715082,0.06815030202642025,0.0704940498403915
mlp-fosls,113.75108007482581,0.0696587733636957,0.06821485373260616,0.07048716718710994
mlp-fosls,113.95073035243037,0.06963253987608062,0.06828563852050207,0.07048394068671897
mlp-fosls,114.15038063003495,0.06960628155250831,0.06826340058036223,0.07047912937908299
mlp-fosls,114.35003090763952,0.06964034782353695,0.06823062981525413,0.07044629693268255
mlp-fosls,114.54968118524408,0.06967703696832601,0.06824926290588375,0.07041344917714117
mlp-fosls,114.74933146284866,0.06969503158858562,0.06826789091078346,0.07041838995235769
mlp-fosls,114.94898174045322,0.06970765277605798,0.06827710544202388,0.07051448607310759
mlp-fosls,115.1486320180578,0.06971266501131398,0.06827668503222326,0.0706104514135596
mlp-fosls,115.34828229566237,0.06971661295179593,0.06827626461983397,0.07060983782144961
mlp-fosls,115.54793257326693,0.06969518053352626,0.0683139155912774,0.07052426950853573
mlp-fosls,115.74758285087151,0.06967373312305171,0.06836125446091015,0.07043859724791336
mlp-fosls,115.94723312847607,0.06965728127068757,0.06832408931801508,0.07046811967255069
mlp-fosls,116.14688340608065,0.06964535237006975,0.0682604503807635,0.07053205876683542
mlp-fosls,116.34653368368521,0.06963341556241087,0.0682044315057965,0.07059470072121701
mlp-fosls,116.54618396128978,0.06963969572578295,0.06819310847595932,0.07051088138421915
mlp-fosls,116.74583423889436,0.06965318402950092,0.06818178356569314,0.0704269622888894
mlp-fosls,116.94548451649892,0.06966858173251103,0.06820310891639746,0.07036783298772807
mlp-fosls,117.1451347941035,0.06971929738312746,0.06819327177599883,0.07038478492255881
mlp-fosls,117.34478507170806,0.06977180188694039,0.06820140245442062,0.07040173277555697
mlp-fosls,117.54443534931264,0.0697884841888789,0.06820953216365336,0.07046842110934698
mlp-fosls,117.74408562691721,0.06973669237125713,0.06823712258754494,0.07058788962938266
mlp-fosls,117.94373590452177,0.06968732922643439,0.06827446333246813,0.07070715629280784
mlp-fosls,118.14338618212635,0.06968082959387388,0.06827152509581921,0.07064280461775255
mlp-fosls,118.34303645973091,0.0696993147484752,0.06824527802306767,0.07050757149189289
mlp-fosls,118.54268673733549,0.0696991399122775,0.06822066368034814,0.07037207849073956
mlp-fosls,118.74233701494005,0.0697153681971911,0.06821034507064233,0.07048373543135875
mlp-fosls,118.94198729254462,0.06971379637906293,0.06820002489973907,0.07060522908567464
mlp-fosls,119.1416375701492,0.06970588636607129,0.06818370668568209,0.07068748727102574
mlp-fosls,119.34128784775376,0.06969135427713843,0.06815584520648932,0.07061382580993422
mlp-fosls,119.54093812535834,0.06968353134305999,0.06812797233312273,0.07054008742793022
mlp-fosls,119.7405884029629,0.06967888731769017,0.06811121424209446,0.07050619148740334
mlp-fosls,119.94023868056748,0.06968579536968869,0.06810247226615648,0.07052308894713706
mlp-fosls,120.13988895817204,0.06969268735466114,0.06809372916791041,0.07053998235917856
mlp-fosls,120.33953923577661,0.06969780967385303,0.06815324548401683,0.07052855670384742
mlp-fosls,120.53918951338119,0.06968637470046496,0.06822764377385938,0.070503775757124
mlp-fosls,120.73883979098575,0.06967493107617212,0.06829793458312593,0.07047898609723206
mlp-fosls,120.93849006859033,0.06967563874597305,0.06829987588213385,0.07047806396261161
mlp-fosls,121.13814034619489,0.06968234407108306,0.06829541423248804,0.07047928630307154
mlp-fosls,121.33779062379946,0.06968674239882436,0.06829095229134949,0.0704738420373934
mlp-fosls,121.53744090140404,0.06967263544632472,0.0682557750186456,0.07043216757971625
mlp-fosls,121.7370911790086,0.06966216149496124,0.0682108365227165,0.07039046844881053
mlp-fosls,121.93674145661318,0.06965376038347612,0.06818768394028879,0.0703832577268389
mlp-fosls,122.13639173421774,0.06961991883283375,0.06818334931526586,0.07042932885881677
mlp-fosls,122.33604201182231,0.06958605949531652,0.06817901441465998,0.0704753698731982
mlp-fosls,122.53569228942688,0.06957099271853176,0.06817737518389275,0.0704578354860467
mlp-fosls,122.73534256703145,0.06957970015136769,0.0681765155699008,0.07040304046265793
mlp-fosls,122.93499284463603,0.06958840013294651,0.06817537334198587,0.07034820275880883
mlp-fosls,123.13464312224059,0.0695923179835557,0.0681551086977523,0.07040701117588541
mlp-fosls,123.33429339984517,0.06960136353829494,0.06813483802641424,0.07048299888096056
mlp-fosls,123.53394367744973,0.06961040413530142,0.06811297571444987,0.07054895633358367
mlp-fosls,123.7335939550543,0.069620211080794,0.06808645172180791,0.07053101281071662
mlp-fosls,123.93324423265886,0.0696298656688245,0.06805991739236039,0.07051306472174534
mlp-fosls,124.13289451026344,0.06964114999377058,0.06806072600074922,0.07051821395206534
mlp-fosls,124.33254478786802,0.06964060465054653,0.06808956867111017,0.07056706115100429
mlp-fosls,124.53219506547258,0.06963963400032816,0.06811839912891814,0.07061587456082304
mlp-fosls,124.73184534307715,0.06965354048570674,0.06817520093219438,0.07057130989078363
mlp-fosls,124.93149562068172,0.06970911963639972,0.06824216509141444,0.07046037316247213
mlp-fosls,125.13114589828629,0.06976464601009197,0.06830732964603702,0.07041316867681496
mlp-fosls,125.33079617589087,0.06977540439300961,0.06830770061203367,0.07039195957625725
mlp-fosls,125.53044645349543,0.0697447975436436,0.06828131181146639,0.07046741888357103
mlp-fosls,125.7300967311,0.06971417440282504,0.06825364178239954,0.0705402937226219
mlp-fosls,125.92974700870457,0.06967755976648596,0.06823667106444078,0.07057622175943554
mlp-fosls,126.12939728630914,0.06963877113295988,0.06815142338420734,0.07061213151576912
mlp-fosls,126.3290475639137,0.06960824033378261,0.06812875694152856,0.07064190306914268
mlp-fosls,126.52869784151828,0.06965441724524403,0.06818787246002145,0.07065759605955275
mlp-fosls,126.72834811912286,0.06970444866882922,0.06824693677265246,0.07067328556533721
mlp-fosls,126.92799839672742,0.06973968551463994,0.06824156495056585,0.07061173291672959
mlp-fosls,127.127648674332,0.06974286848380709,0.06820714847467142,0.07048484891651009
mlp-fosls,127.32729895193656,0.06974605033896764,0.06817271462388341,0.07035773609250766
mlp-fosls,127.52694922954113,0.06973128164294551,0.06818065980905798,0.07037625295480983
mlp-fosls,127.7265995071457,0.0697030449728554,0.0681918626781529,0.07043565960613987
mlp-fosls,127.92624978475027,0.06967479680663274,0.0682041129963986,0.07049510481618718
mlp-fosls,128.12590006235484,0.06966580987745173,0.06822157811502158,0.07055915121576216
mlp-fosls,128.32555033995942,0.06966048266921235,0.06823903876361737,0.0706231395332462
mlp-fosls,128.525200617564,0.06965226849734851,0.06823634316775241,0.07065845180678063
mlp-fosls,128.72485089516854,0.06964987969215614,0.06820414280093096,0.07061053103308276
mlp-fosls,128.92450117277312,0.06965143740399918,0.06817192722457163,0.07056257771522201
mlp-fosls,129.1241514503777,0.06965699676210527,0.06815808351638374,0.07054297708776375
mlp-fosls,129.32380172798227,0.06964402334642927,0.06815436251861053,0.07055246675904416
mlp-fosls,129.52345200558682,0.06963104462030484,0.0681506413176723,0.0705619551540864
mlp-fosls,129.7231022831914,0.06962579287081444,0.06816693107253817,0.07052735622262389
mlp-fosls,129.92275256079597,0.06963392920620566,0.06818585909949264,0.07047656082206548
mlp-fosls,130.12240283840055,0.06964206458129313,0.06820549341882576,0.07042572878472543
mlp-fosls,130.32205311600512,0.06964496723338356,0.06823023767218031,0.07045196260843023
mlp-fosls,130.52170339360967,0.06965033233898307,0.06825497295508176,0.07048059061075357
mlp-fosls,130.72135367121425,0.06965713765886747,0.06826488413013991,0.07050582812822143
mlp-fosls,130.92100394881882,0.06966544323197119,0.06824857394487686,0.07051828767824914
mlp-fosls,131.1206542264234,0.06967062644768973,0.06823225986084017,0.07053074502724543
mlp-fosls,131.32030450402794,0.06967734335076024,0.06819936509890945,0.07051537627205429
mlp-fosls,131.51995478163252,0.06966173670489961,0.06815540599427497,0.07046577054570663
mlp-fosls,131.7196050592371,0.06964610160433228,0.0681114185184434,0.07041612987385033
mlp-fosls,131.91925533684167,0.06963042863373527,0.068140389818216,0.07044851206747638
mlp-fosls,132.11890561444625,0.06963737282907446,0.06818343070677953,0.07051807201415533
mlp-fosls,132.3185558920508,0.06964431111751265,0.06821829956631634,0.07058756341357753
mlp-fosls,132.51820616965537,0.06963256222292522,0.06820089330517536,0.07052188936814612
mlp-fosls,132.71785644725995,0.06960696610931177,0.06820733134632373,0.07044535247873876
mlp-fosls,132.91750672486452,0.0695822426043051,0.06820340851532648,0.07038570373289749
mlp-fosls,133.1171570024691,0.0695905721291889,0.06820740883439703,0.07041253249885382
mlp-fosls,133.31680728007365,0.0696047452318604,0.0682114089188653,0.0704393510463368
mlp-fosls,133.51645755767822,0.06961594275656072,0.06821945659107008,0.07045996043452167
mlp-fosls,133.7161078352828,0.06959814948643753,0.06823074314514158,0.07047129322260019
mlp-fosls,133.91575811288737,0.06957961553719358,0.06824202783252907,0.07048262418849793
mlp-fosls,134.11540839049195,0.06957790540117231,0.06822497132205498,0.07048210907020575
mlp-fosls,134.3150586680965,0.06961551329349525,0.06820057579019657,0.07047486020393645
mlp-fosls,134.51470894570107,0.06965309692341529,0.06817720498424373,0.07046761059199037
mlp-fosls,134.71435922330565,0.06965389647301079,0.06818361145064664,0.07046314330544518
mlp-fosls,134.91400950091023,0.0696204678295558,0.06819001731516068,0.07045907534888582
mlp-fosls,135.11365977851477,0.0695870604715562,0.06819012222461178,0.07045404612994782
mlp-fosls,135.31331005611935,0.06960807785485987,0.06817334820100193,0.07044150577501615
mlp-fosls,135.51296033372392,0.06964257282406079,0.06815657004913474,0.0704289631871892
mlp-fosls,135.7126106113285,0.0696706027350108,0.06816152762810417,0.07042618619861883
mlp-fosls,135.91226088893308,0.06966182974632716,0.06818732359232099,0.07044132777665102
mlp-fosls,136.11191116653762,0.06965136395023579,0.06821310980134965,0.07045646610065429
mlp-fosls,136.3115614441422,0.06964391893809799,0.06819517630667421,0.07045624065043296
mlp-fosls,136.51121172174678,0.06966550837859029,0.06816257144961364,0.07044541403458533
mlp-fosls,136.71086199935135,0.0696870626998837,0.06812995098889323,0.07043458575456081
mlp-fosls,136.91051227695593,0.06970894693114896,0.06816133627183928,0.07041825872381358
mlp-fosls,137.11016255456047,0.06971052080818585,0.0681934996192966,0.0704008120025083
mlp-fosls,137.30981283216505,0.06971208806600293,0.06821862850312889,0.07038856142546611
mlp-fosls,137.50946310976963,0.06967166782763026,0.068211402621379,0.07044505519894048
mlp-fosls,137.7091133873742,0.06962105735112589,0.06822060350264313,0.07050150370323266
mlp-fosls,137.90876366497878,0.06957498421286273,0.06822224023830147,0.07054615573470836
mlp-fosls,138.10841394258333,0.06960459866913483,0.0682246274201148,0.0705646340504543
mlp-fosls,138.3080642201879,0.06964469682585916,0.0682270145184035,0.07058310752866682
mlp-fosls,138.50771449779248,0.06967399741281989,0.06820330703940902,0.07057687955830091
mlp-fosls,138.70736477539705,0.06963157904032874,0.06820356422839506,0.07055043340762163
mlp-fosls,138.9070150530016,0.06958912254179561,0.06818937622216226,0.07052397733976433
mlp-fosls,139.10666533060618,0.06956768484294891,0.06818096088883807,0.0705167446122335
mlp-fosls,139.30631560821075,0.06957984627327199,0.06817290199363636,0.07051465387363869
mlp-fosls,139.50596588581533,0.06959200542382638,0.0681722554619835,0.07051137293603403
mlp-fosls,139.7056161634199,0.06960022460530407,0.06820707997574141,0.07046745104034242
mlp-fosls,139.90526644102445,0.06960343577123349,0.06824188671820577,0.07042350175134462
mlp-fosls,140.10491671862903,0.0696045933410566,0.0682514038807126,0.07038713889858095
mlp-fosls,140.3045669962336,0.06960614703491173,0.06822253791985798,0.07037168978536357
mlp-fosls,140.50421727383818,0.06961109154707282,0.06819365974021904,0.07035623727976617
mlp-fosls,140.70386755144276,0.06961879780243115,0.0681827865005526,0.07035665355869139
mlp-fosls,140.9035178290473,0.0696039632300549,0.06818222987758625,0.07037255390474129
mlp-fosls,141.10316810665188,0.06958912080869496,0.06818167325007574,0.07038845065899459
mlp-fosls,141.30281838425645,0.06958733001678516,0.06819104108754856,0.07038519819309477
mlp-fosls,141.50246866186103,0.06962000834153285,0.06820182324019805,0.07037540573562656
mlp-fosls,141.7021189394656,0.06965266342536648,0.06821233219864792,0.07036561191538726
mlp-fosls,141.90176921707015,0.06966259715424446,0.06822075593612799,0.07036040196887432
mlp-fosls,142.10141949467473,0.06965135556898513,0.0682291786335933,0.0703552613345073
mlp-fosls,142.3010697722793,0.0696400503170574,0.06823988526719514,0.07035666930202993
mlp-fosls,142.50072004988388,0.06962500272050856,0.0682547447990728,0.07038075650382951
mlp-fosls,142.70037032748846,0.06960870537329156,0.06825937934294926,0.07040483546481363
mlp-fosls,142.900020605093,0.06959471659473615,0.06825037336311425,0.07041272766387242
mlp-fosls,143.09967088269758,0.06962202485182581,0.06820782863983262,0.07040189351183115
mlp-fosls,143.29932116030216,0.06965099453546542,0.0681652573626554,0.07039105769226489
mlp-fosls,143.49897143790673,0.06966881826271679,0.06814711631501846,0.07041653344534178
mlp-fosls,143.69862171551128,0.06967305712139982,0.06813390119276953,0.07045734920542338
mlp-fosls,143.89827199311586,0.06967728817298469,0.06812552734009199,0.07049814133472605
mlp-fosls,144.09792227072043,0.06967050690776702,0.06818021563454645,0.07053931345768764
mlp-fosls,144.297572548325,0.06964976630355701,0.0682348600979066,0.07058048695147359
mlp-fosls,144.49722282592958,0.06962961867906112,0.0682651802069686,0.07061163341058552
mlp-fosls,144.69687310353413,0.06961924753488881,0.0682414692245276,0.07059670737715977
mlp-fosls,144.8965233811387,0.06960848561061714,0.06821775000067357,0.07058177818730364
mlp-fosls,145.09617365874328,0.06960180218813011,0.06820853349142493,0.07053706733883917
mlp-fosls,145.29582393634786,0.06960879277378554,0.06821121489349163,0.07045048736821552
mlp-fosls,145.49547421395243,0.06961621117632805,0.06821389619015582,0.0703638008643241
mlp-fosls,145.69512449155698,0.06961170013273052,0.0681952644197721,0.07035111161245887
mlp-fosls,145.89477476916156,0.06960693989222236,0.06817090050120993,0.07037756132698772
mlp-fosls,146.09442504676613,0.06960217505244023,0.06814816251858709,0.07040400110476103
mlp-fosls,146.2940753243707,0.06961854392249911,0.06818486997178115,0.07041086064341874
mlp-fosls,146.49372560197529,0.06964321482068837,0.0682215576740787,0.0704153550414177
mlp-fosls,146.69337587957983,0.06966769135107898,0.06824199877743946,0.07041457494863249
mlp-fosls,146.8930261571844,0.06965833513896949,0.06821755891520297,0.07037835150373828
mlp-fosls,147.09267643478898,0.06962858821098725,0.06819311029391699,0.07034210940518416
mlp-fosls,147.29232671239356,0.06962062796138874,0.06818793134213187,0.07034336007724783
mlp-fosls,147.4919769899981,0.0696193415079901,0.06820167290257885,0.07040928496165032
mlp-fosls,147.69162726760268,0.06962063673406493,0.06821541169487602,0.07047514817766906
mlp-fosls,147.89127754520726,0.06961821435144933,0.06819870529972576,0.07048658474686238
mlp-fosls,148.09092782281184,0.06962606160603747,0.0681715013294906,0.07046247791180839
mlp-fosls,148.2905781004164,0.06963389802614728,0.06814428649912359,0.07043836282642829
mlp-fosls,148.49022837802096,0.06964210047316757,0.06815612367909239,0.07040883684221236
mlp-fosls,148.68987865562553,0.0696374263013822,0.06816866274570452,0.07037828793419443
mlp-fosls,148.8895289332301,0.06963275125892908,0.06817792526218856,0.07035207132765632
mlp-fosls,149.0891792108347,0.06962691323838588,0.06817565203213674,0.07037526374600356
mlp-fosls,149.28882948843926,0.06962173215391453,0.06817337872628443,0.07039844852372446
mlp-fosls,149.4884797660438,0.06961641100061505,0.06818433264903896,0.07041436829569916
mlp-fosls,149.68813004364839,0.06961000678690096,0.06821081627396915,0.07041473695768757
mlp-fosls,149.88778032125296,0.06960346950041837,0.06823728962032086,0.07041510561774585
mlp-fosls,150.08743059885754,0.06959839300807669,0.068248089110139,0.07040646986941516
mlp-fosls,150.2870808764621,0.06959529163383091,0.06825211915078243,0.07039063314122032
mlp-fosls,150.48673115406666,0.06959218963330198,0.06825614895348059,0.07037479284922168
mlp-fosls,150.68638143167124,0.06958306180924861,0.06824202778068253,0.07040564095945114
mlp-fosls,150.8860317092758,0.06957091406129864,0.06822668300844692,0.07044863703222003
mlp-fosls,151.0856819868804,0.06955876403171246,0.06820928158434225,0.0704901800991376
mlp-fosls,151.28533226448494,0.06954777859072678,0.0681822340185766,0.07048690377443532
mlp-fosls,151.4849825420895,0.06954038724713668,0.06815517571891218,0.07048362729743805
mlp-fosls,151.6846328196941,0.06953708493236227,0.06814844837495214,0.07047834220504727
mlp-fosls,151.88428309729866,0.06956275087179778,0.068170445392211,0.07046758330042631
mlp-fosls,152.08393337490324,0.06959001914965551,0.0681924353138332,0.07045682275289808
mlp-fosls,152.2835836525078,0.06961390996396705,0.06818516501737376,0.07046934385778224
mlp-fosls,152.48323393011236,0.0696201552903346,0.06816235969027011,0.07050452759186958
mlp-fosls,152.68288420771694,0.06961754075094431,0.06813954673055163,0.07053969377704332
mlp-fosls,152.88253448532151,0.06962769137622957,0.06815897201344422,0.07053902666996327
mlp-fosls,153.0821847629261,0.06963649729661087,0.06818350942523971,0.07052605492530002
mlp-fosls,153.28183504053064,0.06964530057987041,0.06820304323343927,0.07051308079432556
mlp-fosls,153.4814853181352,0.06963576585352112,0.06818936915761585,0.07049587849681775
mlp-fosls,153.6811355957398,0.06961374592964388,0.0681756923391676,0.07047859447881485
mlp-fosls,153.88078587334437,0.06959344497423443,0.06816863489169288,0.07045908014693891
mlp-fosls,154.08043615094894,0.06959423912892519,0.06817289729486216,0.07043159711799007
mlp-fosls,154.2800864285535,0.069597485773265,0.06817715943154806,0.07040410336073441
mlp-fosls,154.47973670615806,0.06959920513341801,0.06817940355516026,0.07038427922663601
mlp-fosls,154.67938698376264,0.06960622270421565,0.06818034578805104,0.07037362152309169
mlp-fosls,154.87903726136722,0.06961422752152294,0.06818128800792062,0.07036296220525146
mlp-fosls,155.07868753897176,0.06961888174577069,0.06817349410265969,0.07038177564561239
mlp-fosls,155.27833781657634,0.06962189846728355,0.06816411004229449,0.07041362477750751
mlp-fosls,155.47798809418092,0.06962491224732836,0.06815496872941984,0.07044545951007716
mlp-fosls,155.6776383717855,0.06963106092939722,0.06814842772038199,0.07043520120979889
mlp-fosls,155.87728864939007,0.06962693156764826,0.06814188608346601,0.07042182056925371
mlp-fosls,156.07693892699461,0.06962287618874811,0.0681411414453718,0.0704114564641756
mlp-fosls,156.2765892045992,0.0696266342039831,0.06815241339723625,0.07041598646517686
mlp-fosls,156.47623948220377,0.06963461786011466,0.06816368348510378,0.07042051617477285
mlp-fosls,156.67588975980834,0.06963872800619006,0.06816938490060617,0.07041420824129843
mlp-fosls,156.87554003741292,0.06964117682313412,0.06817080044844247,0.07039206935299011
mlp-fosls,157.07519031501747,0.06964518196796511,0.06817221596688593,0.07036992349962733
mlp-fosls,157.27484059262204,0.06964806098786544,0.06816672936334342,0.0703569318657381
mlp-fosls,157.47449087022662,0.06964550737679089,0.06815956783801129,0.07034900652001468
mlp-fosls,157.6741411478312,0.069642952427652,0.06815238772096743,0.07034108028134073
mlp-fosls,157.87379142543577,0.06964921553942072,0.06814482031270622,0.07037973487554662
mlp-fosls,158.07344170304032,0.0696488070923592,0.0681372520639992,0.07042464776419867
mlp-fosls,158.2730919806449,0.06964830732925806,0.0681329823349341,0.07045971394419127
mlp-fosls,158.47274225824947,0.06963037072619077,0.06813703896196409,0.07042211822607292
mlp-fosls,158.67239253585404,0.06961955958645741,0.0681410953474919,0.07038450242629213
mlp-fosls,158.87204281345862,0.06961279413169622,0.06814469963611634,0.07036611063499011
mlp-fosls,159.07169309106317,0.06961630829599089,0.06814789218375418,0.07038244371985727
mlp-fosls,159.27134336866774,0.06961912395067194,0.06815108458183666,0.07039877301531672
mlp-fosls,159.47099364627232,0.06962477840682667,0.06815326652724053,0.07041593101211033
mlp-fosls,159.6706439238769,0.06962840947793264,0.06815513513402717,0.0704336547023784
mlp-fosls,159.87029420148144,0.06963203767064827,0.06815703141501148,0.07045137393383794
mlp-fosls,160.06994447908602,0.06961906310314855,0.06816919720007962,0.07044265663232238
mlp-fosls,160.2695947566906,0.06960529481054575,0.0681813608143738,0.0704285961133863
mlp-fosls,160.46924503429517,0.06959151747890419,0.06818931900378115,0.07041535597615636
mlp-fosls,160.66889531189975,0.06960074432787386,0.06818412220460614,0.07041308984853478
mlp-fosls,160.8685455895043,0.06961742169927809,0.06817892500931573,0.07041082364797933
mlp-fosls,161.06819586710887,0.0696353475518967,0.06818094692614902,0.07040434171468482
mlp-fosls,161.26784614471345,0.06963971452767909,0.06819075131376197,0.07038836930817181
mlp-fosls,161.46749642231802,0.06963671728616799,0.068200554291914,0.07037239327640535
mlp-fosls,161.6671466999226,0.06962877816149957,0.0681964511798429,0.07036435955513018
mlp-fosls,161.86679697752714,0.06963483784261695,0.06818695953028574,0.07036296737031732
mlp-fosls,162.06644725513172,0.06964192855713557,0.06817746655930354,0.07036157515795849
mlp-fosls,162.2660975327363,0.06965642716681233,0.06817231071760228,0.07037028553968844
mlp-fosls,162.46574781034087,0.06965831285933141,0.06816733410042057,0.07038179699546357
mlp-fosls,162.66539808794545,0.06966019127184256,0.06816537210896319,0.07039323471266913
mlp-fosls,162.86504836555,0.06963845961623932,0.06817547280549843,0.07040130800600429
mlp-fosls,163.06469864315457,0.06961204307393021,0.06818557200576304,0.070409380373638
mlp-fosls,163.26434892075915,0.06958708241602407,0.06819701051975367,0.07041770450564772
mlp-fosls,163.46399919836372,0.06958726294616355,0.06821015744580516,0.07042675232704727
mlp-fosls,163.66364947596827,0.06959650755870814,0.06822330183838707,0.07043579898621012
mlp-fosls,163.86329975357285,0.06961068899503017,0.06821994513787588,0.07044547427888556
mlp-fosls,164.06295003117742,0.0696215656305324,0.06820880280432172,0.07045580042855955
mlp-fosls,164.262600308782,0.06963113082762139,0.06819765865030043,0.07046612506503316
mlp-fosls,164.46225058638657,0.06962872889433858,0.06819720438081452,0.07044750071611156
mlp-fosls,164.66190086399112,0.06961565307856402,0.06819768314299716,0.07041806340750986
mlp-fosls,164.8615511415957,0.06960257475374024,0.06819565386585846,0.07038861378789625
mlp-fosls,165.06120141920027,0.06961010592847648,0.0681804576999519,0.07039683569746683
mlp-fosls,165.26085169680485,0.06963323357245624,0.06816525814634523,0.07040640635769897
mlp-fosls,165.46050197440942,0.06965651067286459,0.06815935610074661,0.07041497310730614
mlp-fosls,165.66015225201397,0.06966444239872754,0.06816739985503595,0.07041959565221076
mlp-fosls,165.85980252961855,0.06966124172888288,0.06817544266027413,0.07042421789369814
mlp-fosls,166.05945280722312,0.06965404736371501,0.0681858873885354,0.07042206367079892
mlp-fosls,166.2591030848277,0.0696583509169088,0.06819768278494275,0.07041129348774398
mlp-fosls,166.45875336243228,0.06966641731943436,0.06820947614158403,0.07040052165701885
mlp-fosls,166.65840364003682,0.06966839514189221,0.0681878485925265,0.07040001069564827
mlp-fosls,166.8580539176414,0.06964195580248622,0.06816165828351042,0.07040436931909842
mlp-fosls,167.05770419524598,0.06961550578654009,0.06814049755868756,0.07040872767272977
mlp-fosls,167.25735447285055,0.06960406759856685,0.06815617750414486,0.07042891458649735
mlp-fosls,167.4570047504551,0.06960841353080574,0.06817185384311841,0.07045054129305461
mlp-fosls,167.65665502805967,0.06961268456130457,0.06818271632461015,0.07046532504435679
mlp-fosls,167.85630530566425,0.0696150973778331,0.06818493077698394,0.07044260180321879
mlp-fosls,168.05595558326883,0.06961670713430991,0.06818714515744098,0.07041987122969502
mlp-fosls,168.2556058608734,0.0696187028235491,0.068192139969485,0.07041314128981839
mlp-fosls,168.45525613847795,0.06961910130195006,0.06819900945251067,0.07043116167521297
mlp-fosls,168.65490641608253,0.06961877864374676,0.06820587824366348,0.07044917745112464
mlp-fosls,168.8545566936871,0.06962263217190487,0.06821059176259855,0.0704469960284461
mlp-fosls,169.05420697129168,0.06962824905901038,0.06821488495672218,0.07043302681213065
mlp-fosls,169.25385724889625,0.06963386359576929,0.06821766540674602,0.07041905482470441
mlp-fosls,169.4535075265008,0.06963514875406467,0.06820217208079461,0.07041144741998241
mlp-fosls,169.65315780410538,0.06964304188288989,0.06818667523446123,0.07040479557949275
mlp-fosls,169.85280808170995,0.06965056133025921,0.06817468948653677,0.07039885761286606
mlp-fosls,170.05245835931453,0.06964420788967753,0.06817031428309166,0.07039883126495906
mlp-fosls,170.2521086369191,0.06963337016718646,0.06816593879882588,0.0703988049170422
mlp-fosls,170.45175891452365,0.06962700524840043,0.0681660936139103,0.07039734705615101
mlp-fosls,170.65140919212823,0.06963837956431192,0.06816987129459873,0.07039318665926705
mlp-fosls,170.8510594697328,0.06965221605206326,0.06817364876595598,0.07038902601647969
mlp-fosls,171.05070974733738,0.06965951938994819,0.06817726654826964,0.07038560268219302
mlp-fosls,171.25036002494193,0.06965570626238093,0.06818084309711854,0.07038270352287641
mlp-fosls,171.4500103025465,0.06965160159508442,0.06818419365868383,0.07037980424413455
mlp-fosls,171.64966058015108,0.0696515221438814,0.06818130194471683,0.07038385648891529
mlp-fosls,171.84931085775565,0.06963915180244218,0.06817841010810091,0.07038940110459295
mlp-fosls,172.04896113536023,0.06962677474425621,0.06817427788815357,0.07039530566381502
mlp-fosls,172.24861141296478,0.0696149639320906,0.06816685861361521,0.07040675700219888
mlp-fosls,172.44826169056935,0.0696129564842054,0.06815943853147581,0.07041820647837756
mlp-fosls,172.64791196817393,0.06961162203215131,0.06815623201232969,0.07042480722218523
mlp-fosls,172.8475622457785,0.06961504097607284,0.0681570138144781,0.07042006755951777
mlp-fosls,173.04721252338308,0.0696198621690132,0.06815779560765887,0.07041532757782314
mlp-fosls,173.24686280098763,0.06962843596284166,0.0681644661113705,0.07041401881382671
mlp-fosls,173.4465130785922,0.06963438705717723,0.06817307539363296,0.070415650837614
mlp-fosls,173.64616335619678,0.06963946646634758,0.06818168358880373,0.07041728282357675
mlp-fosls,173.84581363380136,0.06964464496137775,0.06818318703881919,0.07040374969625661
mlp-fosls,174.04546391140593,0.06965221169958584,0.0681846318618322,0.07038586002249675
mlp-fosls,174.24511418901048,0.0696597771695857,0.06818188324480455,0.07036854122104921
mlp-fosls,174.44476446661506,0.06966191473447993,0.06816519794067152,0.07038713685790148
mlp-fosls,174.64441474421963,0.06966694035232837,0.06814850855135202,0.07040572758325421
mlp-fosls,174.8440650218242,0.0696711211742013,0.06814689696324237,0.07042040599302352
mlp-fosls,175.04371529942875,0.06966497490228739,0.06816225419676672,0.07042363492574015
mlp-fosls,175.24336557703333,0.06965395445855874,0.0681776079710231,0.07042686371041659
mlp-fosls,175.4430158546379,0.0696463627900584,0.0681807384313742,0.07042661321788261
mlp-fosls,175.64266613224248,0.06964491164000286,0.06817883704725444,0.07042278342382613
mlp-fosls,175.84231640984706,0.0696438471196533,0.06817693561010706,0.07041895342148306
mlp-fosls,176.0419666874516,0.06963468962764291,0.06818426376562926,0.07041394092600017
mlp-fosls,176.24161696505618,0.06962155300681958,0.0681920988978693,0.0704084956738962
mlp-fosls,176.44126724266076,0.0696084135211984,0.06819675443918388,0.07040305000063478
mlp-fosls,176.64091752026533,0.06960615236216802,0.06818763495212173,0.07039480222826795
mlp-fosls,176.8405677978699,0.06960994678126983,0.06817851424524647,0.070386467928945
mlp-fosls,177.04021807547446,0.06961347186259317,0.0681774545957044,0.07038058029981338
mlp-fosls,177.23986835307903,0.06961921365883408,0.06818720996833653,0.07038398380592714
mlp-fosls,177.4395186306836,0.06962817933315758,0.06819696394549166,0.07038738714746803
mlp-fosls,177.63916890828818,0.06963932874404438,0.06819395759210532,0.0703923737879126
mlp-fosls,177.83881918589276,0.06964161352685147,0.06818457858742501,0.07039931764980363
mlp-fosls,178.0384694634973,0.069640116716999,0.06817519829245541,0.07040626082685189
mlp-fosls,178.23811974110188,0.06963671138546017,0.06816700430855659,0.07040638137337175
mlp-fosls,178.43777001870646,0.0696337913743188,0.06815893210957984,0.07040339244159158
mlp-fosls,178.63742029631103,0.06963087642245282,0.06815268554213712,0.0704004033829128
mlp-fosls,178.8370705739156,0.06962458872094504,0.06815711614426637,0.07039659801442691
mlp-fosls,179.03672085152016,0.06962301567303658,0.06816154645839986,0.07039272758674252
mlp-fosls,179.23637112912473,0.06962401750037221,0.06816222117641739,0.07038816662762502
mlp-fosls,179.4360214067293,0.06964187162021064,0.06815691528272379,0.070380141121693
mlp-fosls,179.6356716843339,0.06965776079498776,0.0681516089759437,0.07037211470050149
mlp-fosls,179.83532196193843,0.06966104185118183,0.06815406787658486,0.07037535847596295
mlp-fosls,180.034972239543,0.06964477812116186,0.06816118361642,0.07039507623863787
mlp-fosls,180.23462251714759,0.0696297215063123,0.06816829861347945,0.0704147884798853
mlp-fosls,180.43427279475216,0.06962766577425722,0.06817096206833735,0.07042063174483155
mlp-fosls,180.63392307235674,0.0696299558093938,0.06817292890591216,0.07041884714030047
mlp-fosls,180.83357334996128,0.06963187759663099,0.06817371707310009,0.07041706249054151
mlp-fosls,181.03322362756586,0.06963230513493307,0.0681643180649923,0.07040622701200905
mlp-fosls,181.23287390517044,0.06962954006176669,0.06815491776069996,0.07039420874911842
mlp-fosls,181.432524182775,0.06962678749122525,0.06815095351443776,0.07038310329379656
mlp-fosls,181.6321744603796,0.06962743748644966,0.06815765730980203,0.07037843106780074
mlp-fosls,181.83182473798414,0.06963314776329507,0.06816436044586469,0.07037375853160839
mlp-fosls,182.0314750155887,0.06963914969243701,0.06816335287819612,0.07037344323693592
mlp-fosls,182.2311252931933,0.06964277600303917,0.0681566949640952,0.07038072411648527
mlp-fosls,182.43077557079786,0.06964462364336875,0.06815003639954971,0.07038800424290617
mlp-fosls,182.63042584840244,0.06964035141412894,0.06815523246480695,0.07038584875330266
mlp-fosls,182.830076126007,0.06963374725995565,0.06816308628031255,0.07037752141614029
mlp-fosls,183.02972640361156,0.06962753110605183,0.06817059629145206,0.07036919309353898
mlp-fosls,183.22937668121614,0.06962847601130137,0.06817234954353704,0.0703757372139664
mlp-fosls,183.4290269588207,0.06962753528913831,0.06817410275053319,0.07038503714841891
mlp-fosls,183.62867723642526,0.06962675465193979,0.06817260871894738,0.0703935746940755
mlp-fosls,183.82832751402984,0.06963120901211642,0.06816338628486342,0.07039364898186014
mlp-fosls,184.0279777916344,0.06963905134646996,0.06815416260282502,0.07039372326956637
mlp-fosls,184.227628069239,0.06964412507587212,0.06815245545401916,0.0703927021463776
mlp-fosls,184.42727834684356,0.06964001805476198,0.06815731356553471,0.07038937509490117
mlp-fosls,184.6269286244481,0.06963422145573284,0.06816217133079887,0.07038604788615961
mlp-fosls,184.8265789020527,0.06962842214586104,0.06816287476810146,0.07038305182296886
mlp-fosls,185.02622917965726,0.06962894625535361,0.06816234397101215,0.07038031569612604
mlp-fosls,185.22587945726184,0.06963112834785315,0.068161839202195,0.0703775794629086
mlp-fosls,185.42552973486642,0.0696397743376635,0.06816385499220848,0.07037872525569151
mlp-fosls,185.62518001247096,0.06964341998200296,0.06816587072261134,0.07038084163025936
mlp-fosls,185.82483029007554,0.06964704861749921,0.0681661549940746,0.0703831596972551
mlp-fosls,186.02448056768011,0.06964427691879659,0.06816119324446561,0.0703903879889194
mlp-fosls,186.2241308452847,0.06964203155634463,0.06815623113364301,0.07039761553839664
mlp-fosls,186.42378112288927,0.06964085661320613,0.06815393436764554,0.07040132509611205
mlp-fosls,186.6234314004938,0.06964135448262329,0.0681544465762802,0.07039592614893307
mlp-fosls,186.8230816780984,0.06964016723197591,0.06815495878106544,0.07039052678765532
mlp-fosls,187.02273195570297,0.06963697793191778,0.0681545784338675,0.07039010408404608
mlp-fosls,187.22238223330754,0.06963397246922742,0.06815386069199207,0.07039431847768025
mlp-fosls,187.4220325109121,0.06963181294326128,0.06815314294255788,0.07039853261902063
mlp-fosls,187.62168278851667,0.06963247461774347,0.06815778780075125,0.0703968280837798
mlp-fosls,187.82133306612124,0.06963218107638788,0.06816262645282367,0.07039322751714795
mlp-fosls,188.02098334372582,0.06963182034535288,0.0681662538184663,0.07038962676634011
mlp-fosls,188.2206336213304,0.06963200880537816,0.068165156685083,0.07038929211158332
mlp-fosls,188.42028389893494,0.06963632598307942,0.0681640595340408,0.07038896731985524
mlp-fosls,188.61993417653952,0.0696399908190446,0.06816317200248678,0.07039140655742236
mlp-fosls,188.8195844541441,0.06963759607470763,0.06816254850997819,0.07040274056652177
mlp-fosls,189.01923473174867,0.06963069295999735,0.06816192501176636,0.07041407275127336
mlp-fosls,189.21888500935324,0.06962467197265812,0.06816430786750194,0.07041635270573426
mlp-fosls,189.4185352869578,0.0696271066500552,0.0681680961803327,0.07040864260527328
mlp-fosls,189.61818556456237,0.06963309577150448,0.06817188428264685,0.07040093166042506
mlp-fosls,189.81783584216694,0.06963912701129599,0.06817056316160938,0.07040259035578521
mlp-fosls,190.01748611977152,0.0696436001379446,0.0681688015565352,0.07040798941309999
mlp-fosls,190.2171363973761,0.0696479148608121,0.0681673252630396,0.07041338805643356
mlp-fosls,190.41678667498064,0.06965210913973777,0.06816735000813579,0.07041353536592664
mlp-fosls,190.61643695258522,0.06965310420390888,0.06816737475322297,0.07041342993958583
mlp-fosls,190.8160872301898,0.06965358595485012,0.06816690325402484,0.0704118760091181
mlp-fosls,191.01573750779437,0.06965038770233656,0.06816568466852695,0.07040430452354547
mlp-fosls,191.21538778539892,0.0696454640043351,0.06816446606124421,0.07039673222362548
mlp-fosls,191.4150380630035,0.06964128386740916,0.06816415235163273,0.07039128795885491
mlp-fosls,191.61468834060807,0.06964093961891839,0.06816435157642747,0.07038862264445042
mlp-fosls,191.81433861821264,0.06964231302294704,0.06816455080063995,0.07038595722911813
mlp-fosls,192.01398889581722,0.06964314493815658,0.06816555285980706,0.07039077938773111
mlp-fosls,192.21363917342177,0.06964165037376943,0.06816666659467831,0.07039922727575298
mlp-fosls,192.41328945102634,0.06963979878575471,0.06816801888992755,0.07040767415015221
mlp-fosls,192.61293972863092,0.06963959223291233,0.06817115916713905,0.07041474243586292
mlp-fosls,192.8125900062355,0.06963923824678608,0.0681742992997016,0.07042167959234111
mlp-fosls,193.01224028384007,0.0696391170262802,0.06817763367193765,0.07042676665595801
mlp-fosls,193.21189056144462,0.06963974738088233,0.06818131749387263,0.07042160829408549
mlp-fosls,193.4115408390492,0.069638035693803,0.06818500111678227,0.0704164495543368
mlp-fosls,193.61119111665377,0.06963613248553936,0.06818536521485453,0.07041072989332545
mlp-fosls,193.81084139425835,0.0696389328572547,0.06818348534427811,0.07040414193600184
mlp-fosls,194.01049167186292,0.06964578468487667,0.0681816054218708,0.07039755336216275
mlp-fosls,194.21014194946747,0.06965024163499856,0.06818247667690037,0.07039676035095882
mlp-fosls,194.40979222707205,0.069649578109672,0.06818388907419526,0.07039935429827862
mlp-fosls,194.60944250467662,0.06964799438522164,0.0681852912600452,0.0704019481500249
mlp-fosls,194.8090927822812,0.0696457110837608,0.06818656709934133,0.07039967007689811
mlp-fosls,195.00874305988575,0.06964322869004042,0.06818784291476566,0.07039665220478258
mlp-fosls,195.20839333749032,0.06964086745141605,0.06818776805130214,0.07039355807173488
mlp-fosls,195.4080436150949,0.0696400579367602,0.06818472246503074,0.07038983216005539
mlp-fosls,195.60769389269947,0.06963904441125929,0.068181676742717,0.07038610605114354
mlp-fosls,195.80734417030405,0.06964031244712539,0.06818044137038667,0.07038549258811695
mlp-fosls,196.0069944479086,0.06964586786648243,0.06818067396802757,0.07039074455694311
mlp-fosls,196.20664472551317,0.06965059025265108,0.06818090656487497,0.07039599613394049
mlp-fosls,196.40629500311775,0.06965026596216253,0.06818286950013684,0.07039985016906236
mlp-fosls,196.60594528072232,0.06964577763041141,0.06818528655474947,0.07040271513670644
mlp-fosls,196.8055955583269,0.06964128893988392,0.06818758845076195,0.0704055799877683
mlp-fosls,197.00524583593145,0.06964189609153201,0.06818635665168574,0.07040630434987494
mlp-fosls,197.20489611353602,0.06964341873955349,0.06818512483035644,0.07040657257627124
mlp-fosls,197.4045463911406,0.0696447403093168,0.06818419485714464,0.07040695432503287
mlp-fosls,197.60419666874517,0.06963984937749704,0.06818407860537018,0.07040903468715767
mlp-fosls,197.80384694634975,0.06963737353406954,0.06818396235339752,0.07041111498781623
mlp-fosls,198.0034972239543,0.069635231402077,0.06818279289109225,0.07041323449979506
mlp-fosls,198.20314750155887,0.06963471356226139,0.06818060932624896,0.07041544490242639
mlp-fosls,198.40279777916345,0.06963510347644561,0.06817842569147217,0.07041765523567342
mlp-fosls,198.60244805676803,0.06963710702407755,0.0681772226894458,0.07041918383722837
mlp-fosls,198.8020983343726,0.06963955360046775,0.06817634795610465,0.07042013197369991
mlp-fosls,199.00174861197715,0.069641441023772,0.06817547321154015,0.07042108009740594
mlp-fosls,199.20139888958172,0.06964238835322731,0.06817796191127452,0.07042113286213669
mlp-fosls,199.4010491671863,0.06964001133471501,0.06818048805655368,0.07042093050726127
mlp-fosls,199.60069944479088,0.06963731978023172,0.06818225156415075,0.07042065795272132
mlp-fosls,199.80034972239542,0.0696344640336129,0.06818144006154495,0.0704163177865693
mlp-fosls,200.0,0.0696348535198073,0.06818062854928043,0.07041197735289118
mlp-pinn,1.1485702991485596,0.8496468980705634,0.6812773559047474,0.9807079069102584
mlp-pinn,1.347620779329592,0.8177410630913047,0.6512748047465583,0.9689467881701895
mlp-pinn,1.5466712595106245,0.7885455133038226,0.6197611789037188,0.9570091350169523
mlp-pinn,1.745721739691657,0.7597645254587354,0.5865568740152886,0.9449206795845163
mlp-pinn,1.9447722198726893,0.729769018941863,0.5513565217108135,0.9326755582232404
mlp-pinn,2.1438227000537218,0.6986599002676701,0.5137499991352861,0.9202675171424896
mlp-pinn,2.342873180234754,0.6681561079372715,0.4818145997117793,0.9088017359279791
mlp-pinn,2.5419236604157867,0.6457407815854953,0.478370367169068,0.9012652764963256
mlp-pinn,2.740974140596819,0.6229215199122731,0.472836372367073,0.8936652628419034
mlp-pinn,2.9400246207778515,0.599231639025677,0.467236837033466,0.8860000594822658
mlp-pinn,3.139075100958884,0.5745628368085813,0.461569375856785,0.8782679595629506
mlp-pinn,3.338125581139917,0.5487822143976738,0.45583145522945917,0.8704671804193187
mlp-pinn,3.5371760613209493,0.5294398043440759,0.4527228393516195,0.8628950730795916
mlp-pinn,3.7362265415019817,0.5204451474510059,0.45366302813280096,0.8556474796250739
mlp-pinn,3.935277021683014,0.5112869348900234,0.4546012724560423,0.8483379701701728
mlp-pinn,4.134327501864046,0.501955605546079,0.4555375843360052,0.8409649302296479
mlp-pinn,4.333377982045079,0.4924406004259426,0.45647197566412917,0.8335266739102379
mlp-pinn,4.532428462226111,0.48273020668544625,0.4574044582103935,0.8260214394091546
mlp-pinn,4.7314789424071435,0.4778707571291906,0.45830962037076806,0.8176563923344893
mlp-pinn,4.930529422588176,0.47620113298098676,0.4591964534009973,0.8087816971044686
mlp-pinn,5.129579902769208,0.4745223078294847,0.46008157701402363,0.7998085340985781
mlp-pinn,5.328630382950242,0.472826679520647,0.4609650010568781,0.7907335511173459
mlp-pinn,5.527680863131274,0.473308477079989,0.46050081474837334,0.7815532013294939
mlp-pinn,5.726731343312307,0.4753408302799712,0.45896885558129885,0.7722637270739268
mlp-pinn,5.925781823493339,0.4759257890976093,0.45739226054282356,0.7597612612456133
mlp-pinn,6.1248323036743715,0.47768264072827105,0.4558053601287417,0.7465885062199089
mlp-pinn,6.323882783855404,0.4794328593287088,0.45421291553599574,0.7331791194175028
mlp-pinn,6.522933264036436,0.4794323797012402,0.4526148682459816,0.7195198709417099
mlp-pinn,6.721983744217469,0.4747169837164737,0.4510111587033574,0.7055962501389337
mlp-pinn,6.921034224398501,0.4695397888997168,0.4494138339652158,0.6912028262841476
mlp-pinn,7.120084704579534,0.467548787096131,0.447906315773822,0.6745922785676105
mlp-pinn,7.319135184760566,0.4670342741970662,0.44639370656500404,0.6575622689471224
mlp-pinn,7.518185664941599,0.4666682247032302,0.44487595440932426,0.6400793175714515
mlp-pinn,7.717236145122631,0.46848758302460125,0.4433530064884768,0.6221052387036957
mlp-pinn,7.9162866253036634,0.47029953009877296,0.4418248090738404,0.6035961590852194
mlp-pinn,8.115337105484695,0.47222036988871885,0.4403956233219701,0.5855162830408861
mlp-pinn,8.314387585665727,0.47436365946382064,0.4391711591952319,0.5691748638444706
mlp-pinn,8.51343806584676,0.47649724546770533,0.4379432715508036,0.5523501910552111
mlp-pinn,8.712488546027792,0.47696034483867145,0.4367119315113317,0.5349966742747891
mlp-pinn,8.911539026208825,0.4772109302813642,0.43547710979119814,0.5170610693249312
mlp-pinn,9.110589506389857,0.4772363502463124,0.43423877668839345,0.498480548605257
mlp-pinn,9.309639986570891,0.47592459906329376,0.43309672240556546,0.4895398795604987
mlp-pinn,9.508690466751924,0.474366059792159,0.4320319791499613,0.48550334583137045
mlp-pinn,9.707740946932956,0.47122912120106364,0.4309116871767392,0.48543615331803913
mlp-pinn,9.906791427113989,0.4673435809449207,0.42833847524328317,0.4857117425252423
mlp-pinn,10.105841907295021,0.46341332760609977,0.42574971121772637,0.4859871754538382
mlp-pinn,10.304892387476054,0.46237461178483663,0.42314510966122976,0.4862624523693888
mlp-pinn,10.503942867657086,0.4613700009543815,0.4207408774417898,0.48554579722894936
mlp-pinn,10.702993347838119,0.4601178675741814,0.41839400303427765,0.4845160338588264
mlp-pinn,10.902043828019151,0.45886229294912717,0.41603388996523716,0.4834840772206245
mlp-pinn,11.101094308200183,0.4576032483472815,0.4136603116376612,0.48244991324019343
mlp-pinn,11.300144788381216,0.45706921035864256,0.4112730349156469,0.4814135276922134
mlp-pinn,11.499195268562248,0.4567821948561401,0.40887181985713666,0.4803749061979122
mlp-pinn,11.69824574874328,0.4572962215542875,0.4067779459562871,0.4789117267592891
mlp-pinn,11.897296228924313,0.45594839997609715,0.40468177531548644,0.4779947898518725
mlp-pinn,12.096346709105346,0.4543849590606017,0.4025746902483708,0.47958138642213455
mlp-pinn,12.295397189286378,0.45281587664801815,0.40045651846942076,0.4811627513426385
mlp-pinn,12.49444766946741,0.4512410887671451,0.39832708311226767,0.4827389360271852
mlp-pinn,12.693498149648443,0.44965107455600833,0.3962506368200488,0.4840001293053501
mlp-pinn,12.892548629829475,0.4479652508486262,0.3944261287228002,0.48422666622257626
mlp-pinn,13.091599110010508,0.44627235830175527,0.3925931416342059,0.48445309720804247
mlp-pinn,13.29064959019154,0.44457229999618275,0.39075155623129176,0.4846794224102151
mlp-pinn,13.489700070372573,0.4428649766641468,0.38890125036587,0.4849056419772144
mlp-pinn,13.688750550553605,0.4411502866065671,0.387042098969993,0.48513175605681513
mlp-pinn,13.887801030734638,0.43945879322526116,0.38534442831655047,0.48509172281963975
mlp-pinn,14.08685151091567,0.43783264659352183,0.38387605638092287,0.48473171818184996
mlp-pinn,14.285901991096702,0.43619915810305876,0.382402046138001,0.4843714459739866
mlp-pinn,14.484952471277735,0.434558215694106,0.3809223321341113,0.4840109055985546
mlp-pinn,14.684002951458767,0.43310111834703824,0.3794368476393016,0.4836500964558315
mlp-pinn,14.8830534316398,0.4323016928249395,0.37794552461222625,0.48328901794385665
mlp-pinn,15.082103911820832,0.4314607191966955,0.37666282007435603,0.4824484240207627
mlp-pinn,15.281154392001865,0.43057238737100473,0.37550057191301534,0.481969537602772
mlp-pinn,15.480204872182897,0.42968221462549533,0.37433471517832334,0.48149017488827545
mlp-pinn,15.67925535236393,0.42879018944015157,0.3731652160481619,0.4810103344532779
mlp-pinn,15.878305832544962,0.4278963001740195,0.3719920401687463,0.4805300148666745
mlp-pinn,16.077356312725996,0.42700053506341723,0.37081515264285125,0.48004921469020095
mlp-pinn,16.276406792907025,0.4261231727355954,0.36981676297743016,0.47903322491959194
mlp-pinn,16.47545727308806,0.4252554331388215,0.3688460425297383,0.4779129659051327
mlp-pinn,16.67450775326909,0.42438589290008244,0.3678727606124083,0.4767900747536769
mlp-pinn,16.873558233450126,0.4235145406022017,0.36689689684070514,0.4756645328243351
mlp-pinn,17.072608713631155,0.4226413647052182,0.3659184305580737,0.47453632125514816
mlp-pinn,17.27165919381219,0.4217663535445074,0.36494189899281176,0.4734001411400831
mlp-pinn,17.470709673993223,0.42096156679413976,0.3640149284334825,0.47217647221946296
mlp-pinn,17.669760154174256,0.4201608273501344,0.3630855912927242,0.47094962384928596
mlp-pinn,17.868810634355288,0.4193585572344817,0.3621538693516072,0.4697195711165872
mlp-pinn,18.06786111453632,0.41855474762560757,0.3612197441562334,0.46848628878134446
mlp-pinn,18.266911594717353,0.41774938961678115,0.36028319701347233,0.4672497512704356
mlp-pinn,18.465962074898385,0.41695052785995024,0.3593460751987995,0.4659584941695285
mlp-pinn,18.665012555079418,0.4162618843178731,0.3584109058508694,0.46452956848121535
mlp-pinn,18.86406303526045,0.4155720070022157,0.3574732900580129,0.4630962337332854
mlp-pinn,19.063113515441483,0.4148808888330376,0.35653320851915005,0.46165844885863755
mlp-pinn,19.262163995622515,0.41418852265941186,0.3555906416780667,0.46021617214866845
mlp-pinn,19.461214475803548,0.4134949012583966,0.3546455697186682,0.4587693612391551
mlp-pinn,19.66026495598458,0.4128586866869743,0.3536123674434879,0.4574805736384694
mlp-pinn,19.859315436165613,0.41233109373731613,0.3524974097035002,0.4563534697216293
mlp-pinn,20.058365916346645,0.41180282358123455,0.3513789141174613,0.4552235751774693
mlp-pinn,20.257416396527677,0.4112738735993833,0.35025684679254343,0.45409086917460045
mlp-pinn,20.45646687670871,0.4107442411554554,0.34913117329127774,0.45295533062116744
mlp-pinn,20.655517356889742,0.4102139235960287,0.34800185861922234,0.4518169381602665
mlp-pinn,20.854567837070775,0.40960756793735387,0.34673286653224866,0.45044723854298285
mlp-pinn,21.053618317251807,0.4089337736698028,0.3454089637501023,0.44898287464047704
mlp-pinn,21.25266879743284,0.40825885416826546,0.3440799670776676,0.44751371904094034
mlp-pinn,21.451719277613872,0.40758280371131594,0.3427458172602813,0.4460397243960241
mlp-pinn,21.650769757794905,0.4069056165283468,0.3414064538854933,0.4445608425724296
mlp-pinn,21.849820237975937,0.40622728679896913,0.3400618153511458,0.4430770246335686
mlp-pinn,22.04887071815697,0.40559008771170335,0.33858455408318955,0.4416091383336952
mlp-pinn,22.247921198338002,0.4049711538329685,0.33709451144821717,0.4401377676681448
mlp-pinn,22.446971678519034,0.4043512241700044,0.33559785314169116,0.43866146171730985
mlp-pinn,22.646022158700067,0.4037302936887687,0.33409449025404775,0.43718017048356156
mlp-pinn,22.8450726388811,0.4031083573111801,0.332584331866238,0.4356938431193457
mlp-pinn,23.04412311906213,0.402485409914563,0.3310671718480512,0.4342438394925981
mlp-pinn,23.243173599243164,0.401984057327837,0.32954249482080644,0.43301202802538996
mlp-pinn,23.442224079424197,0.4014869568798436,0.3280107307847953,0.4317767023497781
mlp-pinn,23.64127455960523,0.4009892295506684,0.3264717799860038,0.43053783221621383
mlp-pinn,23.84032503978626,0.4004908729235682,0.3249255403080587,0.4292953869386724
mlp-pinn,24.039375519967294,0.3999918845659952,0.3233719071931544,0.42804933538578505
mlp-pinn,24.238426000148326,0.3994844790463188,0.3218541555048036,0.42693578964770146
mlp-pinn,24.43747648032936,0.3989588916964388,0.3203943996625554,0.42604588311022124
mlp-pinn,24.63652696051039,0.3984325421990118,0.3189279624845527,0.42515411387899127
mlp-pinn,24.835577440691424,0.3979054269820135,0.31745475138036167,0.4242604702082109
mlp-pinn,25.034627920872456,0.3973775424440839,0.3159746716010418,0.42336494022811355
mlp-pinn,25.23367840105349,0.3968488849541801,0.3144876261680341,0.4224675119431269
mlp-pinn,25.43272888123452,0.39630937610336886,0.3133228005715313,0.4214584445746174
mlp-pinn,25.631779361415553,0.39574994421530574,0.31235250647990903,0.42037121517800174
mlp-pinn,25.830829841596586,0.39518965172536036,0.3113791888527165,0.419281166518607
mlp-pinn,26.02988032177762,0.39462849438095127,0.31040281924761853,0.4181882765503809
mlp-pinn,26.22893080195865,0.39406646789274263,0.30942336877353627,0.4170925229384385
mlp-pinn,26.427981282139683,0.3935035679341849,0.30844080808067187,0.4159938830537366
mlp-pinn,26.627031762320716,0.39299238993213126,0.307768376397836,0.4150419909203888
mlp-pinn,26.826082242501748,0.39252173604073337,0.30715393020340004,0.4141227867705165
mlp-pinn,27.02513272268278,0.392050443567478,0.3065382523735501,0.41320153777303065
mlp-pinn,27.224183202863813,0.3915785096734192,0.3059213354721527,0.41227823022009763
mlp-pinn,27.423233683044845,0.39110593149742606,0.30530317198794465,0.41135285025004314
mlp-pinn,27.622284163225878,0.39063270615593315,0.3046970874584135,0.4104277388482191
mlp-pinn,27.82133464340691,0.3901433490236704,0.30428812929577187,0.4095760961311983
mlp-pinn,28.020385123587943,0.3896480497605065,0.3038786207600013,0.4087226788766231
mlp-pinn,28.219435603768975,0.38915205031497446,0.30346855962303737,0.40786747594542744
mlp-pinn,28.418486083950008,0.38865534746952113,0.30305794364174204,0.40701047608151864
mlp-pinn,28.61753656413104,0.3881579379806363,0.3026467705577603,0.4061516679100494
mlp-pinn,28.816587044312072,0.3876600877480022,0.3022783349346613,0.40529797172107207
mlp-pinn,29.015637524493105,0.38721506018641716,0.3020156298921888,0.40489174878947365
mlp-pinn,29.214688004674137,0.38677301876481296,0.30175269613953715,0.404504751150714
mlp-pinn,29.41373848485517,0.38626805877286985,0.30148953307832116,0.40411738290898086
mlp-pinn,29.612788965036202,0.38570619813543117,0.3012261401075418,0.4037296429975221
mlp-pinn,29.811839445217235,0.38514349696829164,0.30096251662357004,0.4033415303444582
mlp-pinn,30.010889925398267,0.3846867618253782,0.3006371635870526,0.40295099508034404
mlp-pinn,30.2099404055793,0.3842985205787697,0.30025294295618793,0.40255821100047595
mlp-pinn,30.408990885760332,0.38390966468687737,0.2998682300245151,0.4021650432988526
mlp-pinn,30.608041365941364,0.3835201909162866,0.29948302289481976,0.4017714908492541
mlp-pinn,30.807091846122397,0.3831028661226813,0.29909731965767056,0.4013775525199392
mlp-pinn,31.00614232630343,0.38262837916322784,0.2987111183913086,0.4009832271736074
mlp-pinn,31.20519280648446,0.38215169383702335,0.29840322131475167,0.4005798875850524
mlp-pinn,31.404243286665494,0.38167180814040563,0.29812288680351084,0.400173147375164
mlp-pinn,31.603293766846527,0.38119119928561707,0.29784228843651006,0.399765993329393
mlp-pinn,31.80234424702756,0.3807098636241461,0.29756142546730674,0.39935842418199696
mlp-pinn,32.00139472720859,0.3802277974750983,0.29728029714593235,0.3989504386607682
mlp-pinn,32.20044520738962,0.37974499712478393,0.29699890271886886,0.3985420354869871
mlp-pinn,32.399495687570656,0.3792805908895214,0.29669170680983187,0.398217960656662
mlp-pinn,32.59854616775169,0.3788328594787638,0.2963832598415636,0.39789692340445393
mlp-pinn,32.79759664793272,0.3783844104436684,0.2960744915369989,0.3975756269188404
mlp-pinn,32.99664712811375,0.3779352398748014,0.29576540088974745,0.39725407057082257
mlp-pinn,33.195697608294786,0.3774853438257878,0.29545598688815505,0.3969322537288538
mlp-pinn,33.39474808847582,0.3770347183128164,0.2951250536212878,0.3966212910598522
mlp-pinn,33.59379856865685,0.37659522045444443,0.2947035866506224,0.39636045607532294
mlp-pinn,33.79284904883789,0.3761554375997022,0.29428151605990105,0.3960994493286907
mlp-pinn,33.991899529018916,0.37567762142844796,0.2938588392481783,0.3958382704801873
mlp-pinn,34.19095000919995,0.3748479682806928,0.2934355535957761,0.3955769191889233
mlp-pinn,34.39000048938098,0.3740164225374664,0.2930116564640944,0.3953153951128819
mlp-pinn,34.58905096956202,0.3731980774542039,0.29265440658311936,0.39503189421443585
mlp-pinn,34.788101449743046,0.37244549596093246,0.2923911994092256,0.3947154800480442
mlp-pinn,34.98715192992408,0.371691368071055,0.2921277550857044,0.3943988120322761
mlp-pinn,35.18620241010511,0.3709356840763491,0.291864072970383,0.39408188955518286
mlp-pinn,35.38525289028615,0.37017843416523005,0.29160015241818515,0.393764712002353
mlp-pinn,35.584303370467175,0.36941960842118543,0.2913359927811128,0.39344727875689867
mlp-pinn,35.78335385064821,0.3686397586879965,0.29095306180985275,0.3931308717282143
mlp-pinn,35.98240433082924,0.3678312713468541,0.29050323345050294,0.3928149962885593
mlp-pinn,36.181454811010276,0.36702095066538104,0.290052707475498,0.3924988666385879
mlp-pinn,36.380505291191305,0.36620878377644595,0.28960148062904684,0.39218248216356016
mlp-pinn,36.57955577137234,0.3653947576581441,0.2891495496299546,0.3918658422462544
mlp-pinn,36.77860625155337,0.36457885913112753,0.2886969111713442,0.39154894626695336
mlp-pinn,36.977656731734406,0.3638729109809249,0.28837146232699934,0.39125334019654484
mlp-pinn,37.176707211915435,0.3632331411999508,0.2880657024988825,0.3909616030369295
mlp-pinn,37.37575769209647,0.3625922425887935,0.2877596177849446,0.3906696480192159
mlp-pinn,37.5748081722775,0.36195020915104664,0.28745320714735484,0.39037747465460965
mlp-pinn,37.773858652458536,0.361307034837026,0.2871464695427454,0.39008508245248597
mlp-pinn,37.972909132639565,0.36066271354310486,0.2868293116876432,0.3897920850192921
mlp-pinn,38.1719596128206,0.3598881052596854,0.28640796304594257,0.3894930277028035
mlp-pinn,38.37101009300163,0.3590894502939387,0.28598599362389215,0.3891937405900905
mlp-pinn,38.570060573182666,0.35828894883482,0.28556340066956015,0.38889422315061006
mlp-pinn,38.769111053363694,0.35748658758591567,0.2851401814106223,0.3885944748517744
mlp-pinn,38.96816153354473,0.3566823530859675,0.2847163330541496,0.38829449515894005
mlp-pinn,39.16721201372576,0.3558813445838894,0.2843377545159076,0.38798760747952793
mlp-pinn,39.366262493906795,0.3551306945566952,0.2840601232164692,0.38766361154081075
mlp-pinn,39.565312974087824,0.3543760397862969,0.2837822203034622,0.38733934459081354
mlp-pinn,39.76436345426886,0.35361976545466633,0.28350404497814463,0.3870148059483221
mlp-pinn,39.96341393444989,0.3528618610312807,0.28322559643785195,0.3866899949292635
mlp-pinn,40.162464414630925,0.3521023158703777,0.28294687387596995,0.3863649108466893
mlp-pinn,40.361514894811954,0.3513421261833425,0.2826451135832135,0.3860796774439121
mlp-pinn,40.56056537499299,0.35059556578995943,0.28232335716516715,0.38583359170177806
mlp-pinn,40.75961585517402,0.3498473923210077,0.28200123363126167,0.3855873489052689
mlp-pinn,40.958666335355055,0.3490975951476962,0.2816787417220126,0.3853409487532993
mlp-pinn,41.157716815536084,0.3483461635226497,0.2813558801707176,0.3850943909438205
mlp-pinn,41.35676729571712,0.347593086578028,0.28103264770339775,0.3848476751738163
mlp-pinn,41.55581777589815,0.3468762885318654,0.280659496901317,0.3845742826262989
mlp-pinn,41.754868256079185,0.346208634244896,0.28026856708029446,0.38429066056130184
mlp-pinn,41.95391873626021,0.3455396782475211,0.2798770912125225,0.38400682901707744
mlp-pinn,42.15296921644125,0.34486941282852357,0.2794850670034515,0.38372278752878386
mlp-pinn,42.35201969662228,0.3441978301995998,0.27909249214241666,0.38343853562985747
mlp-pinn,42.551070176803314,0.34352492249426736,0.2786993643024792,0.3831540728520039
mlp-pinn,42.75012065698434,0.34281871993999313,0.2783903043339369,0.38296798985727293
mlp-pinn,42.94917113716538,0.3420930264493518,0.2780854964689161,0.3828633405612481
mlp-pinn,43.14822161734641,0.34136577207780205,0.2777803541389943,0.3827586626532654
mlp-pinn,43.347272097527444,0.34063694659427884,0.2774748762407268,0.3826539561098437
mlp-pinn,43.54632257770847,0.33990653965423834,0.27716906166458805,0.3825492209074698
mlp-pinn,43.74537305788951,0.33917454079786974,0.27683958575956535,0.38244932259844
mlp-pinn,43.94442353807054,0.33848517696502745,0.2763861016713247,0.3823626702453416
mlp-pinn,44.143474018251574,0.3377966479063967,0.2759318722993339,0.382275998250335
mlp-pinn,44.3425244984326,0.33710671098090983,0.2754768939569343,0.38218930660005695
mlp-pinn,44.54157497861364,0.3364153575071593,0.2750211629269721,0.3821025952811294
mlp-pinn,44.74062545879467,0.33572257871404704,0.27456467546144425,0.38201586428015893
mlp-pinn,44.939675938975704,0.3350197852710182,0.2741909500090354,0.3819379362191571
mlp-pinn,45.13872641915673,0.3342999610815257,0.2739616669376808,0.38186909478947456
mlp-pinn,45.33777689933777,0.33358119406025877,0.2737321918147154,0.3818002409471692
mlp-pinn,45.5368273795188,0.3328608279797461,0.2735025241567316,0.3817313746855244
mlp-pinn,45.73587785969983,0.33213885182164415,0.27327266347829043,0.3816624959978174
mlp-pinn,45.93492833988086,0.3314152544374131,0.27304260929190954,0.3815936048773194
mlp-pinn,46.1339788200619,0.33070351381056745,0.27274691539885326,0.3815171342907703
mlp-pinn,46.33302930024293,0.33001176762853246,0.2724023520924052,0.38143766527880735
mlp-pinn,46.53207978042396,0.32931854637986946,0.2720573523934985,0.3813581797067598
mlp-pinn,46.73113026060499,0.32862384044967147,0.27171191463983635,0.3812786775642707
mlp-pinn,46.93018074078603,0.32792764011669023,0.27136603715854196,0.38119915884097244
mlp-pinn,47.12923122096706,0.3272299355516619,0.27101971826606397,0.3811196235264865
mlp-pinn,47.32828170114809,0.32655108104467445,0.270662164291568,0.3810472106500054
mlp-pinn,47.52733218132912,0.32590271662265957,0.2703010567487906,0.38097524935308785
mlp-pinn,47.72638266151016,0.3252530165406919,0.26993946614015174,0.3809032744610438
mlp-pinn,47.92543314169119,0.32460197225769066,0.2695773905218079,0.38083128596616517
mlp-pinn,48.12448362187222,0.32394957513876965,0.269214827936844,0.38075928386073643
mlp-pinn,48.32353410205325,0.3232958164537575,0.26885177641514985,0.380684548395558
mlp-pinn,48.52258458223429,0.32264055014678794,0.2684848243878522,0.3805955160901736
mlp-pinn,48.72163506241532,0.3219816337142939,0.2681173298405925,0.3805064629526826
mlp-pinn,48.92068554259635,0.321321327895534,0.2677493308957509,0.38041738896845506
mlp-pinn,49.11973602277738,0.3206596236333662,0.26738082547070496,0.38032829412284397
mlp-pinn,49.31878650295842,0.3199965117695417,0.26701181146846076,0.38023917840118493
mlp-pinn,49.517836983139446,0.3193321391581639,0.2666493688146418,0.3801608858844798
mlp-pinn,49.71688746332048,0.3187053005158894,0.26631591108371944,0.38010018201876866
mlp-pinn,49.91593794350151,0.3180790082723146,0.2659820353021164,0.3800394684568033
mlp-pinn,50.11498842368255,0.3174514559352454,0.26564773989356844,0.37997874519393604
mlp-pinn,50.314038903863576,0.31682263572423097,0.26531302327188105,0.3799180122255152
mlp-pinn,50.51308938404461,0.3163476068466379,0.26497788384084137,0.3798572695468856
mlp-pinn,50.71213986422564,0.3159358390353352,0.2646312194762072,0.3797802299511942
mlp-pinn,50.91119034440668,0.3154948874958073,0.2642689369087806,0.37969253379777124
mlp-pinn,51.110240824587706,0.31505291035523625,0.2639061570110284,0.37960481738481855
mlp-pinn,51.30929130476874,0.3146102131214852,0.2635428777291507,0.37951708069828843
mlp-pinn,51.50834178494977,0.3141667919082133,0.26317909699517283,0.37942932372411725
mlp-pinn,51.70739226513081,0.31372264279216266,0.26281481272680784,0.3793415464482248
mlp-pinn,51.906442745311836,0.3132849434085183,0.26250295792629796,0.37923474979927074
mlp-pinn,52.10549322549287,0.3128854848288268,0.26221902460309626,0.37912391705952536
mlp-pinn,52.30454370567391,0.3124854541438313,0.2619347835006696,0.3790130519095619
mlp-pinn,52.503594185854936,0.3120848486785276,0.26165023361595935,0.3789021543209311
mlp-pinn,52.70264466603597,0.31168366573593187,0.2613653739404467,0.37879122426514195
mlp-pinn,52.901695146217,0.31128190259682037,0.261080203460111,0.37868082287834137
mlp-pinn,53.10074562639804,0.31088812497806173,0.26064460528346545,0.3785814078814367
mlp-pinn,53.299796106579066,0.3105067112059857,0.260187178645222,0.37848196677142193
mlp-pinn,53.4988465867601,0.31012479061611187,0.2597289464024906,0.37838249952770897
mlp-pinn,53.69789706694113,0.30974236105312414,0.25926990428380814,0.37828300612968285
mlp-pinn,53.89694754712217,0.3093594203456988,0.25881004797983054,0.3781834865567013
mlp-pinn,54.095998027303196,0.3089759663063323,0.2583682976004076,0.37809778622016543
mlp-pinn,54.29504850748423,0.30858048009089833,0.25812538985548905,0.37804932503130606
mlp-pinn,54.49409898766526,0.3081803435379377,0.2578822533079073,0.37800085762953267
mlp-pinn,54.6931494678463,0.30777958994659893,0.2576388873098918,0.3779523840124551
mlp-pinn,54.892199948027326,0.3073782161402668,0.2573952912106097,0.37790390417768177
mlp-pinn,55.09125042820836,0.3069762189135488,0.2571514643561456,0.3778554181228193
mlp-pinn,55.29030090838939,0.3065735950319005,0.25687299115106016,0.37778070218251664
mlp-pinn,55.48935138857043,0.30621925161785646,0.256513313204436,0.37767915817245834
mlp-pinn,55.688401868751455,0.30587917481838955,0.2561531302157784,0.37757758685361387
mlp-pinn,55.88745234893249,0.305538667408974,0.25579244005162843,0.37747598820393835
mlp-pinn,56.08650282911352,0.30519772759697483,0.2554312405634643,0.37737436220135745
mlp-pinn,56.285553309294556,0.3048563535766269,0.25506952958755147,0.3772727088237669
mlp-pinn,56.484603789475585,0.3045145435288959,0.2546322058517614,0.37718531544482
mlp-pinn,56.68365426965662,0.30412798575528344,0.25412395097137236,0.3771035308962021
mlp-pinn,56.88270474983765,0.30373958494370895,0.2536146775280704,0.3770217286066645
mlp-pinn,57.081755230018686,0.30335060093863847,0.2531043793734786,0.3769399085646568
mlp-pinn,57.280805710199715,0.3029610308255436,0.25259305029711426,0.3768580707586165
mlp-pinn,57.47985619038075,0.30257087166424257,0.2520806840255063,0.37677621517696797
mlp-pinn,57.67890667056178,0.30218487658640747,0.2518255914732456,0.3766804061143233
mlp-pinn,57.877957150742816,0.3018163817691437,0.25167309483983524,0.3765836784674785
mlp-pinn,58.077007630923845,0.3014473751912574,0.2515205057478842,0.3764869259692067
mlp-pinn,58.27605811110488,0.3010778545158306,0.25136782402901564,0.3763901486003434
mlp-pinn,58.47510859128591,0.30086440640416123,0.2512150495143412,0.37629334634169964
mlp-pinn,58.674159071466946,0.30075841809257103,0.2510621820344586,0.3762000397058489
mlp-pinn,58.873209551647975,0.3006290572051629,0.25081386849932946,0.3761250071999516
mlp-pinn,59.07226003182901,0.30047616994613724,0.2505576078425303,0.37604995972296684
mlp-pinn,59.27131051201004,0.30032318574296807,0.2503010848237447,0.3759748972659296
mlp-pinn,59.470360992191075,0.3001701043894194,0.25004429863549316,0.3758998198198658
mlp-pinn,59.669411472372104,0.3000169256784899,0.24978724846614556,0.3758247273757927
mlp-pinn,59.86846195255314,0.2998636494024097,0.24950374979917206,0.37574546464838443
mlp-pinn,60.06751243273417,0.29969793744147577,0.24907029904642958,0.37565948815398387
mlp-pinn,60.266562912915205,0.29952184933600223,0.2486360926541194,0.37557349197779644
mlp-pinn,60.465613393096234,0.2993456312501588,0.24820112665646352,0.3754874761062994
mlp-pinn,60.66466387327727,0.2991692828615835,0.24776539705287304,0.37540144052595426
mlp-pinn,60.8637143534583,0.29899280384652116,0.2473288998075191,0.3753153852232071
mlp-pinn,61.062764833639335,0.29881619387981456,0.24696081708426848,0.37524697624662184
mlp-pinn,61.261815313820364,0.29860613146817905,0.24671783107760117,0.3751901354582545
mlp-pinn,61.4608657940014,0.2983881565416109,0.24647460552426487,0.3751332860572812
mlp-pinn,61.65991627418243,0.2981699942760013,0.24623113971439153,0.37507642803978575
mlp-pinn,61.858966754363465,0.2979516441373776,0.2459874329346002,0.37501956140184894
mlp-pinn,62.058017234544494,0.2977331055890981,0.24574348446797253,0.37496268613954875
mlp-pinn,62.25706771472553,0.297515544071688,0.24547233088005738,0.37486980027569683
mlp-pinn,62.45611819490656,0.2973264964504212,0.24518002952410092,0.37476934306616067
mlp-pinn,62.655168675087594,0.29713928941688383,0.24488737927298262,0.37466885892177165
mlp-pinn,62.85421915526862,0.2969519443360623,0.24459437887437288,0.37456834782085263
mlp-pinn,63.05326963544966,0.2967644608709259,0.24430102706843232,0.3744678097416974
mlp-pinn,63.25232011563069,0.29657683868300116,0.24400732258774843,0.37436841009752553
mlp-pinn,63.451370595811724,0.2963792306738241,0.2437589741592766,0.374291597114638
mlp-pinn,63.65042107599275,0.29612789199911493,0.2435238204620221,0.37421476836477735
mlp-pinn,63.84947155617379,0.29587628774875135,0.24328843947392043,0.37413792383823036
mlp-pinn,64.04852203635483,0.2956244169796094,0.2430528305346221,0.3740610635252738
mlp-pinn,64.24757251653585,0.295372278742715,0.24281699298057374,0.37398418741617456
mlp-pinn,64.44662299671688,0.2951198720831917,0.24258092614499657,0.37391318277173086
mlp-pinn,64.64567347689791,0.29485690173126616,0.24231828335437575,0.3738578875754495
mlp-pinn,64.84472395707894,0.29458806942319693,0.2420547716969716,0.3738025841995599
mlp-pinn,65.04377443725998,0.2943189558464292,0.24179097285617285,0.3737472726404311
mlp-pinn,65.24282491744101,0.2940495600327782,0.24152688589098317,0.3736919528944293
mlp-pinn,65.44187539762204,0.29377988100820723,0.24126250985525602,0.3736366249579182
mlp-pinn,65.64092587780308,0.293509917792777,0.24101216674662662,0.37356246412205435
mlp-pinn,65.83997635798411,0.2932065505901458,0.24082445303426614,0.37346906377961014
mlp-pinn,66.03902683816514,0.29288389844470386,0.24063659289186082,0.3733756400729643
mlp-pinn,66.23807731834617,0.29256084255661285,0.24044858597619753,0.37328219298457455
mlp-pinn,66.43712779852721,0.292237381269033,0.24026043194272032,0.37318872249687624
mlp-pinn,66.63617827870824,0.29191351291318135,0.24007213044552306,0.37309522859228283
mlp-pinn,66.83522875888927,0.29158975263667014,0.23986033370436055,0.37302034710443804
mlp-pinn,67.0342792390703,0.2912740323641446,0.23961208961197883,0.37295270005144276
mlp-pinn,67.23332971925134,0.2909549876511125,0.23936358806566788,0.372885040726237
mlp-pinn,67.43238019943237,0.29063551538907595,0.239114828262746,0.37281736912213925
mlp-pinn,67.6314306796134,0.2903156136555276,0.23886580939635182,0.37274968523246194
mlp-pinn,67.83048115979443,0.28999528051280815,0.23861653065541386,0.3726819890505113
mlp-pinn,68.02953163997547,0.2896752173697273,0.2383766488830977,0.37260158449425357
mlp-pinn,68.2285821201565,0.28935365900107646,0.2381427423655166,0.3725204023788772
mlp-pinn,68.42763260033753,0.2890314994536213,0.23790860587629442,0.37243920256789936
mlp-pinn,68.62668308051856,0.2887088927792791,0.23767423873578547,0.3723579850497435
mlp-pinn,68.8257335606996,0.2883858368877157,0.23743964026098993,0.3722767498128203
mlp-pinn,69.02478404088063,0.28806232967149387,0.23720480976553043,0.3721922623212361
mlp-pinn,69.22383452106166,0.28772099654340266,0.236972455733576,0.37209160365253185
mlp-pinn,69.42288500124269,0.28734220180950176,0.23674041020198078,0.3719909177461539
mlp-pinn,69.62193548142373,0.2869628170907615,0.23650813700336526,0.3718902045799793
mlp-pinn,69.82098596160476,0.2865828393263488,0.2362756354662983,0.37178946413185493
mlp-pinn,70.02003644178579,0.2862022654274988,0.2360429049160418,0.37168869637959784
mlp-pinn,70.21908692196682,0.2858210922771488,0.23580851459773863,0.37161225016172206
mlp-pinn,70.41813740214786,0.2854621563140274,0.2355431120835295,0.3715737994690782
mlp-pinn,70.61718788232889,0.28513761531078297,0.23527741018465068,0.37153534479712036
mlp-pinn,70.81623836250992,0.2848126564933112,0.23501140788565691,0.37149688614461296
mlp-pinn,71.01528884269095,0.2844872780992632,0.2347451041653496,0.37145842351031955
mlp-pinn,71.214339322872,0.2841614783532229,0.23447849799673118,0.37141995689300317
mlp-pinn,71.41338980305302,0.28383525546656685,0.23423551126358122,0.3713483273861085
mlp-pinn,71.61244028323405,0.2834734521042086,0.23405685162383716,0.3712559968303966
mlp-pinn,71.81149076341508,0.2830990431767071,0.23387805550588658,0.3711636433065643
mlp-pinn,72.01054124359612,0.2827240876154523,0.23369912259648346,0.3710712667974624
mlp-pinn,72.20959172377715,0.2823485828354557,0.23352005258118164,0.3709788672859204
mlp-pinn,72.40864220395818,0.28197252623028324,0.23334084514432848,0.3708864447547464
mlp-pinn,72.60769268413921,0.2815988693538948,0.23318484710607643,0.3708056049519928
mlp-pinn,72.80674316432025,0.28126582970610003,0.23305458009402688,0.3707269777217849
mlp-pinn,73.00579364450128,0.28093859370584184,0.23292424022785208,0.370648333812044
mlp-pinn,73.20484412468231,0.28061092860777015,0.23279382738518023,0.3705696732121504
mlp-pinn,73.40389460486334,0.2802828325716441,0.23266334144329667,0.3704909959114735
mlp-pinn,73.60294508504438,0.2799543037433482,0.2325327822791423,0.3704126255485023
mlp-pinn,73.80199556522541,0.2796181343535149,0.2323382569412857,0.37033884399516565
mlp-pinn,74.00104604540644,0.2792819212858586,0.23211328115285587,0.37026504773961083
mlp-pinn,74.20009652558747,0.278945425931188,0.23188808709499187,0.37019123677304533
mlp-pinn,74.39914700576851,0.2786084988933867,0.2316626741311693,0.370117411086668
mlp-pinn,74.59819748594954,0.27827113841967543,0.2314370416217641,0.3700435706716687
mlp-pinn,74.79724796613057,0.2779333427449091,0.23121118892403106,0.36998102542193895
mlp-pinn,74.9962984463116,0.2775809877420542,0.23102393773390423,0.3699461716615886
mlp-pinn,75.19534892649264,0.27723763811563695,0.2308415560586575,0.3699113146172495
mlp-pinn,75.39439940667367,0.2768938612849137,0.23065903017459724,0.3698764542879932
mlp-pinn,75.5934498868547,0.27664112607770475,0.23047635973910474,0.3698415906728908
mlp-pinn,75.79250036703573,0.27640752325932627,0.23029354440820235,0.369806723771013
mlp-pinn,75.99155084721677,0.2761736917930401,0.23012058100359825,0.36973005476054366
mlp-pinn,76.1906013273978,0.27593847077891354,0.23004652705946302,0.3696137742330555
mlp-pinn,76.38965180757883,0.27570446896150247,0.22997244926905241,0.3694974571121886
mlp-pinn,76.58870228775986,0.27547024920580754,0.22989834760931518,0.36938110336337343
mlp-pinn,76.7877527679409,0.2752358108577694,0.22982422205716294,0.36926471295198604
mlp-pinn,76.98680324812193,0.27500115325989677,0.22975007258947008,0.369148285843348
mlp-pinn,77.18585372830296,0.2747703668642015,0.22963679011279942,0.36909240772135943
mlp-pinn,77.38490420848399,0.274581977267743,0.22943019568159775,0.36905760817951333
mlp-pinn,77.58395468866503,0.27439343418775497,0.22922341505108632,0.36902280535600523
mlp-pinn,77.78300516884606,0.27420473720832955,0.2290164477169029,0.36898799924990655
mlp-pinn,77.98205564902709,0.2740158859115833,0.2288092931724043,0.3689531898602884
mlp-pinn,78.18110612920813,0.27382687987764365,0.22860195090865174,0.36891837718622117
mlp-pinn,78.38015660938916,0.2736264284438282,0.2284215245369897,0.3688925366777578
mlp-pinn,78.57920708957019,0.27338864881729924,0.2282679395549489,0.3688670124496333
mlp-pinn,78.77825756975122,0.27315059957286036,0.22811425116708736,0.36884148645520476
mlp-pinn,78.97730804993226,0.272912279678075,0.22796045916425994,0.3688159586941054
mlp-pinn,79.17635853011329,0.2726736880936386,0.2278065633366156,0.3687904291659683
mlp-pinn,79.37540901029432,0.27243482377331346,0.2276525634735938,0.36874729586014776
mlp-pinn,79.57445949047535,0.27221470441015216,0.22747871789313892,0.3686294464213981
mlp-pinn,79.77350997065639,0.27202656088513766,0.22729650921485842,0.36851155929457824
mlp-pinn,79.97256045083742,0.27183828704993585,0.22711415435461996,0.3683936344435073
mlp-pinn,80.17161093101845,0.2716498826332141,0.22693165296002246,0.3682756718319465
mlp-pinn,80.37066141119948,0.27146134736269656,0.2267490046772466,0.3681576714235989
mlp-pinn,80.56971189138052,0.271272680965159,0.2265662091510469,0.3680632668011256
mlp-pinn,80.76876237156155,0.2710563722407781,0.22639088672976163,0.3680016835327986
mlp-pinn,80.96781285174258,0.27082349095048186,0.22621632340521375,0.3679400899570901
mlp-pinn,81.16686333192361,0.27059038070238056,0.2260416252721095,0.3678784860688228
mlp-pinn,81.36591381210465,0.27035704075665734,0.22586679201764315,0.3678168718628151
mlp-pinn,81.56496429228568,0.27012347036929807,0.22569182332779752,0.367755247333881
mlp-pinn,81.76401477246671,0.2698896687920568,0.22553379024718462,0.3676531283065071
mlp-pinn,81.96306525264774,0.26968368404259613,0.22552878098514922,0.36752868904906505
mlp-pinn,82.16211573282878,0.2694798711027371,0.2255237716118497,0.36740420764423437
mlp-pinn,82.36116621300981,0.269275879814895,0.22551876212727864,0.3672796840491604
mlp-pinn,82.56021669319084,0.26907170966386407,0.2255137525314286,0.3671551182209155
mlp-pinn,82.75926717337187,0.2688673601318257,0.22550874282429223,0.36703051011649945
mlp-pinn,82.95831765355291,0.2686773608737174,0.2254580679050331,0.36696629547056514
mlp-pinn,83.15736813373394,0.2685607945604582,0.22530409261367743,0.3669110824417454
mlp-pinn,83.35641861391497,0.2684441178645499,0.22515001202192855,0.366855861103181
mlp-pinn,83.555469094096,0.2683273304863216,0.22499582591345244,0.366800631451119
mlp-pinn,83.75451957427704,0.26821043212474127,0.22484153407117338,0.36674539348180346
mlp-pinn,83.95357005445807,0.2680934224774073,0.22468713627727033,0.3666914213782862
mlp-pinn,84.1526205346391,0.26793802002168887,0.22448239088737965,0.3666498921198153
mlp-pinn,84.35167101482013,0.2677176733521744,0.22422920190978957,0.36660835815692544
mlp-pinn,84.55072149500117,0.2674971136910897,0.22397572671985694,0.3665668194880176
mlp-pinn,84.7497719751822,0.26727634035492787,0.22372196434475294,0.36652527611149166
mlp-pinn,84.94882245536323,0.2670553526563293,0.22346791380612513,0.36648372802574675
mlp-pinn,85.14787293554426,0.26683414990405085,0.22321357412005355,0.3664194809980497
mlp-pinn,85.3469234157253,0.2666246672898095,0.22297049726166657,0.366306503382103
mlp-pinn,85.54597389590633,0.2664246925197662,0.2227316846005333,0.36619349091042724
mlp-pinn,85.74502437608736,0.2662245518663606,0.22249261560975014,0.36608044355074154
mlp-pinn,85.94407485626839,0.26602424488426724,0.22225328946214634,0.3659673612707152
mlp-pinn,86.14312533644943,0.26582377112606687,0.22201370532609285,0.3658542440379675
mlp-pinn,86.34217581663046,0.26562313014223216,0.22177386236546853,0.3657745795828101
mlp-pinn,86.54122629681149,0.2654909683799217,0.22166525876364426,0.3657232810386605
mlp-pinn,86.74027677699252,0.26537692979377436,0.22156702168949174,0.36567197529805945
mlp-pinn,86.93932725717356,0.2652628352291397,0.22146874104024258,0.3656206623579774
mlp-pinn,87.13837773735459,0.26514868459576324,0.22137041675785943,0.3655693422153828
mlp-pinn,87.33742821753562,0.26503447780313505,0.22127204878417586,0.36551801486724184
mlp-pinn,87.53647869771665,0.26492069897852305,0.22121045415964988,0.3654602564384098
mlp-pinn,87.73552917789769,0.26479229511840513,0.22138778702557896,0.36540052434003306
mlp-pinn,87.93457965807872,0.26466375546610127,0.22156497796052435,0.36534078247564145
mlp-pinn,88.13363013825975,0.2645351085639118,0.22174202730473128,0.3652810308404432
mlp-pinn,88.33268061844078,0.2644063541238322,0.22191893539708757,0.36522126942964267
mlp-pinn,88.53173109862182,0.26427749185655836,0.2220957025751315,0.3651614982384404
mlp-pinn,88.73078157880285,0.2641380986468046,0.22212717035644555,0.3650539031295756
mlp-pinn,88.92983205898388,0.26396362400143947,0.22187729063263262,0.36494581691290234
mlp-pinn,89.1288825391649,0.26378902042921964,0.22162712917509458,0.3648376986747857
mlp-pinn,89.32793301934595,0.2636142876199975,0.22137668502873192,0.3647295483867489
mlp-pinn,89.52698349952698,0.2634394252623171,0.22112595723303657,0.364621366020273
mlp-pinn,89.726033979708,0.2632644330434054,0.2208749448220487,0.3645254836692642
mlp-pinn,89.92508445988904,0.26312254183314576,0.22067981934484424,0.36447554858180176
mlp-pinn,90.12413494007008,0.26302290800507144,0.22053089043537127,0.3644256066520294
mlp-pinn,90.32318542025111,0.26292321919084405,0.22038186088324596,0.3643756578771337
mlp-pinn,90.52223590043214,0.26282347528843264,0.22023273048415629,0.3643257022542993
mlp-pinn,90.72128638061317,0.2627236761954821,0.22008349903309804,0.3642757397807088
mlp-pinn,90.92033686079421,0.2626238218093122,0.2199341663243715,0.36420290719987786
mlp-pinn,91.11938734097524,0.2625158590947182,0.21986358862846278,0.3641004439672248
mlp-pinn,91.31843782115627,0.26240320068243167,0.21981862705206492,0.3639979518917896
mlp-pinn,91.5174883013373,0.26229049352767086,0.21977365627737028,0.36389543094920124
mlp-pinn,91.71653878151834,0.2621777375666602,0.2197286762987312,0.3637928811150546
mlp-pinn,91.91558926169937,0.26206493273548415,0.21968368711049413,0.36369030236490985
mlp-pinn,92.1146397418804,0.2619520789700865,0.21963868870699985,0.3636062062599533
mlp-pinn,92.31369022206142,0.2618581727204983,0.21950034716174238,0.36353167489430366
mlp-pinn,92.51274070224247,0.2617685792442454,0.2193578195595727,0.3634571282450788
mlp-pinn,92.7117911824235,0.26167887923020194,0.21921519928995498,0.36338256630287263
mlp-pinn,92.91084166260453,0.26160140685416766,0.21907248617190453,0.3633079890582694
mlp-pinn,93.10989214278555,0.26158586497040215,0.21892968002384677,0.3632333965018436
mlp-pinn,93.3089426229666,0.2615657191384305,0.21880843597685526,0.3631635051441411
mlp-pinn,93.50799310314763,0.26147834678602133,0.2187974240923245,0.3630942410072544
mlp-pinn,93.70704358332866,0.26139061827515986,0.21878641165354726,0.3630249636549665
mlp-pinn,93.90609406350968,0.26130286026393124,0.21877539866043985,0.36295567307971005
mlp-pinn,94.10514454369073,0.261215072722508,0.21876438511291849,0.3628863692739105
mlp-pinn,94.30419502387176,0.2611272556210126,0.21875337101089953,0.36281503547597105
mlp-pinn,94.50324550405279,0.2610447009006146,0.21867965617459337,0.3627256324669572
mlp-pinn,94.70229598423381,0.2609680001153373,0.21849909448896082,0.362636207416852
mlp-pinn,94.90134646441486,0.260889604281196,0.21831838346862428,0.36254676030934563
mlp-pinn,95.10039694459589,0.26081118236931855,0.21813752274244505,0.3624572911281081
mlp-pinn,95.29944742477691,0.26073273435161787,0.21795651193774457,0.36236779985678924
mlp-pinn,95.49849790495794,0.2606542601999539,0.2177753506802954,0.3622976089904574
mlp-pinn,95.69754838513899,0.260582839567123,0.21773865378886478,0.3622677498682925
mlp-pinn,95.89659886532002,0.2604824873459898,0.2178077911025007,0.36223788828485226
mlp-pinn,96.09564934550104,0.26038206982835693,0.21787690647729063,0.362208024239528
mlp-pinn,96.29469982568207,0.2602815868763144,0.21794599993410643,0.3621781577317107
mlp-pinn,96.49375030586312,0.260181038351462,0.21801507149378685,0.36214828876079097
mlp-pinn,96.69280078604415,0.26008042411490706,0.21808412117713766,0.36204957313854386
mlp-pinn,96.89185126622517,0.2599890366494659,0.21782014600821528,0.36189369297053897
mlp-pinn,97.0909017464062,0.2599342321758146,0.21746328864464487,0.3617377456305986
mlp-pinn,97.28995222658725,0.2598794129952334,0.21710584471461847,0.3615817310318105
mlp-pinn,97.48900270676828,0.2598245790943945,0.21674781131617438,0.361425649087075
mlp-pinn,97.6880531869493,0.25976973045994906,0.21638918552334319,0.3612694997091041
mlp-pinn,97.88710366713033,0.25971486707852703,0.2160299643858688,0.3611661041091229
mlp-pinn,98.08615414731138,0.2596157036877001,0.21594732418218426,0.3610784983444809
mlp-pinn,98.2852046274924,0.2594963875794906,0.2158676936492274,0.3609908713195512
mlp-pinn,98.48425510767343,0.25937701397841884,0.2157880337308536,0.3609032230188479
mlp-pinn,98.68330558785446,0.2592575827978362,0.21570834439450717,0.3608155534268663
mlp-pinn,98.8823560680355,0.2591509529225305,0.21562862560757237,0.3607278625280826
mlp-pinn,99.08140654821653,0.25908627007547325,0.2155896744463351,0.36067323858379424
mlp-pinn,99.28045702839756,0.2590536114216091,0.21571805950114492,0.3606187430563986
mlp-pinn,99.47950750857859,0.25902320926441624,0.21584636819275477,0.36056423929257203
mlp-pinn,99.67855798875964,0.258992803538065,0.21597460065726481,0.3605097272885788
mlp-pinn,99.87760846894066,0.25896239424129786,0.21610275703037146,0.36045520704068035
mlp-pinn,100.0766589491217,0.25893198137285667,0.21623083744736898,0.3603883602717836
mlp-pinn,100.27570942930272,0.25890699422619035,0.21625698318101252,0.36027781411672
mlp-pinn,100.47475990948377,0.2588882403663713,0.2161322782751043,0.36016723403171863
mlp-pinn,100.6738103896648,0.2588679219422301,0.21600750137488633,0.360056619985518
mlp-pinn,100.87286086984582,0.2588475995629068,0.2158826523555237,0.35994597194680855
mlp-pinn,101.07191135002685,0.25882727322633725,0.21575773109182045,0.3598352898842325
mlp-pinn,101.2709618302079,0.2588069429304549,0.21563273745821782,0.3597215451834183
mlp-pinn,101.47001231038892,0.25875859039955607,0.21550703135478158,0.35960396641561904
mlp-pinn,101.66906279056995,0.25863027589172793,0.21538084419177453,0.3594863491908215
mlp-pinn,101.86811327075098,0.2585012959880168,0.21525458305497727,0.3593686934712661
mlp-pinn,102.06716375093202,0.25837224860873287,0.21512824781414167,0.3592509992191315
mlp-pinn,102.26621423111305,0.25824313364341683,0.215001838338637,0.3591332663965342
mlp-pinn,102.46526471129408,0.25811395098129747,0.21487535449744824,0.35903946749319343
mlp-pinn,102.66431519147511,0.2580234058533103,0.2148876325300231,0.35895829160941495
mlp-pinn,102.86336567165615,0.2580200676548151,0.21493078975139504,0.35887709736413054
mlp-pinn,103.06241615183718,0.25801672050798774,0.21497393830871342,0.3587958847448748
mlp-pinn,103.26146663201821,0.2580133644119446,0.21501707820719418,0.35871465373916817
mlp-pinn,103.46051711219926,0.25800999936579716,0.2150602094520481,0.358633404334517
mlp-pinn,103.65956759238028,0.2580066253686524,0.21509672519944387,0.3585352919044466
mlp-pinn,103.85861807256131,0.2580002055244454,0.21488302521383204,0.35843484910006307
mlp-pinn,104.05766855274234,0.2579517030446784,0.21466911249309176,0.35833437814109215
mlp-pinn,104.25671903292339,0.25790317975185967,0.21445498640063138,0.35823387900384496
mlp-pinn,104.45576951310441,0.25785463562079924,0.21424064629667802,0.3581333516645995
mlp-pinn,104.65481999328544,0.25780607062625627,0.21402609153825525,0.3580344464685117
mlp-pinn,104.85387047346647,0.2577538573603572,0.2138937939866045,0.3579496726157219
mlp-pinn,105.05292095364752,0.2576968658957901,0.21403281071186508,0.35786487868103434
mlp-pinn,105.25197143382854,0.25764985632536463,0.2141717372027834,0.35778006465017076
mlp-pinn,105.45102191400957,0.25760283808625695,0.21431057363484232,0.357695230508836
mlp-pinn,105.6500723941906,0.2575558111736208,0.2144493201829566,0.3576103762427179
mlp-pinn,105.84912287437164,0.2575087755826054,0.21458797702147547,0.35751239524443185
mlp-pinn,106.04817335455267,0.25746286134127727,0.2145838140291493,0.35738767554921574
mlp-pinn,106.2472238347337,0.257433087439775,0.21439745782726438,0.35726291231463164
mlp-pinn,106.44627431491473,0.2574064106437731,0.2142109395019094,0.3571381054950491
mlp-pinn,106.64532479509577,0.25737973072483467,0.21402425862922114,0.35701325504475806
mlp-pinn,106.8443752752768,0.2573530476817668,0.21383741478348642,0.35688836091796844
mlp-pinn,107.04342575545783,0.25732636151337623,0.21365040753713035,0.3567649783750362
mlp-pinn,107.24247623563886,0.25727788902288445,0.21362374820653796,0.3566428146091211
mlp-pinn,107.4415267158199,0.25722200690231556,0.21368456460680163,0.3565206089831159
mlp-pinn,107.64057719600093,0.25716609981619704,0.21374536370313726,0.3563983614539602
mlp-pinn,107.83962767618196,0.2571101677317778,0.21380614551030677,0.35627607197851996
mlp-pinn,108.03867815636299,0.25705421061623496,0.2138669100430511,0.35615374051358695
mlp-pinn,108.23772863654403,0.25699822843667386,0.2139276573160903,0.35605456425482557
mlp-pinn,108.43677911672506,0.25696744524948556,0.21392336338989695,0.35596196229377963
mlp-pinn,108.63582959690609,0.25691950157901566,0.21390791940078396,0.35586933623646566
mlp-pinn,108.83488007708712,0.2568715474016246,0.21389247429654618,0.3557766860640634
mlp-pinn,109.03393055726816,0.256823582709669,0.21387702807694203,0.35568401175772796
mlp-pinn,109.23298103744919,0.25677560749549566,0.21386158074172984,0.3555912459535299
mlp-pinn,109.43203151763022,0.2567276217514417,0.21383482865115822,0.35548464116110895
mlp-pinn,109.63108199781125,0.25672752314619385,0.21363934595167955,0.35537800438983413
mlp-pinn,109.8301324779923,0.25674540241067334,0.2134436842191697,0.3552713356109096
mlp-pinn,110.02918295817332,0.2567632785119487,0.21324784296082305,0.3551646347954962
mlp-pinn,110.22823343835435,0.25678115145146607,0.213051821681569,0.35505790191471137
mlp-pinn,110.42728391853538,0.25679902123067044,0.21285561988405732,0.35494825924717754
mlp-pinn,110.62633439871642,0.25680358927339697,0.21270301627206045,0.3548289284817389
mlp-pinn,110.82538487889745,0.2567451195227325,0.21266712985709119,0.35470955757125633
mlp-pinn,111.02443535907848,0.2566817601838316,0.21263123738546358,0.35459014647518594
mlp-pinn,111.22348583925951,0.25661838170989115,0.21259533885410997,0.3544706951529157
mlp-pinn,111.42253631944055,0.25655498408158983,0.21255943425996016,0.3543512035637648
mlp-pinn,111.62158679962158,0.256491567279572,0.21252352359994128,0.3542389903460113
mlp-pinn,111.82063727980261,0.2564267081282875,0.21246187860698898,0.354135464933157
mlp-pinn,112.01968775998364,0.25638101739151015,0.212371958119835,0.35403190924757766
mlp-pinn,112.21873824016468,0.2563388529579207,0.2122819995432844,0.35392832326270085
mlp-pinn,112.41778872034571,0.2562966681158272,0.21219200282889325,0.35382470695191515
mlp-pinn,112.61683920052674,0.25625446284211034,0.2121019679281149,0.3537210602885704
mlp-pinn,112.81588968070777,0.25621223711360536,0.21201189479229962,0.35361765307257703
mlp-pinn,113.01494016088881,0.25619082498459467,0.21204597359112112,0.3535143416158979
mlp-pinn,113.21399064106984,0.25614034062506846,0.21213735013245927,0.3534450204834515
mlp-pinn,113.41304112125087,0.25608984326073486,0.21222868733099395,0.3533854147504497
mlp-pinn,113.6120916014319,0.25603933288025693,0.21231998523749943,0.35332579896201644
mlp-pinn,113.81114208161294,0.25598880947228064,0.2124112439026408,0.3532661731130609
mlp-pinn,114.01019256179397,0.2559382730254347,0.2125024633769744,0.35320653719848816
mlp-pinn,114.209243041975,0.25591783985198324,0.21242020613721646,0.353146716090554
mlp-pinn,114.40829352215603,0.25593236827216354,0.212317554230555,0.35308651344621195
mlp-pinn,114.60734400233707,0.25594689572187995,0.21221485266943924,0.35302630053533074
mlp-pinn,114.8063944825181,0.25596142220134704,0.21211210138174327,0.3529660773526563
mlp-pinn,115.00544496269913,0.2559759477107793,0.21200930029516646,0.3529058438929299
mlp-pinn,115.20449544288016,0.25598935326905464,0.2119133049216452,0.35284560015088845
mlp-pinn,115.4035459230612,0.2559742588006524,0.211877173061884,0.35279607308604954
mlp-pinn,115.60259640324223,0.255962155592086,0.21184103503942978,0.35275609573001837
mlp-pinn,115.80164688342326,0.2559500478555885,0.21180489085112808,0.3527161138428957
mlp-pinn,116.00069736360429,0.2559379355894371,0.2117687404938218,0.3526761274231404
mlp-pinn,116.19974784378533,0.25592581879190723,0.21173258396435113,0.35263613646921077
mlp-pinn,116.39879832396636,0.25590834982815036,0.2116513550979357,0.3525961409795639
mlp-pinn,116.59784880414739,0.2558364560920935,0.21147008033439885,0.3525527709849985
mlp-pinn,116.79689928432842,0.2557480494710197,0.21128865004652217,0.35250817919756894
mlp-pinn,116.99594976450946,0.25565961226500084,0.2111070638333221,0.3524635817686276
mlp-pinn,117.19500024469049,0.25557114444225687,0.21092532129208896,0.35241897869603245
mlp-pinn,117.39405072487152,0.2554826459709527,0.2107434220183766,0.35237436997764066
mlp-pinn,117.59310120505255,0.25540529474285134,0.21071098308046268,0.3523297556113077
mlp-pinn,117.79215168523359,0.2553883849426384,0.21080893284613042,0.352254186328644
mlp-pinn,117.99120216541462,0.2553763211925546,0.21090683712178138,0.35217669816493957
mlp-pinn,118.19025264559565,0.2553642541110011,0.21100469597073643,0.3520991929480424
mlp-pinn,118.38930312577668,0.25535218369674617,0.21110250945616965,0.35202167066668877
mlp-pinn,118.58835360595772,0.25534010994855716,0.21120027764110894,0.3519441313096022
mlp-pinn,118.78740408613875,0.2553294685812869,0.21128468396596933,0.35187237674636274
mlp-pinn,118.98645456631978,0.25530460576313785,0.21136482587376842,0.3518330532311482
mlp-pinn,119.18550504650081,0.25527974048626134,0.21144493740616577,0.3517937253203498
mlp-pinn,119.38455552668185,0.25525487274991704,0.21152501859767386,0.3517543930124931
mlp-pinn,119.58360600686288,0.25523000255336437,0.2116050694827399,0.351715056306103
mlp-pinn,119.78265648704391,0.25520512989586236,0.21168509009574601,0.3516757151997034
mlp-pinn,119.98170696722494,0.2551841522201056,0.21142614073859345,0.3516240251071658
mlp-pinn,120.18075744740598,0.2551668103053178,0.2111603938353799,0.3515502477854355
mlp-pinn,120.37980792758701,0.2551494670988027,0.21089431206604406,0.351476454977339
mlp-pinn,120.57885840776804,0.255132122600251,0.210627894161498,0.3514026466731202
mlp-pinn,120.77790888794907,0.2551147768093531,0.21036113884461746,0.3513288228630126
mlp-pinn,120.97695936813011,0.25509854331847825,0.2101654307153529,0.35125498353723955
mlp-pinn,121.17600984831114,0.2550884977624927,0.21024706780899835,0.3512061474544263
mlp-pinn,121.37506032849217,0.2550723940841372,0.21032867321597715,0.35117637660645495
mlp-pinn,121.5741108086732,0.25505628754024456,0.21041024697315733,0.351146603234457
mlp-pinn,121.77316128885424,0.25504017812955854,0.21049178911733546,0.35111682733779026
mlp-pinn,121.97221176903527,0.25502406585082205,0.21057329968523686,0.3510870489158125
mlp-pinn,122.1712622492163,0.2549942116865567,0.2106294573858962,0.35105726796788095
mlp-pinn,122.37031272939733,0.2549208601768379,0.2106508676008841,0.35100653187353353
mlp-pinn,122.56936320957837,0.25484413425670727,0.21067227563999338,0.3509497402279766
mlp-pinn,122.7684136897594,0.25476738459895165,0.2106936815038873,0.35089293939075294
mlp-pinn,122.96746416994043,0.2546906111809728,0.21071508519322873,0.35083612935739805
mlp-pinn,123.16651465012146,0.2546138139801355,0.2107364867086803,0.350779310123444
mlp-pinn,123.3655651303025,0.2545511055521088,0.2106774128647469,0.35072248168441905
mlp-pinn,123.56461561048353,0.2545062071530793,0.2105749088396138,0.35065133619520605
mlp-pinn,123.76366609066456,0.2544615205469825,0.210472354893084,0.35057995178389656
mlp-pinn,123.96271657084559,0.25441682558149914,0.21036975095214838,0.35050855283447085
mlp-pinn,124.16176705102663,0.2543721222516824,0.21026709694361972,0.3504371393380429
mlp-pinn,124.36081753120766,0.2543274105525807,0.21016439279413204,0.3503657112857174
mlp-pinn,124.55986801138869,0.2543108055323071,0.21005568427671195,0.350299830630499
mlp-pinn,124.75891849156972,0.2543510622619937,0.20994607907970572,0.3502572248626132
mlp-pinn,124.95796897175076,0.25439131118566294,0.20983641663192398,0.3502146139114729
mlp-pinn,125.15701945193179,0.25443155230839015,0.20972669684356054,0.350171997775186
mlp-pinn,125.35606993211282,0.25447178563524486,0.20961691962457396,0.35012937645185915
mlp-pinn,125.55512041229385,0.25451201117129085,0.20951605783317337,0.35008674993959793
mlp-pinn,125.75417089247489,0.25451147286357145,0.20949606237800406,0.3500345006017155
mlp-pinn,125.95322137265592,0.25447806999925804,0.20947606501417645,0.349967853379916
mlp-pinn,126.15227185283695,0.2544446626899881,0.20945606574114392,0.3499011934635267
mlp-pinn,126.35132233301798,0.2544112509339634,0.20943606455835947,0.34983452084529104
mlp-pinn,126.55037281319902,0.25437783472938424,0.20941606146527594,0.34976783551794516
mlp-pinn,126.74942329338005,0.2543452850930967,0.20938203944219722,0.3497011374742186
mlp-pinn,126.94847377356108,0.2543180538479135,0.2093182862300253,0.34963093257943684
mlp-pinn,127.1475242537421,0.25429034580971577,0.209254513594273,0.34955847503160953
mlp-pinn,127.34657473392315,0.2542626342109925,0.20919072151717616,0.3494860024614464
mlp-pinn,127.54562521410418,0.25423491905022344,0.20912690998094371,0.34941351485959987
mlp-pinn,127.7446756942852,0.25420720032588706,0.20906307896775728,0.3493410122167128
mlp-pinn,127.94372617446624,0.25417507858819,0.2089789925009966,0.3492684945234185
mlp-pinn,128.14277665464726,0.25414254948488013,0.20887787648038839,0.34920987838107137
mlp-pinn,128.3418271348283,0.25411242047860594,0.20877671148665308,0.3491543469288433
mlp-pinn,128.54087761500932,0.2540822873544994,0.20867549744856478,0.34909880664317866
mlp-pinn,128.73992809519038,0.25405215011070925,0.2085742342947248,0.34904325751986076
mlp-pinn,128.9389785753714,0.2540220087453827,0.208472921953561,0.34898769955466946
mlp-pinn,129.13802905555244,0.2539874717143018,0.20850328455738742,0.34893183485391227
mlp-pinn,129.33707953573347,0.2539570842215204,0.20857729745925113,0.34886548714864435
mlp-pinn,129.5361300159145,0.25392684341978333,0.20865128410721795,0.3487991268228806
mlp-pinn,129.73518049609552,0.25389659598646475,0.2087252445292065,0.34873275386941643
mlp-pinn,129.93423097627658,0.25386634191705365,0.20879917875308585,0.3486663682810403
mlp-pinn,130.1332814564576,0.25383608120703405,0.20887308680667588,0.3485999700505338
mlp-pinn,130.33233193663864,0.25381461408739636,0.20881847819120616,0.34853865278584734
mlp-pinn,130.53138241681967,0.25378189930028505,0.20875818639090665,0.3484938187147047
mlp-pinn,130.7304328970007,0.25374918008301883,0.20869787717260038,0.3484489788748727
mlp-pinn,130.92948337718173,0.2537164564337189,0.2086375505211827,0.348404133264124
mlp-pinn,131.12853385736275,0.2536837283505049,0.20857720642152716,0.3483592818802299
mlp-pinn,131.32758433754378,0.25365099583149553,0.2084828528228761,0.34831442472096025
mlp-pinn,131.52663481772484,0.25364906357715966,0.20822613525448483,0.3482497308299549
mlp-pinn,131.72568529790587,0.2536562962898475,0.20796910079353856,0.3481602078310307
mlp-pinn,131.9247357780869,0.2536635273358222,0.20771174826361413,0.3480706618069913
mlp-pinn,132.12378625826793,0.2536707567154676,0.20745407648099137,0.34798109274006156
mlp-pinn,132.32283673844896,0.253677984429167,0.20719608425458966,0.3478915006124435
mlp-pinn,132.52188721862998,0.25368082305536044,0.20710304950199804,0.34780188540631607
mlp-pinn,132.720937698811,0.253658508120086,0.20729726887781333,0.3477483347664228
mlp-pinn,132.91998817899204,0.25363294054927454,0.2074913064573401,0.3477139885095728
mlp-pinn,133.1190386591731,0.2536073703536712,0.20768516275012816,0.3476796388597564
mlp-pinn,133.31808913935413,0.25358179753245325,0.2078788382633514,0.34764528581596776
mlp-pinn,133.51713961953516,0.25355622208479767,0.20807233350182333,0.3476109293772007
mlp-pinn,133.7161900997162,0.2535143813862708,0.20808703412461457,0.34757656954244837
mlp-pinn,133.91524057989722,0.25342445275307435,0.2079677736429149,0.3475211840138853
mlp-pinn,134.11429106007824,0.2533293074039312,0.2078484447312582,0.34746234037001694
mlp-pinn,134.31334154025927,0.25323412596044653,0.20772904727171665,0.3474034867591376
mlp-pinn,134.5123920204403,0.25313890838112435,0.2076095811460234,0.34734462317618087
mlp-pinn,134.71144250062136,0.2530436546243887,0.20749004623557116,0.34728574961607606
mlp-pinn,134.9104929808024,0.2529845960831344,0.20757171562686547,0.3472260608760052
mlp-pinn,135.10954346098342,0.2530080606074685,0.20771011403962236,0.34715521236717134
mlp-pinn,135.30859394116445,0.25303152211933944,0.2078484202981239,0.34708434939640304
mlp-pinn,135.50764442134547,0.25305498062005416,0.2079866345862113,0.34701347195484056
mlp-pinn,135.7066949015265,0.2530784361109186,0.20812475708711545,0.34694258003361517
mlp-pinn,135.90574538170753,0.25310188859323773,0.20826246067753057,0.346871673623849
mlp-pinn,136.10479586188856,0.2530961495274685,0.20811045175400608,0.3468082695838691
mlp-pinn,136.30384634206962,0.2530557647871422,0.20795833171828682,0.3467647380556595
mlp-pinn,136.50289682225065,0.25301537359718845,0.20780610032636082,0.346721201061981
mlp-pinn,136.70194730243168,0.2529749759545144,0.20765375733332175,0.34667765860077454
mlp-pinn,136.9009977826127,0.25293457185602475,0.20750130249336413,0.3466341106699796
mlp-pinn,137.10004826279373,0.25289456172177954,0.20740659727047642,0.3465905572675346
mlp-pinn,137.29909874297476,0.25287255466030295,0.20752764653545033,0.34652863754200597
mlp-pinn,137.4981492231558,0.25285477822579827,0.2076486252344764,0.34644696224417215
mlp-pinn,137.69719970333682,0.25283700028000866,0.20776953349082067,0.3463652676867453
mlp-pinn,137.89625018351788,0.2528192208225043,0.20789037142739072,0.3462835538560944
mlp-pinn,138.0953006636989,0.2528014398528552,0.20801113916673716,0.34620182073857225
mlp-pinn,138.29435114387994,0.2527800493128011,0.20803090224122028,0.3461200683205156
mlp-pinn,138.49340162406097,0.2527469698732263,0.20791050950131953,0.3460583415137653
mlp-pinn,138.692452104242,0.2527137586304925,0.2077900470063482,0.34600560121511853
mlp-pinn,138.89150258442302,0.25268054286239894,0.20766951463491826,0.34595285287624594
mlp-pinn,139.09055306460405,0.2526473225670346,0.20754891226528904,0.3459000964934692
mlp-pinn,139.28960354478508,0.2526140977424871,0.2074282397753661,0.3458473320631072
mlp-pinn,139.48865402496614,0.25259367710716385,0.2073549085109065,0.345794559581476
mlp-pinn,139.68770450514717,0.2525856281910572,0.20730971962587436,0.3457500397921248
mlp-pinn,139.8867549853282,0.2525770535761231,0.20726452088852754,0.3457064578488328
mlp-pinn,140.08580546550922,0.25256847614773736,0.20721931229241908,0.3456628704106325
mlp-pinn,140.28485594569025,0.25255989590507943,0.20717409383109495,0.34561927747544496
mlp-pinn,140.48390642587128,0.25255131284732785,0.20712886549809412,0.34557567904118996
mlp-pinn,140.6829569060523,0.25252644417050757,0.20721834080824966,0.34552785032343974
mlp-pinn,140.88200738623334,0.2525430060077674,0.2073340110612363,0.3454432868268557
mlp-pinn,141.0810578664144,0.25255955269093455,0.20744961681853696,0.34535870262430807
mlp-pinn,141.28010834659543,0.2525760842287772,0.20756515818791646,0.3452740977005793
mlp-pinn,141.47915882677646,0.25259260063004596,0.20768063527683975,0.3451894720404334
mlp-pinn,141.67820930695748,0.2526091019034739,0.20778093677223997,0.3451048256286155
mlp-pinn,141.8772597871385,0.25261650423249377,0.20759401049886633,0.3450262524233053
mlp-pinn,142.07631026731954,0.2525636332702077,0.20740691575754477,0.34496131065004426
mlp-pinn,142.27536074750057,0.2525107440388756,0.20721965209195561,0.3448963566486638
mlp-pinn,142.4744112276816,0.25245783651787096,0.20703221904371544,0.34483139041225386
mlp-pinn,142.67346170786266,0.25240491068652815,0.20684461615236402,0.34476641193389795
mlp-pinn,142.8725121880437,0.25234987463990793,0.2067228374271449,0.34470142120667296
mlp-pinn,143.07156266822471,0.2522940912184306,0.20676966726922338,0.3446416329070914
mlp-pinn,143.27061314840574,0.25226165815957285,0.20681648650753384,0.34458675155457064
mlp-pinn,143.46966362858677,0.25222921813387245,0.20686329514927607,0.3445318614598604
mlp-pinn,143.6687141087678,0.25219677113650474,0.20691009320164178,0.34447696261878163
mlp-pinn,143.86776458894883,0.2521643171626396,0.2069568806718145,0.344422055027152
mlp-pinn,144.06681506912986,0.2521386854495657,0.20694320136881017,0.34436713868078583
mlp-pinn,144.26586554931092,0.2521233565707017,0.20686887399181275,0.34431173545608795
mlp-pinn,144.46491602949195,0.25210543875798486,0.2067945198996073,0.3442561377367508
mlp-pinn,144.66396650967297,0.2520875195972671,0.20672013906336667,0.3442005310368744
mlp-pinn,144.863016989854,0.25206959908822923,0.20664573145421186,0.3441449153521056
mlp-pinn,145.06206747003503,0.25205167723055155,0.20657129704321175,0.34408929067808774
mlp-pinn,145.26111795021606,0.25203669373713833,0.20649234497215455,0.34403365701046057
mlp-pinn,145.4601684303971,0.25202421596938185,0.20641152435258653,0.34395730038720235
mlp-pinn,145.65921891057812,0.25201170153735586,0.20633067207523353,0.3438792525531008
mlp-pinn,145.85826939075918,0.25199918605748606,0.20624978810286496,0.34380118700101436
mlp-pinn,146.0573198709402,0.2519866695294878,0.2061688723981771,0.34372310371887077
mlp-pinn,146.25637035112123,0.2519741519530764,0.20608792492379308,0.34364500269458415
mlp-pinn,146.45542083130226,0.25194133865809965,0.2061698273206885,0.3435718254406241
mlp-pinn,146.6544713114833,0.25190044526385413,0.20626261540984453,0.34353127542663064
mlp-pinn,146.85352179166432,0.25185954406564315,0.20635536177666033,0.34349072062559777
mlp-pinn,147.05257227184535,0.25181863505853486,0.2064480664773669,0.34345016103582965
mlp-pinn,147.25162275202638,0.2517777182375922,0.20654072956806904,0.3434095966556296
mlp-pinn,147.45067323220744,0.25173679359787254,0.2066049935419879,0.3433690274832998
mlp-pinn,147.64972371238846,0.2517087385816078,0.20652716607040106,0.3433126955864606
mlp-pinn,147.8487741925695,0.2516875924105472,0.20644930925933652,0.3432254930265636
mlp-pinn,148.04782467275052,0.25166644349590817,0.20637142307558792,0.34313826830566935
mlp-pinn,148.24687515293155,0.2516452918365158,0.20629350748588637,0.3430510214068739
mlp-pinn,148.44592563311258,0.2516241374311943,0.20621556245689995,0.3429637523132515
mlp-pinn,148.6449761132936,0.25160709766788963,0.20613945674854778,0.3428764610078552
mlp-pinn,148.84402659347464,0.25161224091715984,0.20606633511267455,0.3428071213118198
mlp-pinn,149.0430770736557,0.25161534644464445,0.20599318752073278,0.34275293302091964
mlp-pinn,149.24212755383672,0.25161845081032,0.20592001394506187,0.34269873616164576
mlp-pinn,149.44117803401775,0.25162155401430725,0.20584681435795205,0.3426445307299324
mlp-pinn,149.64022851419878,0.2516246560567267,0.20577358873164425,0.3425903167217105
mlp-pinn,149.8392789943798,0.2516244358889385,0.20573797356084847,0.34253609413290764
mlp-pinn,150.03832947456084,0.2516398423324065,0.20572824649030585,0.3424768322379162
mlp-pinn,150.23737995474187,0.25166342952894716,0.20571851895983428,0.342415871246767
mlp-pinn,150.4364304349229,0.2516870125110025,0.20570879096936853,0.3423548994006763
mlp-pinn,150.63548091510395,0.2517105912808967,0.20569906251884332,0.3422939166938435
mlp-pinn,150.83453139528498,0.2517341658409515,0.2056893336081934,0.3422329231204628
mlp-pinn,151.033581875466,0.25176552328348145,0.20569425615784123,0.3421719186747231
mlp-pinn,151.23263235564704,0.25174502118028436,0.20570283635712705,0.3421259577268875
mlp-pinn,151.43168283582807,0.2517203805785267,0.20571141619853378,0.3420807151307974
mlp-pinn,151.6307333160091,0.25169572612944346,0.20571999568210617,0.34203546655026223
mlp-pinn,151.82978379619013,0.2516710578220587,0.20572857480788898,0.3419902119829065
mlp-pinn,152.02883427637116,0.25164637564537773,0.20573730101041246,0.34194495142635334
mlp-pinn,152.2278847565522,0.2515773525513778,0.20576935980375355,0.3418991278868584
mlp-pinn,152.42693523673324,0.25152223559933534,0.20580141360312398,0.3418504097415641
mlp-pinn,152.62598571691427,0.25146710008121786,0.20583346241085684,0.3418016846523086
mlp-pinn,152.8250361970953,0.2514119459763526,0.20586550622928343,0.3417529526161217
mlp-pinn,153.02408667727633,0.25135677326402767,0.20589754506073318,0.3417042136300313
mlp-pinn,153.22313715745736,0.2513015819234922,0.20592259961390363,0.34165546769106303
mlp-pinn,153.4221876376384,0.2513110565610982,0.20592358508582662,0.34158481382304207
mlp-pinn,153.62123811781942,0.2513360771970667,0.20592457055303354,0.3414765622280804
mlp-pinn,153.82028859800047,0.251361095050634,0.20592555601552445,0.3413682763053619
mlp-pinn,154.0193390781815,0.2513861101228059,0.20592654147329942,0.3412599560222085
mlp-pinn,154.21838955836253,0.2514111224145872,0.20592752692635855,0.34115160134589056
mlp-pinn,154.41744003854356,0.25143039016222396,0.20592413702551118,0.3410432122436265
mlp-pinn,154.6164905187246,0.25141865718900436,0.2059152282617845,0.34097410545975304
mlp-pinn,154.81554099890562,0.25139983105460045,0.20590631911261031,0.34093408996507346
mlp-pinn,155.01459147908665,0.2513810019843221,0.20589740957793862,0.34089406977321685
mlp-pinn,155.2136419592677,0.25136216997683203,0.20588849965771935,0.34085404488252863
mlp-pinn,155.41269243944873,0.25134333503079187,0.20587958935190248,0.34081401529135336
mlp-pinn,155.61174291962976,0.25132939653655206,0.20579624340207975,0.3407739809980346
mlp-pinn,155.8107933998108,0.25130325936372466,0.2056735859807186,0.34073578919822617
mlp-pinn,156.00984387999182,0.2512715059853253,0.20555085536656872,0.340698108203099
mlp-pinn,156.20889436017285,0.2512397475682243,0.20542805142844553,0.34066042304001665
mlp-pinn,156.40794484035388,0.2512079841097279,0.2053051740347721,0.3406227337075957
mlp-pinn,156.6069953205349,0.25117621560713976,0.20518222305357758,0.340585040204452
mlp-pinn,156.80604580071596,0.25114229381451836,0.20523552455717883,0.3405473425292007
mlp-pinn,157.005096280897,0.2511155939179838,0.20531622695851193,0.34045006068653905
mlp-pinn,157.20414676107802,0.2510890658156929,0.20539689765110378,0.340352202041645
mlp-pinn,157.40319724125905,0.2510625348361296,0.20547753667230106,0.34025431525217337
mlp-pinn,157.60224772144008,0.2510360009783347,0.20555814405937714,0.3401564002938266
mlp-pinn,157.8012982016211,0.251009464241348,0.20562987174622024,0.3400584571422723
mlp-pinn,158.00034868180214,0.2509745435843514,0.20558494250397355,0.3399697104401287
mlp-pinn,158.19939916198317,0.2509425071150644,0.20554000344058873,0.3399184887119639
mlp-pinn,158.39844964216422,0.25091046609133505,0.20549505454962252,0.3398672592641222
mlp-pinn,158.59750012234525,0.25087842051106424,0.20545009582462467,0.3398160220931123
mlp-pinn,158.79655060252628,0.25084637037215085,0.20540512725913776,0.33976477719544024
mlp-pinn,158.9956010827073,0.2508139800648895,0.2053658489000267,0.3397135245676093
mlp-pinn,159.19465156288834,0.2507749481335649,0.2053416714899935,0.33966425591571076
mlp-pinn,159.39370204306937,0.25072978700677667,0.20531749123292012,0.3396179517199347
mlp-pinn,159.5927525232504,0.25068461769777955,0.2052933081278005,0.33957164121009037
mlp-pinn,159.79180300343143,0.2506394402020997,0.20526912217362808,0.3395253243835941
mlp-pinn,159.99085348361248,0.25059425451525913,0.20524493336939564,0.33947900123786046
mlp-pinn,160.1899039637935,0.2505605801377756,0.20519161688674012,0.3394326717703022
mlp-pinn,160.38895444397454,0.2505670818461802,0.20510676543742054,0.33937887106739617
mlp-pinn,160.58800492415557,0.2505841177135968,0.20502187887103016,0.3393202445773171
mlp-pinn,160.7870554043366,0.2506011523310495,0.20493695714393165,0.33926160795622046
mlp-pinn,160.98610588451763,0.2506181856988306,0.2048520002123972,0.33920296119885246
mlp-pinn,161.18515636469866,0.25063521781723214,0.20476700803260836,0.3391443042999545
mlp-pinn,161.38420684487969,0.2506433937778396,0.20472136658864348,0.3390856372542637
mlp-pinn,161.58325732506074,0.25062333946222626,0.20469270151752114,0.33903960097936764
mlp-pinn,161.78230780524177,0.25059865528198255,0.20466403243159323,0.3389964799337234
mlp-pinn,161.9813582854228,0.2505739679092145,0.20463535932917237,0.3389533534022961
mlp-pinn,162.18040876560383,0.2505492773425254,0.20460668220856998,0.33891022138299154
mlp-pinn,162.37945924578486,0.25052458358051755,0.20457800106809626,0.33886708387371417
mlp-pinn,162.5785097259659,0.2505034982527016,0.20462251352980085,0.33882302296918015
mlp-pinn,162.77756020614692,0.2505019729771909,0.20467357761315094,0.33873346735723264
mlp-pinn,162.97661068632794,0.25050044768621327,0.20472462895968213,0.3386438880619775
mlp-pinn,163.175661166509,0.2504989223797681,0.2047756675789204,0.3385542850646155
mlp-pinn,163.37471164669003,0.25049739705785506,0.20482669348037993,0.33846465834632233
mlp-pinn,163.57376212687106,0.25049587172047355,0.2048708279247701,0.33837500788824887
mlp-pinn,163.7728126070521,0.2504807933743988,0.20487239796209528,0.3383037621100132
mlp-pinn,163.97186308723312,0.2504752517266784,0.20487396798738858,0.33829643898156997
mlp-pinn,164.17091356741415,0.250469705876569,0.20487553800065028,0.338289115694599
mlp-pinn,164.36996404759518,0.25046415582328685,0.20487710800188066,0.33828179224909
mlp-pinn,164.5690145277762,0.25045860156604666,0.20487867799108,0.3382744686450327
mlp-pinn,164.76806500795726,0.25045841429885296,0.20485206414074705,0.3382671448824167
mlp-pinn,164.9671154881383,0.25046411183597145,0.20476693903175192,0.33822683246780033
mlp-pinn,165.16616596831932,0.2504479293905203,0.20468177852007655,0.33814304278204
mlp-pinn,165.36521644850035,0.2504317407368394,0.2045965825615133,0.33805923232858404
mlp-pinn,165.56426692868138,0.2504155458716696,0.2045113511117625,0.3379754010919827
mlp-pinn,165.7633174088624,0.25039934479174797,0.204426084126432,0.3378915490567671
mlp-pinn,165.96236788904343,0.2503685940452734,0.2043762953311525,0.33780767620744895
mlp-pinn,166.16141836922446,0.25032481527260947,0.20435580667390105,0.337756108396872
mlp-pinn,166.36046884940552,0.25028595237573203,0.20433531596225646,0.33772276913182986
mlp-pinn,166.55951932958655,0.2502470825944414,0.2043148231956006,0.33768942657528234
mlp-pinn,166.75856980976758,0.250208205924741,0.20429432837331507,0.33765608072625425
mlp-pinn,166.9576202899486,0.25016932236263023,0.20427383149478115,0.3376227315837701
mlp-pinn,167.15667077012964,0.25015148526666536,0.2042278356573662,0.3375893791468538
mlp-pinn,167.35572125031067,0.25013386268332605,0.20417327631320803,0.33752974009706554
mlp-pinn,167.5547717304917,0.2501140669051414,0.20411870238576132,0.3374652909705961
mlp-pinn,167.75382221067272,0.2500942645374386,0.20406411386332585,0.33740082953328016
mlp-pinn,167.95287269085378,0.250074455576213,0.2040095107341857,0.3373363557780602
mlp-pinn,168.1519231710348,0.25005464001745514,0.20395489298660927,0.3372718696978722
mlp-pinn,168.35097365121584,0.25003743991683347,0.20399203557455656,0.33720853725016675
mlp-pinn,168.55002413139687,0.2500571295810381,0.20403216943861802,0.33716674592167384
mlp-pinn,168.7490746115779,0.25007681759751166,0.204072295409756,0.33712494941256427
mlp-pinn,168.94812509175893,0.2500965039666895,0.20411241349262546,0.33708314772091097
mlp-pinn,169.14717557193995,0.25011618868900665,0.20415252369187675,0.3370413408447856
mlp-pinn,169.34622605212098,0.250135038830664,0.20417947562868416,0.3369995287822587
mlp-pinn,169.54527653230204,0.2501140626969044,0.20414306895622047,0.3369515051988843
mlp-pinn,169.74432701248307,0.2500783096204127,0.2041066557898687,0.33688545386171936
mlp-pinn,169.9433774926641,0.2500425500102985,0.20407023612615266,0.33681938957168056
mlp-pinn,170.14242797284513,0.250006783862546,0.204033809961593,0.33675331232114475
mlp-pinn,170.34147845302616,0.24997101117313497,0.2039973772927074,0.336687222102481
mlp-pinn,170.54052893320718,0.24994233886581077,0.20398586438627825,0.336621118908051
mlp-pinn,170.7395794133882,0.24993867118528063,0.20401623170434605,0.33657282666580945
mlp-pinn,170.93862989356924,0.24993742269711694,0.20404659450298532,0.33654506181849697
mlp-pinn,171.1376803737503,0.24993617406851482,0.2040769527842133,0.3365172946804055
mlp-pinn,171.33673085393133,0.2499349252994679,0.2041073065500457,0.3364895252509679
mlp-pinn,171.53578133411236,0.24993367638996983,0.20413765580249676,0.33646175352961694
mlp-pinn,171.7348318142934,0.2499225377470996,0.20411021003365257,0.33643397951578496
mlp-pinn,171.93388229447442,0.24988780641554453,0.2040392251483841,0.33637636562568035
mlp-pinn,172.13293277465544,0.2498482257682932,0.20396821555900368,0.33630410545826755
mlp-pinn,172.33198325483647,0.24980863884968751,0.20389718123970083,0.3362318297612969
mlp-pinn,172.5310337350175,0.24976904565674557,0.20382612216462004,0.3361595385247515
mlp-pinn,172.73008421519856,0.24972944618648307,0.2037550383078608,0.33608723173860394
mlp-pinn,172.9291346953796,0.2497114980232456,0.20379226011522852,0.33601490939281586
mlp-pinn,173.12818517556062,0.24973501768096362,0.20385848509323057,0.3359559269026125
mlp-pinn,173.32723565574165,0.24976166118396398,0.20392468856453075,0.33589879929352284
mlp-pinn,173.52628613592267,0.24978830184393908,0.20399087055006848,0.33584166196686677
mlp-pinn,173.7253366161037,0.24981493966179913,0.2040570310707493,0.3357845149176836
mlp-pinn,173.92438709628473,0.2498415746384539,0.20412299578792595,0.33572735814100835
mlp-pinn,174.12343757646576,0.2498399075931983,0.20411395263140203,0.33567232990580936
mlp-pinn,174.32248805664682,0.24981478341003927,0.20410490907420828,0.33564079688828574
mlp-pinn,174.52153853682785,0.24978965640591266,0.20409586511629144,0.33560926090799764
mlp-pinn,174.72058901700888,0.24976452657979037,0.20408682075759824,0.33557772196410984
mlp-pinn,174.9196394971899,0.2497393939306436,0.2040777759980754,0.3355461800557866
mlp-pinn,175.11868997737093,0.24971492779337273,0.20405366376997996,0.3355146351821919
mlp-pinn,175.31774045755196,0.24970121486336688,0.20397459105658491,0.3354750343006855
mlp-pinn,175.516790937733,0.24968899685825918,0.20389548767800147,0.33541564714582917
mlp-pinn,175.71584141791402,0.24967677825503487,0.20381635359852524,0.3353562494742936
mlp-pinn,175.91489189809508,0.24966455905360596,0.20373718878238226,0.3352968412804897
mlp-pinn,176.1139423782761,0.24965233925388458,0.2036579931937293,0.3352374225588235
mlp-pinn,176.31299285845714,0.24964173567482217,0.20361162444835182,0.3351779933036959
mlp-pinn,176.51204333863816,0.24962797640930337,0.20361118326560296,0.3351304772600411
mlp-pinn,176.7110938188192,0.24960759696652104,0.20361074208189814,0.3350950883413369
mlp-pinn,176.91014429900022,0.2495872142357768,0.2036103008972374,0.33505969568486427
mlp-pinn,177.10919477918125,0.2495668282154594,0.20360985971162066,0.33502429928943855
mlp-pinn,177.30824525936228,0.24954643890395622,0.20360941852504794,0.3349888991538746
mlp-pinn,177.50729573954334,0.249511028838201,0.20366981021750014,0.3349534952769865
mlp-pinn,177.70634621972437,0.24947035571206344,0.20376887136873398,0.33490043617711485
mlp-pinn,177.9053966999054,0.24943327947770877,0.20386788438531164,0.3348398496929596
mlp-pinn,178.10444718008642,0.2493961953257547,0.20396684933733208,0.3347792522442002
mlp-pinn,178.30349766026745,0.24935910325053873,0.20406576629472434,0.3347186438248815
mlp-pinn,178.50254814044848,0.24932200324639148,0.20416463532724807,0.3346580244290429
mlp-pinn,178.7015986206295,0.24933298438639126,0.20407452510920485,0.3345973940507187
mlp-pinn,178.90064910081054,0.2493680188584309,0.20394549249257596,0.3345616756268338
mlp-pinn,179.0996995809916,0.24940322822597255,0.20381637818765014,0.3345285151289906
mlp-pinn,179.29875006117263,0.24943842648999032,0.2036871820390844,0.3344953513437516
mlp-pinn,179.49780054135366,0.24947361366030218,0.2035579038910427,0.3344621842701389
mlp-pinn,179.69685102153468,0.2495087897467117,0.20343508820238185,0.33442901390717417
mlp-pinn,179.8959015017157,0.24949816080520643,0.20350533033492121,0.3343941504579195
mlp-pinn,180.09495198189674,0.24946239422763292,0.20357554823096985,0.3343460871324975
mlp-pinn,180.29400246207777,0.2494266211108505,0.20364574191559828,0.3342980168968245
mlp-pinn,180.49305294225883,0.24939084145082263,0.2037159114138338,0.334249939747919
mlp-pinn,180.69210342243986,0.24935505524350826,0.20378605675066072,0.3342018556827975
mlp-pinn,180.89115390262089,0.24931944093740255,0.2038211354445108,0.3341537646984743
mlp-pinn,181.09020438280191,0.24929886868390866,0.2037426629721734,0.3341105897744034
mlp-pinn,181.28925486298294,0.24930148284586495,0.20366416026413592,0.33407789025262596
mlp-pinn,181.48830534316397,0.2493040958080265,0.20358562728542173,0.3340451875299082
mlp-pinn,181.687355823345,0.24930670757051127,0.20350706400098661,0.3340124816053099
mlp-pinn,181.88640630352603,0.24930931813343693,0.20342847037571873,0.33397977247789035
mlp-pinn,182.0854567837071,0.2492980856880035,0.20336944198754486,0.3339470601467085
mlp-pinn,182.28450726388812,0.2492563436173157,0.20333549471691795,0.3339070051137555
mlp-pinn,182.48355774406915,0.24921211288560782,0.20330154177777934,0.33386035079651305
mlp-pinn,182.68260822425017,0.24916786364902727,0.2032675831672885,0.33381368995879124
mlp-pinn,182.8816587044312,0.2491235958865194,0.20323361888260255,0.33376702259785523
mlp-pinn,183.08070918461223,0.2490793095769891,0.20319964892087616,0.3337203487109685
mlp-pinn,183.27975966479326,0.2490736421304715,0.2031997703318574,0.3336736682953925
mlp-pinn,183.4788101449743,0.24908156943091292,0.2032188871936695,0.3336184610790967
mlp-pinn,183.67786062515535,0.24908478234060358,0.2032380022573218,0.3335601570909003
mlp-pinn,183.87691110533638,0.24908798857619596,0.20325711552332162,0.3335018429097918
mlp-pinn,184.0759615855174,0.24909118813838066,0.20327622699217607,0.33344351853042337
mlp-pinn,184.27501206569843,0.2490943810278454,0.20329533666439192,0.3333851839474426
mlp-pinn,184.47406254587946,0.2490609322115383,0.2033387860958573,0.3333268391554924
mlp-pinn,184.6731130260605,0.24904634334827724,0.20338674576827728,0.3333000411412144
mlp-pinn,184.87216350624152,0.24903174751673463,0.20343469413421822,0.3332753138839936
mlp-pinn,185.07121398642255,0.2490171447136061,0.20348263120167276,0.33325058479200564
mlp-pinn,185.2702644666036,0.24900253493558336,0.20353055697862432,0.33322585386484194
mlp-pinn,185.46931494678464,0.2489879181793538,0.20357104243755517,0.33320112110209393
mlp-pinn,185.66836542696566,0.24900493921183323,0.2034640206487371,0.33317449291053397
mlp-pinn,185.8674159071467,0.24900084808043654,0.20335694253697498,0.3331366300404914
mlp-pinn,186.06646638732772,0.24899675341315486,0.20324980801325096,0.3330987628666293
mlp-pinn,186.26551686750875,0.24899265520944183,0.20314261698831246,0.33306089138747996
mlp-pinn,186.46456734768978,0.24898855346875026,0.20303536937267125,0.3330230156015744
mlp-pinn,186.6636178278708,0.2489838503156329,0.20295119648756418,0.332985135507443
mlp-pinn,186.86266830805187,0.2489891167338652,0.20293641656928735,0.33294465208747015
mlp-pinn,187.0617187882329,0.2490127669175291,0.20292163557450635,0.33289939862998197
mlp-pinn,187.26076926841392,0.24903641469042634,0.20290685350298596,0.3328541390200229
mlp-pinn,187.45981974859495,0.24906006005333775,0.20289207035449078,0.33280887325508296
mlp-pinn,187.65887022877598,0.2490837030070437,0.20287728612878542,0.3327636013326502
mlp-pinn,187.857920708957,0.2490893386414518,0.2028856493937678,0.3327183232502113
mlp-pinn,188.05697118913804,0.24905412393999832,0.20292202602090897,0.33268059638731845
mlp-pinn,188.25602166931907,0.2490128648897095,0.20295839612819683,0.3326487920121058
mlp-pinn,188.45507214950013,0.2489715931366256,0.20299475971913575,0.33261698459580286
mlp-pinn,188.65412262968115,0.24893030866865556,0.20303111679722705,0.3325851741375371
mlp-pinn,188.85317310986218,0.24888901147368928,0.2030674673659689,0.33255336063643565
mlp-pinn,189.0522235900432,0.2488718421248522,0.20311513774827852,0.33252154409162504
mlp-pinn,189.25127407022424,0.24885493738552447,0.20316876139900525,0.33248447553777205
mlp-pinn,189.45032455040527,0.24883475392015442,0.20322237090022768,0.33244582090435426
mlp-pinn,189.6493750305863,0.2488145668550146,0.20327596626314062,0.3324071617759049
mlp-pinn,189.84842551076733,0.24879437618826095,0.2033295474989242,0.3323684981508555
mlp-pinn,190.04747599094839,0.24877418191804773,0.20338311461874375,0.33232983002763666
mlp-pinn,190.2465264711294,0.24875837853951166,0.20329495175853873,0.332291157404678
mlp-pinn,190.44557695131044,0.24875706933473624,0.20318175481364237,0.3322527304434787
mlp-pinn,190.64462743149147,0.2487557595002753,0.20306849476911865,0.3322143053077379
mlp-pinn,190.8436779116725,0.24875444903609695,0.20295517151932851,0.33217587572708956
mlp-pinn,191.04272839185353,0.24875313794216936,0.20284178495833777,0.3321374416999909
mlp-pinn,191.24177887203456,0.24875172840245457,0.20273777871362458,0.332099003224898
mlp-pinn,191.4408293522156,0.248741427449846,0.20280268287209893,0.3320597779029111
mlp-pinn,191.63987983239664,0.2487444075311684,0.20286756626555083,0.33201706382972657
mlp-pinn,191.83893031257767,0.2487473861514275,0.20293242891389782,0.3319743442606594
mlp-pinn,192.0379807927587,0.24875036331078612,0.20299727083702554,0.3319316191935877
mlp-pinn,192.23703127293973,0.24875333900940677,0.2030620920547881,0.33188888862638805
mlp-pinn,192.43608175312076,0.24875412581299985,0.20308707617904598,0.33184615255693584
mlp-pinn,192.6351322333018,0.24874040639783596,0.2029940949843966,0.33180195530593426
mlp-pinn,192.83418271348282,0.24871905561094682,0.20290107118030412,0.3317554932898166
mlp-pinn,193.03323319366385,0.24869770213747278,0.2028080047081363,0.3317090247658299
mlp-pinn,193.2322836738449,0.24867634597628538,0.2027148955091264,0.33166254973123865
mlp-pinn,193.43133415402593,0.24865498712625536,0.20262174352437262,0.3316160681833055
mlp-pinn,193.63038463420696,0.24865077571157404,0.20257000773827294,0.3315695801192913
mlp-pinn,193.829435114388,0.24865959505078422,0.20256837720966225,0.3315231087692161
mlp-pinn,194.02848559456902,0.24866313564955686,0.20256674666792693,0.33147664638332575
mlp-pinn,194.22753607475005,0.24866666915805036,0.20256511611306657,0.3314301774839872
mlp-pinn,194.42658655493108,0.24867019557708236,0.20256348554508094,0.3313837020684604
mlp-pinn,194.6256370351121,0.24867371490746734,0.20256185496396964,0.3313372201340034
mlp-pinn,194.82468751529316,0.24864625797408463,0.20257792912313213,0.3312907316778722
mlp-pinn,195.0237379954742,0.24861549271144248,0.20260330600413787,0.33127002043015485
mlp-pinn,195.22278847565522,0.24858685183194998,0.20262867970698498,0.3312554553102642
mlp-pinn,195.42183895583625,0.2485582052020075,0.20265405023286726,0.33124088954992503
mlp-pinn,195.62088943601728,0.2485295528179493,0.20267941758297775,0.331226323149053
mlp-pinn,195.8199399161983,0.24850089467610575,0.2027047817585087,0.3312117561075634
mlp-pinn,196.01899039637934,0.2484942093278753,0.2027064996001147,0.33119682195311884
mlp-pinn,196.21804087656037,0.24848129864832583,0.2027042545438691,0.3311568300594121
mlp-pinn,196.41709135674142,0.24846838650734937,0.20270200946275804,0.3311168333355325
mlp-pinn,196.61614183692245,0.24845547290446834,0.2026997643567807,0.33107683177972946
mlp-pinn,196.81519231710348,0.24844255783920483,0.20269751922593626,0.3310368253902513
mlp-pinn,197.0142427972845,0.24842821021720857,0.2026933372228586,0.3309968141653454
mlp-pinn,197.21329327746554,0.2483975839609912,0.20265694708779858,0.33095891979714515
mlp-pinn,197.41234375764657,0.24838189190272886,0.20262055041716304,0.33092847473625525
mlp-pinn,197.6113942378276,0.2483661950773647,0.20258414720742943,0.33089802687419506
mlp-pinn,197.81044471800863,0.2483504934825961,0.20254773745507193,0.33086757621019125
mlp-pinn,198.00949519818968,0.24833478711611823,0.20251132115656167,0.3308371227434701
mlp-pinn,198.2085456783707,0.2483251823626024,0.2024773071599371,0.33080666647325757
mlp-pinn,198.40759615855174,0.24831378836983953,0.20245019986018375,0.33077189297476456
mlp-pinn,198.60664663873277,0.24828432414740123,0.20242308893038163,0.3307313197858031
mlp-pinn,198.8056971189138,0.24825485347475829,0.20239597436907192,0.3306907416188261
mlp-pinn,199.00474759909483,0.24822537634748632,0.20236885617479497,0.3306501584720009
mlp-pinn,199.20379807927586,0.24819589276115572,0.2023417343460901,0.3306095703434935
mlp-pinn,199.40284855945688,0.24818396223272488,0.2023871923082204,0.33056897723146894
mlp-pinn,199.60189903963794,0.24822832432725636,0.20252270939115521,0.33053563465378527
mlp-pinn,199.80094951981897,0.24828873368496301,0.20265813585411283,0.3305064710376174
mlp-pinn,200.0,0.2483491279978751,0.20279347187864252,0.3304773048478492
mlp-vpinn,1.186931848526001,0.6826784488800989,0.5608110237455011,0.8434245576886703
mlp-vpinn,1.3859439287577067,0.6640590861680873,0.5470484710724444,0.8262147769060416
mlp-vpinn,1.5849560089894124,0.6446582123510406,0.5328573826115504,0.8084338163735273
mlp-vpinn,1.7839680892211183,0.6247523993295319,0.5182778701667332,0.7902528793586469
mlp-vpinn,1.9829801694528237,0.6061585225381777,0.5032761778641011,0.7716436944685015
mlp-vpinn,2.1819922496845297,0.5869747750806733,0.48781335744978455,0.752574494047841
mlp-vpinn,2.3810043299162356,0.5671410458581042,0.47208194915614665,0.7330495397935776
mlp-vpinn,2.580016410147941,0.5557607628648032,0.46775671458347784,0.7213783917373324
mlp-vpinn,2.7790284903796465,0.5442222292059895,0.4633911105716117,0.7095152854868629
mlp-vpinn,2.9780405706113524,0.5324270660532409,0.4589839852060791,0.6974504259181931
mlp-vpinn,3.1770526508430583,0.5212870448171063,0.45453413072564386,0.685173155404846
mlp-vpinn,3.376064731074764,0.5110498364595206,0.45004027965658727,0.6726718435919536
mlp-vpinn,3.5750768113064697,0.5008486443134672,0.4450319056968089,0.6600777358936061
mlp-vpinn,3.774088891538175,0.49725046118727634,0.4440698581896601,0.6527389481465422
mlp-vpinn,3.973100971769881,0.49359883400133353,0.443237342088936,0.6453167063020137
mlp-vpinn,4.1721130520015866,0.48989135280876644,0.4424032593590876,0.6378080968735851
mlp-vpinn,4.371125132233292,0.4858878725047822,0.4415676011224372,0.6302100328005971
mlp-vpinn,4.570137212464998,0.477032162235408,0.4407303584171431,0.6225192386164099
mlp-vpinn,4.769149292696704,0.46805849094581536,0.4398915221960785,0.614790645938258
mlp-vpinn,4.96816137292841,0.4672372000229072,0.4388651825619869,0.608212775420416
mlp-vpinn,5.167173453160116,0.4664128923491653,0.43783417053503815,0.6015629826011822
mlp-vpinn,5.366185533391821,0.4655855349918667,0.43680072494335864,0.5948388553948499
mlp-vpinn,5.565197613623527,0.4656159053415175,0.43576482847286147,0.5880378437982373
mlp-vpinn,5.764209693855232,0.46621226549994377,0.4345391444870853,0.5811572485913816
mlp-vpinn,5.963221774086938,0.46679356176884823,0.433053441405076,0.5742096098089087
mlp-vpinn,6.162233854318644,0.46679663529953774,0.4316044766133776,0.5673984635573985
mlp-vpinn,6.361245934550349,0.4667991191195435,0.4299896067484307,0.5605045556440144
mlp-vpinn,6.560258014782056,0.4668010132147159,0.4281257379272797,0.5535247937970723
mlp-vpinn,6.759270095013761,0.46675806650543733,0.4262537190921453,0.5464558882457841
mlp-vpinn,6.958282175245467,0.46535543879278535,0.4243734423877079,0.5392943335961229
mlp-vpinn,7.157294255477172,0.46394531982288256,0.4224847975585642,0.5320846969089748
mlp-vpinn,7.3563063357088785,0.4623794294915309,0.4207692194315377,0.525811890966897
mlp-vpinn,7.555318415940584,0.46080730167566714,0.4190477859464135,0.5219024797111848
mlp-vpinn,7.754330496172289,0.45922885338995784,0.41731925164333944,0.517963562401047
mlp-vpinn,7.953342576403996,0.457643999696288,0.41558352791914466,0.5139944606916333
mlp-vpinn,8.152354656635701,0.4560526536373132,0.4138405243125523,0.5099944698407844
mlp-vpinn,8.351366736867407,0.454489688883663,0.4120901484491638,0.505847657476339
mlp-vpinn,8.550378817099112,0.45308539318071317,0.4106197138663335,0.501120638701676
mlp-vpinn,8.74939089733082,0.4516763421332228,0.4091451990819126,0.4963486037970207
mlp-vpinn,8.948402977562523,0.4502624837291585,0.4076653510514307,0.4915302416431039
mlp-vpinn,9.14741505779423,0.4488437649563569,0.4061801114825719,0.4866641762121024
mlp-vpinn,9.346427138025936,0.44742013177460094,0.40468942101332817,0.4817489619777924
mlp-vpinn,9.545439218257641,0.44600977456242763,0.40319321918431505,0.47712200951166744
mlp-vpinn,9.744451298489347,0.4447552465414434,0.40192877098526253,0.4737647593991278
mlp-vpinn,9.943463378721052,0.44349662700942705,0.4006606295473794,0.4703835483268683
mlp-vpinn,10.142475458952758,0.4422338716738242,0.39938846151695606,0.4669778558182786
mlp-vpinn,10.341487539184463,0.44096693539432635,0.39811222829305287,0.46524952154792554
mlp-vpinn,10.54049961941617,0.4396957721593924,0.39683189065401303,0.4644902707770279
mlp-vpinn,10.739511699647876,0.4384432110502863,0.3955474087433986,0.4637193487275243
mlp-vpinn,10.938523779879581,0.4372509368324401,0.3943266336105091,0.46281231887965857
mlp-vpinn,11.137535860111287,0.43605509357654837,0.39310207939343306,0.46190350792049006
mlp-vpinn,11.336547940342992,0.4348556466828809,0.39187369862276444,0.4609929053160598
mlp-vpinn,11.535560020574698,0.43365256096155885,0.3906414552004555,0.4600805004281633
mlp-vpinn,11.734572100806403,0.43236046033168085,0.3894053124573081,0.45916628251290037
mlp-vpinn,11.93358418103811,0.4307559332696552,0.3881658855635397,0.45828188087136323
mlp-vpinn,12.132596261269816,0.4296065115186644,0.3871922226165715,0.4577519708211877
mlp-vpinn,12.331608341501521,0.42845376734594387,0.3862161050424935,0.45722144661681013
mlp-vpinn,12.530620421733227,0.42729766998491747,0.38523751418265073,0.4566903061178939
mlp-vpinn,12.729632501964932,0.42613818817038696,0.38425643114079655,0.45615854717164156
mlp-vpinn,12.928644582196638,0.42497529012682356,0.38327283677883484,0.45562616761269303
mlp-vpinn,13.127656662428343,0.4238094939956603,0.3822869244648609,0.45506681104457164
mlp-vpinn,13.32666874266005,0.42270274354991844,0.38134552644554964,0.45425411649407316
mlp-vpinn,13.525680822891756,0.42159293265354236,0.38040179871192054,0.45343996536404474
mlp-vpinn,13.724692903123461,0.42048003460696004,0.37945572388158233,0.45262434979448596
mlp-vpinn,13.923704983355167,0.4193640223060823,0.3785072843549075,0.45180726185445086
mlp-vpinn,14.122717063586872,0.4182448682334434,0.37755646231121237,0.4509886935411479
mlp-vpinn,14.321729143818578,0.41716024599103585,0.3766057761406988,0.4501630425527691
mlp-vpinn,14.520741224050283,0.41622524902253405,0.37601312154420075,0.4492881560039018
mlp-vpinn,14.71975330428199,0.4152879142939651,0.37541953135697353,0.44841156248518677
mlp-vpinn,14.918765384513696,0.41434822276973204,0.3748250011340831,0.44753325196618265
mlp-vpinn,15.117777464745402,0.4134061551415714,0.3742295263952875,0.44665321431782723
mlp-vpinn,15.316789544977107,0.4124616918228997,0.37363310262464294,0.44577143931107466
mlp-vpinn,15.515801625208812,0.4115367673368707,0.37303716521315,0.4448940517739844
mlp-vpinn,15.714813705440518,0.41072656600127,0.37257113402842207,0.4440616114894336
mlp-vpinn,15.913825785672223,0.40991455731173687,0.37210451917732196,0.44322760777428194
mlp-vpinn,16.11283786590393,0.4091007280417458,0.3716373184613561,0.44239203178632497
mlp-vpinn,16.311849946135638,0.40828506479430776,0.3711695296681947,0.44155487459969545
mlp-vpinn,16.51086202636734,0.407467553998795,0.3707011505715492,0.44071612720375103
mlp-vpinn,16.709874106599045,0.4066695495684184,0.37023339151173085,0.4399053802457938
mlp-vpinn,16.908886186830753,0.4059940436245261,0.36984665710707076,0.43929597449536684
mlp-vpinn,17.10789826706246,0.40531727021070946,0.369459517885616,0.4386857221821467
mlp-vpinn,17.306910347294163,0.40458279054952884,0.36907197257346486,0.43807461976826406
mlp-vpinn,17.50592242752587,0.40336337528359867,0.3686840198900205,0.4374626636911392
mlp-vpinn,17.704934507757574,0.40214004246800833,0.36829565854794116,0.43684985036323903
mlp-vpinn,17.90394658798928,0.40089931347122243,0.36790703200286096,0.43620958312545305
mlp-vpinn,18.102958668220985,0.39967544999993093,0.3675278375099077,0.4354037909816202
mlp-vpinn,18.301970748452693,0.3984472757983978,0.36714825138118806,0.4345965048085998
mlp-vpinn,18.5009828286844,0.3972147405685713,0.366768272400734,0.43378771626515217
mlp-vpinn,18.699994908916103,0.3959777929746861,0.36638789934627203,0.43297741693213176
mlp-vpinn,18.89900698914781,0.39473638061225846,0.3660071309891775,0.43216559831146434
mlp-vpinn,19.098019069379514,0.3935018405282335,0.3656261530992838,0.43136752072930035
mlp-vpinn,19.29703114961122,0.3923005909456697,0.3652551572499646,0.43065425015368214
mlp-vpinn,19.496043229842925,0.3910950960188827,0.3648837841905445,0.4299397962630549
mlp-vpinn,19.695055310074633,0.3900774708009027,0.3645120327680931,0.42922415314844997
mlp-vpinn,19.89406739030634,0.3894368592681689,0.3641399018237947,0.42850731485155646
mlp-vpinn,20.093079470538044,0.38879516492479005,0.36376739019290655,0.42778927536414213
mlp-vpinn,20.29209155076975,0.38817500934264443,0.3633940557527571,0.42708771006351265
mlp-vpinn,20.491103631001454,0.38766994759223883,0.3629984272106033,0.42647758725681284
mlp-vpinn,20.69011571123316,0.3871642182684843,0.3626023670059332,0.4258665903513561
mlp-vpinn,20.889127791464865,0.3866578186833809,0.3622058737227204,0.42525471557948313
mlp-vpinn,21.088139871696573,0.38615074613062406,0.3618089459371797,0.42464195914639014
mlp-vpinn,21.28715195192828,0.38564299788542833,0.3614115822177076,0.4240283172298541
mlp-vpinn,21.486164032159984,0.3851535426777517,0.36101303128480744,0.42339848894156323
mlp-vpinn,21.68517611239169,0.3847063887262251,0.3605774751058081,0.4226940401269488
mlp-vpinn,21.884188192623395,0.3842586864401538,0.36014139216412483,0.4219884153382485
mlp-vpinn,22.083200272855102,0.38381043370451307,0.3597047805439181,0.4212816086663761
mlp-vpinn,22.282212353086805,0.3833616283901585,0.35926763831770675,0.42057361415259187
mlp-vpinn,22.481224433318513,0.3829122683536897,0.35882996354626917,0.4198644257879164
mlp-vpinn,22.68023651355022,0.3824807982873831,0.3583909545904138,0.41918063830892816
mlp-vpinn,22.879248593781924,0.38209572890546606,0.35791496616221574,0.41861415660455853
mlp-vpinn,23.07826067401363,0.38171022570767416,0.35743834387705536,0.41804690728004584
mlp-vpinn,23.277272754245335,0.3813242871029097,0.3569610851959133,0.41747888720637916
mlp-vpinn,23.476284834477042,0.3809379114898378,0.3564831875627742,0.4169100932332318
mlp-vpinn,23.675296914708746,0.3805510972567914,0.35600464840446683,0.41634052218875767
mlp-vpinn,23.874308994940453,0.3801799608032345,0.35552505018755076,0.4157810690405969
mlp-vpinn,24.07332107517216,0.37986149064017705,0.35502767489379294,0.4152660665199699
mlp-vpinn,24.272333155403864,0.37954270990299427,0.354529601824904,0.41475042451261523
mlp-vpinn,24.47134523563557,0.3792236175895922,0.35403082803586083,0.41423414063041814
mlp-vpinn,24.670357315867275,0.3789042126921981,0.35353135056086543,0.413717212470363
mlp-vpinn,24.869369396098982,0.3785844941973133,0.3530311664131395,0.41319963761440304
mlp-vpinn,25.068381476330686,0.37827745616117764,0.35201275646119984,0.4126899129289012
mlp-vpinn,25.267393556562393,0.3780009745946119,0.35100673694732193,0.4122123668261873
mlp-vpinn,25.4664056367941,0.3777242372990674,0.34999782578381955,0.4117342668465066
mlp-vpinn,25.665417717025804,0.37744724347697034,0.3489859978915994,0.4112556110581514
mlp-vpinn,25.86442979725751,0.377169992326407,0.3479712278269424,0.41077639751815903
mlp-vpinn,26.063441877489215,0.37689248304108935,0.3469534897740392,0.4102966242722206
mlp-vpinn,26.262453957720922,0.3766191246141315,0.3459711543054594,0.4098393259276656
mlp-vpinn,26.461466037952626,0.37636229603525695,0.3450495728097026,0.40946456407383036
mlp-vpinn,26.660478118184333,0.3761052438801884,0.34412552329181356,0.4090894589053849
mlp-vpinn,26.85949019841604,0.3758479674918897,0.34319898581664077,0.40871400947707826
mlp-vpinn,27.058502278647744,0.37559046620995884,0.3422699401792057,0.40833821483931415
mlp-vpinn,27.25751435887945,0.3753327393706037,0.34133836589956207,0.40796207403812246
mlp-vpinn,27.456526439111155,0.37507419533024,0.34038235132804406,0.40758705993046834
mlp-vpinn,27.655538519342862,0.3748128382786225,0.33939003075143465,0.40721669645868946
mlp-vpinn,27.854550599574566,0.37455124772461246,0.338394800272273,0.4068459958346569
mlp-vpinn,28.053562679806273,0.37428942296338474,0.3373966341402404,0.40647495713593346
mlp-vpinn,28.25257476003798,0.3740273632864067,0.33639550622298003,0.4061035794358678
mlp-vpinn,28.451586840269684,0.37376506798141035,0.3353913899981136,0.4057318618035678
mlp-vpinn,28.65059892050139,0.3735087432430784,0.3344057580051475,0.40537223288655605
mlp-vpinn,28.849611000733095,0.3732662114929631,0.33344819802546255,0.405051738955071
mlp-vpinn,29.048623080964802,0.3730234689021288,0.3324878802992057,0.40473099123445166
mlp-vpinn,29.247635161196506,0.3727805148499399,0.3315247808615364,0.4044099891208383
mlp-vpinn,29.446647241428213,0.37253734871259553,0.33055887539849926,0.40408873200797285
mlp-vpinn,29.64565932165992,0.3722939698631066,0.32959013923986163,0.4037672192871854
mlp-vpinn,29.844671401891624,0.37205060097118203,0.3286031723359082,0.40345076403794566
mlp-vpinn,30.04368348212333,0.3718868217147593,0.3275920749853192,0.4031499879607743
mlp-vpinn,30.242695562355035,0.3717257240375025,0.3265778472541446,0.40284898731750934
mlp-vpinn,30.441707642586742,0.3715645450209349,0.3255604598858956,0.4025477616044004
mlp-vpinn,30.640719722818446,0.3714032845290992,0.324539883165506,0.40224631031581076
mlp-vpinn,30.839731803050153,0.3712419424256387,0.3235160869092057,0.40194463294420774
mlp-vpinn,31.03874388328186,0.371072689026429,0.3224704647657558,0.40163934699773907
mlp-vpinn,31.237755963513564,0.3708973885526464,0.3213974967238748,0.4013242880839381
mlp-vpinn,31.43676804374527,0.3707219945963257,0.3203209346179292,0.401008981639301
mlp-vpinn,31.635780123976975,0.37054650699451014,0.31924074208758857,0.40069342707948025
mlp-vpinn,31.834792204208682,0.3703709255837442,0.3181568821552738,0.4003776238178256
mlp-vpinn,32.033804284440386,0.37019525020007193,0.3170693172113873,0.4000615712653713
mlp-vpinn,32.23281636467209,0.3700133226697544,0.315991036149525,0.39976974098125073
mlp-vpinn,32.4318284449038,0.36982910602751584,0.3149246408148502,0.39954305477030233
mlp-vpinn,32.630840525135504,0.3696447826433497,0.3138546221706388,0.3993162398728022
mlp-vpinn,32.82985260536721,0.36946035231254476,0.3127809430310397,0.3990892960693406
mlp-vpinn,33.02886468559892,0.36932856983827744,0.3117035655697549,0.3988622231398837
mlp-vpinn,33.22787676583062,0.36921254077185317,0.31062245130449045,0.3986350208637706
mlp-vpinn,33.426888846062326,0.3690980737125946,0.30959590409109583,0.39839664981410144
mlp-vpinn,33.62590092629403,0.3689929587530667,0.30863017682201316,0.3981298287429611
mlp-vpinn,33.82491300652574,0.3688878135076692,0.3076614182187802,0.3978628287320887
mlp-vpinn,34.023925086757444,0.3687612781389197,0.3066895995556342,0.39759564942099046
mlp-vpinn,34.22293716698915,0.3685712345935913,0.30571469165023674,0.39732829044796064
mlp-vpinn,34.42194924722086,0.3683810684264083,0.30473666485344914,0.3970607514500757
mlp-vpinn,34.62096132745256,0.3681820895804978,0.30383080260556466,0.3967894128950267
mlp-vpinn,34.819973407684266,0.3679579836222874,0.30299973770885,0.3965090853606288
mlp-vpinn,35.01898548791597,0.3677337295015032,0.3021663870971128,0.39622855949750113
mlp-vpinn,35.21799756814768,0.36750932690455074,0.301330731806453,0.39594783488410085
mlp-vpinn,35.417009648379384,0.36728477551667776,0.3004927526092814,0.3956669110973896
mlp-vpinn,35.61602172861109,0.3670600750219686,0.2996524300091576,0.3953857877128261
mlp-vpinn,35.8150338088428,0.36684545899182264,0.29890002070164956,0.3951155846982581
mlp-vpinn,36.0140458890745,0.3666516394654742,0.2982318981431435,0.39487078928655195
mlp-vpinn,36.213057969306206,0.3664576966024953,0.297562275439408,0.3946258420226971
mlp-vpinn,36.41207004953791,0.3662636301409581,0.2968911424399419,0.39438074262375045
mlp-vpinn,36.61108212976962,0.3660694398179608,0.29621848887925556,0.394135490805889
mlp-vpinn,36.810094210001324,0.365875125369622,0.29554430437503854,0.3938900862844065
mlp-vpinn,37.00910629023303,0.36566967527056093,0.29493964657859384,0.39362387423607736
mlp-vpinn,37.20811837046474,0.3654499633707027,0.29439730728919294,0.3933124816421178
mlp-vpinn,37.40713045069644,0.36523010210998874,0.2938539670556605,0.3930008423176002
mlp-vpinn,37.606142530928146,0.36501009115646255,0.2933096203154116,0.39268895567510587
mlp-vpinn,37.80515461115985,0.3647899301768739,0.29276426145414775,0.39237682112488154
mlp-vpinn,38.00416669139156,0.3645696188366715,0.2922178848051814,0.39206443807482627
mlp-vpinn,38.203178771623264,0.36437043840253713,0.2917281077915888,0.39177815325709014
mlp-vpinn,38.40219085185497,0.36417528746055483,0.29128574253501666,0.39154624581596564
mlp-vpinn,38.60120293208668,0.36398002293906373,0.2908427044515491,0.3913142009378362
mlp-vpinn,38.80021501231838,0.36378464462636373,0.29039899046175466,0.3910820183780608
mlp-vpinn,38.999227092550086,0.363589152310066,0.2899545974626397,0.3908496978912719
mlp-vpinn,39.19823917278179,0.3633935457770906,0.2895095223273952,0.3906172392313723
mlp-vpinn,39.3972512530135,0.3631673161982878,0.28907674176438647,0.3903725899559936
mlp-vpinn,39.596263333245204,0.36293323501302677,0.28865340720730515,0.3901040904047756
mlp-vpinn,39.79527541347691,0.36269898231172104,0.2882294508818605,0.3898354059242494
mlp-vpinn,39.99428749370862,0.36246455768256675,0.28780487004033023,0.3895665361317772
mlp-vpinn,40.19329957394032,0.3622299607120253,0.2873796619146941,0.38929748064339986
mlp-vpinn,40.392311654172026,0.3619951909848127,0.2869538237164238,0.38902823907383033
mlp-vpinn,40.59132373440373,0.36177445074668957,0.2865834633673186,0.38877573550911493
mlp-vpinn,40.79033581463544,0.3615559979826177,0.28625322478881393,0.38855506201754075
mlp-vpinn,40.989347894867144,0.3613373983404188,0.2859226047873502,0.38833426312682817
mlp-vpinn,41.18835997509885,0.361118651499552,0.28559160203824496,0.38811333862295727
mlp-vpinn,41.38737205533056,0.36089975713825095,0.2852602152091302,0.3878922882912987
mlp-vpinn,41.58638413556226,0.36068071493351717,0.28492844295989,0.38767111191661113
mlp-vpinn,41.785396215793966,0.3604592404515145,0.2846083115190601,0.38743848533665876
mlp-vpinn,41.98440829602567,0.3602344306746612,0.2842958310628025,0.3871852188271579
mlp-vpinn,42.18342037625738,0.36000946661951283,0.2839830067691529,0.38693178654189675
mlp-vpinn,42.382432456489084,0.359784347944496,0.2836698375005843,0.3866781881549226
mlp-vpinn,42.58144453672079,0.3595590743067143,0.2833563221132839,0.3864244233392133
mlp-vpinn,42.7804566169525,0.35933364536194146,0.2830424594571038,0.38617049176667206
mlp-vpinn,42.9794686971842,0.3591119330210112,0.28271833754487297,0.3859296125554065
mlp-vpinn,43.178480777415906,0.3588922422313928,0.2823877376429273,0.38571121232237027
mlp-vpinn,43.37749285764761,0.3586724027009143,0.2820567502437138,0.3854926883550699
mlp-vpinn,43.57650493787932,0.3584524141036704,0.28172537398146935,0.3852740404429625
mlp-vpinn,43.775517018111024,0.3582322761125062,0.2813936074823889,0.38505526837490744
mlp-vpinn,43.97452909834273,0.3580119883990094,0.2810614493645594,0.3848363719391638
mlp-vpinn,44.17354117857444,0.3577833094227316,0.2807557198896884,0.3846113615947752
mlp-vpinn,44.37255325880614,0.3575545009741988,0.28046504557142565,0.384376419836821
mlp-vpinn,44.571565339037846,0.3573255278459498,0.2801740696852344,0.38414133438795317
mlp-vpinn,44.77057741926955,0.3570963896511957,0.2798827912905531,0.38390610498420363
mlp-vpinn,44.96958949950126,0.35686708600155415,0.2795912094419208,0.38367073136079527
mlp-vpinn,45.168601579732965,0.3566380793479854,0.27929932318894135,0.38343521325213814
mlp-vpinn,45.36761365996467,0.3564274262288575,0.27901375467431666,0.3832038232801839
mlp-vpinn,45.56662574019638,0.3562159877400876,0.278731410845157,0.38297890996295775
mlp-vpinn,45.76563782042808,0.35600441315705955,0.27844878072278156,0.3827538644824898
mlp-vpinn,45.964649900659786,0.35579270219939013,0.27816586343452654,0.38252868660552125
mlp-vpinn,46.16366198089149,0.35558085458568855,0.2778826581032858,0.38230337609810616
mlp-vpinn,46.3626740611232,0.3553684889615609,0.2775991638474792,0.3820779327256089
mlp-vpinn,46.561686141354905,0.35514738594757866,0.277311633642968,0.38184943978840924
mlp-vpinn,46.76069822158661,0.3549220438252778,0.27702196934038636,0.3816165118230565
mlp-vpinn,46.95971030181832,0.35469654736335676,0.27673200183701235,0.38138344159817955
mlp-vpinn,47.15872238205002,0.3544708962245034,0.2764417301787385,0.3811502288528069
mlp-vpinn,47.35773446228173,0.35424509007012106,0.27615115340644286,0.3809168733251681
mlp-vpinn,47.55674654251343,0.354018096473786,0.27586027055595186,0.38068337475269026
mlp-vpinn,47.75575862274514,0.3537782910263291,0.2755917615382009,0.3804566284750323
mlp-vpinn,47.954770702976845,0.3535358133909524,0.2753334936837706,0.3802395667591094
mlp-vpinn,48.15378278320855,0.353293154430244,0.2750749833418031,0.38002238106159186
mlp-vpinn,48.35279486344026,0.3530503137086782,0.2748162298279989,0.3798050711697886
mlp-vpinn,48.55180694367196,0.35280729078890155,0.27455723245483415,0.3795876368704001
mlp-vpinn,48.75081902390367,0.3525663006793493,0.2742979905315388,0.37937007794951516
mlp-vpinn,48.94983110413537,0.35234096049043356,0.27402907462141385,0.37914731048389305
mlp-vpinn,49.14884318436708,0.3521120293088251,0.2737558993750528,0.37891744203845756
mlp-vpinn,49.347855264598785,0.3518829425455562,0.27348245126044135,0.37868743405976135
mlp-vpinn,49.54686734483049,0.3516536998705343,0.27320872945825747,0.3784572862933998
mlp-vpinn,49.7458794250622,0.35142430095246047,0.27293473314507066,0.3782269984841942
mlp-vpinn,49.9448915052939,0.3511952423913715,0.27266046149331324,0.3779965703761886
mlp-vpinn,50.14390358552561,0.3509729686687615,0.2724206955655491,0.377765909283161
mlp-vpinn,50.34291566575731,0.35075813177232984,0.2721941570204843,0.3775349852078887
mlp-vpinn,50.54192774598902,0.3505431539604569,0.2719674297774763,0.3773039197984936
mlp-vpinn,50.740939826220725,0.3503777819156918,0.27174051336420363,0.3770727127951523
mlp-vpinn,50.93995190645243,0.35026427798545623,0.27151340730637114,0.3768413639372445
mlp-vpinn,51.13896398668414,0.3501480396645884,0.2712861111276982,0.3766098729633493
mlp-vpinn,51.33797606691584,0.3500094579824419,0.2710229373412126,0.37638262265419714
mlp-vpinn,51.53698814714755,0.3498682202598038,0.2707469904887739,0.37616076808408844
mlp-vpinn,51.73600022737925,0.3497269236220108,0.27047076210266713,0.3759387825898931
mlp-vpinn,51.93501230761096,0.3495855679930754,0.2701942513194293,0.3757166659395488
mlp-vpinn,52.134024387842665,0.34944415329684253,0.2699174572711745,0.3754944179003066
mlp-vpinn,52.33303646807437,0.3493054131625811,0.26964037908556215,0.3752720382387284
mlp-vpinn,52.53204854830608,0.34918145884104645,0.2693843359804147,0.37504528451745067
mlp-vpinn,52.73106062853778,0.34905383421455827,0.2691348647231418,0.3748133021526748
mlp-vpinn,52.93007270876949,0.34892615539756283,0.2688851620069035,0.3745811761186205
mlp-vpinn,53.12908478900119,0.3487984223140722,0.26863522718626015,0.37434890614802885
mlp-vpinn,53.3280968692329,0.3486706348879115,0.268385059612767,0.3741164919728111
mlp-vpinn,53.527108949464605,0.3485409785943714,0.26813465863495406,0.3738839333240453
mlp-vpinn,53.72612102969631,0.34840063354431094,0.2679068870584513,0.37365779091596846
mlp-vpinn,53.92513310992802,0.3482578962706251,0.2676855497017507,0.3734389937601598
mlp-vpinn,54.12414519015972,0.3481150948923692,0.2674640291794526,0.37322006833636345
mlp-vpinn,54.32315727039143,0.3479722293168887,0.26724232503607237,0.37300101441872635
mlp-vpinn,54.52216935062313,0.34782929945129526,0.2670204368142341,0.3727818317807321
mlp-vpinn,54.72118143085484,0.34768588541349665,0.2667983640546603,0.3725625201951977
mlp-vpinn,54.920193511086545,0.34754311334315835,0.26655310964975043,0.3723518152734863
mlp-vpinn,55.11920559131825,0.34740443143102784,0.2663016945622274,0.372150474011887
mlp-vpinn,55.31821767154996,0.34726569050834066,0.26605004188963366,0.37194902376143407
mlp-vpinn,55.51722975178166,0.34712689049563966,0.2657981509571461,0.37174746434494416
mlp-vpinn,55.71624183201337,0.34698803131328226,0.2655460210867408,0.3715457955847532
mlp-vpinn,55.91525391224507,0.34684896144891986,0.26529365159717216,0.37134401730271477
mlp-vpinn,56.11426599247678,0.3467041010748424,0.265063142883123,0.37113628951495864
mlp-vpinn,56.313278072708485,0.34655094864368396,0.2648375251825515,0.3709224047501333
mlp-vpinn,56.51229015294019,0.3463977217325892,0.26461171511208326,0.37070839658188515
mlp-vpinn,56.7113022331719,0.3462444202247038,0.2643857121788128,0.37049426479637004
mlp-vpinn,56.9103143134036,0.3460910440028534,0.26415951588772596,0.37028000917912557
mlp-vpinn,57.10932639363531,0.34593473591465557,0.2639331257416876,0.3700656295150684
mlp-vpinn,57.30833847386701,0.3457710199948414,0.26370949261634646,0.36985571315911087
mlp-vpinn,57.50735055409872,0.3456101193309741,0.26348627370440164,0.3696502118202808
mlp-vpinn,57.706362634330425,0.34544914078364053,0.263262865526627,0.3695190081086052
mlp-vpinn,57.90537471456213,0.3452880842356776,0.2630392676007727,0.3694156290773162
mlp-vpinn,58.10438679479384,0.3451269495696194,0.2628154794425376,0.3693122211078467
mlp-vpinn,58.30339887502554,0.34496538206291616,0.2625915005655569,0.36920878417588177
mlp-vpinn,58.50241095525725,0.34479766956793023,0.26238497933157284,0.36911497286360784
mlp-vpinn,58.70142303548895,0.34462246626880144,0.2621815113978665,0.36903268050845794
mlp-vpinn,58.90043511572066,0.3444471684196888,0.2619778854386555,0.36895036979845025
mlp-vpinn,59.099447195952365,0.3442717758595486,0.26177410108517035,0.36886804072129753
mlp-vpinn,59.29845927618407,0.3440962884268614,0.26157015796720523,0.3687856932646987
mlp-vpinn,59.49747135641578,0.34392173426037276,0.2613660557131097,0.36870332741633893
mlp-vpinn,59.69648343664748,0.34375289833860484,0.2611624752818799,0.3686108393755746
mlp-vpinn,59.89549551687919,0.34358856339530963,0.26095884586058243,0.36850671237338206
mlp-vpinn,60.09450759711089,0.34342414530039367,0.26075505742059135,0.3684025559402533
mlp-vpinn,60.2935196773426,0.3432596439213824,0.26055110958878025,0.36829837005121857
mlp-vpinn,60.492531757574305,0.3430950591254365,0.26034700199056116,0.36819415468127303
mlp-vpinn,60.69154383780601,0.34293169768574144,0.26014273424987666,0.36808990980537637
mlp-vpinn,60.89055591803772,0.3427658756671218,0.25992663926529563,0.3679889661730975
mlp-vpinn,61.08956799826942,0.34259283980993094,0.25970877468911957,0.3678916571167555
mlp-vpinn,61.28858007850113,0.34241970724220716,0.25949072719713245,0.3677943223149042
mlp-vpinn,61.48759215873283,0.3422464777890062,0.25927249632783916,0.3676969617470981
mlp-vpinn,61.68660423896454,0.34207315127482996,0.25905408161780064,0.3675995753928644
mlp-vpinn,61.885616319196245,0.3419031495633945,0.2588354826016226,0.3675021632317033
mlp-vpinn,62.08462839942795,0.3417436493418679,0.25865916345513185,0.3674056460959975
mlp-vpinn,62.28364047965966,0.34158910627650635,0.2584875923918224,0.36731007385276654
mlp-vpinn,62.48265255989136,0.341434483388652,0.2583159073726069,0.3672144767356432
mlp-vpinn,62.68166464012307,0.34127978054292973,0.2581441081701179,0.3671188547251962
mlp-vpinn,62.88067672035477,0.3411249976035614,0.25797219455623094,0.3670232078019688
mlp-vpinn,63.07968880058648,0.340955792393807,0.2578001663020607,0.366927535946479
mlp-vpinn,63.278700880818185,0.3407497310748179,0.2576012202110602,0.36683769368693614
mlp-vpinn,63.47771296104989,0.34052898748439864,0.25739958472393704,0.3667537481175061
mlp-vpinn,63.6767250412816,0.3403080947188846,0.2571977911605839,0.36666978332953454
mlp-vpinn,63.8757371215133,0.34008705246421544,0.2569958391486357,0.3665857993098158
mlp-vpinn,64.074749201745,0.3398658604051933,0.25679372831426306,0.36650179604512884
mlp-vpinn,64.2737612819767,0.33966116667871205,0.2565914582821643,0.36641777352223776
mlp-vpinn,64.47277336220841,0.3394874952676742,0.2564202278215294,0.36632557034163726
mlp-vpinn,64.67178544244013,0.3393195235245392,0.25625121987579896,0.3662254144835934
mlp-vpinn,64.87079752267184,0.3391514506202947,0.2560821003889673,0.3661252312272862
mlp-vpinn,65.06980960290355,0.33898327635086223,0.25591286913989914,0.3660250205502184
mlp-vpinn,65.26882168313524,0.3388150005114421,0.25574352590672783,0.36592478242986193
mlp-vpinn,65.46783376336695,0.33863390213580147,0.2555740704668516,0.36582451684365797
mlp-vpinn,65.66684584359865,0.33842533193142166,0.25538991313147785,0.3657329474964476
mlp-vpinn,65.86585792383036,0.3382057708137073,0.25520479966962184,0.3656494707813251
mlp-vpinn,66.06487000406206,0.33798605327171755,0.2550195518377363,0.36556597500435806
mlp-vpinn,66.26388208429377,0.33776617894618716,0.2548341693427863,0.3654824601524822
mlp-vpinn,66.46289416452548,0.3375461474764076,0.25464865189067054,0.36539892621261844
mlp-vpinn,66.66190624475718,0.3373261991794526,0.25446299918621557,0.36531537317167256
mlp-vpinn,66.86091832498889,0.3371109663250857,0.25430214531683076,0.3652225651887799
mlp-vpinn,67.0599304052206,0.3369505736039565,0.2541421245300176,0.365121376175901
mlp-vpinn,67.2589424854523,0.33686893907615506,0.2539820029224895,0.36502015911192515
mlp-vpinn,67.457954565684,0.3367872703609258,0.2538217803034404,0.36491891397351056
mlp-vpinn,67.65696664591572,0.336705567412516,0.2536614564814616,0.36481764073728357
mlp-vpinn,67.85597872614741,0.3366089344260389,0.25350103126453927,0.3647163393798378
mlp-vpinn,68.05499080637912,0.33650255145679225,0.25332886673765037,0.36462224338022975
mlp-vpinn,68.25400288661083,0.3363961331358045,0.25315634638470036,0.36453439760990564
mlp-vpinn,68.45301496684253,0.33628967942627086,0.2529837083828098,0.3644465306653393
mlp-vpinn,68.65202704707424,0.3361831902913205,0.2528109524909605,0.3643586425312118
mlp-vpinn,68.85103912730594,0.3360766656940163,0.2526380784673104,0.36427073319218595
mlp-vpinn,69.05005120753765,0.33595740217853803,0.25246508606918905,0.3641828026329058
mlp-vpinn,69.24906328776936,0.33582894448572315,0.2522988191105656,0.3640916396647646
mlp-vpinn,69.44807536800106,0.33570043749387257,0.2521324522859153,0.3639977436739902
mlp-vpinn,69.64708744823277,0.3355718811460181,0.2519659756134403,0.36390382345577926
mlp-vpinn,69.84609952846448,0.33544327538508156,0.2517993888752636,0.3638098789913683
mlp-vpinn,70.04511160869617,0.33531462015387425,0.251632691852787,0.36371591026196964
mlp-vpinn,70.24412368892789,0.3351606150783655,0.2514657669960101,0.36362191724877124
mlp-vpinn,70.4431357691596,0.334982109693844,0.251291690864293,0.3635226452826291
mlp-vpinn,70.64214784939129,0.3348034971871098,0.25111749406200107,0.3634190503839273
mlp-vpinn,70.841159929623,0.3346247773483589,0.25094317633783725,0.3633154259464231
mlp-vpinn,71.04017200985471,0.334445949967067,0.2507687374396311,0.363211771944834
mlp-vpinn,71.23918409008641,0.33426701483198595,0.2505941771143344,0.3631080883538419
mlp-vpinn,71.43819617031812,0.3340792219020625,0.25042069138411355,0.3630043751480921
mlp-vpinn,71.63720825054982,0.33388664064117046,0.25027948325878846,0.36291407512418333
mlp-vpinn,71.83622033078153,0.3336939408867209,0.2501381954186024,0.3628344056153606
mlp-vpinn,72.03523241101324,0.3335011224078101,0.24999682772840065,0.3627547186092315
mlp-vpinn,72.23424449124494,0.3333081849727536,0.2498553800526464,0.36267501409426234
mlp-vpinn,72.43325657147665,0.33311512834908175,0.24971385225541876,0.36259529205890695
mlp-vpinn,72.63226865170836,0.332915373335944,0.2495708035098851,0.3625155524916065
mlp-vpinn,72.83128073194005,0.33270857982386115,0.2494013456423742,0.36242388094154515
mlp-vpinn,73.03029281217177,0.3325016367079688,0.2492317725569602,0.362323010899343
mlp-vpinn,73.22930489240348,0.33229454363025224,0.24906208401830593,0.36222211276729027
mlp-vpinn,73.42831697263517,0.3320873002311929,0.24889227979027195,0.36212118652190695
mlp-vpinn,73.62732905286688,0.3318799061497591,0.24872235963591283,0.3620202321396801
mlp-vpinn,73.8263411330986,0.3316628752035392,0.2485540844732008,0.36191924959706406
mlp-vpinn,74.02535321333029,0.3314388326335571,0.24841015667585947,0.3618226002426695
mlp-vpinn,74.224365293562,0.3312146049554736,0.2482661454390007,0.36172915746334416
mlp-vpinn,74.4233773737937,0.33099019165644983,0.2481220506173384,0.36163569053940886
mlp-vpinn,74.62238945402541,0.3307655922211591,0.24797787206516442,0.3615421994521377
mlp-vpinn,74.82140153425712,0.33054080613176967,0.24783360963634665,0.36144868418278076
mlp-vpinn,75.02041361448882,0.33028211774830896,0.2476893940521261,0.36135514471256364
mlp-vpinn,75.21942569472053,0.3300140788885952,0.2475465092284931,0.3612688886483495
mlp-vpinn,75.41843777495224,0.32974582071155656,0.24740354188352975,0.3611878465344414
mlp-vpinn,75.61744985518393,0.3294773426744533,0.24726049187409319,0.36110678623249504
mlp-vpinn,75.81646193541565,0.32920864423228935,0.24711735905662627,0.3610257077302592
mlp-vpinn,76.01547401564736,0.3289397248377991,0.24697414328715583,0.360944611015469
mlp-vpinn,76.21448609587905,0.3286725517942627,0.2468298767178162,0.36086349607584567
mlp-vpinn,76.41349817611076,0.32840057116648147,0.24667681282379827,0.36077253875489046
mlp-vpinn,76.61251025634247,0.32812833928931345,0.2465236538940677,0.36067471111226557
mlp-vpinn,76.81152233657417,0.32785585540794804,0.24637039975138442,0.36057685692814995
mlp-vpinn,77.01053441680588,0.32758311876359747,0.24621705021795673,0.36047897618092906
mlp-vpinn,77.20954649703758,0.327310128593467,0.246063605115439,0.36038106884895893
mlp-vpinn,77.40855857726929,0.3270567435768469,0.2459128393693393,0.3602831349105664
mlp-vpinn,77.607570657501,0.32681179142488437,0.24578341439751847,0.36018940389736653
mlp-vpinn,77.8065827377327,0.32656663944142184,0.24565392123699983,0.3600984968568158
mlp-vpinn,78.00559481796441,0.3263212871033077,0.24552435977989218,0.3600075668609426
mlp-vpinn,78.20460689819612,0.3260757338849982,0.24539472991801953,0.35991661389234864
mlp-vpinn,78.40361897842782,0.32582997925854135,0.24526503154292006,0.35982563793361344
mlp-vpinn,78.60263105865953,0.32554756901606663,0.24513419326605604,0.35973463896729463
mlp-vpinn,78.80164313889124,0.3252527517203126,0.24499624443290283,0.3596451410398453
mlp-vpinn,79.00065521912293,0.32495764506803004,0.24485821788180448,0.3595566075908101
mlp-vpinn,79.19966729935464,0.32466224815037376,0.244720113481258,0.3594680523368571
mlp-vpinn,79.39867937958635,0.3243665600535164,0.2445819310993892,0.3593794752618672
mlp-vpinn,79.59769145981805,0.32407057985860876,0.24444367060395106,0.3592908763497017
mlp-vpinn,79.79670354004976,0.32381732381151296,0.24430653688804418,0.35920225558420177
mlp-vpinn,79.99571562028146,0.3235759022865026,0.24417624850735625,0.3591246091309035
mlp-vpinn,80.19472770051317,0.3233342787313431,0.2440458905698334,0.3590538421483132
mlp-vpinn,80.39373978074488,0.3230924525946768,0.24391546296395397,0.3589830612152995
mlp-vpinn,80.59275186097658,0.3228504233225049,0.24378496557789797,0.3589122663236088
mlp-vpinn,80.79176394120829,0.32260819035817,0.243654398299546,0.3588414574649795
mlp-vpinn,80.99077602144,0.32232299106793855,0.24352529827858146,0.3587706346311419
mlp-vpinn,81.1897881016717,0.3220289595457827,0.24340387190197652,0.35868830752344366
mlp-vpinn,81.3888001819034,0.3217346492671773,0.24328238491940904,0.3585990289117305
mlp-vpinn,81.58781226213512,0.3214400594110506,0.24316083724004,0.3585097280672308
mlp-vpinn,81.78682434236681,0.32114518915217755,0.24303922877280312,0.3584204049733266
mlp-vpinn,81.98583642259852,0.3208500376611496,0.24291755942640428,0.3583310596133792
mlp-vpinn,82.18484850283023,0.3206112079346252,0.2427971908847805,0.35824169197072914
mlp-vpinn,82.38386058306193,0.32038200033330577,0.2426828091194423,0.35815526518173413
mlp-vpinn,82.58287266329364,0.32015260543607404,0.24256837341802578,0.3580705591790194
mlp-vpinn,82.78188474352534,0.3199230227397005,0.24245388370415916,0.35798583313331417
mlp-vpinn,82.98089682375705,0.31969325173857965,0.2423393399012902,0.35790108703038387
mlp-vpinn,83.17990890398876,0.3194632919247142,0.2422247419326857,0.3578163208559775
mlp-vpinn,83.37892098422046,0.31924921138649864,0.24210934891699165,0.35773153459582674
mlp-vpinn,83.57793306445217,0.3190418459978001,0.24199097715135082,0.3576571850682093
mlp-vpinn,83.77694514468388,0.31883434531443444,0.24187254745489736,0.3575887146187224
mlp-vpinn,83.97595722491558,0.3186267090704033,0.24175405974249445,0.3575202310561248
mlp-vpinn,84.17496930514729,0.3184189369988327,0.2416355139287964,0.3574517343728795
mlp-vpinn,84.373981385379,0.3182110288319693,0.24151690992824817,0.3573832245614424
mlp-vpinn,84.5729934656107,0.3179955779695923,0.24140031429766465,0.35731470161426204
mlp-vpinn,84.7720055458424,0.3177782529380754,0.24129096810468958,0.35722439225391955
mlp-vpinn,84.97101762607412,0.3175607771239012,0.2411815723366638,0.35712215707985306
mlp-vpinn,85.17002970630581,0.31734315020860093,0.24107212692609747,0.3570198926300218
mlp-vpinn,85.36904178653752,0.31712537187256934,0.2409626318053476,0.3569175988792614
mlp-vpinn,85.56805386676922,0.3169074417950585,0.24085308690661736,0.3568152758023714
mlp-vpinn,85.76706594700093,0.31669209919197494,0.24074297356166033,0.35671292337411525
mlp-vpinn,85.96607802723264,0.31647388894864903,0.2406311370309196,0.35662362819414034
mlp-vpinn,86.16509010746434,0.316255506976887,0.2405192484984853,0.3565412537526647
mlp-vpinn,86.36410218769605,0.31603695283239586,0.24040730789175077,0.35645886027519585
mlp-vpinn,86.56311426792776,0.3158182260688631,0.24029531513794017,0.3563764477485306
mlp-vpinn,86.76212634815946,0.3155993262379426,0.24018327016410804,0.3562940161594505
mlp-vpinn,86.96113842839117,0.3153771251770536,0.2400680753751675,0.3562115654947216
mlp-vpinn,87.16015050862288,0.31515963540367814,0.2399437305180953,0.3561357902521144
mlp-vpinn,87.35916258885457,0.31494199502713244,0.23981932118898092,0.356063411310203
mlp-vpinn,87.55817466908628,0.3147242037332703,0.2396948472874351,0.35599101765243973
mlp-vpinn,87.757186749318,0.314506261206849,0.23957030871280788,0.3559186092698448
mlp-vpinn,87.95619882954969,0.31428849755973437,0.23944570536418755,0.3558461861534296
mlp-vpinn,88.1552109097814,0.31413131664246463,0.23932363128668652,0.3557737482941962
mlp-vpinn,88.3542229900131,0.3139767988108648,0.23920842688373012,0.3556905951051879
mlp-vpinn,88.55323507024481,0.31382220461773047,0.2390931669708104,0.3556020940255857
mlp-vpinn,88.75224715047652,0.31366753394932334,0.23897785146760944,0.3555135709146421
mlp-vpinn,88.95125923070822,0.31351278669162197,0.23886248029361534,0.3554250257558956
mlp-vpinn,89.15027131093993,0.3133573298362996,0.2387470533681217,0.35533645853286405
mlp-vpinn,89.34928339117164,0.3131860368696478,0.23863089900199536,0.3552478692290449
mlp-vpinn,89.54829547140334,0.3130146858424052,0.23851303662208892,0.3551648604467354
mlp-vpinn,89.74730755163505,0.31284323866171626,0.2383951159711107,0.3550845276198665
mlp-vpinn,89.94631963186676,0.312671695161844,0.23827713696254774,0.3550041766147243
mlp-vpinn,90.14533171209845,0.312500055176565,0.23815909950967262,0.35492380741896284
mlp-vpinn,90.34434379233016,0.3123269180016011,0.23804100352554294,0.354843420020222
mlp-vpinn,90.54335587256188,0.3121257678402015,0.2379296344112486,0.3547630144061277
mlp-vpinn,90.74236795279357,0.31192417101355974,0.23783364729000797,0.3546799601679581
mlp-vpinn,90.94138003302528,0.31172243840676417,0.23773762141374558,0.35459566114776825
mlp-vpinn,91.14039211325698,0.31152056973505093,0.23764155673548118,0.35451134208217006
mlp-vpinn,91.33940419348869,0.31131856471262925,0.23754545320813955,0.354427002956857
mlp-vpinn,91.5384162737204,0.3111244883541835,0.23744931078455023,0.35434264375750546
mlp-vpinn,91.7374283539521,0.31103785202299267,0.23734950690421663,0.3542582644697748
mlp-vpinn,91.93644043418381,0.31095159968789005,0.23724209948691743,0.3541775223562364
mlp-vpinn,92.13545251441552,0.31086532193252703,0.23713464342066531,0.35409837662662114
mlp-vpinn,92.33446459464722,0.31077901873324376,0.23702713863929536,0.35401921320292
mlp-vpinn,92.53347667487893,0.31069269006634215,0.23691958507649258,0.3539400320732604
mlp-vpinn,92.73248875511064,0.31059848650273947,0.23681198266579132,0.3538608332257566
mlp-vpinn,92.93150083534233,0.310440831546523,0.23671292624428472,0.3537816166485093
mlp-vpinn,93.13051291557404,0.3102830907338018,0.23663049990178686,0.3537095110562793
mlp-vpinn,93.32952499580576,0.3101252639160429,0.23654804483742184,0.3536404116628102
mlp-vpinn,93.52853707603745,0.30996735094426686,0.23646556102114388,0.35357129876506044
mlp-vpinn,93.72754915626916,0.3098093516690459,0.23638304842285474,0.35350217235510917
mlp-vpinn,93.92656123650086,0.3096496672165339,0.23630050701240374,0.3534330324250282
mlp-vpinn,94.12557331673257,0.3094572411818536,0.23621193692724948,0.3533638789668813
mlp-vpinn,94.32458539696428,0.30926469463978534,0.2361126486821596,0.3532866395258738
mlp-vpinn,94.52359747719598,0.3090720273621932,0.23601331866758488,0.35320613743847834
mlp-vpinn,94.72260955742769,0.3088792391202161,0.23591394683076497,0.35312561699901324
mlp-vpinn,94.9216216376594,0.30868632968426457,0.23581453311882844,0.3530450781949216
mlp-vpinn,95.1206337178911,0.30850144554501446,0.23571507747879236,0.3529645210136323
mlp-vpinn,95.3196457981228,0.30838981735204607,0.2356183199753596,0.35288394544255963
mlp-vpinn,95.51865787835452,0.3082781433379522,0.2355261083675004,0.35280897476292666
mlp-vpinn,95.71766995858621,0.30816642344120926,0.23543386064342603,0.35273615872763964
mlp-vpinn,95.91668203881792,0.3080546576001488,0.23534157676066664,0.352663327657688
mlp-vpinn,96.11569411904964,0.307942845752957,0.2352492566766691,0.3525904815437549
mlp-vpinn,96.31470619928133,0.30782277138632247,0.2351569003487968,0.3525176203765142
mlp-vpinn,96.51371827951304,0.3076365070868781,0.23506297753215763,0.3524447441466298
mlp-vpinn,96.71273035974474,0.30745012993403265,0.23496663225578876,0.3523686076742296
mlp-vpinn,96.91174243997645,0.3072636397223968,0.23487024745797516,0.35229126328742305
mlp-vpinn,97.11075452020816,0.3070770362459574,0.23477382309004108,0.35221390191618174
mlp-vpinn,97.30976660043986,0.3068903192980749,0.23467735910321075,0.35213652354931174
mlp-vpinn,97.50877868067157,0.30671768493577733,0.23458085544860807,0.3520591281756067
mlp-vpinn,97.70779076090328,0.30664003348645097,0.23449609437466318,0.351981715783848
mlp-vpinn,97.90680284113498,0.3065623448444613,0.23442849453336798,0.35189738831373674
mlp-vpinn,98.10581492136669,0.3064846189550852,0.23436087519334736,0.3518106372849981
mlp-vpinn,98.3048270015984,0.30640685576346527,0.23429323633771876,0.35172386485952895
mlp-vpinn,98.5038390818301,0.30632905521460896,0.23422557794957521,0.3516370710214892
mlp-vpinn,98.7028511620618,0.30625058033279673,0.23415790001198536,0.35155025575501936
mlp-vpinn,98.90186324229352,0.30616428695348863,0.23408041111470326,0.3514634190442402
mlp-vpinn,99.10087532252521,0.3060779589364012,0.2339895395762898,0.3513811734152852
mlp-vpinn,99.29988740275692,0.3059915962348433,0.23389863273354053,0.35130043286269796
mlp-vpinn,99.49889948298862,0.3059051988020159,0.23380769054527545,0.3512196737489733
mlp-vpinn,99.69791156322033,0.3058187665910118,0.23371671297023427,0.35113889606130433
mlp-vpinn,99.89692364345204,0.3057253321681048,0.23362569996707655,0.35105809978686964
mlp-vpinn,100.09593572368374,0.30558671997540454,0.23353360333054837,0.35097728491283303
mlp-vpinn,100.29494780391545,0.3054480431356681,0.23344013530731864,0.350912858210605
mlp-vpinn,100.49395988414716,0.3053093015560375,0.23334662984506238,0.3508536486054152
mlp-vpinn,100.69297196437886,0.30517049514342764,0.2332530868987544,0.3507944290064028
mlp-vpinn,100.89198404461057,0.30503162380452464,0.23315950642327926,0.35073519940850556
mlp-vpinn,101.09099612484228,0.304900367569775,0.2330658883734308,0.350675959806657
mlp-vpinn,101.29000820507397,0.3048094560182052,0.2329734809595936,0.3506167101957865
mlp-vpinn,101.48902028530568,0.30471850965984315,0.23288251636145965,0.35053428016451077
mlp-vpinn,101.6880323655374,0.30462752844979263,0.23279151621839855,0.35044484144773125
mlp-vpinn,101.88704444576909,0.30453651234305645,0.2327004804887096,0.350355379899038
mlp-vpinn,102.0860565260008,0.30444546129453665,0.23260940913061043,0.3502658955009365
mlp-vpinn,102.2850686062325,0.304340880847755,0.2325183021022369,0.3501763882359099
mlp-vpinn,102.48408068646421,0.3041791526021803,0.2324384682792847,0.35008685808641893
mlp-vpinn,102.68309276669592,0.30401732966679285,0.2323719622066847,0.35000736780524616
mlp-vpinn,102.88210484692762,0.30385541186255427,0.2323054370942484,0.3499307376709032
mlp-vpinn,103.08111692715933,0.30369339900983366,0.23223889292561373,0.3498540907519134
mlp-vpinn,103.28012900739104,0.30353129092840503,0.23217232968439536,0.34977742703724274
mlp-vpinn,103.47914108762274,0.30339472288247926,0.23210574735418432,0.349700746515845
mlp-vpinn,103.67815316785445,0.3033510348972679,0.2320289620618921,0.34962404917666184
mlp-vpinn,103.87716524808616,0.30330729344676843,0.23194088167628749,0.3495432828901766
mlp-vpinn,104.07617732831785,0.3032634984677631,0.2318527678291295,0.3494613874999995
mlp-vpinn,104.27518940854956,0.30321964989683603,0.23176462048225316,0.3493794729133461
mlp-vpinn,104.47420148878126,0.3031757476703716,0.23167643959742104,0.3492975391167111
mlp-vpinn,104.67321356901297,0.30313469805590415,0.23158822513632274,0.34921558609657305
mlp-vpinn,104.87222564924468,0.30308467439889486,0.2315076146521523,0.349133613839395
mlp-vpinn,105.07123772947638,0.30303463887165116,0.2314348832166469,0.34905824619113496
mlp-vpinn,105.27024980970809,0.302984591464723,0.23136212891715133,0.34898458880796485
mlp-vpinn,105.4692618899398,0.3029345321686472,0.23128935173208925,0.3489109158752383
mlp-vpinn,105.6682739701715,0.302884460973948,0.23121655163985053,0.34883722738310335
mlp-vpinn,105.86728605040321,0.3027845855050681,0.2311437286187908,0.3487635233216976
mlp-vpinn,106.06629813063492,0.3025833866002079,0.231067014024439,0.34868980368114805
mlp-vpinn,106.26531021086662,0.30238205345195346,0.23098651945366144,0.34860435012968155
mlp-vpinn,106.46432229109833,0.3021805857904978,0.23090599682222013,0.34851596701955145
mlp-vpinn,106.66333437133004,0.3019789833451265,0.2308254461007485,0.348427561489915
mlp-vpinn,106.86234645156173,0.3017772458442134,0.23074486725982873,0.3483391335237026
mlp-vpinn,107.06135853179345,0.301624844664281,0.23066426026999154,0.34825068310382296
mlp-vpinn,107.26037061202514,0.30156115884440643,0.23059412909581595,0.34816221021316307
mlp-vpinn,107.45938269225685,0.30149745744829703,0.23053347044858807,0.34808535809466684
mlp-vpinn,107.65839477248856,0.3014337404633883,0.2304727958364766,0.34801119494424315
mlp-vpinn,107.85740685272026,0.3013700078770979,0.2304121052468694,0.34793701598586435
mlp-vpinn,108.05641893295197,0.30130625967682567,0.23035139866713772,0.3478628212094176
mlp-vpinn,108.25543101318368,0.3012656635609689,0.23029067608463616,0.34778861060477934
mlp-vpinn,108.45444309341538,0.3012531651558346,0.23021586730866858,0.3477143841618152
mlp-vpinn,108.65345517364709,0.30124066537186267,0.23012916447985768,0.3476359770030927
mlp-vpinn,108.8524672538788,0.30122816420866594,0.23004242897281424,0.3475566300815998
mlp-vpinn,109.0514793341105,0.30121566166585734,0.22995566075056117,0.34747726504112636
mlp-vpinn,109.2504914143422,0.3012031577430494,0.2298688597760516,0.3473978818692543
mlp-vpinn,109.44950349457392,0.3011596075979537,0.22978202601216868,0.34731848055355125
mlp-vpinn,109.64851557480561,0.3010760743400851,0.22970958944766098,0.34723906108157065
mlp-vpinn,109.84752765503733,0.30099251777645625,0.22964851244664777,0.34716870054474375
mlp-vpinn,110.04653973526902,0.3009089378874471,0.22958741919735784,0.34710022332346235
mlp-vpinn,110.24555181550073,0.30082533465341,0.2295263096868167,0.3470317325900744
mlp-vpinn,110.44456389573244,0.3007417080546695,0.22946518390203263,0.34696322833657806
mlp-vpinn,110.64357597596414,0.3006542730717445,0.2294040418299966,0.34689471055496346
mlp-vpinn,110.84258805619585,0.30056814424528533,0.22934728163168336,0.34682617923721293
mlp-vpinn,111.04160013642756,0.3004819861089949,0.2292937326657343,0.3467552343369084
mlp-vpinn,111.24061221665926,0.3003957986297088,0.22924017119110643,0.34668380017590233
mlp-vpinn,111.43962429689097,0.30030958177419653,0.2291865971990298,0.346612351292861
mlp-vpinn,111.63863637712268,0.30022333550916186,0.22913301068072425,0.34654088767867836
mlp-vpinn,111.83764845735438,0.3001630833253529,0.2290794116273993,0.346469409324239
mlp-vpinn,112.03666053758609,0.30012442264013595,0.22900678125733456,0.34639791622041805
mlp-vpinn,112.2356726178178,0.3000857564255061,0.22892114845730996,0.3463264669698052
mlp-vpinn,112.4346846980495,0.30004708467890073,0.22883548361253508,0.34625501384285234
mlp-vpinn,112.6336967782812,0.30000840739775514,0.22874978668700846,0.3461835459678005
mlp-vpinn,112.8327088585129,0.2999697245795025,0.2286640576446612,0.3461120633355136
mlp-vpinn,113.03172093874461,0.29992075149364206,0.2285782964493567,0.3460405659368464
mlp-vpinn,113.23073301897632,0.2998608731928546,0.2284987522039516,0.34596905376264403
mlp-vpinn,113.42974509920802,0.2998009814437361,0.22842316182012118,0.3458791841327724
mlp-vpinn,113.62875717943973,0.29974107623643664,0.22834754641344332,0.345786102466183
mlp-vpinn,113.82776925967144,0.29968115756109315,0.22827190595905145,0.3456929957363253
mlp-vpinn,114.02678133990314,0.2996212254078304,0.22819624043203782,0.3455998639229425
mlp-vpinn,114.22579342013485,0.29951349434915764,0.22812054980745333,0.3455067070057508
mlp-vpinn,114.42480550036656,0.29936530279632134,0.22805579785154353,0.345413524964439
mlp-vpinn,114.62381758059826,0.2992170372323137,0.22799758300631434,0.34534084127961073
mlp-vpinn,114.82282966082997,0.29906869754522114,0.2279393532932352,0.3452715190200325
mlp-vpinn,115.02184174106168,0.2989202836228454,0.22788110870090875,0.345202182839408
mlp-vpinn,115.22085382129337,0.29877179535270276,0.227822849217923,0.3451328327293471
mlp-vpinn,115.41986590152509,0.2987645969441248,0.22776457483285145,0.3450634686814512
mlp-vpinn,115.61887798175678,0.2988721176084965,0.22771171188665607,0.34499409068731346
mlp-vpinn,115.81789006198849,0.2989795951286358,0.22766188298818726,0.34491703778235017
mlp-vpinn,116.0169021422202,0.2990870295607142,0.22761204318116093,0.3448387997716437
mlp-vpinn,116.2159142224519,0.2991944209607752,0.22756219245840964,0.34476054400604556
mlp-vpinn,116.41492630268361,0.29930176938473463,0.22751233081275807,0.34468227047346245
mlp-vpinn,116.61393838291532,0.29928592077852106,0.22746245823702305,0.34460397916178764
mlp-vpinn,116.81295046314702,0.2991765079411084,0.22740218495606615,0.3445256700589006
mlp-vpinn,117.01196254337873,0.2990670496715604,0.22733648389400812,0.3444546468805104
mlp-vpinn,117.21097462361044,0.29895754590807355,0.22727076383861675,0.3443846501213825
mlp-vpinn,117.40998670384214,0.2988479965886969,0.22720502477341034,0.34431463913240307
mlp-vpinn,117.60899878407385,0.29873840165133136,0.2271392666818833,0.3442446139048901
mlp-vpinn,117.80801086430556,0.29865081542557037,0.2270734895475062,0.34417457443015276
mlp-vpinn,118.00702294453725,0.29858427860985826,0.22701563643415065,0.3441045206994913
mlp-vpinn,118.20603502476897,0.2985177173861069,0.2269615845803616,0.34402356618369506
mlp-vpinn,118.40504710500066,0.2984511317252089,0.22690751985083,0.3439411648646607
mlp-vpinn,118.60405918523237,0.29838452159799844,0.22685344223634998,0.3438587437992121
mlp-vpinn,118.80307126546408,0.2983178869752512,0.22679935172770477,0.3437763029731466
mlp-vpinn,119.00208334569578,0.2982303305820585,0.22674524831566661,0.34369384237224443
mlp-vpinn,119.20109542592749,0.2981283643504762,0.22668532397141947,0.34361136198226866
mlp-vpinn,119.4001075061592,0.29802636319982445,0.22662282964627942,0.34353999361872783
mlp-vpinn,119.5991195863909,0.2979243270941705,0.2265603180827255,0.34346993656235225
mlp-vpinn,119.79813166662261,0.29782225599751966,0.22649778926648473,0.3433998652136267
mlp-vpinn,119.99714374685432,0.29772014987381556,0.2264352431832644,0.34332977956380023
mlp-vpinn,120.19615582708602,0.2976159568348612,0.22637267981875214,0.3432596796041131
mlp-vpinn,120.39516790731773,0.2975099909828457,0.22630510854302788,0.34318956532579636
mlp-vpinn,120.59417998754944,0.29740398708395277,0.22623548374001154,0.3431162082231698
mlp-vpinn,120.79319206778113,0.297297945096862,0.22616583750310834,0.3430424740190294
mlp-vpinn,120.99220414801285,0.2971918649801775,0.22609616981251096,0.3429687239629107
mlp-vpinn,121.19121622824454,0.29708574669242765,0.22602648064838152,0.34289495804458553
mlp-vpinn,121.39022830847625,0.2970089472575488,0.2259567699908515,0.34282117625381436
mlp-vpinn,121.58924038870796,0.29694940029111816,0.22589546294779825,0.34274737858034693
mlp-vpinn,121.78825246893966,0.2968898323873299,0.2258372767864808,0.3426663957653163
mlp-vpinn,121.98726454917137,0.29683024352277376,0.22577907562984434,0.34258466772004265
mlp-vpinn,122.18627662940308,0.29677063367399564,0.22572085946628948,0.34250292017282374
mlp-vpinn,122.38528870963478,0.2967110028174977,0.22566262828420183,0.34242115310969234
mlp-vpinn,122.58430078986649,0.29664708111946125,0.22560438207195196,0.34233936651666425
mlp-vpinn,122.7833128700982,0.29658147014983394,0.22554330968571468,0.3422575603797389
mlp-vpinn,122.9823249503299,0.2965158410834907,0.22548126637503998,0.34219442806315065
mlp-vpinn,123.18133703056161,0.2964501939036619,0.22541920598786008,0.34213295761373747
mlp-vpinn,123.38034911079332,0.29638452859355036,0.225357128510067,0.3420714761180478
mlp-vpinn,123.57936119102501,0.29631884513633217,0.22529503392753336,0.3420099835701245
mlp-vpinn,123.77837327125673,0.29619938595103523,0.22523292222611233,0.34194847996400496
mlp-vpinn,123.97738535148842,0.29605499478607883,0.22518037433357016,0.34188696529372126
mlp-vpinn,124.17639743172013,0.2959105282362181,0.22513076743495153,0.34181114270244367
mlp-vpinn,124.37540951195184,0.2957659861765184,0.22508114960319017,0.3417341394758214
mlp-vpinn,124.57442159218354,0.2956213684816853,0.2250315208310541,0.3416571188940895
mlp-vpinn,124.77343367241525,0.295476675026063,0.22498188111130324,0.34158008094550807
mlp-vpinn,124.97244575264696,0.2954351602145821,0.22493223043668958,0.3415030256183241
mlp-vpinn,125.17145783287866,0.29543574763358676,0.2248761861972328,0.34142595290077105
mlp-vpinn,125.37046991311037,0.29543630589556386,0.2248183435552701,0.34135334298526065
mlp-vpinn,125.56948199334208,0.2954368350011156,0.22476048602736737,0.34128103860747455
mlp-vpinn,125.76849407357378,0.295437334950801,0.22470261360202587,0.34120871890791427
mlp-vpinn,125.96750615380549,0.295437805745136,0.2246447262677321,0.34113638387683537
mlp-vpinn,126.1665182340372,0.2953582815468389,0.22458682401295765,0.341064033504483
mlp-vpinn,126.3655303142689,0.2952502624702149,0.22453644095307937,0.340991667781092
mlp-vpinn,126.5645423945006,0.29514220384179746,0.22448796148642963,0.34092012222976315
mlp-vpinn,126.7635544747323,0.2950341056180885,0.22443947154809854,0.3408486143557601
mlp-vpinn,126.96256655496401,0.2949259677555105,0.2243909711312974,0.3407770914767111
mlp-vpinn,127.16157863519572,0.29481779021040566,0.2243424602292303,0.34070555358316623
mlp-vpinn,127.36059071542742,0.2947446543759718,0.2242939388350938,0.3406340006656658
mlp-vpinn,127.55960279565913,0.2946822458156237,0.22423839227002196,0.34056243271474
mlp-vpinn,127.75861487589084,0.2946198194767811,0.22418122761833756,0.3404794165207069
mlp-vpinn,127.95762695612254,0.29455737534234255,0.22412404838634675,0.3403957436332363
mlp-vpinn,128.15663903635425,0.29449491339517797,0.2240668545628874,0.3403120501730241
mlp-vpinn,128.35565111658596,0.2944324336181288,0.22400964613678306,0.34022833612488806
mlp-vpinn,128.55466319681767,0.2943651668998163,0.22395242309684302,0.3401446014736273
mlp-vpinn,128.75367527704935,0.29429705047298427,0.2238952514724215,0.34006084620402227
mlp-vpinn,128.9526873572811,0.29422891667944423,0.2238380787157629,0.33999660185487224
mlp-vpinn,129.15169943751278,0.2941607655049078,0.22378089135229862,0.3399332688608414
mlp-vpinn,129.3507115177445,0.2940925969350656,0.22372368937082743,0.3398699240650364
mlp-vpinn,129.5497235979762,0.2940244109555884,0.22366647276013382,0.3398065674608573
mlp-vpinn,129.7487356782079,0.293931228961567,0.22360924150898795,0.33974319904169786
mlp-vpinn,129.9477477584396,0.2938327915997584,0.22356074986069074,0.33967981880094567
mlp-vpinn,130.1467598386713,0.2937343206619942,0.22351383616706577,0.33961000635356864
mlp-vpinn,130.345771918903,0.2936358161133127,0.22346691262457963,0.3395399496056697
mlp-vpinn,130.54478399913472,0.29353727791869055,0.22341997922702683,0.33946987840008797
mlp-vpinn,130.74379607936643,0.29343870604304256,0.22337303596819535,0.3393997927278688
mlp-vpinn,130.94280815959812,0.29332819631754564,0.22332608284186664,0.3393296925800483
mlp-vpinn,131.14182023982983,0.2932148568969106,0.22325988865306395,0.3392595779476534
mlp-vpinn,131.34083232006154,0.29310147316419344,0.2231906237684594,0.33918996076994373
mlp-vpinn,131.53984440029325,0.29298804506682197,0.22312133738154555,0.339120342633526
mlp-vpinn,131.73885648052496,0.2928745725521192,0.2230520294722847,0.33905071020224126
mlp-vpinn,131.93786856075667,0.2927610555673025,0.22298270002060797,0.33898106346728024
mlp-vpinn,132.13688064098835,0.2927701485848445,0.22291334900641532,0.3389114024198247
mlp-vpinn,132.33589272122006,0.2927986233375721,0.22286900883746757,0.33884172705104737
mlp-vpinn,132.53490480145177,0.2928270714534665,0.22282813098123477,0.3387700960489531
mlp-vpinn,132.73391688168348,0.29285549295417546,0.2227872456245766,0.3386984181055463
mlp-vpinn,132.9329289619152,0.29288388786129693,0.222746352763363,0.3386267249898951
mlp-vpinn,133.1319410421469,0.29291225619637945,0.22270545239345996,0.3385550166923607
mlp-vpinn,133.3309531223786,0.29280619450338763,0.2226645445107298,0.33848329320329423
mlp-vpinn,133.5299652026103,0.29268342745462245,0.22260669925313128,0.33841155451303645
mlp-vpinn,133.728977282842,0.2925606083956556,0.22254678273276204,0.33834270735795585
mlp-vpinn,133.92798936307372,0.292437737259712,0.2224868500766559,0.33827387033469586
mlp-vpinn,134.12700144330543,0.29231481397987236,0.22242690127176953,0.33820501930059804
mlp-vpinn,134.3260135235371,0.2921918384890726,0.22236693630504217,0.3381361542471038
mlp-vpinn,134.52502560376882,0.2920966786693244,0.22230695516339527,0.3380672751656458
mlp-vpinn,134.72403768400054,0.2920058492465204,0.2222640816154477,0.33799838134472115
mlp-vpinn,134.92304976423225,0.29191498706858143,0.22222291815929182,0.33792906267964806
mlp-vpinn,135.12206184446396,0.29182409209651383,0.22218174707681146,0.3378597297924679
mlp-vpinn,135.32107392469567,0.2917331642912426,0.2221405683637663,0.3377903826744234
mlp-vpinn,135.52008600492735,0.29164220361361115,0.2220993820159121,0.33772102131674797
mlp-vpinn,135.71909808515906,0.29159477039235604,0.22205818802900057,0.33765164571066625
mlp-vpinn,135.91811016539077,0.2915485282498964,0.22201982365183293,0.3375822236273913
mlp-vpinn,136.11712224562248,0.29150227504153936,0.22198167782386694,0.3375098339394143
mlp-vpinn,136.3161343258542,0.29145601075846106,0.22194352543970983,0.33743742872184174
mlp-vpinn,136.51514640608588,0.2914097353918256,0.22190536649597997,0.33736500796467467
mlp-vpinn,136.7141584863176,0.291363448932785,0.2218672009892928,0.33729257165790355
mlp-vpinn,136.9131705665493,0.29130785875331955,0.22182902891626088,0.33722011979150796
mlp-vpinn,137.112182646781,0.29125219428133065,0.22177438766794005,0.33714777343347696
mlp-vpinn,137.31119472701272,0.2911965177845984,0.22171875196331126,0.33708105131669436
mlp-vpinn,137.51020680724443,0.2911408292546346,0.2216631022945563,0.3370143159902628
mlp-vpinn,137.7092188874761,0.2910851286829403,0.2216074386511552,0.33694756744633364
mlp-vpinn,137.90823096770782,0.29102960008533746,0.2215517610225748,0.33688080567705003
mlp-vpinn,138.10724304793953,0.2910181165408341,0.2214960693982687,0.3368140306745477
mlp-vpinn,138.30625512817124,0.29100705185044906,0.22144431931536918,0.33674700621541065
mlp-vpinn,138.50526720840296,0.29099597743093764,0.22139272659756623,0.3366724692854659
mlp-vpinn,138.70427928863467,0.2909848932790421,0.22134112185394345,0.3365979158499116
mlp-vpinn,138.90329136886635,0.2909737993914987,0.22128950507608752,0.3365233458977778
mlp-vpinn,139.10230344909806,0.2909623417144297,0.2212378762555754,0.3364487594180823
mlp-vpinn,139.30131552932977,0.2909265186774642,0.22118623538397414,0.33637415639983076
mlp-vpinn,139.50032760956148,0.29089014460869655,0.2211435672449513,0.3363000302444683
mlp-vpinn,139.6993396897932,0.29085375593897367,0.2211011315300999,0.33623749238759604
mlp-vpinn,139.89835177002487,0.29081735265522957,0.22105868766904135,0.33617494289694927
mlp-vpinn,140.09736385025658,0.29078093474437783,0.2210162356570825,0.336112381766033
mlp-vpinn,140.2963759304883,0.2907351383400727,0.2209737754895256,0.3360498089883461
mlp-vpinn,140.49538801072,0.2905463581891301,0.22093130716166848,0.3359872245573815
mlp-vpinn,140.69440009095172,0.2903576016254823,0.2208795129743149,0.3359240257104121
mlp-vpinn,140.89341217118343,0.2901686608341804,0.2208275656485158,0.33584902872507
mlp-vpinn,141.0924242514151,0.2899795352149869,0.2207756060997876,0.3357740149887364
mlp-vpinn,141.29143633164682,0.2897902241643332,0.22072363431949824,0.33569898449018204
mlp-vpinn,141.49044841187853,0.2896196612557146,0.22067165029900554,0.335623937218165
mlp-vpinn,141.68946049211024,0.28966017150952816,0.2206196540296571,0.33554887316143095
mlp-vpinn,141.88847257234195,0.2897006403854399,0.22056992188023045,0.33547442027305613
mlp-vpinn,142.08748465257364,0.2897410679305815,0.22052020259961483,0.3354098837705209
mlp-vpinn,142.28649673280535,0.2897814541919548,0.22047047210658252,0.335345334848072
mlp-vpinn,142.48550881303706,0.2898217992164321,0.2204207303935444,0.33528077349853624
mlp-vpinn,142.68452089326877,0.28984365793142075,0.22037097745290282,0.3352161997147333
mlp-vpinn,142.88353297350048,0.28970684608971775,0.22032119657813118,0.33515161348947614
mlp-vpinn,143.0825450537322,0.28956995793733364,0.22026854760921294,0.3350869662164317
mlp-vpinn,143.28155713396387,0.28943299333287464,0.22021588605303818,0.33502165341421225
mlp-vpinn,143.48056921419558,0.28929595213448733,0.2201632119005745,0.33495632787671453
mlp-vpinn,143.6795812944273,0.2891588341998568,0.2201105251427788,0.3348909895964859
mlp-vpinn,143.878593374659,0.2890362078124076,0.22005782577059702,0.3348256385660664
mlp-vpinn,144.07760545489072,0.2890126410359466,0.2200054864915575,0.3347602747779889
mlp-vpinn,144.27661753512243,0.2889890684493349,0.2199709074292262,0.33469475133362037
mlp-vpinn,144.4756296153541,0.28896549004924105,0.21993632293026888,0.33462750805869335
mlp-vpinn,144.67464169558582,0.28894190583233037,0.21990173299212046,0.3345602512685387
mlp-vpinn,144.87365377581753,0.2889183157952647,0.21986713761221377,0.33449298095500396
mlp-vpinn,145.07266585604924,0.28889556944002137,0.21983253678797973,0.3344256971099283
mlp-vpinn,145.27167793628095,0.28887827553842155,0.21979778220705137,0.33435839972514286
mlp-vpinn,145.47069001651263,0.28886097628621255,0.219759124255497,0.3342919458823034
mlp-vpinn,145.66970209674434,0.28884367168087294,0.21972045950240401,0.334234238278278
mlp-vpinn,145.86871417697606,0.28882636171987885,0.21968178794418108,0.3341765207089578
mlp-vpinn,146.06772625720777,0.28880904640070393,0.2196431095772338,0.3341187931691786
mlp-vpinn,146.26673833743948,0.28878057738115226,0.21960442439796454,0.3340610556537714
mlp-vpinn,146.4657504176712,0.2886991819897282,0.21956500993156183,0.334003308157563
mlp-vpinn,146.66476249790287,0.288617763547416,0.2195139819621206,0.33394473645244804
mlp-vpinn,146.86377457813458,0.28853632203453977,0.2194629421280175,0.333878709045931
mlp-vpinn,147.0627866583663,0.28845485743139565,0.2194118904209727,0.3338126685793394
mlp-vpinn,147.261798738598,0.28837336971825145,0.21936082683269656,0.3337466150449204
mlp-vpinn,147.4608108188297,0.28829550980581686,0.21930975135488995,0.3336805484349136
mlp-vpinn,147.6598228990614,0.28823976434521115,0.21925998067476526,0.3336144687415508
mlp-vpinn,147.8588349792931,0.2881840053780642,0.21923035897089707,0.3335487807669294
mlp-vpinn,148.05784705952482,0.2881282328933761,0.21920073326409822,0.3334864711901267
mlp-vpinn,148.25685913975653,0.288072446880131,0.2191711035527455,0.3334241499690466
mlp-vpinn,148.45587121998824,0.2880166473272978,0.21914146983521451,0.33336181709715856
mlp-vpinn,148.65488330021995,0.2879633304677509,0.21911183210987986,0.33329947256792575
mlp-vpinn,148.85389538045163,0.28791334525375734,0.21908118632048085,0.3332371163748054
mlp-vpinn,149.05290746068334,0.2878633509334579,0.21903468809495186,0.33317521480821644
mlp-vpinn,149.25191954091505,0.2878133475016619,0.21898817999635609,0.3331168899348822
mlp-vpinn,149.45093162114676,0.28776333495317363,0.21894166201840173,0.33307723539741035
mlp-vpinn,149.64994370137848,0.28771331328279226,0.21889513415479037,0.3330496355072197
mlp-vpinn,149.8489557816102,0.28766358744406917,0.21884859639921678,0.3330220333296311
mlp-vpinn,150.04796786184187,0.2876146908349837,0.2188027924059383,0.33299442886407565
mlp-vpinn,150.24697994207358,0.287565785359112,0.21876908050896007,0.332974502575595
mlp-vpinn,150.4459920223053,0.2875168710113647,0.21873536341624228,0.3329839869634211
mlp-vpinn,150.645004102537,0.2874679477866475,0.21870164112538182,0.3329934710811109
mlp-vpinn,150.8440161827687,0.287419015679861,0.2186679136339738,0.3330029549286875
mlp-vpinn,151.0430282630004,0.2873725405892643,0.21863418093961143,0.333012438506174
mlp-vpinn,151.2420403432321,0.28733520495012,0.21860023308002388,0.33302192181359347
mlp-vpinn,151.44105242346382,0.28729786445859007,0.21856299671761076,0.33302541125324964
mlp-vpinn,151.64006450369553,0.2872605191127817,0.21852575401019417,0.3330071314307541
mlp-vpinn,151.83907658392724,0.28722316891080124,0.21848850495452948,0.3329888506047658
mlp-vpinn,152.03808866415895,0.2871858138507536,0.2184512495473693,0.33297056877511944
mlp-vpinn,152.23710074439063,0.28714492445421835,0.21841398778546348,0.33295228594164966
mlp-vpinn,152.43611282462234,0.2870908813446041,0.2183757173874954,0.33293400210419116
mlp-vpinn,152.63512490485405,0.2870368245904083,0.21832543756868367,0.33291644403974413
mlp-vpinn,152.83413698508576,0.2869827541799899,0.21827514616788396,0.3329014089788176
mlp-vpinn,153.03314906531747,0.28692867010169076,0.21822484317708887,0.33288637323882136
mlp-vpinn,153.23216114554916,0.2868745723438353,0.21817452858828174,0.33287133681966335
mlp-vpinn,153.43117322578087,0.2868227095901751,0.2181242023934366,0.3328562997212516
mlp-vpinn,153.63018530601258,0.2867792273648772,0.21807709023666388,0.33284126194349395
mlp-vpinn,153.8291973862443,0.2867357385351565,0.21805964134685146,0.33283304026653043
mlp-vpinn,154.028209466476,0.2866922430979978,0.2180421910606866,0.3328475448534533
mlp-vpinn,154.2272215467077,0.28664874105038385,0.21802473937783393,0.3328620488083335
mlp-vpinn,154.4262336269394,0.2866052323892948,0.2180072862979581,0.3328765521312535
mlp-vpinn,154.6252457071711,0.2865624373042377,0.2179898318207235,0.33289105482229603
mlp-vpinn,154.82425778740281,0.2865236779455901,0.2179710135683163,0.3329055568815436
mlp-vpinn,155.02326986763453,0.28648491119423286,0.21794019010845436,0.3329141372758274
mlp-vpinn,155.22228194786624,0.2864461370454231,0.2179093622885885,0.3329038530729903
mlp-vpinn,155.42129402809792,0.2864073554944128,0.21787853010686806,0.3328935685524395
mlp-vpinn,155.62030610832963,0.2863685665364487,0.21784769356144099,0.33288328371414566
mlp-vpinn,155.81931818856134,0.2863340580046563,0.217816852650454,0.3328729985580793
mlp-vpinn,156.01833026879305,0.28630265674862687,0.2177829404157108,0.3328627130842109
mlp-vpinn,156.21734234902476,0.286271248984199,0.21772292298542106,0.3328581646290512
mlp-vpinn,156.41635442925647,0.2862398347072054,0.21766288900618347,0.3328713326581305
mlp-vpinn,156.61536650948815,0.28620841391347485,0.21760283846430106,0.33288450016631743
mlp-vpinn,156.81437858971987,0.2861769865988314,0.21754277134605793,0.33289766715367386
mlp-vpinn,157.01339066995158,0.2861346621799269,0.21748268763771933,0.33291083362026147
mlp-vpinn,157.2124027501833,0.2860783177075869,0.21742663718432845,0.3329239995661422
mlp-vpinn,157.411414830415,0.28602196082538867,0.21740300300082485,0.33292240308812815
mlp-vpinn,157.6104269106467,0.2859655915244469,0.21737936624773688,0.3328775545228168
mlp-vpinn,157.8094389908784,0.28590920979586537,0.21735572692422622,0.3328326999142478
mlp-vpinn,158.0084510711101,0.2858528156307366,0.2173320850294541,0.3327878392599774
mlp-vpinn,158.2074631513418,0.28582523843916974,0.2173084405625813,0.3327429725575604
mlp-vpinn,158.40647523157352,0.28583423963140775,0.2172833454805017,0.3326980998045499
mlp-vpinn,158.60548731180523,0.285843228929449,0.21724737667216654,0.33266613335196926
mlp-vpinn,158.80449939203692,0.2858522063365502,0.2172114019076286,0.33266977747809
mlp-vpinn,159.00351147226863,0.28586117185595983,0.217175421183928,0.33267342156429275
mlp-vpinn,159.20252355250034,0.2858701254909183,0.2171394344981023,0.33267706561057886
mlp-vpinn,159.40153563273205,0.28582475778156097,0.21710344184718677,0.33268070961694957
mlp-vpinn,159.60054771296376,0.2857152042489997,0.21706625532615173,0.3326843535834062
mlp-vpinn,159.79955979319547,0.28560559897532783,0.21702167656284482,0.33268492514932857
mlp-vpinn,159.99857187342715,0.2854959418785942,0.2169770886406626,0.33267734939960725
mlp-vpinn,160.19758395365886,0.2853862328766207,0.21693249155395758,0.33266977347736654
mlp-vpinn,160.39659603389057,0.28527647188700167,0.21688788529707648,0.33266219738259467
mlp-vpinn,160.59560811412229,0.28521083038984396,0.21684326986436014,0.3326546211152798
mlp-vpinn,160.794620194354,0.285194370403243,0.21680092504694562,0.3326470446754103
mlp-vpinn,160.99363227458568,0.28517790938552173,0.21677117246227448,0.3326417058658088
mlp-vpinn,161.1926443548174,0.2851614473364735,0.21674141579339873,0.33264199371239794
mlp-vpinn,161.3916564350491,0.2851449842558914,0.216711655038636,0.332642281558738
mlp-vpinn,161.5906685152808,0.2851285201435688,0.21668189019630268,0.33264256940482895
mlp-vpinn,161.78968059551252,0.28509509797520327,0.2166521212647141,0.3326428572506708
mlp-vpinn,161.98869267574423,0.2850421472210357,0.21662149760208613,0.3326431450962636
mlp-vpinn,162.18770475597591,0.28498918552377356,0.21658645330274315,0.33263755174478526
mlp-vpinn,162.38671683620763,0.2849362128760802,0.216551403332216,0.33261776260048065
mlp-vpinn,162.58572891643934,0.2848832292706106,0.21651634768775044,0.3325979722787478
mlp-vpinn,162.78474099667105,0.2848302347000111,0.21648128636659006,0.3325781807793766
mlp-vpinn,162.98375307690276,0.2847778701795882,0.21644621936597624,0.33255838810215677
mlp-vpinn,163.18276515713447,0.28472980209688953,0.21641228953989597,0.3325385942468779
mlp-vpinn,163.38177723736615,0.28468172106714484,0.2163836744150079,0.3325149183316104
mlp-vpinn,163.58078931759786,0.2846336270789097,0.21635505550548273,0.33248231152460744
mlp-vpinn,163.77980139782957,0.28458552012072247,0.21632643280981842,0.33244970151951503
mlp-vpinn,163.97881347806128,0.2845374001811042,0.2162978063265119,0.33241708831539213
mlp-vpinn,164.177825558293,0.2844895240562734,0.21626917605405915,0.33238447191129694
mlp-vpinn,164.37683763852468,0.28443974188326293,0.21624204809591388,0.33235185230628744
mlp-vpinn,164.5758497187564,0.2843899509297855,0.21622119099405399,0.3323251745275082
mlp-vpinn,164.7748617989881,0.28434015119115896,0.21620033188008478,0.3323117840047693
mlp-vpinn,164.9738738792198,0.2842903426626968,0.21617947075342384,0.3322983929424367
mlp-vpinn,165.17288595945152,0.28424052533970867,0.21615860761348846,0.33228500134044525
mlp-vpinn,165.37189803968323,0.2841932823441422,0.21613774245969558,0.33227160919872967
mlp-vpinn,165.5709101199149,0.28414758000483076,0.21611206086259524,0.3322582165172247
mlp-vpinn,165.76992220014662,0.28410187023934236,0.21606746325946005,0.3322495074914794
mlp-vpinn,165.96893428037833,0.28405615304402043,0.216022856449215,0.3322508265927059
mlp-vpinn,166.16794636061005,0.2840104284152051,0.21597824042615543,0.33225214568869527
mlp-vpinn,166.36695844084176,0.2839646963492336,0.2159336151845707,0.33225346477944767
mlp-vpinn,166.56597052107344,0.2839376427141449,0.21588898071874418,0.33225478386496315
mlp-vpinn,166.76498260130515,0.28392345622601733,0.2158488887280286,0.3322561029452417
mlp-vpinn,166.96399468153686,0.283909267815037,0.21582630738439643,0.3322546390988609
mlp-vpinn,167.16300676176857,0.2838950774805501,0.21580372367788997,0.3322474191758037
mlp-vpinn,167.36201884200028,0.28388088522190197,0.21578113760776726,0.33224019909585006
mlp-vpinn,167.561030922232,0.2838666910384379,0.21575854917328605,0.33223297885898984
mlp-vpinn,167.76004300246368,0.2838423279889989,0.21573595837370368,0.3322257584652128
mlp-vpinn,167.9590550826954,0.28381302305147443,0.2157111033172805,0.3322185379145086
mlp-vpinn,168.1580671629271,0.2837837144239419,0.21567751845555513,0.3322077021303213
mlp-vpinn,168.3570792431588,0.28375440210484715,0.2156439283632493,0.33218972577356276
mlp-vpinn,168.55609132339052,0.28372508609263486,0.21561033303791838,0.3321717484439659
mlp-vpinn,168.75510340362223,0.28369576638574845,0.21557673247711578,0.33215377014137276
mlp-vpinn,168.9541154838539,0.28364724576289063,0.2155431266783931,0.3321357908656254
mlp-vpinn,169.15312756408562,0.28358783696721684,0.2155120901248393,0.3321178106165657
mlp-vpinn,169.35213964431733,0.28352841372033044,0.2154903476880743,0.3321003520032448
mlp-vpinn,169.55115172454904,0.28346897601062593,0.21546860305733045,0.3320838849519974
mlp-vpinn,169.75016380478075,0.28340952382648144,0.21544685623194348,0.33206741708415755
mlp-vpinn,169.94917588501244,0.2833500571562588,0.21542510721124872,0.3320509483996036
mlp-vpinn,170.14818796524415,0.2833214098554398,0.2154033559945812,0.3320344788982141
mlp-vpinn,170.34720004547586,0.283306869051398,0.21537965896208924,0.3320180085798674
mlp-vpinn,170.54621212570757,0.28329232563730944,0.21534942302634721,0.3320083340466474
mlp-vpinn,170.74522420593928,0.28327777961219514,0.2153191828447605,0.3320110446225046
mlp-vpinn,170.944236286171,0.2832632309750753,0.21528893841553998,0.3320137551762324
mlp-vpinn,171.14324836640267,0.28324867972496953,0.21525868973689527,0.3320164657078315
mlp-vpinn,171.34226044663438,0.28321381441084703,0.21522843680703463,0.3320191762173024
mlp-vpinn,171.5412725268661,0.28317113171874475,0.21520069737209002,0.3320218867046457
mlp-vpinn,171.7402846070978,0.283128441725805,0.21518033641818998,0.3320146244141501
mlp-vpinn,171.93929668732952,0.28308574442794165,0.21515997353749833,0.3319899710327524
mlp-vpinn,172.1383087675612,0.2830430398210647,0.21513960872946788,0.3319653158204731
mlp-vpinn,172.3373208477929,0.2830003279010801,0.21511924199355129,0.3319406587769042
mlp-vpinn,172.53633292802462,0.28293247546679406,0.21509887332920094,0.3319159999016375
mlp-vpinn,172.73534500825633,0.282854296538139,0.21507552215158357,0.3318913391942647
mlp-vpinn,172.93435708848804,0.2827760939964331,0.21504365480231244,0.3318724824770877
mlp-vpinn,173.13336916871975,0.28269786781876327,0.21501178272991436,0.33186328844856927
mlp-vpinn,173.33238124895144,0.2826196179821771,0.21497990593228872,0.33185409416532996
mlp-vpinn,173.53139332918315,0.28254134446368373,0.21494802440733318,0.3318448996273486
mlp-vpinn,173.73040540941486,0.2825182047765106,0.21491613815294397,0.331835704834604
mlp-vpinn,173.92941748964657,0.2825145516457378,0.2148884124569162,0.33182650978707506
mlp-vpinn,174.12842956987828,0.2825108983822653,0.21487129091920357,0.3318288032964252
mlp-vpinn,174.32744165011,0.2825072449860814,0.21485416801709079,0.3318486763419619
mlp-vpinn,174.52645373034167,0.28250359145717413,0.21483704375025167,0.3318685481974553
mlp-vpinn,174.72546581057338,0.2824999377955318,0.2148199181183598,0.3318884188631192
mlp-vpinn,174.9244778908051,0.2824924336301665,0.21480279112108874,0.33190828833916725
mlp-vpinn,175.1234899710368,0.28248314472262837,0.2147823611813593,0.3319281566258131
mlp-vpinn,175.32250205126851,0.2824738545262494,0.2147543986492162,0.33192577440184967
mlp-vpinn,175.5215141315002,0.28246456304070744,0.2147264324756807,0.3318927040164874
mlp-vpinn,175.7205262117319,0.28245527026567996,0.2146984626593299,0.3318596303356041
mlp-vpinn,175.91953829196362,0.28244597620084455,0.21467048919873982,0.33182655335821437
mlp-vpinn,176.11855037219533,0.2824086648400534,0.2146425120924857,0.33179347308333235
mlp-vpinn,176.31756245242704,0.2823646084778011,0.21461122223925252,0.3317603895099716
mlp-vpinn,176.51657453265875,0.2823205446259584,0.21457259582513777,0.33174247287732916
mlp-vpinn,176.71558661289043,0.2822764732804426,0.2145339624564139,0.3317446329389588
mlp-vpinn,176.91459869312214,0.2822323944371671,0.21449532212932312,0.3317467929865238
mlp-vpinn,177.11361077335386,0.28218830809204143,0.2144566748401042,0.3317489530200246
mlp-vpinn,177.31262285358557,0.2821840229040988,0.21441802058499249,0.3317511130394614
mlp-vpinn,177.51163493381728,0.28218830862850774,0.21438491003379515,0.3317532730448345
mlp-vpinn,177.71064701404896,0.2821925933002024,0.2143636832177399,0.33173766063399274
mlp-vpinn,177.90965909428067,0.2821968769193195,0.2143424542995453,0.33169956560595976
mlp-vpinn,178.10867117451238,0.2822011594859959,0.2143212232785866,0.33166146620228687
mlp-vpinn,178.3076832547441,0.28220544100036826,0.2142999901542389,0.33162336242146595
mlp-vpinn,178.5066953349758,0.2821954511202679,0.21427875492587686,0.331585254261988
mlp-vpinn,178.7057074152075,0.28218270341222906,0.21425773253605251,0.3315471417223431
mlp-vpinn,178.9047194954392,0.28216995471150974,0.21423715306699234,0.3315358025918902
mlp-vpinn,179.1037315756709,0.282157205017862,0.21421657162089303,0.33155812773809534
mlp-vpinn,179.30274365590262,0.2821444543310379,0.2141959881971847,0.33158045138115955
mlp-vpinn,179.50175573613433,0.28213170265078935,0.21417540279529715,0.33160277352138634
mlp-vpinn,179.70076781636604,0.2820556731111884,0.21415481541465992,0.3316250941590793
mlp-vpinn,179.89977989659775,0.28197064263722327,0.21413012472385182,0.3316474132945417
mlp-vpinn,180.09879197682943,0.2818855819817708,0.2140973002103559,0.3316420119538459
mlp-vpinn,180.29780405706114,0.2818004911092968,0.21406447066356943,0.33160283889557096
mlp-vpinn,180.49681613729285,0.2817153699841938,0.2140316360811763,0.3315636612091396
mlp-vpinn,180.69582821752456,0.28163021857078097,0.21399879646085865,0.33152447889291103
mlp-vpinn,180.89484029775628,0.28161342698113145,0.2139659518002968,0.33148529194524357
mlp-vpinn,181.09385237798796,0.28160428929528475,0.21393554191907418,0.33144610036449434
mlp-vpinn,181.29286445821967,0.28159515124022794,0.21390947461746673,0.3314216634043825
mlp-vpinn,181.49187653845138,0.28158601281591084,0.21388340413887502,0.3314140222502195
mlp-vpinn,181.6908886186831,0.2815768740222834,0.2138573304821372,0.3314063809198763
mlp-vpinn,181.8899006989148,0.28156773485929554,0.21383125364609065,0.33139873941334075
mlp-vpinn,182.0889127791465,0.28150736356221795,0.21380517362957205,0.33139109773060066
mlp-vpinn,182.2879248593782,0.28144275466756274,0.21378298293189693,0.33138345587164375
mlp-vpinn,182.4869369396099,0.28137812841567567,0.21376700368770818,0.33137767037662913
mlp-vpinn,182.68594901984162,0.2813134847911195,0.2137510232489696,0.3313738447674105
mlp-vpinn,182.88496110007333,0.2812488237784333,0.2137350416154133,0.33137001911402597
mlp-vpinn,183.08397318030504,0.28118414536213154,0.2137190587867712,0.33136619341647383
mlp-vpinn,183.28298526053672,0.2812083927322399,0.21370307476277517,0.3313623676747527
mlp-vpinn,183.48199734076843,0.28123654939939824,0.2136864036270601,0.33135854188886094
mlp-vpinn,183.68100942100014,0.28126469734851045,0.21366865515621847,0.3313470399607356
mlp-vpinn,183.88002150123185,0.2812928365857215,0.2136509052109707,0.33132741402480725
mlp-vpinn,184.07903358146356,0.28132096711716914,0.2136331537909492,0.3313077869262821
mlp-vpinn,184.27804566169527,0.2813490889489833,0.21361540089578634,0.3312881586649536
mlp-vpinn,184.47705774192696,0.2812695204473742,0.21359764652511432,0.33126852924061495
mlp-vpinn,184.67606982215867,0.28118809361257524,0.2135715895810145,0.3312488986530595
mlp-vpinn,184.87508190239038,0.28110663834423155,0.21353267498087128,0.33124999158466945
mlp-vpinn,185.0740939826221,0.2810251546091933,0.21349375328756467,0.33127144061573804
mlp-vpinn,185.2731060628538,0.2809436423742433,0.21345482449721453,0.33129288825812325
mlp-vpinn,185.4721181430855,0.28086294843079157,0.21341588860593716,0.3313143345120948
mlp-vpinn,185.6711302233172,0.28083820989293207,0.21337694560984535,0.3313357793779222
mlp-vpinn,185.8701423035489,0.2808150350811237,0.21335073242598235,0.33135722285587504
mlp-vpinn,186.0691543837806,0.2807918563817312,0.21334363057800207,0.33135582414641923
mlp-vpinn,186.26816646401232,0.2807686737928152,0.21333652849360543,0.331333390531426
mlp-vpinn,186.46717854424404,0.2807454873124351,0.21332942617276884,0.3313109553974155
mlp-vpinn,186.66619062447572,0.28072299253883715,0.21332232361546868,0.33128851874407905
mlp-vpinn,186.86520270470743,0.2806967716781021,0.2133152208216813,0.33126608057110796
mlp-vpinn,187.06421478493914,0.28066975059442223,0.2132992076223594,0.33124364087819336
mlp-vpinn,187.26322686517085,0.2806427266776129,0.21327026821954592,0.3312326311191551
mlp-vpinn,187.46223894540256,0.28061569992672175,0.21324132488930875,0.33123137102521344
mlp-vpinn,187.66125102563427,0.28058867034079593,0.21321237763004847,0.331230110926478
mlp-vpinn,187.86026310586595,0.28056400063722864,0.21318342644016458,0.3312288508229488
mlp-vpinn,188.05927518609766,0.2805872511071314,0.21315447131805548,0.3312275907146257
mlp-vpinn,188.25828726632938,0.2806108749322471,0.2131320677356194,0.33122633060150874
mlp-vpinn,188.4572993465611,0.28063449549449254,0.21311811116964802,0.3312063975935299
mlp-vpinn,188.6563114267928,0.2806581127953337,0.2131041536896366,0.33117067382464555
mlp-vpinn,188.85532350702448,0.2806817268362356,0.21309019529540552,0.33113494620178063
mlp-vpinn,189.0543355872562,0.28070053353380797,0.21307623598677505,0.33109921472368753
mlp-vpinn,189.2533476674879,0.2806598651960145,0.21306227576356557,0.3310634793891179
mlp-vpinn,189.4523597477196,0.280619190676006,0.2130473196534285,0.3310277401968229
mlp-vpinn,189.65137182795132,0.2805785099708431,0.2130311694944027,0.3310138245205682
mlp-vpinn,189.85038390818303,0.2805378230775838,0.21301501811092036,0.33101692618515943
mlp-vpinn,190.04939598841472,0.2804971299932838,0.21299886550270292,0.33102002782068796
mlp-vpinn,190.24840806864643,0.28045664962030825,0.21298271166947172,0.33102312942715467
mlp-vpinn,190.44742014887814,0.2804212185770779,0.212966556610948,0.33102623100456036
mlp-vpinn,190.64643222910985,0.28038578244680934,0.21294445409128976,0.3310293325529058
mlp-vpinn,190.84544430934156,0.28035034122711133,0.21291555298492254,0.33101630631830264
mlp-vpinn,191.04445638957327,0.28031489491559064,0.21288664795499343,0.33099170835681335
mlp-vpinn,191.24346846980495,0.28027944350985207,0.212857738999904,0.3309671085671675
mlp-vpinn,191.44248055003666,0.28025253266160527,0.21282882611805476,0.33094250694895727
mlp-vpinn,191.64149263026837,0.2802834358858043,0.2127999093078452,0.330917903501775
mlp-vpinn,191.84050471050008,0.28031433457550625,0.2127806893147202,0.33089329822521263
mlp-vpinn,192.0395167907318,0.2803452287329551,0.2127714784165713,0.33088699128489335
mlp-vpinn,192.23852887096348,0.2803761183603928,0.21276226711966445,0.330892886372247
mlp-vpinn,192.4375409511952,0.28040700346005953,0.21275305542394787,0.3308987813545774
mlp-vpinn,192.6365530314269,0.28042968787299605,0.21274384332936974,0.33090467623189024
mlp-vpinn,192.8355651116586,0.28039860184140286,0.21273463083587826,0.3309105710041911
mlp-vpinn,193.03457719189032,0.2803675114002938,0.21272153172506203,0.33091646567148547
mlp-vpinn,193.23358927212203,0.28033641654756014,0.2127047591236071,0.3309200238354863
mlp-vpinn,193.43260135235371,0.2803053172810914,0.2126879851994627,0.3309221639169054
mlp-vpinn,193.63161343258543,0.2802742135987753,0.2126712099523158,0.3309243039844845
mlp-vpinn,193.83062551281714,0.2802344446712469,0.2126544333818534,0.3309264440382241
mlp-vpinn,194.02963759304885,0.28017154978722336,0.21263765548776228,0.3309285840781243
mlp-vpinn,194.22864967328056,0.2801086310484717,0.21261657040599038,0.3309307241041855
mlp-vpinn,194.42766175351224,0.2800456884258111,0.21259148577879536,0.33090765963009267
mlp-vpinn,194.62667383374395,0.2799827218900009,0.21256639819140283,0.330870820516311
mlp-vpinn,194.82568591397566,0.2799197314117403,0.21254130764276458,0.3308339773004105
mlp-vpinn,195.02469799420737,0.279865122759105,0.21251621413183178,0.33079712998102045
mlp-vpinn,195.22371007443908,0.27983367158409955,0.21249111765755493,0.33076027855676954
mlp-vpinn,195.4227221546708,0.2798022167807589,0.21247255710669877,0.33072342302628555
mlp-vpinn,195.62173423490248,0.2797707583477964,0.21245994653807562,0.3307095580433423
mlp-vpinn,195.8207463151342,0.2797392962839247,0.21244733522090725,0.33070794251924207
mlp-vpinn,196.0197583953659,0.27970783058785575,0.21243472315506032,0.3307063269872499
mlp-vpinn,196.2187704755976,0.2796877283343906,0.21242211034040148,0.3307047114473657
mlp-vpinn,196.41778255582932,0.27970079032910755,0.21240949677679735,0.3307030958995893
mlp-vpinn,196.61679463606103,0.27971384799496535,0.21239236709675546,0.33070148034392055
mlp-vpinn,196.8158067162927,0.27972690133360756,0.2123712468201733,0.3307072716328753
mlp-vpinn,197.01481879652442,0.2797399503466763,0.21235012444297507,0.33071694841884314
mlp-vpinn,197.21383087675613,0.27975299503581214,0.21232899996453386,0.3307266249216763
mlp-vpinn,197.41284295698784,0.27975993201138827,0.2123078733842225,0.3307363011413996
mlp-vpinn,197.61185503721956,0.27974919683008326,0.21228674470141343,0.33074597707803793
mlp-vpinn,197.81086711745124,0.2797384594137462,0.21227218117975463,0.33075565273161606
mlp-vpinn,198.00987919768295,0.27972771976169775,0.2122632465340569,0.3307489523944763
mlp-vpinn,198.20889127791466,0.2797169778732582,0.21225431151226365,0.330734237619621
mlp-vpinn,198.40790335814637,0.27970623374774756,0.2122453761143274,0.33071952219005807
mlp-vpinn,198.60691543837808,0.2796919375453567,0.21223644034020062,0.3307048061057001
mlp-vpinn,198.8059275186098,0.2796811045922535,0.2122275041898358,0.3306900893664596
mlp-vpinn,199.00493959884147,0.27967026617727253,0.2122151390799413,0.3306753719722493
mlp-vpinn,199.20395167907319,0.2796594222986156,0.21219992749060332,0.3306552465092668
mlp-vpinn,199.4029637593049,0.27964857295448253,0.2121847148107417,0.33063254176208734
mlp-vpinn,199.6019758395366,0.2796377181430709,0.2121695010401218,0.3306098354556513
mlp-vpinn,199.80098791976832,0.2796158195210858,0.21215428617850907,0.33058712758963754
mlp-vpinn,200.0,0.27956437125065303,0.2121390702256687,0.3305644181637245
