plot-name,time,median,low,high
mlp-fosls,0.549372673034668,0.7052447574506071,0.609584527795664,0.8208556420704349
mlp-fosls,0.7490229506392379,0.6552602383037847,0.5829244245580352,0.7538104835070261
mlp-fosls,0.9486732282438077,0.6044062226092272,0.5548838415577682,0.6797488097159597
mlp-fosls,1.1483235058483778,0.5606294932228807,0.5307211473443191,0.6110151850271387
mlp-fosls,1.3479737834529475,0.549513258501733,0.5221460012028339,0.588071800045504
mlp-fosls,1.5476240610575176,0.5383913067320445,0.5048840665142627,0.5683785976366813
mlp-fosls,1.7472743386620875,0.5288744486503263,0.48627056919913936,0.5536218474736214
mlp-fosls,1.9469246162666574,0.5213700533703067,0.46606034126391604,0.5451001590933144
mlp-fosls,2.146574893871227,0.5137546038958383,0.44493304769237,0.5364431161707712
mlp-fosls,2.346225171475797,0.5057778837661895,0.421697318667933,0.5298623616417041
mlp-fosls,2.5458754490803672,0.49804230141645867,0.3966544465334257,0.5241615787115869
mlp-fosls,2.745525726684937,0.4904940992004546,0.36992008777268687,0.5183981085134496
mlp-fosls,2.945176004289507,0.47901971380219177,0.3520137903135699,0.5132158795897356
mlp-fosls,3.1448262818940766,0.46708176847514293,0.33371498946787626,0.5080261661348348
mlp-fosls,3.3444765594986468,0.4532486134860654,0.3152608810672572,0.5024858676145222
mlp-fosls,3.5441268371032164,0.4308686659538466,0.29974278897242107,0.4954184704363151
mlp-fosls,3.7437771147077865,0.4068880651817536,0.2833761739289798,0.488248783456341
mlp-fosls,3.9434273923123566,0.38432251465491163,0.26907246044663985,0.47833930910395417
mlp-fosls,4.143077669916926,0.36299403707450806,0.25822758905895754,0.464253374854281
mlp-fosls,4.342727947521496,0.3369516481305075,0.24690683775787803,0.4517753961917384
mlp-fosls,4.5423782251260665,0.3166326940147715,0.23776136432459916,0.43907527040364375
mlp-fosls,4.742028502730636,0.29943705635508866,0.22964615166988184,0.4244159208268297
mlp-fosls,4.941678780335206,0.28119154270295355,0.2212334594677712,0.40923178593865206
mlp-fosls,5.1413290579397755,0.26801044248137673,0.21419946586518135,0.39069476217281374
mlp-fosls,5.340979335544346,0.2548265497563899,0.20710795201808505,0.37093505634747004
mlp-fosls,5.540629613148916,0.24173071800723256,0.20014856113077836,0.35102775138968106
mlp-fosls,5.740279890753485,0.233000977542538,0.19525640574313283,0.33584731797707734
mlp-fosls,5.939930168358056,0.22392170994183078,0.19023848570868326,0.31994743277466137
mlp-fosls,6.1395804459626255,0.21548360188208066,0.1854348270774035,0.30454476863038504
mlp-fosls,6.339230723567195,0.2086323369709332,0.1810773963692892,0.2905486361678012
mlp-fosls,6.538881001171765,0.2015463298336641,0.17661249066398113,0.2758432595837786
mlp-fosls,6.738531278776335,0.19511221466898693,0.17303591257959952,0.26410057438344386
mlp-fosls,6.938181556380905,0.18915055793018287,0.16999876576701972,0.254181371590354
mlp-fosls,7.137831833985475,0.18314390768810868,0.16690636201884357,0.24385902882083785
mlp-fosls,7.337482111590045,0.1779799573721172,0.16355068169713413,0.23455855350769456
mlp-fosls,7.537132389194615,0.17281852326328773,0.160091511880197,0.22511860341015455
mlp-fosls,7.736782666799185,0.16831222101357118,0.15669782152010273,0.21572723530848062
mlp-fosls,7.936432944403754,0.16463882956255016,0.1545045255298515,0.21016368871544297
mlp-fosls,8.136083222008324,0.16144195820466964,0.15227964259632043,0.2057842562846284
mlp-fosls,8.335733499612894,0.15818523212759045,0.14995847354289946,0.20134383857654123
mlp-fosls,8.535383777217465,0.1550572030016687,0.1474760438624031,0.19568758683612483
mlp-fosls,8.735034054822034,0.1518647449740585,0.14495110637485462,0.18986290303994488
mlp-fosls,8.934684332426604,0.14850092070188342,0.14239755271461627,0.184970858627917
mlp-fosls,9.134334610031175,0.14496272989440556,0.13980929332720468,0.18070535623645995
mlp-fosls,9.333984887635744,0.141522680747084,0.13717220557457263,0.17633670350651034
mlp-fosls,9.533635165240314,0.13905991170883517,0.13529398244446145,0.17430679069261779
mlp-fosls,9.733285442844883,0.13680142293016545,0.1335713915371505,0.17271696746380816
mlp-fosls,9.932935720449453,0.13467843658348738,0.13182586167847749,0.1709182051408623
mlp-fosls,10.132585998054024,0.13348541404746897,0.13004963281368848,0.16686894807504332
mlp-fosls,10.332236275658593,0.1324803187191828,0.1282488057748583,0.16271895653171184
mlp-fosls,10.531886553263163,0.13154875329496155,0.12657636291901284,0.1590603295740905
mlp-fosls,10.731536830867734,0.1298581062899214,0.12525280251503484,0.1566029257473119
mlp-fosls,10.931187108472303,0.12842760392896083,0.12348763315290553,0.15410634075539492
mlp-fosls,11.130837386076873,0.1266786837899604,0.12150154100012689,0.15142396983796477
mlp-fosls,11.330487663681444,0.1245884184077527,0.12010778395050094,0.14857853495934706
mlp-fosls,11.530137941286013,0.12292109404778839,0.11869766242683513,0.14567753244698708
mlp-fosls,11.729788218890583,0.12141427439195598,0.11764671540991141,0.14466561231039618
mlp-fosls,11.929438496495154,0.1200866265402917,0.11674465450969175,0.1441249008086003
mlp-fosls,12.129088774099722,0.11895037222307106,0.11583556909012835,0.14351369957695478
mlp-fosls,12.328739051704293,0.11732216043831742,0.11493416607110243,0.14137064794211762
mlp-fosls,12.528389329308862,0.11567341053168827,0.1140265781471147,0.13919460561704217
mlp-fosls,12.728039606913432,0.11435827085589473,0.11310271816519268,0.1369307649290924
mlp-fosls,12.927689884518003,0.11348757116554825,0.1121290623504331,0.13455733797491254
mlp-fosls,13.127340162122572,0.11292275350142592,0.11114687755766971,0.13244231270701068
mlp-fosls,13.326990439727142,0.11221589087804422,0.11015483708272125,0.13068474851315057
mlp-fosls,13.526640717331713,0.11150902809487465,0.10915220208473213,0.13001274163044169
mlp-fosls,13.726290994936281,0.11141023899091837,0.10814027144025276,0.12949070105921756
mlp-fosls,13.925941272540852,0.11026252354160106,0.10702420955846437,0.1276758562746563
mlp-fosls,14.125591550145423,0.10884496441863377,0.1057231823935604,0.12542629983953404
mlp-fosls,14.325241827749991,0.10774150572037242,0.1044059440799708,0.12368258402725657
mlp-fosls,14.524892105354562,0.10678966968117433,0.10383383726365274,0.1226549859778401
mlp-fosls,14.72454238295913,0.1059194074545935,0.10267885450655477,0.12164520532630659
mlp-fosls,14.924192660563701,0.10585234848110511,0.10156882413167959,0.12066292283075915
mlp-fosls,15.123842938168272,0.10447181665678999,0.1008776077477005,0.11983242343615645
mlp-fosls,15.32349321577284,0.1038383254512321,0.10018162233816037,0.11899612795004239
mlp-fosls,15.523143493377411,0.10335794763591385,0.09949013145458398,0.11810541134656541
mlp-fosls,15.722793770981982,0.10293361588980068,0.0987636572009545,0.11714158746511587
mlp-fosls,15.92244404858655,0.10250445839974723,0.09787434104525257,0.11616976731642946
mlp-fosls,16.12209432619112,0.10155822009052212,0.0972850893354688,0.11519010745640887
mlp-fosls,16.321744603795693,0.10031386333182321,0.09695920831697975,0.1142022284825806
mlp-fosls,16.521394881400262,0.10017611949662351,0.09663222830867975,0.11320572920553126
mlp-fosls,16.72104515900483,0.09948020383463019,0.09625686164442149,0.11218241331883176
mlp-fosls,16.9206954366094,0.09873020939191192,0.09586588355530799,0.11114766647585518
mlp-fosls,17.120345714213972,0.09818351175472033,0.09547487852220164,0.11016979911273843
mlp-fosls,17.31999599181854,0.09916341926668379,0.09542534306356393,0.10960338033129387
mlp-fosls,17.51964626942311,0.10025055044940645,0.09537578187762645,0.11080245746919412
mlp-fosls,17.71929654702768,0.10032781125371841,0.09508873888940081,0.1105444541680185
mlp-fosls,17.91894682463225,0.0989126552532511,0.09403790730509244,0.1083980073760358
mlp-fosls,18.11859710223682,0.09747417019944285,0.09297519968822693,0.10678721870815519
mlp-fosls,18.31824737984139,0.09638379588890465,0.09239076585297976,0.10665511298503778
mlp-fosls,18.51789765744596,0.09569703490156545,0.0923505971468899,0.10695810815739598
mlp-fosls,18.71754793505053,0.09522702182984316,0.09190459654094607,0.10726024741425527
mlp-fosls,18.917198212655098,0.09490691300959932,0.09204927273133537,0.10629303799853557
mlp-fosls,19.11684849025967,0.09491441918897164,0.09169518692944818,0.10507884296376865
mlp-fosls,19.31649876786424,0.09481165309025844,0.09133972849579274,0.10388714120461626
mlp-fosls,19.516149045468808,0.09405385842671685,0.09075458407027172,0.103444627539777
mlp-fosls,19.71579932307338,0.09387384390004662,0.09015099442500218,0.10305521135758465
mlp-fosls,19.91544960067795,0.0936256777715636,0.08960573440462018,0.10267455677519075
mlp-fosls,20.115099878282518,0.09292231931724668,0.0893552833721978,0.1033695738185487
mlp-fosls,20.31475015588709,0.09221291028777218,0.08910412838280951,0.10457503410867781
mlp-fosls,20.51440043349166,0.09154466406249964,0.08876323627652212,0.10422886881645725
mlp-fosls,20.714050711096228,0.09111051001332429,0.08829097368704582,0.10265680178961883
mlp-fosls,20.9137009887008,0.09093530227827722,0.08781617137481877,0.1010602830620809
mlp-fosls,21.11335126630537,0.09073657837078544,0.08750484528881962,0.09989190069799088
mlp-fosls,21.313001543909937,0.09054516753093164,0.08728522022411665,0.09882492748177166
mlp-fosls,21.51265182151451,0.09049666320575983,0.08706504114812573,0.09847164717282364
mlp-fosls,21.71230209911908,0.0903635173621787,0.08690774536064744,0.09827491585145805
mlp-fosls,21.911952376723647,0.09023004470535625,0.08675914206708721,0.09862643104402553
mlp-fosls,22.11160265432822,0.09028921723444198,0.08657250406149244,0.0987504654882039
mlp-fosls,22.31125293193279,0.09115459401338086,0.08607975759222615,0.09811963703046724
mlp-fosls,22.510903209537357,0.09165999875990757,0.08558417420759346,0.09748472653623398
mlp-fosls,22.71055348714193,0.09128209497208668,0.08539819724512955,0.09686603511998182
mlp-fosls,22.910203764746498,0.09011957417252461,0.08580427054129247,0.0962628393132419
mlp-fosls,23.109854042351067,0.08969952626437153,0.08620843110466962,0.09565583989191932
mlp-fosls,23.30950431995564,0.08955282436302883,0.08584332979402563,0.09567232313646605
mlp-fosls,23.509154597560208,0.08940201680631768,0.08491050068138256,0.09591277634196269
mlp-fosls,23.708804875164777,0.08978357343004004,0.08396730900654306,0.09615262823718516
mlp-fosls,23.908455152769346,0.08892038531921033,0.08409772879650686,0.09624948090485258
mlp-fosls,24.108105430373918,0.08855096601996353,0.08447523682835918,0.0963424489948459
mlp-fosls,24.307755707978487,0.08825254309984135,0.08482992890690734,0.09619011046162912
mlp-fosls,24.507405985583055,0.08742371295084944,0.08475154573847586,0.09512557717061979
mlp-fosls,24.707056263187628,0.08695342270760695,0.08467309000958319,0.09511834116279262
mlp-fosls,24.906706540792197,0.0866893833982777,0.08459827948162237,0.09520041184816394
mlp-fosls,25.106356818396765,0.08661581711648475,0.0845329289268157,0.09396668595324881
mlp-fosls,25.306007096001338,0.08686699182679586,0.0844675278118252,0.09393022772322032
mlp-fosls,25.505657373605906,0.08668323982421246,0.08426171934591335,0.0936599360846866
mlp-fosls,25.705307651210475,0.08690076313208249,0.08392247192968226,0.09318210148440116
mlp-fosls,25.904957928815048,0.08681793059736129,0.08358184756540826,0.0927018039021404
mlp-fosls,26.104608206419616,0.08608121012899697,0.08349935406003713,0.09193564128923876
mlp-fosls,26.304258484024185,0.08571140608153606,0.08326164259082756,0.091141868894127
mlp-fosls,26.503908761628757,0.08554518618046016,0.08318473034109482,0.090600817393422
mlp-fosls,26.703559039233326,0.0852301882927482,0.08313798898616027,0.09073049172458929
mlp-fosls,26.903209316837895,0.08491381678466078,0.08275954522264639,0.09085998098621488
mlp-fosls,27.102859594442467,0.08482160271232045,0.08236698733055788,0.0911432370961189
mlp-fosls,27.302509872047036,0.08472537824344847,0.0819276818050913,0.0917684783982954
mlp-fosls,27.502160149651605,0.0844390656161946,0.08148600794001566,0.09238948850771646
mlp-fosls,27.701810427256177,0.08445758113282595,0.08148413647438585,0.09236351433262091
mlp-fosls,27.901460704860746,0.08451146459718756,0.08201809881609604,0.0917963106518404
mlp-fosls,28.101110982465315,0.08486705227114083,0.08188081516249324,0.09122558039665248
mlp-fosls,28.300761260069887,0.08471161349499866,0.08167378289847461,0.09021181983114779
mlp-fosls,28.500411537674456,0.08436052016248616,0.0814662244996044,0.08924424721605786
mlp-fosls,28.700061815279025,0.0839795164780785,0.08146775097948253,0.08917140760323157
mlp-fosls,28.899712092883593,0.08406519563768848,0.08087010097291823,0.08998281353204718
mlp-fosls,29.099362370488166,0.08415016663441499,0.08025646003131787,0.09078696783319004
mlp-fosls,29.299012648092734,0.08394588602002225,0.07977257302525685,0.09084913320569335
mlp-fosls,29.498662925697303,0.08360605928532158,0.08003646640523311,0.0895870366725873
mlp-fosls,29.698313203301876,0.08324552399864615,0.08029949254012803,0.08851714935951024
mlp-fosls,29.897963480906444,0.08258930227928758,0.08046100418701813,0.0884503162948412
mlp-fosls,30.097613758511013,0.08245255364475343,0.0804620210029735,0.08783332513131388
mlp-fosls,30.297264036115585,0.08252548005544322,0.0804630378060793,0.08786148747366064
mlp-fosls,30.496914313720154,0.08240741433002965,0.08032040637194525,0.087397620083711
mlp-fosls,30.696564591324723,0.08223591819838476,0.08008906992225631,0.08683547128086656
mlp-fosls,30.896214868929295,0.08221490870267548,0.07985706332109702,0.08636263302514505
mlp-fosls,31.095865146533864,0.0822774244205505,0.07984783624838397,0.08676684618720598
mlp-fosls,31.295515424138433,0.08245934113969922,0.07987668983012215,0.0871922169984054
mlp-fosls,31.495165701743005,0.08247368024677768,0.07989031147781561,0.08743065982420599
mlp-fosls,31.694815979347574,0.08254236290055178,0.07974760667776976,0.08709840638731366
mlp-fosls,31.894466256952143,0.08237692963950309,0.07960464605563004,0.08725621836698502
mlp-fosls,32.09411653455672,0.08233952993188913,0.07952967529106238,0.0872580653591401
mlp-fosls,32.29376681216128,0.08225910420166674,0.07959800034885456,0.08713311410821466
mlp-fosls,32.493417089765856,0.0821464528454567,0.07966626680829648,0.08700798341629544
mlp-fosls,32.693067367370425,0.08199754652012937,0.07954704768409555,0.08685545964726464
mlp-fosls,32.892717644974994,0.0818013711676219,0.07927757295974881,0.08669540919506781
mlp-fosls,33.09236792257956,0.0816066381789417,0.07897374238964684,0.08652900254182752
mlp-fosls,33.29201820018413,0.08155216269103199,0.07942329742376006,0.08614715912758122
mlp-fosls,33.4916684777887,0.08149744505071305,0.07937821052191962,0.08576361565735209
mlp-fosls,33.691318755393276,0.08151585598242832,0.07923285809425054,0.08554604181426155
mlp-fosls,33.890969032997845,0.08114802285318984,0.07924226263843473,0.08579225829904001
mlp-fosls,34.09061931060241,0.08072047592882367,0.07920662309281559,0.0860377701826995
mlp-fosls,34.29026958820698,0.08063263825163228,0.07885097656394019,0.0860415294713751
mlp-fosls,34.48991986581155,0.08078720226041916,0.07922458075143539,0.08580719987292637
mlp-fosls,34.68957014341612,0.08094106565163167,0.07903566050594987,0.08557222859252386
mlp-fosls,34.889220421020696,0.08088009107305696,0.07881912863912191,0.08571081857765474
mlp-fosls,35.088870698625264,0.0806179169738189,0.07837870541104501,0.08597946178353578
mlp-fosls,35.28852097622983,0.08033663086180086,0.07833090327654946,0.08624726822294917
mlp-fosls,35.4881712538344,0.08040319680305211,0.07811878269529517,0.08548021781396224
mlp-fosls,35.68782153143897,0.08047101302346626,0.07789276213025384,0.08468271678009316
mlp-fosls,35.88747180904354,0.08065253942498556,0.07766608381247161,0.08409563773935824
mlp-fosls,36.087122086648115,0.08063922962894302,0.07751500837477476,0.08429598250082795
mlp-fosls,36.286772364252684,0.08058802949925101,0.0773669568462683,0.084495852234121
mlp-fosls,36.48642264185725,0.08014857975257719,0.07720503750744051,0.08438915484181116
mlp-fosls,36.68607291946182,0.08012914278822716,0.07698572948176097,0.08391191258300562
mlp-fosls,36.88572319706639,0.08015421463909018,0.07676579492946362,0.08353346870061498
mlp-fosls,37.08537347467096,0.07991929892793107,0.0766490261048304,0.0833612911658367
mlp-fosls,37.28502375227553,0.0795765166871716,0.07667156146263011,0.08341036957591091
mlp-fosls,37.484674029880104,0.07923875205478903,0.076694090198768,0.0834854451657673
mlp-fosls,37.68432430748467,0.07961828034462126,0.0767987914494725,0.08309238450898039
mlp-fosls,37.88397458508924,0.08002853329020482,0.07694546461982739,0.0830951059446484
mlp-fosls,38.08362486269381,0.08031210868760183,0.0770918587337382,0.0832402817259355
mlp-fosls,38.28327514029838,0.08045824114302699,0.07708694448047274,0.08286148817445065
mlp-fosls,38.48292541790295,0.08036621434395028,0.07706422921066869,0.08248095503300223
mlp-fosls,38.68257569550752,0.08041340259514583,0.07702722497574487,0.08227747552635709
mlp-fosls,38.88222597311209,0.08026456607778848,0.07689328235502207,0.08242378103140528
mlp-fosls,39.08187625071666,0.07974575722944198,0.07675910600830552,0.08256982729808633
mlp-fosls,39.28152652832123,0.07973037359451092,0.07661039405769768,0.08253272462324211
mlp-fosls,39.4811768059258,0.07980678550928244,0.07643618774831876,0.08239498594048761
mlp-fosls,39.68082708353037,0.07941731520713052,0.07626158349599586,0.0822570166157902
mlp-fosls,39.88047736113494,0.07946120525348116,0.07647902267621955,0.08251902702717366
mlp-fosls,40.08012763873951,0.07928313324798358,0.07695989483207054,0.08283296836442235
mlp-fosls,40.27977791634408,0.07893294680556054,0.077019664287969,0.08304499264654362
mlp-fosls,40.47942819394865,0.07877528314647542,0.07699202474773585,0.08252001874538532
mlp-fosls,40.67907847155322,0.07862016830563225,0.07669597222214346,0.0819916836259203
mlp-fosls,40.87872874915779,0.07874927715562557,0.0762981189801759,0.08177016693814243
mlp-fosls,41.07837902676236,0.07873667091744574,0.07650478251061615,0.0821036848249645
mlp-fosls,41.27802930436693,0.07889657586913051,0.07619221986760456,0.08243585338056812
mlp-fosls,41.4776795819715,0.07893813908158077,0.07611756695180821,0.0822533587433316
mlp-fosls,41.67732985957607,0.0789090636254422,0.07616296397593554,0.08185741931424181
mlp-fosls,41.87698013718064,0.07871239625298249,0.07609733666161901,0.08166264227166173
mlp-fosls,42.07663041478521,0.07869893178630022,0.07576333270605981,0.08186103462461644
mlp-fosls,42.276280692389776,0.07851873281031202,0.07564329844611052,0.082247237433196
mlp-fosls,42.47593096999435,0.07839702979903695,0.07552307340730766,0.08263163523114123
mlp-fosls,42.67558124759892,0.07856620883023394,0.07566986534723112,0.08199753546730731
mlp-fosls,42.87523152520349,0.07873502330087159,0.07589805316682918,0.08250374834838903
mlp-fosls,43.07488180280806,0.07878066653930099,0.07592101226109688,0.08273816412118615
mlp-fosls,43.27453208041263,0.07863577865731389,0.07594899469923579,0.08193581831955422
mlp-fosls,43.474182358017195,0.07849249580158801,0.0756225553773303,0.08131186889941007
mlp-fosls,43.67383263562177,0.07858575747155758,0.0761473873922714,0.08144060140984083
mlp-fosls,43.87348291322634,0.0786288357743204,0.0760329585069211,0.08154254076178834
mlp-fosls,44.07313319083091,0.07866556894787333,0.07578915053134612,0.08204514398956488
mlp-fosls,44.27278346843548,0.07863221720687742,0.07567248904561065,0.08173071059684126
mlp-fosls,44.472433746040046,0.07859195437039226,0.07570132694348396,0.08119408857588725
mlp-fosls,44.672084023644615,0.0781286163509142,0.07541101749409837,0.08069354766784968
mlp-fosls,44.87173430124919,0.07817263781551409,0.07548689957881498,0.08059555903005754
mlp-fosls,45.07138457885376,0.07821660977113035,0.07549055136823964,0.08051565532691031
mlp-fosls,45.27103485645833,0.07823506840659009,0.075344335993537,0.08049162087104995
mlp-fosls,45.4706851340629,0.07819895566505744,0.07559987588662331,0.08061122323957215
mlp-fosls,45.670335411667466,0.07816281076794926,0.0755902187474269,0.08073064841750889
mlp-fosls,45.869985689272035,0.07804504888844116,0.07578644097235204,0.08078802544171941
mlp-fosls,46.06963596687661,0.07784485549590087,0.07607844753594797,0.08078366469832146
mlp-fosls,46.26928624448118,0.07764398214997854,0.07561959713402736,0.08077930371951565
mlp-fosls,46.46893652208575,0.0776782112401568,0.07542514297028513,0.08068572694891932
mlp-fosls,46.66858679969032,0.07790455460158208,0.07562372120258902,0.08056043363862621
mlp-fosls,46.868237077294886,0.07785769059400702,0.07556881285273201,0.08043494515949787
mlp-fosls,47.067887354899455,0.07776863500927678,0.07549984634006202,0.08040450244361756
mlp-fosls,47.26753763250402,0.07770837600343891,0.0751837985503099,0.080491064484491
mlp-fosls,47.4671879101086,0.07766190739114673,0.07478111369642454,0.08056403455157501
mlp-fosls,47.66683818771317,0.0775239321639872,0.07495485183655423,0.0802809953356224
mlp-fosls,47.86648846531774,0.0773856045667456,0.07512818819858509,0.08041442170221519
mlp-fosls,48.066138742922305,0.07745469086502364,0.07503153113373207,0.08048337145299285
mlp-fosls,48.265789020526874,0.07763424725506117,0.07469790633060275,0.0804742109091496
mlp-fosls,48.46543929813144,0.07769464610450516,0.07436278475204383,0.08046504932242421
mlp-fosls,48.66508957573602,0.07754862127734459,0.07437694159768217,0.08029660014374182
mlp-fosls,48.86473985334059,0.07729487220398443,0.0744945683313813,0.08006739104401159
mlp-fosls,49.064390130945156,0.07705441381047709,0.0746183301663134,0.08000413938383745
mlp-fosls,49.264040408549725,0.07742164190028786,0.07477752632124123,0.08008046214225392
mlp-fosls,49.463690686154294,0.0777301130550615,0.07483485294933223,0.0802059290887082
mlp-fosls,49.66334096375886,0.07793967512128795,0.07489213569642966,0.08033120007225596
mlp-fosls,49.86299124136344,0.0777079935913331,0.07505790839601323,0.07997262205433729
mlp-fosls,50.06264151896801,0.0774752698789827,0.07494731053798195,0.07967016115348649
mlp-fosls,50.262291796572576,0.07725014614117412,0.07503975378955163,0.07956465773056166
mlp-fosls,50.461942074177145,0.07705827582156684,0.07470097103391574,0.07965853852409423
mlp-fosls,50.661592351781714,0.07686591958886259,0.07433726583318898,0.07975230880549969
mlp-fosls,50.86124262938628,0.07700532236705998,0.07461534837992044,0.07962293585062323
mlp-fosls,51.06089290699086,0.07726557701835736,0.07477588763301062,0.0794191204955586
mlp-fosls,51.26054318459543,0.07723702100453551,0.07461593617607558,0.07933286661463461
mlp-fosls,51.460193462199996,0.0772593730553379,0.07453155740328034,0.0791921200776935
mlp-fosls,51.659843739804565,0.07726966466383789,0.07455271457928597,0.07916144232112643
mlp-fosls,51.85949401740913,0.07724605829500024,0.07457386575283921,0.07920300938766782
mlp-fosls,52.0591442950137,0.07727632398386508,0.07473350357421807,0.07924525807311368
mlp-fosls,52.25879457261827,0.07711484201067165,0.0748456373117764,0.07928748424616448
mlp-fosls,52.45844485022285,0.07726031630873607,0.07495423889291433,0.07933903077636262
mlp-fosls,52.658095127827416,0.07698704147732352,0.0750620602794343,0.0794074515993764
mlp-fosls,52.857745405431984,0.07701673692127542,0.074807114594227,0.07947581351884357
mlp-fosls,53.05739568303655,0.07699540201318833,0.07447970454748609,0.07935075980986517
mlp-fosls,53.25704596064112,0.07698513878745444,0.07455358261728968,0.0793164332305932
mlp-fosls,53.45669623824569,0.07664968329126375,0.0746273875508533,0.07937333606951474
mlp-fosls,53.65634651585027,0.07686282438210776,0.07462711589413551,0.07925544659222573
mlp-fosls,53.855996793454835,0.0769202972629576,0.07453468862549828,0.07903233726270438
mlp-fosls,54.055647071059404,0.07680489084056802,0.07444214659937765,0.0788085963069928
mlp-fosls,54.25529734866397,0.07656443737998422,0.07434460442432755,0.07904529471710141
mlp-fosls,54.45494762626854,0.0763650178427572,0.07423608777349748,0.07951740120944262
mlp-fosls,54.65459790387311,0.07654957478492483,0.0741445268424823,0.0796873767677516
mlp-fosls,54.854248181477686,0.07663144780420399,0.073990788607036,0.07915925243330135
mlp-fosls,55.053898459082255,0.07686413786212856,0.07373944700760932,0.07862758088274531
mlp-fosls,55.253548736686824,0.07696788838034571,0.07375207505435405,0.0785368767315478
mlp-fosls,55.45319901429139,0.07702044690920626,0.07397170862538782,0.07882254042978933
mlp-fosls,55.65284929189596,0.07700084166058896,0.07417022700981155,0.0791071725753437
mlp-fosls,55.85249956950053,0.07678739830907488,0.0743415870061725,0.07902849566890284
mlp-fosls,56.052149847105106,0.0765290530890292,0.07450878805046253,0.07884595661150796
mlp-fosls,56.251800124709675,0.07634064017635174,0.07457082144478185,0.0786671548180228
mlp-fosls,56.451450402314244,0.07649018649119532,0.07455701352923451,0.07874680098009239
mlp-fosls,56.65110067991881,0.0765221889335321,0.07454320305599553,0.0788263666677197
mlp-fosls,56.85075095752338,0.07650866965138481,0.07450519765508523,0.07880599996899558
mlp-fosls,57.05040123512795,0.07637605963760757,0.07417750498862771,0.07857729096422753
mlp-fosls,57.25005151273252,0.07624321580095926,0.07383274709139276,0.07862219317995414
mlp-fosls,57.449701790337095,0.07622617389981429,0.07376904646443654,0.0786513525308869
mlp-fosls,57.64935206794166,0.07631147929146266,0.0738991024920156,0.07863909150039171
mlp-fosls,57.84900234554623,0.07639668348370342,0.07402893003399859,0.07866687514483454
mlp-fosls,58.0486526231508,0.07647569026201295,0.07397110709398293,0.07891363447432499
mlp-fosls,58.24830290075537,0.07655231877720542,0.07387522612290558,0.07915398029652841
mlp-fosls,58.44795317835994,0.07662388569471429,0.0738041430152204,0.07939359853048003
mlp-fosls,58.647603455964514,0.07661931731003507,0.07405923208490041,0.0789427626343181
mlp-fosls,58.84725373356908,0.07657372096353601,0.0743134455384702,0.07854209652987626
mlp-fosls,59.04690401117365,0.0764352291709485,0.07444974701663538,0.07852045602486035
mlp-fosls,59.24655428877822,0.07632198093526074,0.07432501496745825,0.07825352789240674
mlp-fosls,59.44620456638279,0.07620824080988828,0.07405365736566707,0.07834470114541904
mlp-fosls,59.64585484398736,0.07625313440001506,0.0738780156600653,0.07833365579279589
mlp-fosls,59.845505121591934,0.0763441725124416,0.07385940467990255,0.07815841487730411
mlp-fosls,60.0451553991965,0.0764201617300242,0.07367529381872218,0.07798278016588897
mlp-fosls,60.24480567680107,0.07650884946860267,0.07378057049222617,0.07814900718769117
mlp-fosls,60.44445595440564,0.07633070890205393,0.07396357138879052,0.0784746987375501
mlp-fosls,60.64410623201021,0.07614990344959349,0.0736302877553048,0.0787990441533188
mlp-fosls,60.84375650961478,0.0763252797525908,0.07349068003378931,0.07856909684181294
mlp-fosls,61.043406787219354,0.07649763453514102,0.07375867911748314,0.07865968833907352
mlp-fosls,61.24305706482392,0.07644036123430306,0.07402570795664766,0.07888090008189508
mlp-fosls,61.44270734242849,0.07637898981709848,0.07405554475430441,0.0786319988713547
mlp-fosls,61.64235762003306,0.07631751975381909,0.07376386879625885,0.07834493101102731
mlp-fosls,61.84200789763763,0.07622116443570767,0.07361297163241726,0.07816429276502408
mlp-fosls,62.0416581752422,0.07611273781194178,0.07360126776611176,0.07801968485313016
mlp-fosls,62.241308452846766,0.07600410917029089,0.07339401905618646,0.07794744131778131
mlp-fosls,62.44095873045134,0.07610420796390588,0.0736080692128551,0.07790053624258196
mlp-fosls,62.64060900805591,0.07635014329792533,0.07382149872001428,0.07808535861091236
mlp-fosls,62.84025928566048,0.07655555982195589,0.0739094580547167,0.07826974454990729
mlp-fosls,63.03990956326505,0.07652825065043098,0.0738522861963114,0.07812113927829152
mlp-fosls,63.23955984086962,0.07643111575902564,0.07379507004469776,0.07792236042543131
mlp-fosls,63.439210118474186,0.07631827670166466,0.0735898341383267,0.07792422762619554
mlp-fosls,63.63886039607876,0.07621682058377295,0.07377443245249758,0.07787518526396182
mlp-fosls,63.83851067368333,0.07608662237167285,0.07417519058379592,0.07781183390813956
mlp-fosls,64.03816095128789,0.07595239714278573,0.07406784927738279,0.07787465404005735
mlp-fosls,64.23781122889247,0.07577942573212908,0.07392694598377812,0.0782028385678672
mlp-fosls,64.43746150649704,0.0756060350655787,0.07386916367101722,0.07852965158642418
mlp-fosls,64.6371117841016,0.07563640990975626,0.07354247456892213,0.0784776943861516
mlp-fosls,64.83676206170618,0.07573631608003308,0.07342874517292593,0.07815750373994955
mlp-fosls,65.03641233931074,0.07582727520366692,0.07314331585720026,0.07803716323693342
mlp-fosls,65.23606261691532,0.07587074532803884,0.07370595775006256,0.07791810448928949
mlp-fosls,65.4357128945199,0.07592913093672464,0.07338168973080281,0.07789078045661789
mlp-fosls,65.63536317212446,0.07609276313531466,0.07344661518260465,0.07793731514218952
mlp-fosls,65.83501344972903,0.07608980381293122,0.07367772733528975,0.07775768411660378
mlp-fosls,66.0346637273336,0.07596467845349306,0.07368448986659386,0.0775776371564777
mlp-fosls,66.23431400493817,0.07587502380934324,0.07369125177731102,0.0774849622920088
mlp-fosls,66.43396428254273,0.07586273246189316,0.07366019518224057,0.07759770722911224
mlp-fosls,66.63361456014731,0.07571133367454258,0.07338661638261786,0.07771028859189762
mlp-fosls,66.83326483775188,0.0756724842075551,0.0732516400550918,0.07774555182442462
mlp-fosls,67.03291511535645,0.0756309854710643,0.07322511934778644,0.07771430269405276
mlp-fosls,67.23256539296102,0.07549024920098495,0.07309085431934186,0.07768304099326581
mlp-fosls,67.43221567056558,0.07544871897341335,0.07316636028584138,0.07765236981381292
mlp-fosls,67.63186594817016,0.07541475485557465,0.07324178841224346,0.07762186171062029
mlp-fosls,67.83151622577472,0.07527333123022686,0.07334159793712504,0.07759201455942938
mlp-fosls,68.0311665033793,0.07540437630263085,0.07335921829080227,0.0776102262412661
mlp-fosls,68.23081678098387,0.07547122270164279,0.0732882334345011,0.07762843365063034
mlp-fosls,68.43046705858843,0.07550519280123291,0.07332620830030023,0.07762853512950948
mlp-fosls,68.63011733619301,0.07556851037491169,0.07355093948119433,0.07757524396313811
mlp-fosls,68.82976761379757,0.07541737072128439,0.07368968075336252,0.07752191616263947
mlp-fosls,69.02941789140215,0.07537975329898651,0.07362287691718286,0.07741931089754944
mlp-fosls,69.22906816900672,0.07547085664536832,0.07348502582300454,0.07726568762656918
mlp-fosls,69.42871844661128,0.07556184835516315,0.07335814807496475,0.07711175830547322
mlp-fosls,69.62836872421586,0.07557639439911643,0.07325368718549197,0.07715536971228876
mlp-fosls,69.82801900182042,0.0755625264745442,0.07309863899435122,0.0772721368002688
mlp-fosls,70.027669279425,0.07554865557586964,0.07291602521879206,0.07738872770577733
mlp-fosls,70.22731955702956,0.07550895971760939,0.07328355547183418,0.07738473209254673
mlp-fosls,70.42696983463414,0.07543402068296008,0.07344076366870791,0.07741332944289578
mlp-fosls,70.62662011223871,0.07541271094146275,0.0734457810615291,0.0774419162329639
mlp-fosls,70.82627038984327,0.07561507904410977,0.0734698377707402,0.07747163456379537
mlp-fosls,71.02592066744785,0.07581465796980755,0.07322867327612792,0.07750142112989214
mlp-fosls,71.22557094505241,0.07584545148457833,0.0729867119241914,0.0775140003837428
mlp-fosls,71.42522122265699,0.07570395450169108,0.07308512393635458,0.07744302986388342
mlp-fosls,71.62487150026156,0.07556052675409887,0.07289298513245403,0.0773719942453715
mlp-fosls,71.82452177786612,0.07552712732142106,0.07284818678700677,0.07726674648798901
mlp-fosls,72.0241720554707,0.07547986758676961,0.07289033595068582,0.07725649447427803
mlp-fosls,72.22382233307526,0.07541152349834929,0.07292789294235742,0.07729059165686976
mlp-fosls,72.42347261067984,0.07540349364053892,0.07285506333695123,0.07709815945866451
mlp-fosls,72.6231228882844,0.0753646488667064,0.07278216085450065,0.07688521808942685
mlp-fosls,72.82277316588898,0.07526697921981693,0.07279736653186462,0.07685993555484419
mlp-fosls,73.02242344349355,0.07519461445600309,0.07304017771221914,0.07703136789382375
mlp-fosls,73.22207372109811,0.07507293638521124,0.07328218437308254,0.07727174757076137
mlp-fosls,73.42172399870269,0.07505859636828299,0.07328916375732722,0.07738619548448626
mlp-fosls,73.62137427630725,0.07508848629321405,0.07314233735474036,0.07725922276252357
mlp-fosls,73.82102455391183,0.07501800760815983,0.07297293588061783,0.07713204102171392
mlp-fosls,74.02067483151639,0.07501584813390663,0.07296165596824834,0.07700440642303417
mlp-fosls,74.22032510912096,0.07499799500565654,0.0729873854997342,0.0768761132591068
mlp-fosls,74.41997538672554,0.07490567463410286,0.07301310596423488,0.07678318660386098
mlp-fosls,74.6196256643301,0.07494259817244132,0.07298963010687191,0.07679703598866375
mlp-fosls,74.81927594193468,0.07498844139117443,0.07286225588968238,0.07682915238845502
mlp-fosls,75.01892621953924,0.07504329447018628,0.07277852308550042,0.07691364529595897
mlp-fosls,75.21857649714381,0.07511052055008757,0.07283892736789946,0.07695843443623211
mlp-fosls,75.41822677474839,0.0751776805630134,0.0727204982828538,0.07706162921804219
mlp-fosls,75.61787705235295,0.0751552318013855,0.07258579174558409,0.07711950291177812
mlp-fosls,75.81752732995753,0.07513619897494939,0.0727276503551678,0.07709355723466485
mlp-fosls,76.01717760756209,0.07511715830727586,0.07288502333947755,0.07706760282264744
mlp-fosls,76.21682788516667,0.07508660077599573,0.07294710841628525,0.07712721918882029
mlp-fosls,76.41647816277123,0.07500856355617375,0.07297931258434776,0.07724657535878733
mlp-fosls,76.6161284403758,0.07498714519542954,0.07285360538783318,0.07736574739199056
mlp-fosls,76.81577871798038,0.07499342932422748,0.07274048784087879,0.07735062855353397
mlp-fosls,77.01542899558494,0.07517950523278583,0.07265749131929235,0.07730724093494568
mlp-fosls,77.21507927318952,0.0753512040008337,0.07257439988244511,0.07740068563506054
mlp-fosls,77.41472955079408,0.0752028250140925,0.07263734929090196,0.07726548732404652
mlp-fosls,77.61437982839865,0.07505415228240891,0.07282848019117358,0.07726445556607059
mlp-fosls,77.81403010600322,0.07494871397518699,0.07296693443359868,0.07720921232984418
mlp-fosls,78.01368038360779,0.07495668177220713,0.07296940090655935,0.077029253136967
mlp-fosls,78.21333066121237,0.0749646477965208,0.07297690125231486,0.07690543821326035
mlp-fosls,78.41298093881693,0.07505480416551394,0.07299811269390735,0.07699869993351349
mlp-fosls,78.6126312164215,0.07511739208787785,0.07301931797377104,0.07700636841992929
mlp-fosls,78.81228149402607,0.07501909612312171,0.07308714061029162,0.0771616568060927
mlp-fosls,79.01193177163064,0.07506654280331543,0.07315111866538364,0.07711660245627441
mlp-fosls,79.21158204923522,0.07509748572412368,0.07295293995085704,0.07701531009819293
mlp-fosls,79.41123232683978,0.07491771664912733,0.07268979227695997,0.07691634761644672
mlp-fosls,79.61088260444436,0.07487402584202642,0.072815991271953,0.0769461392144042
mlp-fosls,79.81053288204892,0.07483069679393844,0.0729419719267767,0.07697591928227211
mlp-fosls,80.0101831596535,0.07482667869804631,0.07297521728914104,0.07694962329387232
mlp-fosls,80.20983343725806,0.07494353160772314,0.07285866911913234,0.07676084637238728
mlp-fosls,80.40948371486263,0.07505987147405625,0.07274193421421421,0.0769839064823283
mlp-fosls,80.6091339924672,0.07508955033820022,0.07272280802428624,0.07716689709140456
mlp-fosls,80.80878427007177,0.07501043843823521,0.07276332615725976,0.07712219182252457
mlp-fosls,81.00843454767634,0.07492138738458623,0.07280382174033405,0.0770774606243948
mlp-fosls,81.2080848252809,0.07504469800722618,0.07285511901617914,0.07701088483343552
mlp-fosls,81.40773510288548,0.07519374051690025,0.07265585391284972,0.07691360815483878
mlp-fosls,81.60738538049006,0.07532065038491319,0.07267042681567054,0.0768162082894196
mlp-fosls,81.80703565809462,0.07517808853379933,0.07280074464640335,0.0767364742456581
mlp-fosls,82.0066859356992,0.07490262084258006,0.07293082961663006,0.07666613442636729
mlp-fosls,82.20633621330376,0.07467989861885549,0.07305284387567475,0.07661539100029242
mlp-fosls,82.40598649090833,0.07476371304463202,0.0731705184755726,0.0766213677931543
mlp-fosls,82.6056367685129,0.07478315474574146,0.07311794411917771,0.07662734411983725
mlp-fosls,82.80528704611747,0.07491655270550684,0.07304739481193075,0.07674836420246571
mlp-fosls,83.00493732372205,0.07497204241777965,0.07298863265900836,0.07700832757835759
mlp-fosls,83.20458760132661,0.07502364202499459,0.07289998983567365,0.07726741632199782
mlp-fosls,83.40423787893118,0.07506600199861305,0.07283491638205407,0.077183450864818
mlp-fosls,83.60388815653575,0.0751079486481565,0.07285536106046968,0.07694483042500007
mlp-fosls,83.80353843414032,0.07514975916795426,0.07277967607898612,0.07670546767253464
mlp-fosls,84.00318871174488,0.074982451649866,0.07277067741776855,0.07677553721082844
mlp-fosls,84.20283898934946,0.07478163507024062,0.07276167764365879,0.07689875256582444
mlp-fosls,84.40248926695403,0.07460662819473074,0.07278863073104631,0.07723685885355117
mlp-fosls,84.6021395445586,0.07465372494672455,0.07290326378248706,0.07704911111919271
mlp-fosls,84.80178982216317,0.07470078429602836,0.07301771686773806,0.07694553692986379
mlp-fosls,85.00144009976773,0.07475354807756085,0.07297498311429439,0.07691948138849733
mlp-fosls,85.20109037737231,0.07481359051567307,0.07281444861513847,0.07685667029520513
mlp-fosls,85.40074065497689,0.07487356679731182,0.07274593818844058,0.07679380782756083
mlp-fosls,85.60039093258145,0.07478214051906398,0.07280008718127129,0.07675069187596825
mlp-fosls,85.80004121018602,0.07458088768463869,0.07276994169017227,0.07672445899697472
mlp-fosls,85.99969148779059,0.07442101749059993,0.07266892786716354,0.07681145130864812
mlp-fosls,86.19934176539516,0.07447835545573642,0.07265578297091438,0.07685073010419714
mlp-fosls,86.39899204299972,0.07464885608456794,0.07277913882842457,0.07684992667750568
mlp-fosls,86.5986423206043,0.0748215657768496,0.07271805648935274,0.07684912324241472
mlp-fosls,86.79829259820887,0.07496709717607444,0.07291357554925548,0.07669750000776264
mlp-fosls,86.99794287581344,0.07511230697122609,0.07292550938237213,0.07650264958297831
mlp-fosls,87.19759315341801,0.07517244762836983,0.07302623563138216,0.07640361683059442
mlp-fosls,87.39724343102257,0.0751048111343939,0.07275284840473535,0.07655780868231289
mlp-fosls,87.59689370862715,0.07502051834810687,0.07244427186637685,0.07680126902074524
mlp-fosls,87.79654398623171,0.07499072720215655,0.07256874586249817,0.07692609773846305
mlp-fosls,87.99619426383629,0.07500100455575046,0.07259456729064934,0.07669633598176118
mlp-fosls,88.19584454144086,0.07495097007634936,0.07262088271416016,0.07652303792046085
mlp-fosls,88.39549481904542,0.07506239896487152,0.07257398067082037,0.0764719898468731
mlp-fosls,88.59514509665,0.07513582866310539,0.07256862673384445,0.07640053659886915
mlp-fosls,88.79479537425456,0.07520705183646942,0.07256327240183894,0.07633358968012374
mlp-fosls,88.99444565185914,0.07505514775541106,0.07258466597284287,0.07632385978093018
mlp-fosls,89.19409592946371,0.0748970334747078,0.07261065066190635,0.07637082942317468
mlp-fosls,89.39374620706828,0.0747638550550962,0.07263636667220182,0.07647562405741962
mlp-fosls,89.59339648467285,0.07471177702062495,0.07273881145958547,0.07641742649384478
mlp-fosls,89.79304676227741,0.07465965268301988,0.07283570166031723,0.07635881759578811
mlp-fosls,89.99269703988199,0.0746282062168267,0.07281497464604277,0.07634557136928843
mlp-fosls,90.19234731748655,0.0746284777541874,0.07272384146429609,0.07630323020866722
mlp-fosls,90.39199759509113,0.07462866453418365,0.07273631191187746,0.07626086553961092
mlp-fosls,90.5916478726957,0.074628269183049,0.07268826493761069,0.0763486071067016
mlp-fosls,90.79129815030026,0.07461678131479949,0.07269525220154077,0.0764712433506057
mlp-fosls,90.99094842790484,0.07460513523794621,0.07267498579329844,0.07658878685558586
mlp-fosls,91.1905987055094,0.07460012262251903,0.07270148501761294,0.07652271670138995
mlp-fosls,91.39024898311398,0.07460595961645483,0.07272797458664902,0.07645658945252533
mlp-fosls,91.58989926071855,0.07463114601514997,0.07276020529963843,0.07639221830796203
mlp-fosls,91.78954953832312,0.07471668273684151,0.07280114750394337,0.0763965499339567
mlp-fosls,91.98919981592769,0.0748021173181597,0.0728368668408123,0.07640257849447747
mlp-fosls,92.18885009353225,0.07480923760944114,0.07272072299429075,0.0764123229439392
mlp-fosls,92.38850037113683,0.07469865432509279,0.07268416528149606,0.07644583159037005
mlp-fosls,92.58815064874139,0.07458785430619563,0.07262136004011176,0.07647932555532627
mlp-fosls,92.78780092634597,0.07458186358621839,0.07259483374347345,0.0764790897794009
mlp-fosls,92.98745120395054,0.07463484112740484,0.07257730651168155,0.07642154536425097
mlp-fosls,93.1871014815551,0.07468777928533427,0.07256927333941089,0.07636395758625186
mlp-fosls,93.38675175915968,0.0746558852939657,0.07263510234010367,0.07630966469780069
mlp-fosls,93.58640203676424,0.0746139539574769,0.07270087173414454,0.07625749913525522
mlp-fosls,93.78605231436882,0.07457344283696109,0.07272035400030995,0.07620529786331218
mlp-fosls,93.98570259197338,0.07457458052874245,0.07268532968615267,0.07619469756373969
mlp-fosls,94.18535286957795,0.07457565013425417,0.07263534014324151,0.07619186778688732
mlp-fosls,94.38500314718253,0.07458571270474831,0.07258531617251575,0.07619521273370063
mlp-fosls,94.58465342478709,0.07460007525651405,0.0726931114710751,0.07627204910181169
mlp-fosls,94.78430370239167,0.07461443455380895,0.07283862303806769,0.07641256414731058
mlp-fosls,94.98395397999623,0.07456574935171106,0.07278292839562536,0.07643658027155822
mlp-fosls,95.1836042576008,0.07447630849510464,0.07256010475188145,0.07647993625572082
mlp-fosls,95.38325453520538,0.07438675998321478,0.07234894467321894,0.0765411725705406
mlp-fosls,95.58290481280994,0.0744467290745395,0.07230205797661293,0.07650308812317519
mlp-fosls,95.78255509041452,0.07453558590854745,0.07225514085501805,0.07638362556593149
mlp-fosls,95.98220536801908,0.07461661809586846,0.07224569690300782,0.07627469104517617
mlp-fosls,96.18185564562366,0.07460724811611033,0.07232024821986695,0.07631881958740132
mlp-fosls,96.38150592322822,0.07459787474420385,0.07239472276461222,0.07642109463441735
mlp-fosls,96.5811562008328,0.07457693008942676,0.07240144458812012,0.07651856248117164
mlp-fosls,96.78080647843737,0.07452538515307963,0.07235219898307137,0.07640229037350384
mlp-fosls,96.98045675604193,0.07447380219240524,0.07230291983678999,0.07628584104831924
mlp-fosls,97.18010703364651,0.07446958728916009,0.07235156271555175,0.07619765167241906
mlp-fosls,97.37975731125107,0.07449795003628376,0.07242666276990067,0.07620039411200027
mlp-fosls,97.57940758885564,0.07452624265791827,0.0725013775029737,0.07629023466812229
mlp-fosls,97.7790578664602,0.07455517526205849,0.07256439851767751,0.07624139369916348
mlp-fosls,97.97870814406478,0.07459602479570081,0.07262736484711486,0.07617552236621902
mlp-fosls,98.17835842166936,0.0746433447106238,0.07267277069000248,0.07612239628877662
mlp-fosls,98.37800869927392,0.07462686503447241,0.0726695935877979,0.07615567941828971
mlp-fosls,98.5776589768785,0.07458999792703763,0.07266641634668487,0.07623664967251015
mlp-fosls,98.77730925448306,0.07455393051920597,0.07262569543441882,0.07634930640281551
mlp-fosls,98.97695953208763,0.07452520070451026,0.07254794628172602,0.07630213504244306
mlp-fosls,99.17660980969221,0.07449295181570448,0.07247011371634135,0.07624906547439404
mlp-fosls,99.37626008729677,0.07450664583384044,0.07253021296760488,0.07621471124104925
mlp-fosls,99.57591036490135,0.0745371225145169,0.07263807895721856,0.0762551656159589
mlp-fosls,99.77556064250591,0.07456745195324964,0.07273694181708253,0.07629559854066366
mlp-fosls,99.97521092011048,0.07456296115693406,0.07256953725496026,0.07630677440097958
mlp-fosls,100.17486119771505,0.07453284212643807,0.07238737789009253,0.07628011183895371
mlp-fosls,100.37451147531962,0.07452908921043755,0.0722762598694099,0.07625343995417241
mlp-fosls,100.5741617529242,0.07456960119445785,0.07241797063455817,0.07631720438045426
mlp-fosls,100.77381203052876,0.0744913552164218,0.0725594046347197,0.076424964938779
mlp-fosls,100.97346230813334,0.07442573566014873,0.07258535247772199,0.07653257376659414
mlp-fosls,101.1731125857379,0.07442877457245081,0.07247509168657403,0.07645885384225674
mlp-fosls,101.37276286334247,0.07443172420099103,0.07236466289315165,0.07645684950771962
mlp-fosls,101.57241314094705,0.07449266174817865,0.07239150375006084,0.07639645452553576
mlp-fosls,101.77206341855161,0.07459173102250183,0.07247773134785482,0.07635434362599064
mlp-fosls,101.97171369615619,0.07458327001175327,0.07256385648150572,0.07641266258837393
mlp-fosls,102.17136397376075,0.07462238904371354,0.07255070841109282,0.07643553712863001
mlp-fosls,102.37101425136532,0.07444224354203538,0.07253092053382117,0.07640049586955122
mlp-fosls,102.57066452896989,0.07423250144772997,0.07251595275695405,0.07636543853134382
mlp-fosls,102.77031480657446,0.07429552441464926,0.07252352683032876,0.07641293268508614
mlp-fosls,102.96996508417904,0.07436992258523521,0.07253110011277945,0.07651197054860796
mlp-fosls,103.1696153617836,0.07443733276524875,0.07253480967482108,0.07661088038214021
mlp-fosls,103.36926563938817,0.07451958910135659,0.07253307540637295,0.07658841620550216
mlp-fosls,103.56891591699274,0.07460172694343503,0.07253134109645742,0.07654469645383445
mlp-fosls,103.76856619459731,0.07463316142218518,0.07253941186515352,0.07649222126609917
mlp-fosls,103.96821647220187,0.07456970442536248,0.07255267862371821,0.07634726263745882
mlp-fosls,104.16786674980645,0.07450619171453352,0.07256594295680793,0.07638771884937161
mlp-fosls,104.36751702741103,0.07450274433755688,0.07249420674490768,0.07632942013964572
mlp-fosls,104.56716730501559,0.07453748374013763,0.07241215225735326,0.07624647421770223
mlp-fosls,104.76681758262016,0.0745722059177118,0.07234898839918304,0.07635446666153707
mlp-fosls,104.96646786022472,0.07460072014687417,0.07241129194832976,0.07642621701626484
mlp-fosls,105.1661181378293,0.07462481876664248,0.07247354193681561,0.0764692683176857
mlp-fosls,105.36576841543388,0.0746389471869583,0.07247202826653197,0.07651229539536251
mlp-fosls,105.56541869303844,0.07457870584456874,0.07236197163555752,0.07647379980041807
mlp-fosls,105.76506897064301,0.07451841423315442,0.0722517473622988,0.07641389757414759
mlp-fosls,105.96471924824758,0.07447936490301044,0.07221950634759651,0.07635401194380623
mlp-fosls,106.16436952585215,0.07450758563150334,0.07223733036034352,0.07629629770308573
mlp-fosls,106.36401980345671,0.07453571821777316,0.07225514997623549,0.07623853977143624
mlp-fosls,106.56367008106129,0.0745067941192342,0.07226630491651735,0.07621665035442853
mlp-fosls,106.76332035866587,0.07441891107474798,0.07227626857108305,0.07621265088780976
mlp-fosls,106.96297063627043,0.07433092145313422,0.07230777491261071,0.07622097781353696
mlp-fosls,107.162620913875,0.07431557082719316,0.07256354427239542,0.07632210934749037
mlp-fosls,107.36227119147956,0.07432135996063458,0.0726559224702888,0.07644176488019067
mlp-fosls,107.56192146908414,0.0743289870257488,0.07264847281546542,0.07651175761206848
mlp-fosls,107.76157174668872,0.0743262633106362,0.07264102239664733,0.07643603860972335
mlp-fosls,107.96122202429328,0.07432205674619756,0.07243119062150767,0.07639666640463313
mlp-fosls,108.16087230189785,0.0743397383151213,0.07238243917714456,0.07635727389800191
mlp-fosls,108.36052257950242,0.07443623570021585,0.07248201237835468,0.07630467639511626
mlp-fosls,108.56017285710699,0.07453260349464691,0.07258144897698647,0.07625547915922189
mlp-fosls,108.75982313471155,0.07456757696633931,0.07258338328874878,0.07626914010742696
mlp-fosls,108.95947341231613,0.07448859559416515,0.07256149215013172,0.07626577375968317
mlp-fosls,109.1591236899207,0.07445157277624992,0.07253729281239593,0.07626240726334328
mlp-fosls,109.35877396752527,0.07452478582739852,0.07246093325111001,0.07623085030113845
mlp-fosls,109.55842424512984,0.07460507375337613,0.07238449313694457,0.07619631950410977
mlp-fosls,109.7580745227344,0.07463354116237397,0.0723463492263316,0.07617979102422019
mlp-fosls,109.95772480033898,0.07461487543855969,0.07240684933892483,0.07619833958955645
mlp-fosls,110.15737507794354,0.07453326414220834,0.07246729894235875,0.07623098642844853
mlp-fosls,110.35702535554812,0.07448698957815791,0.07243855263655422,0.07626361929192217
mlp-fosls,110.5566756331527,0.07449295023389954,0.07232689817283647,0.07625144832785524
mlp-fosls,110.75632591075725,0.07449884635413354,0.0722150710761187,0.07623500270543157
mlp-fosls,110.95597618836183,0.07451735166596136,0.07220663015280275,0.07624184793456336
mlp-fosls,111.15562646596639,0.07457020615457861,0.07223134022849945,0.0763818299829855
mlp-fosls,111.35527674357097,0.07462301753290759,0.0722560418538605,0.07652155596054173
mlp-fosls,111.55492702117554,0.07459423077984785,0.07226055001376659,0.07654479252740164
mlp-fosls,111.7545772987801,0.0745235444942845,0.07226498598480235,0.07638181415597117
mlp-fosls,111.95422757638468,0.07447800273634005,0.07227205748019395,0.0762184872878731
mlp-fosls,112.15387785398924,0.07446942278901077,0.07228767611373396,0.07618338455915342
mlp-fosls,112.35352813159382,0.07446281896304698,0.07230329137340671,0.0762331575288976
mlp-fosls,112.55317840919838,0.07446136538668001,0.07234914720985719,0.07629697719018985
mlp-fosls,112.75282868680296,0.0744926748204805,0.07242838178450538,0.0763243266263185
mlp-fosls,112.95247896440753,0.07452397009327466,0.07250752977346943,0.07635166626578328
mlp-fosls,113.1521292420121,0.07454047832530264,0.07249516045509442,0.07632864700019051
mlp-fosls,113.35177951961667,0.07453918171465071,0.07244611369773139,0.07626825070232918
mlp-fosls,113.55142979722123,0.07453787227732661,0.07239703371271065,0.07623681961046158
mlp-fosls,113.75108007482581,0.0745529508823323,0.07239635760644318,0.07637109276756815
mlp-fosls,113.95073035243037,0.07455063112892554,0.07239809748204179,0.07644133215235907
mlp-fosls,114.15038063003495,0.07454804971678101,0.07239825917535314,0.07651150705574992
mlp-fosls,114.35003090763952,0.074462494103449,0.07239173353394945,0.07646327381044232
mlp-fosls,114.54968118524408,0.07438554998287594,0.07238520730424883,0.0763281043193487
mlp-fosls,114.74933146284866,0.0743247349442791,0.07240518123073696,0.07632778688736447
mlp-fosls,114.94898174045322,0.07438126251458961,0.07246031956054343,0.07622648063556123
mlp-fosls,115.1486320180578,0.07443807626927679,0.0724840169342898,0.07625519040624709
mlp-fosls,115.34828229566237,0.07447400303168383,0.07244797659761991,0.07631158210131066
mlp-fosls,115.54793257326693,0.07443635605736876,0.07231953463134135,0.07637990911659016
mlp-fosls,115.74758285087151,0.07439860278723792,0.07219086414151223,0.0764481750633203
mlp-fosls,115.94723312847607,0.07435992362975818,0.07223591768237118,0.07648700370076954
mlp-fosls,116.14688340608065,0.07434380451216263,0.07229877804355715,0.07644684521803806
mlp-fosls,116.34653368368521,0.07432765784157258,0.07235025802255571,0.07640666562846336
mlp-fosls,116.54618396128978,0.07432236737882816,0.07233575587915754,0.0763857819701999
mlp-fosls,116.74583423889436,0.07430950785419921,0.07232125082773226,0.07638370133168129
mlp-fosls,116.94548451649892,0.0742960778118808,0.07229467753215102,0.07638162063648601
mlp-fosls,117.1451347941035,0.0743647491697022,0.07224883651330895,0.07643418366075647
mlp-fosls,117.34478507170806,0.07443953339902246,0.07220296639041908,0.07650720227191334
mlp-fosls,117.54443534931264,0.07450536836252891,0.07222101699555857,0.07652971671900219
mlp-fosls,117.74408562691721,0.07450771378980636,0.07227744880876542,0.07649853793607773
mlp-fosls,117.94373590452177,0.07451004033960273,0.07233383659626146,0.07646734644032267
mlp-fosls,118.14338618212635,0.07448457734703762,0.07235421459443654,0.07637290768017838
mlp-fosls,118.34303645973091,0.07442799799598485,0.07236892534579098,0.07625395725745417
mlp-fosls,118.54268673733549,0.07437132700610638,0.07238784784270852,0.07629937194379827
mlp-fosls,118.74233701494005,0.07434478804748673,0.07244343550501942,0.0763387045365224
mlp-fosls,118.94198729254462,0.07434902502903597,0.07247347380726189,0.07631928052954355
mlp-fosls,119.1416375701492,0.0743612896857489,0.07246584275414,0.07629985157770533
mlp-fosls,119.34128784775376,0.07438799591308644,0.07244641164791411,0.07624729001149948
mlp-fosls,119.54093812535834,0.07436110745646307,0.07238546090370668,0.07617944751065628
mlp-fosls,119.7405884029629,0.0743473858791305,0.07232527811840304,0.07611154453800004
mlp-fosls,119.94023868056748,0.07436580281640154,0.07226791406408906,0.07616187503330499
mlp-fosls,120.13988895817204,0.07438134225958837,0.0722105044397612,0.07622232266764258
mlp-fosls,120.33953923577661,0.07436816642407248,0.07233629958122767,0.07626236048988508
mlp-fosls,120.53918951338119,0.07434704877138923,0.07250189558045944,0.0761922159488162
mlp-fosls,120.73883979098575,0.07431590376483707,0.0726234912630784,0.07612453784755242
mlp-fosls,120.93849006859033,0.07428686618570471,0.07257780997454989,0.07611028521979077
mlp-fosls,121.13814034619489,0.07427348945969889,0.07250258222510138,0.07609103833717884
mlp-fosls,121.33779062379946,0.07432012333172217,0.07241888456909194,0.07609268219535659
mlp-fosls,121.53744090140404,0.07437659534322867,0.07231527183809863,0.07611968267952465
mlp-fosls,121.7370911790086,0.07437685008260783,0.07221151043846638,0.07615852272037342
mlp-fosls,121.93674145661318,0.07438590425951347,0.07223473633767527,0.0761793986633777
mlp-fosls,122.13639173421774,0.0743653063424129,0.07236744860473944,0.07617255068121356
mlp-fosls,122.33604201182231,0.07434463658658641,0.07249991794026904,0.07616570208335421
mlp-fosls,122.53569228942688,0.07434128352092786,0.07249866325727657,0.0761580280363625
mlp-fosls,122.73534256703145,0.07432616012648738,0.07245875943079609,0.07629853643225618
mlp-fosls,122.93499284463603,0.07434228516578921,0.07241913291164909,0.07647736621024924
mlp-fosls,123.13464312224059,0.0743959561589343,0.07239974154505938,0.07651870082587249
mlp-fosls,123.33429339984517,0.07441645991928988,0.07238034498334266,0.07638334080903211
mlp-fosls,123.53394367744973,0.07438652797576889,0.07235753912987378,0.07648035804311169
mlp-fosls,123.7335939550543,0.07436078780211783,0.07232473273009808,0.07630240758835626
mlp-fosls,123.93324423265886,0.07435109282453223,0.0722919114426298,0.0761240411509842
mlp-fosls,124.13289451026344,0.07435969062995174,0.07227217472705957,0.07612156979520303
mlp-fosls,124.33254478786802,0.07436473589438747,0.0722658649548395,0.07620214387013674
mlp-fosls,124.53219506547258,0.07436972068484166,0.0722595546316442,0.07634674992661486
mlp-fosls,124.73184534307715,0.07437007375139647,0.07227756962933846,0.0763782883609492
mlp-fosls,124.93149562068172,0.07432858971823972,0.07230446092195124,0.07632971923707944
mlp-fosls,125.13114589828629,0.0742870903876319,0.07233134221693995,0.07628111918865928
mlp-fosls,125.33079617589087,0.07427348291259607,0.07238192590544235,0.07622561125313831
mlp-fosls,125.53044645349543,0.07429464304873268,0.07250119647665869,0.07616859463026152
mlp-fosls,125.7300967311,0.0743261601170199,0.07261903611642934,0.07611949406483887
mlp-fosls,125.92974700870457,0.07437503826772271,0.07248645497903365,0.07618763448604222
mlp-fosls,126.12939728630914,0.07442727810458949,0.07235363089973905,0.07625571401849505
mlp-fosls,126.3290475639137,0.07446528199788136,0.07229109986980917,0.07629586680307451
mlp-fosls,126.52869784151828,0.07441913360735647,0.07229054120096441,0.0762719288037224
mlp-fosls,126.72834811912286,0.0743357675378471,0.0723380254677402,0.07624798328905302
mlp-fosls,126.92799839672742,0.07427567315888323,0.07236603105726015,0.07621222265814888
mlp-fosls,127.127648674332,0.07428557556493552,0.07239607776773582,0.07616647881032867
mlp-fosls,127.32729895193656,0.07429547635824649,0.0724261120130286,0.07612070747328373
mlp-fosls,127.52694922954113,0.07435646299900928,0.07244249600009052,0.07609840156416686
mlp-fosls,127.7265995071457,0.07445317688835236,0.07239944743968034,0.07608268694469865
mlp-fosls,127.92624978475027,0.0745564291365404,0.07232067369327015,0.07606946349589078
mlp-fosls,128.12590006235484,0.07459630192927792,0.07226055117958499,0.07618717974073416
mlp-fosls,128.32555033995942,0.07457516907984779,0.07232977143446476,0.07630471438345869
mlp-fosls,128.525200617564,0.07450337113894552,0.07233544999964577,0.07637020864283273
mlp-fosls,128.72485089516854,0.07442564474993134,0.07229670904431625,0.07628482315493369
mlp-fosls,128.92450117277312,0.07435045135026191,0.07225794731810324,0.076199341988033
mlp-fosls,129.1241514503777,0.07435944266293465,0.07222960764738248,0.07618643358593578
mlp-fosls,129.32380172798227,0.07441977155371335,0.07220700924008554,0.07624796093062758
mlp-fosls,129.52345200558682,0.07447111656929806,0.0721844037580195,0.07630943866660805
mlp-fosls,129.7231022831914,0.0744961026541068,0.07222594638573122,0.07627422993270834
mlp-fosls,129.92275256079597,0.0744527205026663,0.07227593013914861,0.07620352483683053
mlp-fosls,130.12240283840055,0.07438904472781765,0.0723278800571817,0.07613275407659462
mlp-fosls,130.32205311600512,0.07437594633737753,0.07239416938891721,0.07621021592562827
mlp-fosls,130.52170339360967,0.07438194857139788,0.07246039807685582,0.07629221784531903
mlp-fosls,130.72135367121425,0.07438387379500572,0.072451906070439,0.07635047176002328
mlp-fosls,130.92100394881882,0.07440480483414574,0.07243534390697061,0.07631924892559841
mlp-fosls,131.1206542264234,0.07442512166860721,0.07243683857306965,0.07628801331242539
mlp-fosls,131.32030450402794,0.07442813014720996,0.07243833320832828,0.0762655464788121
mlp-fosls,131.51995478163252,0.07436121337543206,0.07244547185759494,0.07625387227369769
mlp-fosls,131.7196050592371,0.07429671294090232,0.07245754867291605,0.07624219628102902
mlp-fosls,131.91925533684167,0.07427475163422984,0.07244546949496851,0.07622409109026303
mlp-fosls,132.11890561444625,0.07433140628725252,0.07240932436339924,0.07620306370442034
mlp-fosls,132.3185558920508,0.07439814582461156,0.07237997452221237,0.07618203051470325
mlp-fosls,132.51820616965537,0.07446003397106638,0.0724317117777639,0.07617218635552406
mlp-fosls,132.71785644725995,0.07450064758364561,0.07248341210427398,0.07616323428832548
mlp-fosls,132.91750672486452,0.07451710571780876,0.07245434157028831,0.07615378973984749
mlp-fosls,133.1171570024691,0.07447223020693365,0.072394201748701,0.0761418384075173
mlp-fosls,133.31680728007365,0.0744101109285501,0.07239282186444969,0.07613654360010615
mlp-fosls,133.51645755767822,0.0743436360200507,0.07239144195389582,0.07614606036387501
mlp-fosls,133.7161078352828,0.07434548490150004,0.07240599194832414,0.07613679598396085
mlp-fosls,133.91575811288737,0.07435209434399809,0.07239121510319799,0.07614684348293936
mlp-fosls,134.11540839049195,0.0743765638146657,0.07241248221594264,0.07618382491793103
mlp-fosls,134.3150586680965,0.07438934823275817,0.0724430622965456,0.07623608794864738
mlp-fosls,134.51470894570107,0.07439964242869318,0.07247122758666996,0.07628831517540433
mlp-fosls,134.71435922330565,0.07439068125463003,0.072430157757423,0.0762241698937707
mlp-fosls,134.91400950091023,0.07436313043829085,0.07238906462727264,0.07614323812749373
mlp-fosls,135.11365977851477,0.07432143345713241,0.07235686339419657,0.0760818051762241
mlp-fosls,135.31331005611935,0.07428249052833888,0.07232980604277402,0.0761733158458916
mlp-fosls,135.51296033372392,0.07424983378961231,0.07234020234566388,0.07626471671122237
mlp-fosls,135.7126106113285,0.0742551254946395,0.07235327114835564,0.07629328494587263
mlp-fosls,135.91226088893308,0.07427195878773868,0.07238684954974334,0.07620667018944144
mlp-fosls,136.11191116653762,0.07428546860144644,0.0724204123821929,0.07611995687658062
mlp-fosls,136.3115614441422,0.07424595447523376,0.07244331242452025,0.07613250728907214
mlp-fosls,136.51121172174678,0.0742288619547999,0.0724626358500971,0.07621353171891214
mlp-fosls,136.71086199935135,0.07422908974353928,0.0724819541241191,0.07629447010117202
mlp-fosls,136.91051227695593,0.07426441231211306,0.07242775155011844,0.07627771702590837
mlp-fosls,137.11016255456047,0.07429086458405523,0.07244265229945608,0.07624113231146648
mlp-fosls,137.30981283216505,0.0743142751056568,0.07243710901069264,0.07620558000802408
mlp-fosls,137.50946310976963,0.07433883008059183,0.07245432776522424,0.0761839010234535
mlp-fosls,137.7091133873742,0.07436575765488027,0.07244358466892467,0.0761622158681282
mlp-fosls,137.90876366497878,0.07440728724574852,0.07239823326032652,0.07615118091354676
mlp-fosls,138.10841394258333,0.07442464820371814,0.07241681385608305,0.07616386042403017
mlp-fosls,138.3080642201879,0.07442731274579653,0.07237308998047126,0.07617653782402145
mlp-fosls,138.50771449779248,0.07439447020429665,0.07233989099833911,0.076186293164151
mlp-fosls,138.70736477539705,0.07438770927076424,0.07231113105871369,0.07619365806184276
mlp-fosls,138.9070150530016,0.07438754974236643,0.07228235967599114,0.0762010222477105
mlp-fosls,139.10666533060618,0.07440051375144001,0.07236488781782725,0.07619347654712154
mlp-fosls,139.30631560821075,0.07440074183550878,0.07238258758178104,0.07618194240639667
mlp-fosls,139.50596588581533,0.07438381262689196,0.07234584517852628,0.0761699386094905
mlp-fosls,139.7056161634199,0.07434488185191823,0.0723148589384853,0.07614195598045166
mlp-fosls,139.90526644102445,0.07430193819600579,0.07237588003993856,0.07611396306384609
mlp-fosls,140.10491671862903,0.0742893514407249,0.0724207710708203,0.07610247027482044
mlp-fosls,140.3045669962336,0.07429741182053806,0.07241028334353712,0.07613634134797183
mlp-fosls,140.50421727383818,0.07430826112821551,0.07239979409701727,0.07617019735946494
mlp-fosls,140.70386755144276,0.07430453366026701,0.0724043236261816,0.07617380226528464
mlp-fosls,140.9035178290473,0.07428032671624832,0.07240419594938324,0.07614789334977817
mlp-fosls,141.10316810665188,0.07426149124174927,0.07240377488076916,0.07612197561590016
mlp-fosls,141.30281838425645,0.0742688227930838,0.07238736007333461,0.07613947481927452
mlp-fosls,141.50246866186103,0.07429727017168125,0.07233606636089926,0.07617179107954478
mlp-fosls,141.7021189394656,0.07431820315570026,0.0722936798813499,0.07620409363529428
mlp-fosls,141.90176921707015,0.07432586437113636,0.07231992099774019,0.07619365642071858
mlp-fosls,142.10141949467473,0.07432882131167132,0.07234615259605497,0.07618256807061226
mlp-fosls,142.3010697722793,0.07432019053221439,0.07234621656775064,0.07617074460716543
mlp-fosls,142.50072004988388,0.07431331166140506,0.07229868552883759,0.07615637815565515
mlp-fosls,142.70037032748846,0.0743090194674814,0.07225112322121796,0.07614200899348714
mlp-fosls,142.900020605093,0.07432271488575129,0.07226435505721139,0.07613052487447708
mlp-fosls,143.09967088269758,0.07433683479121989,0.07231912338848409,0.07612238130253157
mlp-fosls,143.29932116030216,0.07435379264621506,0.0723738502742728,0.07611423685929357
mlp-fosls,143.49897143790673,0.074376145588938,0.0723467106168289,0.07611956129179512
mlp-fosls,143.69862171551128,0.07436688395889494,0.07230304737721438,0.07613058190375116
mlp-fosls,143.89827199311586,0.07434730140802806,0.07226350377820837,0.0761416009206017
mlp-fosls,144.09792227072043,0.07432175880245818,0.07227794484999213,0.07615797503149482
mlp-fosls,144.297572548325,0.07430709172997958,0.07229238303703835,0.07617468270545814
mlp-fosls,144.49722282592958,0.07428803403415957,0.07229397246056747,0.07619525349953477
mlp-fosls,144.69687310353413,0.07427813573739725,0.07226697948604009,0.07623361672183392
mlp-fosls,144.8965233811387,0.07427405693358316,0.0722399764253989,0.07627196064822632
mlp-fosls,145.09617365874328,0.07427363127591502,0.0722524260360994,0.0762819418513517
mlp-fosls,145.29582393634786,0.07426086199153742,0.0722972136684513,0.07625213022114868
mlp-fosls,145.49547421395243,0.07424785557388214,0.0723419735723417,0.07622230693119325
mlp-fosls,145.69512449155698,0.0742471997583922,0.07233751660555048,0.0761879303932309
mlp-fosls,145.89477476916156,0.07428003749681927,0.0723198413372495,0.07615113682048921
mlp-fosls,146.09442504676613,0.07431306183474291,0.07230284840338166,0.0761143254617811
mlp-fosls,146.2940753243707,0.07432035910327314,0.07231082981823121,0.07612698992276726
mlp-fosls,146.49372560197529,0.07428254473060535,0.07231881035221752,0.07614562854411072
mlp-fosls,146.69337587957983,0.07424872399196247,0.0723412292163524,0.0761618329055832
mlp-fosls,146.8930261571844,0.0742490711325597,0.07240353897960161,0.07616171228978932
mlp-fosls,147.09267643478898,0.07427047051249777,0.07239832618708139,0.07616159167380443
mlp-fosls,147.29232671239356,0.07428919112399614,0.07238897946371341,0.07615752569927577
mlp-fosls,147.4919769899981,0.07430259420660704,0.0723768701188687,0.07614665133051832
mlp-fosls,147.69162726760268,0.07431376577021906,0.0723388853772653,0.07613577540858965
mlp-fosls,147.89127754520726,0.07431274114312394,0.07234223950451801,0.07613137902998847
mlp-fosls,148.09092782281184,0.07429045871999734,0.07236669442315673,0.07613121738670517
mlp-fosls,148.2905781004164,0.07428147068267871,0.07242120581227883,0.07613105574307864
mlp-fosls,148.49022837802096,0.07429601267290516,0.07244385656240601,0.07611646974225557
mlp-fosls,148.68987865562553,0.07430774046522297,0.07239193419449269,0.07609918337618063
mlp-fosls,148.8895289332301,0.07428801580642447,0.07235733498717714,0.07608262406254887
mlp-fosls,149.0891792108347,0.07429162853783192,0.07238387418613185,0.07607437541113382
mlp-fosls,149.28882948843926,0.07433331782002031,0.0724104036581827,0.07606612586523062
mlp-fosls,149.4884797660438,0.07439073701637237,0.07241620088866858,0.07609468176030248
mlp-fosls,149.68813004364839,0.07439100393971743,0.07239765065984397,0.07620199304023319
mlp-fosls,149.88778032125296,0.07437349207629299,0.07237909567673255,0.07630915341166997
mlp-fosls,150.08743059885754,0.07434875911542763,0.0724020585079908,0.07632411696751627
mlp-fosls,150.2870808764621,0.07434143866760526,0.07238986368752981,0.07626542923472733
mlp-fosls,150.48673115406666,0.07433078140929616,0.0724106591369708,0.07620669630579258
mlp-fosls,150.68638143167124,0.07431926678783426,0.07243144861592925,0.07616975168208873
mlp-fosls,150.8860317092758,0.07432742470767333,0.0724190837271906,0.0761384825533994
mlp-fosls,151.0856819868804,0.07434935881593088,0.07237146690724293,0.0761084195946793
mlp-fosls,151.28533226448494,0.07434313341541338,0.07234614679044338,0.0761166319642975
mlp-fosls,151.4849825420895,0.07429491962329338,0.07232081780886196,0.07612484344796293
mlp-fosls,151.6846328196941,0.07424454422190221,0.0723007930202582,0.07613426823020523
mlp-fosls,151.88428309729866,0.0742184428017154,0.07228826877318376,0.07614699978048423
mlp-fosls,152.08393337490324,0.07420322168803944,0.07227574235585472,0.07615972920244196
mlp-fosls,152.2835836525078,0.07422263058133183,0.07228900915914555,0.07616951299824215
mlp-fosls,152.48323393011236,0.07425154134739273,0.07231595941730015,0.07617642903816949
mlp-fosls,152.68288420771694,0.07426167467454872,0.07234289963554251,0.07618334445024821
mlp-fosls,152.88253448532151,0.07423000148559576,0.07234419296725347,0.07616681641672139
mlp-fosls,153.0821847629261,0.07423743585970065,0.0723423781021911,0.07614223034436082
mlp-fosls,153.28183504053064,0.07425653869860725,0.07234048369156464,0.0761176363306748
mlp-fosls,153.4814853181352,0.07426143396095015,0.07233806074318984,0.07614494799911291
mlp-fosls,153.6811355957398,0.07423206602434322,0.07233563771365617,0.07617320129583485
mlp-fosls,153.88078587334437,0.07422147436298648,0.07232904453908873,0.07619406482354514
mlp-fosls,154.08043615094894,0.07423344756079212,0.07231532058478636,0.07618853543770321
mlp-fosls,154.2800864285535,0.0742538904657459,0.07230159402546649,0.07618300565053678
mlp-fosls,154.47973670615806,0.07424902128642671,0.07229418370054301,0.07618001625147618
mlp-fosls,154.67938698376264,0.07422815760228321,0.07229084958766384,0.07618006050371207
mlp-fosls,154.87903726136722,0.07420340271835432,0.0722875153210056,0.07618010475592225
mlp-fosls,155.07868753897176,0.07417226430422853,0.07229945473728121,0.07615911444319455
mlp-fosls,155.27833781657634,0.07414232923975625,0.0723141694484836,0.07612880203236498
mlp-fosls,155.47798809418092,0.0741263403168069,0.07232721255516344,0.07609847754715225
mlp-fosls,155.6776383717855,0.07413779811874624,0.07232246827967023,0.07607838435908866
mlp-fosls,155.87728864939007,0.07417020896384724,0.07231772369293729,0.07605904537504903
mlp-fosls,156.07693892699461,0.07419160906959446,0.07232365252730379,0.07605118748928197
mlp-fosls,156.2765892045992,0.07419107558900395,0.07234083994626161,0.07609997823490738
mlp-fosls,156.47623948220377,0.07417879041079879,0.0723511925614288,0.07614873771886724
mlp-fosls,156.67588975980834,0.07419017571974568,0.07236154369546893,0.07615638610470642
mlp-fosls,156.87554003741292,0.07418717601351194,0.0723748747607086,0.07610401022569571
mlp-fosls,157.07519031501747,0.07417724464587608,0.07237943681518996,0.07605159827601572
mlp-fosls,157.27484059262204,0.07415433886267248,0.07237529100753826,0.07604268452535107
mlp-fosls,157.47449087022662,0.0741693098375813,0.07237132073448634,0.0760578464384321
mlp-fosls,157.6741411478312,0.07417983921974391,0.07236697816324394,0.07607300532963167
mlp-fosls,157.87379142543577,0.07419186278219228,0.0723545731070611,0.0760724221281705
mlp-fosls,158.07344170304032,0.07422032405887298,0.07234216592368985,0.07606971496737788
mlp-fosls,158.2730919806449,0.07425673303675337,0.07233215385183021,0.07606845421437075
mlp-fosls,158.47274225824947,0.07427319841025729,0.07228899549988255,0.07607789457493765
mlp-fosls,158.67239253585404,0.07426949703445102,0.07230772163238751,0.07608733376421357
mlp-fosls,158.87204281345862,0.07425881130771941,0.07232644291648554,0.07610143933384245
mlp-fosls,159.07169309106317,0.07424119150804101,0.07233927632077107,0.07612396451801044
mlp-fosls,159.27134336866774,0.07422573943862429,0.07233595393769436,0.0761464830389173
mlp-fosls,159.47099364627232,0.07423186569520837,0.07233263140201394,0.0761429137356672
mlp-fosls,159.6706439238769,0.07424463720019515,0.07235805046597027,0.07612148008580462
mlp-fosls,159.87029420148144,0.07425927869928287,0.07238815833101395,0.07610004039913408
mlp-fosls,160.06994447908602,0.07427566187426757,0.07240721643767231,0.07608868483845678
mlp-fosls,160.2695947566906,0.07428865035131296,0.072426269529418,0.07607936631769922
mlp-fosls,160.46924503429517,0.07427722792742968,0.07243684059388378,0.07607052985733402
mlp-fosls,160.66889531189975,0.07424833844233042,0.07242087908963743,0.07606813522246288
mlp-fosls,160.8685455895043,0.07421558227555397,0.07240491406671261,0.07606574051220595
mlp-fosls,161.06819586710887,0.07416962349972694,0.07237906462341394,0.07606795974932783
mlp-fosls,161.26784614471345,0.07415772160077193,0.0723539615398393,0.07608056225961307
mlp-fosls,161.46749642231802,0.07416722250697298,0.07234586247117232,0.07609316268267709
mlp-fosls,161.6671466999226,0.07423073801738372,0.07233776249571874,0.07610157886478898
mlp-fosls,161.86679697752714,0.07425412976144621,0.07234276760227776,0.07610649826636444
mlp-fosls,162.06644725513172,0.07425995752198336,0.07236454918197592,0.07611141734997826
mlp-fosls,162.2660975327363,0.07423422499626588,0.07237554649963221,0.07608003926875863
mlp-fosls,162.46574781034087,0.07419163751610153,0.07238138631823071,0.07603857123120955
mlp-fosls,162.66539808794545,0.0741518841723354,0.0723771130502634,0.0759976808855741
mlp-fosls,162.86504836555,0.07413378678189501,0.07236735059083532,0.07598487465830851
mlp-fosls,163.06469864315457,0.0741428196592333,0.07235412123253149,0.07597206627236196
mlp-fosls,163.26434892075915,0.07417350187232707,0.07234053757562676,0.07596130092941583
mlp-fosls,163.46399919836372,0.07419823629683572,0.07233155858973694,0.07595640063065519
mlp-fosls,163.66364947596827,0.07421376051011061,0.07232616300865795,0.07595150001573321
mlp-fosls,163.86329975357285,0.0741836619857974,0.07234528934735142,0.07593247169739405
mlp-fosls,164.06295003117742,0.07416753988813003,0.07237790550004786,0.07589880038464286
mlp-fosls,164.262600308782,0.07416933324541766,0.0723702126177356,0.0758651141275104
mlp-fosls,164.46225058638657,0.07420338764283507,0.07236251891759059,0.07590473178524182
mlp-fosls,164.66190086399112,0.07422152854286929,0.07237057954299755,0.07597165628538483
mlp-fosls,164.8615511415957,0.07422866013712065,0.07238510480692475,0.07603852188266028
mlp-fosls,165.06120141920027,0.07422426068460904,0.07237912703547021,0.07604438922020695
mlp-fosls,165.26085169680485,0.07421479108297552,0.07237314877027243,0.07604807185573852
mlp-fosls,165.46050197440942,0.07420789116010384,0.07237162255708039,0.07605251459763819
mlp-fosls,165.66015225201397,0.07420413720212712,0.0723767729075501,0.0760599472128321
mlp-fosls,165.85980252961855,0.07420193964111532,0.07238192289154556,0.0760673791017782
mlp-fosls,166.05945280722312,0.07419671591271787,0.07238153576615693,0.07606625924874938
mlp-fosls,166.2591030848277,0.07420749523958052,0.07236778325578848,0.07605426672809669
mlp-fosls,166.45875336243228,0.07421914634204752,0.07236644133836741,0.07604227231612032
mlp-fosls,166.65840364003682,0.07422495163134472,0.07236509939606223,0.0760429837609344
mlp-fosls,166.8580539176414,0.07423285877424696,0.07236846438351649,0.07604972486049244
mlp-fosls,167.05770419524598,0.0742576924318643,0.07237557945702654,0.07605646536256779
mlp-fosls,167.25735447285055,0.07429183085426408,0.07238269383113916,0.07598828465866982
mlp-fosls,167.4570047504551,0.0743116417594478,0.07239032273623328,0.07591318791588252
mlp-fosls,167.65665502805967,0.07430856218148636,0.07239808572893233,0.07585806931228165
mlp-fosls,167.85630530566425,0.07428981018795631,0.072405507123228,0.07591289238131238
mlp-fosls,168.05595558326883,0.07426369666555359,0.07240124252593529,0.07596767588656708
mlp-fosls,168.2556058608734,0.07422812867313983,0.07239697767743333,0.07598766466517128
mlp-fosls,168.45525613847795,0.07420351193288899,0.07239066113005371,0.07595388324614374
mlp-fosls,168.65490641608253,0.07418635228240039,0.07236556236620591,0.07592008679572981
mlp-fosls,168.8545566936871,0.07418256904046831,0.07237357436586485,0.07591427406612233
mlp-fosls,169.05420697129168,0.07420736982754852,0.0723880394055433,0.07592479785517513
mlp-fosls,169.25385724889625,0.074226978253877,0.0723991436104016,0.07593532018574804
mlp-fosls,169.4535075265008,0.0742387521693953,0.07236967366974144,0.07595343038702546
mlp-fosls,169.65315780410538,0.07424335908788604,0.07234019172362054,0.07597267579855382
mlp-fosls,169.85280808170995,0.07426163739447184,0.07232677109519894,0.07599067865326206
mlp-fosls,170.05245835931453,0.07426394642099397,0.0723481536820164,0.07599843812407563
mlp-fosls,170.2521086369191,0.07424286279403047,0.07236952995105067,0.07600619680272501
mlp-fosls,170.45175891452365,0.07421518607279197,0.07237026409115038,0.07599999779202404
mlp-fosls,170.65140919212823,0.07421486005900146,0.07235449175783598,0.0759674416922215
mlp-fosls,170.8510594697328,0.07422256221762143,0.07233871598560938,0.07593487163441105
mlp-fosls,171.05070974733738,0.074217654679586,0.07235260110511603,0.07594614993741805
mlp-fosls,171.25036002494193,0.07420314478611681,0.07237411452467503,0.0759885878736367
mlp-fosls,171.4500103025465,0.0741953453291056,0.07239570985848952,0.07603100212243706
mlp-fosls,171.64966058015108,0.07420013991470306,0.07240183647473948,0.07605391286350487
mlp-fosls,171.84931085775565,0.0742206858949763,0.07241195420804691,0.07607263425391657
mlp-fosls,172.04896113536023,0.07423251591430916,0.07242618035958132,0.07608599372045863
mlp-fosls,172.24861141296478,0.07423244058231548,0.07242522111556336,0.07601684299617194
mlp-fosls,172.44826169056935,0.07422130421943401,0.0723969709327688,0.07594762930980556
mlp-fosls,172.64791196817393,0.07423441104611775,0.0723859063008053,0.07590970226072966
mlp-fosls,172.8475622457785,0.07424263801902256,0.07239111372404662,0.0759450870275158
mlp-fosls,173.04721252338308,0.0742426750320059,0.07239328844552977,0.07598045531530638
mlp-fosls,173.24686280098763,0.07421980748056219,0.07239270678735556,0.0759630593109132
mlp-fosls,173.4465130785922,0.07420449213209082,0.0723918034371052,0.07590041391657372
mlp-fosls,173.64616335619678,0.07419121100722689,0.07239037512212929,0.07583771677431433
mlp-fosls,173.84581363380136,0.07418020923878862,0.07238894677897112,0.07588173013181357
mlp-fosls,174.04546391140593,0.07417454323990766,0.07238578897479149,0.07595631421390854
mlp-fosls,174.24511418901048,0.0741756757645411,0.07236997381635274,0.07602972269761983
mlp-fosls,174.44476446661506,0.07417732834273061,0.07236638571700546,0.07603427846249751
mlp-fosls,174.64441474421963,0.07417308776253118,0.07236279743974276,0.07603883395442264
mlp-fosls,174.8440650218242,0.07416512076034294,0.07236083876479454,0.07603331599091531
mlp-fosls,175.04371529942875,0.07416555390317325,0.07236071412064915,0.07599827633745854
mlp-fosls,175.24336557703333,0.07417467194669522,0.07236058947628907,0.07596322052121697
mlp-fosls,175.4430158546379,0.07420138859410402,0.0723631068246746,0.075952074379625
mlp-fosls,175.64266613224248,0.07423593412970195,0.07236671181030131,0.07596553576508583
mlp-fosls,175.84231640984706,0.07426210814386597,0.07237031661635272,0.0759789947655599
mlp-fosls,176.0419666874516,0.07426984128686695,0.07236350033721607,0.0759842231369796
mlp-fosls,176.24161696505618,0.07426372448000429,0.07235610991503309,0.07598644204664148
mlp-fosls,176.44126724266076,0.07425587609692132,0.07234849516714023,0.07598866089151003
mlp-fosls,176.64091752026533,0.07424654849049436,0.072339910728318,0.07597343193991976
mlp-fosls,176.8405677978699,0.0742363968834617,0.07233132527067593,0.07595766700189602
mlp-fosls,177.04021807547446,0.07423619802139031,0.0723243576853545,0.07594764302921074
mlp-fosls,177.23986835307903,0.0742224419853032,0.07231956148916978,0.07595942253259523
mlp-fosls,177.4395186306836,0.07419459930339733,0.07231476497488269,0.07597120020954158
mlp-fosls,177.63916890828818,0.0741636508442854,0.07231959857387085,0.0759734536465571
mlp-fosls,177.83881918589276,0.07417363566435368,0.07232924013230838,0.07596393239282448
mlp-fosls,178.0384694634973,0.07419828363893671,0.072338880405688,0.07595440994555654
mlp-fosls,178.23811974110188,0.0742268789689545,0.07234892427779523,0.07595851461911057
mlp-fosls,178.43777001870646,0.07422053647118355,0.07235900860055419,0.07596882935286056
mlp-fosls,178.63742029631103,0.07422422609770697,0.07236947828510251,0.07597914268630875
mlp-fosls,178.8370705739156,0.07423589433972955,0.0723822070233143,0.07595739131370133
mlp-fosls,179.03672085152016,0.07424791900094738,0.07239493352351348,0.07593308481935589
mlp-fosls,179.23637112912473,0.0742343187665725,0.07239784040612478,0.07592183286340234
mlp-fosls,179.4360214067293,0.07421550478222086,0.07238511111074201,0.07597609998634257
mlp-fosls,179.6356716843339,0.07419862737050134,0.07237237957645319,0.07603032837579385
mlp-fosls,179.83532196193843,0.07419572898203411,0.07237248051212952,0.07604656741892625
mlp-fosls,180.034972239543,0.07420418272235475,0.07238027811021418,0.07600729757603077
mlp-fosls,180.23462251714759,0.0742131898420006,0.07238807486834646,0.07596800743353276
mlp-fosls,180.43427279475216,0.07421031525552103,0.07237423831214822,0.07596375453870444
mlp-fosls,180.63392307235674,0.07420551636067606,0.07235701257014905,0.07597878218986913
mlp-fosls,180.83357334996128,0.0742084735291179,0.072340194866053,0.0759938068693404
mlp-fosls,181.03322362756586,0.07421679560796682,0.07232693599270279,0.07598984742226585
mlp-fosls,181.23287390517044,0.07421480105151679,0.07231367468830864,0.07598341083292276
mlp-fosls,181.432524182775,0.07421233669385782,0.0723131505011796,0.07597532910040268
mlp-fosls,181.6321744603796,0.07420821519549209,0.07233761689414578,0.07595567764623286
mlp-fosls,181.83182473798414,0.07420173964253052,0.07236207501476279,0.07593602110647084
mlp-fosls,182.0314750155887,0.07418994263514408,0.0723676660676788,0.07594146547918544
mlp-fosls,182.2311252931933,0.07418021360961427,0.07235943545833616,0.07599065532108495
mlp-fosls,182.43077557079786,0.07417542724308859,0.07235120391268664,0.0760398133422851
mlp-fosls,182.63042584840244,0.07418232701751878,0.07235031584958088,0.0760360799420736
mlp-fosls,182.830076126007,0.07419176605105468,0.07235107473236696,0.07599775170789444
mlp-fosls,183.02972640361156,0.07419425586918804,0.07235277118652621,0.07595940413373539
mlp-fosls,183.22937668121614,0.07418982011974881,0.0723702047095333,0.07595870947735234
mlp-fosls,183.4290269588207,0.07419563495603093,0.07238763403392663,0.0759649959772634
mlp-fosls,183.62867723642526,0.07419801685131945,0.07239560726300953,0.07597128849084596
mlp-fosls,183.82832751402984,0.07419532966211599,0.07238108376703299,0.07597765312177454
mlp-fosls,184.0279777916344,0.07418482617543072,0.07236655735628562,0.07598401721958406
mlp-fosls,184.227628069239,0.07418350265435188,0.0723651700672401,0.07599021577495356
mlp-fosls,184.42727834684356,0.07419194296892613,0.07237525890227568,0.07599606650932823
mlp-fosls,184.6269286244481,0.0742101600206303,0.07238534633116213,0.07600191679330516
mlp-fosls,184.8265789020527,0.07423752452147947,0.07238297152061508,0.07600290819540192
mlp-fosls,185.02622917965726,0.07423802980852084,0.07237689385424736,0.07600008582388182
mlp-fosls,185.22587945726184,0.07422170112739752,0.07237090818711261,0.07599726334754506
mlp-fosls,185.42552973486642,0.07419341837708301,0.0723738794626535,0.07598327790257767
mlp-fosls,185.62518001247096,0.0741803373204224,0.07237685061621509,0.0759664980614701
mlp-fosls,185.82483029007554,0.07417945297778422,0.0723846654354928,0.07595134094937983
mlp-fosls,186.02448056768011,0.0741884160993576,0.07237572060063828,0.0759757646133022
mlp-fosls,186.2241308452847,0.07420899507592515,0.07238267411493654,0.07600018042835731
mlp-fosls,186.42378112288927,0.0742055942195796,0.07239828720941803,0.07601239373372884
mlp-fosls,186.6234314004938,0.07418896899884328,0.07239849453277312,0.07599302277471805
mlp-fosls,186.8230816780984,0.07416567602320523,0.07236978510590804,0.07597364687670463
mlp-fosls,187.02273195570297,0.074166452524328,0.07236237039601587,0.0759615155688319
mlp-fosls,187.22238223330754,0.07416927216632144,0.07236300793341896,0.07595613753463633
mlp-fosls,187.4220325109121,0.0741657646478695,0.07236364546520523,0.07595075911962493
mlp-fosls,187.62168278851667,0.07415164332298024,0.07236971790084624,0.07596250568381133
mlp-fosls,187.82133306612124,0.07415960062285118,0.07237598655149804,0.07597973450560004
mlp-fosls,188.02098334372582,0.07417041946929037,0.07237988118164043,0.07599695942154443
mlp-fosls,188.2206336213304,0.07418042231520544,0.07237451551227174,0.07599281561619557
mlp-fosls,188.42028389893494,0.07418239037176658,0.07236914944507597,0.07598860704634858
mlp-fosls,188.61993417653952,0.07418683282662282,0.07236893861022795,0.07598404538414781
mlp-fosls,188.8195844541441,0.07419765401456578,0.07237522103561335,0.07597834770813264
mlp-fosls,189.01923473174867,0.0742165563162013,0.07238150291570934,0.07597264960481223
mlp-fosls,189.21888500935324,0.07423847075176343,0.07238181627938788,0.07597340083808582
mlp-fosls,189.4185352869578,0.07422533415651635,0.0723793391370564,0.07598126997670053
mlp-fosls,189.61818556456237,0.07419492478098595,0.07237686190994322,0.07598913830041797
mlp-fosls,189.81783584216694,0.07416392749891829,0.0723738343875164,0.07599046058404395
mlp-fosls,190.01748611977152,0.0741659281742707,0.07237075930433468,0.07598916978095142
mlp-fosls,190.2171363973761,0.07416960956291804,0.07236859344737129,0.07598787895593206
mlp-fosls,190.41678667498064,0.07417206767535336,0.07237121095073878,0.07597832791987823
mlp-fosls,190.61643695258522,0.07417388390051888,0.0723738283594405,0.07596837804843617
mlp-fosls,190.8160872301898,0.07417720307649839,0.07237385700779203,0.07596009338370191
mlp-fosls,191.01573750779437,0.074179675887551,0.07236998837569186,0.07595873084278329
mlp-fosls,191.21538778539892,0.07418009543382648,0.07236611953677786,0.07595736827742307
mlp-fosls,191.4150380630035,0.07417833504233066,0.0723688455006429,0.0759600293265091
mlp-fosls,191.61468834060807,0.07417911921508608,0.07237530922773505,0.07596794271388393
mlp-fosls,191.81433861821264,0.07418152537338378,0.07238177237761327,0.07597585527702719
mlp-fosls,192.01398889581722,0.07418397859878391,0.07238468349895473,0.07597442033926599
mlp-fosls,192.21363917342177,0.07417725888908666,0.07238710042097968,0.0759684578886109
mlp-fosls,192.41328945102634,0.07417071997334274,0.07238908283187191,0.07596249496995093
mlp-fosls,192.61293972863092,0.07416681856736451,0.07238780927614313,0.07595649281325567
mlp-fosls,192.8125900062355,0.07417557752674883,0.07238653569800765,0.07595048651112524
mlp-fosls,193.01224028384007,0.07418320269262607,0.07238174581439612,0.07594415412541362
mlp-fosls,193.21189056144462,0.07419205425069648,0.07237063016766325,0.07593601730725891
mlp-fosls,193.4115408390492,0.07420380793264866,0.0723595128133788,0.07592787961712132
mlp-fosls,193.61119111665377,0.07420469545458541,0.07236138096890667,0.07593232561796262
mlp-fosls,193.81084139425835,0.07419359765241648,0.07237202697829792,0.07595624771287227
mlp-fosls,194.01049167186292,0.07417844625930486,0.07238267142187912,0.07598016227599229
mlp-fosls,194.21014194946747,0.0741782271636868,0.07237904307903006,0.07598624767632058
mlp-fosls,194.40979222707205,0.07418642506387235,0.07237260689895217,0.07598191694410404
mlp-fosls,194.60944250467662,0.07419128211473125,0.0723667656968258,0.07597758596503522
mlp-fosls,194.8090927822812,0.07419064257489562,0.07236831260776429,0.07597688592220228
mlp-fosls,195.00874305988575,0.07418428574718854,0.07236985948563743,0.07597673717194883
mlp-fosls,195.20839333749032,0.07417632236911773,0.07236915675319372,0.07597732571165064
mlp-fosls,195.4080436150949,0.07416924593666901,0.07236350600846753,0.07598403071903577
mlp-fosls,195.60769389269947,0.07416619696297778,0.07235785482244969,0.07599073513480768
mlp-fosls,195.80734417030405,0.07417300842552027,0.07235755954158125,0.07599305208982103
mlp-fosls,196.0069944479086,0.07418127008603603,0.0723616070863839,0.07598710203625139
mlp-fosls,196.20664472551317,0.07418911431787736,0.07236565440479988,0.07598115151673544
mlp-fosls,196.40629500311775,0.0741909596800005,0.07236006296985141,0.07597850453443732
mlp-fosls,196.60594528072232,0.0741919782430254,0.072351940680493,0.07597819600681345
mlp-fosls,196.8055955583269,0.07419293005451003,0.0723442825697648,0.07597788747793674
mlp-fosls,197.00524583593145,0.07419415027525418,0.07235090563572362,0.07596547736954551
mlp-fosls,197.20489611353602,0.07419278908295407,0.07235752809545662,0.0759504856531863
mlp-fosls,197.4045463911406,0.07419117296241351,0.07236258586279051,0.07593752161073805
mlp-fosls,197.60419666874517,0.0741899141368835,0.07236342721081304,0.07595493835939776
mlp-fosls,197.80384694634975,0.07419034233255312,0.07236426854905359,0.07597235111524797
mlp-fosls,198.0034972239543,0.07419107324644209,0.0723691231664045,0.07598183440299244
mlp-fosls,198.20314750155887,0.07419157211461652,0.07237784105561494,0.07597295991128376
mlp-fosls,198.40279777916345,0.07419215299204979,0.07238655789488473,0.07596408438281406
mlp-fosls,198.60244805676803,0.0741944678181719,0.07238527964907977,0.0759673788634625
mlp-fosls,198.8020983343726,0.07419846819517037,0.07238065554005689,0.0759810349294781
mlp-fosls,199.00174861197715,0.07419957254369655,0.0723760311355994,0.07599468854153092
mlp-fosls,199.20139888958172,0.07419571586604806,0.07237429281581342,0.0759914917846564
mlp-fosls,199.4010491671863,0.07419453141827337,0.07237258666857198,0.07598349340499522
mlp-fosls,199.60069944479088,0.07419934626092654,0.07237345213503076,0.07597552188103655
mlp-fosls,199.80034972239542,0.07420499204227479,0.07238300080440671,0.07596915453413557
mlp-fosls,200.0,0.07419838690713004,0.072392548214301,0.07596278665351132
mlp-pinn,1.1485702991485596,1.115277213573047,0.8965308482771447,1.3007607673200838
mlp-pinn,1.347620779329592,1.077078741254014,0.8565639747100419,1.2831694307755277
mlp-pinn,1.5466712595106245,1.0411210388773964,0.8145579816753944,1.2652855562862773
mlp-pinn,1.745721739691657,1.006005628760215,0.7702646092422518,1.247145256101532
mlp-pinn,1.9447722198726893,0.9695678189881434,0.723263735432066,1.228737173152354
mlp-pinn,2.1438227000537218,0.9316390904271266,0.672988331051269,1.2100490864243152
mlp-pinn,2.342873180234754,0.8943876065733052,0.628861337528864,1.1931678443293297
mlp-pinn,2.5419236604157867,0.8653675870062747,0.6191407448583238,1.1837450721064358
mlp-pinn,2.740974140596819,0.8353399710283558,0.6092650835628515,1.174246689044105
mlp-pinn,2.9400246207778515,0.8041918897034558,0.599226686783872,1.1646708452287344
mlp-pinn,3.139075100958884,0.7717876814910686,0.5890172342632303,1.1550156140592156
mlp-pinn,3.338125581139917,0.7379618750376461,0.578627671619871,1.1452789877210525
mlp-pinn,3.5371760613209493,0.7108307630846784,0.5711813559810774,1.1358237043517587
mlp-pinn,3.7362265415019817,0.6946551419478258,0.5687230915175052,1.1267662586107856
mlp-pinn,3.935277021683014,0.6780937682362833,0.5659077898706123,1.1176354126995725
mlp-pinn,4.134327501864046,0.6611176525968857,0.5630784123434797,1.1084293526862863
mlp-pinn,4.333377982045079,0.6436939819194907,0.5602347456720854,1.0991461886723422
mlp-pinn,4.532428462226111,0.6257853736116616,0.5573765711521061,1.0897839502623132
mlp-pinn,4.7314789424071435,0.614704423296675,0.555177843406631,1.079266058746692
mlp-pinn,4.930529422588176,0.6078616845994367,0.5533068539983811,1.0680700580828015
mlp-pinn,5.129579902769208,0.6009261890130109,0.5514295163967322,1.056755445873538
mlp-pinn,5.328630382950242,0.5938936268920387,0.5495457655423086,1.045318370542564
mlp-pinn,5.527680863131274,0.5867593261336295,0.5476555352568164,1.0337547674396197
mlp-pinn,5.726731343312307,0.579518207041216,0.5457587582159157,1.0220603419634884
mlp-pinn,5.925781823493339,0.5766826737657451,0.5438432089855307,1.00624043370395
mlp-pinn,6.1248323036743715,0.5746786627536346,0.5419193956221405,0.9895748050707911
mlp-pinn,6.323882783855404,0.5743390188782281,0.5399887283483356,0.9726236575577805
mlp-pinn,6.522933264036436,0.575438971609229,0.5380511333832864,0.9553717934140902
mlp-pinn,6.721983744217469,0.5765368257442611,0.5361065356128626,0.93780261679174
mlp-pinn,6.921034224398501,0.5775729922183642,0.5342069018614063,0.9196243350485713
mlp-pinn,7.120084704579534,0.5770378723693299,0.5327108730216469,0.8983223889530566
mlp-pinn,7.319135184760566,0.5756918765501372,0.5312106309879427,0.8765028872600057
mlp-pinn,7.518185664941599,0.5736339321248182,0.5297061399622731,0.8541261664742077
mlp-pinn,7.717236145122631,0.5715655859263867,0.528197363636789,0.8311472222998315
mlp-pinn,7.9162866253036634,0.5691345503828267,0.5266842651835894,0.8075146450792859
mlp-pinn,8.115337105484695,0.5652778300741946,0.5252687874876926,0.7838173338774089
mlp-pinn,8.314387585665727,0.5637146124704886,0.5240540716460603,0.7608600312313673
mlp-pinn,8.51343806584676,0.5639401969661173,0.5228365336401404,0.7371881451597718
mlp-pinn,8.712488546027792,0.5641613097789804,0.5211311575022255,0.7127304789349284
mlp-pinn,8.911539026208825,0.5643779664687324,0.5184685881619937,0.6874031639740393
mlp-pinn,9.110589506389857,0.564590182028222,0.5157922745658109,0.6611062577832912
mlp-pinn,9.309639986570891,0.5643893456021478,0.513198583543197,0.6429202477401669
mlp-pinn,9.508690466751924,0.5637609225046549,0.5106775795243242,0.6326980409017672
mlp-pinn,9.707740946932956,0.5626140870230061,0.5081440684558871,0.6223079438409822
mlp-pinn,9.906791427113989,0.5608792411466941,0.5055978623223996,0.6117414020435824
mlp-pinn,10.105841907295021,0.5591389588514528,0.503038768349974,0.6009891088704559
mlp-pinn,10.304892387476054,0.5573931882036728,0.5004665888359957,0.5900409095881076
mlp-pinn,10.503942867657086,0.5556749515575301,0.4983093723706125,0.5856868945718581
mlp-pinn,10.702993347838119,0.5539684678652765,0.4962833354606605,0.5831753519075669
mlp-pinn,10.902043828019151,0.5522562054367485,0.4942489934431058,0.5806529459770285
mlp-pinn,11.101094308200183,0.5505381008674466,0.492206243340216,0.5781195345870002
mlp-pinn,11.300144788381216,0.5488140895289708,0.49015498002841174,0.5755749724148692
mlp-pinn,11.499195268562248,0.5470841055347336,0.48809509617513824,0.5730394422092838
mlp-pinn,11.69824574874328,0.5454047721344939,0.4862064575463622,0.5733844935070851
mlp-pinn,11.897296228924313,0.543727530393416,0.48431522765190976,0.5737293372847739
mlp-pinn,12.096346709105346,0.5420445328252939,0.48241658357819733,0.5740739739163196
mlp-pinn,12.295397189286378,0.5403557149968344,0.4805104374381461,0.5744184037745697
mlp-pinn,12.49444766946741,0.5386610112028463,0.47859669959448864,0.5747626272312544
mlp-pinn,12.693498149648443,0.5369441187166395,0.47678869114838224,0.5750537492208292
mlp-pinn,12.892548629829475,0.5350596838516191,0.47543573044126813,0.5751685013050111
mlp-pinn,13.091599110010508,0.5331676037923613,0.47407890857267315,0.5752832304995277
mlp-pinn,13.29064959019154,0.5312677755923696,0.4727181922950414,0.5753979368180709
mlp-pinn,13.489700070372573,0.5293600938499363,0.4713535478809155,0.5755126202743194
mlp-pinn,13.688750550553605,0.5274444506232189,0.4699849411131821,0.5756272808819376
mlp-pinn,13.887801030734638,0.5256197945017633,0.4688501770697205,0.5753428364822434
mlp-pinn,14.08685151091567,0.5240205535008032,0.46804240187871826,0.5745780012421795
mlp-pinn,14.285901991096702,0.522415269764328,0.46723323016935653,0.573812146552757
mlp-pinn,14.484952471277735,0.5208038659108796,0.46642265467340055,0.5730452683266021
mlp-pinn,14.684002951458767,0.5191862628104333,0.4656106680593493,0.5722773624489544
mlp-pinn,14.8830534316398,0.5183762527557001,0.4647972629316624,0.5715084247774102
mlp-pinn,15.082103911820832,0.5176258681075954,0.4640600791143575,0.5702666252571745
mlp-pinn,15.281154392001865,0.5169089238369646,0.4633668394551705,0.5687958651828368
mlp-pinn,15.480204872182897,0.5161909674241377,0.4626725610901556,0.5673212922286427
mlp-pinn,15.67925535236393,0.5154719945029295,0.4619772393362835,0.5658428765857728
mlp-pinn,15.878305832544962,0.5147520006752169,0.46128086947522956,0.5643605880549661
mlp-pinn,16.077356312725996,0.5140309815106061,0.46058344675300017,0.5628743960393228
mlp-pinn,16.276406792907025,0.5133240588105331,0.46020737135062245,0.5610153646667007
mlp-pinn,16.47545727308806,0.5126232832859006,0.4598846103950958,0.5591087399516035
mlp-pinn,16.67450775326909,0.5119215278384729,0.45956162275700146,0.5571955911423101
mlp-pinn,16.873558233450126,0.5112187882627092,0.4592384079580539,0.5552758508044331
mlp-pinn,17.072608713631155,0.5105150603223518,0.4589149655182835,0.5533494503338244
mlp-pinn,17.27165919381219,0.5098103397501059,0.4585682549920498,0.5514067078069549
mlp-pinn,17.470709673993223,0.5092064061066676,0.457957930106121,0.5493867385182428
mlp-pinn,17.669760154174256,0.5086141958052616,0.4573467907482374,0.5473593148060237
mlp-pinn,17.868810634355288,0.5080212575709437,0.456734833648958,0.5455980486729184
mlp-pinn,18.06786111453632,0.5074275885884366,0.4561220555169094,0.5442584980563495
mlp-pinn,18.266911594717353,0.5068331860236164,0.4555084530385795,0.5429156423399594
mlp-pinn,18.465962074898385,0.5062496504849422,0.45484229626868705,0.5416180746970061
mlp-pinn,18.665012555079418,0.5057694196731778,0.4540532456745776,0.5404440249597422
mlp-pinn,18.86406303526045,0.5052886772214507,0.4532628214846928,0.5392674191816906
mlp-pinn,19.063113515441483,0.5048074213529655,0.45247101650040605,0.5380882405954214
mlp-pinn,19.262163995622515,0.5043256502801057,0.4516778234599934,0.5369064722493769
mlp-pinn,19.461214475803548,0.5038433622043383,0.4508832350378567,0.5357220970050292
mlp-pinn,19.66026495598458,0.5033979904328125,0.44987187165861053,0.5344943031214472
mlp-pinn,19.859315436165613,0.5030134700024346,0.44866024941300886,0.533222208151244
mlp-pinn,20.058365916346645,0.5026286543563541,0.44744534626819543,0.5319470711096129
mlp-pinn,20.257416396527677,0.5022435428111532,0.44622713542632897,0.5306688700672979
mlp-pinn,20.45646687670871,0.5018581346807641,0.4450055897227689,0.529387582830302
mlp-pinn,20.655517356889742,0.5014724292764541,0.44378068161900797,0.5281031869353913
mlp-pinn,20.854567837070775,0.501078784357172,0.44228435690987167,0.5268429069051394
mlp-pinn,21.053618317251807,0.5006902331773742,0.4406839359982934,0.5255903868309241
mlp-pinn,21.25266879743284,0.5003013304916284,0.4390776816540749,0.5247416523980133
mlp-pinn,21.451719277613872,0.49991207524785297,0.43746552962089064,0.5239938228461201
mlp-pinn,21.650769757794905,0.49952246638844,0.4358474144540215,0.5232449244860238
mlp-pinn,21.849820237975937,0.4991325028502137,0.4342232694893547,0.5224949527219171
mlp-pinn,22.04887071815697,0.49875498765431414,0.43237204308025157,0.5217277390856209
mlp-pinn,22.247921198338002,0.4983780409066325,0.4305019054853261,0.5209564539695867
mlp-pinn,22.446971678519034,0.49800079383200957,0.42862360832740226,0.5201840252581181
mlp-pinn,22.646022158700067,0.4976232456791433,0.42673704386273764,0.5194104478492042
mlp-pinn,22.8450726388811,0.4972453956934837,0.42484210195531913,0.5186357166027841
mlp-pinn,23.04412311906213,0.4968672431172124,0.4228954707575368,0.5178573936970107
mlp-pinn,23.243173599243164,0.49658069606765964,0.42073651216201985,0.5170389262259828
mlp-pinn,23.442224079424197,0.49630021005508307,0.4185664178422396,0.5162191610732537
mlp-pinn,23.64127455960523,0.4960195500170267,0.41638501368842173,0.5153980920467504
mlp-pinn,23.84032503978626,0.4957387156055869,0.41419212100585634,0.5145757129049982
mlp-pinn,24.039375519967294,0.49545770647164455,0.4119875563440633,0.5137520173565684
mlp-pinn,24.238426000148326,0.49516705070412376,0.4096807734128731,0.5129237714733624
mlp-pinn,24.43747648032936,0.4948383236561652,0.40722496651871054,0.5120855226514213
mlp-pinn,24.63652696051039,0.49450933120385765,0.40475425953059463,0.5112458994220888
mlp-pinn,24.835577440691424,0.4941800726300719,0.4022683779023091,0.5104048950026064
mlp-pinn,25.034627920872456,0.49385054721428584,0.3997670385513918,0.509562502554243
mlp-pinn,25.23367840105349,0.49352075423256225,0.3972499494828728,0.5087187151816454
mlp-pinn,25.43272888123452,0.4932183391820256,0.39505945860687636,0.507877321202212
mlp-pinn,25.631779361415553,0.492968713402286,0.3930641181620765,0.5070385356070203
mlp-pinn,25.830829841596586,0.49271890062235313,0.3910585968091015,0.506198360121295
mlp-pinn,26.02988032177762,0.4924439981730401,0.3890427370997639,0.5053567878127937
mlp-pinn,26.22893080195865,0.49213789430671623,0.3870163774853056,0.5045138116914558
mlp-pinn,26.427981282139683,0.49183149299127593,0.38497935216530915,0.5036694247087256
mlp-pinn,26.627031762320716,0.49168609079487874,0.38337955857062095,0.5028106111593516
mlp-pinn,26.826082242501748,0.49137202347706666,0.38185826678224194,0.5019448251805662
mlp-pinn,27.02513272268278,0.4910577387804625,0.3803308900024708,0.5010775432571866
mlp-pinn,27.224183202863813,0.49074323622391974,0.3787973546240856,0.5002087576080273
mlp-pinn,27.423233683044845,0.49042851532443504,0.3772575855438018,0.4993384603842114
mlp-pinn,27.622284163225878,0.4901135755971377,0.3757341143821943,0.4984666436683433
mlp-pinn,27.82133464340691,0.48985725563351423,0.3745414029181003,0.49762683792811224
mlp-pinn,28.020385123587943,0.4896255889484341,0.3733448811610327,0.4967885893836729
mlp-pinn,28.219435603768975,0.48939372999175945,0.3721445123583479,0.49594892404088076
mlp-pinn,28.418486083950008,0.4891616782549977,0.3709402591627383,0.49510783469138836
mlp-pinn,28.61753656413104,0.48892943322740157,0.36973208361867427,0.49426531406551577
mlp-pinn,28.816587044312072,0.48869707233453685,0.36864225160248454,0.49341875791350237
mlp-pinn,29.015637524493105,0.4884191639544857,0.3678495514766737,0.4931570385401341
mlp-pinn,29.214688004674137,0.4881371126233319,0.3670551394227173,0.4933325927519185
mlp-pinn,29.41373848485517,0.48785485338305534,0.3662590043011515,0.49350808451431183
mlp-pinn,29.612788965036202,0.48757238571646044,0.3654611348511786,0.4936835138939117
mlp-pinn,29.811839445217235,0.48720216780956405,0.3646615196888093,0.49385888095719715
mlp-pinn,30.010889925398267,0.4867811428166526,0.3638865317818107,0.4941075412997016
mlp-pinn,30.2099404055793,0.48637501600141625,0.36313501400943,0.4944087766205931
mlp-pinn,30.408990885760332,0.4857772158062674,0.36238193772187804,0.49470982851537
mlp-pinn,30.608041365941364,0.4851785993055928,0.3616272931824937,0.4950106973186964
mlp-pinn,30.807091846122397,0.48457916288159797,0.3608710705528104,0.49531138336422
mlp-pinn,31.00614232630343,0.4839789028883628,0.36011325989105936,0.4956118869845765
mlp-pinn,31.20519280648446,0.48331522430347945,0.35948655744083424,0.49579277251362636
mlp-pinn,31.404243286665494,0.4825905233614305,0.35890574168655853,0.4959448112504464
mlp-pinn,31.603293766846527,0.4818646404708287,0.35832398447563507,0.4960968033919725
mlp-pinn,31.80234424702756,0.48113756944573827,0.35774128121508664,0.4962487489810185
mlp-pinn,32.00139472720859,0.48040930404360715,0.3571576272744685,0.4964006480603328
mlp-pinn,32.20044520738962,0.47967983796451774,0.3565730179854396,0.4965578058140149
mlp-pinn,32.399495687570656,0.4790694379693372,0.35607322157996496,0.4968909753293385
mlp-pinn,32.59854616775169,0.47851053545479344,0.35557585615837484,0.49722392160137835
mlp-pinn,32.79759664793272,0.47795080927802913,0.3550777940665788,0.49755664507829256
mlp-pinn,32.99664712811375,0.4773902553396118,0.3545790323688277,0.49788914620674185
mlp-pinn,33.195697608294786,0.47682886950443304,0.3540795681086959,0.4982214254318964
mlp-pinn,33.39474808847582,0.4762666476012648,0.3535704802531984,0.49855007659974804
mlp-pinn,33.59379856865685,0.47556008108344094,0.35302271380757233,0.49886842025497957
mlp-pinn,33.79284904883789,0.47484235948996,0.35247409610019403,0.499186560894605
mlp-pinn,33.991899529018916,0.47412336380191367,0.35192462314995027,0.49950449890653376
mlp-pinn,34.19095000919995,0.47340308649271623,0.35137429094459977,0.49982223467744175
mlp-pinn,34.39000048938098,0.47268151995747765,0.3508230954404313,0.5001397685927764
mlp-pinn,34.58905096956202,0.47198963361937046,0.35029502693052494,0.5004084725226323
mlp-pinn,34.788101449743046,0.4714943392601466,0.34979988132292106,0.5006232880615058
mlp-pinn,34.98715192992408,0.4709983085707642,0.3493040338370029,0.50083801146338
mlp-pinn,35.18620241010511,0.47050153784652526,0.348807481479504,0.5010526428467095
mlp-pinn,35.38525289028615,0.4700040233506364,0.34831022123582156,0.5012671823296948
mlp-pinn,35.584303370467175,0.4695057613138155,0.3478122500698034,0.5014816300302842
mlp-pinn,35.78335385064821,0.4689683517261009,0.3473442368427717,0.5017192186971104
mlp-pinn,35.98240433082924,0.468342342668259,0.3468927662232272,0.5019667088985654
mlp-pinn,36.181454811010276,0.46771537010308517,0.34644070726188864,0.5022140771373055
mlp-pinn,36.380505291191305,0.4670874291297884,0.3459880576526199,0.502461323593462
mlp-pinn,36.57955577137234,0.46645851480367,0.34553481507417994,0.5027084484467235
mlp-pinn,36.77860625155337,0.46582862213555626,0.34508097719008324,0.502955451876337
mlp-pinn,36.977656731734406,0.4651630871991625,0.3446878381361075,0.5031206788885655
mlp-pinn,37.176707211915435,0.46447155200425005,0.34430386398192564,0.5032789537704171
mlp-pinn,37.37575769209647,0.4637788339454013,0.34391946113418076,0.5034371788924614
mlp-pinn,37.5748081722775,0.46308492633827814,0.343534628153795,0.5035953543016007
mlp-pinn,37.773858652458536,0.4623898224319644,0.34314936359362097,0.5037534800446637
mlp-pinn,37.972909132639565,0.461693515408009,0.3427574303880474,0.5039075570709658
mlp-pinn,38.1719596128206,0.4610719468718053,0.34230089360705035,0.5040383097132559
mlp-pinn,38.37101009300163,0.460471971920533,0.34184374711577403,0.5041690284457818
mlp-pinn,38.570060573182666,0.4598710525391587,0.34138598846484797,0.5042997132949125
mlp-pinn,38.769111053363694,0.459269183735014,0.3409276151884581,0.5044303642869831
mlp-pinn,38.96816153354473,0.45866636046898146,0.3404686248041916,0.5045609814482941
mlp-pinn,39.16721201372576,0.458062857183463,0.3400228897357469,0.5047006342004338
mlp-pinn,39.366262493906795,0.457372368540076,0.33960724124081765,0.5048555796868435
mlp-pinn,39.565312974087824,0.45667082340009907,0.33919108340602044,0.5050104776334422
mlp-pinn,39.76436345426886,0.4559681304409483,0.33877441435430294,0.5051653280839612
mlp-pinn,39.96341393444989,0.4552642837076157,0.33835723219705527,0.5053201310820645
mlp-pinn,40.162464414630925,0.4545592771913193,0.33793953503401014,0.5054748866713494
mlp-pinn,40.361514894811954,0.4538599816756164,0.3375284839135015,0.5055704824709474
mlp-pinn,40.56056537499299,0.45318014373056603,0.33712312277195605,0.5056261525392639
mlp-pinn,40.75961585517402,0.45249922636709744,0.33671727363187637,0.5056818164789113
mlp-pinn,40.958666335355055,0.45181722417500303,0.3363109347265599,0.5057374742919135
mlp-pinn,41.157716815536084,0.45113413169699434,0.3359041042786184,0.5057931259802928
mlp-pinn,41.35676729571712,0.45044994342810996,0.3354967804998871,0.5058487715460706
mlp-pinn,41.55581777589815,0.4498004795642662,0.33504477799672344,0.5059771407703104
mlp-pinn,41.754868256079185,0.4492074066772317,0.33457675332168296,0.5061210925362274
mlp-pinn,41.95391873626021,0.44861347487156666,0.33410807302979506,0.5062650033707942
mlp-pinn,42.15296921644125,0.44801868012858215,0.3336387343581189,0.5064088733089065
mlp-pinn,42.35201969662228,0.4474230183966007,0.3331687345242527,0.5065527023854102
mlp-pinn,42.551070176803314,0.4468264855905647,0.3326980707261414,0.5066910955314019
mlp-pinn,42.75012065698434,0.4461617921670924,0.33223704398619835,0.5067163893917993
mlp-pinn,42.94917113716538,0.44544053110352033,0.3317759364183227,0.5067416819896612
mlp-pinn,43.14822161734641,0.44471807480850656,0.3313141871031525,0.5067669733251766
mlp-pinn,43.347272097527444,0.443994417196761,0.3308517933537471,0.5067922633985344
mlp-pinn,43.54632257770847,0.4432695521302003,0.3303887524643634,0.5068175522099237
mlp-pinn,43.74537305788951,0.44254347341729355,0.3299366584507236,0.506831933457262
mlp-pinn,43.94442353807054,0.4418066994173625,0.32954539523123194,0.5068165713887242
mlp-pinn,44.143474018251574,0.4410555538096437,0.3291536669195534,0.5068012088545341
mlp-pinn,44.3425244984326,0.4403031260728771,0.3287614718531776,0.5067858458546493
mlp-pinn,44.54157497861364,0.43954940961556926,0.3283688083596661,0.5067704823890274
mlp-pinn,44.74062545879467,0.43879439778952267,0.3279756747565687,0.5067551184576263
mlp-pinn,44.939675938975704,0.4380411831509067,0.32756483493331406,0.5067998691322201
mlp-pinn,45.13872641915673,0.4373598517863865,0.3271235575566069,0.5069066139387958
mlp-pinn,45.33777689933777,0.436681377687723,0.32668168410869336,0.5070133362716954
mlp-pinn,45.5368273795188,0.43600184158640953,0.32623921216753443,0.5071200361451076
mlp-pinn,45.73587785969983,0.4353212384505354,0.3257961392946438,0.507226713573206
mlp-pinn,45.93492833988086,0.4346395632080987,0.3253524630349313,0.5073333685701494
mlp-pinn,46.1339788200619,0.43393128811511306,0.32490021352511983,0.5073209625603841
mlp-pinn,46.33302930024293,0.4331430466856695,0.3244414225886957,0.5072616297502844
mlp-pinn,46.53207978042396,0.4323533609934128,0.3239819819590046,0.5072022899993992
mlp-pinn,46.73113026060499,0.43156222303059777,0.32352188886811495,0.5071429433052921
mlp-pinn,46.93018074078603,0.43076962471484004,0.32306114052838525,0.5070835896655252
mlp-pinn,47.12923122096706,0.4299755578881343,0.32259973413226684,0.5070242290776593
mlp-pinn,47.32828170114809,0.4292163877644445,0.322146154612524,0.5070055376735613
mlp-pinn,47.52733218132912,0.4285558912198758,0.32169435851996064,0.5069894964755116
mlp-pinn,47.72638266151016,0.4280044888984671,0.3212419270199669,0.5069734547699009
mlp-pinn,47.92543314169119,0.4274523727195477,0.320788857424061,0.5069574125566808
mlp-pinn,48.12448362187222,0.4268995398934686,0.3203351470247486,0.5069413698358032
mlp-pinn,48.32353410205325,0.4263459876123006,0.31988079309533424,0.5069313051714164
mlp-pinn,48.52258458223429,0.425744414976229,0.31941879701323045,0.5069526281133138
mlp-pinn,48.72163506241532,0.4251081069745336,0.31895604905034497,0.5069739501583844
mlp-pinn,48.92068554259635,0.42447078129482785,0.3184926287470917,0.5069952713067413
mlp-pinn,49.11973602277738,0.42383243277309546,0.3180285331643366,0.5070165915584977
mlp-pinn,49.31878650295842,0.4231930561997683,0.3175637593414687,0.5070379109137665
mlp-pinn,49.517836983139446,0.42255264631914713,0.3170990402587018,0.5070332257750284
mlp-pinn,49.71688746332048,0.42190316104457254,0.3166367030008746,0.5069863291043415
mlp-pinn,49.91593794350151,0.4212520577511958,0.31617368967315795,0.5069394280952709
mlp-pinn,50.11498842368255,0.42059984694748687,0.3157099973010242,0.5068925227466125
mlp-pinn,50.314038903863576,0.41994652255041154,0.3152456228880697,0.5068456130571614
mlp-pinn,50.51308938404461,0.41929207841844945,0.31478056341578864,0.5067986990257122
mlp-pinn,50.71213986422564,0.418636508350783,0.3143216447203231,0.506804226108042
mlp-pinn,50.91119034440668,0.41796353906633554,0.3138713840640217,0.5068440058795016
mlp-pinn,51.110240824587706,0.4172942472129585,0.31342047656278027,0.5068837825290814
mlp-pinn,51.30929130476874,0.4166236400020381,0.31296891942078836,0.5069235560575165
mlp-pinn,51.50834178494977,0.41595170876774057,0.3125167098220375,0.5069633264655412
mlp-pinn,51.70739226513081,0.4152784447442527,0.3120638449301156,0.5070030937538901
mlp-pinn,51.906442745311836,0.4146087620481397,0.31163477707462467,0.5069588233378152
mlp-pinn,52.10549322549287,0.4139610795567727,0.3112181920119395,0.5068968323190548
mlp-pinn,52.30454370567391,0.41331217890486993,0.3108010485761106,0.5068348337181668
mlp-pinn,52.503594185854936,0.41266205244024345,0.3103833445158411,0.5067728275323685
mlp-pinn,52.70264466603597,0.4120106924263681,0.3099650775646649,0.5067108137588754
mlp-pinn,52.901695146217,0.41135809104104953,0.3095462454408035,0.5066494594324095
mlp-pinn,53.10074562639804,0.4107084992275106,0.3090310620745089,0.5066011928850653
mlp-pinn,53.299796106579066,0.4100613688603719,0.30850155780378047,0.5065529217386765
mlp-pinn,53.4988465867601,0.4094130424841237,0.3079711431413981,0.5065046459919278
mlp-pinn,53.69789706694113,0.4087635127660449,0.3074398133753659,0.5064563656435039
mlp-pinn,53.89694754712217,0.408112772294396,0.3069075637528995,0.5064080806920886
mlp-pinn,54.095998027303196,0.4074608135771953,0.3063868820940951,0.5063962559352144
mlp-pinn,54.29504850748423,0.40680480089013515,0.3059970989901997,0.5064825326840499
mlp-pinn,54.49409898766526,0.40615416133235493,0.3056068187418194,0.5065687947385784
mlp-pinn,54.6931494678463,0.4055021559766807,0.30521603944185566,0.5066550421063057
mlp-pinn,54.892199948027326,0.40484877512560524,0.30482475917098595,0.5067412747947309
mlp-pinn,55.09125042820836,0.40419400896185664,0.3044329759975531,0.5068274928113464
mlp-pinn,55.29030090838939,0.4035378475462934,0.3040282470190755,0.5068164172827597
mlp-pinn,55.48935138857043,0.4028893421627504,0.30359372968279696,0.5067058805416531
mlp-pinn,55.688401868751455,0.4022421823157879,0.30315858955327396,0.5065953196819447
mlp-pinn,55.88745234893249,0.4015936523076865,0.3027228239448582,0.5064847346878397
mlp-pinn,56.08650282911352,0.4009437423152806,0.302286430152544,0.5063741255435265
mlp-pinn,56.285553309294556,0.4002924423929015,0.3018494054517717,0.5062634922331757
mlp-pinn,56.484603789475585,0.39963974247020406,0.30135556620145804,0.5062307872708661
mlp-pinn,56.68365426965662,0.39898565267574493,0.30080842598049273,0.5062287850555308
mlp-pinn,56.88270474983765,0.39833137651819567,0.3002602887514794,0.5062267828322764
mlp-pinn,57.081755230018686,0.39767563172810727,0.2997111490441789,0.5062247806011029
mlp-pinn,57.280805710199715,0.3970184071316837,0.29916100133814605,0.5062227783620099
mlp-pinn,57.47985619038075,0.39635969140791905,0.2986098400620824,0.5062207761149977
mlp-pinn,57.67890667056178,0.395699694721364,0.29820844365057625,0.5060995695359679
mlp-pinn,57.877957150742816,0.3950361045225162,0.29786658606127026,0.5059706842678473
mlp-pinn,58.077007630923845,0.3943710002309496,0.2975243356754088,0.5058417661605802
mlp-pinn,58.27605811110488,0.39370437012093507,0.2971816911358951,0.5057128151890524
mlp-pinn,58.47510859128591,0.3930362023092542,0.2968386510777998,0.5055838313281174
mlp-pinn,58.674159071466946,0.39236648475219443,0.2964952141282975,0.5054852258405284
mlp-pinn,58.873209551647975,0.3916776531451377,0.29612055058383807,0.5055446246067842
mlp-pinn,59.07226003182901,0.39094907858322214,0.2957429222784293,0.5056040163948252
mlp-pinn,59.27131051201004,0.3902187861278511,0.2953648111700084,0.5056634012071104
mlp-pinn,59.470360992191075,0.3894867620563746,0.29498621540201564,0.5057227790460971
mlp-pinn,59.669411472372104,0.38875299245398726,0.29460713310596204,0.5057821499142412
mlp-pinn,59.86846195255314,0.3880174632098804,0.2942169341251922,0.505791856295106
mlp-pinn,60.06751243273417,0.3873087351864891,0.2937654829950434,0.5057215389736346
mlp-pinn,60.266562912915205,0.38662298570091175,0.29331333701793144,0.5056512118736328
mlp-pinn,60.465613393096234,0.3859355934300386,0.29286049297554306,0.5055808749910203
mlp-pinn,60.66466387327727,0.3852465449781216,0.2924069476246445,0.5055105283217135
mlp-pinn,60.8637143534583,0.3845558267594995,0.29195269769681026,0.505440171861626
mlp-pinn,61.062764833639335,0.3838634249947681,0.2915238211507971,0.5053667545610881
mlp-pinn,61.261815313820364,0.38307505049730883,0.29114168958249326,0.5052913265226869
mlp-pinn,61.4608657940014,0.38224837907648335,0.2907590557962654,0.5052158872229833
mlp-pinn,61.65991627418243,0.3814196497015353,0.2903759178067677,0.5051404366569316
mlp-pinn,61.858966754363465,0.3805888454034826,0.289992273615539,0.5050649748194831
mlp-pinn,62.058017234544494,0.37975594896616816,0.28960812121088136,0.5049895017055845
mlp-pinn,62.25706771472553,0.37892317957451516,0.28922747025827356,0.5049410297069648
mlp-pinn,62.45611819490656,0.3782626332232091,0.2888494198804333,0.5048982152149466
mlp-pinn,62.655168675087594,0.3776078091281657,0.28847087405581373,0.504855397092026
mlp-pinn,62.85421915526862,0.37695158614957835,0.28809183083139905,0.504812575337279
mlp-pinn,63.05326963544966,0.37629395418865275,0.28771228824130846,0.5047697499497812
mlp-pinn,63.25232011563069,0.3756349030182588,0.28733224430667725,0.50472892641578
mlp-pinn,63.451370595811724,0.37494356566677123,0.28700956033250824,0.5047270047350952
mlp-pinn,63.65042107599275,0.3741026594341416,0.28670353835108536,0.5047250830470937
mlp-pinn,63.84947155617379,0.373259593811952,0.2863971893783262,0.5047231613517758
mlp-pinn,64.04852203635483,0.3724143504755942,0.2860905123637926,0.5047212396491408
mlp-pinn,64.24757251653585,0.37156691082556337,0.28578350625141047,0.5047193179391891
mlp-pinn,64.44662299671688,0.37071725598148764,0.2854761699794267,0.5047039216710724
mlp-pinn,64.64567347689791,0.3698789560505594,0.2851393092201362,0.5046525418405745
mlp-pinn,64.84472395707894,0.3690495489337089,0.28480140297746176,0.5046011567784457
mlp-pinn,65.04377443725998,0.368218107276441,0.28446309534511627,0.5045497664830878
mlp-pinn,65.24282491744101,0.3673846149707341,0.2841243848892925,0.5044983709529014
mlp-pinn,65.44187539762204,0.3666172781303252,0.28378527016762684,0.5044469701862864
mlp-pinn,65.64092587780308,0.3660990921669959,0.2834404891668064,0.5044148095026594
mlp-pinn,65.83997635798411,0.36548042721527735,0.2830721810184138,0.504402296696319
mlp-pinn,66.03902683816514,0.36483953306961914,0.2827033930357483,0.5043897835795633
mlp-pinn,66.23807731834617,0.3641975055081058,0.28233412333851515,0.5043772701523692
mlp-pinn,66.43712779852721,0.36355433846644936,0.28196437003410735,0.5043647564147135
mlp-pinn,66.63617827870824,0.3629100258258303,0.28159413121749205,0.5043522423665732
mlp-pinn,66.83522875888927,0.36227459805178097,0.2812583578689378,0.5043129796118954
mlp-pinn,67.0342792390703,0.3616378248495056,0.2809764689996403,0.50426330903147
mlp-pinn,67.23332971925134,0.3609884992201363,0.2806942970419601,0.504213633557947
mlp-pinn,67.43238019943237,0.360337952533485,0.2804118411413014,0.5041639531898799
mlp-pinn,67.6314306796134,0.3596861776123853,0.2801291004387598,0.5041142679258218
mlp-pinn,67.83048115979443,0.35903316720691647,0.27984607407109197,0.5040645777643248
mlp-pinn,68.02953163997547,0.35839129277328025,0.27955809512864765,0.5040220309807323
mlp-pinn,68.2285821201565,0.3577384235327157,0.27926681535697495,0.5039799085564465
mlp-pinn,68.42763260033753,0.35708300603009163,0.27897523145844955,0.5039377826112924
mlp-pinn,68.62668308051856,0.3564262767308518,0.2786833424784558,0.5038956531443868
mlp-pinn,68.8257335606996,0.35576822719570017,0.27839114745737337,0.5038535201548463
mlp-pinn,69.02478404088063,0.3551088488903954,0.278098645430541,0.5038098871628853
mlp-pinn,69.22383452106166,0.354448601030182,0.2777732773982708,0.5037587787182871
mlp-pinn,69.42288500124269,0.3537885834001606,0.27744107797792616,0.5037076650879964
mlp-pinn,69.62193548142373,0.35312722009721476,0.2771084803150758,0.5036565462704341
mlp-pinn,69.82098596160476,0.35246450228972703,0.2767754829740304,0.5036054222640209
mlp-pinn,70.02003644178579,0.3518004210446519,0.27644208451045366,0.5035542930671764
mlp-pinn,70.21908692196682,0.35113496732583316,0.27611313718760266,0.5035185218017881
mlp-pinn,70.41813740214786,0.35048433467629864,0.27588825498728536,0.5035067293678782
mlp-pinn,70.61718788232889,0.3498431143387559,0.2756631893312542,0.5034949366577758
mlp-pinn,70.81623836250992,0.34920059658999747,0.2754379397697935,0.5034831436714615
mlp-pinn,71.01528884269095,0.3485567729329099,0.2752125058513474,0.503471350408916
mlp-pinn,71.214339322872,0.3479116347728215,0.2749868871225089,0.5034595568701198
mlp-pinn,71.41338980305302,0.3472633690513617,0.2747343531192931,0.5034333521441444
mlp-pinn,71.61244028323405,0.3465878613064979,0.2744094115776805,0.5033981570620029
mlp-pinn,71.81149076341508,0.34590659995301815,0.2740840848005249,0.503362959519025
mlp-pinn,72.01054124359612,0.3452238794555562,0.27375837141441667,0.5033277595146947
mlp-pinn,72.20959172377715,0.3445396897776385,0.2734322700377666,0.5032925570484955
mlp-pinn,72.40864220395818,0.3438540207620329,0.2731057792807368,0.5032573521199107
mlp-pinn,72.60769268413921,0.3431888559838514,0.2728452158411816,0.503186158732959
mlp-pinn,72.80674316432025,0.34256698011220643,0.27265779954061187,0.503108040195297
mlp-pinn,73.00579364450128,0.34194164410117656,0.2724702543273963,0.5030299095261379
mlp-pinn,73.20484412468231,0.3413149127612511,0.27228257993515403,0.5029517667198281
mlp-pinn,73.40389460486334,0.34068677564634653,0.2720947760965856,0.5028736117707097
mlp-pinn,73.60294508504438,0.3400572221731588,0.27190684254346853,0.5027994419554046
mlp-pinn,73.80199556522541,0.3394101464467848,0.2716657559546146,0.5027821341749626
mlp-pinn,74.00104604540644,0.3388126321379029,0.27139932064890027,0.5027648257986969
mlp-pinn,74.20009652558747,0.3382146735744421,0.2711326235239443,0.5027475168265457
mlp-pinn,74.39914700576851,0.3376155346275459,0.27086566380637705,0.5027302072584476
mlp-pinn,74.59819748594954,0.3370152077075944,0.2705984407190138,0.502712897094341
mlp-pinn,74.79724796613057,0.3364136851392439,0.2703309534808287,0.5027009877224629
mlp-pinn,74.9962984463116,0.3358300754345548,0.27008007796691685,0.502702306561381
mlp-pinn,75.19534892649264,0.335310160044989,0.2698311524720071,0.5027036253968393
mlp-pinn,75.39439940667367,0.3347893837416829,0.269581997125415,0.5027049442288376
mlp-pinn,75.5934498868547,0.33426774200003617,0.26933261128924385,0.502706263057376
mlp-pinn,75.79250036703573,0.33374523025407615,0.26908299432264127,0.5027075818824545
mlp-pinn,75.99155084721677,0.3332218438959121,0.26884429400690785,0.5026365512269784
mlp-pinn,76.1906013273978,0.3327093420500776,0.26871584263896153,0.5024969770466313
mlp-pinn,76.38965180757883,0.33220823333614247,0.2685873298394055,0.5023573640872149
mlp-pinn,76.58870228775986,0.3317063231920531,0.2684587555200166,0.5022177123163881
mlp-pinn,76.7877527679409,0.33120360756979317,0.26833011959236047,0.5020780217017652
mlp-pinn,76.98680324812193,0.33070008238586357,0.2682014219677907,0.5019382922109152
mlp-pinn,77.18585372830296,0.33020380385315296,0.26803067990458235,0.5019399500823107
mlp-pinn,77.38490420848399,0.32978009619387805,0.26775970877063954,0.5019908202690896
mlp-pinn,77.58395468866503,0.32937114116833455,0.26748846313768876,0.5020416853013644
mlp-pinn,77.78300516884606,0.3289616159713576,0.2672169421698177,0.5020925451807017
mlp-pinn,77.98205564902709,0.3285515180083214,0.26694514502686256,0.5021433999086672
mlp-pinn,78.18110612920813,0.3281408446638664,0.2666730708643782,0.502194249486826
mlp-pinn,78.38015660938916,0.3277272860719044,0.2664403399967246,0.5021958904882903
mlp-pinn,78.57920708957019,0.3273653844936154,0.2662468533802727,0.502195787729145
mlp-pinn,78.77825756975122,0.32701532571236475,0.26605322605114684,0.5021956849699786
mlp-pinn,78.97730804993226,0.3266648767524638,0.26585945770190095,0.5021955822107912
mlp-pinn,79.17635853011329,0.3263140362596201,0.26566554802396763,0.5021954794515827
mlp-pinn,79.37540901029432,0.32596280287145596,0.26547149670765274,0.5021708120226256
mlp-pinn,79.57445949047535,0.3256006198875073,0.2652554575083778,0.5020418862964283
mlp-pinn,79.77350997065639,0.3252225425710925,0.26503013430039163,0.5019129274532471
mlp-pinn,79.97256045083742,0.3248440142081579,0.26480461936414246,0.5017839354675487
mlp-pinn,80.17161093101845,0.3244650331428165,0.2645789122093693,0.5016549103137671
mlp-pinn,80.37066141119948,0.3240907979509649,0.264353012343718,0.5015258519663033
mlp-pinn,80.56971189138052,0.3237677584394256,0.26412691927272897,0.5014474689582814
mlp-pinn,80.76876237156155,0.32347015898340503,0.2639101300347441,0.5014395373583452
mlp-pinn,80.96781285174258,0.3232417833418675,0.2636942780104535,0.5014316056329476
mlp-pinn,81.16686333192361,0.3230132419889593,0.263478249151525,0.5014236737820827
mlp-pinn,81.36591381210465,0.32278453455462686,0.26326204302263523,0.5014157418057446
mlp-pinn,81.56496429228568,0.3225556606674076,0.26304565918667167,0.5014078097039273
mlp-pinn,81.76401477246671,0.32232661995442213,0.2628415848307145,0.5013125162174682
mlp-pinn,81.96306525264774,0.322090082944745,0.2627493934655276,0.5011691025838675
mlp-pinn,82.16211573282878,0.32183848319299213,0.2626571697416303,0.501025647899535
mlp-pinn,82.36116621300981,0.32158667077682856,0.2625649136249254,0.5008821521291995
mlp-pinn,82.56021669319084,0.3213346451217633,0.26247262508125585,0.5007386152375392
mlp-pinn,82.75926717337187,0.3210824056505992,0.2623803040764044,0.5005950371891815
mlp-pinn,82.95831765355291,0.32083188537369656,0.2622590430060636,0.5005340996430043
mlp-pinn,83.15736813373394,0.3206303913288946,0.26207233467911756,0.5004854844313522
mlp-pinn,83.35641861391497,0.3204469284573537,0.2618854932405964,0.500436864496949
mlp-pinn,83.555469094096,0.32026335646169146,0.2616985184053925,0.5003882398384178
mlp-pinn,83.75451957427704,0.3200796751402718,0.26151140988737875,0.5003396104543817
mlp-pinn,83.95357005445807,0.31989588429081883,0.26132416739940395,0.5002940325340497
mlp-pinn,84.1526205346391,0.3197121701035831,0.2611130252720685,0.5002783121053607
mlp-pinn,84.35167101482013,0.31951915606823256,0.260878891065562,0.5002625911826674
mlp-pinn,84.55072149500117,0.3193245416168028,0.2606445465388886,0.5002468697659231
mlp-pinn,84.7497719751822,0.3191298012860644,0.26040999112424307,0.5002311478550814
mlp-pinn,84.94882245536323,0.3189349348190108,0.2601752242512608,0.5002154254500957
mlp-pinn,85.14787293554426,0.31873994195772604,0.2599402453470015,0.5001698341207821
mlp-pinn,85.3469234157253,0.31854694385909554,0.2596712769264526,0.5000601235748372
mlp-pinn,85.54597389590633,0.3183954814557065,0.2593887860078663,0.4999503889536962
mlp-pinn,85.74502437608736,0.3182439469664762,0.2591059871030673,0.4998406302415029
mlp-pinn,85.94407485626839,0.3180923402883824,0.2588228792025062,0.4997308474223835
mlp-pinn,86.14312533644943,0.31794066131815746,0.258539461291106,0.49962104048044675
mlp-pinn,86.34217581663046,0.31778890995228715,0.2582557323482202,0.4995393150731886
mlp-pinn,86.54122629681149,0.317660885497931,0.25810210898845887,0.4994813973394739
mlp-pinn,86.74027677699252,0.3175284828299932,0.2579587297936045,0.49942347288908673
mlp-pinn,86.93932725717356,0.31739601572879705,0.25781527086107486,0.49936554171968983
mlp-pinn,87.13837773735459,0.31726348409053384,0.257671732057688,0.49930760382894457
mlp-pinn,87.33742821753562,0.3171308878111015,0.25752811324989067,0.49924965921451087
mlp-pinn,87.53647869771665,0.316998226786103,0.2574086996224256,0.49923208013643144
mlp-pinn,87.73552917789769,0.3168776706227995,0.2574469151915609,0.49922684471907763
mlp-pinn,87.93457965807872,0.3167725327222232,0.25748512508879684,0.49922160924681913
mlp-pinn,88.13363013825975,0.3166673585318486,0.25752332931665817,0.49921637371965427
mlp-pinn,88.33268061844078,0.3165621480127447,0.2575615278776677,0.4992111381375813
mlp-pinn,88.53173109862182,0.3164569011259089,0.25759972077434634,0.49920590250059843
mlp-pinn,88.73078157880285,0.31635268171737135,0.257544217244571,0.49902643393270885
mlp-pinn,88.92983205898388,0.3162505634680417,0.2573071251582278,0.4988452265193133
mlp-pinn,89.1288825391649,0.31614770164965356,0.2570698144050853,0.49866395325771623
mlp-pinn,89.32793301934595,0.3160448038139516,0.256832284379005,0.49848261407608047
mlp-pinn,89.52698349952698,0.31594186992077333,0.25659453447104286,0.49830120890243823
mlp-pinn,89.726033979708,0.31583889992987807,0.2563565640694311,0.49816181094360557
mlp-pinn,89.92508445988904,0.3157395954530948,0.2561468205436556,0.49817920134572596
mlp-pinn,90.12413494007008,0.3156740218416718,0.25596038988929687,0.4981965911408047
mlp-pinn,90.32318542025111,0.3156112191892776,0.2557738233477735,0.4982139803289054
mlp-pinn,90.52223590043214,0.31554840396052475,0.2555871206215118,0.49823136891009157
mlp-pinn,90.72128638061317,0.315485576147809,0.25540028141185045,0.49824875688442666
mlp-pinn,90.92033686079421,0.31542273574351865,0.25521330541903486,0.4982185335083789
mlp-pinn,91.11938734097524,0.31535848944833067,0.2551130294823955,0.4981266416465181
mlp-pinn,91.31843782115627,0.3152957986491207,0.25504095004733296,0.49803473282978733
mlp-pinn,91.5174883013373,0.3152330953817283,0.25496885023548815,0.4979428070487982
mlp-pinn,91.71653878151834,0.3151703796387107,0.25489673002956975,0.4978508642941535
mlp-pinn,91.91558926169937,0.3151076514126181,0.2548245894122621,0.4977589045564475
mlp-pinn,92.1146397418804,0.31504491069599305,0.2547524283662249,0.49765465560503197
mlp-pinn,92.31369022206142,0.31496685989243345,0.2545760956934861,0.49754403076166376
mlp-pinn,92.51274070224247,0.31487349295318656,0.2543950666940762,0.4974333813162964
mlp-pinn,92.7117911824235,0.31478009792814454,0.2542139087816163,0.4973227072525086
mlp-pinn,92.91084166260453,0.31468667479160134,0.2540326216803118,0.49721200855386105
mlp-pinn,93.10989214278555,0.31459322351781155,0.2538512051133831,0.4971012852038961
mlp-pinn,93.3089426229666,0.3145013228297915,0.2536887483844097,0.4970398292525301
mlp-pinn,93.50799310314763,0.3144414385199833,0.2536234340422965,0.4969850605594222
mlp-pinn,93.70704358332866,0.3143966187059485,0.25355810287578245,0.49693028583003557
mlp-pinn,93.90609406350968,0.3143517924037321,0.2534927548718595,0.4968755050623739
mlp-pinn,94.10514454369073,0.3143069596104744,0.25342739001750275,0.49682071825443974
mlp-pinn,94.30419502387176,0.3142621203233136,0.25336200829967037,0.49676122064759926
mlp-pinn,94.50324550405279,0.3142128513825677,0.25324817835604363,0.49665959854805813
mlp-pinn,94.70229598423381,0.3141480374891015,0.2530517863378007,0.49655795565124494
mlp-pinn,94.90134646441486,0.31408115442797985,0.25285524178242647,0.4964562919443858
mlp-pinn,95.10039694459589,0.31401425671725186,0.25265854433394247,0.4963546074146937
mlp-pinn,95.29944742477691,0.31394734434703625,0.2524616936349834,0.49625290204936856
mlp-pinn,95.49849790495794,0.3138804173074405,0.2522646893267896,0.496175232497941
mlp-pinn,95.69754838513899,0.31383263096304703,0.2521547908120902,0.49614777953138506
mlp-pinn,95.89659886532002,0.31381151119305073,0.25210874238895536,0.496120325045711
mlp-pinn,96.09564934550104,0.3137908736420576,0.2520626855534002,0.4960928690406667
mlp-pinn,96.29469982568207,0.3137702341511761,0.25201662030081273,0.4960654115159997
mlp-pinn,96.49375030586312,0.3137495927197928,0.25197054662657636,0.49603795247145777
mlp-pinn,96.69280078604415,0.3137289493472938,0.25192446452607054,0.4959096323489154
mlp-pinn,96.89185126622517,0.3136787545963917,0.2516820939840145,0.49569757020471045
mlp-pinn,97.0909017464062,0.3136134913230736,0.251384971315475,0.49548541730031903
mlp-pinn,97.28995222658725,0.3135482135872176,0.2510874970491085,0.4952731735191082
mlp-pinn,97.48900270676828,0.31348292137869216,0.25078966993377133,0.4950608387441952
mlp-pinn,97.6880531869493,0.3134176146873535,0.2504914887108819,0.49484841285844644
mlp-pinn,97.88710366713033,0.31335229350304555,0.25019295211435866,0.49473293038776833
mlp-pinn,98.08615414731138,0.3132928974295221,0.25007258564114865,0.49464647936857387
mlp-pinn,98.2852046274924,0.3132402732411713,0.2499541208209061,0.49456001323740434
mlp-pinn,98.48425510767343,0.3131876381505554,0.2498355998280762,0.49447353198633204
mlp-pinn,98.68330558785446,0.31313499215010243,0.24971702258267686,0.49438703560742236
mlp-pinn,98.8823560680355,0.31308233523223106,0.24959838900453596,0.4943005240927338
mlp-pinn,99.08140654821653,0.31303458195812833,0.24951775877353732,0.49420318321239315
mlp-pinn,99.28045702839756,0.3130131606018305,0.2495932544232991,0.49410577847629683
mlp-pinn,99.47950750857859,0.31299622108063385,0.24966872724443942,0.4940083545346905
mlp-pinn,99.67855798875964,0.3129792802555289,0.2497441772576547,0.4939109113762092
mlp-pinn,99.87760846894066,0.3129623381261784,0.24981960448361015,0.4938134489894768
mlp-pinn,100.0766589491217,0.312945394692245,0.2498950089429398,0.4937137381859475
mlp-pinn,100.27570942930272,0.31292346217446737,0.24988019151976307,0.49360610182546893
mlp-pinn,100.47475990948377,0.31290168162900167,0.2497317873208701,0.49349844198855186
mlp-pinn,100.6738103896648,0.3128818730835054,0.24958329487968361,0.49339075865982834
mlp-pinn,100.87286086984582,0.3128620599777431,0.2494347140386076,0.49328305182391363
mlp-pinn,101.07191135002685,0.3128422423095986,0.24928604463957615,0.4931753214654062
mlp-pinn,101.2709618302079,0.3128224200769541,0.24913728652405198,0.4930416092539695
mlp-pinn,101.47001231038892,0.3128043636161141,0.24899563954046788,0.4928753067758183
mlp-pinn,101.66906279056995,0.3127466121970993,0.24885849847059596,0.49270894816612587
mlp-pinn,101.86811327075098,0.3126884032339823,0.2487212817832696,0.492542533368016
mlp-pinn,102.06716375093202,0.3126301829817846,0.24858398935326786,0.4923760623245166
mlp-pinn,102.26621423111305,0.3125719514336934,0.24844662105502377,0.492209534978559
mlp-pinn,102.46526471129408,0.3125137085828888,0.248309176762623,0.49208178038791595
mlp-pinn,102.66431519147511,0.3124387356909453,0.2482667090784556,0.49197447803169386
mlp-pinn,102.86336567165615,0.31239304646279487,0.2482453839195449,0.49186715226712796
mlp-pinn,103.06241615183718,0.3123473392867113,0.24822405692857005,0.4917598030788919
mlp-pinn,103.26146663201821,0.312301614144955,0.24820272810505875,0.49165243045164236
mlp-pinn,103.46051711219926,0.3122558710197565,0.24818139744853857,0.4915450343700193
mlp-pinn,103.65956759238028,0.312211894487641,0.2481548625747266,0.4914277781757811
mlp-pinn,103.85861807256131,0.3121846045405233,0.24793128697517808,0.4913091488936929
mlp-pinn,104.05766855274234,0.31214916870606213,0.24770750958106774,0.4911904909609968
mlp-pinn,104.25671903292339,0.31211372733532583,0.24748352984500083,0.49107180435692427
mlp-pinn,104.45576951310441,0.3120782804253982,0.24725934721710335,0.4909530890606815
mlp-pinn,104.65481999328544,0.3120428279733603,0.2470349611450062,0.49083548703675833
mlp-pinn,104.85387047346647,0.31200416973498574,0.24687575727653865,0.49072765377827454
mlp-pinn,105.05292095364752,0.3119612876476133,0.24693168151985762,0.4906197968191341
mlp-pinn,105.25197143382854,0.31192052516523167,0.24698759310051255,0.49051191614370265
mlp-pinn,105.45102191400957,0.31187975269820534,0.24704349202710096,0.4904040117363286
mlp-pinn,105.6500723941906,0.31183897023896817,0.24709937830821077,0.4902960835813432
mlp-pinn,105.84912287437164,0.31179817777994445,0.24715525195242002,0.49016093058969873
mlp-pinn,106.04817335455267,0.31175349416952336,0.24711030063844913,0.489970301610172
mlp-pinn,106.2472238347337,0.31170617857911864,0.2469366724386521,0.4897795984352211
mlp-pinn,106.44627431491473,0.31165906908478563,0.24676292206999742,0.4895888209781449
mlp-pinn,106.64532479509577,0.31161194539865733,0.246589049274239,0.4893979691520731
mlp-pinn,106.8443752752768,0.3115648075078798,0.2464150537922197,0.48920704286996625
mlp-pinn,107.04342575545783,0.3115176553995799,0.2462409353638667,0.4890263177649776
mlp-pinn,107.24247623563886,0.31147562944901863,0.24620052194241412,0.48885386024584293
mlp-pinn,107.4415267158199,0.31143283562067614,0.24623305297441803,0.4886813418657922
mlp-pinn,107.64057719600093,0.3113900314552459,0.24626557970915863,0.488508762560346
mlp-pinn,107.83962767618196,0.3113472169447872,0.24629810214833847,0.4883361222649106
mlp-pinn,108.03867815636299,0.311304392081349,0.24633062029365896,0.48816342091477816
mlp-pinn,108.23772863654403,0.3112615568569703,0.24636313414682037,0.4880320701607673
mlp-pinn,108.43677911672506,0.3112127604117034,0.24630650503163318,0.4879124695521044
mlp-pinn,108.63582959690609,0.31117075683940865,0.24623457411887037,0.48779283961889225
mlp-pinn,108.83488007708712,0.31112873777606337,0.24616262218725446,0.4876731803395502
mlp-pinn,109.03393055726816,0.31108670320741905,0.24609064921834903,0.48755349169247114
mlp-pinn,109.23298103744919,0.31104465311920493,0.2460186551936906,0.4874338290490125
mlp-pinn,109.43203151763022,0.3110086564238995,0.2459390836412571,0.48732549949395637
mlp-pinn,109.63108199781125,0.3110015295953712,0.2457466900900881,0.4872171458525307
mlp-pinn,109.8301324779923,0.31099472550980556,0.24555414579714666,0.487108768108662
mlp-pinn,110.02918295817332,0.31098791982990953,0.2453614504075547,0.487000366246259
mlp-pinn,110.22823343835435,0.3109811125553877,0.24516860356503944,0.48689194024921223
mlp-pinn,110.42728391853538,0.31097430368594436,0.24497560491192594,0.48676630821503325
mlp-pinn,110.62633439871642,0.3109477967542441,0.24481678081435934,0.48658300065778404
mlp-pinn,110.82538487889745,0.3108917740471021,0.2447494607360166,0.4863996240181249
mlp-pinn,111.02443535907848,0.3108363271016587,0.2446821221357127,0.4862161782178927
mlp-pinn,111.22348583925951,0.3107808529156466,0.24461476499815113,0.48603266317877636
mlp-pinn,111.42253631944055,0.3107253514558204,0.24454738930801445,0.48584907882231715
mlp-pinn,111.62158679962158,0.31066982268886545,0.24447999504996407,0.48567002533253295
mlp-pinn,111.82063727980261,0.31062654650239774,0.244397950999636,0.4854963893550958
mlp-pinn,112.01968775998364,0.3105825131083739,0.244299810098362,0.4853226912551755
mlp-pinn,112.21873824016468,0.31053704613693833,0.24420162975576346,0.4851489309660468
mlp-pinn,112.41778872034571,0.3104915663941028,0.24410340992424956,0.4849751084208649
mlp-pinn,112.61683920052674,0.31044607386885953,0.24400515055613367,0.4848012235526652
mlp-pinn,112.81588968070777,0.31040056855018483,0.24390685160363312,0.48464172534098404
mlp-pinn,113.01494016088881,0.31035146074058695,0.24386709720403446,0.48448892233054947
mlp-pinn,113.21399064106984,0.31030723025150253,0.24385438351720357,0.4843360711123513
mlp-pinn,113.41304112125087,0.31026298385615736,0.2438416691674924,0.48418317164073343
mlp-pinn,113.6120916014319,0.31021872153948027,0.24382895415479727,0.48403022386996797
mlp-pinn,113.81114208161294,0.31017444328637633,0.24381623847901443,0.4838772277542545
mlp-pinn,114.01019256179397,0.31013034232541437,0.24380352214004014,0.483731809064379
mlp-pinn,114.209243041975,0.31008873982544527,0.2437229466852966,0.48358713381509916
mlp-pinn,114.40829352215603,0.31004490165739085,0.24363438036541119,0.4834424152702248
mlp-pinn,114.60734400233707,0.31000104983361587,0.24354578183805978,0.48329765339086256
mlp-pinn,114.8063944825181,0.3099571843419543,0.2434571510680796,0.4831528481380609
mlp-pinn,115.00544496269913,0.309913305170222,0.24336848802024408,0.4830070766017439
mlp-pinn,115.20449544288016,0.3098629529144179,0.24328232282505477,0.48285515622551034
mlp-pinn,115.4035459230612,0.3098025022703753,0.24321823694499387,0.4827031880356303
mlp-pinn,115.60259640324223,0.30974934042202984,0.24315413417441248,0.4825511719869304
mlp-pinn,115.80164688342326,0.3096961455272128,0.24309001449994858,0.4823991080341662
mlp-pinn,116.00069736360429,0.30964291754395523,0.24302587790822242,0.48224699613202177
mlp-pinn,116.19974784378533,0.30958965643019193,0.24296172438583663,0.4820953440947269
mlp-pinn,116.39879832396636,0.3095557679551742,0.24286289898679794,0.48194456177156836
mlp-pinn,116.59784880414739,0.3095239102030931,0.24268713106096312,0.4817937322595273
mlp-pinn,116.79689928432842,0.3094843661356212,0.2425112357416261,0.48164285551427116
mlp-pinn,116.99594976450946,0.3094448155021464,0.24233521275138706,0.48149193149139796
mlp-pinn,117.19500024469049,0.30940525829898513,0.24215906181183783,0.4813409601464362
mlp-pinn,117.39405072487152,0.30936569452245044,0.24198278264355702,0.48119786122024766
mlp-pinn,117.59310120505255,0.30929647518282,0.24193798692250246,0.48106046254420354
mlp-pinn,117.79215168523359,0.30923865706734166,0.2420079059498657,0.48092302461365416
mlp-pinn,117.99120216541462,0.30920470172077796,0.24207780478260524,0.4807855473949355
mlp-pinn,118.19025264559565,0.3092081307797101,0.24214768343820928,0.4806480308543354
mlp-pinn,118.38930312577668,0.3092115569564595,0.24221754193414086,0.4805104749580934
mlp-pinn,118.58835360595772,0.30921498025129657,0.2422873802878379,0.48033326344206917
mlp-pinn,118.78740408613875,0.3092206102813852,0.2423242991456948,0.4801463882004737
mlp-pinn,118.98645456631978,0.3092090877441216,0.24235075711770468,0.4799594401978273
mlp-pinn,119.18550504650081,0.30919756477629445,0.24237721220155412,0.4797724193490738
mlp-pinn,119.38455552668185,0.3091860413778553,0.2424036643981887,0.4795853255689912
mlp-pinn,119.58360600686288,0.30917451754875575,0.24243011370855355,0.4793985021404195
mlp-pinn,119.78265648704391,0.30916299328894736,0.24245656013359324,0.4792229585686091
mlp-pinn,119.98170696722494,0.30917462943602514,0.24222658085667975,0.47904735067008125
mlp-pinn,120.18075744740598,0.30919843873055874,0.24199148332700027,0.47887167837406797
mlp-pinn,120.37980792758701,0.3092222460209679,0.24175615717512985,0.4786959416096712
mlp-pinn,120.57885840776804,0.3092460513077947,0.24152060173279286,0.47852014030586293
mlp-pinn,120.77790888794907,0.30926985459158074,0.24128481632845153,0.4783487992687165
mlp-pinn,120.97695936813011,0.3092932296440397,0.2411040932126443,0.47819065603821154
mlp-pinn,121.17600984831114,0.3093056354256839,0.24113821625030296,0.47803246049058995
mlp-pinn,121.37506032849217,0.30931277813741315,0.24117233445995473,0.4778742125738946
mlp-pinn,121.5741108086732,0.3093199201445459,0.2412064478436484,0.4777159122360821
mlp-pinn,121.77316128885424,0.309327061447207,0.24124055640343117,0.4775575594250231
mlp-pinn,121.97221176903527,0.3093342020455211,0.24127466014134902,0.47739561136527925
mlp-pinn,122.1712622492163,0.30933441337741885,0.2412860320481616,0.47722970371703993
mlp-pinn,122.37031272939733,0.3093203492321204,0.24126622357064006,0.4770637383713823
mlp-pinn,122.56936320957837,0.3093073421575667,0.24124641346666623,0.47689771526806835
mlp-pinn,122.7684136897594,0.3092943337671904,0.2412266017358394,0.4767316343467555
mlp-pinn,122.96746416994043,0.30928132406062925,0.24120678837775872,0.4765654955469956
mlp-pinn,123.16651465012146,0.30926831303752106,0.24118697339202316,0.47642468967773643
mlp-pinn,123.3655651303025,0.3092565435021971,0.24113578995119564,0.4762947316723665
mlp-pinn,123.56461561048353,0.3092315533360154,0.24106767832690998,0.47616473819800625
mlp-pinn,123.76366609066456,0.3092056742803937,0.24099954745282393,0.4760347092255984
mlp-pinn,123.96271657084559,0.30917979304133847,0.2409313973126071,0.4759046447260461
mlp-pinn,124.16176705102663,0.3091539096182925,0.24086322788990588,0.47577454467021285
mlp-pinn,124.36081753120766,0.3091280240106985,0.2407950391683436,0.47562101466513795
mlp-pinn,124.55986801138869,0.3091340093281678,0.24064947363184722,0.4754655230944473
mlp-pinn,124.75891849156972,0.3091888635235963,0.24049289868436313,0.4753099806566842
mlp-pinn,124.95796897175076,0.3092437078553127,0.2403362217309941,0.47515438730189424
mlp-pinn,125.15701945193179,0.3092985423287058,0.24017944257211474,0.4749987429800416
mlp-pinn,125.35606993211282,0.3093533669491596,0.24002256100744773,0.4748321420005453
mlp-pinn,125.55512041229385,0.3094081817220533,0.23988020731930051,0.47460358352823506
mlp-pinn,125.75417089247489,0.30943054774895495,0.23986970448398318,0.47437491493423084
mlp-pinn,125.95322137265592,0.30942285542309234,0.23985920118877288,0.474146136059206
mlp-pinn,126.15227185283695,0.3094151616875727,0.2398486974336093,0.4739172467434494
mlp-pinn,126.35132233301798,0.30940746654211315,0.2398381932184319,0.4736882468268639
mlp-pinn,126.55037281319902,0.3093997699864307,0.2398276885431803,0.4735061928077365
mlp-pinn,126.74942329338005,0.30939135827043585,0.23979180604050318,0.4734027570702511
mlp-pinn,126.94847377356108,0.30938386177873883,0.23970209823118446,0.47329929872772164
mlp-pinn,127.1475242537421,0.3093808472579502,0.2396123568364088,0.4731958177653211
mlp-pinn,127.34657473392315,0.30937783266523144,0.23952258181842606,0.4730923141682063
mlp-pinn,127.54562521410418,0.3093748180005781,0.2394327731394153,0.472988787921518
mlp-pinn,127.7446756942852,0.3093718032639856,0.2393429307614846,0.4728417978423091
mlp-pinn,127.94372617446624,0.3093683005629476,0.23924620507582833,0.4726654009295032
mlp-pinn,128.14277665464726,0.30936441275317084,0.2391436878250137,0.47248893816146526
mlp-pinn,128.3418271348283,0.3093606912838561,0.23904112660776575,0.4723124094643818
mlp-pinn,128.54087761500932,0.3093569697629445,0.23893852136746846,0.4721358147643015
mlp-pinn,128.73992809519038,0.30935324819043375,0.23883587204738418,0.47195915398713445
mlp-pinn,128.9389785753714,0.30934952656632153,0.2387331785906533,0.47176511127588744
mlp-pinn,129.13802905555244,0.30933804146108557,0.2387152173433327,0.47156719765484856
mlp-pinn,129.33707953573347,0.3093322119579225,0.23872536187289475,0.47136920093589435
mlp-pinn,129.5361300159145,0.30932661803055517,0.23873550597138776,0.47117112101426595
mlp-pinn,129.73518049609552,0.3093210219812009,0.23874564963886674,0.47097295778498427
mlp-pinn,129.93423097627658,0.3093154238095165,0.23875579287538656,0.4707761386543991
mlp-pinn,130.1332814564576,0.30930982351515846,0.23876593568100216,0.47060823420474635
mlp-pinn,130.33233193663864,0.30932243462643394,0.2387213862722735,0.47044026982845843
mlp-pinn,130.53138241681967,0.30932729485108434,0.2386744162573393,0.47027224546132446
mlp-pinn,130.7304328970007,0.3093321534662069,0.23862743699710504,0.47010416103901864
mlp-pinn,130.92948337718173,0.30933701047202755,0.23858044848610918,0.4699360164971003
mlp-pinn,131.12853385736275,0.3093418658687722,0.23853345071888482,0.4697803051895972
mlp-pinn,131.32758433754378,0.3093467196566668,0.23845206329997162,0.46965834159994874
mlp-pinn,131.52663481772484,0.30936234819793573,0.23820649959552487,0.4695363463298631
mlp-pinn,131.72568529790587,0.309380530942742,0.23796068248156443,0.46941431935464023
mlp-pinn,131.9247357780869,0.30939871012438913,0.23771461117194934,0.46929226064954793
mlp-pinn,132.12378625826793,0.30941688574439596,0.23746828487646554,0.4691701701898217
mlp-pinn,132.32283673844896,0.30943505780427993,0.2372217028007963,0.4690262426469467
mlp-pinn,132.52188721862998,0.30944849508275574,0.23711585798755425,0.4688600906559529
mlp-pinn,132.720937698811,0.30943302342196444,0.23725511557986378,0.4686938797640782
mlp-pinn,132.91998817899204,0.309412893468306,0.2373942914824513,0.4685276099086372
mlp-pinn,133.1190386591731,0.3093927616670934,0.23753338583890812,0.4683612810268329
mlp-pinn,133.31808913935413,0.3093726280177571,0.2376723987924053,0.46819489305575707
mlp-pinn,133.51713961953516,0.3093524925197272,0.23781133048569547,0.4680002555468066
mlp-pinn,133.7161900997162,0.3093271045015956,0.23779647365109977,0.46779451066044464
mlp-pinn,133.91524057989722,0.3093051630919277,0.23766634227987213,0.4675886752437589
mlp-pinn,134.11429106007824,0.30928587372827554,0.23753613961771902,0.46738274917714073
mlp-pinn,134.31334154025927,0.3092665824517622,0.23740586554734416,0.4671767323407177
mlp-pinn,134.5123920204403,0.30924728926176226,0.2372755199511294,0.46697062461435324
mlp-pinn,134.71144250062136,0.30922799415765007,0.2371451027111333,0.46684068125694295
mlp-pinn,134.9104929808024,0.3092291316491461,0.23719918051280073,0.4667152811894679
mlp-pinn,135.10954346098342,0.309258554645635,0.2373053107470299,0.46658984741963855
mlp-pinn,135.30859394116445,0.3092879748057186,0.2374113935377673,0.4664643799202669
mlp-pinn,135.50764442134547,0.3093173921302276,0.23751742894858224,0.46637403308532926
mlp-pinn,135.7066949015265,0.30934680661999225,0.23762341704290219,0.4662893079598833
mlp-pinn,135.90574538170753,0.3093762182758424,0.23772908598476275,0.46620456743701905
mlp-pinn,136.10479586188856,0.30939152313211393,0.237594107390174,0.466128006952089
mlp-pinn,136.30384634206962,0.3093886335583982,0.2374590520698597,0.4660731127693289
mlp-pinn,136.50289682225065,0.30938574342398395,0.2373239198928316,0.46601821212035954
mlp-pinn,136.70194730243168,0.3093828527288266,0.2371887107277283,0.46596330500289534
mlp-pinn,136.9009977826127,0.3093799614728816,0.23705342444281371,0.46590839141464935
mlp-pinn,137.10004826279373,0.30937686912941675,0.23695986527909788,0.4658534713533333
mlp-pinn,137.29909874297476,0.30936670585717413,0.23702220854301514,0.4657537821440906
mlp-pinn,137.4981492231558,0.30935687436915027,0.23708453541327595,0.4656059317890371
mlp-pinn,137.69719970333682,0.3093470424982745,0.23714684590280607,0.4654580344700798
mlp-pinn,137.89625018351788,0.3093372102444969,0.23720914002451424,0.46531009014243657
mlp-pinn,138.0953006636989,0.3093273776077675,0.2372714177912922,0.46516209876125436
mlp-pinn,138.29435114387994,0.30931893399789,0.2372607897398952,0.46501406028160847
mlp-pinn,138.49340162406097,0.30931845606014813,0.23714895701882724,0.4649214174572253
mlp-pinn,138.692452104242,0.30931989805936294,0.23703707153573336,0.4648536420667439
mlp-pinn,138.89150258442302,0.30932133996850264,0.2369251332158646,0.464785856793209
mlp-pinn,139.09055306460405,0.309322781787571,0.23681314198429526,0.4647180616322958
mlp-pinn,139.28960354478508,0.3093242235165715,0.2367010977659225,0.46465025657967646
mlp-pinn,139.48865402496614,0.30932755538097734,0.2366339557077818,0.46458244163101997
mlp-pinn,139.68770450514717,0.30933081120090744,0.2365935025540003,0.46448935652444084
mlp-pinn,139.8867549853282,0.3093336693902662,0.23655304248228778,0.4643933670879401
mlp-pinn,140.08580546550922,0.3093365270861175,0.2365125754890939,0.4642973578064595
mlp-pinn,140.28485594569025,0.3093393842885017,0.23647210157086532,0.4642013286676856
mlp-pinn,140.48390642587128,0.3093422409974593,0.23643162072404558,0.4641052796592922
mlp-pinn,140.6829569060523,0.3093440970559348,0.23647977782704285,0.4640069774281526
mlp-pinn,140.88200738623334,0.30936014566934134,0.23654519424189496,0.4638892380834961
mlp-pinn,141.0810578664144,0.30937619328412935,0.23661059257088235,0.46377146884792614
mlp-pinn,141.28010834659543,0.3093922399005055,0.2366759728289975,0.46365366969866567
mlp-pinn,141.47915882677646,0.3094082855186767,0.2367413350312121,0.46353584061290853
mlp-pinn,141.67820930695748,0.30942433013884985,0.23679459363733565,0.46341798156781977
mlp-pinn,141.8772597871385,0.3094323606400343,0.23661815546995535,0.4633056579236974
mlp-pinn,142.07631026731954,0.3094141956989245,0.23644158564037968,0.4632057727278441
mlp-pinn,142.27536074750057,0.30939602660799864,0.23626488385341998,0.4631058659882082
mlp-pinn,142.4744112276816,0.30937785336545276,0.23608804981278295,0.4630059376908435
mlp-pinn,142.67346170786266,0.3093596759694812,0.2359110832210647,0.46290598782178904
mlp-pinn,142.8725121880437,0.3093406631489696,0.2357900307696981,0.4628060163670686
mlp-pinn,143.07156266822471,0.30932438137731566,0.23581218086516367,0.4627148656706661
mlp-pinn,143.27061314840574,0.3093206791550903,0.23583432888024206,0.4626320353094064
mlp-pinn,143.46966362858677,0.30931697686433324,0.23585647481551925,0.4625491901154136
mlp-pinn,143.6687141087678,0.3093132745050402,0.23587861867158108,0.46246633008071664
mlp-pinn,143.86776458894883,0.309309572077207,0.2359007604490131,0.4623834551973368
mlp-pinn,144.06681506912986,0.3093065095476541,0.235887379717051,0.46230056545728865
mlp-pinn,144.26586554931092,0.3093016392152531,0.23583837097764324,0.46221746564649246
mlp-pinn,144.46491602949195,0.3092952654456915,0.23578935205178533,0.46213427512382266
mlp-pinn,144.66396650967297,0.3092888914879205,0.23574032293312283,0.4620510696230186
mlp-pinn,144.863016989854,0.30928251734192136,0.2356912836152948,0.46196784913598715
mlp-pinn,145.06206747003503,0.30922423968682144,0.23564223409193355,0.4618846136546278
mlp-pinn,145.26111795021606,0.30916340161749845,0.23556134102127627,0.4618013631708327
mlp-pinn,145.4601684303971,0.3091105067595803,0.23546738844864998,0.4616273659814761
mlp-pinn,145.65921891057812,0.30905758052951743,0.23537339837354782,0.46144596789513476
mlp-pinn,145.85826939075918,0.3090046228884661,0.23527937075102495,0.4612644984717117
mlp-pinn,146.0573198709402,0.308951633797496,0.23518530553604677,0.46108295762697815
mlp-pinn,146.25637035112123,0.3088960619193175,0.23509120268348854,0.46090134527653936
mlp-pinn,146.45542083130226,0.3088185383502488,0.2351271968198905,0.4607390434678934
mlp-pinn,146.6544713114833,0.3087329427703244,0.23517191180918887,0.4607047237337029
mlp-pinn,146.85352179166432,0.3086473125455479,0.23521661829810897,0.4606704014427078
mlp-pinn,147.05257227184535,0.30856164762896066,0.23526131629149674,0.4606360765943368
mlp-pinn,147.25162275202638,0.3084759479734954,0.23530600579419353,0.460601749188018
mlp-pinn,147.45067323220744,0.3084150312465912,0.2353323130224034,0.46056741922317945
mlp-pinn,147.64972371238846,0.30836898350964964,0.23526656261619988,0.46049460422458827
mlp-pinn,147.8487741925695,0.308323812153736,0.23520079382946427,0.4603464072265703
mlp-pinn,148.04782467275052,0.3082786277517998,0.23513500664677303,0.46019816250487394
mlp-pinn,148.24687515293155,0.30823343029246997,0.23506920105268117,0.46004987001336434
mlp-pinn,148.44592563311258,0.3081866845639778,0.23500337703172203,0.45990152970583226
mlp-pinn,148.6449761132936,0.30813207192384373,0.23493483680246088,0.4597531415359939
mlp-pinn,148.84402659347464,0.308091899239203,0.23486192844647535,0.45964207078567587
mlp-pinn,149.0430770736557,0.3080517038368098,0.23478899745046766,0.4595625006034402
mlp-pinn,149.24212755383672,0.3080114856941524,0.2347160437933336,0.4594829166417721
mlp-pinn,149.44117803401775,0.3079712447886759,0.2346430674539363,0.4594033188935104
mlp-pinn,149.64022851419878,0.30792829431929125,0.23457006841110586,0.4593237073514877
mlp-pinn,149.8392789943798,0.30787489077487196,0.23452457636064017,0.45924408200853045
mlp-pinn,150.03832947456084,0.3078118596465015,0.2344980176208711,0.45916436832605034
mlp-pinn,150.23737995474187,0.3077488013189078,0.23447145587277574,0.45908461578203635
mlp-pinn,150.4364304349229,0.307685715757815,0.23444489111533154,0.4590048493809396
mlp-pinn,150.63548091510395,0.307622602928875,0.23441832334751544,0.45892506911553455
mlp-pinn,150.83453139528498,0.3075672725033629,0.23439175256830377,0.4588452749785893
mlp-pinn,151.033581875466,0.3075276967255329,0.234375881677575,0.4587654669628658
mlp-pinn,151.23263235564704,0.3074954205790268,0.23436268191712833,0.4587166293272977
mlp-pinn,151.43168283582807,0.3074631252195788,0.2343494814132037,0.4586692776216828
mlp-pinn,151.6307333160091,0.3074308106311616,0.23433628016567548,0.4586219210271084
mlp-pinn,151.82978379619013,0.3073984767977195,0.23432307817441794,0.4585745595420598
mlp-pinn,152.02883427637116,0.30736036057056254,0.23430998714164422,0.4585271931650216
mlp-pinn,152.2278847565522,0.30728943717386004,0.234314575448986,0.4584706708665176
mlp-pinn,152.42693523673324,0.30720990757933186,0.23431916366648214,0.45836668372809164
mlp-pinn,152.62598571691427,0.3071303527957838,0.23432375179413786,0.45826267299331946
mlp-pinn,152.8250361970953,0.3070507727964856,0.23432833983195847,0.45815863864613066
mlp-pinn,153.02408667727633,0.30697116755465725,0.23433292777994924,0.4580545806704365
mlp-pinn,153.22313715745736,0.3068845418753975,0.23433452455605105,0.4579504990501299
mlp-pinn,153.4221876376384,0.3068285316803375,0.2343258067581779,0.45780205668630747
mlp-pinn,153.62123811781942,0.3067726341606116,0.23431708863595796,0.4575774693100007
mlp-pinn,153.82028859800047,0.3067167078368759,0.234308370189355,0.4573527716479656
mlp-pinn,154.0193390781815,0.30666075267293547,0.23429965141833278,0.457127963537572
mlp-pinn,154.21838955836253,0.3066091210113752,0.23429093232285514,0.4569030448157895
mlp-pinn,154.41744003854356,0.3065726728297084,0.23427974728661582,0.4566780153191863
mlp-pinn,154.6164905187246,0.30653343120622145,0.23426545167401605,0.4565238141240485
mlp-pinn,154.81554099890562,0.3064941757719364,0.2342511551889999,0.45642208076862995
mlp-pinn,155.01459147908665,0.30645490651476354,0.23423685783140763,0.4563203247324874
mlp-pinn,155.2136419592677,0.30641562342259504,0.2342225596010795,0.45621854600044454
mlp-pinn,155.41269243944873,0.30637398109619984,0.23420826049785562,0.45611674455730816
mlp-pinn,155.61174291962976,0.30632563623552933,0.23413731364097434,0.45601492038786806
mlp-pinn,155.8107933998108,0.3062725761612941,0.23403645986325025,0.45601650232449026
mlp-pinn,156.00984387999182,0.30621949898534107,0.23393556260567458,0.45604691769299266
mlp-pinn,156.20889436017285,0.30616640469051615,0.23383462181196402,0.4560773310331227
mlp-pinn,156.40794484035388,0.3061132932596363,0.2337336374257137,0.45610774234528617
mlp-pinn,156.6069953205349,0.3060587983484552,0.23363260939039682,0.45613815162988874
mlp-pinn,156.80604580071596,0.30600709054806097,0.2336567131093436,0.4561685588873358
mlp-pinn,157.005096280897,0.3059571350099778,0.23370028297836262,0.45597273694629264
mlp-pinn,157.20414676107802,0.3059071607795635,0.23374384472595516,0.45577474567616855
mlp-pinn,157.40319724125905,0.30585716783726447,0.23378739835666099,0.45557666836006777
mlp-pinn,157.60224772144008,0.3058071561634925,0.23383094387501574,0.45537850488570747
mlp-pinn,157.8012982016211,0.3057283368105573,0.2338686958773564,0.4551802551405601
mlp-pinn,158.00034868180214,0.30563504367684163,0.23383017661414648,0.45500274244133876
mlp-pinn,158.19939916198317,0.3055405957201609,0.2337916510045439,0.4549099272358531
mlp-pinn,158.39844964216422,0.30544609784886734,0.23375311904541077,0.4548170930894298
mlp-pinn,158.59750012234525,0.30535154997792424,0.23371458073360657,0.45472423999046824
mlp-pinn,158.79655060252628,0.3052634454807891,0.2336760360659882,0.45463136792735587
mlp-pinn,158.9956010827073,0.3052459632671197,0.23363500402148052,0.4545384768884684
mlp-pinn,159.19465156288834,0.3052299292167646,0.23358738826837624,0.4544486220321843
mlp-pinn,159.39370204306937,0.30521389427475204,0.23353976280703265,0.4543633079134938
mlp-pinn,159.5927525232504,0.30519785844092584,0.23349212763150926,0.4542779777726778
mlp-pinn,159.79180300343143,0.30518182171512986,0.23344448273585935,0.4541926316007061
mlp-pinn,159.99085348361248,0.305148907339202,0.23339682811413026,0.45410726938853985
mlp-pinn,160.1899039637935,0.30508187918285873,0.2333284146019514,0.4540218911271318
mlp-pinn,160.38895444397454,0.30502484866499036,0.23323752519247873,0.453974103701908
mlp-pinn,160.58800492415557,0.3049677891046605,0.2331466003508612,0.45395057634428104
mlp-pinn,160.7870554043366,0.30491070046470836,0.23305564003562804,0.4539270477672147
mlp-pinn,160.98610588451763,0.3048535827078923,0.23296464420522756,0.4539035179705192
mlp-pinn,161.18515636469866,0.3048129634230523,0.2328736128180269,0.453879986954005
mlp-pinn,161.38420684487969,0.3047894478839446,0.2328284152277033,0.4538564547174822
mlp-pinn,161.58325732506074,0.30476768998503123,0.23280299094695256,0.4537363821948473
mlp-pinn,161.78230780524177,0.3047459233150243,0.23277756388932744,0.45359396014787157
mlp-pinn,161.9813582854228,0.30472414786889024,0.2327521340539179,0.4534514933683528
mlp-pinn,162.18040876560383,0.3047023636415893,0.23272670143981333,0.45330898181411505
mlp-pinn,162.37945924578486,0.30467136629374014,0.23270126604610267,0.4531664254429161
mlp-pinn,162.5785097259659,0.3046304782906609,0.23271390686903343,0.4530239433627462
mlp-pinn,162.77756020614692,0.3045873059158625,0.2327299612557318,0.4528873218918815
mlp-pinn,162.97661068632794,0.3045441189814037,0.23274601453502847,0.4527506591942951
mlp-pinn,163.175661166509,0.3045009174738208,0.23276206670715258,0.45261395523264275
mlp-pinn,163.37471164669003,0.30445770137962924,0.23277811777233315,0.45247720996952406
mlp-pinn,163.57376212687106,0.30442284303153533,0.23278945386940814,0.4523404233674819
mlp-pinn,163.7728126070521,0.3043758045448929,0.2327716239738579,0.4522352915715638
mlp-pinn,163.97186308723312,0.3043282279609071,0.2327537927124645,0.45224010413084936
mlp-pinn,164.17091356741415,0.30428064115451403,0.23273596008491398,0.45224491663892213
mlp-pinn,164.36996404759518,0.30423304411828656,0.23271812609089235,0.45224972909578376
mlp-pinn,164.5690145277762,0.30418263603569573,0.23270029073008539,0.45225454150143585
mlp-pinn,164.76806500795726,0.30412584349690686,0.23266854419902291,0.45225935385588006
mlp-pinn,164.9671154881383,0.30409633831738103,0.2326079207521197,0.4521967733428655
mlp-pinn,165.16616596831932,0.3040668102105075,0.23254728150110915,0.45204536643807947
mlp-pinn,165.36521644850035,0.3040372591575527,0.2324866264336248,0.4518939088044629
mlp-pinn,165.56426692868138,0.3040076851397448,0.23242595553728398,0.4517424003909915
mlp-pinn,165.7633174088624,0.30397876967079085,0.23236526879968794,0.45159084114655557
mlp-pinn,165.96236788904343,0.30393310844928845,0.23231644734568527,0.4514392310199594
mlp-pinn,166.16141836922446,0.30386035189353483,0.23227742282347205,0.4513424363387984
mlp-pinn,166.36046884940552,0.3037875744863036,0.23223839174371555,0.4512765746785428
mlp-pinn,166.55951932958655,0.30371477620764786,0.23219935410310888,0.4512107034046894
mlp-pinn,166.75856980976758,0.3036419570375873,0.23216030989834247,0.4511448225130271
mlp-pinn,166.9576202899486,0.30357752198494503,0.23212125912610393,0.4510789319993419
mlp-pinn,167.15667077012964,0.3035318519305487,0.23207797735253805,0.45101303185941655
mlp-pinn,167.35572125031067,0.3034949585369475,0.23203327054143252,0.450918324437353
mlp-pinn,167.5547717304917,0.3034580552085248,0.23198855511482042,0.45081833831370727
mlp-pinn,167.75382221067272,0.3034211419376185,0.2319438310677189,0.45071833000941347
mlp-pinn,167.95287269085378,0.30338421871655663,0.23189909839514036,0.45061829950970345
mlp-pinn,168.1519231710348,0.30333460973527926,0.23185435709209226,0.45051824679979285
mlp-pinn,168.35097365121584,0.30329799550406555,0.23186250876137357,0.4504193814682612
mlp-pinn,168.55002413139687,0.3032648898651638,0.23187238874703966,0.4503428549949875
mlp-pinn,168.7490746115779,0.30323176212369995,0.23188226831174164,0.45026631551540885
mlp-pinn,168.94812509175893,0.3031986122599052,0.2318921474555333,0.4501897630228914
mlp-pinn,169.14717557193995,0.3031661791383166,0.23190202617846842,0.45011319751079554
mlp-pinn,169.34622605212098,0.30314520395775757,0.23190811176282658,0.45003661897247627
mlp-pinn,169.54527653230204,0.30308973755368807,0.23189592550326668,0.44995446198908295
mlp-pinn,169.74432701248307,0.303034258601224,0.2318837386032784,0.4498561296336884
mlp-pinn,169.9433774926641,0.30297876709081867,0.23187155106276083,0.44975777577949505
mlp-pinn,170.14242797284513,0.3029232630129125,0.23185936288161288,0.44965940041239577
mlp-pinn,170.34147845302616,0.30287269514112314,0.23184717405973357,0.4495610035182678
mlp-pinn,170.54052893320718,0.30283969793651294,0.23182933985885362,0.449462585082973
mlp-pinn,170.7395794133882,0.30282159529559627,0.2318020179951141,0.44941339841275874
mlp-pinn,170.93862989356924,0.30280348896173187,0.23177469291064232,0.44942094397518145
mlp-pinn,171.1376803737503,0.3027853789332971,0.231747364604299,0.4494284894109199
mlp-pinn,171.33673085393133,0.302767265208668,0.23172003307494424,0.44943603471998045
mlp-pinn,171.53578133411236,0.3027437556708691,0.23169269832143738,0.44944357990236955
mlp-pinn,171.7348318142934,0.3027149349677293,0.23165604641407503,0.4494511249580935
mlp-pinn,171.93388229447442,0.3026863145941964,0.23161237355632897,0.4493501220671233
mlp-pinn,172.13293277465544,0.3026576863407401,0.23156869246207026,0.4491958409407816
mlp-pinn,172.33198325483647,0.30262905020211894,0.231525003126637,0.4490415068067241
mlp-pinn,172.5310337350175,0.3026004061730857,0.23148130554536292,0.44888711961027633
mlp-pinn,172.73008421519856,0.30256064986618114,0.23143759971357739,0.4487326792966697
mlp-pinn,172.9291346953796,0.30251422306483244,0.23144578186065978,0.4485781858110413
mlp-pinn,173.12818517556062,0.3024665389274051,0.2314678658380059,0.4484849339780961
mlp-pinn,173.32723565574165,0.3024188383607383,0.23148994770855622,0.4484002230886881
mlp-pinn,173.52628613592267,0.3023711213484571,0.23151202747291355,0.44831549619284117
mlp-pinn,173.7253366161037,0.30232338787415924,0.2315341051316805,0.44823075328147827
mlp-pinn,173.92438709628473,0.3022863748191682,0.23155615012111255,0.4481459943455141
mlp-pinn,174.12343757646576,0.302244497632985,0.23156504729548855,0.44806374968849205
mlp-pinn,174.32248805664682,0.3022016729191378,0.23157394412803112,0.44800930418942314
mlp-pinn,174.52153853682785,0.3021588383009283,0.23158284061877968,0.44795485207291874
mlp-pinn,174.72058901700888,0.3021159937708324,0.23159173676777361,0.4479003933365653
mlp-pinn,174.9196394971899,0.3020764343331227,0.2316006325750523,0.4478459279779479
mlp-pinn,175.11868997737093,0.3020547709606364,0.23159024264172373,0.4477914559946502
mlp-pinn,175.31774045755196,0.3020402071987849,0.23150951171790043,0.44772404650322994
mlp-pinn,175.516790937733,0.3020256413557155,0.23142875263214135,0.447624861973246
mlp-pinn,175.71584141791402,0.30201107343071765,0.23134796535495417,0.44752565546112405
mlp-pinn,175.91489189809508,0.30199650342308004,0.231267149856795,0.4474264269522419
mlp-pinn,176.1139423782761,0.3019716201939241,0.23118630610806834,0.44732717643196124
mlp-pinn,176.31299285845714,0.30193067271414953,0.2311362618120852,0.44722790388562755
mlp-pinn,176.51204333863816,0.301891874415647,0.23112930774680499,0.4471471275525086
mlp-pinn,176.7110938188192,0.30185306250089855,0.23112235347228918,0.4470851818166849
mlp-pinn,176.91014429900022,0.30181423695781917,0.23111539898851888,0.4470232274968012
mlp-pinn,177.10919477918125,0.3017753977743056,0.23110844429547522,0.44696126458928814
mlp-pinn,177.30824525936228,0.3017385806639661,0.2311014893931393,0.4468992930905736
mlp-pinn,177.50729573954334,0.3016957563316569,0.23114157778143965,0.44683731299708296
mlp-pinn,177.70634621972437,0.3016452140991872,0.23121158307429276,0.44677920491858375
mlp-pinn,177.9053966999054,0.3015946598024524,0.23128156717764575,0.44672274218178004
mlp-pinn,178.10444718008642,0.3015440934317195,0.2313515301107281,0.44666627230756567
mlp-pinn,178.30349766026745,0.3014935149772421,0.23142147189274032,0.44660979529323325
mlp-pinn,178.50254814044848,0.3014406935465041,0.23149139254285392,0.44655331113607366
mlp-pinn,178.7015986206295,0.3014082972717625,0.23140557543884188,0.4464968198333761
mlp-pinn,178.90064910081054,0.30138474629981216,0.23128768674469427,0.4463870068904234
mlp-pinn,179.0996995809916,0.30136117947424834,0.231169737931335,0.44627168557158853
mlp-pinn,179.29875006117263,0.3013375967843868,0.23105172890669395,0.4461563344448028
mlp-pinn,179.49780054135366,0.30131535365342443,0.2309336595784657,0.44604095348694
mlp-pinn,179.69685102153468,0.3013279486931276,0.23082067746152998,0.4459255426748444
mlp-pinn,179.8959015017157,0.30131531726516153,0.2308595517359373,0.445816805725004
mlp-pinn,180.09495198189674,0.301300068829943,0.2308984194654354,0.4457603969081816
mlp-pinn,180.29400246207777,0.3012848196209078,0.23093728065332894,0.44570398095219343
mlp-pinn,180.49305294225883,0.30126956963793783,0.23097613530291974,0.44564755785432825
mlp-pinn,180.69210342243986,0.3012409271927837,0.23101498341750681,0.44559112761187303
mlp-pinn,180.89115390262089,0.3011746998203527,0.23103356208036954,0.44553469022211295
mlp-pinn,181.09020438280191,0.30111717240038255,0.23098648881008133,0.4454862114265804
mlp-pinn,181.28925486298294,0.30105962045860335,0.230939405944667,0.445454685918151
mlp-pinn,181.48830534316397,0.3010020439650319,0.23089231347825667,0.44542315817845535
mlp-pinn,181.687355823345,0.30094444288962385,0.2308452114049746,0.44539162820701955
mlp-pinn,181.88640630352603,0.3009056784053853,0.23079809971893891,0.4453600960033696
mlp-pinn,182.0854567837071,0.3008765195351052,0.23075512567227044,0.4453285615670314
mlp-pinn,182.28450726388812,0.3008256073911343,0.23071745539211225,0.4452542602079639
mlp-pinn,182.48355774406915,0.3007746863780485,0.23067977896035294,0.4451415182145646
mlp-pinn,182.68260822425017,0.3007237564910881,0.2306420963739778,0.44502874765951234
mlp-pinn,182.8816587044312,0.30067281772548926,0.23060440762996978,0.4449159485210889
mlp-pinn,183.08070918461223,0.3006181446312146,0.23056671272530918,0.4448031207775487
mlp-pinn,183.27975966479326,0.30058973582286885,0.2305599884013339,0.4446902644071184
mlp-pinn,183.4788101449743,0.30058409719284096,0.23057052197298203,0.44462003197118755
mlp-pinn,183.67786062515535,0.30057845132690886,0.23058105506342788,0.44456524378531903
mlp-pinn,183.87691110533638,0.30057279822370664,0.23059158767273738,0.4445104488465265
mlp-pinn,184.0759615855174,0.3005671378818652,0.23060211980097645,0.44445564715231234
mlp-pinn,184.27501206569843,0.3005597016989097,0.23061265144821103,0.44440083870017744
mlp-pinn,184.47406254587946,0.3005289444883459,0.23064648287902778,0.44434602348762103
mlp-pinn,184.6731130260605,0.3004905036740396,0.23068463587141014,0.4442802314690614
mlp-pinn,184.87216350624152,0.30045205683886267,0.23072278255470244,0.4442137090126463
mlp-pinn,185.07121398642255,0.30041360397964667,0.23076092293203357,0.4441471765927834
mlp-pinn,185.2702644666036,0.3003751825177936,0.23079905700652972,0.44408063420499466
mlp-pinn,185.46931494678464,0.30033698856003255,0.23083093649558892,0.44401408184479846
mlp-pinn,185.66836542696566,0.3003255102016066,0.23073876014480368,0.4439509473959375
mlp-pinn,185.8674159071467,0.30031530739116924,0.23064654695635894,0.44390813808358986
mlp-pinn,186.06646638732772,0.3003050974032442,0.23055429688605358,0.44386532464242867
mlp-pinn,186.26551686750875,0.3002948802355525,0.23046200988959806,0.44382250707125886
mlp-pinn,186.46456734768978,0.3002864361576516,0.23036968592261403,0.4437796853688851
mlp-pinn,186.6636178278708,0.30027972656928015,0.23029365027391338,0.44373685953411146
mlp-pinn,186.86266830805187,0.3002651542687387,0.230266589343758,0.44368526047083595
mlp-pinn,187.0617187882329,0.3002505780295389,0.23023952523302824,0.4436175776962111
mlp-pinn,187.26076926841392,0.3002359978501144,0.23021245794060233,0.4435498845936432
mlp-pinn,187.45981974859495,0.30022141372889777,0.23018538746535794,0.443482181158403
mlp-pinn,187.65887022877598,0.3002006894574071,0.23015831380617194,0.4434144673857574
mlp-pinn,187.857920708957,0.30016628664373035,0.23015305996888225,0.44334674327096985
mlp-pinn,188.05697118913804,0.3001162654993216,0.2301742178178571,0.44329039933157444
mlp-pinn,188.25602166931907,0.300066234936355,0.2301953737221597,0.4432429811791345
mlp-pinn,188.45507214950013,0.3000161949490274,0.23021652768232606,0.44319555795335586
mlp-pinn,188.65412262968115,0.29996614553152956,0.2302376796988921,0.44314812965260986
mlp-pinn,188.85317310986218,0.2999183986761538,0.23025882977239345,0.4431006962752667
mlp-pinn,189.0522235900432,0.29988231532294485,0.23029068857496834,0.443053257819696
mlp-pinn,189.25127407022424,0.29985390017082486,0.23032818380671766,0.44295630714310164
mlp-pinn,189.45032455040527,0.29982547862004516,0.2303656729355942,0.442844412118026
mlp-pinn,189.6493750305863,0.299797050666612,0.23040315596457703,0.44273248881290184
mlp-pinn,189.84842551076733,0.29976877084213455,0.23044063289664274,0.44262053720627614
mlp-pinn,190.04747599094839,0.29975058730054294,0.23047810373476546,0.4425085572766686
mlp-pinn,190.2465264711294,0.299735244584865,0.23041648657197375,0.4423965490025718
mlp-pinn,190.44557695131044,0.29972061829430885,0.23033738252098485,0.4423701526484312
mlp-pinn,190.64462743149147,0.2997059889803765,0.23025825129420321,0.4423459009389217
mlp-pinn,190.8436779116725,0.2996913566419156,0.23017909286360128,0.442321647899734
mlp-pinn,191.04272839185353,0.2996798224938573,0.2300999072011032,0.4422973935306495
mlp-pinn,191.24177887203456,0.29967842006475925,0.23002595975332607,0.44227313783144934
mlp-pinn,191.4408293522156,0.299661533424308,0.2300461994718446,0.44224007589819836
mlp-pinn,191.63987983239664,0.2996446458101195,0.230066437409807,0.4421678019370366
mlp-pinn,191.83893031257767,0.29962775722202184,0.23008667356768314,0.44209551616049736
mlp-pinn,192.0379807927587,0.29961086765984274,0.23010690794594263,0.44202321856278404
mlp-pinn,192.23703127293973,0.29957763666177395,0.2301271405450549,0.44195090913809526
mlp-pinn,192.43608175312076,0.299525447108029,0.23012656524239153,0.44187858788062484
mlp-pinn,192.6351322333018,0.29947600032175326,0.23006435375829923,0.44179551652182003
mlp-pinn,192.83418271348282,0.29942654056621487,0.2300021254471076,0.44169576488156087
mlp-pinn,193.03323319366385,0.2993770678301215,0.22993988029515497,0.4415959907085122
mlp-pinn,193.2322836738449,0.2993275821021638,0.22987761828876113,0.4414961939873974
mlp-pinn,193.43133415402593,0.2992941153711024,0.22981533941422738,0.44139637470292276
mlp-pinn,193.63038463420696,0.2992747759701583,0.22977290832600358,0.4412965328397769
mlp-pinn,193.829435114388,0.299264168165442,0.22975448458074121,0.44121985207588954
mlp-pinn,194.02848559456902,0.29925355733827497,0.22973605935798166,0.4411586043682958
mlp-pinn,194.22753607475005,0.2992429434877304,0.22971763265736936,0.4410973481562718
mlp-pinn,194.42658655493108,0.2992323266128809,0.22969920447854864,0.4410360834362739
mlp-pinn,194.6256370351121,0.29922202070728227,0.22968077482116372,0.4409748102047561
mlp-pinn,194.82468751529316,0.29920242970493527,0.22969057683493174,0.44091352845816983
mlp-pinn,195.0237379954742,0.29917725483023483,0.22971521533084568,0.44086367814685756
mlp-pinn,195.22278847565522,0.2991520772440729,0.22973985118439927,0.440816549966425
mlp-pinn,195.42183895583625,0.2991268969454608,0.22976448439644245,0.44076941674692827
mlp-pinn,195.62088943601728,0.2991000190996435,0.22978911496782473,0.4407222784867506
mlp-pinn,195.8199399161983,0.29905945589000027,0.22981374289939516,0.4406751351842745
mlp-pinn,196.01899039637934,0.299028932531609,0.22981333058015865,0.4406279799080586
mlp-pinn,196.21804087656037,0.2990003315667061,0.22980872162551527,0.44058034575573407
mlp-pinn,196.41709135674142,0.29897172229070607,0.2298041125784346,0.44053270645279885
mlp-pinn,196.61614183692245,0.2989431046978873,0.22979950343891112,0.4404850619975819
mlp-pinn,196.81519231710348,0.2989195212401302,0.22979489420693924,0.44043741238841105
mlp-pinn,197.0142427972845,0.29890439874403596,0.229787676391516,0.44038975762361343
mlp-pinn,197.21329327746554,0.2988624128417031,0.22973708031400508,0.44034787927367686
mlp-pinn,197.41234375764657,0.2988204210179263,0.22968647309102722,0.4403263072723145
mlp-pinn,197.6113942378276,0.2987784232701898,0.22963585471521364,0.4403047342140677
mlp-pinn,197.81044471800863,0.29873641959597674,0.22958522517918756,0.44028316009878093
mlp-pinn,198.00949519818968,0.2986996530049564,0.22953458447556394,0.440261584926299
mlp-pinn,198.2085456783707,0.2986772050456816,0.22949077219514807,0.4402400086964664
mlp-pinn,198.40759615855174,0.298680663013405,0.22946657814859608,0.4402037271025848
mlp-pinn,198.60664663873277,0.2986841192522252,0.22944238155085073,0.44014768860343184
mlp-pinn,198.8056971189138,0.2986875737622968,0.2294181824011048,0.4400916429686892
mlp-pinn,199.00474759909483,0.2986910265437742,0.22939398069855058,0.4400355901956305
mlp-pinn,199.20379807927586,0.29868101697924165,0.22936977644238007,0.43997953028152736
mlp-pinn,199.40284855945688,0.2986674990762298,0.22940556728444067,0.43992346322365
mlp-pinn,199.60189903963794,0.2986545444196912,0.22951581729000597,0.4398690034901061
mlp-pinn,199.80094951981897,0.2986415834196817,0.22962601436140193,0.4398154676831073
mlp-pinn,200.0,0.2986286160737233,0.22973615857480104,0.43976192535875797
mlp-vpinn,1.186931848526001,0.9924059730746735,0.8205561684695346,1.1212273494852432
mlp-vpinn,1.3859439287577067,0.9672759802008855,0.7957924572764277,1.1094936504455135
mlp-vpinn,1.5849560089894124,0.9408703354548165,0.7700999327685807,1.0974969633522775
mlp-vpinn,1.7839680892211183,0.9145155840394468,0.7435201260505931,1.085367683670391
mlp-vpinn,1.9829801694528237,0.8873660330258333,0.7159542228623331,1.0731013153214328
mlp-vpinn,2.1819922496845297,0.8593438054610967,0.6872835809376832,1.0606931022369988
mlp-vpinn,2.3810043299162356,0.8303571638192686,0.657712059400207,1.0481447331021876
mlp-vpinn,2.580016410147941,0.8064937446662963,0.6444605558802512,1.036834696595265
mlp-vpinn,2.7790284903796465,0.7819315269190303,0.6309307910464533,1.0253999193474392
mlp-vpinn,2.9780405706113524,0.7565350786602991,0.6171044628711774,1.0138361806187797
mlp-vpinn,3.1770526508430583,0.730208823514917,0.6029611704749694,1.0021390161377883
mlp-vpinn,3.376064731074764,0.7058302086587396,0.5884780608532201,0.9903036979631823
mlp-vpinn,3.5750768113064697,0.6818389720741098,0.5740683258139075,0.97839223086692
mlp-vpinn,3.774088891538175,0.6689788565598457,0.5681248582556986,0.9688834008188544
mlp-vpinn,3.973100971769881,0.6558441130662345,0.562118551938408,0.9592803194811563
mlp-vpinn,4.1721130520015866,0.6424150266870343,0.5560473705527323,0.9495801273749519
mlp-vpinn,4.371125132233292,0.6286692783933481,0.5499091653754123,0.9397798174396971
mlp-vpinn,4.570137212464998,0.6145814201573108,0.5437016663843853,0.9298762241441335
mlp-vpinn,4.769149292696704,0.6004654231148665,0.5378817517427376,0.9197722000629891
mlp-vpinn,4.96816137292841,0.5956571042101618,0.537640055964545,0.9075486286311009
mlp-vpinn,5.167173453160116,0.5907991505716108,0.5373982514832758,0.8951581573396248
mlp-vpinn,5.366185533391821,0.5855292234055487,0.5371563381521298,0.8825937570440622
mlp-vpinn,5.565197613623527,0.5765692988326693,0.5369143158239761,0.8698478908950884
mlp-vpinn,5.764209693855232,0.5674645339008643,0.5366721843513518,0.8569124614662307
mlp-vpinn,5.963221774086938,0.5596467599187166,0.5365650397548923,0.8437297149379516
mlp-vpinn,6.162233854318644,0.5590502644734716,0.5376073862813578,0.8296291004234976
mlp-vpinn,6.361245934550349,0.5584530653149152,0.5386477157487788,0.8152846476352456
mlp-vpinn,6.560258014782056,0.5579847250266069,0.5396860398217479,0.8006832513984234
mlp-vpinn,6.759270095013761,0.5580959087203543,0.5407223700528629,0.7858105887999829
mlp-vpinn,6.958282175245467,0.5582065945100025,0.5416273757832515,0.7706509546288777
mlp-vpinn,7.157294255477172,0.5583196475749219,0.5414812261132992,0.7552922798686869
mlp-vpinn,7.3563063357088785,0.5585230679081439,0.5410004099378742,0.7407934040606444
mlp-vpinn,7.555318415940584,0.5587260481152856,0.5405170186734948,0.7260050323312336
mlp-vpinn,7.754330496172289,0.5589285894654312,0.5400331947190082,0.7109090985778659
mlp-vpinn,7.953342576403996,0.5592169599616941,0.5395489369104098,0.6997105439397812
mlp-vpinn,8.152354656635701,0.5595926770422275,0.5390642440784665,0.6914215204302637
mlp-vpinn,8.351366736867407,0.5599721532410755,0.538579115048684,0.6829413097999163
mlp-vpinn,8.550378817099112,0.5604221247082897,0.5378465259237701,0.6739233492746824
mlp-vpinn,8.74939089733082,0.5608717287477092,0.5371119041378439,0.664783068951057
mlp-vpinn,8.948402977562523,0.5613209662730962,0.5363762762137156,0.655515352093577
mlp-vpinn,9.14741505779423,0.5617698381943734,0.5356396380060049,0.6461147149668907
mlp-vpinn,9.346427138025936,0.562218345417647,0.5349019853407871,0.6365752688905898
mlp-vpinn,9.545439218257641,0.5626617790331717,0.5341633140153182,0.627384756529369
mlp-vpinn,9.744451298489347,0.5630148677928873,0.5334839601642445,0.6199840501592055
mlp-vpinn,9.943463378721052,0.562987052959065,0.532803815546369,0.6124939282786475
mlp-vpinn,10.142475458952758,0.5613599811426423,0.5321228015872024,0.6049110694181465
mlp-vpinn,10.341487539184463,0.5585660692006456,0.5314409149446975,0.5972319412347287
mlp-vpinn,10.54049961941617,0.5557381453287857,0.5307581522553385,0.5894527812788731
mlp-vpinn,10.739511699647876,0.5553850713416388,0.5300745101339481,0.5822460385987596
mlp-vpinn,10.938523779879581,0.5553888646265477,0.5294147604828305,0.5771672464517936
mlp-vpinn,11.137535860111287,0.5554458929543291,0.5287541920067602,0.5720433648680342
mlp-vpinn,11.336547940342992,0.5551380145449436,0.5280927972547542,0.5673292837076775
mlp-vpinn,11.535560020574698,0.5546113676807702,0.5274305731183774,0.5672759385250862
mlp-vpinn,11.734572100806403,0.5518617047454774,0.5267675164696558,0.5672225883255781
mlp-vpinn,11.93358418103811,0.549380208900817,0.526103828999196,0.5671605023861718
mlp-vpinn,12.132596261269816,0.5477129326818944,0.5255238485974782,0.5669925802651424
mlp-vpinn,12.331608341501521,0.546036861333771,0.5249432274082553,0.5668246083970889
mlp-vpinn,12.530620421733227,0.5443632916029195,0.5243619633029127,0.5666565867377722
mlp-vpinn,12.729632501964932,0.5439854283546809,0.5237800541410251,0.5664885152428878
mlp-vpinn,12.928644582196638,0.5436072702481782,0.5231974977702638,0.5663203938680654
mlp-vpinn,13.127656662428343,0.5432112815675139,0.522614917324235,0.5661491373221402
mlp-vpinn,13.32666874266005,0.542741635124397,0.5221697972598683,0.5659454199874467
mlp-vpinn,13.525680822891756,0.5422715817462269,0.5217242974320891,0.5658681657477912
mlp-vpinn,13.724692903123461,0.541801120372886,0.5212784168672265,0.5658703112788019
mlp-vpinn,13.923704983355167,0.5413302499396427,0.520832154587442,0.5658724568016777
mlp-vpinn,14.122717063586872,0.540858969377125,0.520385509610704,0.5658746023164187
mlp-vpinn,14.321729143818578,0.5403431356738625,0.5199387815970142,0.5658621215711146
mlp-vpinn,14.520741224050283,0.5397204777711212,0.5195343398411,0.565725098013448
mlp-vpinn,14.71975330428199,0.5390970807809885,0.5191295829941378,0.565588041259438
mlp-vpinn,14.918765384513696,0.5384729419976548,0.5187245103185382,0.5654509512849457
mlp-vpinn,15.117777464745402,0.5378480586983858,0.5183191210738294,0.5653138280658031
mlp-vpinn,15.316789544977107,0.5372224281433717,0.5179134145166419,0.5651766715778127
mlp-vpinn,15.515801625208812,0.5366483183977189,0.5175087682353778,0.5650286865329363
mlp-vpinn,15.714813705440518,0.5362340490917891,0.517228970641012,0.5647986532809843
mlp-vpinn,15.913825785672223,0.5361728539883373,0.5169490216067961,0.5645685263020708
mlp-vpinn,16.11283786590393,0.5361112612069459,0.516668920886564,0.5643383054815352
mlp-vpinn,16.311849946135638,0.5360492703488968,0.5163886682334823,0.5641079907044829
mlp-vpinn,16.51086202636734,0.5359868810107427,0.5161082634000469,0.5642476762297952
mlp-vpinn,16.709874106599045,0.5358182737456694,0.5158271874266661,0.5644641309893782
mlp-vpinn,16.908886186830753,0.5353094230423546,0.5155110648227484,0.5646076439685462
mlp-vpinn,17.10789826706246,0.534800076533686,0.5151947482465857,0.5647511204785975
mlp-vpinn,17.306910347294163,0.5342902327349293,0.5148782373406764,0.5648945605473203
mlp-vpinn,17.50592242752587,0.5337798901537762,0.5145615317464189,0.5650379642024675
mlp-vpinn,17.704934507757574,0.5332690472902897,0.5142446311041078,0.5651813314717566
mlp-vpinn,17.90394658798928,0.533068438370274,0.5139290371545174,0.5653589553188892
mlp-vpinn,18.102958668220985,0.532960334350248,0.5137153381665946,0.5655934648773197
mlp-vpinn,18.301970748452693,0.5328519935619238,0.5135015502456327,0.5658278772423622
mlp-vpinn,18.5009828286844,0.5327434155975228,0.5132876732805078,0.5660621925347634
mlp-vpinn,18.699994908916103,0.5326346000471427,0.5130737071598649,0.56629641087502
mlp-vpinn,18.89900698914781,0.5325255464987462,0.512859651772116,0.5665305323833795
mlp-vpinn,19.098019069379514,0.532385060677943,0.5126439012396001,0.566739310752587
mlp-vpinn,19.29703114961122,0.5321996852464903,0.51233898049301,0.5669103165210352
mlp-vpinn,19.496043229842925,0.5320141043089903,0.5120338781634247,0.5670812707219691
mlp-vpinn,19.695055310074633,0.5318283173528969,0.5117285939260546,0.567252173402012
mlp-vpinn,19.89406739030634,0.5316423238634203,0.5114231274551405,0.5674230246077164
mlp-vpinn,20.093079470538044,0.5314561233235118,0.5111174784239498,0.5675938243855655
mlp-vpinn,20.29209155076975,0.5312703124734778,0.5108095271104076,0.56781940907194
mlp-vpinn,20.491103631001454,0.5310960621024645,0.5103961178618851,0.5681181129984435
mlp-vpinn,20.69011571123316,0.5309216739042872,0.5099823734897201,0.5684166599555447
mlp-vpinn,20.889127791464865,0.5307471475825247,0.509568293177601,0.5687150501904468
mlp-vpinn,21.088139871696573,0.5305724828396834,0.5091538761058965,0.569013283949705
mlp-vpinn,21.28715195192828,0.5303976793771922,0.5087391214516371,0.5693113614792283
mlp-vpinn,21.486164032159984,0.5301834152349085,0.5083236995948155,0.5694619850030191
mlp-vpinn,21.68517611239169,0.5299429293305875,0.507891910036372,0.5694381211164955
mlp-vpinn,21.884188192623395,0.5297023341727101,0.5074597530750868,0.5694142562298475
mlp-vpinn,22.083200272855102,0.5294616296121388,0.5070272277715094,0.5693903903429495
mlp-vpinn,22.282212353086805,0.5292208154993968,0.5065943331821784,0.5693665234556755
mlp-vpinn,22.481224433318513,0.528979891684666,0.5059809077732105,0.5693426555678998
mlp-vpinn,22.68023651355022,0.5287093181036231,0.5048301534588484,0.5694038000583042
mlp-vpinn,22.879248593781924,0.5284033169611559,0.5037387074668906,0.5695555920140652
mlp-vpinn,23.07826067401363,0.5280971379681,0.5026448915084514,0.5697073435266103
mlp-vpinn,23.277272754245335,0.5277907808130493,0.5015486900777153,0.5698590546282495
mlp-vpinn,23.476284834477042,0.5274842451836856,0.5004500874990446,0.5700107253512492
mlp-vpinn,23.675296914708746,0.5271775307667744,0.4993490679243635,0.5701623557278332
mlp-vpinn,23.874308994940453,0.5267632188057151,0.49821924642158183,0.5702168956199478
mlp-vpinn,24.07332107517216,0.5264302764243991,0.4970353301321692,0.5701781019798038
mlp-vpinn,24.272333155403864,0.5260970296746976,0.49584858706494267,0.5701393057000478
mlp-vpinn,24.47134523563557,0.5257634776230383,0.49465899687462034,0.5701005067801409
mlp-vpinn,24.670357315867275,0.5254296193309499,0.4934665389706897,0.5700617052195442
mlp-vpinn,24.869369396098982,0.5250954538550259,0.4922711925132496,0.5700229010177184
mlp-vpinn,25.068381476330686,0.5247509259607372,0.4911347027018933,0.5699611207349274
mlp-vpinn,25.267393556562393,0.5243858866188613,0.490107424296413,0.5698795937066126
mlp-vpinn,25.4664056367941,0.5240205098673101,0.4890779881602231,0.5697980550133646
mlp-vpinn,25.665417717025804,0.5236547946523684,0.4880463806394208,0.5697165046501748
mlp-vpinn,25.86442979725751,0.523288739914621,0.4870125879354922,0.5696349426120311
mlp-vpinn,26.063441877489215,0.5229223445889073,0.4859765961031587,0.5695533688939178
mlp-vpinn,26.262453957720922,0.5225921769110964,0.48490170304248303,0.5695018802848323
mlp-vpinn,26.461466037952626,0.5223038930615607,0.4837637220389608,0.5694733401595087
mlp-vpinn,26.660478118184333,0.5220152629282846,0.48262305778783243,0.5694447986037764
mlp-vpinn,26.85949019841604,0.5217262853167048,0.4814796912186078,0.5694162556174205
mlp-vpinn,27.058502278647744,0.5214369590253606,0.4803336030338232,0.5693877112002257
mlp-vpinn,27.25751435887945,0.5211472828458386,0.47918477370524093,0.5693591653519768
mlp-vpinn,27.456526439111155,0.5208325026754702,0.4779500387848613,0.5692346133349109
mlp-vpinn,27.655538519342862,0.5204929416632291,0.47658444886199824,0.5690444765896085
mlp-vpinn,27.854550599574566,0.5201530420546818,0.4752149347608289,0.5688542762920372
mlp-vpinn,28.053562679806273,0.5198128027259774,0.47384146245593894,0.5686640123784285
mlp-vpinn,28.25257476003798,0.519472222546923,0.472463997427346,0.5684736847849067
mlp-vpinn,28.451586840269684,0.5191313003809339,0.4710825046503759,0.5682832934474895
mlp-vpinn,28.65059892050139,0.5188007802502819,0.4697223032909642,0.5680758874460007
mlp-vpinn,28.849611000733095,0.518507004506338,0.4683946921971723,0.5678580749489464
mlp-vpinn,29.048623080964802,0.5181506829173208,0.4670633074305868,0.5676401788738048
mlp-vpinn,29.247635161196506,0.5176861896291183,0.4657281166276243,0.5674221991242914
mlp-vpinn,29.446647241428213,0.5172212727960127,0.4643890869594474,0.5672041356039367
mlp-vpinn,29.64565932165992,0.5168246192539135,0.4630461851225473,0.5669859882160854
mlp-vpinn,29.844671401891624,0.5166633993740346,0.46162191855632906,0.5667664388396049
mlp-vpinn,30.04368348212333,0.5165017300737242,0.4600866310110462,0.5665460868864646
mlp-vpinn,30.242695562355035,0.516339989359854,0.4585462031012394,0.5663256491964703
mlp-vpinn,30.441707642586742,0.5161781771262425,0.45700058284649003,0.5661051256694657
mlp-vpinn,30.640719722818446,0.5160162932664372,0.45544971738436735,0.5658845162050996
mlp-vpinn,30.839731803050153,0.5158543376737139,0.4538935529493326,0.5656638207028248
mlp-vpinn,31.03874388328186,0.5157073333370815,0.452297657811735,0.565414645567178
mlp-vpinn,31.237755963513564,0.5155474139874962,0.45065178538096523,0.5651515429148173
mlp-vpinn,31.43676804374527,0.5153874407880596,0.448999879813037,0.564888317719653
mlp-vpinn,31.635780123976975,0.5152274136807331,0.4473418742720068,0.5646249698102985
mlp-vpinn,31.834792204208682,0.5150673326073689,0.44567770067871026,0.5643614990149678
mlp-vpinn,32.033804284440386,0.5149071975097097,0.4440072896781451,0.5640979051614733
mlp-vpinn,32.23281636467209,0.5147296527209365,0.4422714364868497,0.5637821290096214
mlp-vpinn,32.4318284449038,0.5145665110676447,0.4404579806363951,0.563443869035792
mlp-vpinn,32.630840525135504,0.5144032941516339,0.4386370274845029,0.5631054058676972
mlp-vpinn,32.82985260536721,0.5142400018564433,0.436808483267656,0.5627667391387174
mlp-vpinn,33.02886468559892,0.5140766340653042,0.43497225225149655,0.5624278684811294
mlp-vpinn,33.22787676583062,0.5139131906611396,0.4331282366723383,0.5620887935261011
mlp-vpinn,33.426888846062326,0.5137250487785598,0.4313212267598254,0.5617776839117327
mlp-vpinn,33.62590092629403,0.5135218782890805,0.42955608612154356,0.5614771293776724
mlp-vpinn,33.82491300652574,0.5133185937678394,0.42778366214071,0.5611764138728145
mlp-vpinn,34.023925086757444,0.5131151949993042,0.42600386390850414,0.5608755371382436
mlp-vpinn,34.22293716698915,0.5129116817672443,0.424216598609052,0.5605744989143495
mlp-vpinn,34.42194924722086,0.5127080538547265,0.42242177146294396,0.5602732989408249
mlp-vpinn,34.62096132745256,0.5125331742398693,0.42068109214567195,0.559963217971371
mlp-vpinn,34.819973407684266,0.5123519973100275,0.4189968671287333,0.5596500363389929
mlp-vpinn,35.01898548791597,0.5121707471615102,0.41730584472124455,0.5593366793511927
mlp-vpinn,35.21799756814768,0.5119894236971392,0.4156079419517022,0.5590231467130872
mlp-vpinn,35.417009648379384,0.5118080268195089,0.41390307414677113,0.5587094381289657
mlp-vpinn,35.61602172861109,0.5116265564309876,0.4121911548820105,0.5583955533022871
mlp-vpinn,35.8150338088428,0.511457182269037,0.4107384127180657,0.5580303807490518
mlp-vpinn,36.0140458890745,0.5112809793108815,0.4095349379566136,0.5576501462301413
mlp-vpinn,36.213057969306206,0.5111047130884654,0.4083279161802419,0.5572696522708412
mlp-vpinn,36.41207004953791,0.5109283835310925,0.40711731584037286,0.5568888983393641
mlp-vpinn,36.61108212976962,0.5107519905679299,0.4059031049179609,0.5565078839021033
mlp-vpinn,36.810094210001324,0.5105755341280088,0.4046852509136111,0.5561266084236242
mlp-vpinn,37.00910629023303,0.5103499881759486,0.40344741117080585,0.5558086228227622
mlp-vpinn,37.20811837046474,0.510142131285242,0.40219115621728735,0.5555062368300362
mlp-vpinn,37.40713045069644,0.5099341480357635,0.4009309650031682,0.5552036861459054
mlp-vpinn,37.606142530928146,0.50972603817059,0.3996668002941261,0.5549009705009839
mlp-vpinn,37.80515461115985,0.5095178014319076,0.3983986242650922,0.5545980896251506
mlp-vpinn,38.00416669139156,0.5093094375610079,0.397126398487045,0.5542950432475464
mlp-vpinn,38.203178771623264,0.5091714153160165,0.3960356276842554,0.5538942408083812
mlp-vpinn,38.40219085185497,0.5090299264938571,0.3950972895326174,0.5534725709084314
mlp-vpinn,38.60120293208668,0.5088883954496326,0.39415671755886594,0.5530505795090391
mlp-vpinn,38.80021501231838,0.5087468221432834,0.39321389573302,0.552628265873706
mlp-vpinn,38.999227092550086,0.5086052065346838,0.392268807832457,0.5522056292631169
mlp-vpinn,39.19823917278179,0.5084635485836422,0.3913214374386558,0.5517826689351256
mlp-vpinn,39.3972512530135,0.5081983109597457,0.39042909573929324,0.5513259591049932
mlp-vpinn,39.596263333245204,0.5078788771086172,0.38957932707624854,0.5508630254204367
mlp-vpinn,39.79527541347691,0.5075592172001413,0.3887277008016834,0.5503997023688085
mlp-vpinn,39.99428749370862,0.5072393307120067,0.3878742046797435,0.5499359889659787
mlp-vpinn,40.19329957394032,0.5069192171197843,0.3870188263396549,0.5494718842236654
mlp-vpinn,40.392311654172026,0.5065988758969151,0.3861615532736324,0.5490073871494093
mlp-vpinn,40.59132373440373,0.5063154536897362,0.38545835074532925,0.5485565307470073
mlp-vpinn,40.79033581463544,0.5060488229517881,0.38486676663933833,0.548107251691719
mlp-vpinn,40.989347894867144,0.5057820331106706,0.3842742718001409,0.5476576040638041
mlp-vpinn,41.18835997509885,0.5055150838555418,0.38368086200856855,0.5472075869546799
mlp-vpinn,41.38737205533056,0.5052479748744941,0.38308653301277484,0.5467571994520243
mlp-vpinn,41.58638413556226,0.5049807058545489,0.38249128052788006,0.5463064406397546
mlp-vpinn,41.785396215793966,0.5047190945225211,0.38186321294053016,0.5459992811631329
mlp-vpinn,41.98440829602567,0.5044435659344491,0.38121285742999117,0.5457073455639568
mlp-vpinn,42.18342037625738,0.5041678783893113,0.3805613905043611,0.5454152537051576
mlp-vpinn,42.382432456489084,0.5038920315986075,0.37990880644608244,0.5451230053355511
mlp-vpinn,42.58144453672079,0.5036160252729321,0.37925509948840636,0.544830600203279
mlp-vpinn,42.7804566169525,0.503339859121969,0.3786002638147986,0.5445380380558066
mlp-vpinn,42.9794686971842,0.5030903615358996,0.3780407902577708,0.5441612944805704
mlp-vpinn,43.178480777415906,0.5028847969712746,0.3775399441936253,0.5437780079057204
mlp-vpinn,43.37749285764761,0.5026791207553447,0.37703843282181665,0.5433944509774252
mlp-vpinn,43.57650493787932,0.5024733326828525,0.3765362534839605,0.5430106231227904
mlp-vpinn,43.775517018111024,0.5022674325478866,0.3760334035039217,0.5426265237668951
mlp-vpinn,43.97452909834273,0.5020614201438789,0.37552988018764777,0.5422421523327824
mlp-vpinn,44.17354117857444,0.5017548204391489,0.37500166371300764,0.5418391662786955
mlp-vpinn,44.37255325880614,0.5013887120143987,0.3744589166159197,0.5414350465094494
mlp-vpinn,44.571565339037846,0.5010223112256414,0.37391538170930194,0.5412915206641323
mlp-vpinn,44.77057741926955,0.5006556173213792,0.37337105555259315,0.5412573826076388
mlp-vpinn,44.96958949950126,0.500288629546736,0.37282593468011616,0.541223242397862
mlp-vpinn,45.168601579732965,0.4999209587140014,0.37228001560082014,0.5411891000343947
mlp-vpinn,45.36761365996467,0.49956506744496665,0.3717988490939164,0.5411044242481465
mlp-vpinn,45.56662574019638,0.4992709865914178,0.37135187772457107,0.5409290116302669
mlp-vpinn,45.76563782042808,0.4989766366625503,0.3709043677170285,0.5407535421110774
mlp-vpinn,45.964649900659786,0.4986820168393357,0.3704563171192693,0.5405780156351682
mlp-vpinn,46.16366198089149,0.4983871262985119,0.3700077239674552,0.5404024321470393
mlp-vpinn,46.3626740611232,0.49809478642001537,0.3695585862858289,0.540226791591101
mlp-vpinn,46.561686141354905,0.4978214273491439,0.36918272358264,0.5401000930285372
mlp-vpinn,46.76069822158661,0.49748311708687293,0.3688426450181868,0.5400579651106349
mlp-vpinn,46.95971030181832,0.49714456565606924,0.36850225260658637,0.5400158339062336
mlp-vpinn,47.15872238205002,0.49680577251872915,0.36816154547731433,0.5399736994145641
mlp-vpinn,47.35773446228173,0.4964667371347783,0.3678205227558147,0.5399315616348568
mlp-vpinn,47.55674654251343,0.4961220867625775,0.3674791835634734,0.5398894205663418
mlp-vpinn,47.75575862274514,0.4957354573333086,0.36709076072127544,0.5398482376620051
mlp-vpinn,47.954770702976845,0.4953851565923607,0.3666802648403267,0.5398086461751451
mlp-vpinn,48.15378278320855,0.49503453139530806,0.3662693088969093,0.5397690517842917
mlp-vpinn,48.35279486344026,0.4946835807232711,0.3658578913407048,0.5397294544888056
mlp-vpinn,48.55180694367196,0.4943323035518036,0.36544601061266824,0.5396898542880475
mlp-vpinn,48.75081902390367,0.49397805165945885,0.3650336651449587,0.539650251181378
mlp-vpinn,48.94983110413537,0.493584115322814,0.3646282478014693,0.5395732347779953
mlp-vpinn,49.14884318436708,0.49315353885153235,0.36422551267226394,0.5394364492184388
mlp-vpinn,49.347855264598785,0.4927225290553623,0.3638223317334675,0.5392996289652024
mlp-vpinn,49.54686734483049,0.49229108449372827,0.363418703501321,0.5391627739918741
mlp-vpinn,49.7458794250622,0.4918592037176277,0.36301462648381655,0.5390258842720081
mlp-vpinn,49.9448915052939,0.49143995258555717,0.3626100991806332,0.5388889597791255
mlp-vpinn,50.14390358552561,0.4911234033532382,0.3622629657841876,0.5387866158003811
mlp-vpinn,50.34291566575731,0.49085461405185193,0.3619378503871909,0.5387374040081409
mlp-vpinn,50.54192774598902,0.49058563222515134,0.3616124426883645,0.5386881877201635
mlp-vpinn,50.740939826220725,0.4903164574055201,0.36128674189788756,0.5386389669352166
mlp-vpinn,50.93995190645243,0.49004708912336564,0.36096074722237587,0.5385897416520675
mlp-vpinn,51.13896398668414,0.4897486835799425,0.36063445786485937,0.5385405118694824
mlp-vpinn,51.33797606691584,0.48927588171103614,0.36027542197843626,0.5384189211467229
mlp-vpinn,51.53698814714755,0.4887360035171035,0.35990464571542335,0.5381901898400877
mlp-vpinn,51.73600022737925,0.488195428094531,0.3595334870820081,0.5379613612811037
mlp-vpinn,51.93501230761096,0.48765415245041743,0.35916194489276354,0.5377324353456158
mlp-vpinn,52.134024387842665,0.4871121735692322,0.35879001795612514,0.537503411909204
mlp-vpinn,52.33303646807437,0.4866032338680075,0.3584177050743457,0.5372742908471836
mlp-vpinn,52.53204854830608,0.48624217240355366,0.35807599810671525,0.5370951793998595
mlp-vpinn,52.73106062853778,0.48590973684576433,0.35774387235215804,0.5369875605159345
mlp-vpinn,52.93007270876949,0.4855770535538445,0.357411437968784,0.5368799200595434
mlp-vpinn,53.12908478900119,0.48524412193467065,0.3570786940946081,0.5367722580177081
mlp-vpinn,53.3280968692329,0.4849109413926358,0.35674563986362534,0.5366645743774375
mlp-vpinn,53.527108949464605,0.4845546088104653,0.35641227440578455,0.5365568691257279
mlp-vpinn,53.72612102969631,0.4841274854006507,0.3560556947793913,0.5364461427868507
mlp-vpinn,53.92513310992802,0.483710335451244,0.35569211681633933,0.536331260725527
mlp-vpinn,54.12414519015972,0.48329272629543496,0.355328166834184,0.5362163540512132
mlp-vpinn,54.32315727039143,0.4828746562192917,0.35496384368861433,0.5361014227480831
mlp-vpinn,54.52216935062313,0.4825959585828317,0.35459914622944083,0.5359864668002934
mlp-vpinn,54.72118143085484,0.48231300354422546,0.3542340733005532,0.5358714861919832
mlp-vpinn,54.920193511086545,0.4820027607918805,0.3538980278328863,0.5357999598361584
mlp-vpinn,55.11920559131825,0.481688692353192,0.3535692507910431,0.5357856542318872
mlp-vpinn,55.31821767154996,0.4813743976146292,0.3532401677412589,0.5357713482456428
mlp-vpinn,55.51722975178166,0.4810598760479241,0.3529107778274927,0.5357570418773945
mlp-vpinn,55.71624183201337,0.48074512712264583,0.35258108018970485,0.5357427351271118
mlp-vpinn,55.91525391224507,0.480433071597212,0.35225107396383093,0.5357284279947641
mlp-vpinn,56.11426599247678,0.48009815364677566,0.35194998307875747,0.5356014650628909
mlp-vpinn,56.313278072708485,0.4797097329730974,0.3516553671068844,0.5353299121245256
mlp-vpinn,56.51229015294019,0.4793209975074735,0.3513605040994471,0.5350582213675343
mlp-vpinn,56.7113022331719,0.4789319464832199,0.35106539343398335,0.5347863925818669
mlp-vpinn,56.9103143134036,0.478542579130535,0.35077003448541255,0.5345144255569384
mlp-vpinn,57.10932639363531,0.4781504704670024,0.35047442662601996,0.5342423200816283
mlp-vpinn,57.30833847386701,0.4777828125566139,0.3501901444468086,0.534095072012962
mlp-vpinn,57.50735055409872,0.4774645760710827,0.34990800014266893,0.5341013472407665
mlp-vpinn,57.706362634330425,0.4771461084773617,0.3496256281510372,0.5341076223948434
mlp-vpinn,57.90537471456213,0.4768274092360506,0.3493430279197979,0.5341138974751952
mlp-vpinn,58.10438679479384,0.47650847780554695,0.3490601988946005,0.5341201724818246
mlp-vpinn,58.30339887502554,0.47618318499534357,0.3487771405188468,0.5341264474147343
mlp-vpinn,58.50241095525725,0.4758170401202371,0.34850075641216777,0.5340324465324918
mlp-vpinn,58.70142303548895,0.47541651002775154,0.34822541106526084,0.5338185231500564
mlp-vpinn,58.90043511572066,0.4750156334790508,0.34794984782765276,0.5336045140052096
mlp-vpinn,59.099447195952365,0.47461440955169004,0.347674066181249,0.5333904189947215
mlp-vpinn,59.29845927618407,0.474212837319035,0.34739806560589875,0.533176238015155
mlp-vpinn,59.49747135641578,0.47380709627099704,0.34712184557938314,0.532961970962865
mlp-vpinn,59.69648343664748,0.4733988762097101,0.34679707772997637,0.5328009471915552
mlp-vpinn,59.89549551687919,0.4730005978286671,0.34646421332932625,0.5327011793236777
mlp-vpinn,60.09450759711089,0.4726019641704174,0.34613102882256386,0.5326013927671007
mlp-vpinn,60.2935196773426,0.47220297423478996,0.3457975232843986,0.532501587511318
mlp-vpinn,60.492531757574305,0.47180362701672907,0.3454636957850735,0.5324017635458136
mlp-vpinn,60.69154383780601,0.4714006931455029,0.34512954539033525,0.5323019208600611
mlp-vpinn,60.89055591803772,0.4709897370860755,0.34492267482139666,0.5321461469882148
mlp-vpinn,61.08956799826942,0.4705777020362742,0.3447330601177696,0.5319288418013443
mlp-vpinn,61.28858007850113,0.4701652813562256,0.34454334106230605,0.5317114478040099
mlp-vpinn,61.48759215873283,0.46975247389961294,0.34435351748253035,0.5314939648872347
mlp-vpinn,61.68660423896454,0.469339278514188,0.3441635892054912,0.5312763929418188
mlp-vpinn,61.885616319196245,0.46893687243630505,0.3439735560577599,0.5310587318583384
mlp-vpinn,62.08462839942795,0.4685544014496089,0.34375230683082747,0.5308907447833433
mlp-vpinn,62.28364047965966,0.4681694469159354,0.34352734801686036,0.5307751353596102
mlp-vpinn,62.48265255989136,0.4677841648192194,0.3433022417920962,0.5306595007492207
mlp-vpinn,62.68166464012307,0.4673985542957084,0.3430769878663689,0.5305438409357062
mlp-vpinn,62.88067672035477,0.46701261447774456,0.3428515859485594,0.5304281559025799
mlp-vpinn,63.07968880058648,0.466590662350862,0.3426260357465909,0.5303124456333372
mlp-vpinn,63.278700880818185,0.4661011936473942,0.342377998121027,0.5302154464647906
mlp-vpinn,63.47771296104989,0.46560575058166676,0.3421276675058678,0.5301373696606494
mlp-vpinn,63.6767250412816,0.4651097210300982,0.34187715359270404,0.5300592813559316
mlp-vpinn,63.8757371215133,0.4646131027326905,0.34162645597829955,0.5299811815455541
mlp-vpinn,64.074749201745,0.4641158934141343,0.3413755742579377,0.5299030702244292
mlp-vpinn,64.2737612819767,0.4636395989941022,0.34112450802541355,0.529824947387466
mlp-vpinn,64.47277336220841,0.46317331166752457,0.3409243279500614,0.5297025053980038
mlp-vpinn,64.67178544244013,0.46267781124680046,0.34072785531682875,0.529536984837215
mlp-vpinn,64.87079752267184,0.4621817718660667,0.3405312693269306,0.5293714125224892
mlp-vpinn,65.06980960290355,0.4616851917378868,0.34033456978393384,0.5292057884052499
mlp-vpinn,65.26882168313524,0.46118806906479093,0.3401377564908373,0.5290401124368442
mlp-vpinn,65.46783376336695,0.4606822949746904,0.33994082925006947,0.5288743845685433
mlp-vpinn,65.66684584359865,0.4601737804181461,0.339701274280533,0.5287033394559045
mlp-vpinn,65.86585792383036,0.4596756454779448,0.339459151302769,0.5285273402381951
mlp-vpinn,66.06487000406206,0.45917694784664104,0.3392168555048149,0.5283512823933489
mlp-vpinn,66.26388208429377,0.45867768554195004,0.3389743865160799,0.5281751658627389
mlp-vpinn,66.46289416452548,0.458177856569557,0.3387317439646467,0.5279989905876404
mlp-vpinn,66.66190624475718,0.4576821825595629,0.33848892747726517,0.5278227565092307
mlp-vpinn,66.86091832498889,0.45717302866090515,0.3382766864553668,0.5276918078264344
mlp-vpinn,67.0599304052206,0.45664204501909683,0.33806546511909,0.5276018537717585
mlp-vpinn,67.2589424854523,0.4561104370553561,0.3378541117304196,0.527511884377652
mlp-vpinn,67.457954565684,0.4555782025406221,0.33764262604137385,0.5274218996362652
mlp-vpinn,67.65696664591572,0.45504533923241225,0.33743100780319407,0.5273318995397414
mlp-vpinn,67.85597872614741,0.45450727178540595,0.33721925676634096,0.5272418840802172
mlp-vpinn,68.05499080637912,0.4539519837883903,0.33706072218077926,0.5271371260819834
mlp-vpinn,68.25400288661083,0.4533837960270824,0.33690320708863697,0.527019572741196
mlp-vpinn,68.45301496684253,0.4528148914411797,0.3367456183177288,0.5269019931739231
mlp-vpinn,68.65202704707424,0.45234030624121246,0.3365879557645669,0.5267843873626029
mlp-vpinn,68.85103912730594,0.4518974645664199,0.3364302193254205,0.5266667552896546
mlp-vpinn,69.05005120753765,0.45145669451111425,0.3362724088963159,0.5265490969374774
mlp-vpinn,69.24906328776936,0.4510440225664905,0.33601010142970567,0.5264186310973626
mlp-vpinn,69.44807536800106,0.4506590218453166,0.33574743980822636,0.5262773456190997
mlp-vpinn,69.64708744823277,0.4502736878580922,0.3354845725406104,0.5261360222008654
mlp-vpinn,69.84609952846448,0.4498880197275754,0.33522149914307936,0.5259946608120788
mlp-vpinn,70.04511160869617,0.44950201657262595,0.33495821912995516,0.5258532614221176
mlp-vpinn,70.24412368892789,0.4491151886936481,0.3346958392430246,0.5257118240003189
mlp-vpinn,70.4431357691596,0.44870159900444684,0.33449969284606196,0.5255275522684544
mlp-vpinn,70.64214784939129,0.4482611804559615,0.33430343136382407,0.5253082239895686
mlp-vpinn,70.841159929623,0.4478203092473967,0.3341070545935004,0.5250888040978176
mlp-vpinn,71.04017200985471,0.4473789839257347,0.3339105623316841,0.5248692924783063
mlp-vpinn,71.23918409008641,0.44693720302992523,0.33371395437436946,0.5246496890158989
mlp-vpinn,71.43819617031812,0.44650950232884246,0.33351741887118186,0.5244299935952186
mlp-vpinn,71.63720825054982,0.446105770330885,0.3333258683186273,0.5242894687689128
mlp-vpinn,71.83622033078153,0.44571775408401954,0.33313420762545304,0.5242117140763429
mlp-vpinn,72.03523241101324,0.44532938278425915,0.3329424366014491,0.5241339478489504
mlp-vpinn,72.23424449124494,0.4449406554134984,0.33275055505585793,0.5240561700816001
mlp-vpinn,72.43325657147665,0.4445515709485943,0.33255856279737117,0.5239783807691533
mlp-vpinn,72.63226865170836,0.4441488014933715,0.3323675455729869,0.5239005799064671
mlp-vpinn,72.83128073194005,0.4437131685005945,0.332196261179709,0.5237912698779662
mlp-vpinn,73.03029281217177,0.44325236957418823,0.3320248884245628,0.5236576812404052
mlp-vpinn,73.22930489240348,0.4427910601210382,0.3318534271706551,0.5235240585147766
mlp-vpinn,73.42831697263517,0.4423292383511507,0.33168187728073895,0.5233904016749721
mlp-vpinn,73.62732905286688,0.44186690246364313,0.33151023861721235,0.5232567106948501
mlp-vpinn,73.8263411330986,0.4414170667118474,0.3313342016079962,0.5231229855482356
mlp-vpinn,74.02535321333029,0.4409717308001202,0.33109821541691087,0.5229487533221505
mlp-vpinn,74.224365293562,0.44052548648333056,0.3308620609095547,0.5227444625267272
mlp-vpinn,74.4233773737937,0.4400787455303683,0.33062573772526044,0.5225400918623587
mlp-vpinn,74.62238945402541,0.4396315061602029,0.33038924550207066,0.5223356412352959
mlp-vpinn,74.82140153425712,0.4391837665806437,0.33015258387673163,0.5221311105516057
mlp-vpinn,75.02041361448882,0.4387115894507936,0.3299194667334292,0.5219264997171713
mlp-vpinn,75.21942569472053,0.438238383472251,0.3297263410009486,0.5217986356584737
mlp-vpinn,75.41843777495224,0.43777201813072203,0.32953310208547704,0.5217257668260628
mlp-vpinn,75.61744985518393,0.437305135701792,0.3293397497877852,0.5216528878147246
mlp-vpinn,75.81646193541565,0.43683773440143264,0.32914628390805895,0.5215799986201927
mlp-vpinn,76.01547401564736,0.4363698124350381,0.32895270424589623,0.5215070992381972
mlp-vpinn,76.21448609587905,0.4359194078044252,0.32875844571820284,0.5214341896644651
mlp-vpinn,76.41349817611076,0.4354881125053991,0.3285589863074572,0.5213095820599372
mlp-vpinn,76.61251025634247,0.4350685360399362,0.32835940573663974,0.5211489167507102
mlp-vpinn,76.81152233657417,0.43464853431910866,0.32815970378468856,0.5209882018946025
mlp-vpinn,77.01053441680588,0.43422810599205797,0.32795988022986877,0.5208274374457469
mlp-vpinn,77.20954649703758,0.4338072497005192,0.3277599348497696,0.5206666233582058
mlp-vpinn,77.40855857726929,0.43339649293838367,0.32755878566144053,0.5205057595859705
mlp-vpinn,77.607570657501,0.43297075014244957,0.32734915746139504,0.520329774621079
mlp-vpinn,77.8065827377327,0.43252993775273774,0.32713939493337213,0.520143579180209
mlp-vpinn,78.00559481796441,0.4320886300079115,0.3269294978188118,0.5199573170632122
mlp-vpinn,78.20460689819612,0.4316468251104848,0.3267194658583234,0.5197709881984077
mlp-vpinn,78.40361897842782,0.4312045212515653,0.3265092987916819,0.519584592513986
mlp-vpinn,78.60263105865953,0.4307447723084602,0.32630263460511444,0.5193981299380085
mlp-vpinn,78.80164313889124,0.43029576715048623,0.3261197517819981,0.5192697102375389
mlp-vpinn,79.00065521912293,0.42985855559746355,0.3259367663435122,0.5191788786053169
mlp-vpinn,79.19966729935464,0.42942087803743156,0.3257536781167305,0.5190880310790945
mlp-vpinn,79.39867937958635,0.42898273291672956,0.3255704869282406,0.5189971676505255
mlp-vpinn,79.59769145981805,0.4285441186727661,0.32538719260414184,0.5189062883112561
mlp-vpinn,79.79670354004976,0.4281369483341479,0.32520056781903683,0.518815393052925
mlp-vpinn,79.99571562028146,0.4277291241099525,0.3249952961169131,0.5186494249682604
mlp-vpinn,80.19472770051317,0.42731559090450877,0.32478989468026254,0.5184363201682223
mlp-vpinn,80.39373978074488,0.4269016059470114,0.32458436326279194,0.5182231277347894
mlp-vpinn,80.59275186097658,0.42648716762586925,0.3243787016174276,0.5180098475597624
mlp-vpinn,80.79176394120829,0.4260722743194135,0.3241729094963121,0.517796479534719
mlp-vpinn,80.99077602144,0.4256390197737126,0.32396556458045755,0.5175830235510135
mlp-vpinn,81.1897881016717,0.42521361599091456,0.3237509238748028,0.517462252952164
mlp-vpinn,81.3888001819034,0.4247963321610058,0.32353614077200415,0.5173974192485751
mlp-vpinn,81.58781226213512,0.4243786099037934,0.3233212149882773,0.5173325774198279
mlp-vpinn,81.78682434236681,0.42396044775771424,0.32310614623889405,0.5172677274628668
mlp-vpinn,81.98583642259852,0.4235418442527392,0.32289093423817794,0.5172028693746342
mlp-vpinn,82.18484850283023,0.42312654327467125,0.3226761574032701,0.5171380031520709
mlp-vpinn,82.38386058306193,0.42269496681016905,0.32246380750741455,0.5170160278040631
mlp-vpinn,82.58287266329364,0.4222510392538757,0.32225131768205056,0.5168604585466137
mlp-vpinn,82.78188474352534,0.4218065957997925,0.32203868765019034,0.5167048424504455
mlp-vpinn,82.98089682375705,0.42136163450863195,0.321825917133931,0.5165491794732265
mlp-vpinn,83.17990890398876,0.4209161534283474,0.32161300585445046,0.5163934695725612
mlp-vpinn,83.37892098422046,0.4204732143296449,0.3214103967597365,0.5162377127059893
mlp-vpinn,83.57793306445217,0.42009301612623473,0.32124887877148023,0.5160619172080304
mlp-vpinn,83.77694514468388,0.4197565410039153,0.3210872795341092,0.5158747903914471
mlp-vpinn,83.97595722491558,0.419419791301031,0.3209255989248866,0.5156875956724295
mlp-vpinn,84.17496930514729,0.4190827663332817,0.32076383682076626,0.5155003329770047
mlp-vpinn,84.373981385379,0.41874546541347746,0.3206019930983916,0.5153130022310657
mlp-vpinn,84.5729934656107,0.4183963132239299,0.3204345155146795,0.5151256033603706
mlp-vpinn,84.7720055458424,0.4179965806906508,0.32024732114352455,0.5150072331213011
mlp-vpinn,84.97101762607412,0.41756276894095495,0.3200600172875083,0.5149266028488266
mlp-vpinn,85.17002970630581,0.4171284749347358,0.3198726037543017,0.5148459599488066
mlp-vpinn,85.36904178653752,0.41669369697012953,0.3196850803510118,0.5147653044153064
mlp-vpinn,85.56805386676922,0.4162584333348329,0.31949744688417975,0.5146846362423868
mlp-vpinn,85.76706594700093,0.4158669214887446,0.31931855110359947,0.5146039554241038
mlp-vpinn,85.96607802723264,0.4154989603459177,0.31916809612343106,0.5144665794813585
mlp-vpinn,86.16509010746434,0.415145025967644,0.3190175701857335,0.5142990901046468
mlp-vpinn,86.36410218769605,0.4147907503381663,0.3188669731900171,0.5141315461646817
mlp-vpinn,86.56311426792776,0.41443613238186316,0.3187163050355547,0.5139639476081029
mlp-vpinn,86.76212634815946,0.4140811710171679,0.31856556562138105,0.5137962943814633
mlp-vpinn,86.96113842839117,0.41367808672237216,0.31841681379953046,0.5136285864312284
mlp-vpinn,87.16015050862288,0.41326423921635846,0.31827403752725,0.5134887663175635
mlp-vpinn,87.35916258885457,0.41284393888818816,0.3181311971774378,0.5133631519162029
mlp-vpinn,87.55817466908628,0.4124231882444593,0.317988292663743,0.5132375067708356
mlp-vpinn,87.757186749318,0.41200198577094027,0.3178453238996206,0.5131118308588768
mlp-vpinn,87.95619882954969,0.41158086220358253,0.3177022907983309,0.5129861241577142
mlp-vpinn,88.1552109097814,0.41121247994754345,0.3175467022147183,0.5128603866447075
mlp-vpinn,88.3542229900131,0.41085799653508104,0.317357656850194,0.512725751935694
mlp-vpinn,88.55323507024481,0.41051187658127997,0.3171684988069402,0.512586666696818
mlp-vpinn,88.75224715047652,0.4101654239566101,0.316979227883233,0.5124475437083161
mlp-vpinn,88.95125923070822,0.4098186376120788,0.316789843876746,0.5123083829394347
mlp-vpinn,89.15027131093993,0.40946994149811716,0.3166003465845476,0.5121691843593777
mlp-vpinn,89.34928339117164,0.4090803544398646,0.31642011203753934,0.5120299479373078
mlp-vpinn,89.54829547140334,0.4087079406882406,0.3162628310334966,0.5118706817460895
mlp-vpinn,89.74730755163505,0.40834557855337555,0.31610547177294335,0.5117017469585535
mlp-vpinn,89.94631963186676,0.40798288563885554,0.31594803413895167,0.5115327563799454
mlp-vpinn,90.14533171209845,0.4076198610139949,0.3157905180143021,0.5113637099549534
mlp-vpinn,90.34434379233016,0.4072565381570431,0.3156329232814827,0.511194607628174
mlp-vpinn,90.54335587256188,0.4068933862050335,0.31546058786874587,0.5110254493441123
mlp-vpinn,90.74236795279357,0.406517149610954,0.31525480173728104,0.5109197768402808
mlp-vpinn,90.94138003302528,0.40613323745391855,0.3150488811888244,0.5108436787562181
mlp-vpinn,91.14039211325698,0.4057489455461649,0.31484282595963275,0.5107675693344772
mlp-vpinn,91.33940419348869,0.405364272713813,0.3146366357850993,0.510691448569989
mlp-vpinn,91.5384162737204,0.4049849536404623,0.31443031039974956,0.5106153164576809
mlp-vpinn,91.7374283539521,0.4046635932900876,0.3142446253019314,0.5105391729924761
mlp-vpinn,91.93644043418381,0.40435469333934954,0.31410219923309385,0.5104267053122531
mlp-vpinn,92.13545251441552,0.40405269624629137,0.3139597085534721,0.510298178835522
mlp-vpinn,92.33446459464722,0.40375043238105457,0.3138171531750552,0.5101696199792567
mlp-vpinn,92.53347667487893,0.40344790096066663,0.31367453300963244,0.5100410287189726
mlp-vpinn,92.73248875511064,0.40314106690539353,0.31353184796879235,0.5099124050301548
mlp-vpinn,92.93150083534233,0.4028029204249787,0.31337042270674614,0.509783748888257
mlp-vpinn,93.13051291557404,0.4024783697423558,0.31317268120606734,0.5096506444345261
mlp-vpinn,93.32952499580576,0.40216112293959727,0.31297481476979805,0.5095156337898639
mlp-vpinn,93.52853707603745,0.40184361230810944,0.31277682316083094,0.5093805873608117
mlp-vpinn,93.72754915626916,0.4015258371585789,0.3125787061413078,0.5092455051189008
mlp-vpinn,93.92656123650086,0.4012040023683605,0.31238046347261594,0.5091103870356244
mlp-vpinn,94.12557331673257,0.40085939671754356,0.31221599560051816,0.5089752330824381
mlp-vpinn,94.32458539696428,0.4005006509288769,0.31211181177523245,0.5087946170375295
mlp-vpinn,94.52359747719598,0.40013422379046665,0.3120075931614702,0.5085956686227259
mlp-vpinn,94.72260955742769,0.3997674489391009,0.31190333972435896,0.5083966423544011
mlp-vpinn,94.9216216376594,0.3994003253515202,0.311799051428968,0.5081975381410855
mlp-vpinn,95.1206337178911,0.3990385000310891,0.31169472824030825,0.5079983558911301
mlp-vpinn,95.3196457981228,0.39870309073411614,0.3115843468918332,0.5077990955127062
mlp-vpinn,95.51865787835452,0.39838905864134977,0.3114638465711466,0.5076397723708931
mlp-vpinn,95.71766995858621,0.3980859028629696,0.3113432996127896,0.5074958459794594
mlp-vpinn,95.91668203881792,0.3977825037182139,0.31122270596256923,0.5073518787587588
mlp-vpinn,96.11569411904964,0.39747886059330606,0.3111020655661874,0.5072078706740237
mlp-vpinn,96.31470619928133,0.39717542682419293,0.3109813783692408,0.507063821690438
mlp-vpinn,96.51371827951304,0.3968735305371791,0.3108624468243453,0.5069197317731351
mlp-vpinn,96.71273035974474,0.39656422462585905,0.31074627898945045,0.5067929837393226
mlp-vpinn,96.91174243997645,0.39625112417867464,0.31063006771070933,0.506672586116433
mlp-vpinn,97.11075452020816,0.39593775834043843,0.3105138129393447,0.5065521598773645
mlp-vpinn,97.30976660043986,0.3956241263958806,0.310397514626488,0.506431705001703
mlp-vpinn,97.50877868067157,0.3953073621497985,0.3102811727231791,0.50631122146901
mlp-vpinn,97.70779076090328,0.39498060970809445,0.31012733006116944,0.5061907092588225
mlp-vpinn,97.90680284113498,0.39466804339964645,0.30991873744218446,0.5060944184209086
mlp-vpinn,98.10581492136669,0.3943621101053484,0.3097100043341284,0.5060065574118521
mlp-vpinn,98.3048270015984,0.394055932669538,0.3095011304527561,0.5059186811443022
mlp-vpinn,98.5038390818301,0.39374951049174045,0.3092921155128629,0.5058307896103066
mlp-vpinn,98.7028511620618,0.39345459839107966,0.30908295922827944,0.5057428828019059
mlp-vpinn,98.90186324229352,0.3931942835972132,0.30891056041208903,0.5056549607111339
mlp-vpinn,99.10087532252521,0.39292991323818366,0.3087884032769662,0.505507730841059
mlp-vpinn,99.29988740275692,0.3926635591905552,0.3086661977971766,0.5053408605476134
mlp-vpinn,99.49889948298862,0.3923969965579889,0.3085439439152763,0.5051739351331661
mlp-vpinn,99.69791156322033,0.3921302248016924,0.3084216415737076,0.505006954543058
mlp-vpinn,99.89692364345204,0.3918583644783348,0.30829929071479867,0.5048399187225393
mlp-vpinn,100.09593572368374,0.3915737549483145,0.3081895698152091,0.5046728276167699
mlp-vpinn,100.29494780391545,0.39131082919675825,0.30809595711235244,0.5045424617305755
mlp-vpinn,100.49395988414716,0.39105752006212113,0.3080023159573145,0.5044237849827208
mlp-vpinn,100.69297196437886,0.3908040385961765,0.30790864632413656,0.5043050803069894
mlp-vpinn,100.89198404461057,0.39055038443162365,0.30781494818682065,0.5041863476836556
mlp-vpinn,101.09099612484228,0.3902952100161016,0.30772122151932896,0.50406758709297
mlp-vpinn,101.29000820507397,0.3900368150637282,0.3075991206598075,0.5039487985151605
mlp-vpinn,101.48902028530568,0.38975352461808027,0.30744337133018695,0.503826960982537
mlp-vpinn,101.6880323655374,0.38945937719432344,0.3072875430587052,0.5037041827474597
mlp-vpinn,101.88704444576909,0.3891649874911345,0.30713163572520497,0.503581374577807
mlp-vpinn,102.0860565260008,0.3888703548674841,0.30697564920922377,0.5034585364516735
mlp-vpinn,102.2850686062325,0.3885851880332374,0.3068195833899929,0.5033356683471265
mlp-vpinn,102.48408068646421,0.3883200195737211,0.30669801504379096,0.5032127702422068
mlp-vpinn,102.68309276669592,0.38807350367344273,0.3066172311225042,0.503065659531654
mlp-vpinn,102.88210484692762,0.38783459585638747,0.306536425911605,0.5029115881716395
mlp-vpinn,103.08111692715933,0.3875955186575376,0.30645559939425265,0.5027574695960503
mlp-vpinn,103.28012900739104,0.3873562716811717,0.3063747515535841,0.5026033037614517
mlp-vpinn,103.47914108762274,0.387113046339835,0.3062938823727143,0.5024490906243425
mlp-vpinn,103.67815316785445,0.3868626382125381,0.3061974773123755,0.5022948301411546
mlp-vpinn,103.87716524808616,0.386625870546005,0.30608387334010434,0.5021491090892182
mlp-vpinn,104.07617732831785,0.3863944024415907,0.30597022718771083,0.5020056989551421
mlp-vpinn,104.27518940854956,0.38616278517994,0.3058565388081767,0.5018622478407657
mlp-vpinn,104.47420148878126,0.3859310184549199,0.3057428081543964,0.5017187557109376
mlp-vpinn,104.67321356901297,0.38570005674752367,0.3056290351791766,0.5015752225304563
mlp-vpinn,104.87222564924468,0.38547051529118015,0.3054823456611353,0.50143164826407
mlp-vpinn,105.07123772947638,0.38523171912021625,0.30530154197604126,0.5012932233988893
mlp-vpinn,105.27024980970809,0.38498933078936604,0.30512063115310245,0.5011561133233745
mlp-vpinn,105.4692618899398,0.38474677343115093,0.3049396130016347,0.5010189657259825
mlp-vpinn,105.6682739701715,0.38450404666373006,0.3047584873303873,0.5008817805758915
mlp-vpinn,105.86728605040321,0.3842484436381672,0.30457725394754115,0.5007445578422374
mlp-vpinn,106.06629813063492,0.38397405935967355,0.30445294585411437,0.5006072974941137
mlp-vpinn,106.26531021086662,0.38371023100038004,0.3043839307996593,0.5004740067311756
mlp-vpinn,106.46432229109833,0.3834500745758971,0.3043149000933988,0.5003416750900895
mlp-vpinn,106.66333437133004,0.3831897384895152,0.30424585372467905,0.5002093084403334
mlp-vpinn,106.86234645156173,0.38292922236239135,0.3041767916828342,0.5000769067541077
mlp-vpinn,107.06135853179345,0.38269355833957663,0.3041077139571862,0.4999444700035759
mlp-vpinn,107.26037061202514,0.3824903568928521,0.3040023947602622,0.4998119981608648
mlp-vpinn,107.45938269225685,0.3822842984143524,0.3038642904678779,0.4996610979307252
mlp-vpinn,107.65839477248856,0.38207717631666294,0.30372612337946736,0.49950587691360476
mlp-vpinn,107.85740685272026,0.381869917825547,0.30358789340929265,0.49935060764669226
mlp-vpinn,108.05641893295197,0.38166252264012324,0.30344960047142033,0.4991952900849649
mlp-vpinn,108.25543101318368,0.3814671187115263,0.3033112444797212,0.49903992418333004
mlp-vpinn,108.45444309341538,0.3812856383402715,0.3032066163537081,0.49888450989662453
mlp-vpinn,108.65345517364709,0.38110066805928866,0.3031304545637872,0.4987545082100796
mlp-vpinn,108.8524672538788,0.38091446303166365,0.3030542736333407,0.49863010951701275
mlp-vpinn,109.0514793341105,0.38072812432051917,0.3029780735479306,0.4985056797811012
mlp-vpinn,109.2504914143422,0.38054165160348025,0.3029018542931006,0.49838121897909393
mlp-vpinn,109.44950349457392,0.3803350418599593,0.3028256158543763,0.49825672708771057
mlp-vpinn,109.64851557480561,0.38010747764536745,0.30270947819703226,0.4981322040836419
mlp-vpinn,109.84752765503733,0.37991225684411745,0.3025618309543406,0.49801970331771617
mlp-vpinn,110.04653973526902,0.37972718194134203,0.30241411162603904,0.49790969696496934
mlp-vpinn,110.24555181550073,0.3795420115324142,0.3022663201064416,0.4977996663024486
mlp-vpinn,110.44456389573244,0.37935674546202675,0.3021184562896038,0.49768961131403044
mlp-vpinn,110.64357597596414,0.3791751087054986,0.30197052006932185,0.49757953198357374
mlp-vpinn,110.84258805619585,0.3789968599774802,0.30187092616296746,0.4974694282949193
mlp-vpinn,111.04160013642756,0.3788053434572529,0.30180680168666923,0.4973023222821498
mlp-vpinn,111.24061221665926,0.37860974636235073,0.30174266358303603,0.49712388729331325
mlp-vpinn,111.43962429689097,0.37841403536693613,0.30167851184337613,0.49694538823497547
mlp-vpinn,111.63863637712268,0.37821821025426805,0.30161434645898855,0.49676682503807174
mlp-vpinn,111.83764845735438,0.3780257797642081,0.3015501674211632,0.49658819763341316
mlp-vpinn,112.03666053758609,0.3778361927514483,0.30146788472138814,0.49640950595168654
mlp-vpinn,112.2356726178178,0.37764815399155477,0.30137323479772754,0.49629765936491305
mlp-vpinn,112.4346846980495,0.3774604842670775,0.301278555138769,0.49619819239674906
mlp-vpinn,112.6336967782812,0.37727270647560296,0.3011838457164699,0.4960987054856233
mlp-vpinn,112.8327088585129,0.377084820411484,0.30108910650274345,0.49599919861953523
mlp-vpinn,113.03172093874461,0.3769099039244176,0.30099433746945875,0.4958996717864725
mlp-vpinn,113.23073301897632,0.3767447035552176,0.30089769134000327,0.4958001249744105
mlp-vpinn,113.42974509920802,0.37659464576662655,0.3007998372064321,0.49567060465524365
mlp-vpinn,113.62875717943973,0.3764487512636729,0.3007019512292666,0.49553584335005574
mlp-vpinn,113.82776925967144,0.37630278398402095,0.30060403337739894,0.4954010453864698
mlp-vpinn,114.02678133990314,0.37615674380491787,0.30050608361967074,0.49526621073455357
mlp-vpinn,114.22579342013485,0.37598834515847496,0.30040810192487266,0.49513133936433407
mlp-vpinn,114.42480550036656,0.3758048243986163,0.3003165332030854,0.49499643124579745
mlp-vpinn,114.62381758059826,0.37561821250239635,0.30022879029315075,0.49484270885076337
mlp-vpinn,114.82282966082997,0.3754307025783325,0.30014102173254736,0.4946858487454382
mlp-vpinn,115.02184174106168,0.3752430934241853,0.30005322749876606,0.4945289388855092
mlp-vpinn,115.22085382129337,0.37505538487437173,0.29996540756926465,0.4943719792236013
mlp-vpinn,115.41986590152509,0.37490196595590397,0.2998775619214679,0.49421496971226403
mlp-vpinn,115.61887798175678,0.37476914244373416,0.2997789956124119,0.4940579103039716
mlp-vpinn,115.81789006198849,0.3746562953570709,0.2996743919586401,0.4939135480283349
mlp-vpinn,116.0169021422202,0.3745485337548175,0.29956975177940587,0.4937710868777468
mlp-vpinn,116.2159142224519,0.37444072617944835,0.2994650750364206,0.4936285846128893
mlp-vpinn,116.41492630268361,0.37433287256511827,0.29936036169132885,0.49348604119814515
mlp-vpinn,116.61393838291532,0.37420357417583017,0.2992556117057079,0.4933434565978457
mlp-vpinn,116.81295046314702,0.3740628181977781,0.29916360157234595,0.4932008307762706
mlp-vpinn,117.01196254337873,0.37388515596966965,0.2990782179813726,0.4931028206706548
mlp-vpinn,117.21097462361044,0.3736983774799456,0.298992810007347,0.49301115614430924
mlp-vpinn,117.40998670384214,0.37351148413339413,0.2989073776293679,0.4929194745718016
mlp-vpinn,117.60899878407385,0.37332447569251304,0.29882192082650433,0.4928277759436185
mlp-vpinn,117.80801086430556,0.3731351387617486,0.2987364395777952,0.4927360602502377
mlp-vpinn,118.00702294453725,0.3729446367253818,0.2986527460101649,0.4926443274821282
mlp-vpinn,118.20603502476897,0.37279424016494495,0.29856989961296926,0.4924766040348502
mlp-vpinn,118.40504710500066,0.3726532096818407,0.29848703022139,0.4922988578966628
mlp-vpinn,118.60405918523237,0.3725121222261371,0.29840413781626995,0.4921210475594581
mlp-vpinn,118.80307126546408,0.3723709777248958,0.2983212223784253,0.4919431729536231
mlp-vpinn,119.00208334569578,0.37223730134721333,0.29823828388864554,0.49176523400941863
mlp-vpinn,119.20109542592749,0.37210671092765,0.2981661195940733,0.4915872306569793
mlp-vpinn,119.4001075061592,0.3719668616202909,0.2980986857198281,0.49143160264809765
mlp-vpinn,119.5991195863909,0.371824885043343,0.2980312365876947,0.4912785988699182
mlp-vpinn,119.79813166662261,0.37168284493999765,0.2979637721873115,0.49112554742540343
mlp-vpinn,119.99714374685432,0.37154074121590613,0.2978962925083051,0.4909724482699762
mlp-vpinn,120.19615582708602,0.3713838171071754,0.2978287975402904,0.4908193013589897
mlp-vpinn,120.39516790731773,0.371221472186541,0.29774822857284483,0.4906661066477274
mlp-vpinn,120.59417998754944,0.3710614436853409,0.2976623173095388,0.4905814807362002
mlp-vpinn,120.79319206778113,0.37090185082752686,0.29757638124337427,0.4905045205716386
mlp-vpinn,120.99220414801285,0.3707421856941733,0.29749042035285694,0.4904275483301313
mlp-vpinn,121.19121622824454,0.3705824481825689,0.29740443461646127,0.49035056400599103
mlp-vpinn,121.39022830847625,0.37045813577405623,0.29731842401263076,0.4902735675935261
mlp-vpinn,121.58924038870796,0.3703448054843762,0.29723320609574594,0.49019655908704013
mlp-vpinn,121.78825246893966,0.37025767160314993,0.29714826821741075,0.49004568724266256
mlp-vpinn,121.98726454917137,0.3701756983383394,0.2970633060531987,0.48988728836106615
mlp-vpinn,122.18627662940308,0.37009370005134457,0.29697831958226595,0.4897288382466193
mlp-vpinn,122.38528870963478,0.3700116767162902,0.29689330878373904,0.48957033684957707
mlp-vpinn,122.58430078986649,0.36990050329051416,0.29680827363671436,0.48941178412011427
mlp-vpinn,122.7833128700982,0.36978165862781176,0.29671375553016954,0.48925318000832485
mlp-vpinn,122.9823249503299,0.36962644962443614,0.2966159959070129,0.4890753750555401
mlp-vpinn,123.18133703056161,0.3694642288670838,0.2965182040533109,0.48889579070011663
mlp-vpinn,123.38034911079332,0.3693019275312389,0.29642037993716425,0.48871614035436484
mlp-vpinn,123.57936119102501,0.3691395454858267,0.29632252352662064,0.48853642394548463
mlp-vpinn,123.77837327125673,0.3690047294068234,0.2962246347896753,0.4883566414005417
mlp-vpinn,123.97738535148842,0.3688757283008024,0.2961368579796339,0.48817679264646774
mlp-vpinn,124.17639743172013,0.36876148987315394,0.2960521822645962,0.48811943373623745
mlp-vpinn,124.37540951195184,0.3686498367829395,0.2959674823240037,0.48807204194869563
mlp-vpinn,124.57442159218354,0.368538134921492,0.2958827581370521,0.4880246455589652
mlp-vpinn,124.77343367241525,0.3684263842168695,0.29579800968290687,0.48797724456570496
mlp-vpinn,124.97244575264696,0.3683033185468896,0.29571323694070384,0.48792983896757336
mlp-vpinn,125.17145783287866,0.36817824320148607,0.2956503159509435,0.48788242876322807
mlp-vpinn,125.37046991311037,0.3680713196355776,0.29559349699653514,0.48770403964007936
mlp-vpinn,125.56948199334208,0.36796737091896253,0.2955366671182927,0.4875161986824643
mlp-vpinn,125.76849407357378,0.3678633884928828,0.2954798263099132,0.4873282853214535
mlp-vpinn,125.96750615380549,0.36775937232132194,0.2954229745650876,0.4871402994732585
mlp-vpinn,126.1665182340372,0.3676510395635893,0.29536611187750084,0.48695224105392915
mlp-vpinn,126.3655303142689,0.3675510696209777,0.29527525258769194,0.48676410997935327
mlp-vpinn,126.5645423945006,0.3674674170855685,0.2951757258881347,0.48666145291069496
mlp-vpinn,126.7635544747323,0.36738374526024264,0.2950761656190638,0.48656416891803006
mlp-vpinn,126.96256655496401,0.3673000541314849,0.2949765717464882,0.48646686547044293
mlp-vpinn,127.16157863519572,0.3672163436857641,0.2948769442363595,0.48636954255625703
mlp-vpinn,127.36059071542742,0.3671391286086677,0.2947772830545716,0.4862722001637842
mlp-vpinn,127.55960279565913,0.3670631077820449,0.2947284112538653,0.48617483828132463
mlp-vpinn,127.75861487589084,0.36698707096326155,0.294691152674542,0.4860156162969206
mlp-vpinn,127.95762695612254,0.36691101814207017,0.2946538893839227,0.485852899218451
mlp-vpinn,128.15663903635425,0.3668349493082122,0.2946166213802195,0.4856901276261162
mlp-vpinn,128.35565111658596,0.3667588644514179,0.2945793486616438,0.4855273014650894
mlp-vpinn,128.55466319681767,0.3666636071546847,0.29454207122640563,0.4853644206804517
mlp-vpinn,128.75367527704935,0.3665648221516983,0.294425796534917,0.4852014852171923
mlp-vpinn,128.9526873572811,0.3664660096994873,0.2942933589813088,0.4851027279484702
mlp-vpinn,129.15169943751278,0.3663671697745078,0.29416086180146855,0.4850069875763136
mlp-vpinn,129.3507115177445,0.36626830235318125,0.29402830491478854,0.48491122830127725
mlp-vpinn,129.5497235979762,0.36616940741189463,0.29389568824047935,0.48481545011216004
mlp-vpinn,129.7487356782079,0.36609959368061934,0.29376301169756924,0.48471965299775016
mlp-vpinn,129.9477477584396,0.36603068354986346,0.2936675812661839,0.4846238369468244
mlp-vpinn,130.1467598386713,0.3659617544028061,0.29357888944546,0.484445968672457
mlp-vpinn,130.345771918903,0.36589280622176235,0.29349017082234374,0.48426509633452997
mlp-vpinn,130.54478399913472,0.3658238389890194,0.2934014253725217,0.48408415641579094
mlp-vpinn,130.74379607936643,0.3657548526868363,0.2933126530716435,0.483903148840431
mlp-vpinn,130.94280815959812,0.3656522583847513,0.2932238538953221,0.4837220735324994
mlp-vpinn,131.14182023982983,0.3655452716699561,0.29319743172029566,0.483540930415903
mlp-vpinn,131.34083232006154,0.36543824138521863,0.29318090390123486,0.4834179024561066
mlp-vpinn,131.53984440029325,0.36533116747037925,0.2931643751503801,0.4832963584399308
mlp-vpinn,131.73885648052496,0.3652240498651352,0.2931478454675737,0.48317478384900664
mlp-vpinn,131.93786856075667,0.3651167387781915,0.29313131485265803,0.48305317866024905
mlp-vpinn,132.13688064098835,0.3651084777509141,0.29311478330547547,0.4829315428505439
mlp-vpinn,132.33589272122006,0.3651151583855486,0.2930434734845008,0.4828098763967479
mlp-vpinn,132.53490480145177,0.3651218287434419,0.29296454894335144,0.4826712714372679
mlp-vpinn,132.73391688168348,0.36512848882651416,0.29288560313422946,0.4825323497445136
mlp-vpinn,132.9329289619152,0.3651351386366806,0.2928066360399323,0.48239338804450294
mlp-vpinn,133.1319410421469,0.36514132805205557,0.29272764764323406,0.48225438630265166
mlp-vpinn,133.3309531223786,0.36502475176473703,0.2926486379268856,0.48211534448432564
mlp-vpinn,133.5299652026103,0.3648957769433622,0.29260914045874314,0.4819762625548408
mlp-vpinn,133.728977282842,0.36476674606410764,0.2925744380688239,0.4818714745009472
mlp-vpinn,133.92798936307372,0.364637659044993,0.29253973156234975,0.4817669488340807
mlp-vpinn,134.12700144330543,0.3645085158038278,0.29250502093785535,0.481662400484076
mlp-vpinn,134.3260135235371,0.3643789679191396,0.29247030619387465,0.4815578294361594
mlp-vpinn,134.52502560376882,0.3642801023660609,0.2924355873289405,0.4814532356755408
mlp-vpinn,134.72403768400054,0.3641838900426819,0.29234413299333556,0.48134856969754747
mlp-vpinn,134.92304976423225,0.36408765121901865,0.29224695554217517,0.4812149572422437
mlp-vpinn,135.12206184446396,0.36399138587233526,0.29214974576698693,0.4810813076782699
mlp-vpinn,135.32107392469567,0.3638950939798621,0.2920525036354938,0.4809476209746898
mlp-vpinn,135.52008600492735,0.3638038333526929,0.29195522911536476,0.48081389710052436
mlp-vpinn,135.71909808515906,0.3637641312466039,0.29185792217421497,0.48068013602475124
mlp-vpinn,135.91811016539077,0.3637249857610708,0.29176784696031766,0.48054621746376947
mlp-vpinn,136.11712224562248,0.363685828834156,0.29167832052855874,0.4804012381903963
mlp-vpinn,136.3161343258542,0.36364666045733884,0.2915887666095214,0.4802562151508249
mlp-vpinn,136.51514640608588,0.363607480622088,0.2914991851778719,0.4801111483053949
mlp-vpinn,136.7141584863176,0.36356345215362257,0.2914095762082374,0.4799660376143862
mlp-vpinn,136.9131705665493,0.3634977121339552,0.29131993967520625,0.47982088303801856
mlp-vpinn,137.112182646781,0.3634321073285113,0.29125648339054344,0.4796757652929803
mlp-vpinn,137.31119472701272,0.3633664903175386,0.29119457479624655,0.4795343655888454
mlp-vpinn,137.51020680724443,0.3633008610940308,0.29113265303724994,0.4793929241780551
mlp-vpinn,137.7092188874761,0.3632352196509748,0.29107071810515167,0.47925144102368294
mlp-vpinn,137.90823096770782,0.36317268595335417,0.29100876999154096,0.4791099160887476
mlp-vpinn,138.10724304793953,0.3631363350458804,0.29094680868799805,0.4789683493362133
mlp-vpinn,138.30625512817124,0.363099979741342,0.29087412250949385,0.47882745407174426
mlp-vpinn,138.50526720840296,0.3630636200379571,0.290800959238221,0.4787091651532406
mlp-vpinn,138.70427928863467,0.36302725593394286,0.29072777755500245,0.47859084699834864
mlp-vpinn,138.90329136886635,0.36299088742751495,0.2906545774459306,0.47847249958537946
mlp-vpinn,139.10230344909806,0.36295217150234493,0.29058135889708053,0.4783541228926172
mlp-vpinn,139.30131552932977,0.36292092121319086,0.29050812189450986,0.47823571689831923
mlp-vpinn,139.50032760956148,0.3628896674006812,0.2904346448342233,0.4781168137552826
mlp-vpinn,139.6993396897932,0.36285841006348146,0.29036114324448337,0.4779868775376391
mlp-vpinn,139.89835177002487,0.3628271492002565,0.29028762304394823,0.47785690598845626
mlp-vpinn,140.09736385025658,0.3627958848096701,0.29021408421847367,0.4777268990788971
mlp-vpinn,140.2963759304883,0.36275591053462664,0.2901405267538978,0.4775968567800851
mlp-vpinn,140.49538801072,0.362571686119999,0.29006695063604065,0.47746677906310453
mlp-vpinn,140.69440009095172,0.36238731657555523,0.2900218034930091,0.47733582159099147
mlp-vpinn,140.89341217118343,0.36220280151917494,0.2899770797107464,0.47718831723004446
mlp-vpinn,141.0924242514151,0.36201814056702725,0.28993234902957543,0.47704076725971356
mlp-vpinn,141.29143633164682,0.36183333333355905,0.28988761144630265,0.4768931716376644
mlp-vpinn,141.49044841187853,0.3616681066754036,0.289842866957732,0.4767455303214972
mlp-vpinn,141.68946049211024,0.36169120862986026,0.2897981155606649,0.4765978432687461
mlp-vpinn,141.88847257234195,0.3617143032807177,0.28976953617150963,0.4764522459158399
mlp-vpinn,142.08748465257364,0.3617373906317306,0.2897411251137216,0.47634038437756804
mlp-vpinn,142.28649673280535,0.36176047068664957,0.2897127112697659,0.4762284965640869
mlp-vpinn,142.48550881303706,0.3617835434492216,0.28968429463882256,0.4761165824568725
mlp-vpinn,142.68452089326877,0.3617974622126552,0.28965587522007147,0.4760046420373788
mlp-vpinn,142.88353297350048,0.3617110291888848,0.28962702023125575,0.47589267528703827
mlp-vpinn,143.0825450537322,0.3616245504779174,0.2895241226335178,0.4757787268989868
mlp-vpinn,143.28155713396387,0.3615380260099299,0.2894211884527121,0.4756384749044016
mlp-vpinn,143.48056921419558,0.361451455714921,0.28931821764979176,0.47549818154136975
mlp-vpinn,143.6795812944273,0.3613648395227104,0.28921521018564067,0.47535784677326387
mlp-vpinn,143.878593374659,0.36126673126140063,0.28911216602107276,0.47521747056340236
mlp-vpinn,144.07760545489072,0.36118665425914653,0.2890107626803583,0.4750770528750494
mlp-vpinn,144.27661753512243,0.36110655434928096,0.28898931796486144,0.47493855822034614
mlp-vpinn,144.4756296153541,0.36102643150980274,0.28896787165792176,0.47482285443140493
mlp-vpinn,144.67464169558582,0.3609462857186738,0.28894642375918506,0.47470712244114593
mlp-vpinn,144.87365377581753,0.36086611695381976,0.2889249742682967,0.4745913622289381
mlp-vpinn,145.07266585604924,0.36080971938007056,0.2889035231849022,0.47447557377412497
mlp-vpinn,145.27167793628095,0.36079808291523285,0.2888791369136343,0.47435975705602507
mlp-vpinn,145.47069001651263,0.3607864449708403,0.2887776436247559,0.4742434323993763
mlp-vpinn,145.66970209674434,0.36077480554652563,0.2886761146526791,0.4741221768106143
mlp-vpinn,145.86871417697606,0.36076316464192143,0.28857454995974086,0.47400089020309766
mlp-vpinn,146.06772625720777,0.3607515222566601,0.2884729495082116,0.47387957255300917
mlp-vpinn,146.26673833743948,0.3607121164932775,0.2883713132602954,0.4737582238365011
mlp-vpinn,146.4657504176712,0.36060322516245424,0.2882716551306433,0.47363684402969536
mlp-vpinn,146.66476249790287,0.36049429954527057,0.28820431902196786,0.47351565337432455
mlp-vpinn,146.86377457813458,0.3603853396080916,0.2881369671771949,0.47339644598196184
mlp-vpinn,147.0627866583663,0.3602763453172262,0.288069599585287,0.4732772085640629
mlp-vpinn,147.261798738598,0.3601673166389259,0.2880022162351937,0.4731579410979282
mlp-vpinn,147.4608108188297,0.3600809101291278,0.2879348171158516,0.47303864356082953
mlp-vpinn,147.6598228990614,0.3600331845315239,0.28786911505207075,0.47291931593000996
mlp-vpinn,147.8588349792931,0.3599854435693194,0.28782962372097365,0.4728007345385093
mlp-vpinn,148.05784705952482,0.35993768722895575,0.28779012697077044,0.4726886277376491
mlp-vpinn,148.25685913975653,0.3598899154968543,0.2877506247992297,0.47257649434229126
mlp-vpinn,148.45587121998824,0.35984212835941626,0.2877111172041184,0.47246433433350027
mlp-vpinn,148.65488330021995,0.35979040995434636,0.28767160418320203,0.472352147692318
mlp-vpinn,148.85389538045163,0.35974583359469914,0.2876316520967058,0.47223993439976386
mlp-vpinn,149.05290746068334,0.359701251486839,0.2875848500436534,0.47213103008645624
mlp-vpinn,149.25191954091505,0.3596566636284607,0.2875380403727145,0.47204776928481695
mlp-vpinn,149.45093162114676,0.3596120700172573,0.28749122308016817,0.4719644937948672
mlp-vpinn,149.64994370137848,0.35956747065092043,0.2874443981622901,0.47188120360883073
mlp-vpinn,149.8489557816102,0.35952624074543293,0.2873975656153534,0.47179789871892425
mlp-vpinn,150.04796786184187,0.35948158244709544,0.28735030163896547,0.47171457911735754
mlp-vpinn,150.24697994207358,0.3594369138767441,0.28729613340723464,0.47162180379218
mlp-vpinn,150.4459920223053,0.35939223502692724,0.28724195496043176,0.47146164549394126
mlp-vpinn,150.645004102537,0.35934754589018425,0.28718776629277554,0.4713014327704935
mlp-vpinn,150.8440161827687,0.3593028464590453,0.28713356739847923,0.4711411655663144
mlp-vpinn,151.0430282630004,0.35924953856240316,0.28707935827175063,0.47098084382578725
mlp-vpinn,151.2420403432321,0.3591880353585625,0.28702410665130645,0.47082046749320045
mlp-vpinn,151.44105242346382,0.3591265201619958,0.28695270162809466,0.47066161127432543
mlp-vpinn,151.64006450369553,0.3590649929650209,0.2868812788321052,0.47051325887134127
mlp-vpinn,151.83907658392724,0.3590034537599471,0.2868098382500604,0.470364859678224
mlp-vpinn,152.03808866415895,0.35894190253907465,0.2867383798686663,0.47021641365067307
mlp-vpinn,152.23710074439063,0.35888354600359074,0.2866669036746121,0.470067920744318
mlp-vpinn,152.43611282462234,0.35883879351811043,0.2865976401220532,0.4699193809147182
mlp-vpinn,152.63512490485405,0.35879403506407503,0.2865550702687415,0.4697799532716923
mlp-vpinn,152.83413698508576,0.35874927063896345,0.28651249409042684,0.46969729127027987
mlp-vpinn,153.03314906531747,0.35870450024025274,0.286469911584289,0.4696146147186253
mlp-vpinn,153.23216114554916,0.3586597238654182,0.2864273227475058,0.46953192360904245
mlp-vpinn,153.43117322578087,0.3586171389023402,0.2863847275772529,0.46944921793383837
mlp-vpinn,153.63018530601258,0.35856100691440096,0.2863399273807654,0.4693664976853133
mlp-vpinn,153.8291973862443,0.35850485872676285,0.28627489285395963,0.4692742137194875
mlp-vpinn,154.028209466476,0.3584486943246462,0.2862098435495714,0.4691262576307532
mlp-vpinn,154.2272215467077,0.35839251369324904,0.28614477945752254,0.46897825486394185
mlp-vpinn,154.4262336269394,0.3583363168177467,0.2860797005677234,0.4688302053748467
mlp-vpinn,154.6252457071711,0.35828117676187515,0.2860146068700729,0.4686821091191913
mlp-vpinn,154.82425778740281,0.3582325927633408,0.28594868985219596,0.468533966052629
mlp-vpinn,155.02326986763453,0.35818399968444536,0.2858756332071373,0.46839463806607307
mlp-vpinn,155.22228194786624,0.35813539751942486,0.28580255788739206,0.4683038758385795
mlp-vpinn,155.42129402809792,0.358086786262509,0.2857294638786319,0.46821309601699945
mlp-vpinn,155.62030610832963,0.35803816590792104,0.28565635116651056,0.46812229859109694
mlp-vpinn,155.81931818856134,0.3579957942998844,0.285583219736663,0.4680314835506264
mlp-vpinn,156.01833026879305,0.35796369924644594,0.2855157740057963,0.4679406508853323
mlp-vpinn,156.21734234902476,0.3579316008625555,0.2854968533095436,0.4678449207995618
mlp-vpinn,156.41635442925647,0.3578994991470703,0.2854779313592789,0.4677242770248654
mlp-vpinn,156.61536650948815,0.35786739409884694,0.28545900815475284,0.46760360212354846
mlp-vpinn,156.81437858971987,0.3578352857167413,0.28544008369571605,0.46748289607150606
mlp-vpinn,157.01339066995158,0.357792181931621,0.28542115798191886,0.46736215884460236
mlp-vpinn,157.2124027501833,0.3577269749436841,0.2853972345074169,0.4672413904186701
mlp-vpinn,157.411414830415,0.35766174324748157,0.28533329813545905,0.46712499931097307
mlp-vpinn,157.6104269106467,0.35759648681497613,0.28526934743367716,0.4670297954372437
mlp-vpinn,157.8094389908784,0.3575312056180776,0.2852053823924318,0.46693457215227785
mlp-vpinn,158.0084510711101,0.35746589962864256,0.28514140300207286,0.4668393294441974
mlp-vpinn,158.2074631513418,0.3574146755243547,0.2850774092529392,0.46674406730111206
mlp-vpinn,158.40647523157352,0.3573998627852783,0.2850168829654379,0.4666487857111193
mlp-vpinn,158.60548731180523,0.3573850421554662,0.2849824832538224,0.46654872534405445
mlp-vpinn,158.80449939203692,0.3573702136323328,0.2849480793893796,0.46642579303467535
mlp-vpinn,159.00351147226863,0.35735537721328914,0.2849136713706052,0.4663028283164168
mlp-vpinn,159.20252355250034,0.3573405328957435,0.28487925919599383,0.4661798311636332
mlp-vpinn,159.40153563273205,0.3572929729234395,0.2848448428640394,0.4660568015506451
mlp-vpinn,159.60054771296376,0.35719701589565656,0.2848070723925276,0.4659337394517392
mlp-vpinn,159.79955979319547,0.35710101869027,0.2847484684873342,0.4658220182716023
mlp-vpinn,159.99857187342715,0.3570049812510581,0.28468985251842444,0.4657617743992879
mlp-vpinn,160.19758395365886,0.3569089035216656,0.28463122447834527,0.4657015227337327
mlp-vpinn,160.39659603389057,0.3568127854456029,0.28457258435963584,0.46564126327191147
mlp-vpinn,160.59560811412229,0.3567614310798027,0.28451393215482784,0.465580996010797
mlp-vpinn,160.794620194354,0.35674594689085415,0.284450804524836,0.46552072094736013
mlp-vpinn,160.99363227458568,0.3567304586672353,0.2843629911474595,0.46545117528569363
mlp-vpinn,161.1926443548174,0.3567149664074776,0.28427515064429,0.4653418170029528
mlp-vpinn,161.3916564350491,0.35669947011011166,0.28418728299017426,0.4652324330142792
mlp-vpinn,161.5906685152808,0.3566839697736668,0.28409938815992025,0.4651230233015367
mlp-vpinn,161.78968059551252,0.35664442891843556,0.2840114661282968,0.4650135878465682
mlp-vpinn,161.98869267574423,0.3565954568444468,0.28394146987357716,0.46490412663119496
mlp-vpinn,162.18770475597591,0.3565464776030036,0.283964654211187,0.4647904335898851
mlp-vpinn,162.38671683620763,0.35649749119078483,0.28398783665606253,0.46465969208266356
mlp-vpinn,162.58572891643934,0.3564484976044666,0.2840110172086673,0.4645289137782901
mlp-vpinn,162.78474099667105,0.35639949684072236,0.28403419586946455,0.4643980986456775
mlp-vpinn,162.98375307690276,0.35634834561744966,0.28405737263891745,0.4642672466536949
mlp-vpinn,163.18276515713447,0.35628924231483594,0.2840652432101523,0.4641363577711674
mlp-vpinn,163.38177723736615,0.3562301223676854,0.2840018729273434,0.4640181891210526
mlp-vpinn,163.58078931759786,0.3561709857606975,0.28393848850135633,0.4639491772177117
mlp-vpinn,163.77980139782957,0.3561118324785478,0.28387508992271726,0.46388015504740265
mlp-vpinn,163.97881347806128,0.3560526625058881,0.2838116771819418,0.46381112260554197
mlp-vpinn,164.177825558293,0.35597895672039437,0.28374825026953504,0.46374207988754246
mlp-vpinn,164.37683763852468,0.355907925445091,0.2836846223500813,0.4636730268888137
mlp-vpinn,164.5758497187564,0.355870800303442,0.28362020176870933,0.46359466784426034
mlp-vpinn,164.7748617989881,0.35582975893523205,0.28355576655172887,0.46348165614122655
mlp-vpinn,164.9738738792198,0.35578871267911233,0.28349131668916017,0.463368616875591
mlp-vpinn,165.17288595945152,0.3557476615332853,0.2834268521710123,0.46325555002717705
mlp-vpinn,165.37189803968323,0.3557204167927185,0.28336237298728284,0.4631424555757833
mlp-vpinn,165.5709101199149,0.3556958540822146,0.2833040145145986,0.4630293335011838
mlp-vpinn,165.76992220014662,0.35567012035513923,0.2832697457010971,0.4629189918153877
mlp-vpinn,165.96893428037833,0.35563675552083174,0.28323547274139327,0.46281863809086676
mlp-vpinn,166.16794636061005,0.35560338668041386,0.2832011956339819,0.46271826260176335
mlp-vpinn,166.36695844084176,0.35557001383225517,0.28316691437735664,0.4626178653339105
mlp-vpinn,166.56597052107344,0.35553364593376313,0.28313262897001035,0.46251744627312597
mlp-vpinn,166.76498260130515,0.35549681111992626,0.2830934291025576,0.4624170054052118
mlp-vpinn,166.96399468153686,0.3554616796504296,0.28303532469334636,0.46231556518152683
mlp-vpinn,167.16300676176857,0.3554368958490769,0.28297720835341356,0.46221078926535225
mlp-vpinn,167.36201884200028,0.35540468922501023,0.28291908007540684,0.4621059895927396
mlp-vpinn,167.561030922232,0.3553691527342164,0.28286093985196625,0.4620011661475222
mlp-vpinn,167.76004300246368,0.35533361248452217,0.2828027876757245,0.4618963189135151
mlp-vpinn,167.9590550826954,0.35530540774326813,0.2827523108627035,0.46179144787451504
mlp-vpinn,168.1580671629271,0.35527793635489113,0.2827314838166051,0.4616850557118426
mlp-vpinn,168.3570792431588,0.3552424288477365,0.2827106552361965,0.46157382063762953
mlp-vpinn,168.55609132339052,0.3552069174879471,0.2826898251211385,0.4614625587503173
mlp-vpinn,168.75510340362223,0.3551714022741834,0.28266899347109187,0.46135127003050663
mlp-vpinn,168.9541154838539,0.3551358832051052,0.28264816028571715,0.461239954458775
mlp-vpinn,169.15312756408562,0.3550731321695636,0.2826234257914971,0.4611286120156765
mlp-vpinn,169.35213964431733,0.3550063304551477,0.28258460380018025,0.461035357539298
mlp-vpinn,169.55115172454904,0.3549551137495479,0.2825457764746941,0.46099775379755564
mlp-vpinn,169.75016380478075,0.3549038847547705,0.28250694381283936,0.46096014698821325
mlp-vpinn,169.94917588501244,0.3548526434613719,0.28246810581241516,0.46092253711051995
mlp-vpinn,170.14818796524415,0.3548013898598963,0.282429262471219,0.4608849241637245
mlp-vpinn,170.34720004547586,0.35476715602022657,0.282389358276482,0.4608473081470755
mlp-vpinn,170.54621212570757,0.3547332740874686,0.2823458987418608,0.4607881340357538
mlp-vpinn,170.74522420593928,0.3546819122712117,0.2823024325167866,0.4606660666659909
mlp-vpinn,170.944236286171,0.35463054301610125,0.2822589595981687,0.4605439669422221
mlp-vpinn,171.14324836640267,0.35457916631890396,0.2822154799829138,0.46042183483870736
mlp-vpinn,171.34226044663438,0.35452778217638453,0.2821719936679262,0.4602996703296726
mlp-vpinn,171.5412725268661,0.354468346665781,0.2821336355621226,0.4601774733893095
mlp-vpinn,171.7402846070978,0.3544075005096221,0.2821103277576509,0.4600646059909205
mlp-vpinn,171.93929668732952,0.3543471781006236,0.28208701802734165,0.45997766347040026
mlp-vpinn,172.1383087675612,0.35428684513874376,0.28206370637071754,0.4598907045133622
mlp-vpinn,172.3373208477929,0.3542265016183035,0.2820403927873008,0.45980372911048084
mlp-vpinn,172.53633292802462,0.35416614753361886,0.2820170772766137,0.45971673725242185
mlp-vpinn,172.73534500825633,0.35411369472523513,0.2819944893924179,0.45962972892984205
mlp-vpinn,172.93435708848804,0.3540638264937191,0.28197398344641394,0.4595421504582507
mlp-vpinn,173.13336916871975,0.35402014498299905,0.2819534760090511,0.459453094826296
mlp-vpinn,173.33238124895144,0.3539764578531831,0.2819329670800039,0.45936402192937265
mlp-vpinn,173.53139332918315,0.35393276510202243,0.2819124566589469,0.45927493175743545
mlp-vpinn,173.73040540941486,0.35388906672726644,0.2818919447455543,0.4591858243004294
mlp-vpinn,173.92941748964657,0.35383147890309474,0.2818643658128902,0.45909669954828974
mlp-vpinn,174.12842956987828,0.35377169403397096,0.28181878956069245,0.45901246255016903
mlp-vpinn,174.32744165011,0.35371006944459077,0.28177320593662725,0.458940611477155
mlp-vpinn,174.52645373034167,0.3536484327695404,0.28172761493711623,0.4588687491534802
mlp-vpinn,174.72546581057338,0.3535867840011071,0.28168201655857816,0.458796875573858
mlp-vpinn,174.9244778908051,0.3535251231315696,0.281636410797429,0.4587249907329976
mlp-vpinn,175.1234899710368,0.35347574766564277,0.2815837100133531,0.4586530946256041
mlp-vpinn,175.32250205126851,0.3534282209549703,0.28151483124759114,0.45857820242664266
mlp-vpinn,175.5215141315002,0.3533833779657932,0.2814459356250065,0.4584960796703427
mlp-vpinn,175.7205262117319,0.35333852885954653,0.281377023133217,0.45841394220212767
mlp-vpinn,175.91953829196362,0.35329367363357905,0.2813080937598251,0.4583317900140881
mlp-vpinn,176.11855037219533,0.3532488122852377,0.28123914749241813,0.45824962309830714
mlp-vpinn,176.31756245242704,0.3532026377926313,0.28119339520461084,0.45816744144686117
mlp-vpinn,176.51657453265875,0.353159793346668,0.28119905678105495,0.45807583095290116
mlp-vpinn,176.71558661289043,0.35313084758458035,0.28120471824351284,0.4579625049124493
mlp-vpinn,176.91459869312214,0.3531018966210877,0.2812103795919914,0.4578491508217301
mlp-vpinn,177.11361077335386,0.3530729404535704,0.28121604082649765,0.4577357686599045
mlp-vpinn,177.31262285358557,0.35304397907940677,0.2812217019470383,0.45762235840610743
mlp-vpinn,177.51163493381728,0.3530345821420928,0.2812074950810733,0.45750892003944804
mlp-vpinn,177.71064701404896,0.3530208467693119,0.2811507309644689,0.4574048361613122
mlp-vpinn,177.90965909428067,0.3529865018796591,0.2810939553849184,0.4573213859579514
mlp-vpinn,178.10867117451238,0.352952152993549,0.2810371683354745,0.45723792052414697
mlp-vpinn,178.3076832547441,0.35291780010942675,0.28098036980918284,0.4571544398515569
mlp-vpinn,178.5066953349758,0.35288344322573645,0.2809235597990821,0.4570709439318314
mlp-vpinn,178.7057074152075,0.35281901148392536,0.2808762362174473,0.45698743275661313
mlp-vpinn,178.9047194954392,0.35275623607339496,0.2808485680122144,0.4569063921287063
mlp-vpinn,179.1037315756709,0.3527025479109379,0.2808208970809395,0.4568305679829449
mlp-vpinn,179.30274365590262,0.3526488495436718,0.28079322342281654,0.4567547312499007
mlp-vpinn,179.50175573613433,0.3525951409651088,0.2807655470370393,0.4566788819233028
mlp-vpinn,179.70076781636604,0.3525414221687539,0.28073786792280103,0.45660301999687525
mlp-vpinn,179.89977989659775,0.35250426480170116,0.28070703722237206,0.45652714546433687
mlp-vpinn,180.09879197682943,0.35246590732390626,0.2806699605678389,0.456446056050629
mlp-vpinn,180.29780405706114,0.3524231800313856,0.28063287901481226,0.45635451798588916
mlp-vpinn,180.49681613729285,0.35238044749137576,0.28059579256135025,0.45626296155626367
mlp-vpinn,180.69582821752456,0.352337709701919,0.28055870120550946,0.45617138675069463
mlp-vpinn,180.89484029775628,0.35229525807792406,0.2805216049453453,0.4560797935581131
mlp-vpinn,181.09385237798796,0.3522752085825044,0.2804939190052531,0.4559881819674392
mlp-vpinn,181.29286445821967,0.35225706174964805,0.28048300370163953,0.4559045553926096
mlp-vpinn,181.49187653845138,0.35224513675868974,0.28047208797322837,0.4558363120701842
mlp-vpinn,181.6908886186831,0.3522332111491559,0.28046117181997005,0.45576805852951086
mlp-vpinn,181.8899006989148,0.35222128492093896,0.280450255241815,0.4556997947659983
mlp-vpinn,182.0889127791465,0.35220818860754766,0.2804393382387136,0.4556315207750516
mlp-vpinn,182.2879248593782,0.35216164402582695,0.28041011478518235,0.45556323655207254
mlp-vpinn,182.4869369396099,0.35211150546085124,0.280351662451396,0.45548815495702183
mlp-vpinn,182.68594901984162,0.3520502728225757,0.2802931979279622,0.4554003593271378
mlp-vpinn,182.88496110007333,0.35198902926934506,0.28023472120725185,0.45531254676806404
mlp-vpinn,183.08397318030504,0.3519277747951878,0.2801762322816275,0.4552247172700037
mlp-vpinn,183.28298526053672,0.35186707387585714,0.28011773114344407,0.4551368708231504
mlp-vpinn,183.48199734076843,0.3518159445228599,0.28007961347655985,0.4550490074176884
mlp-vpinn,183.68100942100014,0.35177113907323354,0.28007348520129227,0.4549690302850815
mlp-vpinn,183.88002150123185,0.3517449608007589,0.2800673567919293,0.45490324933200404
mlp-vpinn,184.07903358146356,0.3517187787106977,0.2800612282484621,0.454837458865344
mlp-vpinn,184.27804566169527,0.3516925928013894,0.2800550995708818,0.4547716588809724
mlp-vpinn,184.47705774192696,0.3516651336955544,0.2800489707591796,0.4547058493747574
mlp-vpinn,184.67606982215867,0.35162230955722595,0.28004046710270797,0.4546400303425641
mlp-vpinn,184.87508190239038,0.3515761872360692,0.28002828636308896,0.45457788421124184
mlp-vpinn,185.0740939826221,0.35152085662096455,0.2800161050936061,0.45452216927683886
mlp-vpinn,185.2731060628538,0.35146551492186184,0.2800039232941902,0.4544664475121101
mlp-vpinn,185.4721181430855,0.35141016213131937,0.27999174096477214,0.45441071891454293
mlp-vpinn,185.6711302233172,0.35135712135830655,0.2799795581052827,0.45435498348162306
mlp-vpinn,185.8701423035489,0.3513252376196429,0.27994652078896587,0.4542992412108347
mlp-vpinn,186.0691543837806,0.3512971416719608,0.27988217856008574,0.45423838332775196
mlp-vpinn,186.26816646401232,0.35127927101008627,0.27981782153614254,0.4541688674885966
mlp-vpinn,186.46717854424404,0.3512613982219883,0.27975344970692556,0.45409934100760274
mlp-vpinn,186.66619062447572,0.3512435233069846,0.27968906306221225,0.4540298038798816
mlp-vpinn,186.86520270470743,0.3512227217706333,0.2796246615917683,0.45396025610054064
mlp-vpinn,187.06421478493914,0.351180743040456,0.2795814218139268,0.4538906976646835
mlp-vpinn,187.26322686517085,0.3511306701004035,0.2795688918283865,0.4538080520991188
mlp-vpinn,187.46223894540256,0.3510596991633791,0.27955636128124023,0.4537041658094574
mlp-vpinn,187.66125102563427,0.35098871330610304,0.27954383017241236,0.45360025572712664
mlp-vpinn,187.86026310586595,0.3509177125188334,0.2795312985018274,0.4534963218357717
mlp-vpinn,188.05927518609766,0.35085019529689276,0.27951876626940986,0.45339236411901884
mlp-vpinn,188.25828726632938,0.350803680436263,0.2794879483960153,0.4532883825604756
mlp-vpinn,188.4572993465611,0.35076324521284186,0.27943355670857756,0.4532001445981183
mlp-vpinn,188.6563114267928,0.35073773538976105,0.279379154431747,0.45313660247662385
mlp-vpinn,188.85532350702448,0.3507122232924961,0.2793247415593364,0.45307305144353965
mlp-vpinn,189.0543355872562,0.3506867089203707,0.27927031808515235,0.45300949149511516
mlp-vpinn,189.2533476674879,0.35066345453533976,0.2792158840029956,0.45294592262759725
mlp-vpinn,189.4523597477196,0.35065160770062676,0.27918735743372436,0.4528823448372301
mlp-vpinn,189.65137182795132,0.35063840879915104,0.2791899021560292,0.4528133395661607
mlp-vpinn,189.85038390818303,0.35062203219254007,0.2791924468551399,0.45273615599107375
mlp-vpinn,190.04939598841472,0.35060565472522687,0.27919499153105715,0.4526589592552969
mlp-vpinn,190.24840806864643,0.35058927639706383,0.2791975361837816,0.45258174935209583
mlp-vpinn,190.44742014887814,0.350567295592069,0.279200080813314,0.45250452627473015
mlp-vpinn,190.64643222910985,0.35052103998867523,0.27918268371982025,0.4524272900164541
mlp-vpinn,190.84544430934156,0.35047567389433093,0.2791424929173056,0.45235462712133473
mlp-vpinn,191.04445638957327,0.35043231712389744,0.27910229632730504,0.45228871525103315
mlp-vpinn,191.24346846980495,0.35038895303329376,0.27906209394731774,0.45222279377401847
mlp-vpinn,191.44248055003666,0.35034558161837703,0.27902188577484094,0.452156862686089
mlp-vpinn,191.64149263026837,0.35030936274557833,0.27898167180737016,0.45209092198303996
mlp-vpinn,191.84050471050008,0.350300341001504,0.27894137117129897,0.45202497166066324
mlp-vpinn,192.0395167907318,0.35028706394590475,0.2789009812473134,0.45195868483214385
mlp-vpinn,192.23852887096348,0.35026473723934903,0.2788605854732865,0.4518919012179484
mlp-vpinn,192.4375409511952,0.35024240787083705,0.2788201838466757,0.45182510773256385
mlp-vpinn,192.6365530314269,0.3502200758393717,0.2787797763649363,0.4517583043716118
mlp-vpinn,192.8355651116586,0.35019113550647474,0.27873936302552205,0.45169149113071055
mlp-vpinn,193.03457719189032,0.35013991368265274,0.27870621219489833,0.4516246680054752
mlp-vpinn,193.23358927212203,0.3500924975227272,0.2786799265155686,0.45155841716130607
mlp-vpinn,193.43260135235371,0.3500527662545662,0.2786536383566842,0.4514930230454585
mlp-vpinn,193.63161343258543,0.350013029441997,0.2786273477175433,0.45142761945657445
mlp-vpinn,193.83062551281714,0.3499732870824369,0.2786010545974438,0.4513622063905358
mlp-vpinn,194.02963759304885,0.3499334088844128,0.278574758995683,0.4512967838432216
mlp-vpinn,194.22864967328056,0.34989313555273427,0.2785572383142471,0.4512313518105079
mlp-vpinn,194.42766175351224,0.34985165974329296,0.2785478645455087,0.4511628887097015
mlp-vpinn,194.62667383374395,0.3498078768273399,0.278538490461311,0.45108974611291963
mlp-vpinn,194.82568591397566,0.3497640877024375,0.2785291160616223,0.4510165916544025
mlp-vpinn,195.02469799420737,0.3497202923657124,0.2785197413464106,0.4509434253283774
mlp-vpinn,195.22371007443908,0.34967864620781464,0.2785103663156441,0.45087024712906665
mlp-vpinn,195.4227221546708,0.34964276518035386,0.2784941304545437,0.4507970570506882
mlp-vpinn,195.62173423490248,0.3496111352891911,0.27847164915381767,0.45072730071676625
mlp-vpinn,195.8207463151342,0.3495873277456164,0.2784491660380067,0.450662831083926
mlp-vpinn,196.0197583953659,0.34956351734681745,0.27842668110667107,0.450598352227054
mlp-vpinn,196.2187704755976,0.3495397040917201,0.27840419435937097,0.45053386414218993
mlp-vpinn,196.41778255582932,0.3495166898561186,0.2783817057956663,0.45046936682537053
mlp-vpinn,196.61679463606103,0.3494955937688543,0.2783641220590413,0.4504048602726299
mlp-vpinn,196.8158067162927,0.34947207176207923,0.2783508718750948,0.45034265686140873
mlp-vpinn,197.01481879652442,0.34944424346206465,0.2783376210603769,0.4502840187606845
mlp-vpinn,197.21383087675613,0.34941641258604295,0.27832436961479773,0.4502253730228367
mlp-vpinn,197.41284295698784,0.34938857913322874,0.2783111175382671,0.45016671964488053
mlp-vpinn,197.61185503721956,0.3493663949942648,0.2782978648306948,0.4501080586238292
mlp-vpinn,197.81086711745124,0.34935632043091275,0.27827630457470487,0.450049389956694
mlp-vpinn,198.00987919768295,0.34934644332921594,0.2782476209669018,0.44998529736339493
mlp-vpinn,198.20889127791466,0.34933690259644523,0.27821893440189766,0.44991285918155005
mlp-vpinn,198.40790335814637,0.3493273615178123,0.27819024487877747,0.44984040933492364
mlp-vpinn,198.60691543837808,0.3493178200932746,0.27816155239662604,0.4497679478178786
mlp-vpinn,198.8059275186098,0.34930385002041164,0.2781328569545276,0.44969547462477355
mlp-vpinn,199.00493959884147,0.3492812564820538,0.27810187496715083,0.4496229897499623
mlp-vpinn,199.20395167907319,0.3492558414851543,0.27806899404260377,0.44954092011057256
mlp-vpinn,199.4029637593049,0.3492257907572367,0.2780361092295143,0.44944401178912197
mlp-vpinn,199.6019758395366,0.3491957374425638,0.2780032205265026,0.44934708256796396
mlp-vpinn,199.80098791976832,0.3491656815404674,0.2779703279321879,0.4492501324335707
mlp-vpinn,200.0,0.3491262148663916,0.27793743144518857,0.4491531613723998
